window,horizon,t,truth,median,low80,high80,q10,q50,q90,naive
1,1,2025-07-19,5.588833332061768,5.088566780090332,5.088566780090332,5.088566780090332,5.088566780090332,5.088566780090332,5.088566780090332,5.578000068664551
1,2,2025-07-20,5.599666595458984,5.088566780090332,5.052982330322266,5.088566780090332,5.052982330322266,5.088566780090332,5.088566780090332,5.578000068664551
1,3,2025-07-21,5.610499858856201,5.088566780090332,4.981813907623291,5.088566780090332,4.981813907623291,5.088566780090332,5.088566780090332,5.578000068664551
1,4,2025-07-22,5.697000026702881,5.088566780090332,5.088566780090332,5.088566780090332,5.088566780090332,5.088566780090332,5.088566780090332,5.578000068664551
1,5,2025-07-23,5.795000076293945,5.017398357391357,5.017398357391357,5.088566780090332,5.017398357391357,5.017398357391357,5.088566780090332,5.578000068664551
1,6,2025-07-24,5.7769999504089355,5.088566780090332,5.088566780090332,5.124151706695557,5.088566780090332,5.088566780090332,5.124151706695557,5.578000068664551
1,7,2025-07-25,5.763500213623047,5.088566780090332,4.946229457855225,5.088566780090332,4.946229457855225,5.088566780090332,5.088566780090332,5.578000068664551
2,1,2025-07-20,5.599666595458984,5.101858615875244,5.101858615875244,5.101858615875244,5.101858615875244,5.101858615875244,5.101858615875244,5.588833332061768
2,2,2025-07-21,5.610499858856201,5.101858615875244,5.066181182861328,5.101858615875244,5.066181182861328,5.101858615875244,5.101858615875244,5.588833332061768
2,3,2025-07-22,5.697000026702881,5.101858615875244,4.994826793670654,5.101858615875244,4.994826793670654,5.101858615875244,5.101858615875244,5.588833332061768
2,4,2025-07-23,5.795000076293945,5.101858615875244,5.101858615875244,5.101858615875244,5.101858615875244,5.101858615875244,5.101858615875244,5.588833332061768
2,5,2025-07-24,5.7769999504089355,5.030503749847412,5.030503749847412,5.034071445465088,5.030503749847412,5.030503749847412,5.034071445465088,5.588833332061768
2,6,2025-07-25,5.763500213623047,5.137536525726318,5.137536525726318,5.137536525726318,5.137536525726318,5.137536525726318,5.137536525726318,5.588833332061768
2,7,2025-07-26,5.707333564758301,5.101858615875244,4.959149360656738,5.101858615875244,4.959149360656738,5.101858615875244,5.101858615875244,5.588833332061768
3,1,2025-07-21,5.610499858856201,5.113308906555176,5.113308906555176,5.113308906555176,5.113308906555176,5.113308906555176,5.113308906555176,5.599666595458984
3,2,2025-07-22,5.697000026702881,5.113308906555176,5.077551364898682,5.113308906555176,5.077551364898682,5.113308906555176,5.113308906555176,5.599666595458984
3,3,2025-07-23,5.795000076293945,5.113308906555176,5.006036758422852,5.113308906555176,5.006036758422852,5.113308906555176,5.113308906555176,5.599666595458984
3,4,2025-07-24,5.7769999504089355,5.113308906555176,5.113308906555176,5.113308906555176,5.113308906555176,5.113308906555176,5.113308906555176,5.599666595458984
3,5,2025-07-25,5.763500213623047,5.041794300079346,5.041794300079346,5.113308906555176,5.041794300079346,5.041794300079346,5.113308906555176,5.599666595458984
3,6,2025-07-26,5.707333564758301,5.149066925048828,5.113308906555176,5.149066925048828,5.113308906555176,5.149066925048828,5.149066925048828,5.599666595458984
3,7,2025-07-27,5.6511664390563965,5.113308906555176,4.970279216766357,5.113308906555176,4.970279216766357,5.113308906555176,5.113308906555176,5.599666595458984
4,1,2025-07-22,5.697000026702881,5.124513149261475,5.124513149261475,5.124513149261475,5.124513149261475,5.124513149261475,5.124513149261475,5.610499858856201
4,2,2025-07-23,5.795000076293945,5.124513149261475,5.088677406311035,5.124513149261475,5.088677406311035,5.124513149261475,5.124513149261475,5.610499858856201
4,3,2025-07-24,5.7769999504089355,5.124513149261475,5.017005920410156,5.124513149261475,5.017005920410156,5.124513149261475,5.124513149261475,5.610499858856201
4,4,2025-07-25,5.763500213623047,5.124513149261475,5.124513149261475,5.124513149261475,5.124513149261475,5.124513149261475,5.124513149261475,5.610499858856201
4,5,2025-07-26,5.707333564758301,5.052841663360596,5.052841663360596,5.088677406311035,5.052841663360596,5.052841663360596,5.088677406311035,5.610499858856201
4,6,2025-07-27,5.6511664390563965,5.160349369049072,5.124513149261475,5.160349369049072,5.124513149261475,5.160349369049072,5.160349369049072,5.610499858856201
4,7,2025-07-28,5.59499979019165,5.124513149261475,4.981170177459717,5.124513149261475,4.981170177459717,5.124513149261475,5.124513149261475,5.610499858856201
5,1,2025-07-23,5.795000076293945,5.136263370513916,5.136263370513916,5.136263370513916,5.136263370513916,5.136263370513916,5.136263370513916,5.697000026702881
5,2,2025-07-24,5.7769999504089355,5.136263370513916,5.100345611572266,5.136263370513916,5.100345611572266,5.136263370513916,5.136263370513916,5.697000026702881
5,3,2025-07-25,5.763500213623047,5.136263370513916,5.064427375793457,5.136263370513916,5.064427375793457,5.136263370513916,5.136263370513916,5.697000026702881
5,4,2025-07-26,5.707333564758301,5.136263370513916,5.136263370513916,5.136263370513916,5.136263370513916,5.136263370513916,5.136263370513916,5.697000026702881
5,5,2025-07-27,5.6511664390563965,5.064427375793457,5.064427375793457,5.064427375793457,5.064427375793457,5.064427375793457,5.064427375793457,5.697000026702881
5,6,2025-07-28,5.59499979019165,5.172181606292725,5.136263370513916,5.172181606292725,5.136263370513916,5.172181606292725,5.172181606292725,5.697000026702881
5,7,2025-07-29,5.603499889373779,5.136263370513916,4.992591857910156,5.136263370513916,4.992591857910156,5.136263370513916,5.136263370513916,5.697000026702881
6,1,2025-07-24,5.7769999504089355,5.148681163787842,5.148681163787842,5.148681163787842,5.148681163787842,5.148681163787842,5.148681163787842,5.795000076293945
6,2,2025-07-25,5.763500213623047,5.148681163787842,5.11267614364624,5.148681163787842,5.11267614364624,5.148681163787842,5.148681163787842,5.795000076293945
6,3,2025-07-26,5.707333564758301,5.148681163787842,5.076671600341797,5.148681163787842,5.076671600341797,5.148681163787842,5.148681163787842,5.795000076293945
6,4,2025-07-27,5.6511664390563965,5.148681163787842,5.148681163787842,5.148681163787842,5.148681163787842,5.148681163787842,5.148681163787842,5.795000076293945
6,5,2025-07-28,5.59499979019165,5.076671600341797,5.076671600341797,5.076671600341797,5.076671600341797,5.076671600341797,5.076671600341797,5.795000076293945
6,6,2025-07-29,5.603499889373779,5.184686183929443,5.148681163787842,5.184686183929443,5.148681163787842,5.184686183929443,5.184686183929443,5.795000076293945
6,7,2025-07-30,5.570000171661377,5.148681163787842,5.004662036895752,5.148681163787842,5.004662036895752,5.148681163787842,5.148681163787842,5.795000076293945
7,1,2025-07-25,5.763500213623047,5.160905361175537,5.160905361175537,5.160905361175537,5.160905361175537,5.160905361175537,5.160905361175537,5.7769999504089355
7,2,2025-07-26,5.707333564758301,5.160905361175537,5.124814987182617,5.160905361175537,5.124814987182617,5.160905361175537,5.160905361175537,5.7769999504089355
7,3,2025-07-27,5.6511664390563965,5.160905361175537,5.0887250900268555,5.160905361175537,5.0887250900268555,5.160905361175537,5.160905361175537,5.7769999504089355
7,4,2025-07-28,5.59499979019165,5.160905361175537,5.160905361175537,5.160905361175537,5.160905361175537,5.160905361175537,5.160905361175537,5.7769999504089355
7,5,2025-07-29,5.603499889373779,5.0887250900268555,5.0887250900268555,5.092334270477295,5.0887250900268555,5.0887250900268555,5.092334270477295,5.7769999504089355
7,6,2025-07-30,5.570000171661377,5.196996212005615,5.160905361175537,5.196996212005615,5.160905361175537,5.196996212005615,5.196996212005615,5.7769999504089355
7,7,2025-07-31,4.33050012588501,5.160905361175537,5.016544342041016,5.160905361175537,5.016544342041016,5.160905361175537,5.160905361175537,5.7769999504089355
8,1,2025-07-26,5.707333564758301,5.172327995300293,5.172327995300293,5.172327995300293,5.172327995300293,5.172327995300293,5.172327995300293,5.763500213623047
8,2,2025-07-27,5.6511664390563965,5.172327995300293,5.136157512664795,5.172327995300293,5.136157512664795,5.172327995300293,5.172327995300293,5.763500213623047
8,3,2025-07-28,5.59499979019165,5.099987506866455,5.063817501068115,5.172327995300293,5.063817501068115,5.099987506866455,5.172327995300293,5.763500213623047
8,4,2025-07-29,5.603499889373779,5.172327995300293,5.172327995300293,5.172327995300293,5.172327995300293,5.172327995300293,5.172327995300293,5.763500213623047
8,5,2025-07-30,5.570000171661377,5.099987506866455,5.099987506866455,5.172327995300293,5.099987506866455,5.099987506866455,5.172327995300293,5.763500213623047
8,6,2025-07-31,4.33050012588501,5.172327995300293,5.172327995300293,5.208498477935791,5.172327995300293,5.172327995300293,5.208498477935791,5.763500213623047
8,7,2025-08-01,4.412499904632568,5.172327995300293,5.027647495269775,5.172327995300293,5.027647495269775,5.172327995300293,5.172327995300293,5.763500213623047
9,1,2025-07-27,5.6511664390563965,5.182558536529541,5.110074996948242,5.182558536529541,5.110074996948242,5.182558536529541,5.182558536529541,5.707333564758301
9,2,2025-07-28,5.59499979019165,5.146317005157471,5.146317005157471,5.182558536529541,5.146317005157471,5.146317005157471,5.182558536529541,5.707333564758301
9,3,2025-07-29,5.603499889373779,5.073833465576172,5.073833465576172,5.182558536529541,5.073833465576172,5.073833465576172,5.182558536529541,5.707333564758301
9,4,2025-07-30,5.570000171661377,5.182558536529541,5.182558536529541,5.182558536529541,5.182558536529541,5.182558536529541,5.182558536529541,5.707333564758301
9,5,2025-07-31,4.33050012588501,5.110074996948242,5.110074996948242,5.182558536529541,5.110074996948242,5.110074996948242,5.182558536529541,5.707333564758301
9,6,2025-08-01,4.412499904632568,5.182558536529541,5.182558536529541,5.2188005447387695,5.182558536529541,5.182558536529541,5.2188005447387695,5.707333564758301
9,7,2025-08-02,4.413333415985107,5.182558536529541,5.073833465576172,5.182558536529541,5.073833465576172,5.182558536529541,5.182558536529541,5.707333564758301
10,1,2025-07-28,5.59499979019165,5.192227363586426,5.192227363586426,5.192227363586426,5.192227363586426,5.192227363586426,5.192227363586426,5.6511664390563965
10,2,2025-07-29,5.603499889373779,5.192227363586426,5.155918121337891,5.192227363586426,5.155918121337891,5.192227363586426,5.192227363586426,5.6511664390563965
10,3,2025-07-30,5.570000171661377,5.1196088790893555,5.08329963684082,5.192227363586426,5.08329963684082,5.1196088790893555,5.192227363586426,5.6511664390563965
10,4,2025-07-31,4.33050012588501,5.192227363586426,5.192227363586426,5.192227363586426,5.192227363586426,5.192227363586426,5.192227363586426,5.6511664390563965
10,5,2025-08-01,4.412499904632568,5.1196088790893555,5.1196088790893555,5.192227363586426,5.1196088790893555,5.1196088790893555,5.192227363586426,5.6511664390563965
10,6,2025-08-02,4.413333415985107,5.228537082672119,5.192227363586426,5.228537082672119,5.192227363586426,5.228537082672119,5.228537082672119,5.6511664390563965
10,7,2025-08-03,4.414166450500488,5.192227363586426,5.08329963684082,5.192227363586426,5.08329963684082,5.192227363586426,5.192227363586426,5.6511664390563965
11,1,2025-07-29,5.603499889373779,5.2013349533081055,5.2013349533081055,5.2013349533081055,5.2013349533081055,5.2013349533081055,5.2013349533081055,5.59499979019165
11,2,2025-07-30,5.570000171661377,5.2013349533081055,5.164962291717529,5.2013349533081055,5.164962291717529,5.2013349533081055,5.2013349533081055,5.59499979019165
11,3,2025-07-31,4.33050012588501,5.2013349533081055,5.0922160148620605,5.2013349533081055,5.0922160148620605,5.2013349533081055,5.2013349533081055,5.59499979019165
11,4,2025-08-01,4.412499904632568,5.2013349533081055,5.2013349533081055,5.2013349533081055,5.2013349533081055,5.2013349533081055,5.2013349533081055,5.59499979019165
11,5,2025-08-02,4.413333415985107,5.128589153289795,5.128589153289795,5.2013349533081055,5.128589153289795,5.128589153289795,5.2013349533081055,5.59499979019165
11,6,2025-08-03,4.414166450500488,5.237708568572998,5.2013349533081055,5.237708568572998,5.2013349533081055,5.237708568572998,5.237708568572998,5.59499979019165
11,7,2025-08-04,4.414999961853027,5.2013349533081055,5.055843353271484,5.2013349533081055,5.055843353271484,5.2013349533081055,5.2013349533081055,5.59499979019165
12,1,2025-07-30,5.570000171661377,5.210559368133545,5.210559368133545,5.210559368133545,5.210559368133545,5.210559368133545,5.210559368133545,5.603499889373779
12,2,2025-07-31,4.33050012588501,5.210559368133545,5.174121856689453,5.210559368133545,5.174121856689453,5.210559368133545,5.210559368133545,5.603499889373779
12,3,2025-08-01,4.412499904632568,5.210559368133545,5.101247310638428,5.210559368133545,5.101247310638428,5.210559368133545,5.210559368133545,5.603499889373779
12,4,2025-08-02,4.413333415985107,5.210559368133545,5.210559368133545,5.210559368133545,5.210559368133545,5.210559368133545,5.210559368133545,5.603499889373779
12,5,2025-08-03,4.414166450500488,5.137684345245361,5.137684345245361,5.210559368133545,5.137684345245361,5.137684345245361,5.210559368133545,5.603499889373779
12,6,2025-08-04,4.414999961853027,5.210559368133545,5.210559368133545,5.246997356414795,5.210559368133545,5.210559368133545,5.246997356414795,5.603499889373779
12,7,2025-08-05,4.363999843597412,5.210559368133545,5.064809799194336,5.210559368133545,5.064809799194336,5.210559368133545,5.210559368133545,5.603499889373779
13,1,2025-07-31,4.33050012588501,5.219460964202881,5.219460964202881,5.219460964202881,5.219460964202881,5.219460964202881,5.219460964202881,5.570000171661377
13,2,2025-08-01,4.412499904632568,5.219460964202881,5.1829609870910645,5.219460964202881,5.1829609870910645,5.219460964202881,5.219460964202881,5.570000171661377
13,3,2025-08-02,4.413333415985107,5.146461486816406,5.10996150970459,5.219460964202881,5.10996150970459,5.146461486816406,5.219460964202881,5.570000171661377
13,4,2025-08-03,4.414166450500488,5.219460964202881,5.219460964202881,5.219460964202881,5.219460964202881,5.219460964202881,5.219460964202881,5.570000171661377
13,5,2025-08-04,4.414999961853027,5.146461486816406,5.146461486816406,5.219460964202881,5.146461486816406,5.146461486816406,5.219460964202881,5.570000171661377
13,6,2025-08-05,4.363999843597412,5.219460964202881,5.219460964202881,5.255960941314697,5.219460964202881,5.219460964202881,5.255960941314697,5.570000171661377
13,7,2025-08-06,4.390999794006348,5.219460964202881,5.10996150970459,5.219460964202881,5.10996150970459,5.219460964202881,5.219460964202881,5.570000171661377
14,1,2025-08-01,4.412499904632568,5.213798999786377,5.213798999786377,5.213798999786377,5.213798999786377,5.213798999786377,5.213798999786377,4.33050012588501
14,2,2025-08-02,4.413333415985107,5.213798999786377,5.177338600158691,5.213798999786377,5.177338600158691,5.213798999786377,5.213798999786377,4.33050012588501
14,3,2025-08-03,4.414166450500488,5.104418754577637,5.104418754577637,5.140878677368164,5.104418754577637,5.104418754577637,5.140878677368164,4.33050012588501
14,4,2025-08-04,4.414999961853027,5.213798999786377,5.213798999786377,5.213798999786377,5.213798999786377,5.213798999786377,5.213798999786377,4.33050012588501
14,5,2025-08-05,4.363999843597412,5.213798999786377,5.140878677368164,5.213798999786377,5.140878677368164,5.213798999786377,5.213798999786377,4.33050012588501
14,6,2025-08-06,4.390999794006348,5.2502593994140625,5.213798999786377,5.2502593994140625,5.213798999786377,5.2502593994140625,5.2502593994140625,4.33050012588501
14,7,2025-08-07,4.378499984741211,5.213798999786377,5.213798999786377,5.213798999786377,5.213798999786377,5.213798999786377,5.213798999786377,4.33050012588501
15,1,2025-08-02,4.413333415985107,5.209364414215088,5.100077152252197,5.209364414215088,5.100077152252197,5.209364414215088,5.209364414215088,4.412499904632568
15,2,2025-08-03,4.414166450500488,5.209364414215088,5.172935485839844,5.209364414215088,5.172935485839844,5.209364414215088,5.209364414215088,4.412499904632568
15,3,2025-08-04,4.414999961853027,5.100077152252197,5.100077152252197,5.1365065574646,5.100077152252197,5.100077152252197,5.1365065574646,4.412499904632568
15,4,2025-08-05,4.363999843597412,5.209364414215088,5.209364414215088,5.209364414215088,5.209364414215088,5.209364414215088,5.209364414215088,4.412499904632568
15,5,2025-08-06,4.390999794006348,5.209364414215088,5.1365065574646,5.209364414215088,5.1365065574646,5.209364414215088,5.209364414215088,4.412499904632568
15,6,2025-08-07,4.378499984741211,5.245794296264648,5.1365065574646,5.245794296264648,5.1365065574646,5.245794296264648,5.245794296264648,4.412499904632568
15,7,2025-08-08,4.45550012588501,5.209364414215088,5.209364414215088,5.209364414215088,5.209364414215088,5.209364414215088,5.209364414215088,4.412499904632568
16,1,2025-08-03,4.414166450500488,5.204786777496338,5.095595836639404,5.204786777496338,5.095595836639404,5.204786777496338,5.204786777496338,4.413333415985107
16,2,2025-08-04,4.414999961853027,5.204786777496338,5.168389797210693,5.204786777496338,5.168389797210693,5.204786777496338,5.204786777496338,4.413333415985107
16,3,2025-08-05,4.363999843597412,5.095595836639404,5.095595836639404,5.131992816925049,5.095595836639404,5.095595836639404,5.131992816925049,4.413333415985107
16,4,2025-08-06,4.390999794006348,5.204786777496338,5.204786777496338,5.204786777496338,5.204786777496338,5.204786777496338,5.204786777496338,4.413333415985107
16,5,2025-08-07,4.378499984741211,5.204786777496338,5.131992816925049,5.204786777496338,5.131992816925049,5.204786777496338,5.204786777496338,4.413333415985107
16,6,2025-08-08,4.45550012588501,5.241184711456299,5.131992816925049,5.241184711456299,5.131992816925049,5.241184711456299,5.241184711456299,4.413333415985107
16,7,2025-08-09,4.444833278656006,5.204786777496338,5.204786777496338,5.204786777496338,5.204786777496338,5.204786777496338,5.204786777496338,4.413333415985107
17,1,2025-08-04,4.414999961853027,5.200369834899902,5.09127140045166,5.200369834899902,5.09127140045166,5.200369834899902,5.200369834899902,4.414166450500488
17,2,2025-08-05,4.363999843597412,5.200369834899902,5.164003372192383,5.200369834899902,5.164003372192383,5.200369834899902,5.200369834899902,4.414166450500488
17,3,2025-08-06,4.390999794006348,5.09127140045166,5.09127140045166,5.1276373863220215,5.09127140045166,5.09127140045166,5.1276373863220215,4.414166450500488
17,4,2025-08-07,4.378499984741211,5.200369834899902,5.054904937744141,5.200369834899902,5.054904937744141,5.200369834899902,5.200369834899902,4.414166450500488
17,5,2025-08-08,4.45550012588501,5.200369834899902,5.1276373863220215,5.200369834899902,5.1276373863220215,5.200369834899902,5.200369834899902,4.414166450500488
17,6,2025-08-09,4.444833278656006,5.236736297607422,5.1276373863220215,5.236736297607422,5.1276373863220215,5.236736297607422,5.236736297607422,4.414166450500488
17,7,2025-08-10,4.43416690826416,5.200369834899902,5.200369834899902,5.200369834899902,5.200369834899902,5.200369834899902,5.200369834899902,4.414166450500488
18,1,2025-08-05,4.363999843597412,5.195952415466309,5.086946487426758,5.195952415466309,5.086946487426758,5.195952415466309,5.195952415466309,4.414999961853027
18,2,2025-08-06,4.390999794006348,5.195952415466309,5.1596174240112305,5.195952415466309,5.1596174240112305,5.195952415466309,5.195952415466309,4.414999961853027
18,3,2025-08-07,4.378499984741211,5.086946487426758,5.086946487426758,5.123281955718994,5.086946487426758,5.086946487426758,5.123281955718994,4.414999961853027
18,4,2025-08-08,4.45550012588501,5.195952415466309,5.05061149597168,5.195952415466309,5.05061149597168,5.195952415466309,5.195952415466309,4.414999961853027
18,5,2025-08-09,4.444833278656006,5.195952415466309,5.123281955718994,5.195952415466309,5.123281955718994,5.195952415466309,5.195952415466309,4.414999961853027
18,6,2025-08-10,4.43416690826416,5.232288360595703,5.123281955718994,5.232288360595703,5.123281955718994,5.232288360595703,5.232288360595703,4.414999961853027
18,7,2025-08-11,4.423500061035156,5.195952415466309,5.195952415466309,5.195952415466309,5.195952415466309,5.195952415466309,5.195952415466309,4.414999961853027
19,1,2025-08-06,4.390999794006348,5.1183905601501465,5.082089900970459,5.1909918785095215,5.082089900970459,5.1183905601501465,5.1909918785095215,4.363999843597412
19,2,2025-08-07,4.378499984741211,5.154691219329834,5.082089900970459,5.1909918785095215,5.082089900970459,5.154691219329834,5.1909918785095215,4.363999843597412
19,3,2025-08-08,4.45550012588501,5.082089900970459,5.082089900970459,5.082089900970459,5.082089900970459,5.082089900970459,5.082089900970459,4.363999843597412
19,4,2025-08-09,4.444833278656006,5.1909918785095215,5.04578971862793,5.1909918785095215,5.04578971862793,5.1909918785095215,5.1909918785095215,4.363999843597412
19,5,2025-08-10,4.43416690826416,5.1909918785095215,5.1183905601501465,5.1909918785095215,5.1183905601501465,5.1909918785095215,5.1909918785095215,4.363999843597412
19,6,2025-08-11,4.423500061035156,5.1183905601501465,5.04578971862793,5.227293014526367,5.04578971862793,5.1183905601501465,5.227293014526367,4.363999843597412
19,7,2025-08-12,4.508500099182129,5.1909918785095215,5.1909918785095215,5.1909918785095215,5.1909918785095215,5.1909918785095215,5.1909918785095215,4.363999843597412
20,1,2025-08-07,4.378499984741211,5.186305046081543,5.0775017738342285,5.186305046081543,5.0775017738342285,5.186305046081543,5.186305046081543,4.390999794006348
20,2,2025-08-08,4.45550012588501,5.186305046081543,5.1500372886657715,5.186305046081543,5.1500372886657715,5.186305046081543,5.186305046081543,4.390999794006348
20,3,2025-08-09,4.444833278656006,5.0775017738342285,5.0775017738342285,5.11376953125,5.0775017738342285,5.0775017738342285,5.11376953125,4.390999794006348
20,4,2025-08-10,4.43416690826416,5.186305046081543,5.041234016418457,5.186305046081543,5.041234016418457,5.186305046081543,5.186305046081543,4.390999794006348
20,5,2025-08-11,4.423500061035156,5.186305046081543,5.041234016418457,5.186305046081543,5.041234016418457,5.186305046081543,5.186305046081543,4.390999794006348
20,6,2025-08-12,4.508500099182129,5.11376953125,5.041234016418457,5.222573757171631,5.041234016418457,5.11376953125,5.222573757171631,4.390999794006348
20,7,2025-08-13,4.48199987411499,5.186305046081543,5.186305046081543,5.186305046081543,5.186305046081543,5.186305046081543,5.186305046081543,4.390999794006348
21,1,2025-08-08,4.45550012588501,5.181644916534424,5.072939395904541,5.181644916534424,5.072939395904541,5.181644916534424,5.181644916534424,4.378499984741211
21,2,2025-08-09,4.444833278656006,5.181644916534424,5.072939395904541,5.181644916534424,5.072939395904541,5.181644916534424,5.181644916534424,4.378499984741211
21,3,2025-08-10,4.43416690826416,5.072939395904541,5.072939395904541,5.109174728393555,5.072939395904541,5.072939395904541,5.109174728393555,4.378499984741211
21,4,2025-08-11,4.423500061035156,5.181644916534424,5.036704063415527,5.181644916534424,5.036704063415527,5.181644916534424,5.181644916534424,4.378499984741211
21,5,2025-08-12,4.508500099182129,5.181644916534424,5.036704063415527,5.181644916534424,5.036704063415527,5.181644916534424,5.181644916534424,4.378499984741211
21,6,2025-08-13,4.48199987411499,5.217880725860596,5.036704063415527,5.217880725860596,5.036704063415527,5.217880725860596,5.217880725860596,4.378499984741211
21,7,2025-08-14,4.4644999504089355,5.181644916534424,5.036704063415527,5.181644916534424,5.036704063415527,5.181644916534424,5.181644916534424,4.378499984741211
22,1,2025-08-09,4.444833278656006,5.180549144744873,5.071866512298584,5.180549144744873,5.071866512298584,5.180549144744873,5.180549144744873,4.45550012588501
22,2,2025-08-10,4.43416690826416,5.144321918487549,5.071866512298584,5.180549144744873,5.071866512298584,5.144321918487549,5.180549144744873,4.45550012588501
22,3,2025-08-11,4.423500061035156,5.071866512298584,5.071866512298584,5.180549144744873,5.071866512298584,5.071866512298584,5.180549144744873,4.45550012588501
22,4,2025-08-12,4.508500099182129,5.180549144744873,5.035638809204102,5.180549144744873,5.035638809204102,5.180549144744873,5.180549144744873,4.45550012588501
22,5,2025-08-13,4.48199987411499,5.180549144744873,5.035638809204102,5.180549144744873,5.035638809204102,5.180549144744873,5.180549144744873,4.45550012588501
22,6,2025-08-14,4.4644999504089355,5.180549144744873,5.035638809204102,5.216777324676514,5.035638809204102,5.180549144744873,5.216777324676514,4.45550012588501
22,7,2025-08-15,4.478000164031982,5.180549144744873,5.035638809204102,5.180549144744873,5.035638809204102,5.180549144744873,5.180549144744873,4.45550012588501
23,1,2025-08-10,4.43416690826416,5.179121971130371,5.070469379425049,5.179121971130371,5.070469379425049,5.179121971130371,5.179121971130371,4.444833278656006
23,2,2025-08-11,4.423500061035156,5.142904281616211,5.070469379425049,5.179121971130371,5.070469379425049,5.142904281616211,5.179121971130371,4.444833278656006
23,3,2025-08-12,4.508500099182129,5.070469379425049,5.070469379425049,5.106687068939209,5.070469379425049,5.070469379425049,5.106687068939209,4.444833278656006
23,4,2025-08-13,4.48199987411499,5.179121971130371,5.034251689910889,5.179121971130371,5.034251689910889,5.179121971130371,5.179121971130371,4.444833278656006
23,5,2025-08-14,4.4644999504089355,5.179121971130371,5.034251689910889,5.179121971130371,5.034251689910889,5.179121971130371,5.179121971130371,4.444833278656006
23,6,2025-08-15,4.478000164031982,5.034251689910889,5.034251689910889,5.2153401374816895,5.034251689910889,5.034251689910889,5.2153401374816895,4.444833278656006
23,7,2025-08-16,4.4710001945495605,5.179121971130371,5.034251689910889,5.179121971130371,5.034251689910889,5.179121971130371,5.179121971130371,4.444833278656006
24,1,2025-08-11,4.423500061035156,5.068484783172607,5.068484783172607,5.17709493637085,5.068484783172607,5.068484783172607,5.17709493637085,4.43416690826416
24,2,2025-08-12,4.508500099182129,5.068484783172607,5.068484783172607,5.17709493637085,5.068484783172607,5.068484783172607,5.17709493637085,4.43416690826416
24,3,2025-08-13,4.48199987411499,5.068484783172607,5.068484783172607,5.1046881675720215,5.068484783172607,5.068484783172607,5.1046881675720215,4.43416690826416
24,4,2025-08-14,4.4644999504089355,5.17709493637085,5.032281398773193,5.17709493637085,5.032281398773193,5.17709493637085,5.17709493637085,4.43416690826416
24,5,2025-08-15,4.478000164031982,5.17709493637085,5.032281398773193,5.17709493637085,5.032281398773193,5.17709493637085,5.17709493637085,4.43416690826416
24,6,2025-08-16,4.4710001945495605,5.068484783172607,5.032281398773193,5.213298797607422,5.032281398773193,5.068484783172607,5.213298797607422,4.43416690826416
24,7,2025-08-17,4.4639997482299805,5.17709493637085,5.032281398773193,5.17709493637085,5.032281398773193,5.17709493637085,5.17709493637085,4.43416690826416
25,1,2025-08-12,4.508500099182129,5.0662970542907715,5.0662970542907715,5.17486047744751,5.0662970542907715,5.0662970542907715,5.17486047744751,4.423500061035156
25,2,2025-08-13,4.48199987411499,5.0662970542907715,5.0662970542907715,5.17486047744751,5.0662970542907715,5.0662970542907715,5.17486047744751,4.423500061035156
25,3,2025-08-14,4.4644999504089355,5.0662970542907715,5.0662970542907715,5.0662970542907715,5.0662970542907715,5.0662970542907715,5.0662970542907715,4.423500061035156
25,4,2025-08-15,4.478000164031982,5.03010892868042,5.03010892868042,5.17486047744751,5.03010892868042,5.03010892868042,5.17486047744751,4.423500061035156
25,5,2025-08-16,4.4710001945495605,5.17486047744751,5.03010892868042,5.17486047744751,5.03010892868042,5.17486047744751,5.17486047744751,4.423500061035156
25,6,2025-08-17,4.4639997482299805,5.03010892868042,5.03010892868042,5.17486047744751,5.03010892868042,5.03010892868042,5.17486047744751,4.423500061035156
25,7,2025-08-18,4.456999778747559,5.17486047744751,5.03010892868042,5.17486047744751,5.03010892868042,5.17486047744751,5.17486047744751,4.423500061035156
26,1,2025-08-13,4.48199987411499,5.173420429229736,5.064887523651123,5.173420429229736,5.064887523651123,5.173420429229736,5.173420429229736,4.508500099182129
26,2,2025-08-14,4.4644999504089355,5.137242794036865,5.064887523651123,5.173420429229736,5.064887523651123,5.137242794036865,5.173420429229736,4.508500099182129
26,3,2025-08-15,4.478000164031982,5.064887523651123,5.064887523651123,5.173420429229736,5.064887523651123,5.064887523651123,5.173420429229736,4.508500099182129
26,4,2025-08-16,4.4710001945495605,5.173420429229736,5.028709888458252,5.173420429229736,5.028709888458252,5.173420429229736,5.173420429229736,4.508500099182129
26,5,2025-08-17,4.4639997482299805,5.173420429229736,5.028709888458252,5.173420429229736,5.028709888458252,5.173420429229736,5.173420429229736,4.508500099182129
26,6,2025-08-18,4.456999778747559,5.028709888458252,5.028709888458252,5.209599018096924,5.028709888458252,5.028709888458252,5.209599018096924,4.508500099182129
26,7,2025-08-19,4.408999919891357,5.028709888458252,5.028709888458252,5.173420429229736,5.028709888458252,5.028709888458252,5.173420429229736,4.508500099182129
27,1,2025-08-14,4.4644999504089355,5.171606540679932,5.063111305236816,5.171606540679932,5.063111305236816,5.171606540679932,5.171606540679932,4.48199987411499
27,2,2025-08-15,4.478000164031982,5.135441303253174,5.128208160400391,5.171606540679932,5.128208160400391,5.135441303253174,5.171606540679932,4.48199987411499
27,3,2025-08-16,4.4710001945495605,5.099276542663574,5.063111305236816,5.171606540679932,5.063111305236816,5.099276542663574,5.171606540679932,4.48199987411499
27,4,2025-08-17,4.4639997482299805,5.171606540679932,5.026946067810059,5.171606540679932,5.026946067810059,5.171606540679932,5.171606540679932,4.48199987411499
27,5,2025-08-18,4.456999778747559,5.099276542663574,5.026946067810059,5.171606540679932,5.026946067810059,5.099276542663574,5.171606540679932,4.48199987411499
27,6,2025-08-19,4.408999919891357,5.207772254943848,5.026946067810059,5.207772254943848,5.026946067810059,5.207772254943848,5.207772254943848,4.48199987411499
27,7,2025-08-20,4.426000118255615,5.171606540679932,5.026946067810059,5.171606540679932,5.026946067810059,5.171606540679932,5.171606540679932,4.48199987411499
28,1,2025-08-15,4.478000164031982,5.168770790100098,5.060335159301758,5.168770790100098,5.060335159301758,5.168770790100098,5.168770790100098,4.4644999504089355
28,2,2025-08-16,4.4710001945495605,5.132625579833984,5.060335159301758,5.168770790100098,5.060335159301758,5.132625579833984,5.168770790100098,4.4644999504089355
28,3,2025-08-17,4.4639997482299805,5.060335159301758,5.060335159301758,5.168770790100098,5.060335159301758,5.060335159301758,5.168770790100098,4.4644999504089355
28,4,2025-08-18,4.456999778747559,5.168770790100098,5.0241899490356445,5.168770790100098,5.0241899490356445,5.168770790100098,5.168770790100098,4.4644999504089355
28,5,2025-08-19,4.408999919891357,5.096480369567871,5.0241899490356445,5.168770790100098,5.0241899490356445,5.096480369567871,5.168770790100098,4.4644999504089355
28,6,2025-08-20,4.426000118255615,5.204916954040527,5.0241899490356445,5.204916954040527,5.0241899490356445,5.204916954040527,5.204916954040527,4.4644999504089355
28,7,2025-08-21,4.43149995803833,5.168770790100098,5.0241899490356445,5.168770790100098,5.0241899490356445,5.168770790100098,5.168770790100098,4.4644999504089355
29,1,2025-08-16,4.4710001945495605,5.167318820953369,5.058913707733154,5.167318820953369,5.058913707733154,5.167318820953369,5.167318820953369,4.478000164031982
29,2,2025-08-17,4.4639997482299805,5.131183624267578,5.131183624267578,5.167318820953369,5.131183624267578,5.131183624267578,5.167318820953369,4.478000164031982
29,3,2025-08-18,4.456999778747559,5.058913707733154,5.058913707733154,5.167318820953369,5.058913707733154,5.058913707733154,5.167318820953369,4.478000164031982
29,4,2025-08-19,4.408999919891357,5.167318820953369,5.022778511047363,5.167318820953369,5.022778511047363,5.167318820953369,5.167318820953369,4.478000164031982
29,5,2025-08-20,4.426000118255615,5.095048427581787,5.022778511047363,5.167318820953369,5.022778511047363,5.095048427581787,5.167318820953369,4.478000164031982
29,6,2025-08-21,4.43149995803833,5.203454494476318,5.022778511047363,5.203454494476318,5.022778511047363,5.203454494476318,5.203454494476318,4.478000164031982
29,7,2025-08-22,4.447500228881836,5.058913707733154,5.022778511047363,5.167318820953369,5.022778511047363,5.058913707733154,5.167318820953369,4.478000164031982
30,1,2025-08-17,4.4639997482299805,5.166375160217285,5.057990074157715,5.166375160217285,5.057990074157715,5.166375160217285,5.166375160217285,4.4710001945495605
30,2,2025-08-18,4.456999778747559,5.130247116088867,5.057990074157715,5.166375160217285,5.057990074157715,5.130247116088867,5.166375160217285,4.4710001945495605
30,3,2025-08-19,4.408999919891357,5.057990074157715,5.057990074157715,5.166375160217285,5.057990074157715,5.057990074157715,5.166375160217285,4.4710001945495605
30,4,2025-08-20,4.426000118255615,5.166375160217285,5.021861553192139,5.166375160217285,5.021861553192139,5.166375160217285,5.166375160217285,4.4710001945495605
30,5,2025-08-21,4.43149995803833,5.094118595123291,5.021861553192139,5.166375160217285,5.021861553192139,5.094118595123291,5.166375160217285,4.4710001945495605
30,6,2025-08-22,4.447500228881836,5.202504634857178,5.021861553192139,5.202504634857178,5.021861553192139,5.202504634857178,5.202504634857178,4.4710001945495605
30,7,2025-08-23,4.45383358001709,5.166375160217285,5.021861553192139,5.166375160217285,5.021861553192139,5.166375160217285,5.166375160217285,4.4710001945495605
31,1,2025-08-18,4.456999778747559,5.164834022521973,5.056480884552002,5.164834022521973,5.056480884552002,5.164834022521973,5.164834022521973,4.4639997482299805
31,2,2025-08-19,4.408999919891357,5.128716468811035,5.056480884552002,5.164834022521973,5.056480884552002,5.128716468811035,5.164834022521973,4.4639997482299805
31,3,2025-08-20,4.426000118255615,5.056480884552002,5.056480884552002,5.164834022521973,5.056480884552002,5.056480884552002,5.164834022521973,4.4639997482299805
31,4,2025-08-21,4.43149995803833,5.164834022521973,5.0203633308410645,5.164834022521973,5.0203633308410645,5.164834022521973,5.164834022521973,4.4639997482299805
31,5,2025-08-22,4.447500228881836,5.092598915100098,5.0203633308410645,5.164834022521973,5.0203633308410645,5.092598915100098,5.164834022521973,4.4639997482299805
31,6,2025-08-23,4.45383358001709,5.200952529907227,5.0203633308410645,5.200952529907227,5.0203633308410645,5.200952529907227,5.200952529907227,4.4639997482299805
31,7,2025-08-24,4.4601664543151855,5.164834022521973,5.0203633308410645,5.164834022521973,5.0203633308410645,5.164834022521973,5.164834022521973,4.4639997482299805
32,1,2025-08-19,4.408999919891357,5.127226829528809,5.055012226104736,5.163333892822266,5.055012226104736,5.127226829528809,5.163333892822266,4.456999778747559
32,2,2025-08-20,4.426000118255615,5.127226829528809,5.055012226104736,5.163333892822266,5.055012226104736,5.127226829528809,5.163333892822266,4.456999778747559
32,3,2025-08-21,4.43149995803833,5.055012226104736,5.055012226104736,5.163333892822266,5.055012226104736,5.055012226104736,5.163333892822266,4.456999778747559
32,4,2025-08-22,4.447500228881836,5.163333892822266,5.018905162811279,5.163333892822266,5.018905162811279,5.163333892822266,5.163333892822266,4.456999778747559
32,5,2025-08-23,4.45383358001709,5.018905162811279,5.018905162811279,5.163333892822266,5.018905162811279,5.018905162811279,5.163333892822266,4.456999778747559
32,6,2025-08-24,4.4601664543151855,5.091119289398193,5.018905162811279,5.199441909790039,5.018905162811279,5.091119289398193,5.199441909790039,4.456999778747559
32,7,2025-08-25,4.4664998054504395,5.163333892822266,5.018905162811279,5.163333892822266,5.018905162811279,5.163333892822266,5.163333892822266,4.456999778747559
33,1,2025-08-20,4.426000118255615,5.16144323348999,5.089255332946777,5.16144323348999,5.089255332946777,5.16144323348999,5.16144323348999,4.408999919891357
33,2,2025-08-21,4.43149995803833,5.125349521636963,5.125349521636963,5.16144323348999,5.125349521636963,5.125349521636963,5.16144323348999,4.408999919891357
33,3,2025-08-22,4.447500228881836,5.053161144256592,5.053161144256592,5.16144323348999,5.053161144256592,5.053161144256592,5.16144323348999,4.408999919891357
33,4,2025-08-23,4.45383358001709,5.16144323348999,5.16144323348999,5.16144323348999,5.16144323348999,5.16144323348999,5.16144323348999,4.408999919891357
33,5,2025-08-24,4.4601664543151855,5.089255332946777,5.0170674324035645,5.16144323348999,5.0170674324035645,5.089255332946777,5.16144323348999,4.408999919891357
33,6,2025-08-25,4.4664998054504395,5.197537899017334,5.0170674324035645,5.197537899017334,5.0170674324035645,5.197537899017334,5.197537899017334,4.408999919891357
33,7,2025-08-26,4.450500011444092,5.16144323348999,5.0170674324035645,5.16144323348999,5.0170674324035645,5.16144323348999,5.16144323348999,4.408999919891357
34,1,2025-08-21,4.43149995803833,5.159843921661377,5.0876784324646,5.159843921661377,5.0876784324646,5.159843921661377,5.159843921661377,4.426000118255615
34,2,2025-08-22,4.447500228881836,5.123761177062988,5.123761177062988,5.159843921661377,5.123761177062988,5.123761177062988,5.159843921661377,4.426000118255615
34,3,2025-08-23,4.45383358001709,5.0876784324646,5.051595687866211,5.159843921661377,5.051595687866211,5.0876784324646,5.159843921661377,4.426000118255615
34,4,2025-08-24,4.4601664543151855,5.159843921661377,5.159843921661377,5.159843921661377,5.159843921661377,5.159843921661377,5.159843921661377,4.426000118255615
34,5,2025-08-25,4.4664998054504395,5.0876784324646,5.015512943267822,5.159843921661377,5.015512943267822,5.0876784324646,5.159843921661377,4.426000118255615
34,6,2025-08-26,4.450500011444092,5.159843921661377,5.015512943267822,5.195927619934082,5.015512943267822,5.159843921661377,5.195927619934082,4.426000118255615
34,7,2025-08-27,4.4145002365112305,5.015512943267822,5.015512943267822,5.159843921661377,5.015512943267822,5.015512943267822,5.159843921661377,4.426000118255615
35,1,2025-08-22,4.447500228881836,5.157223224639893,5.157223224639893,5.157223224639893,5.157223224639893,5.157223224639893,5.157223224639893,4.43149995803833
35,2,2025-08-23,4.45383358001709,5.121158599853516,5.121158599853516,5.157223224639893,5.121158599853516,5.121158599853516,5.157223224639893,4.43149995803833
35,3,2025-08-24,4.4601664543151855,5.085093975067139,5.04902982711792,5.157223224639893,5.04902982711792,5.085093975067139,5.157223224639893,4.43149995803833
35,4,2025-08-25,4.4664998054504395,5.157223224639893,5.157223224639893,5.157223224639893,5.157223224639893,5.157223224639893,5.157223224639893,4.43149995803833
35,5,2025-08-26,4.450500011444092,5.085093975067139,5.012965202331543,5.157223224639893,5.012965202331543,5.085093975067139,5.157223224639893,4.43149995803833
35,6,2025-08-27,4.4145002365112305,5.157223224639893,5.085093975067139,5.1932878494262695,5.085093975067139,5.157223224639893,5.1932878494262695,4.43149995803833
35,7,2025-08-28,4.463500022888184,5.04902982711792,5.012965202331543,5.157223224639893,5.012965202331543,5.04902982711792,5.157223224639893,4.43149995803833
36,1,2025-08-23,4.45383358001709,5.1555094718933105,5.1555094718933105,5.1555094718933105,5.1555094718933105,5.1555094718933105,5.1555094718933105,4.447500228881836
36,2,2025-08-24,4.4601664543151855,5.119456768035889,5.119456768035889,5.1555094718933105,5.119456768035889,5.119456768035889,5.1555094718933105,4.447500228881836
36,3,2025-08-25,4.4664998054504395,5.1555094718933105,5.047351837158203,5.1555094718933105,5.047351837158203,5.1555094718933105,5.1555094718933105,4.447500228881836
36,4,2025-08-26,4.450500011444092,5.1555094718933105,5.1555094718933105,5.1555094718933105,5.1555094718933105,5.1555094718933105,5.1555094718933105,4.447500228881836
36,5,2025-08-27,4.4145002365112305,5.083404541015625,5.083404541015625,5.1555094718933105,5.083404541015625,5.083404541015625,5.1555094718933105,4.447500228881836
36,6,2025-08-28,4.463500022888184,5.1555094718933105,5.083404541015625,5.191562175750732,5.083404541015625,5.1555094718933105,5.191562175750732,4.447500228881836
36,7,2025-08-29,4.518499851226807,5.0112996101379395,5.0112996101379395,5.1555094718933105,5.0112996101379395,5.0112996101379395,5.1555094718933105,4.447500228881836
37,1,2025-08-24,4.4601664543151855,5.153509616851807,5.117471218109131,5.153509616851807,5.117471218109131,5.153509616851807,5.153509616851807,4.45383358001709
37,2,2025-08-25,4.4664998054504395,5.117471218109131,5.117471218109131,5.153509616851807,5.117471218109131,5.117471218109131,5.153509616851807,4.45383358001709
37,3,2025-08-26,4.450500011444092,5.153509616851807,5.045394420623779,5.153509616851807,5.045394420623779,5.153509616851807,5.153509616851807,4.45383358001709
37,4,2025-08-27,4.4145002365112305,5.153509616851807,5.153509616851807,5.153509616851807,5.153509616851807,5.153509616851807,5.153509616851807,4.45383358001709
37,5,2025-08-28,4.463500022888184,5.081432819366455,5.081432819366455,5.0886406898498535,5.081432819366455,5.081432819366455,5.0886406898498535,4.45383358001709
37,6,2025-08-29,4.518499851226807,5.153509616851807,5.153509616851807,5.189548969268799,5.153509616851807,5.153509616851807,5.189548969268799,4.45383358001709
37,7,2025-08-30,4.53125,5.009355545043945,5.009355545043945,5.153509616851807,5.009355545043945,5.009355545043945,5.153509616851807,4.45383358001709
38,1,2025-08-25,4.4664998054504395,5.152509689331055,5.116478443145752,5.152509689331055,5.116478443145752,5.152509689331055,5.152509689331055,4.4601664543151855
38,2,2025-08-26,4.450500011444092,5.116478443145752,5.044415473937988,5.152509689331055,5.044415473937988,5.116478443145752,5.152509689331055,4.4601664543151855
38,3,2025-08-27,4.4145002365112305,5.152509689331055,5.044415473937988,5.152509689331055,5.044415473937988,5.152509689331055,5.152509689331055,4.4601664543151855
38,4,2025-08-28,4.463500022888184,5.152509689331055,5.152509689331055,5.152509689331055,5.152509689331055,5.152509689331055,5.152509689331055,4.4601664543151855
38,5,2025-08-29,4.518499851226807,5.080446720123291,5.080446720123291,5.080446720123291,5.080446720123291,5.080446720123291,5.080446720123291,4.4601664543151855
38,6,2025-08-30,4.53125,5.152509689331055,5.080446720123291,5.188541889190674,5.080446720123291,5.152509689331055,5.188541889190674,4.4601664543151855
38,7,2025-08-31,4.543999671936035,5.008383750915527,5.008383750915527,5.152509689331055,5.008383750915527,5.008383750915527,5.152509689331055,4.4601664543151855
39,1,2025-08-26,4.450500011444092,5.151304721832275,5.115281581878662,5.151304721832275,5.115281581878662,5.151304721832275,5.151304721832275,4.4664998054504395
39,2,2025-08-27,4.4145002365112305,5.115281581878662,5.115281581878662,5.115281581878662,5.115281581878662,5.115281581878662,5.115281581878662,4.4664998054504395
39,3,2025-08-28,4.463500022888184,5.151304721832275,5.0432353019714355,5.151304721832275,5.0432353019714355,5.151304721832275,5.151304721832275,4.4664998054504395
39,4,2025-08-29,4.518499851226807,5.151304721832275,5.151304721832275,5.151304721832275,5.151304721832275,5.151304721832275,5.151304721832275,4.4664998054504395
39,5,2025-08-30,4.53125,5.079258441925049,5.079258441925049,5.151304721832275,5.079258441925049,5.079258441925049,5.151304721832275,4.4664998054504395
39,6,2025-08-31,4.543999671936035,5.151304721832275,5.079258441925049,5.187328338623047,5.079258441925049,5.151304721832275,5.187328338623047,4.4664998054504395
39,7,2025-09-01,4.5567498207092285,5.0432353019714355,5.007212162017822,5.151304721832275,5.007212162017822,5.0432353019714355,5.151304721832275,4.4664998054504395
40,1,2025-08-27,4.4145002365112305,5.149658679962158,5.077635765075684,5.149658679962158,5.077635765075684,5.149658679962158,5.149658679962158,4.450500011444092
40,2,2025-08-28,4.463500022888184,5.1136474609375,5.1136474609375,5.1136474609375,5.1136474609375,5.1136474609375,5.1136474609375,4.450500011444092
40,3,2025-08-29,4.518499851226807,5.077635765075684,5.041624069213867,5.149658679962158,5.041624069213867,5.077635765075684,5.149658679962158,4.450500011444092
40,4,2025-08-30,4.53125,5.149658679962158,5.149658679962158,5.149658679962158,5.149658679962158,5.149658679962158,5.149658679962158,4.450500011444092
40,5,2025-08-31,4.543999671936035,5.077635765075684,5.077635765075684,5.149658679962158,5.077635765075684,5.077635765075684,5.149658679962158,4.450500011444092
40,6,2025-09-01,4.5567498207092285,5.149658679962158,5.077635765075684,5.185670852661133,5.077635765075684,5.149658679962158,5.185670852661133,4.450500011444092
40,7,2025-09-02,4.569499969482422,5.041624069213867,5.005612850189209,5.149658679962158,5.005612850189209,5.041624069213867,5.149658679962158,4.450500011444092
41,1,2025-08-28,4.463500022888184,5.147363185882568,5.075372219085693,5.147363185882568,5.075372219085693,5.147363185882568,5.147363185882568,4.4145002365112305
41,2,2025-08-29,4.518499851226807,5.111367702484131,5.111367702484131,5.147363185882568,5.111367702484131,5.111367702484131,5.147363185882568,4.4145002365112305
41,3,2025-08-30,4.53125,5.075372219085693,5.039376735687256,5.147363185882568,5.039376735687256,5.075372219085693,5.147363185882568,4.4145002365112305
41,4,2025-08-31,4.543999671936035,5.147363185882568,5.147363185882568,5.147363185882568,5.147363185882568,5.147363185882568,5.147363185882568,4.4145002365112305
41,5,2025-09-01,4.5567498207092285,5.075372219085693,5.075372219085693,5.147363185882568,5.075372219085693,5.075372219085693,5.147363185882568,4.4145002365112305
41,6,2025-09-02,4.569499969482422,5.183359622955322,5.075372219085693,5.183359622955322,5.075372219085693,5.183359622955322,5.183359622955322,4.4145002365112305
41,7,2025-09-03,4.558499813079834,5.039376735687256,5.003381252288818,5.147363185882568,5.003381252288818,5.039376735687256,5.147363185882568,4.4145002365112305
42,1,2025-08-29,4.518499851226807,5.145727634429932,5.07375955581665,5.145727634429932,5.07375955581665,5.145727634429932,5.145727634429932,4.463500022888184
42,2,2025-08-30,4.53125,5.109743595123291,5.109743595123291,5.109743595123291,5.109743595123291,5.109743595123291,5.109743595123291,4.463500022888184
42,3,2025-08-31,4.543999671936035,5.145727634429932,5.03777551651001,5.145727634429932,5.03777551651001,5.145727634429932,5.145727634429932,4.463500022888184
42,4,2025-09-01,4.5567498207092285,5.145727634429932,5.145727634429932,5.145727634429932,5.145727634429932,5.145727634429932,5.145727634429932,4.463500022888184
42,5,2025-09-02,4.569499969482422,5.07375955581665,5.07375955581665,5.145727634429932,5.07375955581665,5.07375955581665,5.145727634429932,4.463500022888184
42,6,2025-09-03,4.558499813079834,5.145727634429932,5.07375955581665,5.1817121505737305,5.07375955581665,5.145727634429932,5.1817121505737305,4.463500022888184
42,7,2025-09-04,4.48799991607666,5.03777551651001,5.001791477203369,5.145727634429932,5.001791477203369,5.03777551651001,5.145727634429932,4.463500022888184
43,1,2025-08-30,4.53125,5.144474983215332,5.108499526977539,5.144474983215332,5.108499526977539,5.144474983215332,5.144474983215332,4.518499851226807
43,2,2025-08-31,4.543999671936035,5.108499526977539,5.108499526977539,5.144474983215332,5.108499526977539,5.108499526977539,5.144474983215332,4.518499851226807
43,3,2025-09-01,4.5567498207092285,5.144474983215332,5.036549091339111,5.144474983215332,5.036549091339111,5.144474983215332,5.144474983215332,4.518499851226807
43,4,2025-09-02,4.569499969482422,5.144474983215332,5.144474983215332,5.144474983215332,5.144474983215332,5.144474983215332,5.144474983215332,4.518499851226807
43,5,2025-09-03,4.558499813079834,5.072524070739746,5.072524070739746,5.144474983215332,5.072524070739746,5.072524070739746,5.144474983215332,4.518499851226807
43,6,2025-09-04,4.48799991607666,5.144474983215332,5.072524070739746,5.180450916290283,5.072524070739746,5.144474983215332,5.180450916290283,4.518499851226807
43,7,2025-09-05,4.482500076293945,5.000573635101318,5.000573635101318,5.144474983215332,5.000573635101318,5.000573635101318,5.144474983215332,4.518499851226807
44,1,2025-08-31,4.543999671936035,5.143246173858643,5.143246173858643,5.143246173858643,5.143246173858643,5.143246173858643,5.143246173858643,4.53125
44,2,2025-09-01,4.5567498207092285,5.107279300689697,5.107279300689697,5.143246173858643,5.107279300689697,5.107279300689697,5.143246173858643,4.53125
44,3,2025-09-02,4.569499969482422,5.071312427520752,5.035346031188965,5.143246173858643,5.035346031188965,5.071312427520752,5.143246173858643,4.53125
44,4,2025-09-03,4.558499813079834,5.143246173858643,5.143246173858643,5.143246173858643,5.143246173858643,5.143246173858643,5.143246173858643,4.53125
44,5,2025-09-04,4.48799991607666,5.071312427520752,5.071312427520752,5.071312427520752,5.071312427520752,5.071312427520752,5.071312427520752,4.53125
44,6,2025-09-05,4.482500076293945,5.143246173858643,5.071312427520752,5.179213523864746,5.071312427520752,5.143246173858643,5.179213523864746,4.53125
44,7,2025-09-06,4.485166549682617,4.9993791580200195,4.9993791580200195,5.143246173858643,4.9993791580200195,4.9993791580200195,5.143246173858643,4.53125
45,1,2025-09-01,4.5567498207092285,5.140493392944336,5.104546070098877,5.140493392944336,5.104546070098877,5.140493392944336,5.140493392944336,4.543999671936035
45,2,2025-09-02,4.569499969482422,5.104546070098877,5.104546070098877,5.140493392944336,5.104546070098877,5.104546070098877,5.140493392944336,4.543999671936035
45,3,2025-09-03,4.558499813079834,5.068598747253418,5.032650947570801,5.140493392944336,5.032650947570801,5.068598747253418,5.140493392944336,4.543999671936035
45,4,2025-09-04,4.48799991607666,5.140493392944336,5.140493392944336,5.140493392944336,5.140493392944336,5.140493392944336,5.140493392944336,4.543999671936035
45,5,2025-09-05,4.482500076293945,5.068598747253418,5.068598747253418,5.068598747253418,5.068598747253418,5.068598747253418,5.068598747253418,4.543999671936035
45,6,2025-09-06,4.485166549682617,5.140493392944336,5.068598747253418,5.176441669464111,5.068598747253418,5.140493392944336,5.176441669464111,4.543999671936035
45,7,2025-09-07,4.487833499908447,4.996703624725342,4.996703624725342,5.140493392944336,4.996703624725342,4.996703624725342,5.140493392944336,4.543999671936035
46,1,2025-09-02,4.569499969482422,5.13812780380249,5.066266059875488,5.13812780380249,5.066266059875488,5.13812780380249,5.13812780380249,4.5567498207092285
46,2,2025-09-03,4.558499813079834,5.102197170257568,5.102197170257568,5.13812780380249,5.102197170257568,5.102197170257568,5.13812780380249,4.5567498207092285
46,3,2025-09-04,4.48799991607666,5.13812780380249,5.030334949493408,5.13812780380249,5.030334949493408,5.13812780380249,5.13812780380249,4.5567498207092285
46,4,2025-09-05,4.482500076293945,5.13812780380249,5.13812780380249,5.13812780380249,5.13812780380249,5.13812780380249,5.13812780380249,4.5567498207092285
46,5,2025-09-06,4.485166549682617,5.066266059875488,5.066266059875488,5.066266059875488,5.066266059875488,5.066266059875488,5.066266059875488,4.5567498207092285
46,6,2025-09-07,4.487833499908447,5.13812780380249,5.066266059875488,5.1740593910217285,5.066266059875488,5.13812780380249,5.1740593910217285,4.5567498207092285
46,7,2025-09-08,4.490499973297119,4.994404315948486,4.994404315948486,5.13812780380249,4.994404315948486,4.994404315948486,5.13812780380249,4.5567498207092285
47,1,2025-09-03,4.558499813079834,5.136148929595947,5.064314842224121,5.136148929595947,5.064314842224121,5.136148929595947,5.136148929595947,4.569499969482422
47,2,2025-09-04,4.48799991607666,5.100231647491455,5.100231647491455,5.136148929595947,5.100231647491455,5.100231647491455,5.136148929595947,4.569499969482422
47,3,2025-09-05,4.482500076293945,5.064314842224121,5.028397560119629,5.136148929595947,5.028397560119629,5.064314842224121,5.136148929595947,4.569499969482422
47,4,2025-09-06,4.485166549682617,5.136148929595947,5.136148929595947,5.136148929595947,5.136148929595947,5.136148929595947,5.136148929595947,4.569499969482422
47,5,2025-09-07,4.487833499908447,5.064314842224121,5.064314842224121,5.064314842224121,5.064314842224121,5.064314842224121,5.064314842224121,4.569499969482422
47,6,2025-09-08,4.490499973297119,5.136148929595947,5.096640110015869,5.172066688537598,5.096640110015869,5.136148929595947,5.172066688537598,4.569499969482422
47,7,2025-09-09,4.500999927520752,4.992480278015137,4.992480278015137,5.136148929595947,4.992480278015137,4.992480278015137,5.136148929595947,4.569499969482422
48,1,2025-09-04,4.48799991607666,5.134308338165283,5.062499523162842,5.134308338165283,5.062499523162842,5.134308338165283,5.134308338165283,4.558499813079834
48,2,2025-09-05,4.482500076293945,5.0984039306640625,5.0984039306640625,5.134308338165283,5.0984039306640625,5.0984039306640625,5.134308338165283,4.558499813079834
48,3,2025-09-06,4.485166549682617,5.062499523162842,5.026595592498779,5.134308338165283,5.026595592498779,5.062499523162842,5.134308338165283,4.558499813079834
48,4,2025-09-07,4.487833499908447,5.134308338165283,5.134308338165283,5.134308338165283,5.134308338165283,5.134308338165283,5.134308338165283,4.558499813079834
48,5,2025-09-08,4.490499973297119,5.062499523162842,5.062499523162842,5.062499523162842,5.062499523162842,5.062499523162842,5.062499523162842,4.558499813079834
48,6,2025-09-09,4.500999927520752,5.170212745666504,5.062499523162842,5.170212745666504,5.062499523162842,5.170212745666504,5.170212745666504,4.558499813079834
48,7,2025-09-10,4.550000190734863,4.990691184997559,4.990691184997559,5.134308338165283,4.990691184997559,4.990691184997559,5.134308338165283,4.558499813079834
49,1,2025-09-05,4.482500076293945,5.1319804191589355,5.06020450592041,5.1319804191589355,5.06020450592041,5.1319804191589355,5.1319804191589355,4.48799991607666
49,2,2025-09-06,4.485166549682617,5.096092700958252,5.096092700958252,5.1319804191589355,5.096092700958252,5.096092700958252,5.1319804191589355,4.48799991607666
49,3,2025-09-07,4.487833499908447,5.024316787719727,5.024316787719727,5.1319804191589355,5.024316787719727,5.024316787719727,5.1319804191589355,4.48799991607666
49,4,2025-09-08,4.490499973297119,5.1319804191589355,5.1319804191589355,5.1319804191589355,5.1319804191589355,5.1319804191589355,5.1319804191589355,4.48799991607666
49,5,2025-09-09,4.500999927520752,5.06020450592041,5.06020450592041,5.067381858825684,5.06020450592041,5.06020450592041,5.067381858825684,4.48799991607666
49,6,2025-09-10,4.550000190734863,5.1678690910339355,5.053027153015137,5.1678690910339355,5.053027153015137,5.1678690910339355,5.1678690910339355,4.48799991607666
49,7,2025-09-11,4.5904998779296875,5.1319804191589355,4.988428592681885,5.1319804191589355,4.988428592681885,5.1319804191589355,5.1319804191589355,4.48799991607666
50,1,2025-09-06,4.485166549682617,5.094411373138428,5.058535099029541,5.130287170410156,5.058535099029541,5.094411373138428,5.130287170410156,4.482500076293945
50,2,2025-09-07,4.487833499908447,5.094411373138428,5.094411373138428,5.130287170410156,5.094411373138428,5.094411373138428,5.130287170410156,4.482500076293945
50,3,2025-09-08,4.490499973297119,5.0226593017578125,5.0226593017578125,5.130287170410156,5.0226593017578125,5.0226593017578125,5.130287170410156,4.482500076293945
50,4,2025-09-09,4.500999927520752,5.130287170410156,5.130287170410156,5.130287170410156,5.130287170410156,5.130287170410156,5.130287170410156,4.482500076293945
50,5,2025-09-10,4.550000190734863,5.058535099029541,5.058535099029541,5.130287170410156,5.058535099029541,5.058535099029541,5.130287170410156,4.482500076293945
50,6,2025-09-11,4.5904998779296875,5.166163921356201,5.094411373138428,5.166163921356201,5.094411373138428,5.166163921356201,5.166163921356201,4.482500076293945
50,7,2025-09-12,4.588500022888184,5.0226593017578125,4.986783027648926,5.130287170410156,4.986783027648926,5.0226593017578125,5.130287170410156,4.482500076293945
51,1,2025-09-07,4.487833499908447,5.128522872924805,5.092658996582031,5.128522872924805,5.092658996582031,5.128522872924805,5.128522872924805,4.485166549682617
51,2,2025-09-08,4.490499973297119,5.128522872924805,5.092658996582031,5.128522872924805,5.092658996582031,5.128522872924805,5.128522872924805,4.485166549682617
51,3,2025-09-09,4.500999927520752,5.056795120239258,5.020931243896484,5.128522872924805,5.020931243896484,5.056795120239258,5.128522872924805,4.485166549682617
51,4,2025-09-10,4.550000190734863,5.128522872924805,5.128522872924805,5.128522872924805,5.128522872924805,5.128522872924805,5.128522872924805,4.485166549682617
51,5,2025-09-11,4.5904998779296875,5.056795120239258,5.056795120239258,5.128522872924805,5.056795120239258,5.056795120239258,5.128522872924805,4.485166549682617
51,6,2025-09-12,4.588500022888184,5.164387226104736,5.128522872924805,5.164387226104736,5.128522872924805,5.164387226104736,5.164387226104736,4.485166549682617
51,7,2025-09-13,4.610833168029785,5.020931243896484,4.985067844390869,5.128522872924805,4.985067844390869,5.020931243896484,5.128522872924805,4.485166549682617
52,1,2025-09-08,4.490499973297119,5.126795768737793,5.055092811584473,5.126795768737793,5.055092811584473,5.126795768737793,5.126795768737793,4.487833499908447
52,2,2025-09-09,4.500999927520752,5.126795768737793,5.090944290161133,5.126795768737793,5.090944290161133,5.126795768737793,5.126795768737793,4.487833499908447
52,3,2025-09-10,4.550000190734863,5.019240856170654,5.019240856170654,5.126795768737793,5.019240856170654,5.019240856170654,5.126795768737793,4.487833499908447
52,4,2025-09-11,4.5904998779296875,5.126795768737793,5.126795768737793,5.126795768737793,5.126795768737793,5.126795768737793,5.126795768737793,4.487833499908447
52,5,2025-09-12,4.588500022888184,5.055092811584473,5.055092811584473,5.126795768737793,5.055092811584473,5.055092811584473,5.126795768737793,4.487833499908447
52,6,2025-09-13,4.610833168029785,5.1626482009887695,5.126795768737793,5.1626482009887695,5.126795768737793,5.1626482009887695,5.1626482009887695,4.487833499908447
52,7,2025-09-14,4.633166790008545,5.019240856170654,4.983389377593994,5.126795768737793,4.983389377593994,5.019240856170654,5.126795768737793,4.487833499908447
53,1,2025-09-09,4.500999927520752,5.124462127685547,5.124462127685547,5.124462127685547,5.124462127685547,5.124462127685547,5.124462127685547,4.490499973297119
53,2,2025-09-10,4.550000190734863,5.088626384735107,5.088626384735107,5.124462127685547,5.088626384735107,5.088626384735107,5.124462127685547,4.490499973297119
53,3,2025-09-11,4.5904998779296875,5.052791118621826,5.016955852508545,5.124462127685547,5.016955852508545,5.052791118621826,5.124462127685547,4.490499973297119
53,4,2025-09-12,4.588500022888184,5.124462127685547,5.124462127685547,5.124462127685547,5.124462127685547,5.124462127685547,5.124462127685547,4.490499973297119
53,5,2025-09-13,4.610833168029785,5.052791118621826,5.052791118621826,5.052791118621826,5.052791118621826,5.052791118621826,5.052791118621826,4.490499973297119
53,6,2025-09-14,4.633166790008545,5.124462127685547,5.124462127685547,5.160297870635986,5.124462127685547,5.124462127685547,5.160297870635986,4.490499973297119
53,7,2025-09-15,4.6554999351501465,5.016955852508545,4.981120586395264,5.124462127685547,4.981120586395264,5.016955852508545,5.124462127685547,4.490499973297119
54,1,2025-09-10,4.550000190734863,5.121601581573486,5.121601581573486,5.121601581573486,5.121601581573486,5.121601581573486,5.121601581573486,4.500999927520752
54,2,2025-09-11,4.5904998779296875,5.121601581573486,5.014155387878418,5.121601581573486,5.014155387878418,5.121601581573486,5.121601581573486,4.500999927520752
54,3,2025-09-12,4.588500022888184,5.049970626831055,5.014155387878418,5.121601581573486,5.014155387878418,5.049970626831055,5.121601581573486,4.500999927520752
54,4,2025-09-13,4.610833168029785,5.121601581573486,5.110857009887695,5.121601581573486,5.110857009887695,5.121601581573486,5.121601581573486,4.500999927520752
54,5,2025-09-14,4.633166790008545,5.049970626831055,5.049970626831055,5.121601581573486,5.049970626831055,5.049970626831055,5.121601581573486,4.500999927520752
54,6,2025-09-15,4.6554999351501465,5.121601581573486,5.121601581573486,5.157417297363281,5.121601581573486,5.121601581573486,5.157417297363281,4.500999927520752
54,7,2025-09-16,4.632999897003174,5.121601581573486,4.978340148925781,5.121601581573486,4.978340148925781,5.121601581573486,5.121601581573486,4.500999927520752
55,1,2025-09-11,4.5904998779296875,5.118618965148926,5.118618965148926,5.118618965148926,5.118618965148926,5.118618965148926,5.118618965148926,4.550000190734863
55,2,2025-09-12,4.588500022888184,5.118618965148926,5.08282470703125,5.118618965148926,5.08282470703125,5.118618965148926,5.118618965148926,4.550000190734863
55,3,2025-09-13,4.610833168029785,5.047029972076416,5.011235237121582,5.118618965148926,5.011235237121582,5.047029972076416,5.118618965148926,4.550000190734863
55,4,2025-09-14,4.633166790008545,5.118618965148926,5.011235237121582,5.118618965148926,5.011235237121582,5.118618965148926,5.118618965148926,4.550000190734863
55,5,2025-09-15,4.6554999351501465,5.047029972076416,5.047029972076416,5.118618965148926,5.047029972076416,5.047029972076416,5.118618965148926,4.550000190734863
55,6,2025-09-16,4.632999897003174,5.118618965148926,5.118618965148926,5.154414176940918,5.118618965148926,5.118618965148926,5.154414176940918,4.550000190734863
55,7,2025-09-17,4.571000099182129,5.118618965148926,4.975440979003906,5.118618965148926,4.975440979003906,5.118618965148926,5.118618965148926,4.550000190734863
56,1,2025-09-12,4.588500022888184,5.116322994232178,5.116322994232178,5.116322994232178,5.116322994232178,5.116322994232178,5.116322994232178,4.5904998779296875
56,2,2025-09-13,4.610833168029785,5.080544471740723,5.080544471740723,5.116322994232178,5.080544471740723,5.080544471740723,5.116322994232178,4.5904998779296875
56,3,2025-09-14,4.633166790008545,5.116322994232178,5.0089874267578125,5.116322994232178,5.0089874267578125,5.116322994232178,5.116322994232178,4.5904998779296875
56,4,2025-09-15,4.6554999351501465,5.116322994232178,5.116322994232178,5.116322994232178,5.116322994232178,5.116322994232178,5.116322994232178,4.5904998779296875
56,5,2025-09-16,4.632999897003174,5.044765949249268,5.044765949249268,5.044765949249268,5.044765949249268,5.044765949249268,5.044765949249268,4.5904998779296875
56,6,2025-09-17,4.571000099182129,5.116322994232178,5.116322994232178,5.152101993560791,5.116322994232178,5.116322994232178,5.152101993560791,4.5904998779296875
56,7,2025-09-18,4.540999889373779,4.973208904266357,4.973208904266357,5.116322994232178,4.973208904266357,4.973208904266357,5.116322994232178,4.5904998779296875
57,1,2025-09-13,4.610833168029785,5.113429546356201,5.113429546356201,5.113429546356201,5.113429546356201,5.113429546356201,5.113429546356201,4.588500022888184
57,2,2025-09-14,4.633166790008545,5.113429546356201,5.077671051025391,5.113429546356201,5.077671051025391,5.113429546356201,5.113429546356201,4.588500022888184
57,3,2025-09-15,4.6554999351501465,5.041913032531738,5.006154537200928,5.113429546356201,5.006154537200928,5.041913032531738,5.113429546356201,4.588500022888184
57,4,2025-09-16,4.632999897003174,5.113429546356201,5.113429546356201,5.113429546356201,5.113429546356201,5.113429546356201,5.113429546356201,4.588500022888184
57,5,2025-09-17,4.571000099182129,5.041913032531738,5.041913032531738,5.041913032531738,5.041913032531738,5.041913032531738,5.041913032531738,4.588500022888184
57,6,2025-09-18,4.540999889373779,5.149188041687012,5.113429546356201,5.149188041687012,5.113429546356201,5.149188041687012,5.149188041687012,4.588500022888184
57,7,2025-09-19,4.568999767303467,5.006154537200928,4.970396518707275,5.113429546356201,4.970396518707275,5.006154537200928,5.113429546356201,4.588500022888184
58,1,2025-09-14,4.633166790008545,5.110256671905518,5.110256671905518,5.110256671905518,5.110256671905518,5.110256671905518,5.110256671905518,4.610833168029785
58,2,2025-09-15,4.6554999351501465,5.074520587921143,5.074520587921143,5.110256671905518,5.074520587921143,5.074520587921143,5.110256671905518,4.610833168029785
58,3,2025-09-16,4.632999897003174,5.110256671905518,5.003048419952393,5.110256671905518,5.003048419952393,5.110256671905518,5.110256671905518,4.610833168029785
58,4,2025-09-17,4.571000099182129,5.110256671905518,5.110256671905518,5.110256671905518,5.110256671905518,5.110256671905518,5.110256671905518,4.610833168029785
58,5,2025-09-18,4.540999889373779,5.038784503936768,5.038784503936768,5.038784503936768,5.038784503936768,5.038784503936768,5.038784503936768,4.610833168029785
58,6,2025-09-19,4.568999767303467,5.145993232727051,5.110256671905518,5.145993232727051,5.110256671905518,5.145993232727051,5.145993232727051,4.610833168029785
58,7,2025-09-20,4.570333003997803,4.967312335968018,4.967312335968018,5.110256671905518,4.967312335968018,4.967312335968018,5.110256671905518,4.610833168029785
59,1,2025-09-15,4.6554999351501465,5.1081929206848145,5.1081929206848145,5.1081929206848145,5.1081929206848145,5.1081929206848145,5.1081929206848145,4.633166790008545
59,2,2025-09-16,4.632999897003174,5.0724711418151855,5.0724711418151855,5.1081929206848145,5.0724711418151855,5.0724711418151855,5.1081929206848145,4.633166790008545
59,3,2025-09-17,4.571000099182129,5.1081929206848145,5.001028060913086,5.1081929206848145,5.001028060913086,5.1081929206848145,5.1081929206848145,4.633166790008545
59,4,2025-09-18,4.540999889373779,5.1081929206848145,5.1081929206848145,5.1081929206848145,5.1081929206848145,5.1081929206848145,5.1081929206848145,4.633166790008545
59,5,2025-09-19,4.568999767303467,5.036749839782715,5.036749839782715,5.036749839782715,5.036749839782715,5.036749839782715,5.036749839782715,4.633166790008545
59,6,2025-09-20,4.570333003997803,5.143915176391602,5.1081929206848145,5.143915176391602,5.1081929206848145,5.143915176391602,5.143915176391602,4.633166790008545
59,7,2025-09-21,4.571666717529297,5.001028060913086,4.965306282043457,5.1081929206848145,4.965306282043457,5.001028060913086,5.1081929206848145,4.633166790008545
60,1,2025-09-16,4.632999897003174,5.106085777282715,5.106085777282715,5.106085777282715,5.106085777282715,5.106085777282715,5.106085777282715,4.6554999351501465
60,2,2025-09-17,4.571000099182129,5.07037878036499,5.07037878036499,5.106085777282715,5.07037878036499,5.07037878036499,5.106085777282715,4.6554999351501465
60,3,2025-09-18,4.540999889373779,5.106085777282715,4.998965263366699,5.106085777282715,4.998965263366699,5.106085777282715,5.106085777282715,4.6554999351501465
60,4,2025-09-19,4.568999767303467,5.106085777282715,5.106085777282715,5.106085777282715,5.106085777282715,5.106085777282715,5.106085777282715,4.6554999351501465
60,5,2025-09-20,4.570333003997803,5.034671783447266,5.034671783447266,5.034671783447266,5.034671783447266,5.034671783447266,5.034671783447266,4.6554999351501465
60,6,2025-09-21,4.571666717529297,5.106085777282715,5.106085777282715,5.141793251037598,5.106085777282715,5.106085777282715,5.141793251037598,4.6554999351501465
60,7,2025-09-22,4.572999954223633,4.963258266448975,4.963258266448975,5.106085777282715,4.963258266448975,4.963258266448975,5.106085777282715,4.6554999351501465
61,1,2025-09-17,4.571000099182129,5.103464603424072,5.103464603424072,5.103464603424072,5.103464603424072,5.103464603424072,5.103464603424072,4.632999897003174
61,2,2025-09-18,4.540999889373779,5.103464603424072,5.067776203155518,5.103464603424072,5.067776203155518,5.103464603424072,5.103464603424072,4.632999897003174
61,3,2025-09-19,4.568999767303467,5.032087802886963,4.99639892578125,5.103464603424072,4.99639892578125,5.032087802886963,5.103464603424072,4.632999897003174
61,4,2025-09-20,4.570333003997803,5.103464603424072,5.103464603424072,5.103464603424072,5.103464603424072,5.103464603424072,5.103464603424072,4.632999897003174
61,5,2025-09-21,4.571666717529297,5.032087802886963,5.032087802886963,5.032087802886963,5.032087802886963,5.032087802886963,5.032087802886963,4.632999897003174
61,6,2025-09-22,4.572999954223633,5.103464603424072,5.103464603424072,5.139153957366943,5.103464603424072,5.103464603424072,5.139153957366943,4.632999897003174
61,7,2025-09-23,4.584499835968018,4.960710525512695,4.960710525512695,5.103464603424072,4.960710525512695,4.960710525512695,5.103464603424072,4.632999897003174
62,1,2025-09-18,4.540999889373779,5.099915981292725,5.02858829498291,5.099915981292725,5.02858829498291,5.099915981292725,5.099915981292725,4.571000099182129
62,2,2025-09-19,4.568999767303467,5.099915981292725,5.064251899719238,5.099915981292725,5.064251899719238,5.099915981292725,5.099915981292725,4.571000099182129
62,3,2025-09-20,4.570333003997803,5.02858829498291,4.992924690246582,5.099915981292725,4.992924690246582,5.02858829498291,5.099915981292725,4.571000099182129
62,4,2025-09-21,4.571666717529297,5.099915981292725,5.099915981292725,5.099915981292725,5.099915981292725,5.099915981292725,5.099915981292725,4.571000099182129
62,5,2025-09-22,4.572999954223633,5.02858829498291,5.02858829498291,5.099915981292725,5.02858829498291,5.02858829498291,5.099915981292725,4.571000099182129
62,6,2025-09-23,4.584499835968018,5.135580062866211,5.099915981292725,5.135580062866211,5.099915981292725,5.135580062866211,5.135580062866211,4.571000099182129
62,7,2025-09-24,4.752500057220459,4.957261085510254,4.957261085510254,5.099915981292725,4.957261085510254,4.957261085510254,5.099915981292725,4.571000099182129
63,1,2025-09-19,4.568999767303467,5.096319675445557,5.025042533874512,5.096319675445557,5.025042533874512,5.096319675445557,5.096319675445557,4.540999889373779
63,2,2025-09-20,4.570333003997803,5.096319675445557,5.060680866241455,5.096319675445557,5.060680866241455,5.096319675445557,5.096319675445557,4.540999889373779
63,3,2025-09-21,4.571666717529297,5.025042533874512,4.98940372467041,5.096319675445557,4.98940372467041,5.025042533874512,5.096319675445557,4.540999889373779
63,4,2025-09-22,4.572999954223633,5.096319675445557,5.096319675445557,5.096319675445557,5.096319675445557,5.096319675445557,5.096319675445557,4.540999889373779
63,5,2025-09-23,4.584499835968018,5.096319675445557,5.025042533874512,5.096319675445557,5.025042533874512,5.096319675445557,5.096319675445557,4.540999889373779
63,6,2025-09-24,4.752500057220459,5.131958484649658,5.096319675445557,5.131958484649658,5.096319675445557,5.131958484649658,5.131958484649658,4.540999889373779
63,7,2025-09-25,4.699999809265137,4.98940372467041,4.953765392303467,5.096319675445557,4.953765392303467,4.98940372467041,5.096319675445557,4.540999889373779
64,1,2025-09-20,4.570333003997803,5.0938873291015625,5.0938873291015625,5.0938873291015625,5.0938873291015625,5.0938873291015625,5.0938873291015625,4.568999767303467
64,2,2025-09-21,4.571666717529297,5.0938873291015625,5.058265686035156,5.0938873291015625,5.058265686035156,5.0938873291015625,5.0938873291015625,4.568999767303467
64,3,2025-09-22,4.572999954223633,5.022644519805908,4.987022876739502,5.0938873291015625,4.987022876739502,5.022644519805908,5.0938873291015625,4.568999767303467
64,4,2025-09-23,4.584499835968018,5.0938873291015625,5.0938873291015625,5.0938873291015625,5.0938873291015625,5.0938873291015625,5.0938873291015625,4.568999767303467
64,5,2025-09-24,4.752500057220459,5.0938873291015625,5.022644519805908,5.0938873291015625,5.022644519805908,5.0938873291015625,5.0938873291015625,4.568999767303467
64,6,2025-09-25,4.699999809265137,5.129509449005127,5.0938873291015625,5.129509449005127,5.0938873291015625,5.129509449005127,5.129509449005127,4.568999767303467
64,7,2025-09-26,4.7154998779296875,4.951401233673096,4.951401233673096,5.0938873291015625,4.951401233673096,4.951401233673096,5.0938873291015625,4.568999767303467
65,1,2025-09-21,4.571666717529297,5.091253757476807,5.052090644836426,5.091253757476807,5.052090644836426,5.091253757476807,5.091253757476807,4.570333003997803
65,2,2025-09-22,4.572999954223633,5.091253757476807,5.05565071105957,5.091253757476807,5.05565071105957,5.091253757476807,5.091253757476807,4.570333003997803
65,3,2025-09-23,4.584499835968018,4.984444618225098,4.984444618225098,5.091253757476807,4.984444618225098,4.984444618225098,5.091253757476807,4.570333003997803
65,4,2025-09-24,4.752500057220459,5.091253757476807,5.080573081970215,5.091253757476807,5.080573081970215,5.091253757476807,5.091253757476807,4.570333003997803
65,5,2025-09-25,4.699999809265137,5.020047664642334,5.020047664642334,5.091253757476807,5.020047664642334,5.020047664642334,5.091253757476807,4.570333003997803
65,6,2025-09-26,4.7154998779296875,5.109055519104004,5.091253757476807,5.126857757568359,5.091253757476807,5.109055519104004,5.126857757568359,4.570333003997803
65,7,2025-09-27,4.757333278656006,4.948841571807861,4.948841571807861,5.091253757476807,4.948841571807861,4.948841571807861,5.091253757476807,4.570333003997803
66,1,2025-09-22,4.572999954223633,5.088829040527344,5.0532426834106445,5.088829040527344,5.0532426834106445,5.088829040527344,5.088829040527344,4.571666717529297
66,2,2025-09-23,4.584499835968018,5.088829040527344,5.0532426834106445,5.088829040527344,5.0532426834106445,5.088829040527344,5.088829040527344,4.571666717529297
66,3,2025-09-24,4.752500057220459,5.017656326293945,4.982070446014404,5.088829040527344,4.982070446014404,5.017656326293945,5.088829040527344,4.571666717529297
66,4,2025-09-25,4.699999809265137,5.088829040527344,5.088829040527344,5.088829040527344,5.088829040527344,5.088829040527344,5.088829040527344,4.571666717529297
66,5,2025-09-26,4.7154998779296875,5.088829040527344,5.017656326293945,5.088829040527344,5.017656326293945,5.088829040527344,5.088829040527344,4.571666717529297
66,6,2025-09-27,4.757333278656006,5.124415397644043,5.088829040527344,5.124415397644043,5.088829040527344,5.124415397644043,5.124415397644043,4.571666717529297
66,7,2025-09-28,4.799166679382324,4.982070446014404,4.946484088897705,5.088829040527344,4.946484088897705,4.982070446014404,5.088829040527344,4.571666717529297
67,1,2025-09-23,4.584499835968018,5.086335182189941,5.082778453826904,5.086335182189941,5.082778453826904,5.086335182189941,5.086335182189941,4.572999954223633
67,2,2025-09-24,4.752500057220459,5.086335182189941,5.050766468048096,5.086335182189941,5.050766468048096,5.086335182189941,5.086335182189941,4.572999954223633
67,3,2025-09-25,4.699999809265137,5.01519775390625,4.979629039764404,5.086335182189941,4.979629039764404,5.01519775390625,5.086335182189941,4.572999954223633
67,4,2025-09-26,4.7154998779296875,5.086335182189941,5.086335182189941,5.086335182189941,5.086335182189941,5.086335182189941,5.086335182189941,4.572999954223633
67,5,2025-09-27,4.757333278656006,5.01519775390625,5.01519775390625,5.086335182189941,5.01519775390625,5.01519775390625,5.086335182189941,4.572999954223633
67,6,2025-09-28,4.799166679382324,5.1219048500061035,5.086335182189941,5.1219048500061035,5.086335182189941,5.1219048500061035,5.1219048500061035,4.572999954223633
67,7,2025-09-29,4.841000080108643,4.979629039764404,4.944060325622559,5.086335182189941,4.944060325622559,4.979629039764404,5.086335182189941,4.572999954223633
68,1,2025-09-24,4.752500057220459,5.08388090133667,5.012777805328369,5.08388090133667,5.012777805328369,5.08388090133667,5.08388090133667,4.584499835968018
68,2,2025-09-25,4.699999809265137,5.08388090133667,5.0483293533325195,5.08388090133667,5.0483293533325195,5.08388090133667,5.08388090133667,4.584499835968018
68,3,2025-09-26,4.7154998779296875,4.9772257804870605,4.9772257804870605,5.08388090133667,4.9772257804870605,4.9772257804870605,5.08388090133667,4.584499835968018
68,4,2025-09-27,4.757333278656006,5.08388090133667,5.08388090133667,5.08388090133667,5.08388090133667,5.08388090133667,5.08388090133667,4.584499835968018
68,5,2025-09-28,4.799166679382324,5.012777805328369,5.012777805328369,5.08388090133667,5.012777805328369,5.012777805328369,5.08388090133667,4.584499835968018
68,6,2025-09-29,4.841000080108643,5.1194329261779785,5.08388090133667,5.1194329261779785,5.08388090133667,5.1194329261779785,5.1194329261779785,4.584499835968018
68,7,2025-09-30,4.804999828338623,4.9772257804870605,4.94167423248291,5.08388090133667,4.94167423248291,4.9772257804870605,5.08388090133667,4.584499835968018
69,1,2025-09-25,4.699999809265137,5.083105087280273,5.083105087280273,5.083105087280273,5.083105087280273,5.083105087280273,5.083105087280273,4.752500057220459
69,2,2025-09-26,4.7154998779296875,5.083105087280273,5.047558784484863,5.083105087280273,5.047558784484863,5.083105087280273,5.083105087280273,4.752500057220459
69,3,2025-09-27,4.757333278656006,5.012012481689453,4.976466178894043,5.083105087280273,4.976466178894043,5.012012481689453,5.083105087280273,4.752500057220459
69,4,2025-09-28,4.799166679382324,5.083105087280273,5.083105087280273,5.083105087280273,5.083105087280273,5.083105087280273,5.083105087280273,4.752500057220459
69,5,2025-09-29,4.841000080108643,5.083105087280273,4.940920352935791,5.083105087280273,4.940920352935791,5.083105087280273,5.083105087280273,4.752500057220459
69,6,2025-09-30,4.804999828338623,5.083105087280273,5.083105087280273,5.118651390075684,5.083105087280273,5.083105087280273,5.118651390075684,4.752500057220459
69,7,2025-10-01,4.83050012588501,5.083105087280273,4.940920352935791,5.083105087280273,4.940920352935791,5.083105087280273,5.083105087280273,4.752500057220459
70,1,2025-09-26,4.7154998779296875,5.082051753997803,4.975435256958008,5.082051753997803,4.975435256958008,5.082051753997803,5.082051753997803,4.699999809265137
70,2,2025-09-27,4.757333278656006,5.046512603759766,5.046512603759766,5.082051753997803,5.046512603759766,5.046512603759766,5.082051753997803,4.699999809265137
70,3,2025-09-28,4.799166679382324,5.010973930358887,4.975435256958008,5.082051753997803,4.975435256958008,5.010973930358887,5.082051753997803,4.699999809265137
70,4,2025-09-29,4.841000080108643,5.082051753997803,5.082051753997803,5.082051753997803,5.082051753997803,5.082051753997803,5.082051753997803,4.699999809265137
70,5,2025-09-30,4.804999828338623,5.082051753997803,4.939896583557129,5.082051753997803,4.939896583557129,5.082051753997803,5.082051753997803,4.699999809265137
70,6,2025-10-01,4.83050012588501,5.082051753997803,5.010973930358887,5.11759090423584,5.010973930358887,5.082051753997803,5.11759090423584,4.699999809265137
70,7,2025-10-02,4.8979997634887695,5.082051753997803,4.939896583557129,5.082051753997803,4.939896583557129,5.082051753997803,5.082051753997803,4.699999809265137
71,1,2025-09-27,4.757333278656006,5.080693244934082,5.080693244934082,5.080693244934082,5.080693244934082,5.080693244934082,5.080693244934082,4.7154998779296875
71,2,2025-09-28,4.799166679382324,5.080693244934082,5.045164108276367,5.080693244934082,5.045164108276367,5.080693244934082,5.080693244934082,4.7154998779296875
71,3,2025-09-29,4.841000080108643,5.080693244934082,4.974105358123779,5.080693244934082,4.974105358123779,5.080693244934082,5.080693244934082,4.7154998779296875
71,4,2025-09-30,4.804999828338623,5.080693244934082,5.080693244934082,5.080693244934082,5.080693244934082,5.080693244934082,5.080693244934082,4.7154998779296875
71,5,2025-10-01,4.83050012588501,5.080693244934082,4.9385762214660645,5.080693244934082,4.9385762214660645,5.080693244934082,5.080693244934082,4.7154998779296875
71,6,2025-10-02,4.8979997634887695,5.080693244934082,5.009634494781494,5.116223335266113,5.009634494781494,5.080693244934082,5.116223335266113,4.7154998779296875
71,7,2025-10-03,5.058000087738037,4.9385762214660645,4.9385762214660645,5.080693244934082,4.9385762214660645,4.9385762214660645,5.080693244934082,4.7154998779296875
72,1,2025-09-28,4.799166679382324,5.079874038696289,5.008826732635498,5.079874038696289,5.008826732635498,5.079874038696289,5.079874038696289,4.757333278656006
72,2,2025-09-29,4.841000080108643,5.044350624084473,5.044350624084473,5.079874038696289,5.044350624084473,5.044350624084473,5.079874038696289,4.757333278656006
72,3,2025-09-30,4.804999828338623,5.079874038696289,4.973303318023682,5.079874038696289,4.973303318023682,5.079874038696289,5.079874038696289,4.757333278656006
72,4,2025-10-01,4.83050012588501,5.079874038696289,5.079874038696289,5.079874038696289,5.079874038696289,5.079874038696289,5.079874038696289,4.757333278656006
72,5,2025-10-02,4.8979997634887695,5.079874038696289,5.008826732635498,5.079874038696289,5.008826732635498,5.079874038696289,5.079874038696289,4.757333278656006
72,6,2025-10-03,5.058000087738037,5.079874038696289,5.079874038696289,5.079874038696289,5.079874038696289,5.079874038696289,5.079874038696289,4.757333278656006
72,7,2025-10-04,5.034333229064941,4.973303318023682,4.937779903411865,5.079874038696289,4.937779903411865,4.973303318023682,5.079874038696289,4.757333278656006
73,1,2025-09-29,4.841000080108643,5.079592704772949,5.008549213409424,5.079592704772949,5.008549213409424,5.079592704772949,5.079592704772949,4.799166679382324
73,2,2025-09-30,4.804999828338623,5.044070720672607,5.044070720672607,5.079592704772949,5.044070720672607,5.044070720672607,5.079592704772949,4.799166679382324
73,3,2025-10-01,4.83050012588501,5.079592704772949,4.97302770614624,5.079592704772949,4.97302770614624,5.079592704772949,5.079592704772949,4.799166679382324
73,4,2025-10-02,4.8979997634887695,5.079592704772949,5.079592704772949,5.079592704772949,5.079592704772949,5.079592704772949,5.079592704772949,4.799166679382324
73,5,2025-10-03,5.058000087738037,5.008549213409424,5.008549213409424,5.079592704772949,5.008549213409424,5.008549213409424,5.079592704772949,4.799166679382324
73,6,2025-10-04,5.034333229064941,5.079592704772949,5.079592704772949,5.115114688873291,5.079592704772949,5.079592704772949,5.115114688873291,4.799166679382324
73,7,2025-10-05,5.010666847229004,4.937506198883057,4.937506198883057,5.079592704772949,4.937506198883057,4.937506198883057,5.079592704772949,4.799166679382324
74,1,2025-09-30,4.804999828338623,5.079690456390381,5.079690456390381,5.079690456390381,5.079690456390381,5.079690456390381,5.079690456390381,4.841000080108643
74,2,2025-10-01,4.83050012588501,5.044167995452881,5.044167995452881,5.079690456390381,5.044167995452881,5.044167995452881,5.079690456390381,4.841000080108643
74,3,2025-10-02,4.8979997634887695,5.079690456390381,4.973123550415039,5.079690456390381,4.973123550415039,5.079690456390381,5.079690456390381,4.841000080108643
74,4,2025-10-03,5.058000087738037,5.079690456390381,5.079690456390381,5.079690456390381,5.079690456390381,5.079690456390381,5.079690456390381,4.841000080108643
74,5,2025-10-04,5.034333229064941,5.008646011352539,5.008646011352539,5.079690456390381,5.008646011352539,5.008646011352539,5.079690456390381,4.841000080108643
74,6,2025-10-05,5.010666847229004,5.079690456390381,5.079690456390381,5.115213394165039,5.079690456390381,5.079690456390381,5.115213394165039,4.841000080108643
74,7,2025-10-06,4.986999988555908,4.973123550415039,4.937601566314697,5.079690456390381,4.937601566314697,4.973123550415039,5.079690456390381,4.841000080108643
75,1,2025-10-01,4.83050012588501,5.079351425170898,5.079351425170898,5.079351425170898,5.079351425170898,5.079351425170898,5.079351425170898,4.804999828338623
75,2,2025-10-02,4.8979997634887695,5.079351425170898,5.043831825256348,5.079351425170898,5.043831825256348,5.079351425170898,5.079351425170898,4.804999828338623
75,3,2025-10-03,5.058000087738037,5.079351425170898,4.97279167175293,5.079351425170898,4.97279167175293,5.079351425170898,5.079351425170898,4.804999828338623
75,4,2025-10-04,5.034333229064941,5.079351425170898,5.079351425170898,5.079351425170898,5.079351425170898,5.079351425170898,5.079351425170898,4.804999828338623
75,5,2025-10-05,5.010666847229004,5.008311748504639,5.008311748504639,5.079351425170898,5.008311748504639,5.008311748504639,5.079351425170898,4.804999828338623
75,6,2025-10-06,4.986999988555908,5.114871978759766,5.079351425170898,5.114871978759766,5.079351425170898,5.114871978759766,5.114871978759766,4.804999828338623
75,7,2025-10-07,5.047999858856201,5.079351425170898,4.937272071838379,5.079351425170898,4.937272071838379,5.079351425170898,5.079351425170898,4.804999828338623
76,1,2025-10-02,4.8979997634887695,5.079220294952393,5.079220294952393,5.079220294952393,5.079220294952393,5.079220294952393,5.079220294952393,4.83050012588501
76,2,2025-10-03,5.058000087738037,5.079220294952393,5.043701171875,5.079220294952393,5.043701171875,5.079220294952393,5.079220294952393,4.83050012588501
76,3,2025-10-04,5.034333229064941,5.079220294952393,5.008182048797607,5.079220294952393,5.008182048797607,5.079220294952393,5.079220294952393,4.83050012588501
76,4,2025-10-05,5.010666847229004,5.079220294952393,5.079220294952393,5.079220294952393,5.079220294952393,5.079220294952393,5.079220294952393,4.83050012588501
76,5,2025-10-06,4.986999988555908,5.008182048797607,5.008182048797607,5.079220294952393,5.008182048797607,5.008182048797607,5.079220294952393,4.83050012588501
76,6,2025-10-07,5.047999858856201,5.079220294952393,5.079220294952393,5.114739418029785,5.079220294952393,5.079220294952393,5.114739418029785,4.83050012588501
76,7,2025-10-08,5.046000003814697,4.9371442794799805,4.9371442794799805,5.079220294952393,4.9371442794799805,4.9371442794799805,5.079220294952393,4.83050012588501
77,1,2025-10-03,5.058000087738037,5.079545497894287,5.079545497894287,5.079545497894287,5.079545497894287,5.079545497894287,5.079545497894287,4.8979997634887695
77,2,2025-10-04,5.034333229064941,5.079545497894287,5.044024467468262,5.079545497894287,5.044024467468262,5.079545497894287,5.079545497894287,4.8979997634887695
77,3,2025-10-05,5.010666847229004,5.079545497894287,4.972981929779053,5.079545497894287,4.972981929779053,5.079545497894287,5.079545497894287,4.8979997634887695
77,4,2025-10-06,4.986999988555908,5.079545497894287,5.079545497894287,5.079545497894287,5.079545497894287,5.079545497894287,5.079545497894287,4.8979997634887695
77,5,2025-10-07,5.047999858856201,5.008502960205078,5.008502960205078,5.079545497894287,5.008502960205078,5.008502960205078,5.079545497894287,4.8979997634887695
77,6,2025-10-08,5.046000003814697,5.079545497894287,5.079545497894287,5.115067481994629,5.079545497894287,5.079545497894287,5.115067481994629,4.8979997634887695
77,7,2025-10-09,5.075500011444092,5.079545497894287,4.937460422515869,5.079545497894287,4.937460422515869,5.079545497894287,5.079545497894287,4.8979997634887695
78,1,2025-10-04,5.034333229064941,5.081065654754639,5.081065654754639,5.081065654754639,5.081065654754639,5.081065654754639,5.081065654754639,5.058000087738037
78,2,2025-10-05,5.010666847229004,5.081065654754639,5.045533657073975,5.081065654754639,5.045533657073975,5.081065654754639,5.081065654754639,5.058000087738037
78,3,2025-10-06,4.986999988555908,5.081065654754639,5.081065654754639,5.081065654754639,5.081065654754639,5.081065654754639,5.081065654754639,5.058000087738037
78,4,2025-10-07,5.047999858856201,5.081065654754639,5.081065654754639,5.081065654754639,5.081065654754639,5.081065654754639,5.081065654754639,5.058000087738037
78,5,2025-10-08,5.046000003814697,5.010002136230469,5.010002136230469,5.081065654754639,5.010002136230469,5.010002136230469,5.081065654754639,5.058000087738037
78,6,2025-10-09,5.075500011444092,5.081065654754639,5.081065654754639,5.116598129272461,5.081065654754639,5.081065654754639,5.116598129272461,5.058000087738037
78,7,2025-10-10,4.848499774932861,4.974470138549805,4.938938140869141,5.081065654754639,4.938938140869141,4.974470138549805,5.081065654754639,5.058000087738037
79,1,2025-10-05,5.010666847229004,5.0807390213012695,5.009679794311523,5.0807390213012695,5.009679794311523,5.0807390213012695,5.0807390213012695,5.034333229064941
79,2,2025-10-06,4.986999988555908,5.0807390213012695,5.0452094078063965,5.0807390213012695,5.0452094078063965,5.0807390213012695,5.0807390213012695,5.034333229064941
79,3,2025-10-07,5.047999858856201,5.0807390213012695,4.97415018081665,5.0807390213012695,4.97415018081665,5.0807390213012695,5.0807390213012695,5.034333229064941
79,4,2025-10-08,5.046000003814697,5.0807390213012695,5.0807390213012695,5.0807390213012695,5.0807390213012695,5.0807390213012695,5.0807390213012695,5.034333229064941
79,5,2025-10-09,5.075500011444092,5.009679794311523,5.009679794311523,5.0807390213012695,5.009679794311523,5.009679794311523,5.0807390213012695,5.034333229064941
79,6,2025-10-10,4.848499774932861,5.0807390213012695,5.0807390213012695,5.116269111633301,5.0807390213012695,5.0807390213012695,5.116269111633301,5.034333229064941
79,7,2025-10-11,4.932499885559082,5.0807390213012695,4.938620567321777,5.0807390213012695,4.938620567321777,5.0807390213012695,5.0807390213012695,5.034333229064941
80,1,2025-10-06,4.986999988555908,5.080132007598877,5.0090813636779785,5.080132007598877,5.0090813636779785,5.080132007598877,5.080132007598877,5.010666847229004
80,2,2025-10-07,5.047999858856201,5.044606685638428,5.044606685638428,5.080132007598877,5.044606685638428,5.044606685638428,5.080132007598877,5.010666847229004
80,3,2025-10-08,5.046000003814697,5.080132007598877,4.973556041717529,5.080132007598877,4.973556041717529,5.080132007598877,5.080132007598877,5.010666847229004
80,4,2025-10-09,5.075500011444092,5.080132007598877,5.080132007598877,5.080132007598877,5.080132007598877,5.080132007598877,5.080132007598877,5.010666847229004
80,5,2025-10-10,4.848499774932861,5.0090813636779785,5.0090813636779785,5.080132007598877,5.0090813636779785,5.0090813636779785,5.080132007598877,5.010666847229004
80,6,2025-10-11,4.932499885559082,5.080132007598877,5.080132007598877,5.115657806396484,5.080132007598877,5.080132007598877,5.115657806396484,5.010666847229004
80,7,2025-10-12,5.016499996185303,5.080132007598877,4.938030242919922,5.080132007598877,4.938030242919922,5.080132007598877,5.080132007598877,5.010666847229004
81,1,2025-10-07,5.047999858856201,5.07941198348999,5.07941198348999,5.07941198348999,5.07941198348999,5.07941198348999,5.07941198348999,4.986999988555908
81,2,2025-10-08,5.046000003814697,5.07941198348999,5.043891906738281,5.07941198348999,5.043891906738281,5.07941198348999,5.07941198348999,4.986999988555908
81,3,2025-10-09,5.075500011444092,5.07941198348999,4.972851276397705,5.07941198348999,4.972851276397705,5.07941198348999,5.07941198348999,4.986999988555908
81,4,2025-10-10,4.848499774932861,5.07941198348999,5.07941198348999,5.07941198348999,5.07941198348999,5.07941198348999,5.07941198348999,4.986999988555908
81,5,2025-10-11,4.932499885559082,5.008371353149414,5.008371353149414,5.043891906738281,5.008371353149414,5.008371353149414,5.043891906738281,4.986999988555908
81,6,2025-10-12,5.016499996185303,5.114933013916016,5.07941198348999,5.114933013916016,5.07941198348999,5.114933013916016,5.114933013916016,4.986999988555908
81,7,2025-10-13,5.100500106811523,4.972851276397705,4.937330722808838,5.07941198348999,4.937330722808838,4.972851276397705,5.07941198348999,4.986999988555908
82,1,2025-10-08,5.046000003814697,5.079466342926025,5.079466342926025,5.079466342926025,5.079466342926025,5.079466342926025,5.079466342926025,5.047999858856201
82,2,2025-10-09,5.075500011444092,5.079466342926025,5.043945789337158,5.079466342926025,5.043945789337158,5.079466342926025,5.079466342926025,5.047999858856201
82,3,2025-10-10,4.848499774932861,5.079466342926025,5.008425235748291,5.079466342926025,5.008425235748291,5.079466342926025,5.079466342926025,5.047999858856201
82,4,2025-10-11,4.932499885559082,5.079466342926025,5.079466342926025,5.079466342926025,5.079466342926025,5.079466342926025,5.079466342926025,5.047999858856201
82,5,2025-10-12,5.016499996185303,5.008425235748291,5.008425235748291,5.008425235748291,5.008425235748291,5.008425235748291,5.008425235748291,5.047999858856201
82,6,2025-10-13,5.100500106811523,5.079466342926025,5.079466342926025,5.114987850189209,5.079466342926025,5.079466342926025,5.114987850189209,5.047999858856201
82,7,2025-10-14,4.980500221252441,4.972904205322266,4.937383651733398,5.079466342926025,4.937383651733398,4.972904205322266,5.079466342926025,5.047999858856201
83,1,2025-10-09,5.075500011444092,5.079634666442871,5.079634666442871,5.079634666442871,5.079634666442871,5.079634666442871,5.079634666442871,5.046000003814697
83,2,2025-10-10,4.848499774932861,5.079634666442871,5.044112682342529,5.079634666442871,5.044112682342529,5.079634666442871,5.079634666442871,5.046000003814697
83,3,2025-10-11,4.932499885559082,5.044112682342529,5.0085906982421875,5.079634666442871,5.0085906982421875,5.044112682342529,5.079634666442871,5.046000003814697
83,4,2025-10-12,5.016499996185303,5.079634666442871,5.079634666442871,5.079634666442871,5.079634666442871,5.079634666442871,5.079634666442871,5.046000003814697
83,5,2025-10-13,5.100500106811523,5.0085906982421875,5.0085906982421875,5.0085906982421875,5.0085906982421875,5.0085906982421875,5.0085906982421875,5.046000003814697
83,6,2025-10-14,4.980500221252441,5.115157127380371,5.079634666442871,5.115157127380371,5.079634666442871,5.115157127380371,5.115157127380371,5.046000003814697
83,7,2025-10-15,4.9720001220703125,4.973068714141846,4.937546730041504,5.079634666442871,4.937546730041504,4.973068714141846,5.079634666442871,5.046000003814697
84,1,2025-10-10,4.848499774932861,5.079922676086426,5.044398784637451,5.079922676086426,5.044398784637451,5.079922676086426,5.079922676086426,5.075500011444092
84,2,2025-10-11,4.932499885559082,5.079922676086426,5.044398784637451,5.079922676086426,5.044398784637451,5.079922676086426,5.079922676086426,5.075500011444092
84,3,2025-10-12,5.016499996185303,5.044398784637451,4.973350524902344,5.079922676086426,4.973350524902344,5.044398784637451,5.079922676086426,5.075500011444092
84,4,2025-10-13,5.100500106811523,5.079922676086426,5.079922676086426,5.079922676086426,5.079922676086426,5.079922676086426,5.079922676086426,5.075500011444092
84,5,2025-10-14,4.980500221252441,5.008874416351318,5.008874416351318,5.079922676086426,5.008874416351318,5.008874416351318,5.079922676086426,5.075500011444092
84,6,2025-10-15,4.9720001220703125,5.079922676086426,5.008874416351318,5.115447044372559,5.008874416351318,5.079922676086426,5.115447044372559,5.075500011444092
84,7,2025-10-16,4.958000183105469,4.973350524902344,4.937826633453369,5.079922676086426,4.937826633453369,4.973350524902344,5.079922676086426,5.075500011444092
85,1,2025-10-11,4.932499885559082,5.076772212982178,5.005768299102783,5.076772212982178,5.005768299102783,5.076772212982178,5.076772212982178,4.848499774932861
85,2,2025-10-12,5.016499996185303,5.0412702560424805,5.0412702560424805,5.076772212982178,5.0412702560424805,5.0412702560424805,5.076772212982178,4.848499774932861
85,3,2025-10-13,5.100500106811523,4.970266342163086,4.970266342163086,5.076772212982178,4.970266342163086,4.970266342163086,5.076772212982178,4.848499774932861
85,4,2025-10-14,4.980500221252441,5.076772212982178,5.076772212982178,5.076772212982178,5.076772212982178,5.076772212982178,5.076772212982178,4.848499774932861
85,5,2025-10-15,4.9720001220703125,5.076772212982178,5.005768299102783,5.076772212982178,5.005768299102783,5.076772212982178,5.076772212982178,4.848499774932861
85,6,2025-10-16,4.958000183105469,5.076772212982178,5.005768299102783,5.112274646759033,5.005768299102783,5.076772212982178,5.112274646759033,4.848499774932861
85,7,2025-10-17,4.93149995803833,5.076772212982178,4.970266342163086,5.076772212982178,4.970266342163086,5.076772212982178,5.076772212982178,4.848499774932861
86,1,2025-10-12,5.016499996185303,5.075047492980957,5.004067897796631,5.075047492980957,5.004067897796631,5.075047492980957,5.075047492980957,4.932499885559082
86,2,2025-10-13,5.100500106811523,5.075047492980957,5.039557456970215,5.075047492980957,5.039557456970215,5.075047492980957,5.075047492980957,4.932499885559082
86,3,2025-10-14,4.980500221252441,5.075047492980957,4.968577861785889,5.075047492980957,4.968577861785889,5.075047492980957,5.075047492980957,4.932499885559082
86,4,2025-10-15,4.9720001220703125,5.075047492980957,5.075047492980957,5.075047492980957,5.075047492980957,5.075047492980957,5.075047492980957,4.932499885559082
86,5,2025-10-16,4.958000183105469,5.075047492980957,5.004067897796631,5.075047492980957,5.004067897796631,5.075047492980957,5.075047492980957,4.932499885559082
86,6,2025-10-17,4.93149995803833,5.075047492980957,5.075047492980957,5.110537528991699,5.075047492980957,5.075047492980957,5.110537528991699,4.932499885559082
86,7,2025-10-18,4.953666687011719,4.968577861785889,4.933088302612305,5.075047492980957,4.933088302612305,4.968577861785889,5.075047492980957,4.932499885559082
87,1,2025-10-13,5.100500106811523,5.075026512145996,5.075026512145996,5.075026512145996,5.075026512145996,5.075026512145996,5.075026512145996,5.016499996185303
87,2,2025-10-14,4.980500221252441,5.075026512145996,5.039536476135254,5.075026512145996,5.039536476135254,5.075026512145996,5.075026512145996,5.016499996185303
87,3,2025-10-15,4.9720001220703125,5.075026512145996,5.00404691696167,5.075026512145996,5.00404691696167,5.075026512145996,5.075026512145996,5.016499996185303
87,4,2025-10-16,4.958000183105469,5.075026512145996,5.075026512145996,5.075026512145996,5.075026512145996,5.075026512145996,5.075026512145996,5.016499996185303
87,5,2025-10-17,4.93149995803833,5.00404691696167,5.00404691696167,5.075026512145996,5.00404691696167,5.00404691696167,5.075026512145996,5.016499996185303
87,6,2025-10-18,4.953666687011719,5.075026512145996,5.075026512145996,5.110516548156738,5.075026512145996,5.075026512145996,5.110516548156738,5.016499996185303
87,7,2025-10-19,4.975833415985107,4.968557357788086,4.933067798614502,5.075026512145996,4.933067798614502,4.968557357788086,5.075026512145996,5.016499996185303
88,1,2025-10-14,4.980500221252441,5.076004981994629,5.076004981994629,5.076004981994629,5.076004981994629,5.076004981994629,5.076004981994629,5.100500106811523
88,2,2025-10-15,4.9720001220703125,5.076004981994629,5.04050874710083,5.076004981994629,5.04050874710083,5.076004981994629,5.076004981994629,5.100500106811523
88,3,2025-10-16,4.958000183105469,5.076004981994629,5.005012035369873,5.076004981994629,5.005012035369873,5.076004981994629,5.076004981994629,5.100500106811523
88,4,2025-10-17,4.93149995803833,5.076004981994629,5.076004981994629,5.076004981994629,5.076004981994629,5.076004981994629,5.076004981994629,5.100500106811523
88,5,2025-10-18,4.953666687011719,5.005012035369873,5.005012035369873,5.076004981994629,5.005012035369873,5.005012035369873,5.076004981994629,5.100500106811523
88,6,2025-10-19,4.975833415985107,5.076004981994629,5.076004981994629,5.111502170562744,5.076004981994629,5.076004981994629,5.111502170562744,5.100500106811523
88,7,2025-10-20,4.998000144958496,4.969515800476074,4.934019088745117,5.076004981994629,4.934019088745117,4.969515800476074,5.076004981994629,5.100500106811523
89,1,2025-10-15,4.9720001220703125,5.0758442878723145,5.0758442878723145,5.0758442878723145,5.0758442878723145,5.0758442878723145,5.0758442878723145,4.980500221252441
89,2,2025-10-16,4.958000183105469,5.0758442878723145,5.040349006652832,5.0758442878723145,5.040349006652832,5.0758442878723145,5.0758442878723145,4.980500221252441
89,3,2025-10-17,4.93149995803833,5.040349006652832,4.969357967376709,5.0758442878723145,4.969357967376709,5.040349006652832,5.0758442878723145,4.980500221252441
89,4,2025-10-18,4.953666687011719,5.0758442878723145,5.0758442878723145,5.0758442878723145,5.0758442878723145,5.0758442878723145,5.0758442878723145,4.980500221252441
89,5,2025-10-19,4.975833415985107,5.004853248596191,5.004853248596191,5.0758442878723145,5.004853248596191,5.004853248596191,5.0758442878723145,4.980500221252441
89,6,2025-10-20,4.998000144958496,5.0758442878723145,5.0758442878723145,5.111340045928955,5.0758442878723145,5.0758442878723145,5.111340045928955,4.980500221252441
89,7,2025-10-21,4.929999828338623,4.969357967376709,4.933862686157227,5.0758442878723145,4.933862686157227,4.969357967376709,5.0758442878723145,4.980500221252441
90,1,2025-10-16,4.958000183105469,5.075713157653809,5.004724502563477,5.075713157653809,5.004724502563477,5.075713157653809,5.075713157653809,4.9720001220703125
90,2,2025-10-17,4.93149995803833,5.075713157653809,5.040218830108643,5.075713157653809,5.040218830108643,5.075713157653809,5.075713157653809,4.9720001220703125
90,3,2025-10-18,4.953666687011719,5.075713157653809,4.969229698181152,5.075713157653809,4.969229698181152,5.075713157653809,5.075713157653809,4.9720001220703125
90,4,2025-10-19,4.975833415985107,5.075713157653809,5.075713157653809,5.075713157653809,5.075713157653809,5.075713157653809,5.075713157653809,4.9720001220703125
90,5,2025-10-20,4.998000144958496,5.004724502563477,5.004724502563477,5.075713157653809,5.004724502563477,5.004724502563477,5.075713157653809,4.9720001220703125
90,6,2025-10-21,4.929999828338623,5.111208438873291,5.004724502563477,5.111208438873291,5.004724502563477,5.111208438873291,5.111208438873291,4.9720001220703125
90,7,2025-10-22,4.960999965667725,4.969229698181152,4.933735370635986,5.075713157653809,4.933735370635986,4.969229698181152,5.075713157653809,4.9720001220703125
91,1,2025-10-17,4.93149995803833,5.068511009216309,4.997622966766357,5.068511009216309,4.997622966766357,5.068511009216309,5.068511009216309,4.958000183105469
91,2,2025-10-18,4.953666687011719,5.068511009216309,5.033066749572754,5.068511009216309,5.033066749572754,5.068511009216309,5.068511009216309,4.958000183105469
91,3,2025-10-19,4.975833415985107,5.033066749572754,4.962178707122803,5.068511009216309,4.962178707122803,5.033066749572754,5.068511009216309,4.958000183105469
91,4,2025-10-20,4.998000144958496,5.068511009216309,5.068511009216309,5.068511009216309,5.068511009216309,5.068511009216309,5.068511009216309,4.958000183105469
91,5,2025-10-21,4.929999828338623,4.997622966766357,4.997622966766357,5.068511009216309,4.997622966766357,4.997622966766357,5.068511009216309,4.958000183105469
91,6,2025-10-22,4.960999965667725,5.1039557456970215,5.068511009216309,5.1039557456970215,5.068511009216309,5.1039557456970215,5.1039557456970215,4.958000183105469
91,7,2025-10-23,5.081999778747559,5.068511009216309,4.926734447479248,5.068511009216309,4.926734447479248,5.068511009216309,5.068511009216309,4.958000183105469
92,1,2025-10-18,4.953666687011719,5.063142776489258,4.992330074310303,5.063142776489258,4.992330074310303,5.063142776489258,5.063142776489258,4.93149995803833
92,2,2025-10-19,4.975833415985107,5.063142776489258,5.027736186981201,5.063142776489258,5.027736186981201,5.063142776489258,5.063142776489258,4.93149995803833
92,3,2025-10-20,4.998000144958496,4.992330074310303,4.956923484802246,5.063142776489258,4.956923484802246,4.992330074310303,5.063142776489258,4.93149995803833
92,4,2025-10-21,4.929999828338623,5.063142776489258,4.9215168952941895,5.063142776489258,4.9215168952941895,5.063142776489258,5.063142776489258,4.93149995803833
92,5,2025-10-22,4.960999965667725,4.992330074310303,4.992330074310303,5.063142776489258,4.992330074310303,4.992330074310303,5.063142776489258,4.93149995803833
92,6,2025-10-23,5.081999778747559,5.098550319671631,4.992330074310303,5.098550319671631,4.992330074310303,5.098550319671631,5.098550319671631,4.93149995803833
92,7,2025-10-24,5.093500137329102,5.063142776489258,4.9215168952941895,5.063142776489258,4.9215168952941895,5.063142776489258,5.063142776489258,4.93149995803833
93,1,2025-10-19,4.975833415985107,5.056912422180176,5.056912422180176,5.056912422180176,5.056912422180176,5.056912422180176,5.056912422180176,4.953666687011719
93,2,2025-10-20,4.998000144958496,5.056912422180176,5.021549701690674,5.056912422180176,5.021549701690674,5.056912422180176,5.056912422180176,4.953666687011719
93,3,2025-10-21,4.929999828338623,5.056912422180176,4.950823783874512,5.056912422180176,4.950823783874512,5.056912422180176,5.056912422180176,4.953666687011719
93,4,2025-10-22,4.960999965667725,5.056912422180176,5.056912422180176,5.056912422180176,5.056912422180176,5.056912422180176,5.056912422180176,4.953666687011719
93,5,2025-10-23,5.081999778747559,4.986186504364014,4.986186504364014,5.056912422180176,4.986186504364014,4.986186504364014,5.056912422180176,4.953666687011719
93,6,2025-10-24,5.093500137329102,5.092276096343994,5.056912422180176,5.092276096343994,5.056912422180176,5.092276096343994,5.092276096343994,4.953666687011719
93,7,2025-10-25,5.109166622161865,5.056912422180176,4.915460586547852,5.056912422180176,4.915460586547852,5.056912422180176,5.056912422180176,4.953666687011719
94,1,2025-10-20,4.998000144958496,4.980127334594727,4.980127334594727,5.050767421722412,4.980127334594727,4.980127334594727,5.050767421722412,4.975833415985107
94,2,2025-10-21,4.929999828338623,5.01544713973999,5.01544713973999,5.050767421722412,5.01544713973999,5.01544713973999,5.050767421722412,4.975833415985107
94,3,2025-10-22,4.960999965667725,5.050767421722412,4.944807052612305,5.050767421722412,4.944807052612305,5.050767421722412,5.050767421722412,4.975833415985107
94,4,2025-10-23,5.081999778747559,5.050767421722412,5.050767421722412,5.050767421722412,5.050767421722412,5.050767421722412,5.050767421722412,4.975833415985107
94,5,2025-10-24,5.093500137329102,5.050767421722412,4.980127334594727,5.050767421722412,4.980127334594727,5.050767421722412,5.050767421722412,4.975833415985107
94,6,2025-10-25,5.109166622161865,5.050767421722412,4.980127334594727,5.050767421722412,4.980127334594727,5.050767421722412,5.050767421722412,4.975833415985107
94,7,2025-10-26,5.124833583831787,5.050767421722412,4.909487247467041,5.050767421722412,4.909487247467041,5.050767421722412,5.050767421722412,4.975833415985107
95,1,2025-10-21,4.929999828338623,5.045018196105957,4.974458694458008,5.045018196105957,4.974458694458008,5.045018196105957,5.045018196105957,4.998000144958496
95,2,2025-10-22,4.960999965667725,5.009738445281982,5.009738445281982,5.045018196105957,5.009738445281982,5.009738445281982,5.045018196105957,4.998000144958496
95,3,2025-10-23,5.081999778747559,5.045018196105957,4.939178943634033,5.045018196105957,4.939178943634033,5.045018196105957,5.045018196105957,4.998000144958496
95,4,2025-10-24,5.093500137329102,5.045018196105957,5.045018196105957,5.045018196105957,5.045018196105957,5.045018196105957,5.045018196105957,4.998000144958496
95,5,2025-10-25,5.109166622161865,4.974458694458008,4.974458694458008,5.045018196105957,4.974458694458008,4.974458694458008,5.045018196105957,4.998000144958496
95,6,2025-10-26,5.124833583831787,5.045018196105957,5.045018196105957,5.048546314239502,5.045018196105957,5.045018196105957,5.048546314239502,4.998000144958496
95,7,2025-10-27,5.140500068664551,4.939178943634033,4.903899192810059,5.045018196105957,4.903899192810059,4.939178943634033,5.045018196105957,4.998000144958496
96,1,2025-10-22,4.960999965667725,5.038721084594727,4.968249320983887,5.038721084594727,4.968249320983887,5.038721084594727,5.038721084594727,4.929999828338623
96,2,2025-10-23,5.081999778747559,5.038721084594727,5.003485202789307,5.038721084594727,5.003485202789307,5.038721084594727,5.038721084594727,4.929999828338623
96,3,2025-10-24,5.093500137329102,4.933013439178467,4.933013439178467,5.038721084594727,4.933013439178467,4.933013439178467,5.038721084594727,4.929999828338623
96,4,2025-10-25,5.109166622161865,5.038721084594727,5.038721084594727,5.038721084594727,5.038721084594727,5.038721084594727,5.038721084594727,4.929999828338623
96,5,2025-10-26,5.124833583831787,4.968249320983887,4.897777557373047,5.038721084594727,4.897777557373047,4.968249320983887,5.038721084594727,4.929999828338623
96,6,2025-10-27,5.140500068664551,5.038721084594727,4.897777557373047,5.073957443237305,4.897777557373047,5.038721084594727,5.073957443237305,4.929999828338623
96,7,2025-10-28,5.140500068664551,5.038721084594727,4.897777557373047,5.038721084594727,4.897777557373047,5.038721084594727,5.038721084594727,4.929999828338623
97,1,2025-10-23,5.081999778747559,5.032912731170654,5.032912731170654,5.032912731170654,5.032912731170654,5.032912731170654,5.032912731170654,4.960999965667725
97,2,2025-10-24,5.093500137329102,5.032912731170654,4.99771785736084,5.032912731170654,4.99771785736084,5.032912731170654,5.032912731170654,4.960999965667725
97,3,2025-10-25,5.109166622161865,5.032912731170654,4.927327632904053,5.032912731170654,4.927327632904053,5.032912731170654,5.032912731170654,4.960999965667725
97,4,2025-10-26,5.124833583831787,5.032912731170654,5.032912731170654,5.032912731170654,5.032912731170654,5.032912731170654,5.032912731170654,4.960999965667725
97,5,2025-10-27,5.140500068664551,4.962522506713867,4.89213228225708,5.032912731170654,4.89213228225708,4.962522506713867,5.032912731170654,4.960999965667725
97,6,2025-10-28,5.140500068664551,5.068108558654785,4.955483436584473,5.068108558654785,4.955483436584473,5.068108558654785,5.068108558654785,4.960999965667725
97,7,2025-10-29,5.233500003814697,4.89213228225708,4.89213228225708,5.032912731170654,4.89213228225708,4.89213228225708,5.032912731170654,4.960999965667725
98,1,2025-10-24,5.093500137329102,5.028048992156982,5.028048992156982,5.028048992156982,5.028048992156982,5.028048992156982,5.028048992156982,5.081999778747559
98,2,2025-10-25,5.109166622161865,5.028048992156982,4.992887496948242,5.028048992156982,4.992887496948242,5.028048992156982,5.028048992156982,5.081999778747559
98,3,2025-10-26,5.124833583831787,5.028048992156982,4.922565460205078,5.028048992156982,4.922565460205078,5.028048992156982,5.028048992156982,5.081999778747559
98,4,2025-10-27,5.140500068664551,5.028048992156982,5.028048992156982,5.028048992156982,5.028048992156982,5.028048992156982,5.028048992156982,5.081999778747559
98,5,2025-10-28,5.140500068664551,4.95772647857666,4.95772647857666,5.028048992156982,4.95772647857666,4.95772647857666,5.028048992156982,5.081999778747559
98,6,2025-10-29,5.233500003814697,5.028048992156982,5.028048992156982,5.063210487365723,5.028048992156982,5.028048992156982,5.063210487365723,5.081999778747559
98,7,2025-10-30,5.078000068664551,4.887404441833496,4.887404441833496,5.028048992156982,4.887404441833496,4.887404441833496,5.028048992156982,5.081999778747559
99,1,2025-10-25,5.109166622161865,5.0238237380981445,5.0238237380981445,5.0238237380981445,5.0238237380981445,5.0238237380981445,5.0238237380981445,5.093500137329102
99,2,2025-10-26,5.124833583831787,5.0238237380981445,4.988691806793213,5.0238237380981445,4.988691806793213,5.0238237380981445,5.0238237380981445,5.093500137329102
99,3,2025-10-27,5.140500068664551,4.9535603523254395,4.918428897857666,5.0238237380981445,4.918428897857666,4.9535603523254395,5.0238237380981445,5.093500137329102
99,4,2025-10-28,5.140500068664551,5.0238237380981445,5.0238237380981445,5.0238237380981445,5.0238237380981445,5.0238237380981445,5.0238237380981445,5.093500137329102
99,5,2025-10-29,5.233500003814697,4.9535603523254395,4.9535603523254395,5.0238237380981445,4.9535603523254395,4.9535603523254395,5.0238237380981445,5.093500137329102
99,6,2025-10-30,5.078000068664551,5.0238237380981445,5.0238237380981445,5.058955669403076,5.0238237380981445,5.0238237380981445,5.058955669403076,5.093500137329102
99,7,2025-10-31,5.065499782562256,4.918428897857666,4.883296966552734,5.0238237380981445,4.883296966552734,4.918428897857666,5.0238237380981445,5.093500137329102
100,1,2025-10-26,5.124833583831787,5.019872665405273,5.019872665405273,5.019872665405273,5.019872665405273,5.019872665405273,5.019872665405273,5.109166622161865
100,2,2025-10-27,5.140500068664551,5.019872665405273,4.984768867492676,5.019872665405273,4.984768867492676,5.019872665405273,5.019872665405273,5.109166622161865
100,3,2025-10-28,5.140500068664551,4.94966459274292,4.914560794830322,5.019872665405273,4.914560794830322,4.94966459274292,5.019872665405273,5.109166622161865
100,4,2025-10-29,5.233500003814697,5.019872665405273,5.019872665405273,5.019872665405273,5.019872665405273,5.019872665405273,5.019872665405273,5.109166622161865
100,5,2025-10-30,5.078000068664551,4.94966459274292,4.94966459274292,5.019872665405273,4.94966459274292,4.94966459274292,5.019872665405273,5.109166622161865
100,6,2025-10-31,5.065499782562256,5.019872665405273,5.019872665405273,5.0549774169921875,5.019872665405273,5.019872665405273,5.0549774169921875,5.109166622161865
100,7,2025-11-01,5.059333324432373,4.879456996917725,4.879456996917725,5.019872665405273,4.879456996917725,4.879456996917725,5.019872665405273,5.109166622161865
101,1,2025-10-27,5.140500068664551,5.0151214599609375,5.0151214599609375,5.0151214599609375,5.0151214599609375,5.0151214599609375,5.0151214599609375,5.124833583831787
101,2,2025-10-28,5.140500068664551,5.0151214599609375,4.980051040649414,5.0151214599609375,4.980051040649414,5.0151214599609375,5.0151214599609375,5.124833583831787
101,3,2025-10-29,5.233500003814697,4.944980144500732,4.909909248352051,5.0151214599609375,4.909909248352051,4.944980144500732,5.0151214599609375,5.124833583831787
101,4,2025-10-30,5.078000068664551,5.0151214599609375,5.0151214599609375,5.0151214599609375,5.0151214599609375,5.0151214599609375,5.0151214599609375,5.124833583831787
101,5,2025-10-31,5.065499782562256,4.944980144500732,4.944980144500732,5.0151214599609375,4.944980144500732,4.944980144500732,5.0151214599609375,5.124833583831787
101,6,2025-11-01,5.059333324432373,5.0151214599609375,5.0151214599609375,5.050192832946777,5.0151214599609375,5.0151214599609375,5.050192832946777,5.124833583831787
101,7,2025-11-02,5.053166389465332,4.874838829040527,4.874838829040527,5.0151214599609375,4.874838829040527,4.874838829040527,5.0151214599609375,5.124833583831787
102,1,2025-10-28,5.140500068664551,5.010421276092529,5.010421276092529,5.010421276092529,5.010421276092529,5.010421276092529,5.010421276092529,5.140500068664551
102,2,2025-10-29,5.233500003814697,5.010421276092529,4.975383758544922,5.010421276092529,4.975383758544922,5.010421276092529,5.010421276092529,5.140500068664551
102,3,2025-10-30,5.078000068664551,4.975383758544922,4.905307769775391,5.010421276092529,4.905307769775391,4.975383758544922,5.010421276092529,5.140500068664551
102,4,2025-10-31,5.065499782562256,5.010421276092529,5.010421276092529,5.010421276092529,5.010421276092529,5.010421276092529,5.010421276092529,5.140500068664551
102,5,2025-11-01,5.059333324432373,4.940345764160156,4.940345764160156,5.010421276092529,4.940345764160156,4.940345764160156,5.010421276092529,5.140500068664551
102,6,2025-11-02,5.053166389465332,5.010421276092529,5.010421276092529,5.045459747314453,5.010421276092529,5.010421276092529,5.045459747314453,5.140500068664551
102,7,2025-11-03,5.046999931335449,4.870269775390625,4.870269775390625,5.010421276092529,4.870269775390625,4.870269775390625,5.010421276092529,5.140500068664551
103,1,2025-10-29,5.233500003814697,5.005608081817627,5.005608081817627,5.005608081817627,5.005608081817627,5.005608081817627,5.005608081817627,5.140500068664551
103,2,2025-10-30,5.078000068664551,5.005608081817627,4.9706034660339355,5.005608081817627,4.9706034660339355,5.005608081817627,5.005608081817627,5.140500068664551
103,3,2025-10-31,5.065499782562256,4.935599327087402,4.900595188140869,5.005608081817627,4.900595188140869,4.935599327087402,5.005608081817627,5.140500068664551
103,4,2025-11-01,5.059333324432373,5.005608081817627,5.005608081817627,5.005608081817627,5.005608081817627,5.005608081817627,5.005608081817627,5.140500068664551
103,5,2025-11-02,5.053166389465332,4.935599327087402,4.935599327087402,4.9706034660339355,4.935599327087402,4.935599327087402,4.9706034660339355,5.140500068664551
103,6,2025-11-03,5.046999931335449,5.005608081817627,5.005608081817627,5.040612697601318,5.005608081817627,5.005608081817627,5.040612697601318,5.140500068664551
103,7,2025-11-04,4.926000118255615,4.865591049194336,4.865591049194336,5.005608081817627,4.865591049194336,4.865591049194336,5.005608081817627,5.140500068664551
104,1,2025-10-30,5.078000068664551,5.001655578613281,5.001655578613281,5.001655578613281,5.001655578613281,5.001655578613281,5.001655578613281,5.233500003814697
104,2,2025-10-31,5.065499782562256,5.001655578613281,4.966679096221924,5.001655578613281,4.966679096221924,5.001655578613281,5.001655578613281,5.233500003814697
104,3,2025-11-01,5.059333324432373,5.001655578613281,4.896725654602051,5.001655578613281,4.896725654602051,5.001655578613281,5.001655578613281,5.233500003814697
104,4,2025-11-02,5.053166389465332,5.001655578613281,5.001655578613281,5.001655578613281,5.001655578613281,5.001655578613281,5.001655578613281,5.233500003814697
104,5,2025-11-03,5.046999931335449,4.931702613830566,4.931702613830566,4.931702613830566,4.931702613830566,4.931702613830566,4.931702613830566,5.233500003814697
104,6,2025-11-04,4.926000118255615,5.001655578613281,5.001655578613281,5.036632537841797,5.001655578613281,5.001655578613281,5.036632537841797,5.233500003814697
104,7,2025-11-05,4.9629998207092285,5.001655578613281,4.861749172210693,5.001655578613281,4.861749172210693,5.001655578613281,5.001655578613281,5.233500003814697
105,1,2025-10-31,5.065499782562256,4.995165824890137,4.960234642028809,4.995165824890137,4.960234642028809,4.995165824890137,4.995165824890137,5.078000068664551
105,2,2025-11-01,5.059333324432373,4.995165824890137,4.960234642028809,4.995165824890137,4.960234642028809,4.995165824890137,4.995165824890137,5.078000068664551
105,3,2025-11-02,5.053166389465332,4.890372276306152,4.890372276306152,4.995165824890137,4.890372276306152,4.890372276306152,4.995165824890137,5.078000068664551
105,4,2025-11-03,5.046999931335449,4.995165824890137,4.995165824890137,4.995165824890137,4.995165824890137,4.995165824890137,4.995165824890137,5.078000068664551
105,5,2025-11-04,4.926000118255615,4.9253034591674805,4.9253034591674805,4.995165824890137,4.9253034591674805,4.9253034591674805,4.995165824890137,5.078000068664551
105,6,2025-11-05,4.9629998207092285,4.995165824890137,4.995165824890137,4.995165824890137,4.995165824890137,4.995165824890137,4.995165824890137,5.078000068664551
105,7,2025-11-06,4.945499897003174,4.995165824890137,4.855441093444824,4.995165824890137,4.855441093444824,4.995165824890137,4.995165824890137,5.078000068664551
106,1,2025-11-01,5.059333324432373,4.987517833709717,4.917762279510498,4.987517833709717,4.917762279510498,4.987517833709717,4.987517833709717,5.065499782562256
106,2,2025-11-02,5.053166389465332,4.987517833709717,4.952640056610107,4.987517833709717,4.952640056610107,4.987517833709717,4.987517833709717,5.065499782562256
106,3,2025-11-03,5.046999931335449,4.882884502410889,4.882884502410889,4.987517833709717,4.882884502410889,4.882884502410889,4.987517833709717,5.065499782562256
106,4,2025-11-04,4.926000118255615,4.987517833709717,4.848006725311279,4.987517833709717,4.848006725311279,4.987517833709717,4.987517833709717,5.065499782562256
106,5,2025-11-05,4.9629998207092285,4.917762279510498,4.9142746925354,4.987517833709717,4.9142746925354,4.917762279510498,4.987517833709717,5.065499782562256
106,6,2025-11-06,4.945499897003174,4.987517833709717,4.987517833709717,5.022396087646484,4.987517833709717,4.987517833709717,5.022396087646484,5.065499782562256
106,7,2025-11-07,4.938000202178955,4.987517833709717,4.848006725311279,4.987517833709717,4.848006725311279,4.987517833709717,4.987517833709717,5.065499782562256
107,1,2025-11-02,5.053166389465332,4.97999382019043,4.875518798828125,4.97999382019043,4.875518798828125,4.97999382019043,4.97999382019043,5.059333324432373
107,2,2025-11-03,5.046999931335449,4.945168972015381,4.945168972015381,4.97999382019043,4.945168972015381,4.945168972015381,4.97999382019043,5.059333324432373
107,3,2025-11-04,4.926000118255615,4.875518798828125,4.875518798828125,4.97999382019043,4.875518798828125,4.875518798828125,4.97999382019043,5.059333324432373
107,4,2025-11-05,4.9629998207092285,4.97999382019043,4.840693473815918,4.97999382019043,4.840693473815918,4.97999382019043,4.97999382019043,5.059333324432373
107,5,2025-11-06,4.945499897003174,4.97999382019043,4.840693473815918,4.97999382019043,4.840693473815918,4.97999382019043,4.97999382019043,5.059333324432373
107,6,2025-11-07,4.938000202178955,4.97999382019043,4.97999382019043,4.983476638793945,4.97999382019043,4.97999382019043,4.983476638793945,5.059333324432373
107,7,2025-11-08,4.987666606903076,4.97999382019043,4.840693473815918,4.97999382019043,4.840693473815918,4.97999382019043,4.97999382019043,5.059333324432373
108,1,2025-11-03,5.046999931335449,4.972546577453613,4.903000831604004,4.972546577453613,4.903000831604004,4.972546577453613,4.972546577453613,5.053166389465332
108,2,2025-11-04,4.926000118255615,4.937773704528809,4.868227958679199,4.972546577453613,4.868227958679199,4.937773704528809,4.972546577453613,5.053166389465332
108,3,2025-11-05,4.9629998207092285,4.868227958679199,4.868227958679199,4.972546577453613,4.868227958679199,4.868227958679199,4.972546577453613,5.053166389465332
108,4,2025-11-06,4.945499897003174,4.972546577453613,4.833454608917236,4.972546577453613,4.833454608917236,4.972546577453613,4.972546577453613,5.053166389465332
108,5,2025-11-07,4.938000202178955,4.972546577453613,4.833454608917236,4.972546577453613,4.833454608917236,4.972546577453613,4.972546577453613,5.053166389465332
108,6,2025-11-08,4.987666606903076,4.972546577453613,4.903000831604004,4.972546577453613,4.903000831604004,4.972546577453613,4.972546577453613,5.053166389465332
108,7,2025-11-09,5.0373334884643555,4.868227958679199,4.833454608917236,4.972546577453613,4.833454608917236,4.868227958679199,4.972546577453613,5.053166389465332
109,1,2025-11-04,4.926000118255615,4.9656243324279785,4.861450672149658,4.9656243324279785,4.861450672149658,4.9656243324279785,4.9656243324279785,5.046999931335449
109,2,2025-11-05,4.9629998207092285,4.9656243324279785,4.9309000968933105,4.9656243324279785,4.9309000968933105,4.9656243324279785,4.9656243324279785,5.046999931335449
109,3,2025-11-06,4.945499897003174,4.861450672149658,4.861450672149658,4.896175384521484,4.861450672149658,4.861450672149658,4.896175384521484,5.046999931335449
109,4,2025-11-07,4.938000202178955,4.9656243324279785,4.826725959777832,4.9656243324279785,4.826725959777832,4.9656243324279785,4.9656243324279785,5.046999931335449
109,5,2025-11-08,4.987666606903076,4.9656243324279785,4.826725959777832,4.9656243324279785,4.826725959777832,4.9656243324279785,4.9656243324279785,5.046999931335449
109,6,2025-11-09,5.0373334884643555,4.9656243324279785,4.826725959777832,4.9656243324279785,4.826725959777832,4.9656243324279785,4.9656243324279785,5.046999931335449
109,7,2025-11-10,5.086999893188477,4.9656243324279785,4.826725959777832,4.9656243324279785,4.826725959777832,4.9656243324279785,4.9656243324279785,5.046999931335449
110,1,2025-11-05,4.9629998207092285,4.854007720947266,4.854007720947266,4.958022117614746,4.854007720947266,4.854007720947266,4.958022117614746,4.926000118255615
110,2,2025-11-06,4.945499897003174,4.9233503341674805,4.8193359375,4.958022117614746,4.8193359375,4.9233503341674805,4.958022117614746,4.926000118255615
110,3,2025-11-07,4.938000202178955,4.854007720947266,4.854007720947266,4.854007720947266,4.854007720947266,4.854007720947266,4.854007720947266,4.926000118255615
110,4,2025-11-08,4.987666606903076,4.8193359375,4.8193359375,4.958022117614746,4.8193359375,4.8193359375,4.958022117614746,4.926000118255615
110,5,2025-11-09,5.0373334884643555,4.958022117614746,4.8193359375,4.958022117614746,4.8193359375,4.958022117614746,4.958022117614746,4.926000118255615
110,6,2025-11-10,5.086999893188477,4.8193359375,4.8193359375,4.958022117614746,4.8193359375,4.8193359375,4.958022117614746,4.926000118255615
110,7,2025-11-11,5.048500061035156,4.958022117614746,4.8193359375,4.958022117614746,4.8193359375,4.958022117614746,4.958022117614746,4.926000118255615
111,1,2025-11-06,4.945499897003174,4.847520351409912,4.847520351409912,4.951395511627197,4.847520351409912,4.847520351409912,4.951395511627197,4.9629998207092285
111,2,2025-11-07,4.938000202178955,4.951395511627197,4.847520351409912,4.951395511627197,4.847520351409912,4.951395511627197,4.951395511627197,4.9629998207092285
111,3,2025-11-08,4.987666606903076,4.847520351409912,4.847520351409912,4.882145404815674,4.847520351409912,4.847520351409912,4.882145404815674,4.9629998207092285
111,4,2025-11-09,5.0373334884643555,4.81289529800415,4.81289529800415,4.951395511627197,4.81289529800415,4.81289529800415,4.951395511627197,4.9629998207092285
111,5,2025-11-10,5.086999893188477,4.951395511627197,4.81289529800415,4.951395511627197,4.81289529800415,4.951395511627197,4.951395511627197,4.9629998207092285
111,6,2025-11-11,5.048500061035156,4.882145404815674,4.81289529800415,4.951395511627197,4.81289529800415,4.882145404815674,4.951395511627197,4.9629998207092285
111,7,2025-11-12,5.0894999504089355,4.951395511627197,4.81289529800415,4.951395511627197,4.81289529800415,4.951395511627197,4.951395511627197,4.9629998207092285
112,1,2025-11-07,4.938000202178955,4.840766906738281,4.840766906738281,4.944497585296631,4.840766906738281,4.840766906738281,4.944497585296631,4.945499897003174
112,2,2025-11-08,4.987666606903076,4.909920692443848,4.806190013885498,4.944497585296631,4.806190013885498,4.909920692443848,4.944497585296631,4.945499897003174
112,3,2025-11-09,5.0373334884643555,4.840766906738281,4.840766906738281,4.8753437995910645,4.840766906738281,4.840766906738281,4.8753437995910645,4.945499897003174
112,4,2025-11-10,5.086999893188477,4.806190013885498,4.806190013885498,4.944497585296631,4.806190013885498,4.806190013885498,4.944497585296631,4.945499897003174
112,5,2025-11-11,5.048500061035156,4.944497585296631,4.806190013885498,4.947955131530762,4.806190013885498,4.944497585296631,4.947955131530762,4.945499897003174
112,6,2025-11-12,5.0894999504089355,4.8753437995910645,4.806190013885498,4.944497585296631,4.806190013885498,4.8753437995910645,4.944497585296631,4.945499897003174
112,7,2025-11-13,5.087500095367432,4.944497585296631,4.806190013885498,4.944497585296631,4.806190013885498,4.944497585296631,4.944497585296631,4.945499897003174
113,1,2025-11-08,4.987666606903076,4.834280014038086,4.834280014038086,4.93787145614624,4.834280014038086,4.834280014038086,4.93787145614624,4.938000202178955
113,2,2025-11-09,5.0373334884643555,4.93787145614624,4.834280014038086,4.93787145614624,4.834280014038086,4.93787145614624,4.93787145614624,4.938000202178955
113,3,2025-11-10,5.086999893188477,4.834280014038086,4.834280014038086,4.868810653686523,4.834280014038086,4.834280014038086,4.868810653686523,4.938000202178955
113,4,2025-11-11,5.048500061035156,4.799749374389648,4.799749374389648,4.93787145614624,4.799749374389648,4.799749374389648,4.93787145614624,4.938000202178955
113,5,2025-11-12,5.0894999504089355,4.93787145614624,4.799749374389648,4.93787145614624,4.799749374389648,4.93787145614624,4.93787145614624,4.938000202178955
113,6,2025-11-13,5.087500095367432,4.868810653686523,4.799749374389648,4.972402572631836,4.799749374389648,4.868810653686523,4.972402572631836,4.938000202178955
113,7,2025-11-14,5.049499988555908,4.799749374389648,4.799749374389648,4.93787145614624,4.799749374389648,4.799749374389648,4.93787145614624,4.938000202178955
114,1,2025-11-09,5.0373334884643555,4.875603675842285,4.841025352478027,4.944761276245117,4.841025352478027,4.875603675842285,4.944761276245117,4.987666606903076
114,2,2025-11-10,5.086999893188477,4.944761276245117,4.841025352478027,4.944761276245117,4.841025352478027,4.944761276245117,4.944761276245117,4.987666606903076
114,3,2025-11-11,5.048500061035156,4.841025352478027,4.841025352478027,4.944761276245117,4.841025352478027,4.841025352478027,4.944761276245117,4.987666606903076
114,4,2025-11-12,5.0894999504089355,4.944761276245117,4.806446552276611,4.944761276245117,4.806446552276611,4.944761276245117,4.944761276245117,4.987666606903076
114,5,2025-11-13,5.087500095367432,4.944761276245117,4.806446552276611,4.944761276245117,4.806446552276611,4.944761276245117,4.944761276245117,4.987666606903076
114,6,2025-11-14,5.049499988555908,4.944761276245117,4.806446552276611,4.979340553283691,4.806446552276611,4.944761276245117,4.979340553283691,4.987666606903076
114,7,2025-11-15,5.0329999923706055,4.841025352478027,4.806446552276611,4.944761276245117,4.806446552276611,4.841025352478027,4.944761276245117,4.987666606903076
115,1,2025-11-10,5.086999893188477,4.9513115882873535,4.913224697113037,4.9513115882873535,4.913224697113037,4.9513115882873535,4.9513115882873535,5.0373334884643555
115,2,2025-11-11,5.048500061035156,4.9513115882873535,4.91668701171875,4.9513115882873535,4.91668701171875,4.9513115882873535,4.9513115882873535,5.0373334884643555
115,3,2025-11-12,5.0894999504089355,4.8820624351501465,4.847437858581543,4.9513115882873535,4.847437858581543,4.8820624351501465,4.9513115882873535,5.0373334884643555
115,4,2025-11-13,5.087500095367432,4.9513115882873535,4.812813758850098,4.9513115882873535,4.812813758850098,4.9513115882873535,4.9513115882873535,5.0373334884643555
115,5,2025-11-14,5.049499988555908,4.9513115882873535,4.8820624351501465,4.9513115882873535,4.8820624351501465,4.9513115882873535,4.9513115882873535,5.0373334884643555
115,6,2025-11-15,5.0329999923706055,4.9513115882873535,4.8820624351501465,4.985936641693115,4.8820624351501465,4.9513115882873535,4.985936641693115,5.0373334884643555
115,7,2025-11-16,5.016499996185303,4.812813758850098,4.812813758850098,4.9513115882873535,4.812813758850098,4.812813758850098,4.9513115882873535,5.0373334884643555
116,1,2025-11-11,5.048500061035156,4.958374500274658,4.889026641845703,4.958374500274658,4.889026641845703,4.958374500274658,4.958374500274658,5.086999893188477
116,2,2025-11-12,5.0894999504089355,4.958374500274658,4.923700332641602,4.958374500274658,4.923700332641602,4.958374500274658,4.958374500274658,5.086999893188477
116,3,2025-11-13,5.087500095367432,4.8543524742126465,4.8543524742126465,4.958374500274658,4.8543524742126465,4.8543524742126465,4.958374500274658,5.086999893188477
116,4,2025-11-14,5.049499988555908,4.958374500274658,4.958374500274658,4.958374500274658,4.958374500274658,4.958374500274658,4.958374500274658,5.086999893188477
116,5,2025-11-15,5.0329999923706055,4.958374500274658,4.889026641845703,4.958374500274658,4.889026641845703,4.958374500274658,4.958374500274658,5.086999893188477
116,6,2025-11-16,5.016499996185303,4.958374500274658,4.889026641845703,4.958374500274658,4.889026641845703,4.958374500274658,4.958374500274658,5.086999893188477
116,7,2025-11-17,5.0,4.8543524742126465,4.819678783416748,4.958374500274658,4.819678783416748,4.8543524742126465,4.958374500274658,5.086999893188477
117,1,2025-11-12,5.0894999504089355,4.965024471282959,4.860863208770752,4.965024471282959,4.860863208770752,4.965024471282959,4.965024471282959,5.048500061035156
117,2,2025-11-13,5.087500095367432,4.965024471282959,4.930304050445557,4.965024471282959,4.930304050445557,4.965024471282959,4.965024471282959,5.048500061035156
117,3,2025-11-14,5.049499988555908,4.860863208770752,4.860863208770752,4.899055480957031,4.860863208770752,4.860863208770752,4.899055480957031,5.048500061035156
117,4,2025-11-15,5.0329999923706055,4.965024471282959,4.965024471282959,4.965024471282959,4.965024471282959,4.965024471282959,4.965024471282959,5.048500061035156
117,5,2025-11-16,5.016499996185303,4.965024471282959,4.895583629608154,4.965024471282959,4.895583629608154,4.965024471282959,4.965024471282959,5.048500061035156
117,6,2025-11-17,5.0,4.965024471282959,4.895583629608154,4.999745845794678,4.895583629608154,4.965024471282959,4.999745845794678,5.048500061035156
117,7,2025-11-18,4.962500095367432,4.860863208770752,4.82614278793335,4.965024471282959,4.82614278793335,4.860863208770752,4.965024471282959,5.048500061035156
118,1,2025-11-13,5.087500095367432,4.9720964431762695,4.937326431274414,4.9720964431762695,4.937326431274414,4.9720964431762695,4.9720964431762695,5.0894999504089355
118,2,2025-11-14,5.049499988555908,4.9720964431762695,4.937326431274414,4.9720964431762695,4.937326431274414,4.9720964431762695,4.9720964431762695,5.0894999504089355
118,3,2025-11-15,5.0329999923706055,4.902556419372559,4.867786884307861,4.9720964431762695,4.867786884307861,4.902556419372559,4.9720964431762695,5.0894999504089355
118,4,2025-11-16,5.016499996185303,4.9720964431762695,4.9720964431762695,4.9720964431762695,4.9720964431762695,4.9720964431762695,4.9720964431762695,5.0894999504089355
118,5,2025-11-17,5.0,4.902556419372559,4.902556419372559,4.9720964431762695,4.902556419372559,4.902556419372559,4.9720964431762695,5.0894999504089355
118,6,2025-11-18,4.962500095367432,5.006866931915283,4.9720964431762695,5.006866931915283,4.9720964431762695,5.006866931915283,5.006866931915283,5.0894999504089355
118,7,2025-11-19,5.007999897003174,4.833016872406006,4.833016872406006,4.9720964431762695,4.833016872406006,4.833016872406006,4.9720964431762695,5.0894999504089355
119,1,2025-11-14,5.049499988555908,4.979681491851807,4.875212669372559,4.979681491851807,4.875212669372559,4.979681491851807,4.979681491851807,5.087500095367432
119,2,2025-11-15,5.0329999923706055,4.979681491851807,4.944858551025391,4.979681491851807,4.944858551025391,4.979681491851807,4.979681491851807,5.087500095367432
119,3,2025-11-16,5.016499996185303,4.875212669372559,4.875212669372559,4.910035610198975,4.875212669372559,4.875212669372559,4.910035610198975,5.087500095367432
119,4,2025-11-17,5.0,4.979681491851807,4.979681491851807,4.979681491851807,4.979681491851807,4.979681491851807,4.979681491851807,5.087500095367432
119,5,2025-11-18,4.962500095367432,4.979681491851807,4.910035610198975,4.979681491851807,4.910035610198975,4.979681491851807,4.979681491851807,5.087500095367432
119,6,2025-11-19,5.007999897003174,4.979681491851807,4.979681491851807,5.014504909515381,4.979681491851807,4.979681491851807,5.014504909515381,5.087500095367432
119,7,2025-11-20,4.959499835968018,4.875212669372559,4.840389728546143,4.979681491851807,4.840389728546143,4.875212669372559,4.979681491851807,5.087500095367432
120,1,2025-11-15,5.0329999923706055,4.986584663391113,4.88197135925293,4.986584663391113,4.88197135925293,4.986584663391113,4.986584663391113,5.049499988555908
120,2,2025-11-16,5.016499996185303,4.986584663391113,4.951713562011719,4.986584663391113,4.951713562011719,4.986584663391113,4.986584663391113,5.049499988555908
120,3,2025-11-17,5.0,4.88197135925293,4.88197135925293,4.916842460632324,4.88197135925293,4.88197135925293,4.916842460632324,5.049499988555908
120,4,2025-11-18,4.962500095367432,4.986584663391113,4.986584663391113,4.986584663391113,4.986584663391113,4.986584663391113,4.986584663391113,5.049499988555908
120,5,2025-11-19,5.007999897003174,4.986584663391113,4.916842460632324,4.986584663391113,4.916842460632324,4.986584663391113,4.986584663391113,5.049499988555908
120,6,2025-11-20,4.959499835968018,4.986584663391113,4.916842460632324,5.021456718444824,4.916842460632324,4.986584663391113,5.021456718444824,5.049499988555908
120,7,2025-11-21,5.008500099182129,4.88197135925293,4.847099781036377,4.986584663391113,4.847099781036377,4.88197135925293,4.986584663391113,5.049499988555908
121,1,2025-11-16,5.016499996185303,4.958527088165283,4.888688564300537,4.993445873260498,4.888688564300537,4.958527088165283,4.993445873260498,5.0329999923706055
121,2,2025-11-17,5.0,4.958527088165283,4.888688564300537,4.993445873260498,4.888688564300537,4.958527088165283,4.993445873260498,5.0329999923706055
121,3,2025-11-18,4.962500095367432,4.888688564300537,4.888688564300537,4.888688564300537,4.888688564300537,4.888688564300537,4.888688564300537,5.0329999923706055
121,4,2025-11-19,5.007999897003174,4.993445873260498,4.993445873260498,4.993445873260498,4.993445873260498,4.993445873260498,4.993445873260498,5.0329999923706055
121,5,2025-11-20,4.959499835968018,4.993445873260498,4.92360782623291,4.993445873260498,4.92360782623291,4.993445873260498,4.993445873260498,5.0329999923706055
121,6,2025-11-21,5.008500099182129,4.993445873260498,4.92360782623291,5.028365612030029,4.92360782623291,4.993445873260498,5.028365612030029,5.0329999923706055
121,7,2025-11-22,4.993000030517578,4.993445873260498,4.853769302368164,4.993445873260498,4.853769302368164,4.993445873260498,4.993445873260498,5.0329999923706055
122,1,2025-11-17,5.0,4.999328136444092,4.894446849822998,4.999328136444092,4.894446849822998,4.999328136444092,4.999328136444092,5.016499996185303
122,2,2025-11-18,4.962500095367432,4.999328136444092,4.964367866516113,4.999328136444092,4.964367866516113,4.999328136444092,4.999328136444092,5.016499996185303
122,3,2025-11-19,5.007999897003174,4.894446849822998,4.894446849822998,4.999328136444092,4.894446849822998,4.894446849822998,4.999328136444092,5.016499996185303
122,4,2025-11-20,4.959499835968018,4.999328136444092,4.988840103149414,4.999328136444092,4.988840103149414,4.999328136444092,4.999328136444092,5.016499996185303
122,5,2025-11-21,5.008500099182129,4.999328136444092,4.929407596588135,4.999328136444092,4.929407596588135,4.999328136444092,4.999328136444092,5.016499996185303
122,6,2025-11-22,4.993000030517578,5.0342888832092285,4.929407596588135,5.0342888832092285,4.929407596588135,5.0342888832092285,5.0342888832092285,5.016499996185303
122,7,2025-11-23,4.977499961853027,4.999328136444092,4.8594865798950195,4.999328136444092,4.8594865798950195,4.999328136444092,4.999328136444092,5.016499996185303
123,1,2025-11-18,4.962500095367432,4.900145053863525,4.900145053863525,5.005147933959961,4.900145053863525,4.900145053863525,5.005147933959961,5.0
123,2,2025-11-19,5.007999897003174,5.005147933959961,5.005147933959961,5.005147933959961,5.005147933959961,5.005147933959961,5.005147933959961,5.0
123,3,2025-11-20,4.959499835968018,4.900145053863525,4.900145053863525,4.935145854949951,4.900145053863525,4.900145053863525,4.935145854949951,5.0
123,4,2025-11-21,5.008500099182129,5.005147933959961,5.005147933959961,5.005147933959961,5.005147933959961,5.005147933959961,5.005147933959961,5.0
123,5,2025-11-22,4.993000030517578,5.005147933959961,5.005147933959961,5.005147933959961,5.005147933959961,5.005147933959961,5.005147933959961,5.0
123,6,2025-11-23,4.977499961853027,5.005147933959961,4.935145854949951,5.040149688720703,4.935145854949951,5.005147933959961,5.040149688720703,5.0
123,7,2025-11-24,4.961999893188477,5.005147933959961,4.865143775939941,5.005147933959961,4.865143775939941,5.005147933959961,5.005147933959961,5.0
124,1,2025-11-19,5.007999897003174,4.9055681228637695,4.9055681228637695,5.010687351226807,4.9055681228637695,4.9055681228637695,5.010687351226807,4.962500095367432
124,2,2025-11-20,4.959499835968018,4.975647926330566,4.9055681228637695,5.010687351226807,4.9055681228637695,4.975647926330566,5.010687351226807,4.962500095367432
124,3,2025-11-21,5.008500099182129,4.9055681228637695,4.9055681228637695,4.9055681228637695,4.9055681228637695,4.9055681228637695,4.9055681228637695,4.962500095367432
124,4,2025-11-22,4.993000030517578,5.010687351226807,5.010687351226807,5.010687351226807,5.010687351226807,5.010687351226807,5.010687351226807,4.962500095367432
124,5,2025-11-23,4.977499961853027,5.010687351226807,5.003679275512695,5.010687351226807,5.003679275512695,5.010687351226807,5.010687351226807,4.962500095367432
124,6,2025-11-24,4.961999893188477,5.010687351226807,4.870528697967529,5.045727729797363,4.870528697967529,5.010687351226807,5.045727729797363,4.962500095367432
124,7,2025-11-25,4.999499797821045,5.010687351226807,4.9055681228637695,5.010687351226807,4.9055681228637695,5.010687351226807,5.010687351226807,4.962500095367432
125,1,2025-11-20,4.959499835968018,5.016815185546875,4.943141937255859,5.016815185546875,4.943141937255859,5.016815185546875,5.016815185546875,5.007999897003174
125,2,2025-11-21,5.008500099182129,5.016815185546875,4.911567687988281,5.016815185546875,4.911567687988281,5.016815185546875,5.016815185546875,5.007999897003174
125,3,2025-11-22,4.993000030517578,4.911567687988281,4.911567687988281,5.016815185546875,4.911567687988281,4.911567687988281,5.016815185546875,5.007999897003174
125,4,2025-11-23,4.977499961853027,5.016815185546875,5.016815185546875,5.016815185546875,5.016815185546875,5.016815185546875,5.016815185546875,5.007999897003174
125,5,2025-11-24,4.961999893188477,5.016815185546875,4.94665002822876,5.016815185546875,4.94665002822876,5.016815185546875,5.016815185546875,5.007999897003174
125,6,2025-11-25,4.999499797821045,5.016815185546875,5.016815185546875,5.05189847946167,5.016815185546875,5.016815185546875,5.05189847946167,5.007999897003174
125,7,2025-11-26,5.104499816894531,5.016815185546875,4.8764848709106445,5.016815185546875,4.8764848709106445,5.016815185546875,5.016815185546875,5.007999897003174
126,1,2025-11-21,5.008500099182129,5.021543502807617,4.916196346282959,5.021543502807617,4.916196346282959,5.021543502807617,5.021543502807617,4.959499835968018
126,2,2025-11-22,4.993000030517578,5.021543502807617,4.881080627441406,5.021543502807617,4.881080627441406,5.021543502807617,5.021543502807617,4.959499835968018
126,3,2025-11-23,4.977499961853027,4.916196346282959,4.916196346282959,4.951312065124512,4.916196346282959,4.916196346282959,4.951312065124512,4.959499835968018
126,4,2025-11-24,4.961999893188477,5.021543502807617,4.881080627441406,5.021543502807617,4.881080627441406,5.021543502807617,5.021543502807617,4.959499835968018
126,5,2025-11-25,4.999499797821045,5.021543502807617,5.021543502807617,5.021543502807617,5.021543502807617,5.021543502807617,5.021543502807617,4.959499835968018
126,6,2025-11-26,5.104499816894531,5.021543502807617,4.881080627441406,5.056659698486328,4.881080627441406,5.021543502807617,5.056659698486328,4.959499835968018
126,7,2025-11-27,5.144999980926514,5.021543502807617,4.916196346282959,5.021543502807617,4.916196346282959,5.021543502807617,5.021543502807617,4.959499835968018
127,1,2025-11-22,4.993000030517578,5.027063369750977,4.921600818634033,5.027063369750977,4.921600818634033,5.027063369750977,5.027063369750977,5.008500099182129
127,2,2025-11-23,4.977499961853027,5.027063369750977,4.921600818634033,5.027063369750977,4.921600818634033,5.027063369750977,5.027063369750977,5.008500099182129
127,3,2025-11-24,4.961999893188477,4.921600818634033,4.921600818634033,5.027063369750977,4.921600818634033,4.921600818634033,5.027063369750977,5.008500099182129
127,4,2025-11-25,4.999499797821045,5.027063369750977,4.886446475982666,5.027063369750977,4.886446475982666,5.027063369750977,5.027063369750977,5.008500099182129
127,5,2025-11-26,5.104499816894531,5.027063369750977,4.886446475982666,5.027063369750977,4.886446475982666,5.027063369750977,5.027063369750977,5.008500099182129
127,6,2025-11-27,5.144999980926514,5.027063369750977,4.886446475982666,5.062218189239502,4.886446475982666,5.027063369750977,5.062218189239502,5.008500099182129
127,7,2025-11-28,5.185500144958496,5.027063369750977,4.886446475982666,5.027063369750977,4.886446475982666,5.027063369750977,5.027063369750977,5.008500099182129
128,1,2025-11-23,4.977499961853027,5.032604217529297,4.927024841308594,5.032604217529297,4.927024841308594,5.032604217529297,5.032604217529297,4.993000030517578
128,2,2025-11-24,4.961999893188477,5.032604217529297,4.927024841308594,5.032604217529297,4.927024841308594,5.032604217529297,5.032604217529297,4.993000030517578
128,3,2025-11-25,4.999499797821045,4.927024841308594,4.927024841308594,4.962217807769775,4.927024841308594,4.927024841308594,4.962217807769775,4.993000030517578
128,4,2025-11-26,5.104499816894531,5.032604217529297,4.891831874847412,5.032604217529297,4.891831874847412,5.032604217529297,5.032604217529297,4.993000030517578
128,5,2025-11-27,5.144999980926514,5.032604217529297,4.962217807769775,5.032604217529297,4.962217807769775,5.032604217529297,5.032604217529297,4.993000030517578
128,6,2025-11-28,5.185500144958496,5.032604217529297,4.891831874847412,5.067797660827637,4.891831874847412,5.032604217529297,5.067797660827637,4.993000030517578
128,7,2025-11-29,5.196666717529297,5.032604217529297,4.891831874847412,5.032604217529297,4.891831874847412,5.032604217529297,5.032604217529297,4.993000030517578
129,1,2025-11-24,4.961999893188477,5.002610683441162,4.932151794433594,5.037840366363525,4.932151794433594,5.002610683441162,5.037840366363525,4.977499961853027
129,2,2025-11-25,4.999499797821045,4.932151794433594,4.932151794433594,5.037840366363525,4.932151794433594,4.932151794433594,5.037840366363525,4.977499961853027
129,3,2025-11-26,5.104499816894531,4.932151794433594,4.932151794433594,4.932151794433594,4.932151794433594,4.932151794433594,4.932151794433594,4.977499961853027
129,4,2025-11-27,5.144999980926514,5.037840366363525,4.8969221115112305,5.037840366363525,4.8969221115112305,5.037840366363525,5.037840366363525,4.977499961853027
129,5,2025-11-28,5.185500144958496,5.037840366363525,5.037840366363525,5.073070526123047,5.037840366363525,5.037840366363525,5.073070526123047,4.977499961853027
129,6,2025-11-29,5.196666717529297,5.037840366363525,4.8969221115112305,5.073070526123047,4.8969221115112305,5.037840366363525,5.073070526123047,4.977499961853027
129,7,2025-11-30,5.207833290100098,4.932151794433594,4.8969221115112305,5.037840366363525,4.8969221115112305,4.932151794433594,5.037840366363525,4.977499961853027
130,1,2025-11-25,4.999499797821045,5.042988300323486,4.972456932067871,5.042988300323486,4.972456932067871,5.042988300323486,5.042988300323486,4.961999893188477
130,2,2025-11-26,5.104499816894531,5.042988300323486,5.0077223777771,5.042988300323486,5.0077223777771,5.042988300323486,5.042988300323486,4.961999893188477
130,3,2025-11-27,5.144999980926514,4.937191486358643,4.937191486358643,5.042988300323486,4.937191486358643,4.937191486358643,5.042988300323486,4.961999893188477
130,4,2025-11-28,5.185500144958496,5.042988300323486,4.901925563812256,5.042988300323486,4.901925563812256,5.042988300323486,5.042988300323486,4.961999893188477
130,5,2025-11-29,5.196666717529297,5.042988300323486,4.972456932067871,5.042988300323486,4.972456932067871,5.042988300323486,5.042988300323486,4.961999893188477
130,6,2025-11-30,5.207833290100098,5.078254222869873,4.901925563812256,5.078254222869873,4.901925563812256,5.078254222869873,5.078254222869873,4.961999893188477
130,7,2025-12-01,5.218999862670898,4.937191486358643,4.901925563812256,5.042988300323486,4.901925563812256,4.937191486358643,5.042988300323486,4.961999893188477
131,1,2025-11-26,5.104499816894531,5.048602104187012,4.977992534637451,5.048602104187012,4.977992534637451,5.048602104187012,5.048602104187012,4.999499797821045
131,2,2025-11-27,5.144999980926514,5.013297080993652,4.942687511444092,5.048602104187012,4.942687511444092,5.013297080993652,5.048602104187012,4.999499797821045
131,3,2025-11-28,5.185500144958496,4.942687511444092,4.942687511444092,5.048602104187012,4.942687511444092,4.942687511444092,5.048602104187012,4.999499797821045
131,4,2025-11-29,5.196666717529297,5.048602104187012,5.048602104187012,5.048602104187012,5.048602104187012,5.048602104187012,5.048602104187012,4.999499797821045
131,5,2025-11-30,5.207833290100098,5.048602104187012,4.977992534637451,5.048602104187012,4.977992534637451,5.048602104187012,5.048602104187012,4.999499797821045
131,6,2025-12-01,5.218999862670898,5.048602104187012,5.048602104187012,5.083907604217529,5.048602104187012,5.048602104187012,5.083907604217529,4.999499797821045
131,7,2025-12-02,5.160999774932861,4.942687511444092,4.907382488250732,5.048602104187012,4.907382488250732,4.942687511444092,5.048602104187012,4.999499797821045
132,1,2025-11-27,5.144999980926514,5.05539083480835,5.05539083480835,5.05539083480835,5.05539083480835,5.05539083480835,5.05539083480835,5.104499816894531
132,2,2025-11-28,5.185500144958496,5.05539083480835,5.020038604736328,5.05539083480835,5.020038604736328,5.05539083480835,5.05539083480835,5.104499816894531
132,3,2025-11-29,5.196666717529297,5.05539083480835,4.949333667755127,5.05539083480835,4.949333667755127,5.05539083480835,5.05539083480835,5.104499816894531
132,4,2025-11-30,5.207833290100098,5.05539083480835,5.05539083480835,5.05539083480835,5.05539083480835,5.05539083480835,5.05539083480835,5.104499816894531
132,5,2025-12-01,5.218999862670898,4.984686374664307,4.984686374664307,5.05539083480835,4.984686374664307,4.984686374664307,5.05539083480835,5.104499816894531
132,6,2025-12-02,5.160999774932861,5.05539083480835,5.05539083480835,5.0907440185546875,5.05539083480835,5.05539083480835,5.0907440185546875,5.104499816894531
132,7,2025-12-03,5.308000087738037,4.9139814376831055,4.9139814376831055,5.05539083480835,4.9139814376831055,4.9139814376831055,5.05539083480835,5.104499816894531
133,1,2025-11-28,5.185500144958496,5.063106536865234,5.063106536865234,5.063106536865234,5.063106536865234,5.063106536865234,5.063106536865234,5.144999980926514
133,2,2025-11-29,5.196666717529297,5.063106536865234,5.027699947357178,5.063106536865234,5.027699947357178,5.063106536865234,5.063106536865234,5.144999980926514
133,3,2025-11-30,5.207833290100098,5.0099968910217285,4.956887722015381,5.063106536865234,4.956887722015381,5.0099968910217285,5.063106536865234,5.144999980926514
133,4,2025-12-01,5.218999862670898,5.063106536865234,5.063106536865234,5.063106536865234,5.063106536865234,5.063106536865234,5.063106536865234,5.144999980926514
133,5,2025-12-02,5.160999774932861,4.992293834686279,4.992293834686279,5.063106536865234,4.992293834686279,4.992293834686279,5.063106536865234,5.144999980926514
133,6,2025-12-03,5.308000087738037,5.063106536865234,5.063106536865234,5.063106536865234,5.063106536865234,5.063106536865234,5.063106536865234,5.144999980926514
133,7,2025-12-04,5.291500091552734,4.921481132507324,4.921481132507324,5.063106536865234,4.921481132507324,4.921481132507324,5.063106536865234,5.144999980926514
134,1,2025-11-29,5.196666717529297,5.071069240570068,5.035606861114502,5.071069240570068,5.035606861114502,5.071069240570068,5.071069240570068,5.185500144958496
134,2,2025-11-30,5.207833290100098,5.035606861114502,4.9646830558776855,5.071069240570068,4.9646830558776855,5.035606861114502,5.071069240570068,5.185500144958496
134,3,2025-12-01,5.218999862670898,5.000144958496094,4.9646830558776855,5.071069240570068,4.9646830558776855,5.000144958496094,5.071069240570068,5.185500144958496
134,4,2025-12-02,5.160999774932861,5.071069240570068,5.071069240570068,5.071069240570068,5.071069240570068,5.071069240570068,5.071069240570068,5.185500144958496
134,5,2025-12-03,5.308000087738037,5.000144958496094,5.000144958496094,5.071069240570068,5.000144958496094,5.000144958496094,5.071069240570068,5.185500144958496
134,6,2025-12-04,5.291500091552734,5.071069240570068,5.071069240570068,5.071069240570068,5.071069240570068,5.071069240570068,5.071069240570068,5.185500144958496
134,7,2025-12-05,5.381999969482422,5.071069240570068,4.929221153259277,5.071069240570068,4.929221153259277,5.071069240570068,5.071069240570068,5.185500144958496
135,1,2025-11-30,5.207833290100098,5.0790910720825195,5.0790910720825195,5.0790910720825195,5.0790910720825195,5.0790910720825195,5.0790910720825195,5.196666717529297
135,2,2025-12-01,5.218999862670898,5.0790910720825195,5.043572902679443,5.0790910720825195,5.043572902679443,5.0790910720825195,5.0790910720825195,5.196666717529297
135,3,2025-12-02,5.160999774932861,5.008054733276367,4.972537040710449,5.0790910720825195,4.972537040710449,5.008054733276367,5.0790910720825195,5.196666717529297
135,4,2025-12-03,5.308000087738037,5.0790910720825195,5.0790910720825195,5.0790910720825195,5.0790910720825195,5.0790910720825195,5.0790910720825195,5.196666717529297
135,5,2025-12-04,5.291500091552734,5.008054733276367,5.008054733276367,5.0790910720825195,5.008054733276367,5.008054733276367,5.0790910720825195,5.196666717529297
135,6,2025-12-05,5.381999969482422,5.0790910720825195,5.0790910720825195,5.114609718322754,5.0790910720825195,5.0790910720825195,5.114609718322754,5.196666717529297
135,7,2025-12-06,5.376166820526123,4.937018871307373,4.937018871307373,5.0790910720825195,4.937018871307373,4.937018871307373,5.0790910720825195,5.196666717529297
136,1,2025-12-01,5.218999862670898,5.087062358856201,5.051488399505615,5.087062358856201,5.051488399505615,5.087062358856201,5.087062358856201,5.207833290100098
136,2,2025-12-02,5.160999774932861,5.087062358856201,5.051488399505615,5.087062358856201,5.051488399505615,5.087062358856201,5.087062358856201,5.207833290100098
136,3,2025-12-03,5.308000087738037,5.015914440155029,4.980340480804443,5.087062358856201,4.980340480804443,5.015914440155029,5.087062358856201,5.207833290100098
136,4,2025-12-04,5.291500091552734,5.087062358856201,5.087062358856201,5.087062358856201,5.087062358856201,5.087062358856201,5.087062358856201,5.207833290100098
136,5,2025-12-05,5.381999969482422,5.015914440155029,5.015914440155029,5.087062358856201,5.015914440155029,5.015914440155029,5.087062358856201,5.207833290100098
136,6,2025-12-06,5.376166820526123,5.087062358856201,5.087062358856201,5.122636795043945,5.087062358856201,5.087062358856201,5.122636795043945,5.207833290100098
136,7,2025-12-07,5.370333194732666,4.980340480804443,4.944766998291016,5.087062358856201,4.944766998291016,4.980340480804443,5.087062358856201,5.207833290100098
137,1,2025-12-02,5.160999774932861,5.095083713531494,5.059453964233398,5.095083713531494,5.059453964233398,5.095083713531494,5.095083713531494,5.218999862670898
137,2,2025-12-03,5.308000087738037,5.059453964233398,5.059453964233398,5.095083713531494,5.059453964233398,5.059453964233398,5.095083713531494,5.218999862670898
137,3,2025-12-04,5.291500091552734,5.0238237380981445,4.988193988800049,5.095083713531494,4.988193988800049,5.0238237380981445,5.095083713531494,5.218999862670898
137,4,2025-12-05,5.381999969482422,5.095083713531494,5.095083713531494,5.095083713531494,5.095083713531494,5.095083713531494,5.095083713531494,5.218999862670898
137,5,2025-12-06,5.376166820526123,5.0238237380981445,5.0238237380981445,5.095083713531494,5.0238237380981445,5.0238237380981445,5.095083713531494,5.218999862670898
137,6,2025-12-07,5.370333194732666,5.095083713531494,5.095083713531494,5.130714416503906,5.095083713531494,5.095083713531494,5.130714416503906,5.218999862670898
137,7,2025-12-08,5.364500045776367,4.988193988800049,4.952564239501953,5.095083713531494,4.952564239501953,4.988193988800049,5.095083713531494,5.218999862670898
138,1,2025-12-03,5.308000087738037,5.102431774139404,5.031069278717041,5.102431774139404,5.031069278717041,5.102431774139404,5.102431774139404,5.160999774932861
138,2,2025-12-04,5.291500091552734,5.066750526428223,5.066750526428223,5.102431774139404,5.066750526428223,5.066750526428223,5.102431774139404,5.160999774932861
138,3,2025-12-05,5.381999969482422,5.066750526428223,4.995388031005859,5.102431774139404,4.995388031005859,5.066750526428223,5.102431774139404,5.160999774932861
138,4,2025-12-06,5.376166820526123,5.102431774139404,5.102431774139404,5.102431774139404,5.102431774139404,5.102431774139404,5.102431774139404,5.160999774932861
138,5,2025-12-07,5.370333194732666,5.031069278717041,5.031069278717041,5.102431774139404,5.031069278717041,5.031069278717041,5.102431774139404,5.160999774932861
138,6,2025-12-08,5.364500045776367,5.102431774139404,5.102431774139404,5.138113975524902,5.102431774139404,5.102431774139404,5.138113975524902,5.160999774932861
138,7,2025-12-09,5.240499973297119,4.995388031005859,4.959706783294678,5.102431774139404,4.959706783294678,4.995388031005859,5.102431774139404,5.160999774932861
139,1,2025-12-04,5.291500091552734,5.111253261566162,5.111253261566162,5.111253261566162,5.111253261566162,5.111253261566162,5.111253261566162,5.308000087738037
139,2,2025-12-05,5.381999969482422,5.075510501861572,5.075510501861572,5.111253261566162,5.075510501861572,5.075510501861572,5.111253261566162,5.308000087738037
139,3,2025-12-06,5.376166820526123,5.111253261566162,5.004024505615234,5.111253261566162,5.004024505615234,5.111253261566162,5.111253261566162,5.308000087738037
139,4,2025-12-07,5.370333194732666,5.111253261566162,5.111253261566162,5.111253261566162,5.111253261566162,5.111253261566162,5.111253261566162,5.308000087738037
139,5,2025-12-08,5.364500045776367,5.039767265319824,5.039767265319824,5.111253261566162,5.039767265319824,5.039767265319824,5.111253261566162,5.308000087738037
139,6,2025-12-09,5.240499973297119,5.111253261566162,5.111253261566162,5.111253261566162,5.111253261566162,5.111253261566162,5.111253261566162,5.308000087738037
139,7,2025-12-10,5.2754998207092285,5.004024505615234,4.968281269073486,5.111253261566162,4.968281269073486,5.004024505615234,5.111253261566162,5.308000087738037
140,1,2025-12-05,5.381999969482422,5.120069980621338,5.048460960388184,5.120069980621338,5.048460960388184,5.120069980621338,5.120069980621338,5.291500091552734
140,2,2025-12-06,5.376166820526123,5.120069980621338,5.08426570892334,5.120069980621338,5.08426570892334,5.120069980621338,5.120069980621338,5.291500091552734
140,3,2025-12-07,5.370333194732666,5.048460960388184,5.012656211853027,5.120069980621338,5.012656211853027,5.048460960388184,5.120069980621338,5.291500091552734
140,4,2025-12-08,5.364500045776367,5.120069980621338,5.120069980621338,5.120069980621338,5.120069980621338,5.120069980621338,5.120069980621338,5.291500091552734
140,5,2025-12-09,5.240499973297119,5.048460960388184,5.048460960388184,5.120069980621338,5.048460960388184,5.048460960388184,5.120069980621338,5.291500091552734
140,6,2025-12-10,5.2754998207092285,5.120069980621338,5.120069980621338,5.120069980621338,5.120069980621338,5.120069980621338,5.120069980621338,5.291500091552734
140,7,2025-12-11,5.427000045776367,5.012656211853027,4.976851463317871,5.120069980621338,4.976851463317871,5.012656211853027,5.120069980621338,5.291500091552734
141,1,2025-12-06,5.376166820526123,5.130213260650635,5.130213260650635,5.130213260650635,5.130213260650635,5.130213260650635,5.130213260650635,5.381999969482422
141,2,2025-12-07,5.370333194732666,5.130213260650635,5.0943379402160645,5.130213260650635,5.0943379402160645,5.130213260650635,5.130213260650635,5.381999969482422
141,3,2025-12-08,5.364500045776367,5.130213260650635,5.058462142944336,5.130213260650635,5.058462142944336,5.130213260650635,5.130213260650635,5.381999969482422
141,4,2025-12-09,5.240499973297119,5.130213260650635,5.130213260650635,5.130213260650635,5.130213260650635,5.130213260650635,5.130213260650635,5.381999969482422
141,5,2025-12-10,5.2754998207092285,5.058462142944336,5.058462142944336,5.130213260650635,5.058462142944336,5.058462142944336,5.130213260650635,5.381999969482422
141,6,2025-12-11,5.427000045776367,5.130213260650635,5.130213260650635,5.1660895347595215,5.130213260650635,5.130213260650635,5.1660895347595215,5.381999969482422
141,7,2025-12-12,5.2835001945495605,5.022586822509766,4.986711025238037,5.130213260650635,4.986711025238037,5.022586822509766,5.130213260650635,5.381999969482422
142,1,2025-12-07,5.370333194732666,5.139781951904297,5.139781951904297,5.139781951904297,5.139781951904297,5.139781951904297,5.139781951904297,5.376166820526123
142,2,2025-12-08,5.364500045776367,5.139781951904297,5.103839874267578,5.139781951904297,5.103839874267578,5.139781951904297,5.139781951904297,5.376166820526123
142,3,2025-12-09,5.240499973297119,5.103839874267578,5.067897319793701,5.139781951904297,5.067897319793701,5.103839874267578,5.139781951904297,5.376166820526123
142,4,2025-12-10,5.2754998207092285,5.139781951904297,5.139781951904297,5.139781951904297,5.139781951904297,5.139781951904297,5.139781951904297,5.376166820526123
142,5,2025-12-11,5.427000045776367,5.067897319793701,5.067897319793701,5.067897319793701,5.067897319793701,5.067897319793701,5.067897319793701,5.376166820526123
142,6,2025-12-12,5.2835001945495605,5.139781951904297,5.139781951904297,5.17572546005249,5.139781951904297,5.139781951904297,5.17572546005249,5.376166820526123
142,7,2025-12-13,5.301833629608154,5.031954765319824,4.996012210845947,5.139781951904297,4.996012210845947,5.031954765319824,5.139781951904297,5.376166820526123
143,1,2025-12-08,5.364500045776367,5.148712635040283,5.145112037658691,5.148712635040283,5.145112037658691,5.148712635040283,5.148712635040283,5.370333194732666
143,2,2025-12-09,5.240499973297119,5.148712635040283,5.112707614898682,5.148712635040283,5.112707614898682,5.148712635040283,5.148712635040283,5.370333194732666
143,3,2025-12-10,5.2754998207092285,5.07670259475708,5.0406975746154785,5.148712635040283,5.0406975746154785,5.07670259475708,5.148712635040283,5.370333194732666
143,4,2025-12-11,5.427000045776367,5.148712635040283,5.148712635040283,5.148712635040283,5.148712635040283,5.148712635040283,5.148712635040283,5.370333194732666
143,5,2025-12-12,5.2835001945495605,5.07670259475708,5.07670259475708,5.148712635040283,5.07670259475708,5.07670259475708,5.148712635040283,5.370333194732666
143,6,2025-12-13,5.301833629608154,5.184718132019043,5.148712635040283,5.184718132019043,5.148712635040283,5.184718132019043,5.184718132019043,5.370333194732666
143,7,2025-12-14,5.32016658782959,5.004692554473877,5.004692554473877,5.148712635040283,5.004692554473877,5.004692554473877,5.148712635040283,5.370333194732666
144,1,2025-12-09,5.240499973297119,5.157447814941406,5.085315704345703,5.157447814941406,5.085315704345703,5.157447814941406,5.157447814941406,5.364500045776367
144,2,2025-12-10,5.2754998207092285,5.157447814941406,5.121381759643555,5.157447814941406,5.121381759643555,5.157447814941406,5.157447814941406,5.364500045776367
144,3,2025-12-11,5.427000045776367,5.085315704345703,5.049249649047852,5.157447814941406,5.049249649047852,5.085315704345703,5.157447814941406,5.364500045776367
144,4,2025-12-12,5.2835001945495605,5.157447814941406,5.157447814941406,5.157447814941406,5.157447814941406,5.157447814941406,5.157447814941406,5.364500045776367
144,5,2025-12-13,5.301833629608154,5.085315704345703,5.085315704345703,5.085315704345703,5.085315704345703,5.085315704345703,5.085315704345703,5.364500045776367
144,6,2025-12-14,5.32016658782959,5.157447814941406,5.157447814941406,5.193514823913574,5.157447814941406,5.157447814941406,5.193514823913574,5.364500045776367
144,7,2025-12-15,5.338500022888184,5.013184070587158,5.013184070587158,5.157447814941406,5.013184070587158,5.013184070587158,5.157447814941406,5.364500045776367
145,1,2025-12-10,5.2754998207092285,5.164750099182129,5.09251594543457,5.164750099182129,5.09251594543457,5.164750099182129,5.164750099182129,5.240499973297119
145,2,2025-12-11,5.427000045776367,5.12863302230835,5.12863302230835,5.164750099182129,5.12863302230835,5.12863302230835,5.164750099182129,5.240499973297119
145,3,2025-12-12,5.2835001945495605,5.164750099182129,5.056398868560791,5.164750099182129,5.056398868560791,5.164750099182129,5.164750099182129,5.240499973297119
145,4,2025-12-13,5.301833629608154,5.164750099182129,5.164750099182129,5.164750099182129,5.164750099182129,5.164750099182129,5.164750099182129,5.240499973297119
145,5,2025-12-14,5.32016658782959,5.09251594543457,5.09251594543457,5.164750099182129,5.09251594543457,5.09251594543457,5.164750099182129,5.240499973297119
145,6,2025-12-15,5.338500022888184,5.200867652893066,5.164750099182129,5.200867652893066,5.164750099182129,5.200867652893066,5.200867652893066,5.240499973297119
145,7,2025-12-16,5.2870001792907715,5.056398868560791,5.020281791687012,5.164750099182129,5.020281791687012,5.056398868560791,5.164750099182129,5.240499973297119
146,1,2025-12-11,5.427000045776367,5.172286033630371,5.172286033630371,5.172286033630371,5.172286033630371,5.172286033630371,5.172286033630371,5.2754998207092285
146,2,2025-12-12,5.2835001945495605,5.172286033630371,5.136116027832031,5.172286033630371,5.136116027832031,5.172286033630371,5.172286033630371,5.2754998207092285
146,3,2025-12-13,5.301833629608154,5.172286033630371,5.06377649307251,5.172286033630371,5.06377649307251,5.172286033630371,5.172286033630371,5.2754998207092285
146,4,2025-12-14,5.32016658782959,5.172286033630371,5.172286033630371,5.172286033630371,5.172286033630371,5.172286033630371,5.172286033630371,5.2754998207092285
146,5,2025-12-15,5.338500022888184,5.099946022033691,5.099946022033691,5.172286033630371,5.099946022033691,5.099946022033691,5.172286033630371,5.2754998207092285
146,6,2025-12-16,5.2870001792907715,5.172286033630371,5.172286033630371,5.208456039428711,5.172286033630371,5.172286033630371,5.208456039428711,5.2754998207092285
146,7,2025-12-17,5.363500118255615,5.02760648727417,5.02760648727417,5.172286033630371,5.02760648727417,5.02760648727417,5.172286033630371,5.2754998207092285
147,1,2025-12-12,5.2835001945495605,5.181275844573975,5.181275844573975,5.181275844573975,5.181275844573975,5.181275844573975,5.181275844573975,5.427000045776367
147,2,2025-12-13,5.301833629608154,5.181275844573975,5.145042896270752,5.181275844573975,5.145042896270752,5.181275844573975,5.181275844573975,5.427000045776367
147,3,2025-12-14,5.32016658782959,5.181275844573975,5.1088104248046875,5.181275844573975,5.1088104248046875,5.181275844573975,5.181275844573975,5.427000045776367
147,4,2025-12-15,5.338500022888184,5.181275844573975,5.181275844573975,5.181275844573975,5.181275844573975,5.181275844573975,5.181275844573975,5.427000045776367
147,5,2025-12-16,5.2870001792907715,5.1088104248046875,5.1088104248046875,5.1088104248046875,5.1088104248046875,5.1088104248046875,5.1088104248046875,5.427000045776367
147,6,2025-12-17,5.363500118255615,5.181275844573975,5.181275844573975,5.217508792877197,5.181275844573975,5.181275844573975,5.217508792877197,5.427000045776367
147,7,2025-12-18,5.366499900817871,5.0363450050354,5.0363450050354,5.181275844573975,5.0363450050354,5.0363450050354,5.181275844573975,5.427000045776367
148,1,2025-12-13,5.301833629608154,5.188876152038574,5.152590274810791,5.188876152038574,5.152590274810791,5.188876152038574,5.188876152038574,5.2835001945495605
148,2,2025-12-14,5.32016658782959,5.188876152038574,5.152590274810791,5.188876152038574,5.152590274810791,5.188876152038574,5.188876152038574,5.2835001945495605
148,3,2025-12-15,5.338500022888184,5.116304874420166,5.080018997192383,5.188876152038574,5.080018997192383,5.116304874420166,5.188876152038574,5.2835001945495605
148,4,2025-12-16,5.2870001792907715,5.188876152038574,5.188876152038574,5.188876152038574,5.188876152038574,5.188876152038574,5.188876152038574,5.2835001945495605
148,5,2025-12-17,5.363500118255615,5.116304874420166,5.116304874420166,5.188876152038574,5.116304874420166,5.116304874420166,5.188876152038574,5.2835001945495605
148,6,2025-12-18,5.366499900817871,5.188876152038574,5.188876152038574,5.225162506103516,5.188876152038574,5.188876152038574,5.225162506103516,5.2835001945495605
148,7,2025-12-19,5.439499855041504,5.080018997192383,5.0437331199646,5.188876152038574,5.0437331199646,5.080018997192383,5.188876152038574,5.2835001945495605
149,1,2025-12-14,5.32016658782959,5.197408676147461,5.161063194274902,5.197408676147461,5.161063194274902,5.197408676147461,5.197408676147461,5.301833629608154
149,2,2025-12-15,5.338500022888184,5.197408676147461,5.161063194274902,5.197408676147461,5.161063194274902,5.197408676147461,5.197408676147461,5.301833629608154
149,3,2025-12-16,5.2870001792907715,5.124717712402344,5.088372230529785,5.197408676147461,5.088372230529785,5.124717712402344,5.197408676147461,5.301833629608154
149,4,2025-12-17,5.363500118255615,5.197408676147461,5.197408676147461,5.197408676147461,5.197408676147461,5.197408676147461,5.197408676147461,5.301833629608154
149,5,2025-12-18,5.366499900817871,5.124717712402344,5.124717712402344,5.128352165222168,5.124717712402344,5.124717712402344,5.128352165222168,5.301833629608154
149,6,2025-12-19,5.439499855041504,5.197408676147461,5.197408676147461,5.233754634857178,5.197408676147461,5.197408676147461,5.233754634857178,5.301833629608154
149,7,2025-12-20,5.438833236694336,5.052026748657227,5.052026748657227,5.197408676147461,5.052026748657227,5.052026748657227,5.197408676147461,5.301833629608154
150,1,2025-12-15,5.338500022888184,5.20619010925293,5.20619010925293,5.20619010925293,5.20619010925293,5.20619010925293,5.20619010925293,5.32016658782959
150,2,2025-12-16,5.2870001792907715,5.20619010925293,5.169783115386963,5.20619010925293,5.169783115386963,5.20619010925293,5.20619010925293,5.32016658782959
150,3,2025-12-17,5.363500118255615,5.20619010925293,5.133376598358154,5.20619010925293,5.133376598358154,5.20619010925293,5.20619010925293,5.32016658782959
150,4,2025-12-18,5.366499900817871,5.20619010925293,5.20619010925293,5.20619010925293,5.20619010925293,5.20619010925293,5.20619010925293,5.32016658782959
150,5,2025-12-19,5.439499855041504,5.133376598358154,5.133376598358154,5.133376598358154,5.133376598358154,5.133376598358154,5.133376598358154,5.32016658782959
150,6,2025-12-20,5.438833236694336,5.20619010925293,5.20619010925293,5.242597579956055,5.20619010925293,5.20619010925293,5.242597579956055,5.32016658782959
150,7,2025-12-21,5.438166618347168,5.20619010925293,5.060562610626221,5.20619010925293,5.060562610626221,5.20619010925293,5.20619010925293,5.32016658782959
151,1,2025-12-16,5.2870001792907715,5.215137004852295,5.175020694732666,5.215137004852295,5.175020694732666,5.215137004852295,5.215137004852295,5.338500022888184
151,2,2025-12-17,5.363500118255615,5.196902275085449,5.1786675453186035,5.215137004852295,5.1786675453186035,5.196902275085449,5.215137004852295,5.338500022888184
151,3,2025-12-18,5.366499900817871,5.1786675453186035,5.105728626251221,5.215137004852295,5.105728626251221,5.1786675453186035,5.215137004852295,5.338500022888184
151,4,2025-12-19,5.439499855041504,5.215137004852295,5.215137004852295,5.215137004852295,5.215137004852295,5.215137004852295,5.215137004852295,5.338500022888184
151,5,2025-12-20,5.438833236694336,5.142198085784912,5.142198085784912,5.182314395904541,5.142198085784912,5.142198085784912,5.182314395904541,5.338500022888184
151,6,2025-12-21,5.438166618347168,5.215137004852295,5.215137004852295,5.2516069412231445,5.215137004852295,5.215137004852295,5.2516069412231445,5.338500022888184
151,7,2025-12-22,5.4375,5.215137004852295,5.069259166717529,5.215137004852295,5.069259166717529,5.215137004852295,5.215137004852295,5.338500022888184
152,1,2025-12-17,5.363500118255615,5.223515033721924,5.1833343505859375,5.223515033721924,5.1833343505859375,5.223515033721924,5.223515033721924,5.2870001792907715
152,2,2025-12-18,5.366499900817871,5.223515033721924,5.186986923217773,5.223515033721924,5.186986923217773,5.223515033721924,5.223515033721924,5.2870001792907715
152,3,2025-12-19,5.439499855041504,5.186986923217773,5.113930702209473,5.223515033721924,5.113930702209473,5.186986923217773,5.223515033721924,5.2870001792907715
152,4,2025-12-20,5.438833236694336,5.223515033721924,5.223515033721924,5.223515033721924,5.223515033721924,5.223515033721924,5.223515033721924,5.2870001792907715
152,5,2025-12-21,5.438166618347168,5.150458812713623,5.150458812713623,5.223515033721924,5.150458812713623,5.150458812713623,5.223515033721924,5.2870001792907715
152,6,2025-12-22,5.4375,5.260043621063232,5.223515033721924,5.260043621063232,5.223515033721924,5.260043621063232,5.260043621063232,5.2870001792907715
152,7,2025-12-23,5.47599983215332,5.223515033721924,5.0774030685424805,5.223515033721924,5.0774030685424805,5.223515033721924,5.223515033721924,5.2870001792907715
153,1,2025-12-18,5.366499900817871,5.232667446136475,5.232667446136475,5.232667446136475,5.232667446136475,5.232667446136475,5.232667446136475,5.363500118255615
153,2,2025-12-19,5.439499855041504,5.232667446136475,5.196075439453125,5.232667446136475,5.196075439453125,5.232667446136475,5.232667446136475,5.363500118255615
153,3,2025-12-20,5.438833236694336,5.232667446136475,5.122891426086426,5.232667446136475,5.122891426086426,5.232667446136475,5.232667446136475,5.363500118255615
153,4,2025-12-21,5.438166618347168,5.232667446136475,5.232667446136475,5.232667446136475,5.232667446136475,5.232667446136475,5.232667446136475,5.363500118255615
153,5,2025-12-22,5.4375,5.159483432769775,5.159483432769775,5.163142681121826,5.159483432769775,5.159483432769775,5.163142681121826,5.363500118255615
153,6,2025-12-23,5.47599983215332,5.232667446136475,5.232667446136475,5.269259929656982,5.232667446136475,5.232667446136475,5.269259929656982,5.363500118255615
153,7,2025-12-24,5.498499870300293,5.086299419403076,5.086299419403076,5.232667446136475,5.086299419403076,5.086299419403076,5.232667446136475,5.363500118255615
154,1,2025-12-19,5.439499855041504,5.241741180419922,5.241741180419922,5.241741180419922,5.241741180419922,5.241741180419922,5.241741180419922,5.366499900817871
154,2,2025-12-20,5.438833236694336,5.241741180419922,5.205085754394531,5.241741180419922,5.205085754394531,5.241741180419922,5.241741180419922,5.366499900817871
154,3,2025-12-21,5.438166618347168,5.205085754394531,5.13177490234375,5.241741180419922,5.13177490234375,5.205085754394531,5.241741180419922,5.366499900817871
154,4,2025-12-22,5.4375,5.241741180419922,5.241741180419922,5.241741180419922,5.241741180419922,5.241741180419922,5.241741180419922,5.366499900817871
154,5,2025-12-23,5.47599983215332,5.168430328369141,5.168430328369141,5.168430328369141,5.168430328369141,5.168430328369141,5.168430328369141,5.366499900817871
154,6,2025-12-24,5.498499870300293,5.241741180419922,5.241741180419922,5.278397560119629,5.241741180419922,5.241741180419922,5.278397560119629,5.366499900817871
154,7,2025-12-25,5.632499694824219,5.095119476318359,5.095119476318359,5.241741180419922,5.095119476318359,5.095119476318359,5.241741180419922,5.366499900817871
155,1,2025-12-20,5.438833236694336,5.2510666847229,5.2510666847229,5.2510666847229,5.2510666847229,5.2510666847229,5.2510666847229,5.439499855041504
155,2,2025-12-21,5.438166618347168,5.2510666847229,5.214345932006836,5.2510666847229,5.214345932006836,5.2510666847229,5.2510666847229,5.439499855041504
155,3,2025-12-22,5.4375,5.2510666847229,5.140904426574707,5.2510666847229,5.140904426574707,5.2510666847229,5.2510666847229,5.439499855041504
155,4,2025-12-23,5.47599983215332,5.2510666847229,5.2510666847229,5.2510666847229,5.2510666847229,5.2510666847229,5.2510666847229,5.439499855041504
155,5,2025-12-24,5.498499870300293,5.1776251792907715,5.1776251792907715,5.1776251792907715,5.1776251792907715,5.1776251792907715,5.1776251792907715,5.439499855041504
155,6,2025-12-25,5.632499694824219,5.2510666847229,5.2510666847229,5.287787914276123,5.2510666847229,5.2510666847229,5.287787914276123,5.439499855041504
155,7,2025-12-26,5.766499996185303,5.140904426574707,5.104183673858643,5.2510666847229,5.104183673858643,5.140904426574707,5.2510666847229,5.439499855041504
156,1,2025-12-21,5.438166618347168,5.259960651397705,5.223177433013916,5.259960651397705,5.223177433013916,5.259960651397705,5.259960651397705,5.438833236694336
156,2,2025-12-22,5.4375,5.223177433013916,5.223177433013916,5.259960651397705,5.223177433013916,5.223177433013916,5.259960651397705,5.438833236694336
156,3,2025-12-23,5.47599983215332,5.259960651397705,5.149611949920654,5.259960651397705,5.149611949920654,5.259960651397705,5.259960651397705,5.438833236694336
156,4,2025-12-24,5.498499870300293,5.259960651397705,5.259960651397705,5.259960651397705,5.259960651397705,5.259960651397705,5.259960651397705,5.438833236694336
156,5,2025-12-25,5.632499694824219,5.186394691467285,5.186394691467285,5.259960651397705,5.186394691467285,5.186394691467285,5.259960651397705,5.438833236694336
156,6,2025-12-26,5.766499996185303,5.259960651397705,5.259960651397705,5.259960651397705,5.259960651397705,5.259960651397705,5.259960651397705,5.438833236694336
156,7,2025-12-27,5.674499988555908,5.149611949920654,5.112828731536865,5.259960651397705,5.112828731536865,5.149611949920654,5.259960651397705,5.438833236694336
157,1,2025-12-22,5.4375,5.268868446350098,5.232023239135742,5.268868446350098,5.232023239135742,5.268868446350098,5.268868446350098,5.438166618347168
157,2,2025-12-23,5.47599983215332,5.268868446350098,5.232023239135742,5.268868446350098,5.232023239135742,5.268868446350098,5.268868446350098,5.438166618347168
157,3,2025-12-24,5.498499870300293,5.195178031921387,5.158332824707031,5.268868446350098,5.158332824707031,5.195178031921387,5.268868446350098,5.438166618347168
157,4,2025-12-25,5.632499694824219,5.268868446350098,5.268868446350098,5.268868446350098,5.268868446350098,5.268868446350098,5.268868446350098,5.438166618347168
157,5,2025-12-26,5.766499996185303,5.195178031921387,5.195178031921387,5.198862552642822,5.195178031921387,5.195178031921387,5.198862552642822,5.438166618347168
157,6,2025-12-27,5.674499988555908,5.268868446350098,5.268868446350098,5.305714130401611,5.268868446350098,5.268868446350098,5.305714130401611,5.438166618347168
157,7,2025-12-28,5.582499980926514,5.121487617492676,5.121487617492676,5.268868446350098,5.121487617492676,5.121487617492676,5.268868446350098,5.438166618347168
158,1,2025-12-23,5.47599983215332,5.2775349617004395,5.2775349617004395,5.2775349617004395,5.2775349617004395,5.2775349617004395,5.2775349617004395,5.4375
158,2,2025-12-24,5.498499870300293,5.2775349617004395,5.240629196166992,5.2775349617004395,5.240629196166992,5.2775349617004395,5.2775349617004395,5.4375
158,3,2025-12-25,5.632499694824219,5.203723430633545,5.1668171882629395,5.2775349617004395,5.1668171882629395,5.203723430633545,5.2775349617004395,5.4375
158,4,2025-12-26,5.766499996185303,5.2775349617004395,5.2775349617004395,5.2775349617004395,5.2775349617004395,5.2775349617004395,5.2775349617004395,5.4375
158,5,2025-12-27,5.674499988555908,5.203723430633545,5.203723430633545,5.203723430633545,5.203723430633545,5.203723430633545,5.203723430633545,5.4375
158,6,2025-12-28,5.582499980926514,5.2775349617004395,5.2775349617004395,5.314441204071045,5.2775349617004395,5.2775349617004395,5.314441204071045,5.4375
158,7,2025-12-29,5.490499973297119,5.129911422729492,5.129911422729492,5.2775349617004395,5.129911422729492,5.129911422729492,5.2775349617004395,5.4375
159,1,2025-12-24,5.498499870300293,5.286370754241943,5.286370754241943,5.286370754241943,5.286370754241943,5.286370754241943,5.286370754241943,5.47599983215332
159,2,2025-12-25,5.632499694824219,5.24940299987793,5.24940299987793,5.286370754241943,5.24940299987793,5.24940299987793,5.286370754241943,5.47599983215332
159,3,2025-12-26,5.766499996185303,5.286370754241943,5.1754679679870605,5.286370754241943,5.1754679679870605,5.286370754241943,5.286370754241943,5.47599983215332
159,4,2025-12-27,5.674499988555908,5.286370754241943,5.286370754241943,5.286370754241943,5.286370754241943,5.286370754241943,5.286370754241943,5.47599983215332
159,5,2025-12-28,5.582499980926514,5.212435722351074,5.212435722351074,5.212435722351074,5.212435722351074,5.212435722351074,5.212435722351074,5.47599983215332
159,6,2025-12-29,5.490499973297119,5.286370754241943,5.286370754241943,5.323338985443115,5.286370754241943,5.286370754241943,5.323338985443115,5.47599983215332
159,7,2025-12-30,5.727499961853027,5.1754679679870605,5.138500213623047,5.286370754241943,5.138500213623047,5.1754679679870605,5.286370754241943,5.47599983215332
160,1,2025-12-25,5.632499694824219,5.29520845413208,5.29520845413208,5.29520845413208,5.29520845413208,5.29520845413208,5.29520845413208,5.498499870300293
160,2,2025-12-26,5.766499996185303,5.258179187774658,5.258179187774658,5.29520845413208,5.258179187774658,5.258179187774658,5.29520845413208,5.498499870300293
160,3,2025-12-27,5.674499988555908,5.258179187774658,5.1841206550598145,5.29520845413208,5.1841206550598145,5.258179187774658,5.29520845413208,5.498499870300293
160,4,2025-12-28,5.582499980926514,5.29520845413208,5.29520845413208,5.29520845413208,5.29520845413208,5.29520845413208,5.29520845413208,5.498499870300293
160,5,2025-12-29,5.490499973297119,5.221149921417236,5.221149921417236,5.29520845413208,5.221149921417236,5.221149921417236,5.29520845413208,5.498499870300293
160,6,2025-12-30,5.727499961853027,5.29520845413208,5.29520845413208,5.332238674163818,5.29520845413208,5.29520845413208,5.332238674163818,5.498499870300293
160,7,2025-12-31,5.630000114440918,5.1841206550598145,5.147090911865234,5.29520845413208,5.147090911865234,5.1841206550598145,5.29520845413208,5.498499870300293
161,1,2025-12-26,5.766499996185303,5.30568790435791,5.30568790435791,5.30568790435791,5.30568790435791,5.30568790435791,5.30568790435791,5.632499694824219
161,2,2025-12-27,5.674499988555908,5.30568790435791,5.268585205078125,5.30568790435791,5.268585205078125,5.30568790435791,5.30568790435791,5.632499694824219
161,3,2025-12-28,5.582499980926514,5.30568790435791,5.23148250579834,5.30568790435791,5.23148250579834,5.30568790435791,5.30568790435791,5.632499694824219
161,4,2025-12-29,5.490499973297119,5.30568790435791,5.30568790435791,5.30568790435791,5.30568790435791,5.30568790435791,5.30568790435791,5.632499694824219
161,5,2025-12-30,5.727499961853027,5.23148250579834,5.23148250579834,5.235192775726318,5.23148250579834,5.23148250579834,5.235192775726318,5.632499694824219
161,6,2025-12-31,5.630000114440918,5.30568790435791,5.30568790435791,5.3427910804748535,5.30568790435791,5.30568790435791,5.3427910804748535,5.632499694824219
161,7,2026-01-01,5.635000228881836,5.194379806518555,5.1572771072387695,5.30568790435791,5.1572771072387695,5.194379806518555,5.30568790435791,5.632499694824219
162,1,2025-12-27,5.674499988555908,5.318221092224121,5.318221092224121,5.318221092224121,5.318221092224121,5.318221092224121,5.318221092224121,5.766499996185303
162,2,2025-12-28,5.582499980926514,5.318221092224121,5.281030654907227,5.318221092224121,5.281030654907227,5.318221092224121,5.318221092224121,5.766499996185303
162,3,2025-12-29,5.490499973297119,5.281030654907227,5.243840217590332,5.318221092224121,5.243840217590332,5.281030654907227,5.318221092224121,5.766499996185303
162,4,2025-12-30,5.727499961853027,5.318221092224121,5.318221092224121,5.318221092224121,5.318221092224121,5.318221092224121,5.318221092224121,5.766499996185303
162,5,2025-12-31,5.630000114440918,5.243840217590332,5.243840217590332,5.243840217590332,5.243840217590332,5.243840217590332,5.243840217590332,5.766499996185303
162,6,2026-01-01,5.635000228881836,5.318221092224121,5.318221092224121,5.355412006378174,5.318221092224121,5.318221092224121,5.355412006378174,5.766499996185303
162,7,2026-01-02,5.639999866485596,5.206650257110596,5.169459819793701,5.318221092224121,5.169459819793701,5.206650257110596,5.318221092224121,5.766499996185303
163,1,2025-12-28,5.582499980926514,5.330104827880859,5.330104827880859,5.330104827880859,5.330104827880859,5.330104827880859,5.330104827880859,5.674499988555908
163,2,2025-12-29,5.490499973297119,5.330104827880859,5.2928314208984375,5.330104827880859,5.2928314208984375,5.330104827880859,5.330104827880859,5.674499988555908
163,3,2025-12-30,5.727499961853027,5.2928314208984375,5.218284606933594,5.330104827880859,5.218284606933594,5.2928314208984375,5.330104827880859,5.674499988555908
163,4,2025-12-31,5.630000114440918,5.330104827880859,5.330104827880859,5.330104827880859,5.330104827880859,5.330104827880859,5.330104827880859,5.674499988555908
163,5,2026-01-01,5.635000228881836,5.255558013916016,5.255558013916016,5.330104827880859,5.255558013916016,5.255558013916016,5.330104827880859,5.674499988555908
163,6,2026-01-02,5.639999866485596,5.330104827880859,5.330104827880859,5.3673787117004395,5.330104827880859,5.330104827880859,5.3673787117004395,5.674499988555908
163,7,2026-01-03,5.734833240509033,5.218284606933594,5.181011199951172,5.330104827880859,5.181011199951172,5.218284606933594,5.330104827880859,5.674499988555908
164,1,2025-12-29,5.490499973297119,5.340730667114258,5.299648284912109,5.340730667114258,5.299648284912109,5.340730667114258,5.340730667114258,5.582499980926514
164,2,2025-12-30,5.727499961853027,5.340730667114258,5.303382873535156,5.340730667114258,5.303382873535156,5.340730667114258,5.340730667114258,5.582499980926514
164,3,2025-12-31,5.630000114440918,5.340730667114258,5.228687286376953,5.340730667114258,5.228687286376953,5.340730667114258,5.340730667114258,5.582499980926514
164,4,2026-01-01,5.635000228881836,5.340730667114258,5.340730667114258,5.340730667114258,5.340730667114258,5.340730667114258,5.340730667114258,5.582499980926514
164,5,2026-01-02,5.639999866485596,5.266035079956055,5.266035079956055,5.340730667114258,5.266035079956055,5.266035079956055,5.340730667114258,5.582499980926514
164,6,2026-01-03,5.734833240509033,5.340730667114258,5.340730667114258,5.378078937530518,5.340730667114258,5.340730667114258,5.378078937530518,5.582499980926514
164,7,2026-01-04,5.829666614532471,5.228687286376953,5.191339492797852,5.340730667114258,5.191339492797852,5.228687286376953,5.340730667114258,5.582499980926514
165,1,2025-12-30,5.727499961853027,5.350376605987549,5.275546550750732,5.350376605987549,5.275546550750732,5.350376605987549,5.350376605987549,5.490499973297119
165,2,2025-12-31,5.630000114440918,5.312961578369141,5.312961578369141,5.350376605987549,5.312961578369141,5.312961578369141,5.350376605987549,5.490499973297119
165,3,2026-01-01,5.635000228881836,5.238131046295166,5.238131046295166,5.350376605987549,5.238131046295166,5.238131046295166,5.350376605987549,5.490499973297119
165,4,2026-01-02,5.639999866485596,5.350376605987549,5.350376605987549,5.350376605987549,5.350376605987549,5.350376605987549,5.350376605987549,5.490499973297119
165,5,2026-01-03,5.734833240509033,5.275546550750732,5.275546550750732,5.350376605987549,5.275546550750732,5.275546550750732,5.350376605987549,5.490499973297119
165,6,2026-01-04,5.829666614532471,5.350376605987549,5.350376605987549,5.387792587280273,5.350376605987549,5.350376605987549,5.387792587280273,5.490499973297119
165,7,2026-01-05,5.924499988555908,5.350376605987549,5.200716018676758,5.350376605987549,5.200716018676758,5.350376605987549,5.350376605987549,5.490499973297119
166,1,2025-12-31,5.630000114440918,5.362494468688965,5.362494468688965,5.362494468688965,5.362494468688965,5.362494468688965,5.362494468688965,5.727499961853027
166,2,2026-01-01,5.635000228881836,5.362494468688965,5.3249945640563965,5.362494468688965,5.3249945640563965,5.362494468688965,5.362494468688965,5.727499961853027
166,3,2026-01-02,5.639999866485596,5.362494468688965,5.24999475479126,5.362494468688965,5.24999475479126,5.362494468688965,5.362494468688965,5.727499961853027
166,4,2026-01-03,5.734833240509033,5.362494468688965,5.362494468688965,5.362494468688965,5.362494468688965,5.362494468688965,5.362494468688965,5.727499961853027
166,5,2026-01-04,5.829666614532471,5.287494659423828,5.287494659423828,5.362494468688965,5.287494659423828,5.287494659423828,5.362494468688965,5.727499961853027
166,6,2026-01-05,5.924499988555908,5.362494468688965,5.362494468688965,5.399994850158691,5.362494468688965,5.362494468688965,5.399994850158691,5.727499961853027
166,7,2026-01-06,6.010499954223633,5.24999475479126,5.212494850158691,5.362494468688965,5.212494850158691,5.24999475479126,5.362494468688965,5.727499961853027
167,1,2026-01-01,5.635000228881836,5.373575687408447,5.335998058319092,5.373575687408447,5.335998058319092,5.373575687408447,5.373575687408447,5.630000114440918
167,2,2026-01-02,5.639999866485596,5.373575687408447,5.335998058319092,5.373575687408447,5.335998058319092,5.373575687408447,5.373575687408447,5.630000114440918
167,3,2026-01-03,5.734833240509033,5.2984209060668945,5.260843276977539,5.373575687408447,5.260843276977539,5.2984209060668945,5.373575687408447,5.630000114440918
167,4,2026-01-04,5.829666614532471,5.373575687408447,5.373575687408447,5.373575687408447,5.373575687408447,5.373575687408447,5.373575687408447,5.630000114440918
167,5,2026-01-05,5.924499988555908,5.2984209060668945,5.2984209060668945,5.373575687408447,5.2984209060668945,5.2984209060668945,5.373575687408447,5.630000114440918
167,6,2026-01-06,6.010499954223633,5.373575687408447,5.373575687408447,5.411153793334961,5.373575687408447,5.373575687408447,5.411153793334961,5.630000114440918
167,7,2026-01-07,5.809000015258789,5.373575687408447,5.260843276977539,5.373575687408447,5.260843276977539,5.373575687408447,5.373575687408447,5.630000114440918
168,1,2026-01-02,5.639999866485596,5.384589195251465,5.384589195251465,5.384589195251465,5.384589195251465,5.384589195251465,5.384589195251465,5.635000228881836
168,2,2026-01-03,5.734833240509033,5.384589195251465,5.346934795379639,5.384589195251465,5.346934795379639,5.384589195251465,5.384589195251465,5.635000228881836
168,3,2026-01-04,5.829666614532471,5.3092803955078125,5.3092803955078125,5.384589195251465,5.3092803955078125,5.3092803955078125,5.384589195251465,5.635000228881836
168,4,2026-01-05,5.924499988555908,5.384589195251465,5.384589195251465,5.384589195251465,5.384589195251465,5.384589195251465,5.384589195251465,5.635000228881836
168,5,2026-01-06,6.010499954223633,5.3092803955078125,5.3092803955078125,5.384589195251465,5.3092803955078125,5.3092803955078125,5.384589195251465,5.635000228881836
168,6,2026-01-07,5.809000015258789,5.384589195251465,5.384589195251465,5.422244071960449,5.384589195251465,5.384589195251465,5.422244071960449,5.635000228881836
168,7,2026-01-08,5.746500015258789,5.271625518798828,5.233971118927002,5.384589195251465,5.233971118927002,5.271625518798828,5.384589195251465,5.635000228881836
169,1,2026-01-03,5.734833240509033,5.393893241882324,5.393893241882324,5.393893241882324,5.393893241882324,5.393893241882324,5.393893241882324,5.639999866485596
169,2,2026-01-04,5.829666614532471,5.393893241882324,5.356173992156982,5.393893241882324,5.356173992156982,5.393893241882324,5.393893241882324,5.639999866485596
169,3,2026-01-05,5.924499988555908,5.393893241882324,5.280735015869141,5.393893241882324,5.280735015869141,5.393893241882324,5.393893241882324,5.639999866485596
169,4,2026-01-06,6.010499954223633,5.393893241882324,5.393893241882324,5.393893241882324,5.393893241882324,5.393893241882324,5.393893241882324,5.639999866485596
169,5,2026-01-07,5.809000015258789,5.318454265594482,5.318454265594482,5.322226047515869,5.318454265594482,5.318454265594482,5.322226047515869,5.639999866485596
169,6,2026-01-08,5.746500015258789,5.393893241882324,5.393893241882324,5.431613445281982,5.393893241882324,5.393893241882324,5.431613445281982,5.639999866485596
169,7,2026-01-09,5.855500221252441,5.280735015869141,5.243015289306641,5.393893241882324,5.243015289306641,5.280735015869141,5.393893241882324,5.639999866485596
170,1,2026-01-04,5.829666614532471,5.40474271774292,5.40474271774292,5.40474271774292,5.40474271774292,5.40474271774292,5.40474271774292,5.734833240509033
170,2,2026-01-05,5.924499988555908,5.40474271774292,5.366947650909424,5.40474271774292,5.366947650909424,5.40474271774292,5.40474271774292,5.734833240509033
170,3,2026-01-06,6.010499954223633,5.40474271774292,5.3291521072387695,5.40474271774292,5.3291521072387695,5.40474271774292,5.40474271774292,5.734833240509033
170,4,2026-01-07,5.809000015258789,5.40474271774292,5.40474271774292,5.40474271774292,5.40474271774292,5.40474271774292,5.40474271774292,5.734833240509033
170,5,2026-01-08,5.746500015258789,5.3291521072387695,5.3291521072387695,5.40474271774292,5.3291521072387695,5.3291521072387695,5.40474271774292,5.734833240509033
170,6,2026-01-09,5.855500221252441,5.442538738250732,5.40474271774292,5.442538738250732,5.40474271774292,5.442538738250732,5.442538738250732,5.734833240509033
170,7,2026-01-10,5.898666858673096,5.291356563568115,5.253561496734619,5.40474271774292,5.253561496734619,5.291356563568115,5.40474271774292,5.734833240509033
171,1,2026-01-05,5.924499988555908,5.416423320770264,5.416423320770264,5.416423320770264,5.416423320770264,5.416423320770264,5.416423320770264,5.829666614532471
171,2,2026-01-06,6.010499954223633,5.416423320770264,5.378546237945557,5.416423320770264,5.378546237945557,5.416423320770264,5.416423320770264,5.829666614532471
171,3,2026-01-07,5.809000015258789,5.416423320770264,5.302792072296143,5.416423320770264,5.302792072296143,5.416423320770264,5.416423320770264,5.829666614532471
171,4,2026-01-08,5.746500015258789,5.416423320770264,5.416423320770264,5.416423320770264,5.416423320770264,5.416423320770264,5.416423320770264,5.829666614532471
171,5,2026-01-09,5.855500221252441,5.34066915512085,5.34066915512085,5.34066915512085,5.34066915512085,5.34066915512085,5.34066915512085,5.829666614532471
171,6,2026-01-10,5.898666858673096,5.435361862182617,5.416423320770264,5.454300880432129,5.416423320770264,5.435361862182617,5.454300880432129,5.829666614532471
171,7,2026-01-11,5.94183349609375,5.302792072296143,5.2649149894714355,5.416423320770264,5.2649149894714355,5.302792072296143,5.416423320770264,5.829666614532471
172,1,2026-01-06,6.010499954223633,5.428659915924072,5.428659915924072,5.428659915924072,5.428659915924072,5.428659915924072,5.428659915924072,5.924499988555908
172,2,2026-01-07,5.809000015258789,5.428659915924072,5.390697479248047,5.428659915924072,5.390697479248047,5.428659915924072,5.428659915924072,5.924499988555908
172,3,2026-01-08,5.746500015258789,5.428659915924072,5.3527350425720215,5.428659915924072,5.3527350425720215,5.428659915924072,5.428659915924072,5.924499988555908
172,4,2026-01-09,5.855500221252441,5.428659915924072,5.428659915924072,5.428659915924072,5.428659915924072,5.428659915924072,5.428659915924072,5.924499988555908
172,5,2026-01-10,5.898666858673096,5.3527350425720215,5.3527350425720215,5.3527350425720215,5.3527350425720215,5.3527350425720215,5.3527350425720215,5.924499988555908
172,6,2026-01-11,5.94183349609375,5.466623306274414,5.428659915924072,5.466623306274414,5.428659915924072,5.466623306274414,5.466623306274414,5.924499988555908
172,7,2026-01-12,5.985000133514404,5.428659915924072,5.2768096923828125,5.428659915924072,5.2768096923828125,5.428659915924072,5.428659915924072,5.924499988555908
173,1,2026-01-07,5.809000015258789,5.441359519958496,5.441359519958496,5.441359519958496,5.441359519958496,5.441359519958496,5.441359519958496,6.010499954223633
173,2,2026-01-08,5.746500015258789,5.441359519958496,5.403307914733887,5.441359519958496,5.403307914733887,5.441359519958496,5.441359519958496,6.010499954223633
173,3,2026-01-09,5.855500221252441,5.441359519958496,5.365256309509277,5.441359519958496,5.365256309509277,5.441359519958496,5.441359519958496,6.010499954223633
173,4,2026-01-10,5.898666858673096,5.441359519958496,5.441359519958496,5.441359519958496,5.441359519958496,5.441359519958496,5.441359519958496,6.010499954223633
173,5,2026-01-11,5.94183349609375,5.365256309509277,5.365256309509277,5.369061470031738,5.365256309509277,5.365256309509277,5.369061470031738,6.010499954223633
173,6,2026-01-12,5.985000133514404,5.4794111251831055,5.441359519958496,5.4794111251831055,5.441359519958496,5.4794111251831055,5.4794111251831055,6.010499954223633
173,7,2026-01-13,5.96999979019165,5.384282112121582,5.289153575897217,5.441359519958496,5.289153575897217,5.384282112121582,5.441359519958496,6.010499954223633
174,1,2026-01-08,5.746500015258789,5.451507568359375,5.451507568359375,5.451507568359375,5.451507568359375,5.451507568359375,5.451507568359375,5.809000015258789
174,2,2026-01-09,5.855500221252441,5.413384914398193,5.413384914398193,5.451507568359375,5.413384914398193,5.413384914398193,5.451507568359375,5.809000015258789
174,3,2026-01-10,5.898666858673096,5.37526273727417,5.371450424194336,5.451507568359375,5.371450424194336,5.37526273727417,5.451507568359375,5.809000015258789
174,4,2026-01-11,5.94183349609375,5.451507568359375,5.451507568359375,5.451507568359375,5.451507568359375,5.451507568359375,5.451507568359375,5.809000015258789
174,5,2026-01-12,5.985000133514404,5.37526273727417,5.37526273727417,5.37526273727417,5.37526273727417,5.37526273727417,5.37526273727417,5.809000015258789
174,6,2026-01-13,5.96999979019165,5.489630699157715,5.451507568359375,5.489630699157715,5.451507568359375,5.489630699157715,5.489630699157715,5.809000015258789
174,7,2026-01-14,6.008999824523926,5.337140083312988,5.299017906188965,5.451507568359375,5.299017906188965,5.337140083312988,5.451507568359375,5.809000015258789
175,1,2026-01-09,5.855500221252441,5.4613776206970215,5.4613776206970215,5.4613776206970215,5.4613776206970215,5.4613776206970215,5.4613776206970215,5.746500015258789
175,2,2026-01-10,5.898666858673096,5.4613776206970215,5.423186302185059,5.4613776206970215,5.423186302185059,5.4613776206970215,5.4613776206970215,5.746500015258789
175,3,2026-01-11,5.94183349609375,5.423186302185059,5.346803665161133,5.4613776206970215,5.346803665161133,5.423186302185059,5.4613776206970215,5.746500015258789
175,4,2026-01-12,5.985000133514404,5.4613776206970215,5.4613776206970215,5.4613776206970215,5.4613776206970215,5.4613776206970215,5.4613776206970215,5.746500015258789
175,5,2026-01-13,5.96999979019165,5.384994983673096,5.384994983673096,5.423186302185059,5.384994983673096,5.384994983673096,5.423186302185059,5.746500015258789
175,6,2026-01-14,6.008999824523926,5.499569892883301,5.4613776206970215,5.499569892883301,5.4613776206970215,5.499569892883301,5.499569892883301,5.746500015258789
175,7,2026-01-15,5.947999954223633,5.346803665161133,5.308611869812012,5.4613776206970215,5.308611869812012,5.346803665161133,5.4613776206970215,5.746500015258789
176,1,2026-01-10,5.898666858673096,5.472124099731445,5.472124099731445,5.472124099731445,5.472124099731445,5.472124099731445,5.472124099731445,5.855500221252441
176,2,2026-01-11,5.94183349609375,5.472124099731445,5.4338579177856445,5.472124099731445,5.4338579177856445,5.472124099731445,5.472124099731445,5.855500221252441
176,3,2026-01-12,5.985000133514404,5.472124099731445,5.357324600219727,5.472124099731445,5.357324600219727,5.472124099731445,5.472124099731445,5.855500221252441
176,4,2026-01-13,5.96999979019165,5.472124099731445,5.472124099731445,5.472124099731445,5.472124099731445,5.472124099731445,5.472124099731445,5.855500221252441
176,5,2026-01-14,6.008999824523926,5.3955912590026855,5.3955912590026855,5.4338579177856445,5.3955912590026855,5.3955912590026855,5.4338579177856445,5.855500221252441
176,6,2026-01-15,5.947999954223633,5.5103912353515625,5.472124099731445,5.5103912353515625,5.472124099731445,5.5103912353515625,5.5103912353515625,5.855500221252441
176,7,2026-01-16,5.78849983215332,5.472124099731445,5.319057941436768,5.472124099731445,5.319057941436768,5.472124099731445,5.472124099731445,5.855500221252441
177,1,2026-01-11,5.94183349609375,5.482615947723389,5.482615947723389,5.482615947723389,5.482615947723389,5.482615947723389,5.482615947723389,5.898666858673096
177,2,2026-01-12,5.985000133514404,5.482615947723389,5.444275856018066,5.482615947723389,5.444275856018066,5.482615947723389,5.482615947723389,5.898666858673096
177,3,2026-01-13,5.96999979019165,5.482615947723389,5.36759614944458,5.482615947723389,5.36759614944458,5.482615947723389,5.482615947723389,5.898666858673096
177,4,2026-01-14,6.008999824523926,5.482615947723389,5.482615947723389,5.482615947723389,5.482615947723389,5.482615947723389,5.482615947723389,5.898666858673096
177,5,2026-01-15,5.947999954223633,5.405936241149902,5.405936241149902,5.482615947723389,5.405936241149902,5.405936241149902,5.482615947723389,5.898666858673096
177,6,2026-01-16,5.78849983215332,5.520956516265869,5.482615947723389,5.520956516265869,5.482615947723389,5.520956516265869,5.520956516265869,5.898666858673096
177,7,2026-01-17,5.784625053405762,5.482615947723389,5.329256057739258,5.482615947723389,5.329256057739258,5.482615947723389,5.482615947723389,5.898666858673096
178,1,2026-01-12,5.985000133514404,5.491881370544434,5.491881370544434,5.491881370544434,5.491881370544434,5.491881370544434,5.491881370544434,5.94183349609375
178,2,2026-01-13,5.96999979019165,5.491881370544434,5.453476428985596,5.491881370544434,5.453476428985596,5.491881370544434,5.491881370544434,5.94183349609375
178,3,2026-01-14,6.008999824523926,5.453476428985596,5.376667022705078,5.491881370544434,5.376667022705078,5.453476428985596,5.491881370544434,5.94183349609375
178,4,2026-01-15,5.947999954223633,5.491881370544434,5.491881370544434,5.491881370544434,5.491881370544434,5.491881370544434,5.491881370544434,5.94183349609375
178,5,2026-01-16,5.78849983215332,5.415071964263916,5.415071964263916,5.415071964263916,5.415071964263916,5.415071964263916,5.415071964263916,5.94183349609375
178,6,2026-01-17,5.784625053405762,5.53028678894043,5.491881370544434,5.53028678894043,5.491881370544434,5.53028678894043,5.53028678894043,5.94183349609375
178,7,2026-01-18,5.780749797821045,5.491881370544434,5.33826208114624,5.491881370544434,5.33826208114624,5.491881370544434,5.491881370544434,5.94183349609375
179,1,2026-01-13,5.96999979019165,5.501847743988037,5.501847743988037,5.501847743988037,5.501847743988037,5.501847743988037,5.501847743988037,5.985000133514404
179,2,2026-01-14,6.008999824523926,5.501847743988037,5.46337366104126,5.501847743988037,5.46337366104126,5.501847743988037,5.501847743988037,5.985000133514404
179,3,2026-01-15,5.947999954223633,5.46337366104126,5.386424541473389,5.501847743988037,5.386424541473389,5.46337366104126,5.501847743988037,5.985000133514404
179,4,2026-01-16,5.78849983215332,5.501847743988037,5.501847743988037,5.501847743988037,5.501847743988037,5.501847743988037,5.501847743988037,5.985000133514404
179,5,2026-01-17,5.784625053405762,5.424899101257324,5.424899101257324,5.428746700286865,5.424899101257324,5.424899101257324,5.428746700286865,5.985000133514404
179,6,2026-01-18,5.780749797821045,5.540322780609131,5.501847743988037,5.540322780609131,5.501847743988037,5.540322780609131,5.540322780609131,5.985000133514404
179,7,2026-01-19,5.776874542236328,5.386424541473389,5.347949981689453,5.501847743988037,5.347949981689453,5.386424541473389,5.501847743988037,5.985000133514404
180,1,2026-01-14,6.008999824523926,5.511905193328857,5.511905193328857,5.511905193328857,5.511905193328857,5.511905193328857,5.511905193328857,5.96999979019165
180,2,2026-01-15,5.947999954223633,5.511905193328857,5.473360538482666,5.511905193328857,5.473360538482666,5.511905193328857,5.511905193328857,5.96999979019165
180,3,2026-01-16,5.78849983215332,5.473360538482666,5.396270751953125,5.511905193328857,5.396270751953125,5.473360538482666,5.511905193328857,5.96999979019165
180,4,2026-01-17,5.784625053405762,5.511905193328857,5.511905193328857,5.511905193328857,5.511905193328857,5.511905193328857,5.511905193328857,5.96999979019165
180,5,2026-01-18,5.780749797821045,5.434815406799316,5.434815406799316,5.434815406799316,5.434815406799316,5.434815406799316,5.434815406799316,5.96999979019165
180,6,2026-01-19,5.776874542236328,5.550450325012207,5.511905193328857,5.550450325012207,5.511905193328857,5.550450325012207,5.550450325012207,5.96999979019165
180,7,2026-01-20,5.7729997634887695,5.396270751953125,5.357726097106934,5.511905193328857,5.357726097106934,5.396270751953125,5.511905193328857,5.96999979019165
181,1,2026-01-15,5.947999954223633,5.52262020111084,5.52262020111084,5.52262020111084,5.52262020111084,5.52262020111084,5.52262020111084,6.008999824523926
181,2,2026-01-16,5.78849983215332,5.52262020111084,5.4840006828308105,5.52262020111084,5.4840006828308105,5.52262020111084,5.52262020111084,6.008999824523926
181,3,2026-01-17,5.784625053405762,5.52262020111084,5.445380687713623,5.52262020111084,5.445380687713623,5.52262020111084,5.52262020111084,6.008999824523926
181,4,2026-01-18,5.780749797821045,5.52262020111084,5.52262020111084,5.52262020111084,5.52262020111084,5.52262020111084,5.52262020111084,6.008999824523926
181,5,2026-01-19,5.776874542236328,5.445380687713623,5.445380687713623,5.445380687713623,5.445380687713623,5.445380687713623,5.445380687713623,6.008999824523926
181,6,2026-01-20,5.7729997634887695,5.5612406730651855,5.52262020111084,5.5612406730651855,5.52262020111084,5.5612406730651855,5.5612406730651855,6.008999824523926
181,7,2026-01-21,5.729499816894531,5.406761169433594,5.3681416511535645,5.52262020111084,5.3681416511535645,5.406761169433594,5.52262020111084,6.008999824523926
182,1,2026-01-16,5.78849983215332,5.532055854797363,5.532055854797363,5.532055854797363,5.532055854797363,5.532055854797363,5.532055854797363,5.947999954223633
182,2,2026-01-17,5.784625053405762,5.532055854797363,5.493370056152344,5.532055854797363,5.493370056152344,5.532055854797363,5.532055854797363,5.947999954223633
182,3,2026-01-18,5.780749797821045,5.454684734344482,5.415998935699463,5.532055854797363,5.415998935699463,5.454684734344482,5.532055854797363,5.947999954223633
182,4,2026-01-19,5.776874542236328,5.532055854797363,5.532055854797363,5.532055854797363,5.532055854797363,5.532055854797363,5.532055854797363,5.947999954223633
182,5,2026-01-20,5.7729997634887695,5.454684734344482,5.454684734344482,5.454684734344482,5.454684734344482,5.454684734344482,5.454684734344482,5.947999954223633
182,6,2026-01-21,5.729499816894531,5.570742130279541,5.532055854797363,5.570742130279541,5.532055854797363,5.570742130279541,5.570742130279541,5.947999954223633
182,7,2026-01-22,5.742499828338623,5.532055854797363,5.377313137054443,5.532055854797363,5.377313137054443,5.532055854797363,5.532055854797363,5.947999954223633
183,1,2026-01-17,5.784625053405762,5.539840221405029,5.501100063323975,5.539840221405029,5.501100063323975,5.539840221405029,5.539840221405029,5.78849983215332
183,2,2026-01-18,5.780749797821045,5.539840221405029,5.501100063323975,5.539840221405029,5.501100063323975,5.539840221405029,5.539840221405029,5.78849983215332
183,3,2026-01-19,5.776874542236328,5.46235990524292,5.423619747161865,5.539840221405029,5.423619747161865,5.46235990524292,5.539840221405029,5.78849983215332
183,4,2026-01-20,5.7729997634887695,5.539840221405029,5.539840221405029,5.539840221405029,5.539840221405029,5.539840221405029,5.539840221405029,5.78849983215332
183,5,2026-01-21,5.729499816894531,5.46235990524292,5.46235990524292,5.501100063323975,5.46235990524292,5.46235990524292,5.501100063323975,5.78849983215332
183,6,2026-01-22,5.742499828338623,5.578580856323242,5.539840221405029,5.578580856323242,5.539840221405029,5.578580856323242,5.578580856323242,5.78849983215332
183,7,2026-01-23,5.910999774932861,5.539840221405029,5.3848795890808105,5.539840221405029,5.3848795890808105,5.539840221405029,5.539840221405029,5.78849983215332
184,1,2026-01-18,5.780749797821045,5.547274112701416,5.508481979370117,5.547274112701416,5.508481979370117,5.547274112701416,5.547274112701416,5.784625053405762
184,2,2026-01-19,5.776874542236328,5.547274112701416,5.508481979370117,5.547274112701416,5.508481979370117,5.547274112701416,5.547274112701416,5.784625053405762
184,3,2026-01-20,5.7729997634887695,5.547274112701416,5.4308977127075195,5.547274112701416,5.4308977127075195,5.547274112701416,5.547274112701416,5.784625053405762
184,4,2026-01-21,5.729499816894531,5.547274112701416,5.547274112701416,5.547274112701416,5.547274112701416,5.547274112701416,5.547274112701416,5.784625053405762
184,5,2026-01-22,5.742499828338623,5.469689846038818,5.469689846038818,5.508481979370117,5.469689846038818,5.469689846038818,5.508481979370117,5.784625053405762
184,6,2026-01-23,5.910999774932861,5.586066722869873,5.547274112701416,5.586066722869873,5.547274112701416,5.586066722869873,5.586066722869873,5.784625053405762
184,7,2026-01-24,5.935333251953125,5.547274112701416,5.392106056213379,5.547274112701416,5.392106056213379,5.547274112701416,5.547274112701416,5.784625053405762
185,1,2026-01-19,5.776874542236328,5.557048320770264,5.557048320770264,5.557048320770264,5.557048320770264,5.557048320770264,5.557048320770264,5.780749797821045
185,2,2026-01-20,5.7729997634887695,5.557048320770264,5.518187999725342,5.557048320770264,5.518187999725342,5.557048320770264,5.557048320770264,5.780749797821045
185,3,2026-01-21,5.729499816894531,5.47932767868042,5.440467357635498,5.557048320770264,5.440467357635498,5.47932767868042,5.557048320770264,5.780749797821045
185,4,2026-01-22,5.742499828338623,5.557048320770264,5.557048320770264,5.557048320770264,5.557048320770264,5.557048320770264,5.557048320770264,5.780749797821045
185,5,2026-01-23,5.910999774932861,5.47932767868042,5.47932767868042,5.47932767868042,5.47932767868042,5.47932767868042,5.47932767868042,5.780749797821045
185,6,2026-01-24,5.935333251953125,5.595909595489502,5.557048320770264,5.595909595489502,5.557048320770264,5.595909595489502,5.595909595489502,5.780749797821045
185,7,2026-01-25,5.959666728973389,5.440467357635498,5.401606559753418,5.557048320770264,5.401606559753418,5.440467357635498,5.557048320770264,5.780749797821045
186,1,2026-01-20,5.7729997634887695,5.565899848937988,5.449132919311523,5.565899848937988,5.449132919311523,5.565899848937988,5.565899848937988,5.776874542236328
186,2,2026-01-21,5.729499816894531,5.565899848937988,5.5269775390625,5.565899848937988,5.5269775390625,5.565899848937988,5.565899848937988,5.776874542236328
186,3,2026-01-22,5.742499828338623,5.488055229187012,5.449132919311523,5.565899848937988,5.449132919311523,5.488055229187012,5.565899848937988,5.776874542236328
186,4,2026-01-23,5.910999774932861,5.565899848937988,5.565899848937988,5.565899848937988,5.565899848937988,5.565899848937988,5.565899848937988,5.776874542236328
186,5,2026-01-24,5.935333251953125,5.488055229187012,5.488055229187012,5.565899848937988,5.488055229187012,5.488055229187012,5.565899848937988,5.776874542236328
186,6,2026-01-25,5.959666728973389,5.604822635650635,5.565899848937988,5.604822635650635,5.565899848937988,5.604822635650635,5.604822635650635,5.776874542236328
186,7,2026-01-26,5.984000205993652,5.449132919311523,5.410210609436035,5.565899848937988,5.410210609436035,5.449132919311523,5.565899848937988,5.776874542236328
187,1,2026-01-21,5.729499816894531,5.573831558227539,5.534853458404541,5.573831558227539,5.534853458404541,5.573831558227539,5.573831558227539,5.7729997634887695
187,2,2026-01-22,5.742499828338623,5.573831558227539,5.534853458404541,5.573831558227539,5.534853458404541,5.573831558227539,5.573831558227539,5.7729997634887695
187,3,2026-01-23,5.910999774932861,5.495875835418701,5.456898212432861,5.573831558227539,5.456898212432861,5.495875835418701,5.573831558227539,5.7729997634887695
187,4,2026-01-24,5.935333251953125,5.573831558227539,5.573831558227539,5.573831558227539,5.573831558227539,5.573831558227539,5.573831558227539,5.7729997634887695
187,5,2026-01-25,5.959666728973389,5.495875835418701,5.495875835418701,5.573831558227539,5.495875835418701,5.495875835418701,5.573831558227539,5.7729997634887695
187,6,2026-01-26,5.984000205993652,5.612809658050537,5.573831558227539,5.612809658050537,5.573831558227539,5.612809658050537,5.612809658050537,5.7729997634887695
187,7,2026-01-27,5.828499794006348,5.456898212432861,5.417920112609863,5.573831558227539,5.417920112609863,5.456898212432861,5.573831558227539,5.7729997634887695
188,1,2026-01-22,5.742499828338623,5.58042573928833,5.58042573928833,5.58042573928833,5.58042573928833,5.58042573928833,5.58042573928833,5.729499816894531
188,2,2026-01-23,5.910999774932861,5.58042573928833,5.5414018630981445,5.58042573928833,5.5414018630981445,5.58042573928833,5.58042573928833,5.729499816894531
188,3,2026-01-24,5.935333251953125,5.502377986907959,5.463354110717773,5.58042573928833,5.463354110717773,5.502377986907959,5.58042573928833,5.729499816894531
188,4,2026-01-25,5.959666728973389,5.58042573928833,5.58042573928833,5.58042573928833,5.58042573928833,5.58042573928833,5.58042573928833,5.729499816894531
188,5,2026-01-26,5.984000205993652,5.502377986907959,5.502377986907959,5.619450092315674,5.502377986907959,5.502377986907959,5.619450092315674,5.729499816894531
188,6,2026-01-27,5.828499794006348,5.619450092315674,5.58042573928833,5.619450092315674,5.58042573928833,5.619450092315674,5.619450092315674,5.729499816894531
188,7,2026-01-28,5.892499923706055,5.463354110717773,5.424330234527588,5.58042573928833,5.424330234527588,5.463354110717773,5.58042573928833,5.729499816894531
189,1,2026-01-23,5.910999774932861,5.588414192199707,5.588414192199707,5.588414192199707,5.588414192199707,5.588414192199707,5.588414192199707,5.742499828338623
189,2,2026-01-24,5.935333251953125,5.588414192199707,5.549334526062012,5.588414192199707,5.549334526062012,5.588414192199707,5.588414192199707,5.742499828338623
189,3,2026-01-25,5.959666728973389,5.510254859924316,5.471174716949463,5.588414192199707,5.471174716949463,5.510254859924316,5.588414192199707,5.742499828338623
189,4,2026-01-26,5.984000205993652,5.588414192199707,5.588414192199707,5.588414192199707,5.588414192199707,5.588414192199707,5.588414192199707,5.742499828338623
189,5,2026-01-27,5.828499794006348,5.510254859924316,5.510254859924316,5.588414192199707,5.510254859924316,5.510254859924316,5.588414192199707,5.742499828338623
189,6,2026-01-28,5.892499923706055,5.627494812011719,5.588414192199707,5.627494812011719,5.588414192199707,5.627494812011719,5.627494812011719,5.742499828338623
189,7,2026-01-29,6.17549991607666,5.471174716949463,5.432095050811768,5.588414192199707,5.432095050811768,5.471174716949463,5.588414192199707,5.742499828338623
190,1,2026-01-24,5.935333251953125,5.598258018493652,5.598258018493652,5.598258018493652,5.598258018493652,5.598258018493652,5.598258018493652,5.910999774932861
190,2,2026-01-25,5.959666728973389,5.598258018493652,5.559109210968018,5.598258018493652,5.559109210968018,5.598258018493652,5.598258018493652,5.910999774932861
190,3,2026-01-26,5.984000205993652,5.598258018493652,5.480812072753906,5.598258018493652,5.480812072753906,5.598258018493652,5.598258018493652,5.910999774932861
190,4,2026-01-27,5.828499794006348,5.598258018493652,5.598258018493652,5.598258018493652,5.598258018493652,5.598258018493652,5.598258018493652,5.910999774932861
190,5,2026-01-28,5.892499923706055,5.519960880279541,5.519960880279541,5.598258018493652,5.519960880279541,5.519960880279541,5.598258018493652,5.910999774932861
190,6,2026-01-29,6.17549991607666,5.637407302856445,5.598258018493652,5.637407302856445,5.598258018493652,5.637407302856445,5.637407302856445,5.910999774932861
190,7,2026-01-30,5.896999835968018,5.480812072753906,5.44166374206543,5.598258018493652,5.44166374206543,5.480812072753906,5.598258018493652,5.910999774932861
191,1,2026-01-25,5.959666728973389,5.608504772186279,5.608504772186279,5.608504772186279,5.608504772186279,5.608504772186279,5.608504772186279,5.935333251953125
191,2,2026-01-26,5.984000205993652,5.608504772186279,5.569284439086914,5.608504772186279,5.569284439086914,5.608504772186279,5.608504772186279,5.935333251953125
191,3,2026-01-27,5.828499794006348,5.530064105987549,5.490843772888184,5.608504772186279,5.490843772888184,5.530064105987549,5.608504772186279,5.935333251953125
191,4,2026-01-28,5.892499923706055,5.608504772186279,5.608504772186279,5.608504772186279,5.608504772186279,5.608504772186279,5.608504772186279,5.935333251953125
191,5,2026-01-29,6.17549991607666,5.530064105987549,5.530064105987549,5.608504772186279,5.530064105987549,5.530064105987549,5.608504772186279,5.935333251953125
191,6,2026-01-30,5.896999835968018,5.647725582122803,5.608504772186279,5.647725582122803,5.608504772186279,5.647725582122803,5.647725582122803,5.935333251953125
191,7,2026-01-31,5.865166664123535,5.608504772186279,5.451623439788818,5.608504772186279,5.451623439788818,5.608504772186279,5.608504772186279,5.935333251953125
192,1,2026-01-26,5.984000205993652,5.619284152984619,5.619284152984619,5.619284152984619,5.619284152984619,5.619284152984619,5.619284152984619,5.959666728973389
192,2,2026-01-27,5.828499794006348,5.579988479614258,5.579988479614258,5.619284152984619,5.579988479614258,5.579988479614258,5.619284152984619,5.959666728973389
192,3,2026-01-28,5.892499923706055,5.5406928062438965,5.501397132873535,5.619284152984619,5.501397132873535,5.5406928062438965,5.619284152984619,5.959666728973389
192,4,2026-01-29,6.17549991607666,5.619284152984619,5.619284152984619,5.619284152984619,5.619284152984619,5.619284152984619,5.619284152984619,5.959666728973389
192,5,2026-01-30,5.896999835968018,5.5406928062438965,5.5406928062438965,5.619284152984619,5.5406928062438965,5.5406928062438965,5.619284152984619,5.959666728973389
192,6,2026-01-31,5.865166664123535,5.658580303192139,5.619284152984619,5.658580303192139,5.619284152984619,5.658580303192139,5.658580303192139,5.959666728973389
192,7,2026-02-01,5.8333330154418945,5.501397132873535,5.462101459503174,5.619284152984619,5.462101459503174,5.501397132873535,5.619284152984619,5.959666728973389
193,1,2026-01-27,5.828499794006348,5.630085468292236,5.630085468292236,5.630085468292236,5.630085468292236,5.630085468292236,5.630085468292236,5.984000205993652
193,2,2026-01-28,5.892499923706055,5.590713977813721,5.590713977813721,5.630085468292236,5.590713977813721,5.590713977813721,5.630085468292236,5.984000205993652
193,3,2026-01-29,6.17549991607666,5.551342964172363,5.511971950531006,5.630085468292236,5.511971950531006,5.551342964172363,5.630085468292236,5.984000205993652
193,4,2026-01-30,5.896999835968018,5.630085468292236,5.630085468292236,5.630085468292236,5.630085468292236,5.630085468292236,5.630085468292236,5.984000205993652
193,5,2026-01-31,5.865166664123535,5.551342964172363,5.551342964172363,5.630085468292236,5.551342964172363,5.551342964172363,5.630085468292236,5.984000205993652
193,6,2026-02-01,5.8333330154418945,5.630085468292236,5.630085468292236,5.669456958770752,5.630085468292236,5.630085468292236,5.669456958770752,5.984000205993652
193,7,2026-02-02,5.801499843597412,5.571028709411621,5.47260046005249,5.630085468292236,5.47260046005249,5.571028709411621,5.630085468292236,5.984000205993652
194,1,2026-01-28,5.892499923706055,5.6390252113342285,5.599591255187988,5.6390252113342285,5.599591255187988,5.6390252113342285,5.6390252113342285,5.828499794006348
194,2,2026-01-29,6.17549991607666,5.599591255187988,5.599591255187988,5.6390252113342285,5.599591255187988,5.599591255187988,5.6390252113342285,5.828499794006348
194,3,2026-01-30,5.896999835968018,5.560157775878906,5.520724296569824,5.6390252113342285,5.520724296569824,5.560157775878906,5.6390252113342285,5.828499794006348
194,4,2026-01-31,5.865166664123535,5.6390252113342285,5.6390252113342285,5.6390252113342285,5.6390252113342285,5.6390252113342285,5.6390252113342285,5.828499794006348
194,5,2026-02-01,5.8333330154418945,5.560157775878906,5.560157775878906,5.6390252113342285,5.560157775878906,5.560157775878906,5.6390252113342285,5.828499794006348
194,6,2026-02-02,5.801499843597412,5.678459644317627,5.6390252113342285,5.678459644317627,5.6390252113342285,5.678459644317627,5.678459644317627,5.828499794006348
194,7,2026-02-03,6.0625,5.6390252113342285,5.481290340423584,5.6390252113342285,5.481290340423584,5.6390252113342285,5.6390252113342285,5.828499794006348
195,1,2026-01-29,6.17549991607666,5.648403167724609,5.648403167724609,5.648403167724609,5.648403167724609,5.648403167724609,5.648403167724609,5.892499923706055
195,2,2026-01-30,5.896999835968018,5.648403167724609,5.608903884887695,5.648403167724609,5.608903884887695,5.648403167724609,5.648403167724609,5.892499923706055
195,3,2026-01-31,5.865166664123535,5.648403167724609,5.529905319213867,5.648403167724609,5.529905319213867,5.648403167724609,5.648403167724609,5.892499923706055
195,4,2026-02-01,5.8333330154418945,5.648403167724609,5.648403167724609,5.648403167724609,5.648403167724609,5.648403167724609,5.648403167724609,5.892499923706055
195,5,2026-02-02,5.801499843597412,5.569404602050781,5.569404602050781,5.648403167724609,5.569404602050781,5.569404602050781,5.648403167724609,5.892499923706055
195,6,2026-02-03,6.0625,5.687902927398682,5.648403167724609,5.687902927398682,5.648403167724609,5.687902927398682,5.687902927398682,5.892499923706055
195,7,2026-02-04,5.826000213623047,5.529905319213867,5.490406036376953,5.648403167724609,5.490406036376953,5.529905319213867,5.648403167724609,5.892499923706055
196,1,2026-01-30,5.896999835968018,5.661461353302002,5.661461353302002,5.661461353302002,5.661461353302002,5.661461353302002,5.661461353302002,6.17549991607666
196,2,2026-01-31,5.865166664123535,5.661461353302002,5.621870517730713,5.661461353302002,5.621870517730713,5.661461353302002,5.661461353302002,6.17549991607666
196,3,2026-02-01,5.8333330154418945,5.621870517730713,5.542689323425293,5.661461353302002,5.542689323425293,5.621870517730713,5.661461353302002,6.17549991607666
196,4,2026-02-02,5.801499843597412,5.661461353302002,5.661461353302002,5.661461353302002,5.661461353302002,5.661461353302002,5.661461353302002,6.17549991607666
196,5,2026-02-03,6.0625,5.582280158996582,5.582280158996582,5.661461353302002,5.582280158996582,5.582280158996582,5.661461353302002,6.17549991607666
196,6,2026-02-04,5.826000213623047,5.661461353302002,5.661461353302002,5.701052188873291,5.661461353302002,5.661461353302002,5.701052188873291,6.17549991607666
196,7,2026-02-05,5.798999786376953,5.542689323425293,5.503098964691162,5.661461353302002,5.503098964691162,5.542689323425293,5.661461353302002,6.17549991607666
197,1,2026-01-31,5.865166664123535,5.671273231506348,5.552295684814453,5.671273231506348,5.552295684814453,5.671273231506348,5.671273231506348,5.896999835968018
197,2,2026-02-01,5.8333330154418945,5.671273231506348,5.6316142082214355,5.671273231506348,5.6316142082214355,5.671273231506348,5.671273231506348,5.896999835968018
197,3,2026-02-02,5.801499843597412,5.591954708099365,5.552295684814453,5.671273231506348,5.552295684814453,5.591954708099365,5.671273231506348,5.896999835968018
197,4,2026-02-03,6.0625,5.671273231506348,5.671273231506348,5.671273231506348,5.671273231506348,5.671273231506348,5.671273231506348,5.896999835968018
197,5,2026-02-04,5.826000213623047,5.671273231506348,5.591954708099365,5.671273231506348,5.591954708099365,5.671273231506348,5.671273231506348,5.896999835968018
197,6,2026-02-05,5.798999786376953,5.671273231506348,5.671273231506348,5.710933208465576,5.671273231506348,5.671273231506348,5.710933208465576,5.896999835968018
197,7,2026-02-06,5.863500118255615,5.671273231506348,5.512636661529541,5.671273231506348,5.512636661529541,5.671273231506348,5.671273231506348,5.896999835968018
198,1,2026-02-01,5.8333330154418945,5.6794843673706055,5.6794843673706055,5.6794843673706055,5.6794843673706055,5.6794843673706055,5.6794843673706055,5.865166664123535
198,2,2026-02-02,5.801499843597412,5.6794843673706055,5.639767646789551,5.6794843673706055,5.639767646789551,5.6794843673706055,5.6794843673706055,5.865166664123535
198,3,2026-02-03,6.0625,5.5603346824646,5.5603346824646,5.6794843673706055,5.5603346824646,5.5603346824646,5.6794843673706055,5.865166664123535
198,4,2026-02-04,5.826000213623047,5.6794843673706055,5.520617961883545,5.6794843673706055,5.520617961883545,5.6794843673706055,5.6794843673706055,5.865166664123535
198,5,2026-02-05,5.798999786376953,5.6794843673706055,5.600050926208496,5.6794843673706055,5.600050926208496,5.6794843673706055,5.6794843673706055,5.865166664123535
198,6,2026-02-06,5.863500118255615,5.719201564788818,5.6794843673706055,5.719201564788818,5.6794843673706055,5.719201564788818,5.719201564788818,5.865166664123535
198,7,2026-02-07,5.890666961669922,5.6794843673706055,5.520617961883545,5.6794843673706055,5.520617961883545,5.6794843673706055,5.6794843673706055,5.865166664123535
199,1,2026-02-02,5.801499843597412,5.687240123748779,5.567927360534668,5.687240123748779,5.567927360534668,5.687240123748779,5.687240123748779,5.8333330154418945
199,2,2026-02-03,6.0625,5.687240123748779,5.6474690437316895,5.687240123748779,5.6474690437316895,5.687240123748779,5.687240123748779,5.8333330154418945
199,3,2026-02-04,5.826000213623047,5.607698440551758,5.567927360534668,5.687240123748779,5.567927360534668,5.607698440551758,5.687240123748779,5.8333330154418945
199,4,2026-02-05,5.798999786376953,5.687240123748779,5.528156280517578,5.687240123748779,5.528156280517578,5.687240123748779,5.687240123748779,5.8333330154418945
199,5,2026-02-06,5.863500118255615,5.687240123748779,5.607698440551758,5.727011680603027,5.607698440551758,5.687240123748779,5.727011680603027,5.8333330154418945
199,6,2026-02-07,5.890666961669922,5.727011680603027,5.687240123748779,5.727011680603027,5.687240123748779,5.727011680603027,5.727011680603027,5.8333330154418945
199,7,2026-02-08,5.91783332824707,5.687240123748779,5.528156280517578,5.687240123748779,5.528156280517578,5.687240123748779,5.687240123748779,5.8333330154418945
200,1,2026-02-03,6.0625,5.694498538970947,5.575033664703369,5.694498538970947,5.575033664703369,5.694498538970947,5.694498538970947,5.801499843597412
200,2,2026-02-04,5.826000213623047,5.694498538970947,5.654676914215088,5.694498538970947,5.654676914215088,5.694498538970947,5.694498538970947,5.801499843597412
200,3,2026-02-05,5.798999786376953,5.6148552894592285,5.575033664703369,5.694498538970947,5.575033664703369,5.6148552894592285,5.694498538970947,5.801499843597412
200,4,2026-02-06,5.863500118255615,5.694498538970947,5.53521203994751,5.694498538970947,5.53521203994751,5.694498538970947,5.694498538970947,5.801499843597412
200,5,2026-02-07,5.890666961669922,5.694498538970947,5.6148552894592285,5.734321117401123,5.6148552894592285,5.694498538970947,5.734321117401123,5.801499843597412
200,6,2026-02-08,5.91783332824707,5.734321117401123,5.694498538970947,5.734321117401123,5.694498538970947,5.734321117401123,5.734321117401123,5.801499843597412
200,7,2026-02-09,5.945000171661377,5.694498538970947,5.53521203994751,5.694498538970947,5.53521203994751,5.694498538970947,5.694498538970947,5.801499843597412
201,1,2026-02-04,5.826000213623047,5.704329013824463,5.704329013824463,5.704329013824463,5.704329013824463,5.704329013824463,5.704329013824463,6.0625
201,2,2026-02-05,5.798999786376953,5.704329013824463,5.664438724517822,5.704329013824463,5.664438724517822,5.704329013824463,5.704329013824463,6.0625
201,3,2026-02-06,5.863500118255615,5.664438724517822,5.584657669067383,5.704329013824463,5.584657669067383,5.664438724517822,5.704329013824463,6.0625
201,4,2026-02-07,5.890666961669922,5.704329013824463,5.704329013824463,5.704329013824463,5.704329013824463,5.704329013824463,5.704329013824463,6.0625
201,5,2026-02-08,5.91783332824707,5.624547958374023,5.624547958374023,5.704329013824463,5.624547958374023,5.624547958374023,5.704329013824463,6.0625
201,6,2026-02-09,5.945000171661377,5.744219779968262,5.704329013824463,5.744219779968262,5.704329013824463,5.744219779968262,5.744219779968262,6.0625
201,7,2026-02-10,5.895999908447266,5.704329013824463,5.544767379760742,5.704329013824463,5.544767379760742,5.704329013824463,5.704329013824463,6.0625
202,1,2026-02-05,5.798999786376953,5.7115159034729,5.591694355010986,5.7115159034729,5.591694355010986,5.7115159034729,5.7115159034729,5.826000213623047
202,2,2026-02-06,5.863500118255615,5.7115159034729,5.671575546264648,5.7115159034729,5.671575546264648,5.7115159034729,5.7115159034729,5.826000213623047
202,3,2026-02-07,5.890666961669922,5.631634712219238,5.591694355010986,5.7115159034729,5.591694355010986,5.631634712219238,5.7115159034729,5.826000213623047
202,4,2026-02-08,5.91783332824707,5.7115159034729,5.551753520965576,5.7115159034729,5.551753520965576,5.7115159034729,5.7115159034729,5.826000213623047
202,5,2026-02-09,5.945000171661377,5.7115159034729,5.631634712219238,5.751457214355469,5.631634712219238,5.7115159034729,5.751457214355469,5.826000213623047
202,6,2026-02-10,5.895999908447266,5.7115159034729,5.7115159034729,5.751457214355469,5.7115159034729,5.7115159034729,5.751457214355469,5.826000213623047
202,7,2026-02-11,5.948999881744385,5.7115159034729,5.551753520965576,5.7115159034729,5.551753520965576,5.7115159034729,5.7115159034729,5.826000213623047
203,1,2026-02-06,5.863500118255615,5.598452091217041,5.598452091217041,5.718419075012207,5.598452091217041,5.598452091217041,5.718419075012207,5.798999786376953
203,2,2026-02-07,5.890666961669922,5.718419075012207,5.678430080413818,5.718419075012207,5.678430080413818,5.718419075012207,5.718419075012207,5.798999786376953
203,3,2026-02-08,5.91783332824707,5.63844108581543,5.598452091217041,5.718419075012207,5.598452091217041,5.63844108581543,5.718419075012207,5.798999786376953
203,4,2026-02-09,5.945000171661377,5.718419075012207,5.558463096618652,5.718419075012207,5.558463096618652,5.718419075012207,5.718419075012207,5.798999786376953
203,5,2026-02-10,5.895999908447266,5.718419075012207,5.714420318603516,5.758408546447754,5.714420318603516,5.718419075012207,5.758408546447754,5.798999786376953
203,6,2026-02-11,5.948999881744385,5.758408546447754,5.718419075012207,5.758408546447754,5.718419075012207,5.758408546447754,5.758408546447754,5.798999786376953
203,7,2026-02-12,5.770999908447266,5.718419075012207,5.558463096618652,5.718419075012207,5.558463096618652,5.718419075012207,5.718419075012207,5.798999786376953
204,1,2026-02-07,5.890666961669922,5.7250237464904785,5.604918479919434,5.7250237464904785,5.604918479919434,5.7250237464904785,5.7250237464904785,5.863500118255615
204,2,2026-02-08,5.91783332824707,5.7250237464904785,5.684988498687744,5.7250237464904785,5.684988498687744,5.7250237464904785,5.7250237464904785,5.863500118255615
204,3,2026-02-09,5.945000171661377,5.644953727722168,5.604918479919434,5.7250237464904785,5.604918479919434,5.644953727722168,5.7250237464904785,5.863500118255615
204,4,2026-02-10,5.895999908447266,5.7250237464904785,5.564883232116699,5.7250237464904785,5.564883232116699,5.7250237464904785,5.7250237464904785,5.863500118255615
204,5,2026-02-11,5.948999881744385,5.7250237464904785,5.564883232116699,5.7250237464904785,5.564883232116699,5.7250237464904785,5.7250237464904785,5.863500118255615
204,6,2026-02-12,5.770999908447266,5.765059471130371,5.7250237464904785,5.765059471130371,5.7250237464904785,5.765059471130371,5.765059471130371,5.863500118255615
204,7,2026-02-13,5.792500019073486,5.604918479919434,5.564883232116699,5.7250237464904785,5.564883232116699,5.604918479919434,5.7250237464904785,5.863500118255615
205,1,2026-02-08,5.91783332824707,5.73354434967041,5.613260269165039,5.73354434967041,5.613260269165039,5.73354434967041,5.73354434967041,5.890666961669922
205,2,2026-02-09,5.945000171661377,5.73354434967041,5.6934494972229,5.73354434967041,5.6934494972229,5.73354434967041,5.73354434967041,5.890666961669922
205,3,2026-02-10,5.895999908447266,5.653354644775391,5.613260269165039,5.73354434967041,5.613260269165039,5.653354644775391,5.73354434967041,5.890666961669922
205,4,2026-02-11,5.948999881744385,5.73354434967041,5.573165416717529,5.73354434967041,5.573165416717529,5.73354434967041,5.73354434967041,5.890666961669922
205,5,2026-02-12,5.770999908447266,5.73354434967041,5.653354644775391,5.773639678955078,5.653354644775391,5.73354434967041,5.773639678955078,5.890666961669922
205,6,2026-02-13,5.792500019073486,5.73354434967041,5.73354434967041,5.773639678955078,5.73354434967041,5.73354434967041,5.773639678955078,5.890666961669922
205,7,2026-02-14,5.752624988555908,5.613260269165039,5.573165416717529,5.73354434967041,5.573165416717529,5.613260269165039,5.73354434967041,5.890666961669922
206,1,2026-02-09,5.945000171661377,5.742480278015137,5.622008323669434,5.742480278015137,5.622008323669434,5.742480278015137,5.742480278015137,5.91783332824707
206,2,2026-02-10,5.895999908447266,5.742480278015137,5.702322959899902,5.742480278015137,5.702322959899902,5.742480278015137,5.742480278015137,5.91783332824707
206,3,2026-02-11,5.948999881744385,5.622008323669434,5.622008323669434,5.702322959899902,5.622008323669434,5.622008323669434,5.702322959899902,5.91783332824707
206,4,2026-02-12,5.770999908447266,5.742480278015137,5.581851482391357,5.742480278015137,5.581851482391357,5.742480278015137,5.742480278015137,5.91783332824707
206,5,2026-02-13,5.792500019073486,5.742480278015137,5.662165641784668,5.742480278015137,5.662165641784668,5.742480278015137,5.742480278015137,5.91783332824707
206,6,2026-02-14,5.752624988555908,5.782638072967529,5.742480278015137,5.782638072967529,5.742480278015137,5.782638072967529,5.782638072967529,5.91783332824707
206,7,2026-02-15,5.71274995803833,5.622008323669434,5.581851482391357,5.742480278015137,5.581851482391357,5.622008323669434,5.742480278015137,5.91783332824707
207,1,2026-02-10,5.895999908447266,5.75176477432251,5.631098747253418,5.75176477432251,5.631098747253418,5.75176477432251,5.75176477432251,5.945000171661377
207,2,2026-02-11,5.948999881744385,5.71154260635376,5.631098747253418,5.75176477432251,5.631098747253418,5.71154260635376,5.75176477432251,5.945000171661377
207,3,2026-02-12,5.770999908447266,5.631098747253418,5.631098747253418,5.75176477432251,5.631098747253418,5.631098747253418,5.75176477432251,5.945000171661377
207,4,2026-02-13,5.792500019073486,5.75176477432251,5.75176477432251,5.75176477432251,5.75176477432251,5.75176477432251,5.75176477432251,5.945000171661377
207,5,2026-02-14,5.752624988555908,5.75176477432251,5.67132043838501,5.75176477432251,5.67132043838501,5.75176477432251,5.75176477432251,5.945000171661377
207,6,2026-02-15,5.71274995803833,5.75176477432251,5.75176477432251,5.791987419128418,5.75176477432251,5.75176477432251,5.791987419128418,5.945000171661377
207,7,2026-02-16,5.672874927520752,5.75176477432251,5.590876579284668,5.75176477432251,5.590876579284668,5.75176477432251,5.75176477432251,5.945000171661377
208,1,2026-02-11,5.948999881744385,5.760601043701172,5.639749526977539,5.760601043701172,5.639749526977539,5.760601043701172,5.760601043701172,5.895999908447266
208,2,2026-02-12,5.770999908447266,5.720317363739014,5.720317363739014,5.760601043701172,5.720317363739014,5.720317363739014,5.760601043701172,5.895999908447266
208,3,2026-02-13,5.792500019073486,5.639749526977539,5.639749526977539,5.760601043701172,5.639749526977539,5.639749526977539,5.760601043701172,5.895999908447266
208,4,2026-02-14,5.752624988555908,5.760601043701172,5.639749526977539,5.760601043701172,5.639749526977539,5.760601043701172,5.760601043701172,5.895999908447266
208,5,2026-02-15,5.71274995803833,5.6800336837768555,5.6800336837768555,5.760601043701172,5.6800336837768555,5.6800336837768555,5.760601043701172,5.895999908447266
208,6,2026-02-16,5.672874927520752,5.8008856773376465,5.760601043701172,5.8008856773376465,5.760601043701172,5.8008856773376465,5.8008856773376465,5.895999908447266
208,7,2026-02-17,5.632999897003174,5.639749526977539,5.599465847015381,5.760601043701172,5.599465847015381,5.639749526977539,5.760601043701172,5.895999908447266
209,1,2026-02-12,5.770999908447266,5.770057678222656,5.689357757568359,5.770057678222656,5.689357757568359,5.770057678222656,5.770057678222656,5.948999881744385
209,2,2026-02-13,5.792500019073486,5.729707717895508,5.729707717895508,5.770057678222656,5.729707717895508,5.729707717895508,5.770057678222656,5.948999881744385
209,3,2026-02-14,5.752624988555908,5.729707717895508,5.649007320404053,5.770057678222656,5.649007320404053,5.729707717895508,5.770057678222656,5.948999881744385
209,4,2026-02-15,5.71274995803833,5.770057678222656,5.770057678222656,5.770057678222656,5.770057678222656,5.770057678222656,5.770057678222656,5.948999881744385
209,5,2026-02-16,5.672874927520752,5.689357757568359,5.689357757568359,5.770057678222656,5.689357757568359,5.689357757568359,5.770057678222656,5.948999881744385
209,6,2026-02-17,5.632999897003174,5.810408115386963,5.770057678222656,5.810408115386963,5.770057678222656,5.810408115386963,5.810408115386963,5.948999881744385
209,7,2026-02-18,5.793499946594238,5.649007320404053,5.608657360076904,5.770057678222656,5.608657360076904,5.649007320404053,5.770057678222656,5.948999881744385
210,1,2026-02-13,5.792500019073486,5.778916358947754,5.657680511474609,5.778916358947754,5.657680511474609,5.778916358947754,5.778916358947754,5.770999908447266
210,2,2026-02-14,5.752624988555908,5.738504409790039,5.738504409790039,5.778916358947754,5.738504409790039,5.738504409790039,5.778916358947754,5.770999908447266
210,3,2026-02-15,5.71274995803833,5.698092460632324,5.657680511474609,5.778916358947754,5.657680511474609,5.698092460632324,5.778916358947754,5.770999908447266
210,4,2026-02-16,5.672874927520752,5.778916358947754,5.6172685623168945,5.778916358947754,5.6172685623168945,5.778916358947754,5.778916358947754,5.770999908447266
210,5,2026-02-17,5.632999897003174,5.698092460632324,5.698092460632324,5.778916358947754,5.698092460632324,5.698092460632324,5.778916358947754,5.770999908447266
210,6,2026-02-18,5.793499946594238,5.819329261779785,5.778916358947754,5.819329261779785,5.778916358947754,5.819329261779785,5.819329261779785,5.770999908447266
210,7,2026-02-19,5.730000019073486,5.778916358947754,5.6172685623168945,5.778916358947754,5.6172685623168945,5.778916358947754,5.778916358947754,5.770999908447266
211,1,2026-02-14,5.752624988555908,5.787612438201904,5.666193962097168,5.787612438201904,5.666193962097168,5.787612438201904,5.787612438201904,5.792500019073486
211,2,2026-02-15,5.71274995803833,5.7471394538879395,5.7471394538879395,5.787612438201904,5.7471394538879395,5.7471394538879395,5.787612438201904,5.792500019073486
211,3,2026-02-16,5.672874927520752,5.706666946411133,5.666193962097168,5.787612438201904,5.666193962097168,5.706666946411133,5.787612438201904,5.792500019073486
211,4,2026-02-17,5.632999897003174,5.787612438201904,5.625721454620361,5.787612438201904,5.625721454620361,5.787612438201904,5.787612438201904,5.792500019073486
211,5,2026-02-18,5.793499946594238,5.787612438201904,5.706666946411133,5.787612438201904,5.706666946411133,5.787612438201904,5.787612438201904,5.792500019073486
211,6,2026-02-19,5.730000019073486,5.828085899353027,5.787612438201904,5.828085899353027,5.787612438201904,5.828085899353027,5.828085899353027,5.792500019073486
211,7,2026-02-20,5.830999851226807,5.787612438201904,5.625721454620361,5.787612438201904,5.625721454620361,5.787612438201904,5.787612438201904,5.792500019073486
212,1,2026-02-15,5.71274995803833,5.796073913574219,5.674478054046631,5.796073913574219,5.674478054046631,5.796073913574219,5.796073913574219,5.752624988555908
212,2,2026-02-16,5.672874927520752,5.755541801452637,5.755541801452637,5.796073913574219,5.755541801452637,5.755541801452637,5.796073913574219,5.752624988555908
212,3,2026-02-17,5.632999897003174,5.674478054046631,5.674478054046631,5.796073913574219,5.674478054046631,5.674478054046631,5.796073913574219,5.752624988555908
212,4,2026-02-18,5.793499946594238,5.796073913574219,5.796073913574219,5.796073913574219,5.796073913574219,5.796073913574219,5.796073913574219,5.752624988555908
212,5,2026-02-19,5.730000019073486,5.796073913574219,5.715010166168213,5.796073913574219,5.715010166168213,5.796073913574219,5.796073913574219,5.752624988555908
212,6,2026-02-20,5.830999851226807,5.836606502532959,5.796073913574219,5.836606502532959,5.796073913574219,5.836606502532959,5.836606502532959,5.752624988555908
212,7,2026-02-21,5.811666488647461,5.796073913574219,5.633945941925049,5.796073913574219,5.633945941925049,5.796073913574219,5.796073913574219,5.752624988555908
213,1,2026-02-16,5.672874927520752,5.804196834564209,5.804196834564209,5.804196834564209,5.804196834564209,5.804196834564209,5.804196834564209,5.71274995803833
213,2,2026-02-17,5.632999897003174,5.804196834564209,5.763607978820801,5.804196834564209,5.763607978820801,5.804196834564209,5.804196834564209,5.71274995803833
213,3,2026-02-18,5.793499946594238,5.682430744171143,5.682430744171143,5.804196834564209,5.682430744171143,5.682430744171143,5.804196834564209,5.71274995803833
213,4,2026-02-19,5.730000019073486,5.804196834564209,5.641841888427734,5.804196834564209,5.641841888427734,5.804196834564209,5.804196834564209,5.71274995803833
213,5,2026-02-20,5.830999851226807,5.804196834564209,5.723019599914551,5.804196834564209,5.723019599914551,5.804196834564209,5.804196834564209,5.71274995803833
213,6,2026-02-21,5.811666488647461,5.844786167144775,5.844786167144775,5.844786167144775,5.844786167144775,5.844786167144775,5.844786167144775,5.71274995803833
213,7,2026-02-22,5.792333126068115,5.804196834564209,5.641841888427734,5.804196834564209,5.641841888427734,5.804196834564209,5.804196834564209,5.71274995803833
214,1,2026-02-17,5.632999897003174,5.730102062225342,5.689463138580322,5.811379909515381,5.689463138580322,5.730102062225342,5.811379909515381,5.672874927520752
214,2,2026-02-18,5.793499946594238,5.811379909515381,5.770740985870361,5.811379909515381,5.770740985870361,5.811379909515381,5.811379909515381,5.672874927520752
214,3,2026-02-19,5.730000019073486,5.689463138580322,5.689463138580322,5.811379909515381,5.689463138580322,5.689463138580322,5.811379909515381,5.672874927520752
214,4,2026-02-20,5.830999851226807,5.811379909515381,5.648824214935303,5.811379909515381,5.648824214935303,5.811379909515381,5.811379909515381,5.672874927520752
214,5,2026-02-21,5.811666488647461,5.811379909515381,5.730102062225342,5.811379909515381,5.730102062225342,5.811379909515381,5.811379909515381,5.672874927520752
214,6,2026-02-22,5.792333126068115,5.852019786834717,5.811379909515381,5.852019786834717,5.811379909515381,5.852019786834717,5.852019786834717,5.672874927520752
214,7,2026-02-23,5.7729997634887695,5.811379909515381,5.811379909515381,5.811379909515381,5.811379909515381,5.811379909515381,5.811379909515381,5.672874927520752
215,1,2026-02-18,5.793499946594238,5.817625522613525,5.695577621459961,5.817625522613525,5.695577621459961,5.817625522613525,5.817625522613525,5.632999897003174
215,2,2026-02-19,5.730000019073486,5.817625522613525,5.776942729949951,5.817625522613525,5.776942729949951,5.817625522613525,5.817625522613525,5.632999897003174
215,3,2026-02-20,5.830999851226807,5.695577621459961,5.695577621459961,5.736260414123535,5.695577621459961,5.695577621459961,5.736260414123535,5.632999897003174
215,4,2026-02-21,5.811666488647461,5.817625522613525,5.654894828796387,5.817625522613525,5.654894828796387,5.817625522613525,5.817625522613525,5.632999897003174
215,5,2026-02-22,5.792333126068115,5.817625522613525,5.736260414123535,5.858308792114258,5.736260414123535,5.817625522613525,5.858308792114258,5.632999897003174
215,6,2026-02-23,5.7729997634887695,5.858308792114258,5.858308792114258,5.858308792114258,5.858308792114258,5.858308792114258,5.858308792114258,5.632999897003174
215,7,2026-02-24,5.922999858856201,5.817625522613525,5.654894828796387,5.817625522613525,5.654894828796387,5.817625522613525,5.817625522613525,5.632999897003174
216,1,2026-02-19,5.730000019073486,5.825032711029053,5.812812328338623,5.825032711029053,5.812812328338623,5.825032711029053,5.825032711029053,5.793499946594238
216,2,2026-02-20,5.830999851226807,5.784298419952393,5.784298419952393,5.825032711029053,5.784298419952393,5.784298419952393,5.825032711029053,5.793499946594238
216,3,2026-02-21,5.811666488647461,5.825032711029053,5.743563652038574,5.825032711029053,5.743563652038574,5.825032711029053,5.825032711029053,5.793499946594238
216,4,2026-02-22,5.792333126068115,5.825032711029053,5.662095069885254,5.825032711029053,5.662095069885254,5.825032711029053,5.825032711029053,5.793499946594238
216,5,2026-02-23,5.7729997634887695,5.825032711029053,5.743563652038574,5.825032711029053,5.743563652038574,5.825032711029053,5.825032711029053,5.793499946594238
216,6,2026-02-24,5.922999858856201,5.865767955780029,5.825032711029053,5.865767955780029,5.825032711029053,5.865767955780029,5.865767955780029,5.793499946594238
216,7,2026-02-25,5.979499816894531,5.825032711029053,5.662095069885254,5.825032711029053,5.662095069885254,5.825032711029053,5.825032711029053,5.793499946594238
217,1,2026-02-20,5.830999851226807,5.832176685333252,5.7098236083984375,5.832176685333252,5.7098236083984375,5.832176685333252,5.832176685333252,5.730000019073486
217,2,2026-02-21,5.811666488647461,5.7913923263549805,5.7913923263549805,5.832176685333252,5.7913923263549805,5.7913923263549805,5.832176685333252,5.730000019073486
217,3,2026-02-22,5.792333126068115,5.750607967376709,5.7098236083984375,5.832176685333252,5.7098236083984375,5.750607967376709,5.832176685333252,5.730000019073486
217,4,2026-02-23,5.7729997634887695,5.832176685333252,5.669039249420166,5.832176685333252,5.669039249420166,5.832176685333252,5.832176685333252,5.730000019073486
217,5,2026-02-24,5.922999858856201,5.832176685333252,5.750607967376709,5.832176685333252,5.750607967376709,5.832176685333252,5.832176685333252,5.730000019073486
217,6,2026-02-25,5.979499816894531,5.87296199798584,5.832176685333252,5.87296199798584,5.832176685333252,5.87296199798584,5.87296199798584,5.730000019073486
217,7,2026-02-26,5.947000026702881,5.832176685333252,5.669039249420166,5.832176685333252,5.669039249420166,5.832176685333252,5.832176685333252,5.730000019073486
218,1,2026-02-21,5.811666488647461,5.839951038360596,5.717434406280518,5.839951038360596,5.717434406280518,5.839951038360596,5.839951038360596,5.830999851226807
218,2,2026-02-22,5.792333126068115,5.799112319946289,5.799112319946289,5.839951038360596,5.799112319946289,5.799112319946289,5.839951038360596,5.830999851226807
218,3,2026-02-23,5.7729997634887695,5.839951038360596,5.717434406280518,5.839951038360596,5.717434406280518,5.839951038360596,5.839951038360596,5.830999851226807
218,4,2026-02-24,5.922999858856201,5.839951038360596,5.839951038360596,5.839951038360596,5.839951038360596,5.839951038360596,5.839951038360596,5.830999851226807
218,5,2026-02-25,5.979499816894531,5.758273601531982,5.758273601531982,5.839951038360596,5.758273601531982,5.758273601531982,5.839951038360596,5.830999851226807
218,6,2026-02-26,5.947000026702881,5.8807902336120605,5.839951038360596,5.8807902336120605,5.839951038360596,5.8807902336120605,5.8807902336120605,5.830999851226807
218,7,2026-02-27,6.004499912261963,5.839951038360596,5.676595687866211,5.839951038360596,5.676595687866211,5.839951038360596,5.839951038360596,5.830999851226807
219,1,2026-02-22,5.792333126068115,5.847543239593506,5.724867343902588,5.847543239593506,5.724867343902588,5.847543239593506,5.847543239593506,5.811666488647461
219,2,2026-02-23,5.7729997634887695,5.8066511154174805,5.8066511154174805,5.847543239593506,5.8066511154174805,5.8066511154174805,5.847543239593506,5.811666488647461
219,3,2026-02-24,5.922999858856201,5.765759468078613,5.724867343902588,5.847543239593506,5.724867343902588,5.765759468078613,5.847543239593506,5.811666488647461
219,4,2026-02-25,5.979499816894531,5.847543239593506,5.847543239593506,5.847543239593506,5.847543239593506,5.847543239593506,5.847543239593506,5.811666488647461
219,5,2026-02-26,5.947000026702881,5.765759468078613,5.765759468078613,5.847543239593506,5.765759468078613,5.765759468078613,5.847543239593506,5.811666488647461
219,6,2026-02-27,6.004499912261963,5.8884358406066895,5.847543239593506,5.8884358406066895,5.847543239593506,5.8884358406066895,5.8884358406066895,5.811666488647461
219,7,2026-02-28,5.967833042144775,5.847543239593506,5.683975696563721,5.847543239593506,5.683975696563721,5.847543239593506,5.847543239593506,5.811666488647461
220,1,2026-02-23,5.7729997634887695,5.855330467224121,5.732491493225098,5.855330467224121,5.732491493225098,5.855330467224121,5.855330467224121,5.792333126068115
220,2,2026-02-24,5.922999858856201,5.814384460449219,5.814384460449219,5.855330467224121,5.814384460449219,5.814384460449219,5.855330467224121,5.792333126068115
220,3,2026-02-25,5.979499816894531,5.732491493225098,5.732491493225098,5.855330467224121,5.732491493225098,5.732491493225098,5.855330467224121,5.792333126068115
220,4,2026-02-26,5.947000026702881,5.855330467224121,5.855330467224121,5.855330467224121,5.855330467224121,5.855330467224121,5.855330467224121,5.792333126068115
220,5,2026-02-27,6.004499912261963,5.773437976837158,5.773437976837158,5.855330467224121,5.773437976837158,5.773437976837158,5.855330467224121,5.792333126068115
220,6,2026-02-28,5.967833042144775,5.896277904510498,5.855330467224121,5.896277904510498,5.855330467224121,5.896277904510498,5.896277904510498,5.792333126068115
220,7,2026-03-01,5.931166648864746,5.732491493225098,5.691545486450195,5.855330467224121,5.691545486450195,5.732491493225098,5.855330467224121,5.792333126068115
221,1,2026-02-24,5.922999858856201,5.863089084625244,5.740087509155273,5.863089084625244,5.740087509155273,5.863089084625244,5.863089084625244,5.7729997634887695
221,2,2026-02-25,5.979499816894531,5.822088718414307,5.822088718414307,5.863089084625244,5.822088718414307,5.822088718414307,5.863089084625244,5.7729997634887695
221,3,2026-02-26,5.947000026702881,5.781088352203369,5.740087509155273,5.863089084625244,5.740087509155273,5.781088352203369,5.863089084625244,5.7729997634887695
221,4,2026-02-27,6.004499912261963,5.863089084625244,5.863089084625244,5.863089084625244,5.863089084625244,5.863089084625244,5.863089084625244,5.7729997634887695
221,5,2026-02-28,5.967833042144775,5.863089084625244,5.781088352203369,5.863089084625244,5.781088352203369,5.863089084625244,5.863089084625244,5.7729997634887695
221,6,2026-03-01,5.931166648864746,5.904090404510498,5.904090404510498,5.904090404510498,5.904090404510498,5.904090404510498,5.904090404510498,5.7729997634887695
221,7,2026-03-02,5.894499778747559,5.863089084625244,5.699087142944336,5.863089084625244,5.699087142944336,5.863089084625244,5.863089084625244,5.7729997634887695
222,1,2026-02-25,5.979499816894531,5.872592449188232,5.8315253257751465,5.872592449188232,5.8315253257751465,5.872592449188232,5.872592449188232,5.922999858856201
222,2,2026-02-26,5.947000026702881,5.8315253257751465,5.8315253257751465,5.872592449188232,5.8315253257751465,5.8315253257751465,5.872592449188232,5.922999858856201
222,3,2026-02-27,6.004499912261963,5.872592449188232,5.749391555786133,5.872592449188232,5.749391555786133,5.872592449188232,5.872592449188232,5.922999858856201
222,4,2026-02-28,5.967833042144775,5.872592449188232,5.872592449188232,5.872592449188232,5.872592449188232,5.872592449188232,5.872592449188232,5.922999858856201
222,5,2026-03-01,5.931166648864746,5.790458679199219,5.790458679199219,5.872592449188232,5.790458679199219,5.790458679199219,5.872592449188232,5.922999858856201
222,6,2026-03-02,5.894499778747559,5.913660526275635,5.872592449188232,5.913660526275635,5.872592449188232,5.913660526275635,5.913660526275635,5.922999858856201
222,7,2026-03-03,5.773499965667725,5.749391555786133,5.708324432373047,5.872592449188232,5.708324432373047,5.749391555786133,5.872592449188232,5.922999858856201
223,1,2026-02-26,5.947000026702881,5.882861614227295,5.882861614227295,5.882861614227295,5.882861614227295,5.882861614227295,5.882861614227295,5.979499816894531
223,2,2026-02-27,6.004499912261963,5.882861614227295,5.8417229652404785,5.882861614227295,5.8417229652404785,5.882861614227295,5.882861614227295,5.979499816894531
223,3,2026-02-28,5.967833042144775,5.8417229652404785,5.7594451904296875,5.882861614227295,5.7594451904296875,5.8417229652404785,5.882861614227295,5.979499816894531
223,4,2026-03-01,5.931166648864746,5.882861614227295,5.882861614227295,5.882861614227295,5.882861614227295,5.882861614227295,5.882861614227295,5.979499816894531
223,5,2026-03-02,5.894499778747559,5.800583839416504,5.800583839416504,5.882861614227295,5.800583839416504,5.800583839416504,5.882861614227295,5.979499816894531
223,6,2026-03-03,5.773499965667725,5.924001216888428,5.882861614227295,5.924001216888428,5.882861614227295,5.924001216888428,5.924001216888428,5.979499816894531
223,7,2026-03-04,5.855000019073486,5.738875865936279,5.718306541442871,5.882861614227295,5.718306541442871,5.738875865936279,5.882861614227295,5.979499816894531
224,1,2026-02-27,6.004499912261963,5.893182754516602,5.893182754516602,5.893182754516602,5.893182754516602,5.893182754516602,5.893182754516602,5.947000026702881
224,2,2026-02-28,5.967833042144775,5.851971626281738,5.851971626281738,5.893182754516602,5.851971626281738,5.851971626281738,5.893182754516602,5.947000026702881
224,3,2026-03-01,5.931166648864746,5.851971626281738,5.76954984664917,5.893182754516602,5.76954984664917,5.851971626281738,5.893182754516602,5.947000026702881
224,4,2026-03-02,5.894499778747559,5.893182754516602,5.893182754516602,5.893182754516602,5.893182754516602,5.893182754516602,5.893182754516602,5.947000026702881
224,5,2026-03-03,5.773499965667725,5.810760974884033,5.810760974884033,5.893182754516602,5.810760974884033,5.810760974884033,5.893182754516602,5.947000026702881
224,6,2026-03-04,5.855000019073486,5.934394359588623,5.893182754516602,5.934394359588623,5.893182754516602,5.934394359588623,5.934394359588623,5.947000026702881
224,7,2026-03-05,5.752999782562256,5.728338718414307,5.728338718414307,5.893182754516602,5.728338718414307,5.728338718414307,5.893182754516602,5.947000026702881
225,1,2026-02-28,5.967833042144775,5.90363073348999,5.90363073348999,5.90363073348999,5.90363073348999,5.90363073348999,5.90363073348999,6.004499912261963
225,2,2026-03-01,5.931166648864746,5.862346172332764,5.862346172332764,5.90363073348999,5.862346172332764,5.862346172332764,5.90363073348999,6.004499912261963
225,3,2026-03-02,5.894499778747559,5.90363073348999,5.779778003692627,5.90363073348999,5.779778003692627,5.90363073348999,5.90363073348999,6.004499912261963
225,4,2026-03-03,5.773499965667725,5.90363073348999,5.90363073348999,5.90363073348999,5.90363073348999,5.90363073348999,5.90363073348999,6.004499912261963
225,5,2026-03-04,5.855000019073486,5.821062088012695,5.821062088012695,5.90363073348999,5.821062088012695,5.821062088012695,5.90363073348999,6.004499912261963
225,6,2026-03-05,5.752999782562256,5.90363073348999,5.90363073348999,5.944915294647217,5.90363073348999,5.90363073348999,5.944915294647217,6.004499912261963
225,7,2026-03-06,5.756999969482422,5.90363073348999,5.738493919372559,5.90363073348999,5.738493919372559,5.90363073348999,5.90363073348999,6.004499912261963
226,1,2026-03-01,5.931166648864746,5.914201259613037,5.914201259613037,5.914201259613037,5.914201259613037,5.914201259613037,5.914201259613037,5.967833042144775
226,2,2026-03-02,5.894499778747559,5.872843265533447,5.872843265533447,5.914201259613037,5.872843265533447,5.872843265533447,5.914201259613037,5.967833042144775
226,3,2026-03-03,5.773499965667725,5.872843265533447,5.790127277374268,5.914201259613037,5.790127277374268,5.872843265533447,5.914201259613037,5.967833042144775
226,4,2026-03-04,5.855000019073486,5.914201259613037,5.914201259613037,5.914201259613037,5.914201259613037,5.914201259613037,5.914201259613037,5.967833042144775
226,5,2026-03-05,5.752999782562256,5.831485271453857,5.831485271453857,5.831485271453857,5.831485271453857,5.831485271453857,5.831485271453857,5.967833042144775
226,6,2026-03-06,5.756999969482422,5.955559730529785,5.914201259613037,5.955559730529785,5.914201259613037,5.955559730529785,5.955559730529785,5.967833042144775
226,7,2026-03-07,5.771500110626221,5.790127277374268,5.7487688064575195,5.914201259613037,5.7487688064575195,5.790127277374268,5.914201259613037,5.967833042144775
227,1,2026-03-02,5.894499778747559,5.923874378204346,5.799597263336182,5.923874378204346,5.799597263336182,5.923874378204346,5.923874378204346,5.931166648864746
227,2,2026-03-03,5.773499965667725,5.882448673248291,5.882448673248291,5.923874378204346,5.882448673248291,5.882448673248291,5.923874378204346,5.931166648864746
227,3,2026-03-04,5.855000019073486,5.923874378204346,5.799597263336182,5.923874378204346,5.799597263336182,5.923874378204346,5.923874378204346,5.931166648864746
227,4,2026-03-05,5.752999782562256,5.923874378204346,5.923874378204346,5.923874378204346,5.923874378204346,5.923874378204346,5.923874378204346,5.931166648864746
227,5,2026-03-06,5.756999969482422,5.841022968292236,5.841022968292236,5.923874378204346,5.841022968292236,5.841022968292236,5.923874378204346,5.931166648864746
227,6,2026-03-07,5.771500110626221,5.965300559997559,5.923874378204346,5.965300559997559,5.923874378204346,5.965300559997559,5.965300559997559,5.931166648864746
227,7,2026-03-08,5.785999774932861,5.799597263336182,5.758171558380127,5.923874378204346,5.758171558380127,5.799597263336182,5.923874378204346,5.931166648864746
228,1,2026-03-03,5.773499965667725,5.93332576751709,5.850342273712158,5.93332576751709,5.850342273712158,5.93332576751709,5.93332576751709,5.894499778747559
228,2,2026-03-04,5.855000019073486,5.891833782196045,5.891833782196045,5.93332576751709,5.891833782196045,5.891833782196045,5.93332576751709,5.894499778747559
228,3,2026-03-05,5.752999782562256,5.93332576751709,5.808850288391113,5.93332576751709,5.808850288391113,5.93332576751709,5.93332576751709,5.894499778747559
228,4,2026-03-06,5.756999969482422,5.93332576751709,5.93332576751709,5.93332576751709,5.93332576751709,5.93332576751709,5.93332576751709,5.894499778747559
228,5,2026-03-07,5.771500110626221,5.850342273712158,5.850342273712158,5.93332576751709,5.850342273712158,5.850342273712158,5.93332576751709,5.894499778747559
228,6,2026-03-08,5.785999774932861,5.974818229675293,5.93332576751709,5.974818229675293,5.93332576751709,5.974818229675293,5.974818229675293,5.894499778747559
228,7,2026-03-09,5.80049991607666,5.93332576751709,5.767358779907227,5.93332576751709,5.767358779907227,5.93332576751709,5.93332576751709,5.894499778747559
229,1,2026-03-04,5.855000019073486,5.941671848297119,5.817021369934082,5.941671848297119,5.817021369934082,5.941671848297119,5.941671848297119,5.773499965667725
229,2,2026-03-05,5.752999782562256,5.900121688842773,5.900121688842773,5.941671848297119,5.900121688842773,5.900121688842773,5.941671848297119,5.773499965667725
229,3,2026-03-06,5.756999969482422,5.941671848297119,5.817021369934082,5.941671848297119,5.817021369934082,5.941671848297119,5.941671848297119,5.773499965667725
229,4,2026-03-07,5.771500110626221,5.941671848297119,5.941671848297119,5.941671848297119,5.941671848297119,5.941671848297119,5.941671848297119,5.773499965667725
229,5,2026-03-08,5.785999774932861,5.858571529388428,5.858571529388428,5.941671848297119,5.858571529388428,5.858571529388428,5.941671848297119,5.773499965667725
229,6,2026-03-09,5.80049991607666,5.983222484588623,5.941671848297119,5.983222484588623,5.941671848297119,5.983222484588623,5.983222484588623,5.773499965667725
229,7,2026-03-10,5.9039998054504395,5.941671848297119,5.817021369934082,5.941671848297119,5.817021369934082,5.941671848297119,5.941671848297119,5.773499965667725
230,1,2026-03-05,5.752999782562256,5.951032638549805,5.951032638549805,5.951032638549805,5.951032638549805,5.951032638549805,5.951032638549805,5.855000019073486
230,2,2026-03-06,5.756999969482422,5.909416675567627,5.909416675567627,5.951032638549805,5.909416675567627,5.909416675567627,5.951032638549805,5.855000019073486
230,3,2026-03-07,5.771500110626221,5.951032638549805,5.826185703277588,5.951032638549805,5.826185703277588,5.951032638549805,5.951032638549805,5.855000019073486
230,4,2026-03-08,5.785999774932861,5.951032638549805,5.951032638549805,5.951032638549805,5.951032638549805,5.951032638549805,5.951032638549805,5.855000019073486
230,5,2026-03-09,5.80049991607666,5.867801189422607,5.867801189422607,5.951032638549805,5.867801189422607,5.867801189422607,5.951032638549805,5.855000019073486
230,6,2026-03-10,5.9039998054504395,5.992648601531982,5.951032638549805,5.992648601531982,5.951032638549805,5.992648601531982,5.992648601531982,5.855000019073486
230,7,2026-03-11,5.8454999923706055,5.951032638549805,5.826185703277588,5.951032638549805,5.826185703277588,5.951032638549805,5.951032638549805,5.855000019073486
231,1,2026-03-06,5.756999969482422,5.958932399749756,5.833920001983643,5.958932399749756,5.833920001983643,5.958932399749756,5.958932399749756,5.752999782562256
231,2,2026-03-07,5.771500110626221,5.917261600494385,5.917261600494385,5.958932399749756,5.917261600494385,5.917261600494385,5.958932399749756,5.752999782562256
231,3,2026-03-08,5.785999774932861,5.833920001983643,5.833920001983643,5.958932399749756,5.833920001983643,5.833920001983643,5.958932399749756,5.752999782562256
231,4,2026-03-09,5.80049991607666,5.958932399749756,5.958932399749756,5.958932399749756,5.958932399749756,5.958932399749756,5.958932399749756,5.752999782562256
231,5,2026-03-10,5.9039998054504395,5.958932399749756,5.875590801239014,5.958932399749756,5.875590801239014,5.958932399749756,5.958932399749756,5.752999782562256
231,6,2026-03-11,5.8454999923706055,6.000604152679443,5.958932399749756,6.000604152679443,5.958932399749756,6.000604152679443,6.000604152679443,5.752999782562256
231,7,2026-03-12,5.82450008392334,5.958932399749756,5.833920001983643,5.958932399749756,5.833920001983643,5.958932399749756,5.958932399749756,5.752999782562256
232,1,2026-03-07,5.771500110626221,5.96577262878418,5.840616703033447,5.96577262878418,5.840616703033447,5.96577262878418,5.96577262878418,5.756999969482422
232,2,2026-03-08,5.785999774932861,5.96577262878418,5.924054145812988,5.96577262878418,5.924054145812988,5.96577262878418,5.96577262878418,5.756999969482422
232,3,2026-03-09,5.80049991607666,5.840616703033447,5.840616703033447,5.96577262878418,5.840616703033447,5.840616703033447,5.96577262878418,5.756999969482422
232,4,2026-03-10,5.9039998054504395,5.96577262878418,5.96577262878418,5.96577262878418,5.96577262878418,5.96577262878418,5.96577262878418,5.756999969482422
232,5,2026-03-11,5.8454999923706055,5.96577262878418,5.96577262878418,6.0074920654296875,5.96577262878418,5.96577262878418,6.0074920654296875,5.756999969482422
232,6,2026-03-12,5.82450008392334,6.0074920654296875,5.96577262878418,6.0074920654296875,5.96577262878418,6.0074920654296875,6.0074920654296875,5.756999969482422
232,7,2026-03-13,5.7144999504089355,5.96577262878418,5.798898220062256,5.96577262878418,5.798898220062256,5.96577262878418,5.96577262878418,5.756999969482422
233,1,2026-03-08,5.785999774932861,5.972341537475586,5.847047805786133,5.972341537475586,5.847047805786133,5.972341537475586,5.972341537475586,5.771500110626221
233,2,2026-03-09,5.80049991607666,5.972341537475586,5.930576801300049,5.972341537475586,5.930576801300049,5.972341537475586,5.972341537475586,5.771500110626221
233,3,2026-03-10,5.9039998054504395,5.847047805786133,5.847047805786133,5.972341537475586,5.847047805786133,5.847047805786133,5.972341537475586,5.771500110626221
233,4,2026-03-11,5.8454999923706055,5.972341537475586,5.972341537475586,5.972341537475586,5.972341537475586,5.972341537475586,5.972341537475586,5.771500110626221
233,5,2026-03-12,5.82450008392334,5.972341537475586,5.88881254196167,5.972341537475586,5.88881254196167,5.972341537475586,5.972341537475586,5.771500110626221
233,6,2026-03-13,5.7144999504089355,6.014106750488281,5.972341537475586,6.014106750488281,5.972341537475586,6.014106750488281,6.014106750488281,5.771500110626221
233,7,2026-03-14,5.739833354949951,5.972341537475586,5.847047805786133,5.972341537475586,5.847047805786133,5.972341537475586,5.972341537475586,5.771500110626221
234,1,2026-03-09,5.80049991607666,5.978636741638184,5.853210926055908,5.978636741638184,5.853210926055908,5.978636741638184,5.978636741638184,5.785999774932861
234,2,2026-03-10,5.9039998054504395,5.978636741638184,5.936828136444092,5.978636741638184,5.936828136444092,5.978636741638184,5.978636741638184,5.785999774932861
234,3,2026-03-11,5.8454999923706055,5.853210926055908,5.853210926055908,5.978636741638184,5.853210926055908,5.853210926055908,5.978636741638184,5.785999774932861
234,4,2026-03-12,5.82450008392334,5.978636741638184,5.978636741638184,5.978636741638184,5.978636741638184,5.978636741638184,5.978636741638184,5.785999774932861
234,5,2026-03-13,5.7144999504089355,5.978636741638184,5.89501953125,6.020446300506592,5.89501953125,5.978636741638184,6.020446300506592,5.785999774932861
234,6,2026-03-14,5.739833354949951,6.020446300506592,5.978636741638184,6.020446300506592,5.978636741638184,6.020446300506592,6.020446300506592,5.785999774932861
234,7,2026-03-15,5.765166759490967,5.978636741638184,5.811402320861816,5.978636741638184,5.811402320861816,5.978636741638184,5.978636741638184,5.785999774932861
235,1,2026-03-10,5.9039998054504395,5.984967231750488,5.859408855438232,5.984967231750488,5.859408855438232,5.984967231750488,5.984967231750488,5.80049991607666
235,2,2026-03-11,5.8454999923706055,5.984967231750488,5.943114280700684,5.984967231750488,5.943114280700684,5.984967231750488,5.984967231750488,5.80049991607666
235,3,2026-03-12,5.82450008392334,5.943114280700684,5.859408855438232,5.984967231750488,5.859408855438232,5.943114280700684,5.984967231750488,5.80049991607666
235,4,2026-03-13,5.7144999504089355,5.984967231750488,5.984967231750488,5.984967231750488,5.984967231750488,5.984967231750488,5.984967231750488,5.80049991607666
235,5,2026-03-14,5.739833354949951,5.984967231750488,5.901261806488037,5.984967231750488,5.901261806488037,5.984967231750488,5.984967231750488,5.80049991607666
235,6,2026-03-15,5.765166759490967,6.026821136474609,5.984967231750488,6.026821136474609,5.984967231750488,6.026821136474609,6.026821136474609,5.80049991607666
235,7,2026-03-16,5.790500164031982,5.984967231750488,5.817555904388428,5.984967231750488,5.817555904388428,5.984967231750488,5.984967231750488,5.80049991607666
236,1,2026-03-11,5.8454999923706055,5.9922661781311035,5.866554260253906,5.9922661781311035,5.866554260253906,5.9922661781311035,5.9922661781311035,5.9039998054504395
236,2,2026-03-12,5.82450008392334,5.950362205505371,5.950362205505371,5.9922661781311035,5.950362205505371,5.950362205505371,5.9922661781311035,5.9039998054504395
236,3,2026-03-13,5.7144999504089355,5.9922661781311035,5.866554260253906,5.9922661781311035,5.866554260253906,5.9922661781311035,5.9922661781311035,5.9039998054504395
236,4,2026-03-14,5.739833354949951,5.9922661781311035,5.9922661781311035,5.9922661781311035,5.9922661781311035,5.9922661781311035,5.9922661781311035,5.9039998054504395
236,5,2026-03-15,5.765166759490967,5.9922661781311035,5.908458232879639,6.034170627593994,5.908458232879639,5.9922661781311035,6.034170627593994,5.9039998054504395
236,6,2026-03-16,5.790500164031982,5.9922661781311035,5.9922661781311035,6.034170627593994,5.9922661781311035,5.9922661781311035,6.034170627593994,5.9039998054504395
236,7,2026-03-17,5.726500034332275,5.866554260253906,5.824650287628174,5.9922661781311035,5.824650287628174,5.866554260253906,5.9922661781311035,5.9039998054504395
237,1,2026-03-12,5.82450008392334,5.998833656311035,5.872984409332275,5.998833656311035,5.872984409332275,5.998833656311035,5.998833656311035,5.8454999923706055
237,2,2026-03-13,5.7144999504089355,5.956883907318115,5.956883907318115,5.998833656311035,5.956883907318115,5.956883907318115,5.998833656311035,5.8454999923706055
237,3,2026-03-14,5.739833354949951,5.914934158325195,5.872984409332275,5.998833656311035,5.872984409332275,5.914934158325195,5.998833656311035,5.8454999923706055
237,4,2026-03-15,5.765166759490967,5.998833656311035,5.998833656311035,5.998833656311035,5.998833656311035,5.998833656311035,5.998833656311035,5.8454999923706055
237,5,2026-03-16,5.790500164031982,5.998833656311035,5.914934158325195,5.998833656311035,5.914934158325195,5.998833656311035,5.998833656311035,5.8454999923706055
237,6,2026-03-17,5.726500034332275,6.0407843589782715,5.998833656311035,6.0407843589782715,5.998833656311035,6.0407843589782715,6.0407843589782715,5.8454999923706055
237,7,2026-03-18,5.553999900817871,5.998833656311035,5.8310346603393555,5.998833656311035,5.8310346603393555,5.998833656311035,5.998833656311035,5.8454999923706055
238,1,2026-03-13,5.7144999504089355,5.879794597625732,5.879794597625732,6.0057902336120605,5.879794597625732,5.879794597625732,6.0057902336120605,5.82450008392334
238,2,2026-03-14,5.739833354949951,6.0057902336120605,5.963791370391846,6.0057902336120605,5.963791370391846,6.0057902336120605,6.0057902336120605,5.82450008392334
238,3,2026-03-15,5.765166759490967,5.879794597625732,5.879794597625732,6.0057902336120605,5.879794597625732,5.879794597625732,6.0057902336120605,5.82450008392334
238,4,2026-03-16,5.790500164031982,6.0057902336120605,6.0057902336120605,6.0057902336120605,6.0057902336120605,6.0057902336120605,6.0057902336120605,5.82450008392334
238,5,2026-03-17,5.726500034332275,6.0057902336120605,5.921792984008789,6.0057902336120605,5.921792984008789,6.0057902336120605,6.0057902336120605,5.82450008392334
238,6,2026-03-18,5.553999900817871,6.047789096832275,6.0057902336120605,6.047789096832275,6.0057902336120605,6.047789096832275,6.047789096832275,5.82450008392334
238,7,2026-03-19,5.433000087738037,6.0057902336120605,5.837796211242676,6.0057902336120605,5.837796211242676,6.0057902336120605,6.0057902336120605,5.82450008392334
239,1,2026-03-14,5.739833354949951,5.883967399597168,5.883967399597168,6.01005220413208,5.883967399597168,5.883967399597168,6.01005220413208,5.7144999504089355
239,2,2026-03-15,5.765166759490967,5.968024253845215,5.879764556884766,6.01005220413208,5.879764556884766,5.968024253845215,6.01005220413208,5.7144999504089355
239,3,2026-03-16,5.790500164031982,5.883967399597168,5.883967399597168,5.925995826721191,5.883967399597168,5.883967399597168,5.925995826721191,5.7144999504089355
239,4,2026-03-17,5.726500034332275,5.883967399597168,5.8419389724731445,6.01005220413208,5.8419389724731445,5.883967399597168,6.01005220413208,5.7144999504089355
239,5,2026-03-18,5.553999900817871,6.01005220413208,5.883967399597168,6.01005220413208,5.883967399597168,6.01005220413208,6.01005220413208,5.7144999504089355
239,6,2026-03-19,5.433000087738037,6.01005220413208,5.925995826721191,6.052081108093262,5.925995826721191,6.01005220413208,6.052081108093262,5.7144999504089355
239,7,2026-03-20,5.34250020980835,6.01005220413208,5.8419389724731445,6.01005220413208,5.8419389724731445,6.01005220413208,6.01005220413208,5.7144999504089355
240,1,2026-03-15,5.765166759490967,5.88856840133667,5.88856840133667,6.01475191116333,5.88856840133667,5.88856840133667,6.01475191116333,5.739833354949951
240,2,2026-03-16,5.790500164031982,5.972690582275391,5.88856840133667,6.01475191116333,5.88856840133667,5.972690582275391,6.01475191116333,5.739833354949951
240,3,2026-03-17,5.726500034332275,5.88856840133667,5.88856840133667,5.930629730224609,5.88856840133667,5.88856840133667,5.930629730224609,5.739833354949951
240,4,2026-03-18,5.553999900817871,5.846507549285889,5.846507549285889,6.01475191116333,5.846507549285889,5.846507549285889,6.01475191116333,5.739833354949951
240,5,2026-03-19,5.433000087738037,6.01475191116333,6.01475191116333,6.01475191116333,6.01475191116333,6.01475191116333,6.01475191116333,5.739833354949951
240,6,2026-03-20,5.34250020980835,6.01475191116333,5.846507549285889,6.056813716888428,5.846507549285889,6.01475191116333,6.056813716888428,5.739833354949951
240,7,2026-03-21,5.374833583831787,6.01475191116333,5.846507549285889,6.01475191116333,5.846507549285889,6.01475191116333,6.01475191116333,5.739833354949951
241,1,2026-03-16,5.790500164031982,5.892501354217529,5.892501354217529,5.934590816497803,5.892501354217529,5.892501354217529,5.934590816497803,5.765166759490967
241,2,2026-03-17,5.726500034332275,5.892501354217529,5.892501354217529,6.018769264221191,5.892501354217529,5.892501354217529,6.018769264221191,5.765166759490967
241,3,2026-03-18,5.553999900817871,5.892501354217529,5.892501354217529,5.892501354217529,5.892501354217529,5.892501354217529,5.892501354217529,5.765166759490967
241,4,2026-03-19,5.433000087738037,6.018769264221191,5.850412368774414,6.018769264221191,5.850412368774414,6.018769264221191,6.018769264221191,5.765166759490967
241,5,2026-03-20,5.34250020980835,6.018769264221191,6.018769264221191,6.018769264221191,6.018769264221191,6.018769264221191,6.018769264221191,5.765166759490967
241,6,2026-03-21,5.374833583831787,6.018769264221191,5.850412368774414,6.018769264221191,5.850412368774414,6.018769264221191,6.018769264221191,5.765166759490967
241,7,2026-03-22,5.407166481018066,6.018769264221191,5.850412368774414,6.018769264221191,5.850412368774414,6.018769264221191,6.018769264221191,5.765166759490967
242,1,2026-03-17,5.726500034332275,5.896754264831543,5.896754264831543,6.023112773895264,5.896754264831543,5.896754264831543,6.023112773895264,5.790500164031982
242,2,2026-03-18,5.553999900817871,5.980993270874023,5.896754264831543,6.023112773895264,5.896754264831543,5.980993270874023,6.023112773895264,5.790500164031982
242,3,2026-03-19,5.433000087738037,5.896754264831543,5.896754264831543,6.023112773895264,5.896754264831543,5.896754264831543,6.023112773895264,5.790500164031982
242,4,2026-03-20,5.34250020980835,6.023112773895264,5.8546342849731445,6.023112773895264,5.8546342849731445,6.023112773895264,6.023112773895264,5.790500164031982
242,5,2026-03-21,5.374833583831787,6.023112773895264,6.023112773895264,6.023112773895264,6.023112773895264,6.023112773895264,6.023112773895264,5.790500164031982
242,6,2026-03-22,5.407166481018066,6.023112773895264,5.938873767852783,6.06523323059082,5.938873767852783,6.023112773895264,6.06523323059082,5.790500164031982
242,7,2026-03-23,5.439499855041504,6.023112773895264,5.8546342849731445,6.023112773895264,5.8546342849731445,6.023112773895264,6.023112773895264,5.790500164031982
243,1,2026-03-18,5.553999900817871,5.900410175323486,5.900410175323486,5.942555904388428,5.900410175323486,5.900410175323486,5.942555904388428,5.726500034332275
243,2,2026-03-19,5.433000087738037,5.900410175323486,5.858264446258545,5.984701633453369,5.858264446258545,5.900410175323486,5.984701633453369,5.726500034332275
243,3,2026-03-20,5.34250020980835,5.900410175323486,5.900410175323486,5.942555904388428,5.900410175323486,5.900410175323486,5.942555904388428,5.726500034332275
243,4,2026-03-21,5.374833583831787,5.858264446258545,5.858264446258545,6.0268473625183105,5.858264446258545,5.858264446258545,6.0268473625183105,5.726500034332275
243,5,2026-03-22,5.407166481018066,6.0268473625183105,6.0268473625183105,6.0268473625183105,6.0268473625183105,6.0268473625183105,6.0268473625183105,5.726500034332275
243,6,2026-03-23,5.439499855041504,6.0268473625183105,5.647535800933838,6.06899356842041,5.647535800933838,6.0268473625183105,6.06899356842041,5.726500034332275
243,7,2026-03-24,5.422500133514404,5.858264446258545,5.858264446258545,6.0268473625183105,5.858264446258545,5.858264446258545,6.0268473625183105,5.726500034332275
244,1,2026-03-19,5.433000087738037,5.902354717254639,5.902354717254639,5.902354717254639,5.902354717254639,5.902354717254639,5.902354717254639,5.553999900817871
244,2,2026-03-20,5.34250020980835,5.902354717254639,5.860194683074951,5.986673831939697,5.860194683074951,5.902354717254639,5.986673831939697,5.553999900817871
244,3,2026-03-21,5.374833583831787,5.902354717254639,5.902354717254639,5.902354717254639,5.902354717254639,5.902354717254639,5.902354717254639,5.553999900817871
244,4,2026-03-22,5.407166481018066,5.860194683074951,5.860194683074951,5.860194683074951,5.860194683074951,5.860194683074951,5.860194683074951,5.553999900817871
244,5,2026-03-23,5.439499855041504,6.028833389282227,5.860194683074951,6.028833389282227,5.860194683074951,6.028833389282227,6.028833389282227,5.553999900817871
244,6,2026-03-24,5.422500133514404,5.860194683074951,5.649396896362305,6.028833389282227,5.649396896362305,5.860194683074951,6.028833389282227,5.553999900817871
244,7,2026-03-25,5.5289998054504395,5.860194683074951,5.649396896362305,6.028833389282227,5.649396896362305,5.860194683074951,6.028833389282227,5.553999900817871
245,1,2026-03-20,5.34250020980835,5.904330253601074,5.904330253601074,5.904330253601074,5.904330253601074,5.904330253601074,5.904330253601074,5.433000087738037
245,2,2026-03-21,5.374833583831787,5.862156391143799,5.6934614181518555,5.904330253601074,5.6934614181518555,5.862156391143799,5.904330253601074,5.433000087738037
245,3,2026-03-22,5.407166481018066,5.904330253601074,5.904330253601074,5.904330253601074,5.904330253601074,5.904330253601074,5.904330253601074,5.433000087738037
245,4,2026-03-23,5.439499855041504,5.862156391143799,5.862156391143799,5.862156391143799,5.862156391143799,5.862156391143799,5.862156391143799,5.433000087738037
245,5,2026-03-24,5.422500133514404,6.030851364135742,5.6934614181518555,6.030851364135742,5.6934614181518555,6.030851364135742,6.030851364135742,5.433000087738037
245,6,2026-03-25,5.5289998054504395,5.777809143066406,5.651288032531738,6.030851364135742,5.651288032531738,5.777809143066406,6.030851364135742,5.433000087738037
245,7,2026-03-26,5.446499824523926,5.862156391143799,5.651288032531738,6.030851364135742,5.651288032531738,5.862156391143799,6.030851364135742,5.433000087738037
246,1,2026-03-21,5.374833583831787,5.905018329620361,5.862839698791504,5.905018329620361,5.862839698791504,5.905018329620361,5.905018329620361,5.34250020980835
246,2,2026-03-22,5.407166481018066,5.651946544647217,5.609767913818359,5.862839698791504,5.609767913818359,5.651946544647217,5.862839698791504,5.34250020980835
246,3,2026-03-23,5.439499855041504,5.905018329620361,5.651946544647217,5.905018329620361,5.651946544647217,5.905018329620361,5.905018329620361,5.34250020980835
246,4,2026-03-24,5.422500133514404,5.862839698791504,5.862839698791504,5.862839698791504,5.862839698791504,5.862839698791504,5.862839698791504,5.34250020980835
246,5,2026-03-25,5.5289998054504395,5.862839698791504,5.694125175476074,6.031554222106934,5.694125175476074,5.862839698791504,6.031554222106934,5.34250020980835
246,6,2026-03-26,5.446499824523926,5.651946544647217,5.651946544647217,5.862839698791504,5.651946544647217,5.651946544647217,5.862839698791504,5.34250020980835
246,7,2026-03-27,5.4670000076293945,5.651946544647217,5.651946544647217,5.862839698791504,5.651946544647217,5.651946544647217,5.862839698791504,5.34250020980835
247,1,2026-03-22,5.407166481018066,5.862308025360107,5.651433944702148,5.904482841491699,5.651433944702148,5.862308025360107,5.904482841491699,5.374833583831787
247,2,2026-03-23,5.439499855041504,5.651433944702148,5.609259128570557,5.904482841491699,5.609259128570557,5.651433944702148,5.904482841491699,5.374833583831787
247,3,2026-03-24,5.422500133514404,5.777958393096924,5.651433944702148,5.904482841491699,5.651433944702148,5.777958393096924,5.904482841491699,5.374833583831787
247,4,2026-03-25,5.5289998054504395,5.862308025360107,5.777958393096924,5.862308025360107,5.777958393096924,5.862308025360107,5.862308025360107,5.374833583831787
247,5,2026-03-26,5.446499824523926,5.862308025360107,5.651433944702148,6.031007766723633,5.651433944702148,5.862308025360107,6.031007766723633,5.374833583831787
247,6,2026-03-27,5.4670000076293945,5.651433944702148,5.651433944702148,5.862308025360107,5.651433944702148,5.651433944702148,5.862308025360107,5.374833583831787
247,7,2026-03-28,5.46999979019165,5.651433944702148,5.651433944702148,5.862308025360107,5.651433944702148,5.651433944702148,5.862308025360107,5.374833583831787
248,1,2026-03-23,5.439499855041504,5.8635687828063965,5.65264892578125,5.905752658843994,5.65264892578125,5.8635687828063965,5.905752658843994,5.407166481018066
248,2,2026-03-24,5.422500133514404,5.65264892578125,5.610465049743652,5.905752658843994,5.610465049743652,5.65264892578125,5.905752658843994,5.407166481018066
248,3,2026-03-25,5.5289998054504395,5.65264892578125,5.65264892578125,5.905752658843994,5.65264892578125,5.65264892578125,5.905752658843994,5.407166481018066
248,4,2026-03-26,5.446499824523926,5.8635687828063965,5.779201030731201,5.8635687828063965,5.779201030731201,5.8635687828063965,5.8635687828063965,5.407166481018066
248,5,2026-03-27,5.4670000076293945,5.8635687828063965,5.694833278656006,6.032304286956787,5.694833278656006,5.8635687828063965,6.032304286956787,5.407166481018066
248,6,2026-03-28,5.46999979019165,5.65264892578125,5.65264892578125,5.779201030731201,5.65264892578125,5.65264892578125,5.779201030731201,5.407166481018066
248,7,2026-03-29,5.4730000495910645,5.779201030731201,5.65264892578125,5.8635687828063965,5.65264892578125,5.779201030731201,5.8635687828063965,5.407166481018066
249,1,2026-03-24,5.422500133514404,5.864970684051514,5.654000759124756,5.907164573669434,5.654000759124756,5.864970684051514,5.907164573669434,5.439499855041504
249,2,2026-03-25,5.5289998054504395,5.654000759124756,5.649781227111816,5.907164573669434,5.649781227111816,5.654000759124756,5.907164573669434,5.439499855041504
249,3,2026-03-26,5.446499824523926,5.654000759124756,5.654000759124756,5.907164573669434,5.654000759124756,5.654000759124756,5.907164573669434,5.439499855041504
249,4,2026-03-27,5.4670000076293945,5.864970684051514,5.864970684051514,5.864970684051514,5.864970684051514,5.864970684051514,5.864970684051514,5.439499855041504
249,5,2026-03-28,5.46999979019165,5.780582427978516,5.696194648742676,6.033746719360352,5.696194648742676,5.780582427978516,6.033746719360352,5.439499855041504
249,6,2026-03-29,5.4730000495910645,5.654000759124756,5.649781227111816,5.780582427978516,5.649781227111816,5.654000759124756,5.780582427978516,5.439499855041504
249,7,2026-03-30,5.47599983215332,5.654000759124756,5.654000759124756,5.864970684051514,5.654000759124756,5.654000759124756,5.864970684051514,5.439499855041504
250,1,2026-03-25,5.5289998054504395,5.866013526916504,5.655005931854248,5.908215045928955,5.655005931854248,5.866013526916504,5.908215045928955,5.422500133514404
250,2,2026-03-26,5.446499824523926,5.655005931854248,5.655005931854248,5.908215045928955,5.655005931854248,5.655005931854248,5.908215045928955,5.422500133514404
250,3,2026-03-27,5.4670000076293945,5.655005931854248,5.655005931854248,5.908215045928955,5.655005931854248,5.655005931854248,5.908215045928955,5.422500133514404
250,4,2026-03-28,5.46999979019165,5.866013526916504,5.866013526916504,5.866013526916504,5.866013526916504,5.866013526916504,5.866013526916504,5.422500133514404
250,5,2026-03-29,5.4730000495910645,5.866013526916504,5.697207450866699,6.03481912612915,5.697207450866699,5.866013526916504,6.03481912612915,5.422500133514404
250,6,2026-03-30,5.47599983215332,5.655005931854248,5.612804412841797,5.866013526916504,5.612804412841797,5.655005931854248,5.866013526916504,5.422500133514404
250,7,2026-03-31,5.587500095367432,5.655005931854248,5.655005931854248,5.866013526916504,5.655005931854248,5.655005931854248,5.866013526916504,5.422500133514404
251,1,2026-03-26,5.446499824523926,5.867955684661865,5.656878471374512,5.910171031951904,5.656878471374512,5.867955684661865,5.910171031951904,5.5289998054504395
251,2,2026-03-27,5.4670000076293945,5.699093818664551,5.656878471374512,5.910171031951904,5.656878471374512,5.699093818664551,5.910171031951904,5.5289998054504395
251,3,2026-03-28,5.46999979019165,5.656878471374512,5.656878471374512,5.867955684661865,5.656878471374512,5.656878471374512,5.867955684661865,5.5289998054504395
251,4,2026-03-29,5.4730000495910645,5.867955684661865,5.867955684661865,5.867955684661865,5.867955684661865,5.867955684661865,5.867955684661865,5.5289998054504395
251,5,2026-03-30,5.47599983215332,5.867955684661865,5.783524513244629,5.867955684661865,5.783524513244629,5.867955684661865,5.867955684661865,5.5289998054504395
251,6,2026-03-31,5.587500095367432,5.656878471374512,5.6146626472473145,5.791967391967773,5.6146626472473145,5.656878471374512,5.791967391967773,5.5289998054504395
251,7,2026-04-01,5.624000072479248,5.867955684661865,5.6526570320129395,5.867955684661865,5.6526570320129395,5.867955684661865,5.867955684661865,5.5289998054504395
252,1,2026-03-27,5.4670000076293945,5.785126209259033,5.658444881439209,5.911807537078857,5.658444881439209,5.785126209259033,5.911807537078857,5.446499824523926
252,2,2026-03-28,5.46999979019165,5.658444881439209,5.658444881439209,5.911807537078857,5.658444881439209,5.658444881439209,5.911807537078857,5.446499824523926
252,3,2026-03-29,5.4730000495910645,5.658444881439209,5.658444881439209,5.785126209259033,5.658444881439209,5.658444881439209,5.785126209259033,5.446499824523926
252,4,2026-03-30,5.47599983215332,5.8695807456970215,5.8695807456970215,5.8695807456970215,5.8695807456970215,5.8695807456970215,5.8695807456970215,5.446499824523926
252,5,2026-03-31,5.587500095367432,5.785126209259033,5.700672149658203,5.8695807456970215,5.700672149658203,5.785126209259033,5.8695807456970215,5.446499824523926
252,6,2026-04-01,5.624000072479248,5.658444881439209,5.616217613220215,5.785126209259033,5.616217613220215,5.658444881439209,5.785126209259033,5.446499824523926
252,7,2026-04-02,5.563000202178955,5.658444881439209,5.658444881439209,5.8695807456970215,5.658444881439209,5.658444881439209,5.8695807456970215,5.446499824523926
253,1,2026-03-28,5.46999979019165,5.870635509490967,5.659461975097656,5.912870407104492,5.659461975097656,5.870635509490967,5.912870407104492,5.4670000076293945
253,2,2026-03-29,5.4730000495910645,5.701696395874023,5.659461975097656,5.912870407104492,5.659461975097656,5.701696395874023,5.912870407104492,5.4670000076293945
253,3,2026-03-30,5.47599983215332,5.659461975097656,5.659461975097656,5.659461975097656,5.659461975097656,5.659461975097656,5.659461975097656,5.4670000076293945
253,4,2026-03-31,5.587500095367432,5.870635509490967,5.870635509490967,5.870635509490967,5.870635509490967,5.870635509490967,5.870635509490967,5.4670000076293945
253,5,2026-04-01,5.624000072479248,5.828400611877441,5.701696395874023,5.887529373168945,5.701696395874023,5.828400611877441,5.887529373168945,5.4670000076293945
253,6,2026-04-02,5.563000202178955,5.659461975097656,5.617227077484131,5.786166191101074,5.617227077484131,5.659461975097656,5.786166191101074,5.4670000076293945
253,7,2026-04-03,5.568125247955322,5.659461975097656,5.659461975097656,5.870635509490967,5.659461975097656,5.659461975097656,5.870635509490967,5.4670000076293945
254,1,2026-03-29,5.4730000495910645,5.787205696105957,5.660478591918945,5.871690273284912,5.660478591918945,5.787205696105957,5.871690273284912,5.46999979019165
254,2,2026-03-30,5.47599983215332,5.660478591918945,5.660478591918945,5.913932800292969,5.660478591918945,5.660478591918945,5.913932800292969,5.46999979019165
254,3,2026-03-31,5.587500095367432,5.660478591918945,5.660478591918945,5.787205696105957,5.660478591918945,5.660478591918945,5.787205696105957,5.46999979019165
254,4,2026-04-01,5.624000072479248,5.871690273284912,5.660478591918945,5.871690273284912,5.660478591918945,5.871690273284912,5.871690273284912,5.46999979019165
254,5,2026-04-02,5.563000202178955,5.871690273284912,5.702721118927002,5.871690273284912,5.702721118927002,5.871690273284912,5.871690273284912,5.46999979019165
254,6,2026-04-03,5.568125247955322,5.660478591918945,5.660478591918945,5.660478591918945,5.660478591918945,5.660478591918945,5.660478591918945,5.46999979019165
254,7,2026-04-04,5.573249816894531,5.660478591918945,5.660478591918945,5.871690273284912,5.660478591918945,5.660478591918945,5.871690273284912,5.46999979019165
255,1,2026-03-30,5.47599983215332,5.872031211853027,5.660807132720947,5.872031211853027,5.660807132720947,5.872031211853027,5.872031211853027,5.4730000495910645
255,2,2026-03-31,5.587500095367432,5.660807132720947,5.660807132720947,5.914275646209717,5.660807132720947,5.660807132720947,5.914275646209717,5.4730000495910645
255,3,2026-04-01,5.624000072479248,5.660807132720947,5.660807132720947,5.660807132720947,5.660807132720947,5.660807132720947,5.660807132720947,5.4730000495910645
255,4,2026-04-02,5.563000202178955,5.872031211853027,5.787541389465332,5.872031211853027,5.787541389465332,5.872031211853027,5.872031211853027,5.4730000495910645
255,5,2026-04-03,5.568125247955322,5.872031211853027,5.660807132720947,5.872031211853027,5.660807132720947,5.872031211853027,5.872031211853027,5.4730000495910645
255,6,2026-04-04,5.573249816894531,5.660807132720947,5.660807132720947,5.660807132720947,5.660807132720947,5.660807132720947,5.660807132720947,5.4730000495910645
255,7,2026-04-05,5.578374862670898,5.660807132720947,5.6185622215271,5.872031211853027,5.6185622215271,5.660807132720947,5.872031211853027,5.4730000495910645
256,1,2026-03-31,5.587500095367432,5.703420162200928,5.661172389984131,5.872410297393799,5.661172389984131,5.703420162200928,5.872410297393799,5.47599983215332
256,2,2026-04-01,5.624000072479248,5.661172389984131,5.661172389984131,5.9146575927734375,5.661172389984131,5.661172389984131,5.9146575927734375,5.47599983215332
256,3,2026-04-02,5.563000202178955,5.661172389984131,5.661172389984131,5.661172389984131,5.661172389984131,5.661172389984131,5.661172389984131,5.47599983215332
256,4,2026-04-03,5.568125247955322,5.872410297393799,5.661172389984131,5.872410297393799,5.661172389984131,5.872410297393799,5.872410297393799,5.47599983215332
256,5,2026-04-04,5.573249816894531,5.787915229797363,5.661172389984131,5.872410297393799,5.661172389984131,5.787915229797363,5.872410297393799,5.47599983215332
256,6,2026-04-05,5.578374862670898,5.661172389984131,5.661172389984131,5.661172389984131,5.661172389984131,5.661172389984131,5.661172389984131,5.47599983215332
256,7,2026-04-06,5.583499908447266,5.661172389984131,5.661172389984131,5.872410297393799,5.661172389984131,5.661172389984131,5.872410297393799,5.47599983215332
257,1,2026-04-01,5.624000072479248,5.873931884765625,5.662639617919922,5.9161906242370605,5.662639617919922,5.873931884765625,5.9161906242370605,5.587500095367432
257,2,2026-04-02,5.563000202178955,5.9161906242370605,5.662639617919922,5.9161906242370605,5.662639617919922,5.9161906242370605,5.9161906242370605,5.587500095367432
257,3,2026-04-03,5.568125247955322,5.662639617919922,5.662639617919922,5.873931884765625,5.662639617919922,5.662639617919922,5.873931884765625,5.587500095367432
257,4,2026-04-04,5.573249816894531,5.873931884765625,5.873931884765625,5.873931884765625,5.873931884765625,5.873931884765625,5.873931884765625,5.587500095367432
257,5,2026-04-05,5.578374862670898,5.873931884765625,5.704898357391357,5.873931884765625,5.704898357391357,5.873931884765625,5.873931884765625,5.587500095367432
257,6,2026-04-06,5.583499908447266,5.662639617919922,5.6203813552856445,6.042965888977051,5.6203813552856445,5.662639617919922,6.042965888977051,5.587500095367432
257,7,2026-04-07,5.54449987411499,5.873931884765625,5.662639617919922,5.873931884765625,5.662639617919922,5.873931884765625,5.873931884765625,5.587500095367432
258,1,2026-04-02,5.563000202178955,5.8758320808410645,5.66447114944458,5.91810417175293,5.66447114944458,5.8758320808410645,5.91810417175293,5.624000072479248
258,2,2026-04-03,5.568125247955322,5.91810417175293,5.66447114944458,5.91810417175293,5.66447114944458,5.91810417175293,5.91810417175293,5.624000072479248
258,3,2026-04-04,5.573249816894531,5.791287899017334,5.66447114944458,5.8758320808410645,5.66447114944458,5.791287899017334,5.8758320808410645,5.624000072479248
258,4,2026-04-05,5.578374862670898,5.8758320808410645,5.791287899017334,5.8758320808410645,5.791287899017334,5.8758320808410645,5.8758320808410645,5.624000072479248
258,5,2026-04-06,5.583499908447266,5.8758320808410645,5.791287899017334,6.044920444488525,5.791287899017334,5.8758320808410645,6.044920444488525,5.624000072479248
258,6,2026-04-07,5.54449987411499,5.66447114944458,5.622199058532715,5.8758320808410645,5.622199058532715,5.66447114944458,5.8758320808410645,5.624000072479248
258,7,2026-04-08,5.759500026702881,5.8758320808410645,5.8758320808410645,5.8758320808410645,5.8758320808410645,5.8758320808410645,5.8758320808410645,5.624000072479248
259,1,2026-04-03,5.568125247955322,5.8767194747924805,5.6653265953063965,5.918997764587402,5.6653265953063965,5.8767194747924805,5.918997764587402,5.563000202178955
259,2,2026-04-04,5.573249816894531,5.918997764587402,5.6653265953063965,5.918997764587402,5.6653265953063965,5.918997764587402,5.918997764587402,5.563000202178955
259,3,2026-04-05,5.578374862670898,5.6653265953063965,5.6653265953063965,5.8767194747924805,5.6653265953063965,5.6653265953063965,5.8767194747924805,5.563000202178955
259,4,2026-04-06,5.583499908447266,5.8767194747924805,5.7921624183654785,5.8767194747924805,5.7921624183654785,5.8767194747924805,5.8767194747924805,5.563000202178955
259,5,2026-04-07,5.54449987411499,5.8767194747924805,5.707605361938477,5.8767194747924805,5.707605361938477,5.8767194747924805,5.8767194747924805,5.563000202178955
259,6,2026-04-08,5.759500026702881,5.6653265953063965,5.623048305511475,5.8767194747924805,5.623048305511475,5.6653265953063965,5.8767194747924805,5.563000202178955
259,7,2026-04-09,5.748000144958496,5.8767194747924805,5.623048305511475,5.8767194747924805,5.623048305511475,5.8767194747924805,5.8767194747924805,5.563000202178955
260,1,2026-04-04,5.573249816894531,5.8774285316467285,5.666010856628418,5.8774285316467285,5.666010856628418,5.8774285316467285,5.8774285316467285,5.568125247955322
260,2,2026-04-05,5.578374862670898,5.919712543487549,5.704066276550293,5.919712543487549,5.704066276550293,5.919712543487549,5.919712543487549,5.568125247955322
260,3,2026-04-06,5.583499908447266,5.666010856628418,5.666010856628418,5.8774285316467285,5.666010856628418,5.666010856628418,5.8774285316467285,5.568125247955322
260,4,2026-04-07,5.54449987411499,5.8774285316467285,5.792861461639404,5.8774285316467285,5.792861461639404,5.8774285316467285,5.8774285316467285,5.568125247955322
260,5,2026-04-08,5.759500026702881,5.8774285316467285,5.623726844787598,5.8774285316467285,5.623726844787598,5.8774285316467285,5.8774285316467285,5.568125247955322
260,6,2026-04-09,5.748000144958496,5.666010856628418,5.666010856628418,5.8774285316467285,5.666010856628418,5.666010856628418,5.8774285316467285,5.568125247955322
260,7,2026-04-10,5.870500087738037,5.8774285316467285,5.666010856628418,5.8774285316467285,5.666010856628418,5.8774285316467285,5.8774285316467285,5.568125247955322
261,1,2026-04-05,5.578374862670898,5.876824855804443,5.665428161621094,5.876824855804443,5.665428161621094,5.876824855804443,5.876824855804443,5.573249816894531
261,2,2026-04-06,5.583499908447266,5.919104099273682,5.70770788192749,5.919104099273682,5.70770788192749,5.919104099273682,5.919104099273682,5.573249816894531
261,3,2026-04-07,5.54449987411499,5.665428161621094,5.665428161621094,5.876824855804443,5.665428161621094,5.665428161621094,5.876824855804443,5.573249816894531
261,4,2026-04-08,5.759500026702881,5.876824855804443,5.792266368865967,5.876824855804443,5.792266368865967,5.876824855804443,5.876824855804443,5.573249816894531
261,5,2026-04-09,5.748000144958496,5.876824855804443,5.876824855804443,5.876824855804443,5.876824855804443,5.876824855804443,5.876824855804443,5.573249816894531
261,6,2026-04-10,5.870500087738037,5.665428161621094,5.665428161621094,5.678112030029297,5.665428161621094,5.665428161621094,5.678112030029297,5.573249816894531
261,7,2026-04-11,5.905666828155518,5.876824855804443,5.868369102478027,5.876824855804443,5.868369102478027,5.876824855804443,5.876824855804443,5.573249816894531
262,1,2026-04-06,5.583499908447266,5.790377616882324,5.663581371307373,5.917174339294434,5.663581371307373,5.790377616882324,5.917174339294434,5.578374862670898
262,2,2026-04-07,5.54449987411499,5.917174339294434,5.663581371307373,5.917174339294434,5.663581371307373,5.917174339294434,5.917174339294434,5.578374862670898
262,3,2026-04-08,5.759500026702881,5.663581371307373,5.663581371307373,5.790377616882324,5.663581371307373,5.663581371307373,5.790377616882324,5.578374862670898
262,4,2026-04-09,5.748000144958496,5.874908924102783,5.790377616882324,5.874908924102783,5.790377616882324,5.874908924102783,5.874908924102783,5.578374862670898
262,5,2026-04-10,5.870500087738037,5.874908924102783,5.790377616882324,5.874908924102783,5.790377616882324,5.874908924102783,5.874908924102783,5.578374862670898
262,6,2026-04-11,5.905666828155518,5.663581371307373,5.663581371307373,5.663581371307373,5.663581371307373,5.663581371307373,5.663581371307373,5.578374862670898
262,7,2026-04-12,5.94083309173584,5.874908924102783,5.663581371307373,5.874908924102783,5.663581371307373,5.874908924102783,5.874908924102783,5.578374862670898
263,1,2026-04-07,5.54449987411499,5.789463043212891,5.662686347961426,5.873980522155762,5.662686347961426,5.789463043212891,5.873980522155762,5.583499908447266
263,2,2026-04-08,5.759500026702881,5.916239261627197,5.662686347961426,5.916239261627197,5.662686347961426,5.916239261627197,5.916239261627197,5.583499908447266
263,3,2026-04-09,5.748000144958496,5.662686347961426,5.662686347961426,5.789463043212891,5.662686347961426,5.662686347961426,5.789463043212891,5.583499908447266
263,4,2026-04-10,5.870500087738037,5.873980522155762,5.789463043212891,5.873980522155762,5.789463043212891,5.873980522155762,5.873980522155762,5.583499908447266
263,5,2026-04-11,5.905666828155518,5.873980522155762,5.789463043212891,5.873980522155762,5.789463043212891,5.873980522155762,5.873980522155762,5.583499908447266
263,6,2026-04-12,5.94083309173584,5.662686347961426,5.62042760848999,5.662686347961426,5.62042760848999,5.662686347961426,5.662686347961426,5.583499908447266
263,7,2026-04-13,5.97599983215332,5.873980522155762,5.662686347961426,5.873980522155762,5.662686347961426,5.873980522155762,5.873980522155762,5.583499908447266
264,1,2026-04-08,5.759500026702881,5.704568862915039,5.6623125076293945,5.873592853546143,5.6623125076293945,5.704568862915039,5.873592853546143,5.54449987411499
264,2,2026-04-09,5.748000144958496,5.915848731994629,5.6623125076293945,5.915848731994629,5.6623125076293945,5.915848731994629,5.915848731994629,5.54449987411499
264,3,2026-04-10,5.870500087738037,5.6623125076293945,5.6623125076293945,5.6623125076293945,5.6623125076293945,5.6623125076293945,5.6623125076293945,5.54449987411499
264,4,2026-04-11,5.905666828155518,5.873592853546143,5.789080619812012,5.873592853546143,5.789080619812012,5.873592853546143,5.873592853546143,5.54449987411499
264,5,2026-04-12,5.94083309173584,5.873592853546143,5.789080619812012,5.873592853546143,5.789080619812012,5.873592853546143,5.873592853546143,5.54449987411499
264,6,2026-04-13,5.97599983215332,5.6623125076293945,5.620056629180908,5.6623125076293945,5.620056629180908,5.6623125076293945,5.6623125076293945,5.54449987411499
264,7,2026-04-14,6.070499897003174,5.873592853546143,5.620056629180908,5.873592853546143,5.620056629180908,5.873592853546143,5.873592853546143,5.54449987411499
265,1,2026-04-09,5.748000144958496,5.876335144042969,5.664956092834473,5.918610572814941,5.664956092834473,5.876335144042969,5.918610572814941,5.759500026702881
265,2,2026-04-10,5.870500087738037,5.918610572814941,5.7072319984436035,5.918610572814941,5.7072319984436035,5.918610572814941,5.918610572814941,5.759500026702881
265,3,2026-04-11,5.905666828155518,5.664956092834473,5.664956092834473,5.876335144042969,5.664956092834473,5.664956092834473,5.876335144042969,5.759500026702881
265,4,2026-04-12,5.94083309173584,5.791783332824707,5.791783332824707,5.876335144042969,5.791783332824707,5.791783332824707,5.876335144042969,5.759500026702881
265,5,2026-04-13,5.97599983215332,5.876335144042969,5.791783332824707,5.876335144042969,5.791783332824707,5.876335144042969,5.876335144042969,5.759500026702881
265,6,2026-04-14,6.070499897003174,5.664956092834473,5.6226806640625,5.791783332824707,5.6226806640625,5.664956092834473,5.791783332824707,5.759500026702881
265,7,2026-04-15,6.072000026702881,5.876335144042969,5.876335144042969,5.876335144042969,5.876335144042969,5.876335144042969,5.876335144042969,5.759500026702881
266,1,2026-04-10,5.870500087738037,5.834266185760498,5.665157318115234,5.918820858001709,5.665157318115234,5.834266185760498,5.918820858001709,5.748000144958496
266,2,2026-04-11,5.905666828155518,5.918820858001709,5.707434177398682,5.918820858001709,5.707434177398682,5.918820858001709,5.918820858001709,5.748000144958496
266,3,2026-04-12,5.94083309173584,5.665157318115234,5.665157318115234,5.8765435218811035,5.665157318115234,5.665157318115234,5.8765435218811035,5.748000144958496
266,4,2026-04-13,5.97599983215332,5.8765435218811035,5.791988849639893,5.8765435218811035,5.791988849639893,5.8765435218811035,5.8765435218811035,5.748000144958496
266,5,2026-04-14,6.070499897003174,5.8765435218811035,5.665157318115234,5.8765435218811035,5.665157318115234,5.8765435218811035,5.8765435218811035,5.748000144958496
266,6,2026-04-15,6.072000026702881,5.665157318115234,5.622879981994629,5.791988849639893,5.622879981994629,5.665157318115234,5.791988849639893,5.748000144958496
266,7,2026-04-16,6.066500186920166,5.8765435218811035,5.8765435218811035,5.8765435218811035,5.8765435218811035,5.8765435218811035,5.8765435218811035,5.748000144958496
267,1,2026-04-11,5.905666828155518,5.878993988037109,5.667519569396973,5.921288967132568,5.667519569396973,5.878993988037109,5.921288967132568,5.870500087738037
267,2,2026-04-12,5.94083309173584,5.921288967132568,5.709814548492432,5.921288967132568,5.709814548492432,5.921288967132568,5.921288967132568,5.870500087738037
267,3,2026-04-13,5.97599983215332,5.878993988037109,5.667519569396973,5.878993988037109,5.667519569396973,5.878993988037109,5.878993988037109,5.870500087738037
267,4,2026-04-14,6.070499897003174,5.878993988037109,5.794404029846191,5.878993988037109,5.794404029846191,5.878993988037109,5.878993988037109,5.870500087738037
267,5,2026-04-15,6.072000026702881,5.878993988037109,5.794404029846191,5.963583469390869,5.794404029846191,5.878993988037109,5.963583469390869,5.870500087738037
267,6,2026-04-16,6.066500186920166,5.625224590301514,5.625224590301514,6.048173427581787,5.625224590301514,5.625224590301514,6.048173427581787,5.870500087738037
267,7,2026-04-17,6.103499889373779,5.878993988037109,5.878993988037109,5.878993988037109,5.878993988037109,5.878993988037109,5.878993988037109,5.870500087738037
268,1,2026-04-12,5.94083309173584,5.8817524909973145,5.6701788902282715,5.8817524909973145,5.6701788902282715,5.8817524909973145,5.8817524909973145,5.905666828155518
268,2,2026-04-13,5.97599983215332,5.92406702041626,5.8817524909973145,5.92406702041626,5.8817524909973145,5.92406702041626,5.92406702041626,5.905666828155518
268,3,2026-04-14,6.070499897003174,5.8817524909973145,5.6701788902282715,5.8817524909973145,5.6701788902282715,5.8817524909973145,5.8817524909973145,5.905666828155518
268,4,2026-04-15,6.072000026702881,5.797122955322266,5.797122955322266,5.8817524909973145,5.797122955322266,5.797122955322266,5.8817524909973145,5.905666828155518
268,5,2026-04-16,6.066500186920166,5.8817524909973145,5.627864360809326,5.8817524909973145,5.627864360809326,5.8817524909973145,5.8817524909973145,5.905666828155518
268,6,2026-04-17,6.103499889373779,5.6701788902282715,5.627864360809326,6.051011562347412,5.627864360809326,5.6701788902282715,6.051011562347412,5.905666828155518
268,7,2026-04-18,6.080999851226807,5.8817524909973145,5.8817524909973145,5.8817524909973145,5.8817524909973145,5.8817524909973145,5.8817524909973145,5.905666828155518
269,1,2026-04-13,5.97599983215332,5.884818077087402,5.6731343269348145,5.927155017852783,5.6731343269348145,5.884818077087402,5.927155017852783,5.94083309173584
269,2,2026-04-14,6.070499897003174,5.927155017852783,5.884818077087402,5.927155017852783,5.884818077087402,5.927155017852783,5.927155017852783,5.94083309173584
269,3,2026-04-15,6.072000026702881,5.884818077087402,5.6731343269348145,5.884818077087402,5.6731343269348145,5.884818077087402,5.884818077087402,5.94083309173584
269,4,2026-04-16,6.066500186920166,5.884818077087402,5.800144672393799,5.884818077087402,5.800144672393799,5.884818077087402,5.884818077087402,5.94083309173584
269,5,2026-04-17,6.103499889373779,5.884818077087402,5.630797386169434,5.969491958618164,5.630797386169434,5.884818077087402,5.969491958618164,5.94083309173584
269,6,2026-04-18,6.080999851226807,5.630797386169434,5.630797386169434,6.054165363311768,5.630797386169434,5.630797386169434,6.054165363311768,5.94083309173584
269,7,2026-04-19,6.058499813079834,5.884818077087402,5.884818077087402,5.884818077087402,5.884818077087402,5.884818077087402,5.884818077087402,5.94083309173584
270,1,2026-04-14,6.070499897003174,5.887275695800781,5.675503253936768,5.971984386444092,5.675503253936768,5.887275695800781,5.971984386444092,5.97599983215332
270,2,2026-04-15,6.072000026702881,5.929629802703857,5.887275695800781,5.929629802703857,5.887275695800781,5.929629802703857,5.929629802703857,5.97599983215332
270,3,2026-04-16,6.066500186920166,5.887275695800781,5.8025665283203125,5.887275695800781,5.8025665283203125,5.887275695800781,5.887275695800781,5.97599983215332
270,4,2026-04-17,6.103499889373779,5.8025665283203125,5.8025665283203125,5.887275695800781,5.8025665283203125,5.8025665283203125,5.887275695800781,5.97599983215332
270,5,2026-04-18,6.080999851226807,5.887275695800781,5.8025665283203125,5.971984386444092,5.8025665283203125,5.887275695800781,5.971984386444092,5.97599983215332
270,6,2026-04-19,6.058499813079834,6.0566935539245605,5.633148670196533,6.0566935539245605,5.633148670196533,6.0566935539245605,6.0566935539245605,5.97599983215332
270,7,2026-04-20,6.035999774932861,5.887275695800781,5.887275695800781,5.887275695800781,5.887275695800781,5.887275695800781,5.887275695800781,5.97599983215332
271,1,2026-04-15,6.072000026702881,5.8897294998168945,5.677868843078613,5.97447395324707,5.677868843078613,5.8897294998168945,5.97447395324707,6.070499897003174
271,2,2026-04-16,6.066500186920166,5.932101726531982,5.8897294998168945,5.932101726531982,5.8897294998168945,5.932101726531982,5.932101726531982,6.070499897003174
271,3,2026-04-17,6.103499889373779,5.8897294998168945,5.804985046386719,5.8897294998168945,5.804985046386719,5.8897294998168945,5.8897294998168945,6.070499897003174
271,4,2026-04-18,6.080999851226807,5.804985046386719,5.804985046386719,5.932101726531982,5.804985046386719,5.804985046386719,5.932101726531982,6.070499897003174
271,5,2026-04-19,6.058499813079834,5.8897294998168945,5.804985046386719,5.97447395324707,5.804985046386719,5.8897294998168945,5.97447395324707,6.070499897003174
271,6,2026-04-20,6.035999774932861,6.059217929840088,5.635496616363525,6.059217929840088,5.635496616363525,6.059217929840088,6.059217929840088,6.070499897003174
271,7,2026-04-21,6.001500129699707,5.8897294998168945,5.8897294998168945,5.8897294998168945,5.8897294998168945,5.8897294998168945,5.8897294998168945,6.070499897003174
272,1,2026-04-16,6.066500186920166,5.891233444213867,5.679318904876709,5.891233444213867,5.679318904876709,5.891233444213867,5.891233444213867,6.072000026702881
272,2,2026-04-17,6.103499889373779,5.9336161613464355,5.721701622009277,5.9336161613464355,5.721701622009277,5.9336161613464355,5.9336161613464355,6.072000026702881
272,3,2026-04-18,6.080999851226807,5.891233444213867,5.679318904876709,5.891233444213867,5.679318904876709,5.891233444213867,5.891233444213867,6.072000026702881
272,4,2026-04-19,6.058499813079834,5.806467533111572,5.806467533111572,5.891233444213867,5.806467533111572,5.806467533111572,5.891233444213867,6.072000026702881
272,5,2026-04-20,6.035999774932861,5.891233444213867,5.636935710906982,5.975999355316162,5.636935710906982,5.891233444213867,5.975999355316162,6.072000026702881
272,6,2026-04-21,6.001500129699707,5.636935710906982,5.636935710906982,6.060765266418457,5.636935710906982,5.636935710906982,6.060765266418457,6.072000026702881
272,7,2026-04-22,6.119999885559082,5.891233444213867,5.891233444213867,5.891233444213867,5.891233444213867,5.891233444213867,5.891233444213867,6.072000026702881
273,1,2026-04-17,6.103499889373779,5.89180326461792,5.679868221282959,5.89180326461792,5.679868221282959,5.89180326461792,5.89180326461792,6.066500186920166
273,2,2026-04-18,6.080999851226807,5.934190273284912,5.89180326461792,5.934190273284912,5.89180326461792,5.934190273284912,5.934190273284912,6.066500186920166
273,3,2026-04-19,6.058499813079834,5.89180326461792,5.679868221282959,5.89180326461792,5.679868221282959,5.89180326461792,5.89180326461792,6.066500186920166
273,4,2026-04-20,6.035999774932861,5.8070292472839355,5.8070292472839355,5.89180326461792,5.8070292472839355,5.8070292472839355,5.89180326461792,6.066500186920166
273,5,2026-04-21,6.001500129699707,5.8070292472839355,5.637481212615967,5.976577281951904,5.637481212615967,5.8070292472839355,5.976577281951904,6.066500186920166
273,6,2026-04-22,6.119999885559082,5.8070292472839355,5.637481212615967,6.061351776123047,5.637481212615967,5.8070292472839355,6.061351776123047,6.066500186920166
273,7,2026-04-23,6.075500011444092,5.89180326461792,5.89180326461792,5.89180326461792,5.89180326461792,5.89180326461792,5.89180326461792,6.066500186920166
274,1,2026-04-18,6.080999851226807,5.89480447769165,5.682761192321777,5.89480447769165,5.682761192321777,5.89480447769165,5.89480447769165,6.103499889373779
274,2,2026-04-19,6.058499813079834,5.937212944030762,5.725170135498047,5.937212944030762,5.725170135498047,5.937212944030762,5.937212944030762,6.103499889373779
274,3,2026-04-20,6.035999774932861,5.89480447769165,5.682761192321777,5.89480447769165,5.682761192321777,5.89480447769165,5.89480447769165,6.103499889373779
274,4,2026-04-21,6.001500129699707,5.8099870681762695,5.8099870681762695,5.89480447769165,5.8099870681762695,5.8099870681762695,5.89480447769165,6.103499889373779
274,5,2026-04-22,6.119999885559082,5.8099870681762695,5.640352725982666,5.89480447769165,5.640352725982666,5.8099870681762695,5.89480447769165,6.103499889373779
274,6,2026-04-23,6.075500011444092,5.640352725982666,5.640352725982666,6.064438819885254,5.640352725982666,5.640352725982666,6.064438819885254,6.103499889373779
274,7,2026-04-24,6.023499965667725,5.89480447769165,5.89480447769165,5.89480447769165,5.89480447769165,5.89480447769165,5.89480447769165,6.103499889373779
275,1,2026-04-19,6.058499813079834,5.898213863372803,5.6860480308532715,5.898213863372803,5.6860480308532715,5.898213863372803,5.898213863372803,6.080999851226807
275,2,2026-04-20,6.035999774932861,5.940647125244141,5.6860480308532715,5.940647125244141,5.6860480308532715,5.940647125244141,5.940647125244141,6.080999851226807
275,3,2026-04-21,6.001500129699707,5.898213863372803,5.6860480308532715,5.898213863372803,5.6860480308532715,5.898213863372803,5.898213863372803,6.080999851226807
275,4,2026-04-22,6.119999885559082,5.813347339630127,5.813347339630127,5.898213863372803,5.813347339630127,5.813347339630127,5.898213863372803,6.080999851226807
275,5,2026-04-23,6.075500011444092,5.813347339630127,5.643614768981934,5.898213863372803,5.643614768981934,5.813347339630127,5.898213863372803,6.080999851226807
275,6,2026-04-24,6.023499965667725,5.6860480308532715,5.643614768981934,6.067946434020996,5.643614768981934,5.6860480308532715,6.067946434020996,6.080999851226807
275,7,2026-04-25,6.021666526794434,5.898213863372803,5.898213863372803,5.898213863372803,5.898213863372803,5.898213863372803,5.898213863372803,6.080999851226807
276,1,2026-04-20,6.035999774932861,5.90028190612793,5.726244926452637,5.90028190612793,5.726244926452637,5.90028190612793,5.90028190612793,6.058499813079834
276,2,2026-04-21,6.001500129699707,5.942729949951172,5.730489730834961,5.942729949951172,5.730489730834961,5.942729949951172,5.942729949951172,6.058499813079834
276,3,2026-04-22,6.119999885559082,5.90028190612793,5.688041687011719,5.90028190612793,5.688041687011719,5.90028190612793,5.90028190612793,6.058499813079834
276,4,2026-04-23,6.075500011444092,5.815385818481445,5.815385818481445,5.90028190612793,5.815385818481445,5.815385818481445,5.90028190612793,6.058499813079834
276,5,2026-04-24,6.023499965667725,5.815385818481445,5.645593643188477,5.90028190612793,5.645593643188477,5.815385818481445,5.90028190612793,6.058499813079834
276,6,2026-04-25,6.021666526794434,5.688041687011719,5.645593643188477,6.070074081420898,5.645593643188477,5.688041687011719,6.070074081420898,6.058499813079834
276,7,2026-04-26,6.019833564758301,5.90028190612793,5.90028190612793,5.90028190612793,5.90028190612793,5.90028190612793,5.90028190612793,6.058499813079834
277,1,2026-04-21,6.001500129699707,5.901681900024414,5.689391136169434,5.901681900024414,5.689391136169434,5.901681900024414,5.901681900024414,6.035999774932861
277,2,2026-04-22,6.119999885559082,5.9441399574279785,5.731849193572998,5.9441399574279785,5.731849193572998,5.9441399574279785,5.9441399574279785,6.035999774932861
277,3,2026-04-23,6.075500011444092,5.901681900024414,5.689391136169434,5.901681900024414,5.689391136169434,5.901681900024414,5.901681900024414,6.035999774932861
277,4,2026-04-24,6.023499965667725,5.816765785217285,5.816765785217285,5.901681900024414,5.816765785217285,5.816765785217285,5.901681900024414,6.035999774932861
277,5,2026-04-25,6.021666526794434,5.901681900024414,5.646933078765869,5.901681900024414,5.646933078765869,5.901681900024414,5.901681900024414,6.035999774932861
277,6,2026-04-26,6.019833564758301,5.689391136169434,5.646933078765869,6.071514129638672,5.646933078765869,5.689391136169434,6.071514129638672,6.035999774932861
277,7,2026-04-27,6.01800012588501,5.901681900024414,5.901681900024414,5.901681900024414,5.901681900024414,5.901681900024414,5.901681900024414,6.035999774932861
278,1,2026-04-22,6.119999885559082,5.902290344238281,5.728194236755371,5.902290344238281,5.728194236755371,5.902290344238281,5.902290344238281,6.001500129699707
278,2,2026-04-23,6.075500011444092,5.9447526931762695,5.689977645874023,5.9447526931762695,5.689977645874023,5.9447526931762695,5.9447526931762695,6.001500129699707
278,3,2026-04-24,6.023499965667725,5.8173651695251465,5.689977645874023,5.902290344238281,5.689977645874023,5.8173651695251465,5.902290344238281,6.001500129699707
278,4,2026-04-25,6.021666526794434,5.902290344238281,5.8173651695251465,5.902290344238281,5.8173651695251465,5.902290344238281,5.902290344238281,6.001500129699707
278,5,2026-04-26,6.019833564758301,5.902290344238281,5.8173651695251465,5.902290344238281,5.8173651695251465,5.902290344238281,5.902290344238281,6.001500129699707
278,6,2026-04-27,6.01800012588501,5.689977645874023,5.647515296936035,6.072140216827393,5.647515296936035,5.689977645874023,6.072140216827393,6.001500129699707
278,7,2026-04-28,5.9145002365112305,5.902290344238281,5.689977645874023,5.902290344238281,5.689977645874023,5.902290344238281,5.902290344238281,6.001500129699707
279,1,2026-04-23,6.075500011444092,5.903665542602539,5.691303730010986,5.903665542602539,5.691303730010986,5.903665542602539,5.903665542602539,6.119999885559082
279,2,2026-04-24,6.023499965667725,5.94613790512085,5.733776092529297,5.94613790512085,5.733776092529297,5.94613790512085,5.94613790512085,6.119999885559082
279,3,2026-04-25,6.021666526794434,5.903665542602539,5.691303730010986,5.903665542602539,5.691303730010986,5.903665542602539,5.903665542602539,6.119999885559082
279,4,2026-04-26,6.019833564758301,5.818720817565918,5.818720817565918,5.903665542602539,5.818720817565918,5.818720817565918,5.903665542602539,6.119999885559082
279,5,2026-04-27,6.01800012588501,5.818720817565918,5.648831367492676,5.903665542602539,5.648831367492676,5.818720817565918,5.903665542602539,6.119999885559082
279,6,2026-04-28,5.9145002365112305,5.691303730010986,5.648831367492676,6.073554992675781,5.648831367492676,5.691303730010986,6.073554992675781,6.119999885559082
279,7,2026-04-29,5.878499984741211,5.903665542602539,5.903665542602539,5.903665542602539,5.903665542602539,5.903665542602539,5.903665542602539,6.119999885559082
280,1,2026-04-24,6.023499965667725,5.904740810394287,5.69234037399292,5.904740810394287,5.69234037399292,5.904740810394287,5.904740810394287,6.075500011444092
280,2,2026-04-25,6.021666526794434,5.734820365905762,5.69234037399292,5.947220802307129,5.69234037399292,5.734820365905762,5.947220802307129,6.075500011444092
280,3,2026-04-26,6.019833564758301,5.69234037399292,5.69234037399292,5.904740810394287,5.69234037399292,5.69234037399292,5.904740810394287,6.075500011444092
280,4,2026-04-27,6.01800012588501,5.819780349731445,5.819780349731445,5.904740810394287,5.819780349731445,5.819780349731445,5.904740810394287,6.075500011444092
280,5,2026-04-28,5.9145002365112305,5.819780349731445,5.64985990524292,5.904740810394287,5.64985990524292,5.819780349731445,5.904740810394287,6.075500011444092
280,6,2026-04-29,5.878499984741211,5.69234037399292,5.64985990524292,6.0746612548828125,5.64985990524292,5.69234037399292,6.0746612548828125,6.075500011444092
280,7,2026-04-30,5.926000118255615,5.904740810394287,5.69234037399292,5.904740810394287,5.69234037399292,5.904740810394287,5.904740810394287,6.075500011444092
281,1,2026-04-25,6.021666526794434,5.904889106750488,5.692482948303223,5.904889106750488,5.692482948303223,5.904889106750488,5.904889106750488,6.023499965667725
281,2,2026-04-26,6.019833564758301,5.692482948303223,5.692482948303223,5.9473700523376465,5.692482948303223,5.692482948303223,5.9473700523376465,6.023499965667725
281,3,2026-04-27,6.01800012588501,5.692482948303223,5.692482948303223,5.819926738739014,5.692482948303223,5.692482948303223,5.819926738739014,6.023499965667725
281,4,2026-04-28,5.9145002365112305,5.904889106750488,5.819926738739014,5.904889106750488,5.819926738739014,5.904889106750488,5.904889106750488,6.023499965667725
281,5,2026-04-29,5.878499984741211,5.904889106750488,5.6500020027160645,5.904889106750488,5.6500020027160645,5.904889106750488,5.904889106750488,6.023499965667725
281,6,2026-04-30,5.926000118255615,5.692482948303223,5.6500020027160645,5.819926738739014,5.6500020027160645,5.692482948303223,5.819926738739014,6.023499965667725
281,7,2026-05-01,5.932000160217285,5.734964370727539,5.6500020027160645,5.904889106750488,5.6500020027160645,5.734964370727539,5.904889106750488,6.023499965667725
282,1,2026-04-26,6.019833564758301,5.905639171600342,5.693206310272217,5.905639171600342,5.693206310272217,5.905639171600342,5.905639171600342,6.021666526794434
282,2,2026-04-27,6.01800012588501,5.735692977905273,5.693206310272217,5.948125839233398,5.693206310272217,5.735692977905273,5.948125839233398,6.021666526794434
282,3,2026-04-28,5.9145002365112305,5.693206310272217,5.693206310272217,5.8206658363342285,5.693206310272217,5.693206310272217,5.8206658363342285,6.021666526794434
282,4,2026-04-29,5.878499984741211,5.8206658363342285,5.8206658363342285,5.905639171600342,5.8206658363342285,5.8206658363342285,5.905639171600342,6.021666526794434
282,5,2026-04-30,5.926000118255615,5.905639171600342,5.65071964263916,5.905639171600342,5.65071964263916,5.905639171600342,5.905639171600342,6.021666526794434
282,6,2026-05-01,5.932000160217285,5.693206310272217,5.65071964263916,5.905639171600342,5.65071964263916,5.693206310272217,5.905639171600342,6.021666526794434
282,7,2026-05-02,5.886333465576172,5.693206310272217,5.693206310272217,5.905639171600342,5.693206310272217,5.693206310272217,5.905639171600342,6.021666526794434
283,1,2026-04-27,6.01800012588501,5.907997131347656,5.695479393005371,5.907997131347656,5.695479393005371,5.907997131347656,5.907997131347656,6.019833564758301
283,2,2026-04-28,5.9145002365112305,5.695479393005371,5.695479393005371,5.95050048828125,5.695479393005371,5.695479393005371,5.95050048828125,6.019833564758301
283,3,2026-04-29,5.878499984741211,5.695479393005371,5.695479393005371,5.695479393005371,5.695479393005371,5.695479393005371,5.695479393005371,6.019833564758301
283,4,2026-04-30,5.926000118255615,5.8229899406433105,5.8229899406433105,5.907997131347656,5.8229899406433105,5.8229899406433105,5.907997131347656,6.019833564758301
283,5,2026-05-01,5.932000160217285,5.8229899406433105,5.652975559234619,5.907997131347656,5.652975559234619,5.8229899406433105,5.907997131347656,6.019833564758301
283,6,2026-05-02,5.886333465576172,5.695479393005371,5.652975559234619,5.695479393005371,5.652975559234619,5.695479393005371,5.695479393005371,6.019833564758301
283,7,2026-05-03,5.840666770935059,5.907997131347656,5.652975559234619,5.907997131347656,5.652975559234619,5.907997131347656,5.907997131347656,6.019833564758301
284,1,2026-04-28,5.9145002365112305,5.910375595092773,5.69777250289917,5.910375595092773,5.69777250289917,5.910375595092773,5.910375595092773,6.01800012588501
284,2,2026-04-29,5.878499984741211,5.69777250289917,5.69777250289917,5.9528961181640625,5.69777250289917,5.69777250289917,5.9528961181640625,6.01800012588501
284,3,2026-04-30,5.926000118255615,5.69777250289917,5.69777250289917,5.69777250289917,5.69777250289917,5.69777250289917,5.69777250289917,6.01800012588501
284,4,2026-05-01,5.932000160217285,5.825334072113037,5.825334072113037,5.910375595092773,5.825334072113037,5.825334072113037,5.910375595092773,6.01800012588501
284,5,2026-05-02,5.886333465576172,5.910375595092773,5.655251502990723,5.910375595092773,5.655251502990723,5.910375595092773,5.910375595092773,6.01800012588501
284,6,2026-05-03,5.840666770935059,5.69777250289917,5.655251502990723,5.69777250289917,5.655251502990723,5.69777250289917,5.69777250289917,6.01800012588501
284,7,2026-05-04,5.795000076293945,5.910375595092773,5.655251502990723,5.910375595092773,5.655251502990723,5.910375595092773,5.910375595092773,6.01800012588501
285,1,2026-04-29,5.878499984741211,5.699085235595703,5.699085235595703,5.911737442016602,5.699085235595703,5.699085235595703,5.911737442016602,5.9145002365112305
285,2,2026-04-30,5.926000118255615,5.699085235595703,5.699085235595703,5.699085235595703,5.699085235595703,5.699085235595703,5.699085235595703,5.9145002365112305
285,3,2026-05-01,5.932000160217285,5.699085235595703,5.699085235595703,5.699085235595703,5.699085235595703,5.699085235595703,5.699085235595703,5.9145002365112305
285,4,2026-05-02,5.886333465576172,5.911737442016602,5.656554698944092,5.911737442016602,5.656554698944092,5.911737442016602,5.911737442016602,5.9145002365112305
285,5,2026-05-03,5.840666770935059,5.911737442016602,5.656554698944092,5.911737442016602,5.656554698944092,5.911737442016602,5.911737442016602,5.9145002365112305
285,6,2026-05-04,5.795000076293945,5.699085235595703,5.699085235595703,5.699085235595703,5.699085235595703,5.699085235595703,5.699085235595703,5.9145002365112305
285,7,2026-05-05,5.942999839782715,5.699085235595703,5.699085235595703,5.699085235595703,5.699085235595703,5.699085235595703,5.699085235595703,5.9145002365112305
286,1,2026-04-30,5.926000118255615,5.700084686279297,5.700084686279297,5.912774085998535,5.700084686279297,5.700084686279297,5.912774085998535,5.878499984741211
286,2,2026-05-01,5.932000160217285,5.700084686279297,5.700084686279297,5.700084686279297,5.700084686279297,5.700084686279297,5.700084686279297,5.878499984741211
286,3,2026-05-02,5.886333465576172,5.700084686279297,5.700084686279297,5.700084686279297,5.700084686279297,5.700084686279297,5.700084686279297,5.878499984741211
286,4,2026-05-03,5.840666770935059,5.912774085998535,5.700084686279297,5.912774085998535,5.700084686279297,5.912774085998535,5.912774085998535,5.878499984741211
286,5,2026-05-04,5.795000076293945,5.912774085998535,5.700084686279297,5.912774085998535,5.700084686279297,5.912774085998535,5.912774085998535,5.878499984741211
286,6,2026-05-05,5.942999839782715,5.700084686279297,5.700084686279297,5.700084686279297,5.700084686279297,5.700084686279297,5.700084686279297,5.878499984741211
286,7,2026-05-06,6.136499881744385,5.700084686279297,5.657546520233154,5.700084686279297,5.657546520233154,5.700084686279297,5.700084686279297,5.878499984741211
287,1,2026-05-01,5.932000160217285,5.701586723327637,5.701586723327637,5.914332389831543,5.701586723327637,5.701586723327637,5.914332389831543,5.926000118255615
287,2,2026-05-02,5.886333465576172,5.701586723327637,5.701586723327637,5.701586723327637,5.701586723327637,5.701586723327637,5.701586723327637,5.926000118255615
287,3,2026-05-03,5.840666770935059,5.701586723327637,5.701586723327637,5.701586723327637,5.701586723327637,5.701586723327637,5.701586723327637,5.926000118255615
287,4,2026-05-04,5.795000076293945,5.914332389831543,5.701586723327637,5.914332389831543,5.701586723327637,5.914332389831543,5.914332389831543,5.926000118255615
287,5,2026-05-05,5.942999839782715,5.8292341232299805,5.6590375900268555,5.914332389831543,5.6590375900268555,5.8292341232299805,5.914332389831543,5.926000118255615
287,6,2026-05-06,6.136499881744385,5.701586723327637,5.701586723327637,5.701586723327637,5.701586723327637,5.701586723327637,5.701586723327637,5.926000118255615
287,7,2026-05-07,6.127500057220459,5.701586723327637,5.6590375900268555,5.701586723327637,5.6590375900268555,5.701586723327637,5.701586723327637,5.926000118255615
288,1,2026-05-02,5.886333465576172,5.703577518463135,5.703577518463135,5.754654407501221,5.703577518463135,5.703577518463135,5.754654407501221,5.932000160217285
288,2,2026-05-03,5.840666770935059,5.703577518463135,5.703577518463135,5.703577518463135,5.703577518463135,5.703577518463135,5.703577518463135,5.932000160217285
288,3,2026-05-04,5.795000076293945,5.703577518463135,5.703577518463135,5.703577518463135,5.703577518463135,5.703577518463135,5.703577518463135,5.932000160217285
288,4,2026-05-05,5.942999839782715,5.703577518463135,5.703577518463135,5.9163970947265625,5.703577518463135,5.703577518463135,5.9163970947265625,5.932000160217285
288,5,2026-05-06,6.136499881744385,5.661013126373291,5.661013126373291,5.9163970947265625,5.661013126373291,5.661013126373291,5.9163970947265625,5.932000160217285
288,6,2026-05-07,6.127500057220459,5.703577518463135,5.703577518463135,5.703577518463135,5.703577518463135,5.703577518463135,5.703577518463135,5.932000160217285
288,7,2026-05-08,6.249000072479248,5.703577518463135,5.661013126373291,5.703577518463135,5.661013126373291,5.703577518463135,5.703577518463135,5.932000160217285
289,1,2026-05-03,5.840666770935059,5.704989910125732,5.704989910125732,5.917862892150879,5.704989910125732,5.704989910125732,5.917862892150879,5.886333465576172
289,2,2026-05-04,5.795000076293945,5.704989910125732,5.704989910125732,5.704989910125732,5.704989910125732,5.704989910125732,5.704989910125732,5.886333465576172
289,3,2026-05-05,5.942999839782715,5.704989910125732,5.704989910125732,5.704989910125732,5.704989910125732,5.704989910125732,5.704989910125732,5.886333465576172
289,4,2026-05-06,6.136499881744385,5.704989910125732,5.662415504455566,5.917862892150879,5.662415504455566,5.704989910125732,5.917862892150879,5.886333465576172
289,5,2026-05-07,6.127500057220459,5.832713603973389,5.662415504455566,5.917862892150879,5.662415504455566,5.832713603973389,5.917862892150879,5.886333465576172
289,6,2026-05-08,6.249000072479248,5.704989910125732,5.704989910125732,5.704989910125732,5.704989910125732,5.704989910125732,5.704989910125732,5.886333465576172
289,7,2026-05-09,6.303833484649658,5.704989910125732,5.662415504455566,5.704989910125732,5.662415504455566,5.704989910125732,5.704989910125732,5.886333465576172
290,1,2026-05-04,5.795000076293945,5.704298973083496,5.704298973083496,5.704298973083496,5.704298973083496,5.704298973083496,5.704298973083496,5.840666770935059
290,2,2026-05-05,5.942999839782715,5.704298973083496,5.704298973083496,5.704298973083496,5.704298973083496,5.704298973083496,5.704298973083496,5.840666770935059
290,3,2026-05-06,6.136499881744385,5.704298973083496,5.704298973083496,5.704298973083496,5.704298973083496,5.704298973083496,5.704298973083496,5.840666770935059
290,4,2026-05-07,6.127500057220459,5.704298973083496,5.704298973083496,5.83200740814209,5.704298973083496,5.704298973083496,5.83200740814209,5.840666770935059
290,5,2026-05-08,6.249000072479248,5.725584030151367,5.66172981262207,5.917145729064941,5.66172981262207,5.725584030151367,5.917145729064941,5.840666770935059
290,6,2026-05-09,6.303833484649658,5.704298973083496,5.704298973083496,5.704298973083496,5.704298973083496,5.704298973083496,5.704298973083496,5.840666770935059
290,7,2026-05-10,6.35866641998291,5.704298973083496,5.66172981262207,5.704298973083496,5.66172981262207,5.704298973083496,5.704298973083496,5.840666770935059
291,1,2026-05-05,5.942999839782715,5.702920436859131,5.702920436859131,5.702920436859131,5.702920436859131,5.702920436859131,5.702920436859131,5.795000076293945
291,2,2026-05-06,6.136499881744385,5.702920436859131,5.702920436859131,5.702920436859131,5.702920436859131,5.702920436859131,5.702920436859131,5.795000076293945
291,3,2026-05-07,6.127500057220459,5.702920436859131,5.702920436859131,5.702920436859131,5.702920436859131,5.702920436859131,5.702920436859131,5.795000076293945
291,4,2026-05-08,6.249000072479248,5.702920436859131,5.702920436859131,5.702920436859131,5.702920436859131,5.702920436859131,5.702920436859131,5.795000076293945
291,5,2026-05-09,6.303833484649658,5.702920436859131,5.660361289978027,5.91571569442749,5.660361289978027,5.702920436859131,5.91571569442749,5.795000076293945
291,6,2026-05-10,6.35866641998291,5.702920436859131,5.702920436859131,5.702920436859131,5.702920436859131,5.702920436859131,5.702920436859131,5.795000076293945
291,7,2026-05-11,6.41349983215332,5.702920436859131,5.660361289978027,5.702920436859131,5.660361289978027,5.702920436859131,5.702920436859131,5.795000076293945
292,1,2026-05-06,6.136499881744385,5.702755928039551,5.702755928039551,5.702755928039551,5.702755928039551,5.702755928039551,5.702755928039551,5.942999839782715
292,2,2026-05-07,6.127500057220459,5.702755928039551,5.702755928039551,5.702755928039551,5.702755928039551,5.702755928039551,5.702755928039551,5.942999839782715
292,3,2026-05-08,6.249000072479248,5.702755928039551,5.702755928039551,5.702755928039551,5.702755928039551,5.702755928039551,5.702755928039551,5.942999839782715
292,4,2026-05-09,6.303833484649658,5.702755928039551,5.702755928039551,5.915545463562012,5.702755928039551,5.702755928039551,5.915545463562012,5.942999839782715
292,5,2026-05-10,6.35866641998291,5.660198211669922,5.660198211669922,5.830429553985596,5.660198211669922,5.660198211669922,5.830429553985596,5.942999839782715
292,6,2026-05-11,6.41349983215332,5.702755928039551,5.660198211669922,5.702755928039551,5.660198211669922,5.702755928039551,5.702755928039551,5.942999839782715
292,7,2026-05-12,6.485000133514404,5.702755928039551,5.660198211669922,5.702755928039551,5.660198211669922,5.702755928039551,5.702755928039551,5.942999839782715
293,1,2026-05-07,6.127500057220459,5.704254150390625,5.704254150390625,5.704254150390625,5.704254150390625,5.704254150390625,5.704254150390625,6.136499881744385
293,2,2026-05-08,6.249000072479248,5.704254150390625,5.704254150390625,5.746823310852051,5.704254150390625,5.704254150390625,5.746823310852051,6.136499881744385
293,3,2026-05-09,6.303833484649658,5.704254150390625,5.704254150390625,5.840475082397461,5.704254150390625,5.704254150390625,5.840475082397461,6.136499881744385
293,4,2026-05-10,6.35866641998291,5.831961154937744,5.699997425079346,5.917099475860596,5.699997425079346,5.831961154937744,5.917099475860596,6.136499881744385
293,5,2026-05-11,6.41349983215332,5.831961154937744,5.661684989929199,5.917099475860596,5.661684989929199,5.831961154937744,5.917099475860596,6.136499881744385
293,6,2026-05-12,6.485000133514404,5.704254150390625,5.661684989929199,5.704254150390625,5.661684989929199,5.704254150390625,5.704254150390625,6.136499881744385
293,7,2026-05-13,6.635499954223633,5.704254150390625,5.661684989929199,5.917099475860596,5.661684989929199,5.704254150390625,5.917099475860596,6.136499881744385
294,1,2026-05-08,6.249000072479248,5.707192420959473,5.707192420959473,5.920146942138672,5.707192420959473,5.707192420959473,5.920146942138672,6.127500057220459
294,2,2026-05-09,6.303833484649658,5.707192420959473,5.707192420959473,5.749783039093018,5.707192420959473,5.707192420959473,5.749783039093018,6.127500057220459
294,3,2026-05-10,6.35866641998291,5.707192420959473,5.707192420959473,5.707192420959473,5.707192420959473,5.707192420959473,5.707192420959473,6.127500057220459
294,4,2026-05-11,6.41349983215332,5.834965229034424,5.6646013259887695,5.920146942138672,5.6646013259887695,5.834965229034424,5.920146942138672,6.127500057220459
294,5,2026-05-12,6.485000133514404,5.834965229034424,5.6646013259887695,5.920146942138672,5.6646013259887695,5.834965229034424,5.920146942138672,6.127500057220459
294,6,2026-05-13,6.635499954223633,5.707192420959473,5.6646013259887695,5.707192420959473,5.6646013259887695,5.707192420959473,5.707192420959473,6.127500057220459
294,7,2026-05-14,6.567500114440918,5.707192420959473,5.6646013259887695,5.707192420959473,5.6646013259887695,5.707192420959473,5.707192420959473,6.127500057220459
295,1,2026-05-09,6.303833484649658,5.710693836212158,5.710693836212158,5.923779487609863,5.710693836212158,5.710693836212158,5.923779487609863,6.249000072479248
295,2,2026-05-10,6.35866641998291,5.710693836212158,5.710693836212158,5.7533111572265625,5.710693836212158,5.710693836212158,5.7533111572265625,6.249000072479248
295,3,2026-05-11,6.41349983215332,5.710693836212158,5.710693836212158,5.923779487609863,5.710693836212158,5.710693836212158,5.923779487609863,6.249000072479248
295,4,2026-05-12,6.485000133514404,5.838545322418213,5.668076992034912,5.923779487609863,5.668076992034912,5.838545322418213,5.923779487609863,6.249000072479248
295,5,2026-05-13,6.635499954223633,5.838545322418213,5.668076992034912,5.923779487609863,5.668076992034912,5.838545322418213,5.923779487609863,6.249000072479248
295,6,2026-05-14,6.567500114440918,5.668076992034912,5.668076992034912,5.710693836212158,5.668076992034912,5.668076992034912,5.710693836212158,6.249000072479248
295,7,2026-05-15,6.251500129699707,5.710693836212158,5.668076992034912,5.923779487609863,5.668076992034912,5.710693836212158,5.923779487609863,6.249000072479248
296,1,2026-05-10,6.35866641998291,5.711954116821289,5.711954116821289,5.925086498260498,5.711954116821289,5.711954116821289,5.925086498260498,6.303833484649658
296,2,2026-05-11,6.41349983215332,5.711954116821289,5.711954116821289,5.839833736419678,5.711954116821289,5.711954116821289,5.839833736419678,6.303833484649658
296,3,2026-05-12,6.485000133514404,5.711954116821289,5.711954116821289,5.925086498260498,5.711954116821289,5.711954116821289,5.925086498260498,6.303833484649658
296,4,2026-05-13,6.635499954223633,5.839833736419678,5.711954116821289,5.925086498260498,5.711954116821289,5.839833736419678,5.925086498260498,6.303833484649658
296,5,2026-05-14,6.567500114440918,5.7758941650390625,5.669327735900879,5.925086498260498,5.669327735900879,5.7758941650390625,5.925086498260498,6.303833484649658
296,6,2026-05-15,6.251500129699707,5.669327735900879,5.669327735900879,5.839833736419678,5.669327735900879,5.669327735900879,5.839833736419678,6.303833484649658
296,7,2026-05-16,6.258333206176758,5.711954116821289,5.669327735900879,5.925086498260498,5.669327735900879,5.711954116821289,5.925086498260498,6.303833484649658
297,1,2026-05-11,6.41349983215332,5.716490745544434,5.716490745544434,5.929792404174805,5.716490745544434,5.716490745544434,5.929792404174805,6.35866641998291
297,2,2026-05-12,6.485000133514404,5.716490745544434,5.716490745544434,5.759150981903076,5.716490745544434,5.716490745544434,5.759150981903076,6.35866641998291
297,3,2026-05-13,6.635499954223633,5.716490745544434,5.716490745544434,5.929792404174805,5.716490745544434,5.716490745544434,5.929792404174805,6.35866641998291
297,4,2026-05-14,6.567500114440918,5.929792404174805,5.673830032348633,5.929792404174805,5.673830032348633,5.929792404174805,5.929792404174805,6.35866641998291
297,5,2026-05-15,6.251500129699707,5.844471454620361,5.673830032348633,5.929792404174805,5.673830032348633,5.844471454620361,5.929792404174805,6.35866641998291
297,6,2026-05-16,6.258333206176758,5.716490745544434,5.673830032348633,5.716490745544434,5.673830032348633,5.716490745544434,5.716490745544434,6.35866641998291
297,7,2026-05-17,6.265166759490967,5.801811218261719,5.673830032348633,5.929792404174805,5.673830032348633,5.801811218261719,5.929792404174805,6.35866641998291
298,1,2026-05-12,6.485000133514404,5.721876621246338,5.721876621246338,5.935379505157471,5.721876621246338,5.721876621246338,5.935379505157471,6.41349983215332
298,2,2026-05-13,6.635499954223633,5.721876621246338,5.721876621246338,5.978079795837402,5.721876621246338,5.721876621246338,5.978079795837402,6.41349983215332
298,3,2026-05-14,6.567500114440918,5.721876621246338,5.721876621246338,5.935379505157471,5.721876621246338,5.721876621246338,5.935379505157471,6.41349983215332
298,4,2026-05-15,6.251500129699707,5.849978446960449,5.679176330566406,5.935379505157471,5.679176330566406,5.849978446960449,5.935379505157471,6.41349983215332
298,5,2026-05-16,6.258333206176758,5.721876621246338,5.679176330566406,5.935379505157471,5.679176330566406,5.721876621246338,5.935379505157471,6.41349983215332
298,6,2026-05-17,6.265166759490967,5.721876621246338,5.679176330566406,5.721876621246338,5.679176330566406,5.721876621246338,5.721876621246338,6.41349983215332
298,7,2026-05-18,6.271999835968018,5.721876621246338,5.679176330566406,5.935379505157471,5.679176330566406,5.721876621246338,5.935379505157471,6.41349983215332
299,1,2026-05-13,6.635499954223633,5.942020893096924,5.7282795906066895,5.942020893096924,5.7282795906066895,5.942020893096924,5.942020893096924,6.485000133514404
299,2,2026-05-14,6.567500114440918,5.771027565002441,5.7282795906066895,5.984769344329834,5.7282795906066895,5.771027565002441,5.984769344329834,6.485000133514404
299,3,2026-05-15,6.251500129699707,5.856524467468262,5.7282795906066895,5.942020893096924,5.7282795906066895,5.856524467468262,5.942020893096924,6.485000133514404
299,4,2026-05-16,6.258333206176758,5.942020893096924,5.856524467468262,5.942020893096924,5.856524467468262,5.942020893096924,5.942020893096924,6.485000133514404
299,5,2026-05-17,6.265166759490967,5.685531139373779,5.685531139373779,5.942020893096924,5.685531139373779,5.685531139373779,5.942020893096924,6.485000133514404
299,6,2026-05-18,6.271999835968018,5.685531139373779,5.685531139373779,5.7282795906066895,5.685531139373779,5.685531139373779,5.7282795906066895,6.485000133514404
299,7,2026-05-19,6.164999961853027,5.942020893096924,5.685531139373779,5.942020893096924,5.685531139373779,5.942020893096924,5.942020893096924,6.485000133514404
300,1,2026-05-14,6.567500114440918,5.950520038604736,5.7364726066589355,5.950520038604736,5.7364726066589355,5.950520038604736,5.950520038604736,6.635499954223633
300,2,2026-05-15,6.251500129699707,5.779282093048096,5.7364726066589355,5.9933295249938965,5.7364726066589355,5.779282093048096,5.9933295249938965,6.635499954223633
300,3,2026-05-16,6.258333206176758,5.950520038604736,5.7364726066589355,5.950520038604736,5.7364726066589355,5.950520038604736,5.950520038604736,6.635499954223633
300,4,2026-05-17,6.265166759490967,5.864901065826416,5.864901065826416,5.950520038604736,5.864901065826416,5.864901065826416,5.950520038604736,6.635499954223633
300,5,2026-05-18,6.271999835968018,5.693663120269775,5.693663120269775,5.950520038604736,5.693663120269775,5.693663120269775,5.950520038604736,6.635499954223633
300,6,2026-05-19,6.164999961853027,5.693663120269775,5.693663120269775,5.7364726066589355,5.693663120269775,5.693663120269775,5.7364726066589355,6.635499954223633
300,7,2026-05-20,6.290500164031982,5.950520038604736,5.693663120269775,5.950520038604736,5.693663120269775,5.950520038604736,5.950520038604736,6.635499954223633
301,1,2026-05-15,6.251500129699707,5.955665588378906,5.741433620452881,5.955665588378906,5.741433620452881,5.955665588378906,5.955665588378906,6.567500114440918
301,2,2026-05-16,6.258333206176758,5.741433620452881,5.741433620452881,5.998512268066406,5.741433620452881,5.741433620452881,5.998512268066406,6.567500114440918
301,3,2026-05-17,6.265166759490967,5.741433620452881,5.741433620452881,5.955665588378906,5.741433620452881,5.741433620452881,5.955665588378906,6.567500114440918
301,4,2026-05-18,6.271999835968018,5.955665588378906,5.8699727058410645,5.955665588378906,5.8699727058410645,5.955665588378906,5.955665588378906,6.567500114440918
301,5,2026-05-19,6.164999961853027,5.698586940765381,5.698586940765381,5.955665588378906,5.698586940765381,5.698586940765381,5.955665588378906,6.567500114440918
301,6,2026-05-20,6.290500164031982,5.698586940765381,5.698586940765381,5.741433620452881,5.698586940765381,5.698586940765381,5.741433620452881,6.567500114440918
301,7,2026-05-21,6.256999969482422,5.955665588378906,5.698586940765381,5.955665588378906,5.698586940765381,5.955665588378906,5.955665588378906,6.567500114440918
302,1,2026-05-16,6.258333206176758,5.960002422332764,5.745614051818848,5.960002422332764,5.745614051818848,5.960002422332764,5.960002422332764,6.251500129699707
302,2,2026-05-17,6.265166759490967,5.745614051818848,5.745614051818848,5.745614051818848,5.745614051818848,5.745614051818848,5.745614051818848,6.251500129699707
302,3,2026-05-18,6.271999835968018,5.745614051818848,5.745614051818848,5.874247074127197,5.745614051818848,5.745614051818848,5.874247074127197,6.251500129699707
302,4,2026-05-19,6.164999961853027,5.960002422332764,5.745614051818848,5.960002422332764,5.745614051818848,5.960002422332764,5.960002422332764,6.251500129699707
302,5,2026-05-20,6.290500164031982,5.7027363777160645,5.7027363777160645,5.960002422332764,5.7027363777160645,5.7027363777160645,5.960002422332764,6.251500129699707
302,6,2026-05-21,6.256999969482422,5.745614051818848,5.7027363777160645,5.745614051818848,5.7027363777160645,5.745614051818848,5.745614051818848,6.251500129699707
302,7,2026-05-22,6.3420000076293945,5.745614051818848,5.7027363777160645,5.960002422332764,5.7027363777160645,5.745614051818848,5.960002422332764,6.251500129699707
303,1,2026-05-17,6.265166759490967,5.964683532714844,5.750126838684082,5.964683532714844,5.750126838684082,5.964683532714844,5.964683532714844,6.258333206176758
303,2,2026-05-18,6.271999835968018,5.750126838684082,5.750126838684082,5.750126838684082,5.750126838684082,5.750126838684082,5.750126838684082,6.258333206176758
303,3,2026-05-19,6.164999961853027,5.750126838684082,5.750126838684082,5.878860950469971,5.750126838684082,5.750126838684082,5.878860950469971,6.258333206176758
303,4,2026-05-20,6.290500164031982,5.964683532714844,5.878860950469971,5.964683532714844,5.878860950469971,5.964683532714844,5.964683532714844,6.258333206176758
303,5,2026-05-21,6.256999969482422,5.707215309143066,5.707215309143066,5.964683532714844,5.707215309143066,5.707215309143066,5.964683532714844,6.258333206176758
303,6,2026-05-22,6.3420000076293945,5.750126838684082,5.707215309143066,5.750126838684082,5.707215309143066,5.750126838684082,5.750126838684082,6.258333206176758
303,7,2026-05-23,6.346750259399414,5.750126838684082,5.707215309143066,5.964683532714844,5.707215309143066,5.750126838684082,5.964683532714844,6.258333206176758
304,1,2026-05-18,6.271999835968018,5.968776226043701,5.754072189331055,5.968776226043701,5.754072189331055,5.968776226043701,5.968776226043701,6.265166759490967
304,2,2026-05-19,6.164999961853027,5.754072189331055,5.754072189331055,5.754072189331055,5.754072189331055,5.754072189331055,5.754072189331055,6.265166759490967
304,3,2026-05-20,6.290500164031982,5.754072189331055,5.754072189331055,5.882894515991211,5.754072189331055,5.754072189331055,5.882894515991211,6.265166759490967
304,4,2026-05-21,6.256999969482422,5.968776226043701,5.754072189331055,5.968776226043701,5.754072189331055,5.968776226043701,5.968776226043701,6.265166759490967
304,5,2026-05-22,6.3420000076293945,5.711131572723389,5.711131572723389,5.968776226043701,5.711131572723389,5.711131572723389,5.968776226043701,6.265166759490967
304,6,2026-05-23,6.346750259399414,5.754072189331055,5.711131572723389,5.754072189331055,5.711131572723389,5.754072189331055,5.754072189331055,6.265166759490967
304,7,2026-05-24,6.351500034332275,5.754072189331055,5.754072189331055,5.968776226043701,5.754072189331055,5.754072189331055,5.968776226043701,6.265166759490967
305,1,2026-05-19,6.164999961853027,5.972662448883057,5.757818698883057,5.972662448883057,5.757818698883057,5.972662448883057,5.972662448883057,6.271999835968018
305,2,2026-05-20,6.290500164031982,5.757818698883057,5.757818698883057,5.762115478515625,5.757818698883057,5.757818698883057,5.762115478515625,6.271999835968018
305,3,2026-05-21,6.256999969482422,5.757818698883057,5.757818698883057,5.757818698883057,5.757818698883057,5.757818698883057,5.757818698883057,6.271999835968018
305,4,2026-05-22,6.3420000076293945,5.972662448883057,5.757818698883057,5.972662448883057,5.757818698883057,5.972662448883057,5.972662448883057,6.271999835968018
305,5,2026-05-23,6.346750259399414,5.886724948883057,5.714849948883057,5.972662448883057,5.714849948883057,5.886724948883057,5.972662448883057,6.271999835968018
305,6,2026-05-24,6.351500034332275,5.757818698883057,5.714849948883057,5.757818698883057,5.714849948883057,5.757818698883057,5.757818698883057,6.271999835968018
305,7,2026-05-25,6.356249809265137,5.757818698883057,5.757818698883057,5.972662448883057,5.757818698883057,5.757818698883057,5.972662448883057,6.271999835968018
306,1,2026-05-20,6.290500164031982,5.760246276855469,5.760246276855469,5.975180625915527,5.760246276855469,5.760246276855469,5.975180625915527,6.164999961853027
306,2,2026-05-21,6.256999969482422,5.760246276855469,5.760246276855469,5.760246276855469,5.760246276855469,5.760246276855469,5.760246276855469,6.164999961853027
306,3,2026-05-22,6.3420000076293945,5.760246276855469,5.760246276855469,5.889206886291504,5.760246276855469,5.760246276855469,5.889206886291504,6.164999961853027
306,4,2026-05-23,6.346750259399414,5.975180625915527,5.760246276855469,5.975180625915527,5.760246276855469,5.975180625915527,5.975180625915527,6.164999961853027
306,5,2026-05-24,6.351500034332275,5.889206886291504,5.717259407043457,5.975180625915527,5.717259407043457,5.889206886291504,5.975180625915527,6.164999961853027
306,6,2026-05-25,6.356249809265137,5.760246276855469,5.717259407043457,5.889206886291504,5.717259407043457,5.760246276855469,5.889206886291504,6.164999961853027
306,7,2026-05-26,6.361000061035156,5.760246276855469,5.717259407043457,5.760246276855469,5.717259407043457,5.760246276855469,5.760246276855469,6.164999961853027
307,1,2026-05-21,6.256999969482422,5.763641357421875,5.763641357421875,5.978702545166016,5.763641357421875,5.763641357421875,5.978702545166016,6.290500164031982
307,2,2026-05-22,6.3420000076293945,5.763641357421875,5.763641357421875,5.80665397644043,5.763641357421875,5.763641357421875,5.80665397644043,6.290500164031982
307,3,2026-05-23,6.346750259399414,5.763641357421875,5.763641357421875,5.892678260803223,5.763641357421875,5.763641357421875,5.892678260803223,6.290500164031982
307,4,2026-05-24,6.351500034332275,5.978702545166016,5.763641357421875,5.978702545166016,5.763641357421875,5.978702545166016,5.978702545166016,6.290500164031982
307,5,2026-05-25,6.356249809265137,5.892678260803223,5.7206292152404785,5.978702545166016,5.7206292152404785,5.892678260803223,5.978702545166016,6.290500164031982
307,6,2026-05-26,6.361000061035156,5.763641357421875,5.7206292152404785,5.763641357421875,5.7206292152404785,5.763641357421875,5.763641357421875,6.290500164031982
307,7,2026-05-27,6.304999828338623,5.763641357421875,5.7206292152404785,5.978702545166016,5.7206292152404785,5.763641357421875,5.978702545166016,6.290500164031982
308,1,2026-05-22,6.3420000076293945,5.767186641693115,5.767186641693115,5.982379913330078,5.767186641693115,5.767186641693115,5.982379913330078,6.256999969482422
308,2,2026-05-23,6.346750259399414,5.767186641693115,5.767186641693115,5.767186641693115,5.767186641693115,5.767186641693115,5.767186641693115,6.256999969482422
308,3,2026-05-24,6.351500034332275,5.767186641693115,5.767186641693115,5.767186641693115,5.767186641693115,5.767186641693115,5.767186641693115,6.256999969482422
308,4,2026-05-25,6.356249809265137,5.982379913330078,5.767186641693115,5.982379913330078,5.767186641693115,5.982379913330078,5.982379913330078,6.256999969482422
308,5,2026-05-26,6.361000061035156,5.896302700042725,5.724148273468018,5.982379913330078,5.724148273468018,5.896302700042725,5.982379913330078,6.256999969482422
308,6,2026-05-27,6.304999828338623,5.767186641693115,5.724148273468018,5.767186641693115,5.724148273468018,5.767186641693115,5.767186641693115,6.256999969482422
308,7,2026-05-28,6.395999908447266,5.767186641693115,5.724148273468018,5.767186641693115,5.724148273468018,5.767186641693115,5.767186641693115,6.256999969482422
309,1,2026-05-23,6.346750259399414,5.814115047454834,5.771047592163086,5.986385345458984,5.771047592163086,5.814115047454834,5.986385345458984,6.3420000076293945
309,2,2026-05-24,6.351500034332275,5.771047592163086,5.771047592163086,5.814115047454834,5.771047592163086,5.771047592163086,5.814115047454834,6.3420000076293945
309,3,2026-05-25,6.356249809265137,5.771047592163086,5.771047592163086,5.90024995803833,5.771047592163086,5.771047592163086,5.90024995803833,6.3420000076293945
309,4,2026-05-26,6.361000061035156,5.986385345458984,5.771047592163086,5.986385345458984,5.771047592163086,5.986385345458984,5.986385345458984,6.3420000076293945
309,5,2026-05-27,6.304999828338623,5.90024995803833,5.727980136871338,5.986385345458984,5.727980136871338,5.90024995803833,5.986385345458984,6.3420000076293945
309,6,2026-05-28,6.395999908447266,5.771047592163086,5.727980136871338,5.771047592163086,5.727980136871338,5.771047592163086,5.771047592163086,6.3420000076293945
309,7,2026-05-29,6.359499931335449,5.986385345458984,5.727980136871338,5.986385345458984,5.727980136871338,5.986385345458984,5.986385345458984,6.3420000076293945
310,1,2026-05-24,6.351500034332275,5.819813251495361,5.776703834533691,5.992252349853516,5.776703834533691,5.819813251495361,5.992252349853516,6.346750259399414
310,2,2026-05-25,6.356249809265137,5.776703834533691,5.776703834533691,5.992252349853516,5.776703834533691,5.776703834533691,5.992252349853516,6.346750259399414
310,3,2026-05-26,6.361000061035156,5.776703834533691,5.776703834533691,5.906033039093018,5.776703834533691,5.776703834533691,5.906033039093018,6.346750259399414
310,4,2026-05-27,6.304999828338623,5.906033039093018,5.733593940734863,5.992252349853516,5.733593940734863,5.906033039093018,5.992252349853516,6.346750259399414
310,5,2026-05-28,6.395999908447266,5.906033039093018,5.733593940734863,5.906033039093018,5.733593940734863,5.906033039093018,5.906033039093018,6.346750259399414
310,6,2026-05-29,6.359499931335449,5.776703834533691,5.733593940734863,5.776703834533691,5.733593940734863,5.776703834533691,5.776703834533691,6.346750259399414
310,7,2026-05-30,6.414333343505859,5.992252349853516,5.733593940734863,5.992252349853516,5.733593940734863,5.992252349853516,5.992252349853516,6.346750259399414
311,1,2026-05-25,6.356249809265137,5.82534646987915,5.782196044921875,5.997949123382568,5.782196044921875,5.82534646987915,5.997949123382568,6.351500034332275
311,2,2026-05-26,6.361000061035156,5.782196044921875,5.782196044921875,6.041100025177002,5.782196044921875,5.782196044921875,6.041100025177002,6.351500034332275
311,3,2026-05-27,6.304999828338623,5.782196044921875,5.782196044921875,5.911647796630859,5.782196044921875,5.782196044921875,5.911647796630859,6.351500034332275
311,4,2026-05-28,6.395999908447266,5.997949123382568,5.82534646987915,5.997949123382568,5.82534646987915,5.997949123382568,5.997949123382568,6.351500034332275
311,5,2026-05-29,6.359499931335449,5.911647796630859,5.739045143127441,5.997949123382568,5.739045143127441,5.911647796630859,5.997949123382568,6.351500034332275
311,6,2026-05-30,6.414333343505859,5.782196044921875,5.739045143127441,5.911647796630859,5.739045143127441,5.782196044921875,5.911647796630859,6.351500034332275
311,7,2026-05-31,6.4691667556762695,5.782196044921875,5.739045143127441,5.997949123382568,5.739045143127441,5.782196044921875,5.997949123382568,6.351500034332275
312,1,2026-05-26,6.361000061035156,5.831320762634277,5.788125991821289,6.004100322723389,5.788125991821289,5.831320762634277,6.004100322723389,6.356249809265137
312,2,2026-05-27,6.304999828338623,5.788125991821289,5.788125991821289,6.047295570373535,5.788125991821289,5.788125991821289,6.047295570373535,6.356249809265137
312,3,2026-05-28,6.395999908447266,5.917710781097412,5.788125991821289,5.917710781097412,5.788125991821289,5.917710781097412,5.917710781097412,6.356249809265137
312,4,2026-05-29,6.359499931335449,6.004100322723389,5.744930744171143,6.004100322723389,5.744930744171143,6.004100322723389,6.004100322723389,6.356249809265137
312,5,2026-05-30,6.414333343505859,5.917710781097412,5.744930744171143,6.004100322723389,5.744930744171143,5.917710781097412,6.004100322723389,6.356249809265137
312,6,2026-05-31,6.4691667556762695,5.788125991821289,5.744930744171143,5.788125991821289,5.744930744171143,5.788125991821289,5.788125991821289,6.356249809265137
312,7,2026-06-01,6.52400016784668,6.004100322723389,5.744930744171143,6.004100322723389,5.744930744171143,6.004100322723389,6.004100322723389,6.356249809265137
313,1,2026-05-27,6.304999828338623,5.837737083435059,5.79449462890625,6.010706901550293,5.79449462890625,5.837737083435059,6.010706901550293,6.361000061035156
313,2,2026-05-28,6.395999908447266,5.79449462890625,5.79449462890625,6.053949356079102,5.79449462890625,5.79449462890625,6.053949356079102,6.361000061035156
313,3,2026-05-29,6.359499931335449,5.79449462890625,5.79449462890625,5.924221992492676,5.79449462890625,5.79449462890625,5.924221992492676,6.361000061035156
313,4,2026-05-30,6.414333343505859,5.924221992492676,5.751252174377441,6.010706901550293,5.751252174377441,5.924221992492676,6.010706901550293,6.361000061035156
313,5,2026-05-31,6.4691667556762695,5.924221992492676,5.751252174377441,6.010706901550293,5.751252174377441,5.924221992492676,6.010706901550293,6.361000061035156
313,6,2026-06-01,6.52400016784668,5.79449462890625,5.751252174377441,5.79449462890625,5.751252174377441,5.79449462890625,5.79449462890625,6.361000061035156
313,7,2026-06-02,6.649499893188477,6.010706901550293,5.751252174377441,6.010706901550293,5.751252174377441,6.010706901550293,6.010706901550293,6.361000061035156
314,1,2026-05-28,6.395999908447266,5.843993663787842,5.800704479217529,6.017148494720459,5.800704479217529,5.843993663787842,6.017148494720459,6.304999828338623
314,2,2026-05-29,6.359499931335449,5.800704479217529,5.800704479217529,6.060437202453613,5.800704479217529,5.800704479217529,6.060437202453613,6.304999828338623
314,3,2026-05-30,6.414333343505859,5.800704479217529,5.800704479217529,6.017148494720459,5.800704479217529,5.800704479217529,6.017148494720459,6.304999828338623
314,4,2026-05-31,6.4691667556762695,6.017148494720459,5.800704479217529,6.017148494720459,5.800704479217529,6.017148494720459,6.017148494720459,6.304999828338623
314,5,2026-06-01,6.52400016784668,5.93057107925415,5.757415771484375,6.017148494720459,5.757415771484375,5.93057107925415,6.017148494720459,6.304999828338623
314,6,2026-06-02,6.649499893188477,5.800704479217529,5.757415771484375,5.800704479217529,5.757415771484375,5.800704479217529,5.800704479217529,6.304999828338623
314,7,2026-06-03,6.480999946594238,5.800704479217529,5.757415771484375,6.017148494720459,5.757415771484375,5.800704479217529,6.017148494720459,6.304999828338623
315,1,2026-05-29,6.359499931335449,5.85154390335083,5.808199405670166,6.024922847747803,5.808199405670166,5.85154390335083,6.024922847747803,6.395999908447266
315,2,2026-05-30,6.414333343505859,5.85154390335083,5.808199405670166,6.068267822265625,5.808199405670166,5.85154390335083,6.068267822265625,6.395999908447266
315,3,2026-05-31,6.4691667556762695,5.808199405670166,5.808199405670166,6.024922847747803,5.808199405670166,5.808199405670166,6.024922847747803,6.395999908447266
315,4,2026-06-01,6.52400016784668,6.024922847747803,5.938233375549316,6.024922847747803,5.938233375549316,6.024922847747803,6.024922847747803,6.395999908447266
315,5,2026-06-02,6.649499893188477,5.938233375549316,5.764854431152344,6.024922847747803,5.764854431152344,5.938233375549316,6.024922847747803,6.395999908447266
315,6,2026-06-03,6.480999946594238,5.808199405670166,5.764854431152344,5.808199405670166,5.764854431152344,5.808199405670166,5.808199405670166,6.395999908447266
315,7,2026-06-04,6.511000156402588,5.808199405670166,5.764854431152344,6.024922847747803,5.764854431152344,5.808199405670166,6.024922847747803,6.395999908447266
316,1,2026-05-30,6.414333343505859,5.813759803771973,5.813759803771973,6.030691146850586,5.813759803771973,5.813759803771973,6.030691146850586,6.359499931335449
316,2,2026-05-31,6.4691667556762695,5.813759803771973,5.813759803771973,5.8571457862854,5.813759803771973,5.813759803771973,5.8571457862854,6.359499931335449
316,3,2026-06-01,6.52400016784668,5.813759803771973,5.813759803771973,5.943918704986572,5.813759803771973,5.813759803771973,5.943918704986572,6.359499931335449
316,4,2026-06-02,6.649499893188477,6.030691146850586,5.8571457862854,6.030691146850586,5.8571457862854,6.030691146850586,6.030691146850586,6.359499931335449
316,5,2026-06-03,6.480999946594238,5.943918704986572,5.770373344421387,6.030691146850586,5.770373344421387,5.943918704986572,6.030691146850586,6.359499931335449
316,6,2026-06-04,6.511000156402588,5.813759803771973,5.770373344421387,5.813759803771973,5.770373344421387,5.813759803771973,5.813759803771973,6.359499931335449
316,7,2026-06-05,6.263500213623047,5.813759803771973,5.770373344421387,6.030691146850586,5.770373344421387,5.813759803771973,6.030691146850586,6.359499931335449
317,1,2026-05-31,6.4691667556762695,5.863919734954834,5.820483207702637,6.037665367126465,5.820483207702637,5.863919734954834,6.037665367126465,6.414333343505859
317,2,2026-06-01,6.52400016784668,5.863919734954834,5.820483207702637,6.081101894378662,5.820483207702637,5.863919734954834,6.081101894378662,6.414333343505859
317,3,2026-06-02,6.649499893188477,5.9507927894592285,5.820483207702637,6.037665367126465,5.820483207702637,5.9507927894592285,6.037665367126465,6.414333343505859
317,4,2026-06-03,6.480999946594238,6.037665367126465,5.9507927894592285,6.037665367126465,5.9507927894592285,6.037665367126465,6.037665367126465,6.414333343505859
317,5,2026-06-04,6.511000156402588,5.9507927894592285,5.777047157287598,6.037665367126465,5.777047157287598,5.9507927894592285,6.037665367126465,6.414333343505859
317,6,2026-06-05,6.263500213623047,5.820483207702637,5.777047157287598,5.9507927894592285,5.777047157287598,5.820483207702637,5.9507927894592285,6.414333343505859
317,7,2026-06-06,6.2855000495910645,5.820483207702637,5.777047157287598,6.037665367126465,5.777047157287598,5.820483207702637,6.037665367126465,6.414333343505859
318,1,2026-06-01,6.52400016784668,5.957202911376953,5.82675313949585,6.044168949127197,5.82675313949585,5.957202911376953,6.044168949127197,6.4691667556762695
318,2,2026-06-02,6.649499893188477,5.870236396789551,5.82675313949585,6.087652206420898,5.82675313949585,5.870236396789551,6.087652206420898,6.4691667556762695
318,3,2026-06-03,6.480999946594238,5.957202911376953,5.82675313949585,6.044168949127197,5.82675313949585,5.957202911376953,6.044168949127197,6.4691667556762695
318,4,2026-06-04,6.511000156402588,6.044168949127197,5.957202911376953,6.044168949127197,5.957202911376953,6.044168949127197,6.044168949127197,6.4691667556762695
318,5,2026-06-05,6.263500213623047,5.957202911376953,5.783269882202148,6.044168949127197,5.783269882202148,5.957202911376953,6.044168949127197,6.4691667556762695
318,6,2026-06-06,6.2855000495910645,5.783269882202148,5.783269882202148,6.044168949127197,5.783269882202148,5.783269882202148,6.044168949127197,6.4691667556762695
318,7,2026-06-07,6.30750036239624,5.82675313949585,5.783269882202148,6.044168949127197,5.783269882202148,5.82675313949585,6.044168949127197,6.4691667556762695
319,1,2026-06-02,6.649499893188477,5.877285480499268,5.833750247955322,6.051427364349365,5.833750247955322,5.877285480499268,6.051427364349365,6.52400016784668
319,2,2026-06-03,6.480999946594238,5.877285480499268,5.833750247955322,6.0949625968933105,5.833750247955322,5.877285480499268,6.0949625968933105,6.52400016784668
319,3,2026-06-04,6.511000156402588,5.964356422424316,5.833750247955322,6.051427364349365,5.833750247955322,5.964356422424316,6.051427364349365,6.52400016784668
319,4,2026-06-05,6.263500213623047,6.051427364349365,5.964356422424316,6.051427364349365,5.964356422424316,6.051427364349365,6.051427364349365,6.52400016784668
319,5,2026-06-06,6.2855000495910645,5.964356422424316,5.790215015411377,6.051427364349365,5.790215015411377,5.964356422424316,6.051427364349365,6.52400016784668
319,6,2026-06-07,6.30750036239624,5.833750247955322,5.790215015411377,6.051427364349365,5.790215015411377,5.833750247955322,6.051427364349365,6.52400016784668
319,7,2026-06-08,6.329500198364258,6.051427364349365,5.790215015411377,6.051427364349365,5.790215015411377,6.051427364349365,6.051427364349365,6.52400016784668
320,1,2026-06-03,6.480999946594238,6.0601630210876465,5.842171669006348,6.0601630210876465,5.842171669006348,6.0601630210876465,6.0601630210876465,6.649499893188477
320,2,2026-06-04,6.511000156402588,6.0601630210876465,5.885769844055176,6.103761196136475,5.885769844055176,6.0601630210876465,6.103761196136475,6.649499893188477
320,3,2026-06-05,6.263500213623047,6.0601630210876465,5.972966194152832,6.0601630210876465,5.972966194152832,6.0601630210876465,6.0601630210876465,6.649499893188477
320,4,2026-06-06,6.2855000495910645,6.0601630210876465,5.972966194152832,6.0601630210876465,5.972966194152832,6.0601630210876465,6.0601630210876465,6.649499893188477
320,5,2026-06-07,6.30750036239624,5.972966194152832,5.7985734939575195,6.0601630210876465,5.7985734939575195,5.972966194152832,6.0601630210876465,6.649499893188477
320,6,2026-06-08,6.329500198364258,5.7985734939575195,5.7985734939575195,6.234555721282959,5.7985734939575195,5.7985734939575195,6.234555721282959,6.649499893188477
320,7,2026-06-09,6.302499771118164,6.0601630210876465,5.7985734939575195,6.0601630210876465,5.7985734939575195,6.0601630210876465,6.0601630210876465,6.649499893188477
321,1,2026-06-04,6.511000156402588,5.892777442932129,5.849127292633057,6.067378044128418,5.849127292633057,5.892777442932129,6.067378044128418,6.480999946594238
321,2,2026-06-05,6.263500213623047,5.892777442932129,5.849127292633057,6.11102819442749,5.849127292633057,5.892777442932129,6.11102819442749,6.480999946594238
321,3,2026-06-06,6.2855000495910645,5.980077743530273,5.849127292633057,6.067378044128418,5.849127292633057,5.980077743530273,6.067378044128418,6.480999946594238
321,4,2026-06-07,6.30750036239624,6.067378044128418,5.980077743530273,6.067378044128418,5.980077743530273,6.067378044128418,6.067378044128418,6.480999946594238
321,5,2026-06-08,6.329500198364258,5.980077743530273,5.805477142333984,6.067378044128418,5.805477142333984,5.980077743530273,6.067378044128418,6.480999946594238
321,6,2026-06-09,6.302499771118164,5.849127292633057,5.805477142333984,6.067378044128418,5.805477142333984,5.849127292633057,6.067378044128418,6.480999946594238
321,7,2026-06-10,6.249000072479248,6.067378044128418,5.805477142333984,6.067378044128418,5.805477142333984,6.067378044128418,6.067378044128418,6.480999946594238
322,1,2026-06-05,6.263500213623047,6.073369979858398,5.89859676361084,6.073369979858398,5.89859676361084,6.073369979858398,6.073369979858398,6.511000156402588
322,2,2026-06-06,6.2855000495910645,5.89859676361084,5.854903697967529,6.117063045501709,5.854903697967529,5.89859676361084,6.117063045501709,6.511000156402588
322,3,2026-06-07,6.30750036239624,5.985983371734619,5.854903697967529,6.073369979858398,5.854903697967529,5.985983371734619,6.073369979858398,6.511000156402588
322,4,2026-06-08,6.329500198364258,6.073369979858398,5.985983371734619,6.073369979858398,5.985983371734619,6.073369979858398,6.073369979858398,6.511000156402588
322,5,2026-06-09,6.302499771118164,5.985983371734619,5.8112101554870605,6.073369979858398,5.8112101554870605,5.985983371734619,6.073369979858398,6.511000156402588
322,6,2026-06-10,6.249000072479248,5.8112101554870605,5.8112101554870605,6.248142719268799,5.8112101554870605,5.8112101554870605,6.248142719268799,6.511000156402588
322,7,2026-06-11,6.258999824523926,6.073369979858398,5.8112101554870605,6.073369979858398,5.8112101554870605,6.073369979858398,6.073369979858398,6.511000156402588
323,1,2026-06-06,6.2855000495910645,5.901407718658447,5.857693672180176,6.076263904571533,5.857693672180176,5.901407718658447,6.076263904571533,6.263500213623047
323,2,2026-06-07,6.30750036239624,5.857693672180176,5.857693672180176,5.857693672180176,5.857693672180176,5.857693672180176,5.857693672180176,6.263500213623047
323,3,2026-06-08,6.329500198364258,5.857693672180176,5.857693672180176,5.98883581161499,5.857693672180176,5.857693672180176,5.98883581161499,6.263500213623047
323,4,2026-06-09,6.302499771118164,6.076263904571533,5.8533220291137695,6.076263904571533,5.8533220291137695,6.076263904571533,6.076263904571533,6.263500213623047
323,5,2026-06-10,6.249000072479248,5.857693672180176,5.813979625701904,6.032549858093262,5.813979625701904,5.857693672180176,6.032549858093262,6.263500213623047
323,6,2026-06-11,6.258999824523926,5.857693672180176,5.813979625701904,5.857693672180176,5.813979625701904,5.857693672180176,5.857693672180176,6.263500213623047
323,7,2026-06-12,6.430500030517578,5.857693672180176,5.813979625701904,5.857693672180176,5.813979625701904,5.857693672180176,5.857693672180176,6.263500213623047
324,1,2026-06-07,6.30750036239624,5.861019134521484,5.861019134521484,6.079713821411133,5.861019134521484,5.861019134521484,6.079713821411133,6.2855000495910645
324,2,2026-06-08,6.329500198364258,5.861019134521484,5.861019134521484,5.904757976531982,5.861019134521484,5.861019134521484,5.904757976531982,6.2855000495910645
324,3,2026-06-09,6.302499771118164,5.861019134521484,5.861019134521484,5.9922356605529785,5.861019134521484,5.861019134521484,5.9922356605529785,6.2855000495910645
324,4,2026-06-10,6.249000072479248,6.079713821411133,5.817280292510986,6.079713821411133,5.817280292510986,6.079713821411133,6.079713821411133,6.2855000495910645
324,5,2026-06-11,6.258999824523926,5.9922356605529785,5.817280292510986,6.079713821411133,5.817280292510986,5.9922356605529785,6.079713821411133,6.2855000495910645
324,6,2026-06-12,6.430500030517578,5.861019134521484,5.817280292510986,6.079713821411133,5.817280292510986,5.861019134521484,6.079713821411133,6.2855000495910645
324,7,2026-06-13,6.44783353805542,5.861019134521484,5.817280292510986,5.861019134521484,5.817280292510986,5.861019134521484,5.861019134521484,6.2855000495910645
325,1,2026-06-08,6.329500198364258,5.8639960289001465,5.8639960289001465,6.082801818847656,5.8639960289001465,5.8639960289001465,6.082801818847656,6.30750036239624
325,2,2026-06-09,6.302499771118164,5.8639960289001465,5.8639960289001465,5.90775728225708,5.8639960289001465,5.8639960289001465,5.90775728225708,6.30750036239624
325,3,2026-06-10,6.249000072479248,5.8639960289001465,5.8639960289001465,5.995279312133789,5.8639960289001465,5.8639960289001465,5.995279312133789,6.30750036239624
325,4,2026-06-11,6.258999824523926,5.8639960289001465,5.820234775543213,6.082801818847656,5.820234775543213,5.8639960289001465,6.082801818847656,6.30750036239624
325,5,2026-06-12,6.430500030517578,5.995279312133789,5.820234775543213,6.082801818847656,5.820234775543213,5.995279312133789,6.082801818847656,6.30750036239624
325,6,2026-06-13,6.44783353805542,5.8639960289001465,5.820234775543213,5.8639960289001465,5.820234775543213,5.8639960289001465,5.8639960289001465,6.30750036239624
325,7,2026-06-14,6.4651665687561035,5.8639960289001465,5.8639960289001465,5.8639960289001465,5.8639960289001465,5.8639960289001465,5.8639960289001465,6.30750036239624
326,1,2026-06-09,6.302499771118164,5.867548942565918,5.867548942565918,6.08648681640625,5.867548942565918,5.867548942565918,6.08648681640625,6.329500198364258
326,2,2026-06-10,6.249000072479248,5.867548942565918,5.867548942565918,5.867548942565918,5.867548942565918,5.867548942565918,5.867548942565918,6.329500198364258
326,3,2026-06-11,6.258999824523926,5.867548942565918,5.867548942565918,5.9989118576049805,5.867548942565918,5.867548942565918,5.9989118576049805,6.329500198364258
326,4,2026-06-12,6.430500030517578,6.08648681640625,5.823760986328125,6.08648681640625,5.823760986328125,6.08648681640625,6.08648681640625,6.329500198364258
326,5,2026-06-13,6.44783353805542,5.9989118576049805,5.823760986328125,6.042699337005615,5.823760986328125,5.9989118576049805,6.042699337005615,6.329500198364258
326,6,2026-06-14,6.4651665687561035,5.867548942565918,5.823760986328125,5.867548942565918,5.823760986328125,5.867548942565918,5.867548942565918,6.329500198364258
326,7,2026-06-15,6.482500076293945,5.867548942565918,5.867548942565918,5.867548942565918,5.867548942565918,5.867548942565918,5.867548942565918,6.329500198364258
327,1,2026-06-10,6.249000072479248,5.871196269989014,5.871196269989014,6.090270519256592,5.871196269989014,5.871196269989014,6.090270519256592,6.302499771118164
327,2,2026-06-11,6.258999824523926,5.871196269989014,5.871196269989014,5.871196269989014,5.871196269989014,5.871196269989014,5.871196269989014,6.302499771118164
327,3,2026-06-12,6.430500030517578,5.871196269989014,5.871196269989014,5.871196269989014,5.871196269989014,5.871196269989014,5.871196269989014,6.302499771118164
327,4,2026-06-13,6.44783353805542,5.871196269989014,5.827381134033203,6.090270519256592,5.827381134033203,5.871196269989014,6.090270519256592,6.302499771118164
327,5,2026-06-14,6.4651665687561035,6.002640724182129,5.827381134033203,6.002640724182129,5.827381134033203,6.002640724182129,6.002640724182129,6.302499771118164
327,6,2026-06-15,6.482500076293945,5.871196269989014,5.827381134033203,5.871196269989014,5.827381134033203,5.871196269989014,5.871196269989014,6.302499771118164
327,7,2026-06-16,6.488999843597412,5.871196269989014,5.827381134033203,5.871196269989014,5.827381134033203,5.871196269989014,5.871196269989014,6.302499771118164
328,1,2026-06-11,6.258999824523926,5.8746795654296875,5.8746795654296875,6.006202220916748,5.8746795654296875,5.8746795654296875,6.006202220916748,6.249000072479248
328,2,2026-06-12,6.430500030517578,5.8746795654296875,5.8746795654296875,5.8746795654296875,5.8746795654296875,5.8746795654296875,5.8746795654296875,6.249000072479248
328,3,2026-06-13,6.44783353805542,5.8746795654296875,5.8746795654296875,6.006202220916748,5.8746795654296875,5.8746795654296875,6.006202220916748,6.249000072479248
328,4,2026-06-14,6.4651665687561035,5.8746795654296875,5.830838680267334,6.093883514404297,5.830838680267334,5.8746795654296875,6.093883514404297,6.249000072479248
328,5,2026-06-15,6.482500076293945,5.8746795654296875,5.830838680267334,6.006202220916748,5.830838680267334,5.8746795654296875,6.006202220916748,6.249000072479248
328,6,2026-06-16,6.488999843597412,5.8746795654296875,5.830838680267334,5.8746795654296875,5.830838680267334,5.8746795654296875,5.8746795654296875,6.249000072479248
328,7,2026-06-17,6.481500148773193,5.8746795654296875,5.830838680267334,5.8746795654296875,5.830838680267334,5.8746795654296875,5.8746795654296875,6.249000072479248
329,1,2026-06-12,6.430500030517578,5.879448890686035,5.879448890686035,6.011077880859375,5.879448890686035,5.879448890686035,6.011077880859375,6.258999824523926
329,2,2026-06-13,6.44783353805542,5.879448890686035,5.879448890686035,5.879448890686035,5.879448890686035,5.879448890686035,5.879448890686035,6.258999824523926
329,3,2026-06-14,6.4651665687561035,5.879448890686035,5.879448890686035,5.971589088439941,5.879448890686035,5.879448890686035,5.971589088439941,6.258999824523926
329,4,2026-06-15,6.482500076293945,5.879448890686035,5.879448890686035,6.098830699920654,5.879448890686035,5.879448890686035,6.098830699920654,6.258999824523926
329,5,2026-06-16,6.488999843597412,5.835572242736816,5.835572242736816,6.011077880859375,5.835572242736816,5.835572242736816,6.011077880859375,6.258999824523926
329,6,2026-06-17,6.481500148773193,5.879448890686035,5.835572242736816,5.879448890686035,5.835572242736816,5.879448890686035,5.879448890686035,6.258999824523926
329,7,2026-06-18,6.374499797821045,5.879448890686035,5.835572242736816,5.879448890686035,5.835572242736816,5.879448890686035,5.879448890686035,6.258999824523926
330,1,2026-06-13,6.44783353805542,5.88510274887085,5.88510274887085,6.104696273803711,5.88510274887085,5.88510274887085,6.104696273803711,6.430500030517578
330,2,2026-06-14,6.4651665687561035,5.88510274887085,5.88510274887085,5.88510274887085,5.88510274887085,5.88510274887085,5.88510274887085,6.430500030517578
330,3,2026-06-15,6.482500076293945,5.88510274887085,5.88510274887085,6.0168585777282715,5.88510274887085,5.88510274887085,6.0168585777282715,6.430500030517578
330,4,2026-06-16,6.488999843597412,6.0168585777282715,5.88510274887085,6.104696273803711,5.88510274887085,6.0168585777282715,6.104696273803711,6.430500030517578
330,5,2026-06-17,6.481500148773193,5.88510274887085,5.841184139251709,6.0168585777282715,5.841184139251709,5.88510274887085,6.0168585777282715,6.430500030517578
330,6,2026-06-18,6.374499797821045,5.88510274887085,5.841184139251709,6.0168585777282715,5.841184139251709,5.88510274887085,6.0168585777282715,6.430500030517578
330,7,2026-06-19,6.369999885559082,5.88510274887085,5.841184139251709,5.88510274887085,5.841184139251709,5.88510274887085,5.88510274887085,6.430500030517578
331,1,2026-06-14,6.4651665687561035,5.8919291496276855,5.8919291496276855,6.032631874084473,5.8919291496276855,5.8919291496276855,6.032631874084473,6.44783353805542
331,2,2026-06-15,6.482500076293945,5.8919291496276855,5.8919291496276855,5.8919291496276855,5.8919291496276855,5.8919291496276855,5.8919291496276855,6.44783353805542
331,3,2026-06-16,6.488999843597412,5.8919291496276855,5.8919291496276855,6.023838043212891,5.8919291496276855,5.8919291496276855,6.023838043212891,6.44783353805542
331,4,2026-06-17,6.481500148773193,6.023838043212891,5.847959518432617,6.111776828765869,5.847959518432617,6.023838043212891,6.111776828765869,6.44783353805542
331,5,2026-06-18,6.374499797821045,6.023838043212891,5.847959518432617,6.111776828765869,5.847959518432617,6.023838043212891,6.111776828765869,6.44783353805542
331,6,2026-06-19,6.369999885559082,5.8919291496276855,5.847959518432617,6.023838043212891,5.847959518432617,5.8919291496276855,6.023838043212891,6.44783353805542
331,7,2026-06-20,6.365499973297119,5.8919291496276855,5.847959518432617,6.111776828765869,5.847959518432617,5.8919291496276855,6.111776828765869,6.44783353805542
332,1,2026-06-15,6.482500076293945,5.898886203765869,5.898886203765869,6.030950546264648,5.898886203765869,5.898886203765869,6.030950546264648,6.4651665687561035
332,2,2026-06-16,6.488999843597412,5.898886203765869,5.898886203765869,5.9032883644104,5.898886203765869,5.898886203765869,5.9032883644104,6.4651665687561035
332,3,2026-06-17,6.481500148773193,5.898886203765869,5.898886203765869,6.030950546264648,5.898886203765869,5.898886203765869,6.030950546264648,6.4651665687561035
332,4,2026-06-18,6.374499797821045,6.118993282318115,5.898886203765869,6.118993282318115,5.898886203765869,6.118993282318115,6.118993282318115,6.4651665687561035
332,5,2026-06-19,6.369999885559082,6.030950546264648,5.854864597320557,6.030950546264648,5.854864597320557,6.030950546264648,6.030950546264648,6.4651665687561035
332,6,2026-06-20,6.365499973297119,5.898886203765869,5.854864597320557,6.030950546264648,5.854864597320557,5.898886203765869,6.030950546264648,6.4651665687561035
332,7,2026-06-21,6.361000061035156,5.898886203765869,5.854864597320557,5.898886203765869,5.854864597320557,5.898886203765869,5.898886203765869,6.4651665687561035
333,1,2026-06-16,6.488999843597412,5.90587043762207,5.90587043762207,6.126238822937012,5.90587043762207,5.90587043762207,6.126238822937012,6.482500076293945
333,2,2026-06-17,6.481500148773193,5.90587043762207,5.90587043762207,5.949944019317627,5.90587043762207,5.90587043762207,5.949944019317627,6.482500076293945
333,3,2026-06-18,6.374499797821045,5.90587043762207,5.90587043762207,5.919092655181885,5.90587043762207,5.90587043762207,5.919092655181885,6.482500076293945
333,4,2026-06-19,6.369999885559082,6.03809118270874,5.90587043762207,6.126238822937012,5.90587043762207,6.03809118270874,6.126238822937012,6.482500076293945
333,5,2026-06-20,6.365499973297119,5.90587043762207,5.861796855926514,6.126238822937012,5.861796855926514,5.90587043762207,6.126238822937012,6.482500076293945
333,6,2026-06-21,6.361000061035156,5.90587043762207,5.861796855926514,6.03809118270874,5.861796855926514,5.90587043762207,6.03809118270874,6.482500076293945
333,7,2026-06-22,6.356500148773193,5.90587043762207,5.861796855926514,6.126238822937012,5.861796855926514,5.90587043762207,6.126238822937012,6.482500076293945
334,1,2026-06-17,6.481500148773193,5.956902027130127,5.912776947021484,6.1334028244018555,5.912776947021484,5.956902027130127,6.1334028244018555,6.488999843597412
334,2,2026-06-18,6.374499797821045,5.912776947021484,5.912776947021484,6.177527904510498,5.912776947021484,5.912776947021484,6.177527904510498,6.488999843597412
334,3,2026-06-19,6.369999885559082,5.912776947021484,5.912776947021484,5.912776947021484,5.912776947021484,5.912776947021484,5.912776947021484,6.488999843597412
334,4,2026-06-20,6.365499973297119,6.1334028244018555,5.956902027130127,6.1334028244018555,5.956902027130127,6.1334028244018555,6.1334028244018555,6.488999843597412
334,5,2026-06-21,6.361000061035156,6.045152187347412,5.868651866912842,6.1334028244018555,5.868651866912842,6.045152187347412,6.1334028244018555,6.488999843597412
334,6,2026-06-22,6.356500148773193,5.912776947021484,5.868651866912842,5.912776947021484,5.868651866912842,5.912776947021484,5.912776947021484,6.488999843597412
334,7,2026-06-23,6.140999794006348,5.912776947021484,5.868651866912842,6.1334028244018555,5.868651866912842,5.912776947021484,6.1334028244018555,6.488999843597412
335,1,2026-06-18,6.374499797821045,5.963642597198486,5.919467449188232,6.140343189239502,5.919467449188232,5.963642597198486,6.140343189239502,6.481500148773193
335,2,2026-06-19,6.369999885559082,5.919467449188232,5.919467449188232,5.919467449188232,5.919467449188232,5.919467449188232,5.919467449188232,6.481500148773193
335,3,2026-06-20,6.365499973297119,5.919467449188232,5.919467449188232,5.919467449188232,5.919467449188232,5.919467449188232,5.919467449188232,6.481500148773193
335,4,2026-06-21,6.361000061035156,6.140343189239502,5.919467449188232,6.140343189239502,5.919467449188232,6.140343189239502,6.140343189239502,6.481500148773193
335,5,2026-06-22,6.356500148773193,6.051992893218994,5.875292778015137,6.140343189239502,5.875292778015137,6.051992893218994,6.140343189239502,6.481500148773193
335,6,2026-06-23,6.140999794006348,5.919467449188232,5.915050029754639,6.051992893218994,5.915050029754639,5.919467449188232,6.051992893218994,6.481500148773193
335,7,2026-06-24,5.942999839782715,5.919467449188232,5.875292778015137,6.140343189239502,5.875292778015137,5.919467449188232,6.140343189239502,6.481500148773193
336,1,2026-06-19,6.369999885559082,5.924089431762695,5.924089431762695,6.145137310028076,5.924089431762695,5.924089431762695,6.145137310028076,6.374499797821045
336,2,2026-06-20,6.365499973297119,5.924089431762695,5.924089431762695,5.924089431762695,5.924089431762695,5.924089431762695,5.924089431762695,6.374499797821045
336,3,2026-06-21,6.361000061035156,5.924089431762695,5.924089431762695,5.924089431762695,5.924089431762695,5.924089431762695,5.924089431762695,6.374499797821045
336,4,2026-06-22,6.356500148773193,6.056718349456787,5.879879951477051,6.145137310028076,5.879879951477051,6.056718349456787,6.145137310028076,6.374499797821045
336,5,2026-06-23,6.140999794006348,6.056718349456787,5.919668674468994,6.145137310028076,5.919668674468994,6.056718349456787,6.145137310028076,6.374499797821045
336,6,2026-06-24,5.942999839782715,5.924089431762695,5.879879951477051,5.924089431762695,5.879879951477051,5.924089431762695,5.924089431762695,6.374499797821045
336,7,2026-06-25,6.070499897003174,5.924089431762695,5.879879951477051,5.924089431762695,5.879879951477051,5.924089431762695,5.924089431762695,6.374499797821045
337,1,2026-06-20,6.365499973297119,5.929242134094238,5.929242134094238,6.150482654571533,5.929242134094238,5.929242134094238,6.150482654571533,6.369999885559082
337,2,2026-06-21,6.361000061035156,5.929242134094238,5.929242134094238,5.929242134094238,5.929242134094238,5.929242134094238,5.929242134094238,6.369999885559082
337,3,2026-06-22,6.356500148773193,5.929242134094238,5.929242134094238,5.929242134094238,5.929242134094238,5.929242134094238,5.929242134094238,6.369999885559082
337,4,2026-06-23,6.140999794006348,6.106234550476074,5.929242134094238,6.150482654571533,5.929242134094238,6.106234550476074,6.150482654571533,6.369999885559082
337,5,2026-06-24,5.942999839782715,6.061986446380615,5.8849945068359375,6.150482654571533,5.8849945068359375,6.061986446380615,6.150482654571533,6.369999885559082
337,6,2026-06-25,6.070499897003174,5.929242134094238,5.8849945068359375,6.061986446380615,5.8849945068359375,5.929242134094238,6.061986446380615,6.369999885559082
337,7,2026-06-26,6.141499996185303,5.929242134094238,5.8849945068359375,5.929242134094238,5.8849945068359375,5.929242134094238,5.929242134094238,6.369999885559082
338,1,2026-06-21,6.361000061035156,5.9345574378967285,5.9345574378967285,6.155995845794678,5.9345574378967285,5.9345574378967285,6.155995845794678,6.365499973297119
338,2,2026-06-22,6.356500148773193,5.9345574378967285,5.9345574378967285,5.978845119476318,5.9345574378967285,5.9345574378967285,5.978845119476318,6.365499973297119
338,3,2026-06-23,6.140999794006348,5.9345574378967285,5.9345574378967285,5.9345574378967285,5.9345574378967285,5.9345574378967285,5.9345574378967285,6.365499973297119
338,4,2026-06-24,5.942999839782715,6.067420482635498,5.930128574371338,6.155995845794678,5.930128574371338,6.067420482635498,6.155995845794678,6.365499973297119
338,5,2026-06-25,6.070499897003174,6.155995845794678,5.890269756317139,6.155995845794678,5.890269756317139,6.155995845794678,6.155995845794678,6.365499973297119
338,6,2026-06-26,6.141499996185303,5.9345574378967285,5.890269756317139,6.067420482635498,5.890269756317139,5.9345574378967285,6.067420482635498,6.365499973297119
338,7,2026-06-27,6.126833438873291,5.9345574378967285,5.9345574378967285,5.9345574378967285,5.9345574378967285,5.9345574378967285,5.9345574378967285,6.365499973297119
339,1,2026-06-22,6.356500148773193,5.940908432006836,5.940908432006836,6.162583827972412,5.940908432006836,5.940908432006836,6.162583827972412,6.361000061035156
339,2,2026-06-23,6.140999794006348,5.940908432006836,5.940908432006836,5.940908432006836,5.940908432006836,5.940908432006836,5.940908432006836,6.361000061035156
339,3,2026-06-24,5.942999839782715,5.940908432006836,5.940908432006836,5.940908432006836,5.940908432006836,5.940908432006836,5.940908432006836,6.361000061035156
339,4,2026-06-25,6.070499897003174,6.162583827972412,5.896573543548584,6.162583827972412,5.896573543548584,6.162583827972412,6.162583827972412,6.361000061035156
339,5,2026-06-26,6.141499996185303,6.07391357421875,5.940908432006836,6.162583827972412,5.940908432006836,6.07391357421875,6.162583827972412,6.361000061035156
339,6,2026-06-27,6.126833438873291,5.940908432006836,5.896573543548584,5.940908432006836,5.896573543548584,5.940908432006836,5.940908432006836,6.361000061035156
339,7,2026-06-28,6.112166404724121,5.940908432006836,5.896573543548584,5.940908432006836,5.896573543548584,5.940908432006836,5.940908432006836,6.361000061035156
340,1,2026-06-23,6.140999794006348,5.946966648101807,5.946966648101807,6.168868064880371,5.946966648101807,5.946966648101807,6.168868064880371,6.356500148773193
340,2,2026-06-24,5.942999839782715,5.946966648101807,5.946966648101807,5.991346836090088,5.946966648101807,5.946966648101807,5.991346836090088,6.356500148773193
340,3,2026-06-25,6.070499897003174,5.946966648101807,5.946966648101807,5.946966648101807,5.946966648101807,5.946966648101807,5.946966648101807,6.356500148773193
340,4,2026-06-26,6.141499996185303,6.168868064880371,5.946966648101807,6.168868064880371,5.946966648101807,6.168868064880371,6.168868064880371,6.356500148773193
340,5,2026-06-27,6.126833438873291,6.08010721206665,5.902585983276367,6.168868064880371,5.902585983276367,6.08010721206665,6.168868064880371,6.356500148773193
340,6,2026-06-28,6.112166404724121,5.946966648101807,5.902585983276367,5.946966648101807,5.902585983276367,5.946966648101807,5.946966648101807,6.356500148773193
340,7,2026-06-29,6.097499847412109,5.946966648101807,5.902585983276367,5.946966648101807,5.902585983276367,5.946966648101807,5.946966648101807,6.356500148773193
341,1,2026-06-24,5.942999839782715,5.950658798217773,5.950658798217773,5.9950666427612305,5.950658798217773,5.950658798217773,5.9950666427612305,6.140999794006348
341,2,2026-06-25,6.070499897003174,5.950658798217773,5.950658798217773,5.950658798217773,5.950658798217773,5.950658798217773,5.950658798217773,6.140999794006348
341,3,2026-06-26,6.141499996185303,5.950658798217773,5.950658798217773,5.950658798217773,5.950658798217773,5.950658798217773,5.950658798217773,6.140999794006348
341,4,2026-06-27,6.126833438873291,5.950658798217773,5.906250953674316,6.172698020935059,5.906250953674316,5.950658798217773,6.172698020935059,6.140999794006348
341,5,2026-06-28,6.112166404724121,5.9950666427612305,5.906250953674316,6.172698020935059,5.906250953674316,5.9950666427612305,6.172698020935059,6.140999794006348
341,6,2026-06-29,6.097499847412109,5.950658798217773,5.950658798217773,6.0838823318481445,5.950658798217773,5.950658798217773,6.0838823318481445,6.140999794006348
341,7,2026-06-30,6.192500114440918,5.950658798217773,5.906250953674316,5.950658798217773,5.906250953674316,5.950658798217773,5.950658798217773,6.140999794006348
342,1,2026-06-25,6.070499897003174,5.9521565437316895,5.9521565437316895,5.9521565437316895,5.9521565437316895,5.9521565437316895,5.9521565437316895,5.942999839782715
342,2,2026-06-26,6.141499996185303,5.9521565437316895,5.9521565437316895,5.9521565437316895,5.9521565437316895,5.9521565437316895,5.9521565437316895,5.942999839782715
342,3,2026-06-27,6.126833438873291,5.9521565437316895,5.9521565437316895,5.9521565437316895,5.9521565437316895,5.9521565437316895,5.9521565437316895,5.942999839782715
342,4,2026-06-28,6.112166404724121,5.9521565437316895,5.9521565437316895,6.174251556396484,5.9521565437316895,5.9521565437316895,6.174251556396484,5.942999839782715
342,5,2026-06-29,6.097499847412109,5.9521565437316895,5.9077372550964355,6.085413455963135,5.9077372550964355,5.9521565437316895,6.085413455963135,5.942999839782715
342,6,2026-06-30,6.192500114440918,5.9521565437316895,5.9521565437316895,5.965482234954834,5.9521565437316895,5.9521565437316895,5.965482234954834,5.942999839782715
342,7,2026-07-01,6.123499870300293,5.9521565437316895,5.9077372550964355,5.9521565437316895,5.9077372550964355,5.9521565437316895,5.9521565437316895,5.942999839782715
343,1,2026-06-26,6.141499996185303,5.955535888671875,5.955535888671875,6.088868618011475,5.955535888671875,5.955535888671875,6.088868618011475,6.070499897003174
343,2,2026-06-27,6.126833438873291,5.955535888671875,5.955535888671875,5.9999799728393555,5.955535888671875,5.955535888671875,5.9999799728393555,6.070499897003174
343,3,2026-06-28,6.112166404724121,5.955535888671875,5.955535888671875,5.955535888671875,5.955535888671875,5.955535888671875,5.955535888671875,6.070499897003174
343,4,2026-06-29,6.097499847412109,5.955535888671875,5.955535888671875,6.177757263183594,5.955535888671875,5.955535888671875,6.177757263183594,6.070499897003174
343,5,2026-06-30,6.192500114440918,5.955535888671875,5.911091327667236,6.088868618011475,5.911091327667236,5.955535888671875,6.088868618011475,6.070499897003174
343,6,2026-07-01,6.123499870300293,5.955535888671875,5.911091327667236,5.955535888671875,5.911091327667236,5.955535888671875,5.955535888671875,6.070499897003174
343,7,2026-07-02,6.114500045776367,5.955535888671875,5.911091327667236,5.955535888671875,5.911091327667236,5.955535888671875,5.955535888671875,6.070499897003174
344,1,2026-06-27,6.126833438873291,5.961308002471924,5.961308002471924,5.965756893157959,5.961308002471924,5.961308002471924,5.965756893157959,6.141499996185303
344,2,2026-06-28,6.112166404724121,5.961308002471924,5.961308002471924,6.005795478820801,5.961308002471924,5.961308002471924,6.005795478820801,6.141499996185303
344,3,2026-06-29,6.097499847412109,5.961308002471924,5.961308002471924,5.961308002471924,5.961308002471924,5.961308002471924,5.961308002471924,6.141499996185303
344,4,2026-06-30,6.192500114440918,5.961308002471924,5.961308002471924,6.183744430541992,5.961308002471924,5.961308002471924,6.183744430541992,6.141499996185303
344,5,2026-07-01,6.123499870300293,5.961308002471924,5.916820526123047,6.183744430541992,5.916820526123047,5.961308002471924,6.183744430541992,6.141499996185303
344,6,2026-07-02,6.114500045776367,5.961308002471924,5.916820526123047,6.0947699546813965,5.916820526123047,5.961308002471924,6.0947699546813965,6.141499996185303
344,7,2026-07-06,6.177999973297119,5.961308002471924,5.916820526123047,5.961308002471924,5.916820526123047,5.961308002471924,5.961308002471924,6.141499996185303
345,1,2026-06-28,6.112166404724121,5.968124866485596,5.968124866485596,6.1908159255981445,5.968124866485596,5.968124866485596,6.1908159255981445,6.126833438873291
345,2,2026-06-29,6.097499847412109,5.968124866485596,5.968124866485596,6.012662887573242,5.968124866485596,5.968124866485596,6.012662887573242,6.126833438873291
345,3,2026-06-30,6.192500114440918,5.968124866485596,5.968124866485596,5.968124866485596,5.968124866485596,5.968124866485596,5.968124866485596,6.126833438873291
345,4,2026-07-01,6.123499870300293,5.968124866485596,5.968124866485596,6.1908159255981445,5.968124866485596,5.968124866485596,6.1908159255981445,6.126833438873291
345,5,2026-07-02,6.114500045776367,5.968124866485596,5.923586845397949,6.101739406585693,5.923586845397949,5.968124866485596,6.101739406585693,6.126833438873291
345,6,2026-07-06,6.177999973297119,5.968124866485596,5.923586845397949,5.968124866485596,5.923586845397949,5.968124866485596,5.968124866485596,6.126833438873291
345,7,2026-07-07,6.171500205993652,5.968124866485596,5.968124866485596,5.968124866485596,5.968124866485596,5.968124866485596,5.968124866485596,6.126833438873291
346,1,2026-06-29,6.097499847412109,5.975685119628906,5.975685119628906,6.198657989501953,5.975685119628906,5.975685119628906,6.198657989501953,6.112166404724121
346,2,2026-06-30,6.192500114440918,5.975685119628906,5.975685119628906,6.020279884338379,5.975685119628906,5.975685119628906,6.020279884338379,6.112166404724121
346,3,2026-07-01,6.123499870300293,5.975685119628906,5.975685119628906,5.975685119628906,5.975685119628906,5.975685119628906,5.975685119628906,6.112166404724121
346,4,2026-07-02,6.114500045776367,6.198657989501953,5.975685119628906,6.198657989501953,5.975685119628906,6.198657989501953,6.198657989501953,6.112166404724121
346,5,2026-07-06,6.177999973297119,6.109468936920166,5.931090354919434,6.198657989501953,5.931090354919434,6.109468936920166,6.198657989501953,6.112166404724121
346,6,2026-07-07,6.171500205993652,5.975685119628906,5.931090354919434,6.109468936920166,5.931090354919434,5.975685119628906,6.109468936920166,6.112166404724121
346,7,2026-07-08,6.054500102996826,5.975685119628906,5.975685119628906,5.975685119628906,5.975685119628906,5.975685119628906,5.975685119628906,6.112166404724121
347,1,2026-06-30,6.192500114440918,5.982785224914551,5.982785224914551,6.206023216247559,5.982785224914551,5.982785224914551,6.206023216247559,6.097499847412109
347,2,2026-07-01,6.123499870300293,5.982785224914551,5.982785224914551,6.027432918548584,5.982785224914551,5.982785224914551,6.027432918548584,6.097499847412109
347,3,2026-07-02,6.114500045776367,5.982785224914551,5.982785224914551,6.250670909881592,5.982785224914551,5.982785224914551,6.250670909881592,6.097499847412109
347,4,2026-07-06,6.177999973297119,6.206023216247559,5.893490314483643,6.206023216247559,5.893490314483643,6.206023216247559,6.206023216247559,6.097499847412109
347,5,2026-07-07,6.171500205993652,6.11672830581665,5.938137531280518,6.206023216247559,5.938137531280518,6.11672830581665,6.206023216247559,6.097499847412109
347,6,2026-07-08,6.054500102996826,5.982785224914551,5.938137531280518,6.11672830581665,5.938137531280518,5.982785224914551,6.11672830581665,6.097499847412109
347,7,2026-07-09,6.215000152587891,5.982785224914551,5.938137531280518,6.206023216247559,5.938137531280518,5.982785224914551,6.206023216247559,6.097499847412109
348,1,2026-07-01,6.123499870300293,6.21402645111084,5.990500450134277,6.218496799468994,5.990500450134277,6.21402645111084,6.218496799468994,6.192500114440918
348,2,2026-07-02,6.114500045776367,5.990500450134277,5.990500450134277,6.035205841064453,5.990500450134277,5.990500450134277,6.035205841064453,6.192500114440918
348,3,2026-07-06,6.177999973297119,6.1246161460876465,5.990500450134277,6.258731842041016,5.990500450134277,6.1246161460876465,6.258731842041016,6.192500114440918
348,4,2026-07-07,6.171500205993652,6.21402645111084,6.035205841064453,6.21402645111084,6.035205841064453,6.21402645111084,6.21402645111084,6.192500114440918
348,5,2026-07-08,6.054500102996826,6.21402645111084,5.94579553604126,6.392847537994385,5.94579553604126,6.21402645111084,6.392847537994385,6.192500114440918
348,6,2026-07-09,6.215000152587891,5.990500450134277,5.94579553604126,6.21402645111084,5.94579553604126,5.990500450134277,6.21402645111084,6.192500114440918
348,7,2026-07-10,6.233500003814697,5.990500450134277,5.94579553604126,6.21402645111084,5.94579553604126,5.990500450134277,6.21402645111084,6.192500114440918
349,1,2026-07-02,6.114500045776367,6.220996379852295,5.997219562530518,6.265751361846924,5.997219562530518,6.220996379852295,6.265751361846924,6.123499870300293
349,2,2026-07-06,6.177999973297119,5.997219562530518,5.997219562530518,6.041975021362305,5.997219562530518,5.997219562530518,6.041975021362305,6.123499870300293
349,3,2026-07-07,6.171500205993652,5.997219562530518,5.997219562530518,6.265751361846924,5.997219562530518,5.997219562530518,6.265751361846924,6.123499870300293
349,4,2026-07-08,6.054500102996826,6.220996379852295,6.220996379852295,6.220996379852295,6.220996379852295,6.220996379852295,6.220996379852295,6.123499870300293
349,5,2026-07-09,6.215000152587891,6.400017738342285,5.9524641036987305,6.400017738342285,5.9524641036987305,6.400017738342285,6.400017738342285,6.123499870300293
349,6,2026-07-10,6.233500003814697,5.997219562530518,5.9524641036987305,6.220996379852295,5.9524641036987305,5.997219562530518,6.220996379852295,6.123499870300293
349,7,2026-07-13,6.232999801635742,5.997219562530518,5.997219562530518,6.220996379852295,5.997219562530518,5.997219562530518,6.220996379852295,6.123499870300293
350,1,2026-07-06,6.177999973297119,6.228048324584961,6.004018306732178,6.272854328155518,6.004018306732178,6.228048324584961,6.272854328155518,6.114500045776367
350,2,2026-07-07,6.171500205993652,6.026421546936035,6.004018306732178,6.272854328155518,6.004018306732178,6.026421546936035,6.272854328155518,6.114500045776367
350,3,2026-07-08,6.054500102996826,6.004018306732178,6.004018306732178,6.272854328155518,6.004018306732178,6.004018306732178,6.272854328155518,6.114500045776367
350,4,2026-07-09,6.215000152587891,6.228048324584961,6.223567962646484,6.228048324584961,6.223567962646484,6.228048324584961,6.228048324584961,6.114500045776367
350,5,2026-07-10,6.233500003814697,6.228048324584961,6.048824310302734,6.407272815704346,6.048824310302734,6.228048324584961,6.407272815704346,6.114500045776367
350,6,2026-07-13,6.232999801635742,6.004018306732178,5.959212303161621,6.228048324584961,5.959212303161621,6.004018306732178,6.228048324584961,6.114500045776367
350,7,2026-07-14,6.329999923706055,6.004018306732178,5.959212303161621,6.228048324584961,5.959212303161621,6.004018306732178,6.228048324584961,6.114500045776367
351,1,2026-07-07,6.171500205993652,6.23466157913208,6.010393142700195,6.23466157913208,6.010393142700195,6.23466157913208,6.23466157913208,6.177999973297119
351,2,2026-07-08,6.054500102996826,6.055246829986572,6.010393142700195,6.279515266418457,6.010393142700195,6.055246829986572,6.279515266418457,6.177999973297119
351,3,2026-07-09,6.215000152587891,6.279515266418457,6.010393142700195,6.279515266418457,6.010393142700195,6.279515266418457,6.279515266418457,6.177999973297119
351,4,2026-07-10,6.233500003814697,6.23466157913208,6.23466157913208,6.23466157913208,6.23466157913208,6.23466157913208,6.23466157913208,6.177999973297119
351,5,2026-07-13,6.232999801635742,6.41407585144043,6.055246829986572,6.41407585144043,6.055246829986572,6.41407585144043,6.41407585144043,6.177999973297119
351,6,2026-07-14,6.329999923706055,6.010393142700195,6.010393142700195,6.23466157913208,6.010393142700195,6.010393142700195,6.23466157913208,6.177999973297119
351,7,2026-07-15,6.293499946594238,6.010393142700195,6.010393142700195,6.23466157913208,6.010393142700195,6.010393142700195,6.23466157913208,6.177999973297119
352,1,2026-07-08,6.054500102996826,6.242049694061279,6.017515659332275,6.286956310272217,6.017515659332275,6.242049694061279,6.286956310272217,6.171500205993652
352,2,2026-07-09,6.215000152587891,6.017515659332275,5.97260856628418,6.017515659332275,5.97260856628418,6.017515659332275,6.017515659332275,6.171500205993652
352,3,2026-07-10,6.233500003814697,6.017515659332275,6.017515659332275,6.286956310272217,6.017515659332275,6.017515659332275,6.286956310272217,6.171500205993652
352,4,2026-07-13,6.232999801635742,6.242049694061279,6.224086761474609,6.242049694061279,6.224086761474609,6.242049694061279,6.242049694061279,6.171500205993652
352,5,2026-07-14,6.329999923706055,6.197142601013184,5.97260856628418,6.4216766357421875,5.97260856628418,6.197142601013184,6.4216766357421875,6.171500205993652
352,6,2026-07-15,6.293499946594238,6.017515659332275,5.97260856628418,6.017515659332275,5.97260856628418,6.017515659332275,6.017515659332275,6.171500205993652
352,7,2026-07-16,6.296000003814697,6.017515659332275,6.017515659332275,6.017515659332275,6.017515659332275,6.017515659332275,6.017515659332275,6.171500205993652
353,1,2026-07-09,6.215000152587891,6.158137321472168,6.023287773132324,6.292986869812012,6.023287773132324,6.158137321472168,6.292986869812012,6.054500102996826
353,2,2026-07-10,6.233500003814697,6.023287773132324,5.97833776473999,6.023287773132324,5.97833776473999,6.023287773132324,6.023287773132324,6.054500102996826
353,3,2026-07-13,6.232999801635742,6.023287773132324,6.023287773132324,6.158137321472168,6.023287773132324,6.023287773132324,6.158137321472168,6.054500102996826
353,4,2026-07-14,6.329999923706055,6.248036861419678,6.023287773132324,6.248036861419678,6.023287773132324,6.248036861419678,6.248036861419678,6.054500102996826
353,5,2026-07-15,6.293499946594238,6.203087329864502,5.97833776473999,6.4278364181518555,5.97833776473999,6.203087329864502,6.4278364181518555,6.054500102996826
353,6,2026-07-16,6.296000003814697,6.023287773132324,5.97833776473999,6.158137321472168,5.97833776473999,6.023287773132324,6.158137321472168,6.054500102996826
353,7,2026-07-17,6.21999979019165,6.023287773132324,6.023287773132324,6.203087329864502,6.023287773132324,6.023287773132324,6.203087329864502,6.054500102996826
354,1,2026-07-10,6.233500003814697,6.255629062652588,6.030606746673584,6.255629062652588,6.030606746673584,6.255629062652588,6.255629062652588,6.215000152587891
354,2,2026-07-13,6.232999801635742,6.030606746673584,6.030606746673584,6.255629062652588,6.030606746673584,6.030606746673584,6.255629062652588,6.215000152587891
354,3,2026-07-14,6.329999923706055,6.030606746673584,6.030606746673584,6.300633430480957,6.030606746673584,6.030606746673584,6.300633430480957,6.215000152587891
354,4,2026-07-15,6.293499946594238,6.255629062652588,6.255629062652588,6.255629062652588,6.255629062652588,6.255629062652588,6.255629062652588,6.215000152587891
354,5,2026-07-16,6.296000003814697,6.255629062652588,5.985602378845215,6.435647010803223,5.985602378845215,6.255629062652588,6.435647010803223,6.215000152587891
354,6,2026-07-17,6.21999979019165,6.030606746673584,5.985602378845215,6.16562032699585,5.985602378845215,6.030606746673584,6.16562032699585,6.215000152587891
354,7,2026-07-20,6.298999786376953,6.030606746673584,6.030606746673584,6.255629062652588,6.030606746673584,6.030606746673584,6.255629062652588,6.215000152587891
355,1,2026-07-13,6.232999801635742,6.263379096984863,6.159740447998047,6.267885208129883,6.159740447998047,6.263379096984863,6.267885208129883,6.233500003814697
355,2,2026-07-14,6.329999923706055,6.0380778312683105,6.0380778312683105,6.308439254760742,6.0380778312683105,6.0380778312683105,6.308439254760742,6.233500003814697
355,3,2026-07-15,6.293499946594238,6.0380778312683105,6.0380778312683105,6.308439254760742,6.0380778312683105,6.0380778312683105,6.308439254760742,6.233500003814697
355,4,2026-07-16,6.296000003814697,6.263379096984863,6.263379096984863,6.263379096984863,6.263379096984863,6.263379096984863,6.263379096984863,6.233500003814697
355,5,2026-07-17,6.21999979019165,6.263379096984863,5.993017673492432,6.443620204925537,5.993017673492432,6.263379096984863,6.443620204925537,6.233500003814697
355,6,2026-07-20,6.298999786376953,6.0380778312683105,5.993017673492432,6.1732587814331055,5.993017673492432,6.0380778312683105,6.1732587814331055,6.233500003814697
355,7,2026-07-21,6.511000156402588,6.0380778312683105,6.0380778312683105,6.263379096984863,6.0380778312683105,6.0380778312683105,6.263379096984863,6.233500003814697
356,1,2026-07-14,6.329999923706055,6.271093845367432,6.271093845367432,6.316209316253662,6.271093845367432,6.271093845367432,6.316209316253662,6.232999801635742
356,2,2026-07-15,6.293499946594238,6.316209316253662,6.045515060424805,6.316209316253662,6.045515060424805,6.316209316253662,6.316209316253662,6.232999801635742
356,3,2026-07-16,6.296000003814697,6.045515060424805,6.045515060424805,6.316209316253662,6.045515060424805,6.045515060424805,6.316209316253662,6.232999801635742
356,4,2026-07-17,6.21999979019165,6.271093845367432,6.271093845367432,6.271093845367432,6.271093845367432,6.271093845367432,6.271093845367432,6.232999801635742
356,5,2026-07-20,6.298999786376953,6.45155668258667,6.1808624267578125,6.45155668258667,6.1808624267578125,6.45155668258667,6.45155668258667,6.232999801635742
356,6,2026-07-21,6.511000156402588,6.045515060424805,6.000399112701416,6.185373783111572,6.000399112701416,6.045515060424805,6.185373783111572,6.232999801635742
356,7,2026-07-22,6.451000213623047,6.045515060424805,6.045515060424805,6.271093845367432,6.045515060424805,6.045515060424805,6.271093845367432,6.232999801635742
357,1,2026-07-15,6.293499946594238,6.278659820556641,6.278659820556641,6.323829650878906,6.278659820556641,6.278659820556641,6.323829650878906,6.329999923706055
357,2,2026-07-16,6.296000003814697,6.323829650878906,6.233489513397217,6.323829650878906,6.233489513397217,6.323829650878906,6.323829650878906,6.329999923706055
357,3,2026-07-17,6.21999979019165,6.323829650878906,6.05280876159668,6.323829650878906,6.05280876159668,6.323829650878906,6.323829650878906,6.329999923706055
357,4,2026-07-20,6.298999786376953,6.278659820556641,6.188319206237793,6.278659820556641,6.188319206237793,6.278659820556641,6.278659820556641,6.329999923706055
357,5,2026-07-21,6.511000156402588,6.278659820556641,6.007638454437256,6.459340572357178,6.007638454437256,6.278659820556641,6.459340572357178,6.329999923706055
357,6,2026-07-22,6.451000213623047,6.05280876159668,6.007638454437256,6.459340572357178,6.007638454437256,6.05280876159668,6.459340572357178,6.329999923706055
357,7,2026-07-23,6.304999828338623,6.278659820556641,6.278659820556641,6.278659820556641,6.278659820556641,6.278659820556641,6.278659820556641,6.329999923706055
358,1,2026-07-16,6.296000003814697,6.285482406616211,6.285482406616211,6.33070182800293,6.285482406616211,6.285482406616211,6.33070182800293,6.293499946594238
358,2,2026-07-17,6.21999979019165,6.33070182800293,6.104605674743652,6.33070182800293,6.104605674743652,6.33070182800293,6.33070182800293,6.293499946594238
358,3,2026-07-20,6.298999786376953,6.195044040679932,6.059386253356934,6.33070182800293,6.059386253356934,6.195044040679932,6.33070182800293,6.293499946594238
358,4,2026-07-21,6.511000156402588,6.285482406616211,6.195044040679932,6.285482406616211,6.195044040679932,6.285482406616211,6.285482406616211,6.293499946594238
358,5,2026-07-22,6.451000213623047,6.285482406616211,6.014166831970215,6.466359615325928,6.014166831970215,6.285482406616211,6.466359615325928,6.293499946594238
358,6,2026-07-23,6.304999828338623,6.059386253356934,6.014166831970215,6.466359615325928,6.014166831970215,6.059386253356934,6.466359615325928,6.293499946594238
358,7,2026-07-24,6.320000171661377,6.285482406616211,6.059386253356934,6.285482406616211,6.059386253356934,6.285482406616211,6.285482406616211,6.293499946594238
359,1,2026-07-17,6.21999979019165,6.292952060699463,6.292952060699463,6.338225364685059,6.292952060699463,6.292952060699463,6.338225364685059,6.296000003814697
359,2,2026-07-20,6.298999786376953,6.202406406402588,6.066587448120117,6.338225364685059,6.066587448120117,6.202406406402588,6.338225364685059,6.296000003814697
359,3,2026-07-21,6.511000156402588,6.066587448120117,6.066587448120117,6.338225364685059,6.066587448120117,6.066587448120117,6.338225364685059,6.296000003814697
359,4,2026-07-22,6.451000213623047,6.292952060699463,6.202406406402588,6.292952060699463,6.202406406402588,6.292952060699463,6.292952060699463,6.296000003814697
359,5,2026-07-23,6.304999828338623,6.292952060699463,6.0213141441345215,6.474044322967529,6.0213141441345215,6.292952060699463,6.474044322967529,6.296000003814697
359,6,2026-07-24,6.320000171661377,6.066587448120117,6.0213141441345215,6.292952060699463,6.0213141441345215,6.066587448120117,6.292952060699463,6.296000003814697
359,7,2026-07-27,6.39300012588501,6.292952060699463,6.066587448120117,6.292952060699463,6.066587448120117,6.292952060699463,6.292952060699463,6.296000003814697
