window,horizon,t,truth,median,low80,high80,q10,q50,q90,naive
1,1,2025-07-19,5.588833332061768,5.5778279304504395,5.209898948669434,6.053555011749268,5.209898948669434,5.5778279304504395,6.053555011749268,5.578000068664551
1,2,2025-07-20,5.599666595458984,5.611512184143066,5.099634170532227,6.223315715789795,5.099634170532227,5.611512184143066,6.223315715789795,5.578000068664551
1,3,2025-07-21,5.610499858856201,5.654644966125488,5.076629161834717,6.379347324371338,5.076629161834717,5.654644966125488,6.379347324371338,5.578000068664551
1,4,2025-07-22,5.697000026702881,5.711319923400879,5.026845932006836,6.48699951171875,5.026845932006836,5.711319923400879,6.48699951171875,5.578000068664551
1,5,2025-07-23,5.795000076293945,5.732873916625977,4.994328498840332,6.471112251281738,4.994328498840332,5.732873916625977,6.471112251281738,5.578000068664551
1,6,2025-07-24,5.7769999504089355,5.7451043128967285,4.939240455627441,6.598137855529785,4.939240455627441,5.7451043128967285,6.598137855529785,5.578000068664551
1,7,2025-07-25,5.763500213623047,5.676863670349121,4.849250316619873,6.706180095672607,4.849250316619873,5.676863670349121,6.706180095672607,5.578000068664551
2,1,2025-07-20,5.599666595458984,5.585210800170898,5.1847662925720215,5.95868444442749,5.1847662925720215,5.585210800170898,5.95868444442749,5.588833332061768
2,2,2025-07-21,5.610499858856201,5.59159517288208,5.051588535308838,6.097977638244629,5.051588535308838,5.59159517288208,6.097977638244629,5.588833332061768
2,3,2025-07-22,5.697000026702881,5.587281227111816,4.981977939605713,6.289968967437744,4.981977939605713,5.587281227111816,6.289968967437744,5.588833332061768
2,4,2025-07-23,5.795000076293945,5.603348731994629,4.934979438781738,6.332149028778076,4.934979438781738,5.603348731994629,6.332149028778076,5.588833332061768
2,5,2025-07-24,5.7769999504089355,5.577112197875977,4.889054775238037,6.430572509765625,4.889054775238037,5.577112197875977,6.430572509765625,5.588833332061768
2,6,2025-07-25,5.763500213623047,5.617900371551514,4.843679428100586,6.503810405731201,4.843679428100586,5.617900371551514,6.503810405731201,5.588833332061768
2,7,2025-07-26,5.707333564758301,5.579877853393555,4.6671271324157715,6.559197425842285,4.6671271324157715,5.579877853393555,6.559197425842285,5.588833332061768
3,1,2025-07-21,5.610499858856201,5.602433204650879,5.304903030395508,5.998325347900391,5.304903030395508,5.602433204650879,5.998325347900391,5.599666595458984
3,2,2025-07-22,5.697000026702881,5.6300048828125,5.10270881652832,6.170312404632568,5.10270881652832,5.6300048828125,6.170312404632568,5.599666595458984
3,3,2025-07-23,5.795000076293945,5.569493293762207,5.003856658935547,6.302044868469238,5.003856658935547,5.569493293762207,6.302044868469238,5.599666595458984
3,4,2025-07-24,5.7769999504089355,5.57861328125,4.920485019683838,6.381067276000977,4.920485019683838,5.57861328125,6.381067276000977,5.599666595458984
3,5,2025-07-25,5.763500213623047,5.591205596923828,4.8530378341674805,6.5852251052856445,4.8530378341674805,5.591205596923828,6.5852251052856445,5.599666595458984
3,6,2025-07-26,5.707333564758301,5.527690887451172,4.767052173614502,6.7556633949279785,4.767052173614502,5.527690887451172,6.7556633949279785,5.599666595458984
3,7,2025-07-27,5.6511664390563965,5.556438446044922,4.761110782623291,6.787421226501465,4.761110782623291,5.556438446044922,6.787421226501465,5.599666595458984
4,1,2025-07-22,5.697000026702881,5.618127346038818,5.298983573913574,6.121466159820557,5.298983573913574,5.618127346038818,6.121466159820557,5.610499858856201
4,2,2025-07-23,5.795000076293945,5.607382297515869,5.195904731750488,6.195128917694092,5.195904731750488,5.607382297515869,6.195128917694092,5.610499858856201
4,3,2025-07-24,5.7769999504089355,5.5790629386901855,5.076653480529785,6.241246700286865,5.076653480529785,5.5790629386901855,6.241246700286865,5.610499858856201
4,4,2025-07-25,5.763500213623047,5.579407215118408,4.966146469116211,6.258030414581299,4.966146469116211,5.579407215118408,6.258030414581299,5.610499858856201
4,5,2025-07-26,5.707333564758301,5.568907737731934,4.826888561248779,6.324750900268555,4.826888561248779,5.568907737731934,6.324750900268555,5.610499858856201
4,6,2025-07-27,5.6511664390563965,5.630633354187012,4.720417499542236,6.415956020355225,4.720417499542236,5.630633354187012,6.415956020355225,5.610499858856201
4,7,2025-07-28,5.59499979019165,5.646827220916748,4.694807529449463,6.4843058586120605,4.694807529449463,5.646827220916748,6.4843058586120605,5.610499858856201
5,1,2025-07-23,5.795000076293945,5.678735733032227,5.2448930740356445,6.036580562591553,5.2448930740356445,5.678735733032227,6.036580562591553,5.697000026702881
5,2,2025-07-24,5.7769999504089355,5.632636070251465,5.11323356628418,6.2550435066223145,5.11323356628418,5.632636070251465,6.2550435066223145,5.697000026702881
5,3,2025-07-25,5.763500213623047,5.628637313842773,4.980202674865723,6.381291389465332,4.980202674865723,5.628637313842773,6.381291389465332,5.697000026702881
5,4,2025-07-26,5.707333564758301,5.624988555908203,4.835587978363037,6.480488300323486,4.835587978363037,5.624988555908203,6.480488300323486,5.697000026702881
5,5,2025-07-27,5.6511664390563965,5.608861923217773,4.783909320831299,6.531915187835693,4.783909320831299,5.608861923217773,6.531915187835693,5.697000026702881
5,6,2025-07-28,5.59499979019165,5.6109395027160645,4.770813941955566,6.596906661987305,4.770813941955566,5.6109395027160645,6.596906661987305,5.697000026702881
5,7,2025-07-29,5.603499889373779,5.5769195556640625,4.710158348083496,6.746073246002197,4.710158348083496,5.5769195556640625,6.746073246002197,5.697000026702881
6,1,2025-07-24,5.7769999504089355,5.782310485839844,5.466782569885254,6.249526023864746,5.466782569885254,5.782310485839844,6.249526023864746,5.795000076293945
6,2,2025-07-25,5.763500213623047,5.773212432861328,5.2925591468811035,6.457400321960449,5.2925591468811035,5.773212432861328,6.457400321960449,5.795000076293945
6,3,2025-07-26,5.707333564758301,5.7835612297058105,5.176750183105469,6.537887096405029,5.176750183105469,5.7835612297058105,6.537887096405029,5.795000076293945
6,4,2025-07-27,5.6511664390563965,5.7691144943237305,5.131548881530762,6.4575605392456055,5.131548881530762,5.7691144943237305,6.4575605392456055,5.795000076293945
6,5,2025-07-28,5.59499979019165,5.725638389587402,5.014518737792969,6.523651599884033,5.014518737792969,5.725638389587402,6.523651599884033,5.795000076293945
6,6,2025-07-29,5.603499889373779,5.752039432525635,4.92050313949585,6.545533657073975,4.92050313949585,5.752039432525635,6.545533657073975,5.795000076293945
6,7,2025-07-30,5.570000171661377,5.73165225982666,4.96491003036499,6.636322975158691,4.96491003036499,5.73165225982666,6.636322975158691,5.795000076293945
7,1,2025-07-25,5.763500213623047,5.783960819244385,5.435563087463379,6.255673408508301,5.435563087463379,5.783960819244385,6.255673408508301,5.7769999504089355
7,2,2025-07-26,5.707333564758301,5.792897701263428,5.29073429107666,6.368703365325928,5.29073429107666,5.792897701263428,6.368703365325928,5.7769999504089355
7,3,2025-07-27,5.6511664390563965,5.819968223571777,5.187823295593262,6.398471832275391,5.187823295593262,5.819968223571777,6.398471832275391,5.7769999504089355
7,4,2025-07-28,5.59499979019165,5.850415229797363,5.126455307006836,6.549047470092773,5.126455307006836,5.850415229797363,6.549047470092773,5.7769999504089355
7,5,2025-07-29,5.603499889373779,5.833461284637451,5.058876991271973,6.5647196769714355,5.058876991271973,5.833461284637451,6.5647196769714355,5.7769999504089355
7,6,2025-07-30,5.570000171661377,5.818531036376953,5.022937774658203,6.623557090759277,5.022937774658203,5.818531036376953,6.623557090759277,5.7769999504089355
7,7,2025-07-31,4.33050012588501,5.765061855316162,4.982238292694092,6.787806987762451,4.982238292694092,5.765061855316162,6.787806987762451,5.7769999504089355
8,1,2025-07-26,5.707333564758301,5.775613784790039,5.356852054595947,6.186809062957764,5.356852054595947,5.775613784790039,6.186809062957764,5.763500213623047
8,2,2025-07-27,5.6511664390563965,5.7622575759887695,5.191608428955078,6.387820243835449,5.191608428955078,5.7622575759887695,6.387820243835449,5.763500213623047
8,3,2025-07-28,5.59499979019165,5.762788772583008,5.138951301574707,6.483988285064697,5.138951301574707,5.762788772583008,6.483988285064697,5.763500213623047
8,4,2025-07-29,5.603499889373779,5.7250165939331055,5.0757155418396,6.59084415435791,5.0757155418396,5.7250165939331055,6.59084415435791,5.763500213623047
8,5,2025-07-30,5.570000171661377,5.684150695800781,4.987968921661377,6.777183532714844,4.987968921661377,5.684150695800781,6.777183532714844,5.763500213623047
8,6,2025-07-31,4.33050012588501,5.785072326660156,4.910560607910156,6.9534502029418945,4.910560607910156,5.785072326660156,6.9534502029418945,5.763500213623047
8,7,2025-08-01,4.412499904632568,5.756742000579834,4.88008975982666,7.019204616546631,4.88008975982666,5.756742000579834,7.019204616546631,5.763500213623047
9,1,2025-07-27,5.6511664390563965,5.699057579040527,5.300883769989014,6.124950408935547,5.300883769989014,5.699057579040527,6.124950408935547,5.707333564758301
9,2,2025-07-28,5.59499979019165,5.701345443725586,5.1270036697387695,6.267045021057129,5.1270036697387695,5.701345443725586,6.267045021057129,5.707333564758301
9,3,2025-07-29,5.603499889373779,5.707157135009766,5.047247409820557,6.365803241729736,5.047247409820557,5.707157135009766,6.365803241729736,5.707333564758301
9,4,2025-07-30,5.570000171661377,5.716504096984863,4.940004348754883,6.531045436859131,4.940004348754883,5.716504096984863,6.531045436859131,5.707333564758301
9,5,2025-07-31,4.33050012588501,5.714386940002441,4.802065849304199,6.6002960205078125,4.802065849304199,5.714386940002441,6.6002960205078125,5.707333564758301
9,6,2025-08-01,4.412499904632568,5.767921447753906,4.7178568840026855,6.5704026222229,4.7178568840026855,5.767921447753906,6.5704026222229,5.707333564758301
9,7,2025-08-02,4.413333415985107,5.787542343139648,4.7123565673828125,6.6343793869018555,4.7123565673828125,5.787542343139648,6.6343793869018555,5.707333564758301
10,1,2025-07-28,5.59499979019165,5.6421003341674805,5.301682472229004,6.063700199127197,5.301682472229004,5.6421003341674805,6.063700199127197,5.6511664390563965
10,2,2025-07-29,5.603499889373779,5.650294303894043,5.137302398681641,6.175018787384033,5.137302398681641,5.650294303894043,6.175018787384033,5.6511664390563965
10,3,2025-07-30,5.570000171661377,5.625926971435547,5.000352382659912,6.36566162109375,5.000352382659912,5.625926971435547,6.36566162109375,5.6511664390563965
10,4,2025-07-31,4.33050012588501,5.628007888793945,4.961872100830078,6.5133161544799805,4.961872100830078,5.628007888793945,6.5133161544799805,5.6511664390563965
10,5,2025-08-01,4.412499904632568,5.6241865158081055,4.954923152923584,6.551501274108887,4.954923152923584,5.6241865158081055,6.551501274108887,5.6511664390563965
10,6,2025-08-02,4.413333415985107,5.605982780456543,4.816547393798828,6.604803562164307,4.816547393798828,5.605982780456543,6.604803562164307,5.6511664390563965
10,7,2025-08-03,4.414166450500488,5.618124008178711,4.820171356201172,6.740268230438232,4.820171356201172,5.618124008178711,6.740268230438232,5.6511664390563965
11,1,2025-07-29,5.603499889373779,5.589129447937012,5.203096866607666,6.000171661376953,5.203096866607666,5.589129447937012,6.000171661376953,5.59499979019165
11,2,2025-07-30,5.570000171661377,5.575858116149902,5.110781192779541,6.203739166259766,5.110781192779541,5.575858116149902,6.203739166259766,5.59499979019165
11,3,2025-07-31,4.33050012588501,5.543243408203125,4.98938512802124,6.234964370727539,4.98938512802124,5.543243408203125,6.234964370727539,5.59499979019165
11,4,2025-08-01,4.412499904632568,5.520867347717285,4.898833751678467,6.478461265563965,4.898833751678467,5.520867347717285,6.478461265563965,5.59499979019165
11,5,2025-08-02,4.413333415985107,5.554384231567383,4.833568096160889,6.595276832580566,4.833568096160889,5.554384231567383,6.595276832580566,5.59499979019165
11,6,2025-08-03,4.414166450500488,5.572760105133057,4.805562496185303,6.630068302154541,4.805562496185303,5.572760105133057,6.630068302154541,5.59499979019165
11,7,2025-08-04,4.414999961853027,5.5128679275512695,4.722457408905029,6.688790321350098,4.722457408905029,5.5128679275512695,6.688790321350098,5.59499979019165
12,1,2025-07-30,5.570000171661377,5.59071159362793,5.259009838104248,6.017196178436279,5.259009838104248,5.59071159362793,6.017196178436279,5.603499889373779
12,2,2025-07-31,4.33050012588501,5.600559711456299,5.095618724822998,6.1319403648376465,5.095618724822998,5.600559711456299,6.1319403648376465,5.603499889373779
12,3,2025-08-01,4.412499904632568,5.590884208679199,5.006106376647949,6.235418319702148,5.006106376647949,5.590884208679199,6.235418319702148,5.603499889373779
12,4,2025-08-02,4.413333415985107,5.631945610046387,4.93483829498291,6.3553080558776855,4.93483829498291,5.631945610046387,6.3553080558776855,5.603499889373779
12,5,2025-08-03,4.414166450500488,5.60436487197876,4.925673961639404,6.580223560333252,4.925673961639404,5.60436487197876,6.580223560333252,5.603499889373779
12,6,2025-08-04,4.414999961853027,5.6559953689575195,4.776549816131592,6.705907344818115,4.776549816131592,5.6559953689575195,6.705907344818115,5.603499889373779
12,7,2025-08-05,4.363999843597412,5.653029918670654,4.707149505615234,6.7999444007873535,4.707149505615234,5.653029918670654,6.7999444007873535,5.603499889373779
13,1,2025-07-31,4.33050012588501,5.572752475738525,5.161811351776123,6.0486369132995605,5.161811351776123,5.572752475738525,6.0486369132995605,5.570000171661377
13,2,2025-08-01,4.412499904632568,5.617669105529785,5.044740676879883,6.248870849609375,5.044740676879883,5.617669105529785,6.248870849609375,5.570000171661377
13,3,2025-08-02,4.413333415985107,5.631735801696777,5.006477355957031,6.273965358734131,5.006477355957031,5.631735801696777,6.273965358734131,5.570000171661377
13,4,2025-08-03,4.414166450500488,5.567427158355713,4.886023998260498,6.384568214416504,4.886023998260498,5.567427158355713,6.384568214416504,5.570000171661377
13,5,2025-08-04,4.414999961853027,5.673801422119141,4.804416656494141,6.4917473793029785,4.804416656494141,5.673801422119141,6.4917473793029785,5.570000171661377
13,6,2025-08-05,4.363999843597412,5.685956954956055,4.749475479125977,6.5909528732299805,4.749475479125977,5.685956954956055,6.5909528732299805,5.570000171661377
13,7,2025-08-06,4.390999794006348,5.6400957107543945,4.681085586547852,6.7978363037109375,4.681085586547852,5.6400957107543945,6.7978363037109375,5.570000171661377
14,1,2025-08-01,4.412499904632568,4.335718154907227,4.024338245391846,4.678786277770996,4.024338245391846,4.335718154907227,4.678786277770996,4.33050012588501
14,2,2025-08-02,4.413333415985107,4.3327741622924805,3.9126932621002197,4.816895961761475,3.9126932621002197,4.3327741622924805,4.816895961761475,4.33050012588501
14,3,2025-08-03,4.414166450500488,4.35073709487915,3.856642246246338,4.9146952629089355,3.856642246246338,4.35073709487915,4.9146952629089355,4.33050012588501
14,4,2025-08-04,4.414999961853027,4.340807914733887,3.808807134628296,4.94917106628418,3.808807134628296,4.340807914733887,4.94917106628418,4.33050012588501
14,5,2025-08-05,4.363999843597412,4.301324844360352,3.6442489624023438,4.971591949462891,3.6442489624023438,4.301324844360352,4.971591949462891,4.33050012588501
14,6,2025-08-06,4.390999794006348,4.322087287902832,3.636448383331299,5.136994361877441,3.636448383331299,4.322087287902832,5.136994361877441,4.33050012588501
14,7,2025-08-07,4.378499984741211,4.31861686706543,3.6039671897888184,5.100738525390625,3.6039671897888184,4.31861686706543,5.100738525390625,4.33050012588501
15,1,2025-08-02,4.413333415985107,4.4070539474487305,4.093832969665527,4.738852024078369,4.093832969665527,4.4070539474487305,4.738852024078369,4.412499904632568
15,2,2025-08-03,4.414166450500488,4.375328540802002,4.009991645812988,4.808091640472412,4.009991645812988,4.375328540802002,4.808091640472412,4.412499904632568
15,3,2025-08-04,4.414999961853027,4.409640312194824,3.8719944953918457,4.899233341217041,3.8719944953918457,4.409640312194824,4.899233341217041,4.412499904632568
15,4,2025-08-05,4.363999843597412,4.411683082580566,3.808654546737671,4.9629034996032715,3.808654546737671,4.411683082580566,4.9629034996032715,4.412499904632568
15,5,2025-08-06,4.390999794006348,4.4059648513793945,3.8372039794921875,5.052453994750977,3.8372039794921875,4.4059648513793945,5.052453994750977,4.412499904632568
15,6,2025-08-07,4.378499984741211,4.39768123626709,3.707777976989746,5.177846908569336,3.707777976989746,4.39768123626709,5.177846908569336,4.412499904632568
15,7,2025-08-08,4.45550012588501,4.4142889976501465,3.6956634521484375,5.29901647567749,3.6956634521484375,4.4142889976501465,5.29901647567749,4.412499904632568
16,1,2025-08-03,4.414166450500488,4.4134697914123535,4.130387783050537,4.661621570587158,4.130387783050537,4.4134697914123535,4.661621570587158,4.413333415985107
16,2,2025-08-04,4.414999961853027,4.409247398376465,3.985072612762451,4.871798038482666,3.985072612762451,4.409247398376465,4.871798038482666,4.413333415985107
16,3,2025-08-05,4.363999843597412,4.403548717498779,3.9127488136291504,4.888675212860107,3.9127488136291504,4.403548717498779,4.888675212860107,4.413333415985107
16,4,2025-08-06,4.390999794006348,4.4349164962768555,3.878425359725952,5.0495405197143555,3.878425359725952,4.4349164962768555,5.0495405197143555,4.413333415985107
16,5,2025-08-07,4.378499984741211,4.431221008300781,3.7469916343688965,5.168509006500244,3.7469916343688965,4.431221008300781,5.168509006500244,4.413333415985107
16,6,2025-08-08,4.45550012588501,4.471214294433594,3.699878454208374,5.134723663330078,3.699878454208374,4.471214294433594,5.134723663330078,4.413333415985107
16,7,2025-08-09,4.444833278656006,4.478536605834961,3.7359023094177246,5.200777530670166,3.7359023094177246,4.478536605834961,5.200777530670166,4.413333415985107
17,1,2025-08-04,4.414999961853027,4.418802738189697,4.102542400360107,4.796619415283203,4.102542400360107,4.418802738189697,4.796619415283203,4.414166450500488
17,2,2025-08-05,4.363999843597412,4.439589023590088,3.9668445587158203,4.850382328033447,3.9668445587158203,4.439589023590088,4.850382328033447,4.414166450500488
17,3,2025-08-06,4.390999794006348,4.426451683044434,3.9289371967315674,4.955255031585693,3.9289371967315674,4.426451683044434,4.955255031585693,4.414166450500488
17,4,2025-08-07,4.378499984741211,4.417030334472656,3.7784669399261475,5.079894542694092,3.7784669399261475,4.417030334472656,5.079894542694092,4.414166450500488
17,5,2025-08-08,4.45550012588501,4.440277576446533,3.801257371902466,5.217650890350342,3.801257371902466,4.440277576446533,5.217650890350342,4.414166450500488
17,6,2025-08-09,4.444833278656006,4.4073591232299805,3.727041482925415,5.266985893249512,3.727041482925415,4.4073591232299805,5.266985893249512,4.414166450500488
17,7,2025-08-10,4.43416690826416,4.425632953643799,3.700943946838379,5.292221546173096,3.700943946838379,4.425632953643799,5.292221546173096,4.414166450500488
18,1,2025-08-05,4.363999843597412,4.396092414855957,4.020993232727051,4.64899206161499,4.020993232727051,4.396092414855957,4.64899206161499,4.414999961853027
18,2,2025-08-06,4.390999794006348,4.401933193206787,3.9893875122070312,4.806717872619629,3.9893875122070312,4.401933193206787,4.806717872619629,4.414999961853027
18,3,2025-08-07,4.378499984741211,4.386602878570557,3.9106271266937256,4.8852996826171875,3.9106271266937256,4.386602878570557,4.8852996826171875,4.414999961853027
18,4,2025-08-08,4.45550012588501,4.419228553771973,3.8155691623687744,4.937530517578125,3.8155691623687744,4.419228553771973,4.937530517578125,4.414999961853027
18,5,2025-08-09,4.444833278656006,4.373894691467285,3.812743663787842,5.04899787902832,3.812743663787842,4.373894691467285,5.04899787902832,4.414999961853027
18,6,2025-08-10,4.43416690826416,4.428382873535156,3.730062246322632,5.175119400024414,3.730062246322632,4.428382873535156,5.175119400024414,4.414999961853027
18,7,2025-08-11,4.423500061035156,4.383084297180176,3.6486730575561523,5.321863651275635,3.6486730575561523,4.383084297180176,5.321863651275635,4.414999961853027
19,1,2025-08-06,4.390999794006348,4.361979007720947,4.06614875793457,4.738272190093994,4.06614875793457,4.361979007720947,4.738272190093994,4.363999843597412
19,2,2025-08-07,4.378499984741211,4.3877787590026855,3.891077756881714,4.838596343994141,3.891077756881714,4.3877787590026855,4.838596343994141,4.363999843597412
19,3,2025-08-08,4.45550012588501,4.429020881652832,3.844576358795166,4.915968894958496,3.844576358795166,4.429020881652832,4.915968894958496,4.363999843597412
19,4,2025-08-09,4.444833278656006,4.387238502502441,3.7867207527160645,5.091547966003418,3.7867207527160645,4.387238502502441,5.091547966003418,4.363999843597412
19,5,2025-08-10,4.43416690826416,4.3509521484375,3.708085298538208,5.1032257080078125,3.708085298538208,4.3509521484375,5.1032257080078125,4.363999843597412
19,6,2025-08-11,4.423500061035156,4.362116813659668,3.663524866104126,5.087839126586914,3.663524866104126,4.362116813659668,5.087839126586914,4.363999843597412
19,7,2025-08-12,4.508500099182129,4.389003753662109,3.6250574588775635,5.143308162689209,3.6250574588775635,4.389003753662109,5.143308162689209,4.363999843597412
20,1,2025-08-07,4.378499984741211,4.391813278198242,4.069033145904541,4.67773962020874,4.069033145904541,4.391813278198242,4.67773962020874,4.390999794006348
20,2,2025-08-08,4.45550012588501,4.38869571685791,3.9780759811401367,4.87587308883667,3.9780759811401367,4.38869571685791,4.87587308883667,4.390999794006348
20,3,2025-08-09,4.444833278656006,4.384497165679932,3.9187095165252686,4.989964962005615,3.9187095165252686,4.384497165679932,4.989964962005615,4.390999794006348
20,4,2025-08-10,4.43416690826416,4.413971900939941,3.8556034564971924,5.060903072357178,3.8556034564971924,4.413971900939941,5.060903072357178,4.390999794006348
20,5,2025-08-11,4.423500061035156,4.410840034484863,3.7838540077209473,5.095290184020996,3.7838540077209473,4.410840034484863,5.095290184020996,4.390999794006348
20,6,2025-08-12,4.508500099182129,4.466758728027344,3.653395175933838,5.171967029571533,3.653395175933838,4.466758728027344,5.171967029571533,4.390999794006348
20,7,2025-08-13,4.48199987411499,4.4702043533325195,3.6645755767822266,5.205835819244385,3.6645755767822266,4.4702043533325195,5.205835819244385,4.390999794006348
21,1,2025-08-08,4.45550012588501,4.372150897979736,3.9883413314819336,4.610449314117432,3.9883413314819336,4.372150897979736,4.610449314117432,4.378499984741211
21,2,2025-08-09,4.444833278656006,4.375932216644287,3.959092378616333,4.7581281661987305,3.959092378616333,4.375932216644287,4.7581281661987305,4.378499984741211
21,3,2025-08-10,4.43416690826416,4.366080284118652,3.931513547897339,4.8659281730651855,3.931513547897339,4.366080284118652,4.8659281730651855,4.378499984741211
21,4,2025-08-11,4.423500061035156,4.30982780456543,3.8962998390197754,4.937117099761963,3.8962998390197754,4.30982780456543,4.937117099761963,4.378499984741211
21,5,2025-08-12,4.508500099182129,4.366621017456055,3.7405571937561035,5.032754421234131,3.7405571937561035,4.366621017456055,5.032754421234131,4.378499984741211
21,6,2025-08-13,4.48199987411499,4.343090057373047,3.7303614616394043,5.0972514152526855,3.7303614616394043,4.343090057373047,5.0972514152526855,4.378499984741211
21,7,2025-08-14,4.4644999504089355,4.335318565368652,3.6627979278564453,5.210962295532227,3.6627979278564453,4.335318565368652,5.210962295532227,4.378499984741211
22,1,2025-08-09,4.444833278656006,4.451512336730957,4.150660991668701,4.730825901031494,4.150660991668701,4.451512336730957,4.730825901031494,4.45550012588501
22,2,2025-08-10,4.43416690826416,4.444508075714111,4.142059803009033,4.903666973114014,4.142059803009033,4.444508075714111,4.903666973114014,4.45550012588501
22,3,2025-08-11,4.423500061035156,4.460593223571777,3.984652280807495,4.943984508514404,3.984652280807495,4.460593223571777,4.943984508514404,4.45550012588501
22,4,2025-08-12,4.508500099182129,4.445606231689453,3.924750328063965,5.044349670410156,3.924750328063965,4.445606231689453,5.044349670410156,4.45550012588501
22,5,2025-08-13,4.48199987411499,4.409925937652588,3.84615159034729,5.105755805969238,3.84615159034729,4.409925937652588,5.105755805969238,4.45550012588501
22,6,2025-08-14,4.4644999504089355,4.385890960693359,3.821718454360962,5.16827917098999,3.821718454360962,4.385890960693359,5.16827917098999,4.45550012588501
22,7,2025-08-15,4.478000164031982,4.39077091217041,3.76749849319458,5.221884250640869,3.76749849319458,4.39077091217041,5.221884250640869,4.45550012588501
23,1,2025-08-10,4.43416690826416,4.449089050292969,4.155606746673584,4.750875473022461,4.155606746673584,4.449089050292969,4.750875473022461,4.444833278656006
23,2,2025-08-11,4.423500061035156,4.430720329284668,4.1095452308654785,4.8985185623168945,4.1095452308654785,4.430720329284668,4.8985185623168945,4.444833278656006
23,3,2025-08-12,4.508500099182129,4.45376443862915,4.079892635345459,4.9489288330078125,4.079892635345459,4.45376443862915,4.9489288330078125,4.444833278656006
23,4,2025-08-13,4.48199987411499,4.460368633270264,3.9912805557250977,5.062029838562012,3.9912805557250977,4.460368633270264,5.062029838562012,4.444833278656006
23,5,2025-08-14,4.4644999504089355,4.412700176239014,3.885463237762451,5.080936908721924,3.885463237762451,4.412700176239014,5.080936908721924,4.444833278656006
23,6,2025-08-15,4.478000164031982,4.425662040710449,3.8567540645599365,5.164098739624023,3.8567540645599365,4.425662040710449,5.164098739624023,4.444833278656006
23,7,2025-08-16,4.4710001945495605,4.522214889526367,3.788022756576538,5.272458553314209,3.788022756576538,4.522214889526367,5.272458553314209,4.444833278656006
24,1,2025-08-11,4.423500061035156,4.436221122741699,4.199069023132324,4.797307014465332,4.199069023132324,4.436221122741699,4.797307014465332,4.43416690826416
24,2,2025-08-12,4.508500099182129,4.442389488220215,4.027120113372803,4.920099258422852,4.027120113372803,4.442389488220215,4.920099258422852,4.43416690826416
24,3,2025-08-13,4.48199987411499,4.425843238830566,3.940823554992676,4.936868667602539,3.940823554992676,4.425843238830566,4.936868667602539,4.43416690826416
24,4,2025-08-14,4.4644999504089355,4.475153923034668,3.8692054748535156,5.019685745239258,3.8692054748535156,4.475153923034668,5.019685745239258,4.43416690826416
24,5,2025-08-15,4.478000164031982,4.402248382568359,3.835306167602539,5.167696475982666,3.835306167602539,4.402248382568359,5.167696475982666,4.43416690826416
24,6,2025-08-16,4.4710001945495605,4.353452205657959,3.7350149154663086,5.268842697143555,3.7350149154663086,4.353452205657959,5.268842697143555,4.43416690826416
24,7,2025-08-17,4.4639997482299805,4.3851542472839355,3.7125258445739746,5.222876071929932,3.7125258445739746,4.3851542472839355,5.222876071929932,4.43416690826416
25,1,2025-08-12,4.508500099182129,4.423910140991211,4.126890182495117,4.7291259765625,4.126890182495117,4.423910140991211,4.7291259765625,4.423500061035156
25,2,2025-08-13,4.48199987411499,4.437315940856934,4.032069683074951,4.882870197296143,4.032069683074951,4.437315940856934,4.882870197296143,4.423500061035156
25,3,2025-08-14,4.4644999504089355,4.469491004943848,4.026023864746094,4.921800136566162,4.026023864746094,4.469491004943848,4.921800136566162,4.423500061035156
25,4,2025-08-15,4.478000164031982,4.460806846618652,4.032966136932373,5.060079097747803,4.032966136932373,4.460806846618652,5.060079097747803,4.423500061035156
25,5,2025-08-16,4.4710001945495605,4.429651260375977,3.950955390930176,5.189795017242432,3.950955390930176,4.429651260375977,5.189795017242432,4.423500061035156
25,6,2025-08-17,4.4639997482299805,4.445681571960449,3.906993865966797,5.210546016693115,3.906993865966797,4.445681571960449,5.210546016693115,4.423500061035156
25,7,2025-08-18,4.456999778747559,4.46563720703125,3.79640531539917,5.309573650360107,3.79640531539917,4.46563720703125,5.309573650360107,4.423500061035156
26,1,2025-08-13,4.48199987411499,4.506134033203125,4.179594993591309,4.798914432525635,4.179594993591309,4.506134033203125,4.798914432525635,4.508500099182129
26,2,2025-08-14,4.4644999504089355,4.519928932189941,4.063796520233154,4.96766996383667,4.063796520233154,4.519928932189941,4.96766996383667,4.508500099182129
26,3,2025-08-15,4.478000164031982,4.534606456756592,4.042672634124756,5.022482872009277,4.042672634124756,4.534606456756592,5.022482872009277,4.508500099182129
26,4,2025-08-16,4.4710001945495605,4.517417907714844,3.928598403930664,5.051788330078125,3.928598403930664,4.517417907714844,5.051788330078125,4.508500099182129
26,5,2025-08-17,4.4639997482299805,4.515186786651611,3.846151351928711,5.226467132568359,3.846151351928711,4.515186786651611,5.226467132568359,4.508500099182129
26,6,2025-08-18,4.456999778747559,4.508925914764404,3.7950727939605713,5.23756742477417,3.7950727939605713,4.508925914764404,5.23756742477417,4.508500099182129
26,7,2025-08-19,4.408999919891357,4.5197906494140625,3.8326478004455566,5.348873138427734,3.8326478004455566,4.5197906494140625,5.348873138427734,4.508500099182129
27,1,2025-08-14,4.4644999504089355,4.486014366149902,4.174703121185303,4.716163635253906,4.174703121185303,4.486014366149902,4.716163635253906,4.48199987411499
27,2,2025-08-15,4.478000164031982,4.452345848083496,4.055307865142822,4.92823600769043,4.055307865142822,4.452345848083496,4.92823600769043,4.48199987411499
27,3,2025-08-16,4.4710001945495605,4.417844772338867,3.972719669342041,5.083869457244873,3.972719669342041,4.417844772338867,5.083869457244873,4.48199987411499
27,4,2025-08-17,4.4639997482299805,4.493500709533691,3.861722469329834,5.157610893249512,3.861722469329834,4.493500709533691,5.157610893249512,4.48199987411499
27,5,2025-08-18,4.456999778747559,4.479510307312012,3.8157601356506348,5.225931644439697,3.8157601356506348,4.479510307312012,5.225931644439697,4.48199987411499
27,6,2025-08-19,4.408999919891357,4.470700263977051,3.747736930847168,5.318417549133301,3.747736930847168,4.470700263977051,5.318417549133301,4.48199987411499
27,7,2025-08-20,4.426000118255615,4.456884384155273,3.7239573001861572,5.485570907592773,3.7239573001861572,4.456884384155273,5.485570907592773,4.48199987411499
28,1,2025-08-15,4.478000164031982,4.472640037536621,4.292084693908691,4.831910610198975,4.292084693908691,4.472640037536621,4.831910610198975,4.4644999504089355
28,2,2025-08-16,4.4710001945495605,4.48896598815918,4.119225978851318,4.945138454437256,4.119225978851318,4.48896598815918,4.945138454437256,4.4644999504089355
28,3,2025-08-17,4.4639997482299805,4.5128679275512695,3.9784014225006104,5.03726053237915,3.9784014225006104,4.5128679275512695,5.03726053237915,4.4644999504089355
28,4,2025-08-18,4.456999778747559,4.506880283355713,3.93277645111084,5.185822486877441,3.93277645111084,4.506880283355713,5.185822486877441,4.4644999504089355
28,5,2025-08-19,4.408999919891357,4.52137565612793,3.830004930496216,5.20545768737793,3.830004930496216,4.52137565612793,5.20545768737793,4.4644999504089355
28,6,2025-08-20,4.426000118255615,4.540403366088867,3.7784423828125,5.2527689933776855,3.7784423828125,4.540403366088867,5.2527689933776855,4.4644999504089355
28,7,2025-08-21,4.43149995803833,4.501891136169434,3.7524936199188232,5.453860282897949,3.7524936199188232,4.501891136169434,5.453860282897949,4.4644999504089355
29,1,2025-08-16,4.4710001945495605,4.478553295135498,4.16757869720459,4.833162784576416,4.16757869720459,4.478553295135498,4.833162784576416,4.478000164031982
29,2,2025-08-17,4.4639997482299805,4.497260093688965,4.044163703918457,4.994453430175781,4.044163703918457,4.497260093688965,4.994453430175781,4.478000164031982
29,3,2025-08-18,4.456999778747559,4.496010780334473,3.9565978050231934,5.036388397216797,3.9565978050231934,4.496010780334473,5.036388397216797,4.478000164031982
29,4,2025-08-19,4.408999919891357,4.461026668548584,3.94698429107666,5.08684778213501,3.94698429107666,4.461026668548584,5.08684778213501,4.478000164031982
29,5,2025-08-20,4.426000118255615,4.490599632263184,3.9387271404266357,5.336429119110107,3.9387271404266357,4.490599632263184,5.336429119110107,4.478000164031982
29,6,2025-08-21,4.43149995803833,4.517301559448242,3.8380651473999023,5.302419662475586,3.8380651473999023,4.517301559448242,5.302419662475586,4.478000164031982
29,7,2025-08-22,4.447500228881836,4.5335235595703125,3.7501282691955566,5.477145671844482,3.7501282691955566,4.5335235595703125,5.477145671844482,4.478000164031982
30,1,2025-08-17,4.4639997482299805,4.469481945037842,4.110218524932861,4.7048258781433105,4.110218524932861,4.469481945037842,4.7048258781433105,4.4710001945495605
30,2,2025-08-18,4.456999778747559,4.424857139587402,4.030219078063965,4.893152713775635,4.030219078063965,4.424857139587402,4.893152713775635,4.4710001945495605
30,3,2025-08-19,4.408999919891357,4.4300537109375,4.020673751831055,4.929272651672363,4.020673751831055,4.4300537109375,4.929272651672363,4.4710001945495605
30,4,2025-08-20,4.426000118255615,4.419126033782959,3.9430999755859375,4.981229305267334,3.9430999755859375,4.419126033782959,4.981229305267334,4.4710001945495605
30,5,2025-08-21,4.43149995803833,4.4342942237854,3.890474557876587,5.132767677307129,3.890474557876587,4.4342942237854,5.132767677307129,4.4710001945495605
30,6,2025-08-22,4.447500228881836,4.401420593261719,3.835371732711792,5.081142902374268,3.835371732711792,4.401420593261719,5.081142902374268,4.4710001945495605
30,7,2025-08-23,4.45383358001709,4.42308235168457,3.7488937377929688,5.137810707092285,3.7488937377929688,4.42308235168457,5.137810707092285,4.4710001945495605
31,1,2025-08-18,4.456999778747559,4.465102672576904,4.1722636222839355,4.854795932769775,4.1722636222839355,4.465102672576904,4.854795932769775,4.4639997482299805
31,2,2025-08-19,4.408999919891357,4.48126220703125,4.071600914001465,4.893159866333008,4.071600914001465,4.48126220703125,4.893159866333008,4.4639997482299805
31,3,2025-08-20,4.426000118255615,4.478219032287598,3.9368295669555664,5.09525728225708,3.9368295669555664,4.478219032287598,5.09525728225708,4.4639997482299805
31,4,2025-08-21,4.43149995803833,4.453261852264404,3.9056172370910645,5.128305912017822,3.9056172370910645,4.453261852264404,5.128305912017822,4.4639997482299805
31,5,2025-08-22,4.447500228881836,4.4725751876831055,3.8768067359924316,5.219974040985107,3.8768067359924316,4.4725751876831055,5.219974040985107,4.4639997482299805
31,6,2025-08-23,4.45383358001709,4.433917045593262,3.821756601333618,5.227368354797363,3.821756601333618,4.433917045593262,5.227368354797363,4.4639997482299805
31,7,2025-08-24,4.4601664543151855,4.4432373046875,3.8175597190856934,5.2678656578063965,3.8175597190856934,4.4432373046875,5.2678656578063965,4.4639997482299805
32,1,2025-08-19,4.408999919891357,4.456862449645996,4.13404655456543,4.8729023933410645,4.13404655456543,4.456862449645996,4.8729023933410645,4.456999778747559
32,2,2025-08-20,4.426000118255615,4.46650505065918,4.096899032592773,4.945923805236816,4.096899032592773,4.46650505065918,4.945923805236816,4.456999778747559
32,3,2025-08-21,4.43149995803833,4.455489158630371,4.012813568115234,4.965263366699219,4.012813568115234,4.455489158630371,4.965263366699219,4.456999778747559
32,4,2025-08-22,4.447500228881836,4.545666694641113,3.939892530441284,5.1894121170043945,3.939892530441284,4.545666694641113,5.1894121170043945,4.456999778747559
32,5,2025-08-23,4.45383358001709,4.490154266357422,3.9084603786468506,5.221530437469482,3.9084603786468506,4.490154266357422,5.221530437469482,4.456999778747559
32,6,2025-08-24,4.4601664543151855,4.4320244789123535,3.8856470584869385,5.288816928863525,3.8856470584869385,4.4320244789123535,5.288816928863525,4.456999778747559
32,7,2025-08-25,4.4664998054504395,4.44394588470459,3.775498151779175,5.441714763641357,3.775498151779175,4.44394588470459,5.441714763641357,4.456999778747559
33,1,2025-08-20,4.426000118255615,4.423999786376953,4.169286251068115,4.649185657501221,4.169286251068115,4.423999786376953,4.649185657501221,4.408999919891357
33,2,2025-08-21,4.43149995803833,4.4315185546875,3.989776134490967,4.819643020629883,3.989776134490967,4.4315185546875,4.819643020629883,4.408999919891357
33,3,2025-08-22,4.447500228881836,4.448380470275879,3.899531364440918,4.9365105628967285,3.899531364440918,4.448380470275879,4.9365105628967285,4.408999919891357
33,4,2025-08-23,4.45383358001709,4.451403617858887,3.831761598587036,5.039662837982178,3.831761598587036,4.451403617858887,5.039662837982178,4.408999919891357
33,5,2025-08-24,4.4601664543151855,4.4483819007873535,3.8315789699554443,5.122209548950195,3.8315789699554443,4.4483819007873535,5.122209548950195,4.408999919891357
33,6,2025-08-25,4.4664998054504395,4.419085502624512,3.7727184295654297,5.239715099334717,3.7727184295654297,4.419085502624512,5.239715099334717,4.408999919891357
33,7,2025-08-26,4.450500011444092,4.424960136413574,3.7721996307373047,5.28407621383667,3.7721996307373047,4.424960136413574,5.28407621383667,4.408999919891357
34,1,2025-08-21,4.43149995803833,4.424360752105713,4.101644515991211,4.7389607429504395,4.101644515991211,4.424360752105713,4.7389607429504395,4.426000118255615
34,2,2025-08-22,4.447500228881836,4.443115234375,4.015835762023926,4.854485034942627,4.015835762023926,4.443115234375,4.854485034942627,4.426000118255615
34,3,2025-08-23,4.45383358001709,4.455066680908203,3.9660027027130127,4.9654388427734375,3.9660027027130127,4.455066680908203,4.9654388427734375,4.426000118255615
34,4,2025-08-24,4.4601664543151855,4.492222309112549,3.8828139305114746,5.029068470001221,3.8828139305114746,4.492222309112549,5.029068470001221,4.426000118255615
34,5,2025-08-25,4.4664998054504395,4.497773170471191,3.8426661491394043,5.0619401931762695,3.8426661491394043,4.497773170471191,5.0619401931762695,4.426000118255615
34,6,2025-08-26,4.450500011444092,4.475887298583984,3.7734017372131348,5.066052436828613,3.7734017372131348,4.475887298583984,5.066052436828613,4.426000118255615
34,7,2025-08-27,4.4145002365112305,4.449036598205566,3.659844398498535,5.229023456573486,3.659844398498535,4.449036598205566,5.229023456573486,4.426000118255615
35,1,2025-08-22,4.447500228881836,4.434922218322754,4.088649272918701,4.736388683319092,4.088649272918701,4.434922218322754,4.736388683319092,4.43149995803833
35,2,2025-08-23,4.45383358001709,4.429311752319336,4.0329813957214355,4.839720726013184,4.0329813957214355,4.429311752319336,4.839720726013184,4.43149995803833
35,3,2025-08-24,4.4601664543151855,4.404899597167969,3.9434397220611572,4.921636581420898,3.9434397220611572,4.404899597167969,4.921636581420898,4.43149995803833
35,4,2025-08-25,4.4664998054504395,4.401500701904297,3.8568129539489746,5.085031986236572,3.8568129539489746,4.401500701904297,5.085031986236572,4.43149995803833
35,5,2025-08-26,4.450500011444092,4.349493026733398,3.8541953563690186,5.207243919372559,3.8541953563690186,4.349493026733398,5.207243919372559,4.43149995803833
35,6,2025-08-27,4.4145002365112305,4.362265586853027,3.80700421333313,5.149430274963379,3.80700421333313,4.362265586853027,5.149430274963379,4.43149995803833
35,7,2025-08-28,4.463500022888184,4.4019083976745605,3.726182222366333,5.165386199951172,3.726182222366333,4.4019083976745605,5.165386199951172,4.43149995803833
36,1,2025-08-23,4.45383358001709,4.441873550415039,4.240349769592285,4.768927097320557,4.240349769592285,4.441873550415039,4.768927097320557,4.447500228881836
36,2,2025-08-24,4.4601664543151855,4.447774887084961,4.02869176864624,4.881943702697754,4.02869176864624,4.447774887084961,4.881943702697754,4.447500228881836
36,3,2025-08-25,4.4664998054504395,4.417665481567383,3.9195241928100586,4.896474361419678,3.9195241928100586,4.417665481567383,4.896474361419678,4.447500228881836
36,4,2025-08-26,4.450500011444092,4.393454551696777,3.877586841583252,5.051826477050781,3.877586841583252,4.393454551696777,5.051826477050781,4.447500228881836
36,5,2025-08-27,4.4145002365112305,4.432558059692383,3.8154025077819824,5.082195281982422,3.8154025077819824,4.432558059692383,5.082195281982422,4.447500228881836
36,6,2025-08-28,4.463500022888184,4.448598861694336,3.7718758583068848,5.136810302734375,3.7718758583068848,4.448598861694336,5.136810302734375,4.447500228881836
36,7,2025-08-29,4.518499851226807,4.460015296936035,3.7753219604492188,5.23324728012085,3.7753219604492188,4.460015296936035,5.23324728012085,4.447500228881836
37,1,2025-08-24,4.4601664543151855,4.45039701461792,4.118222236633301,4.726487159729004,4.118222236633301,4.45039701461792,4.726487159729004,4.45383358001709
37,2,2025-08-25,4.4664998054504395,4.436951637268066,4.0808329582214355,4.922915458679199,4.0808329582214355,4.436951637268066,4.922915458679199,4.45383358001709
37,3,2025-08-26,4.450500011444092,4.430929183959961,4.01030969619751,5.012425422668457,4.01030969619751,4.430929183959961,5.012425422668457,4.45383358001709
37,4,2025-08-27,4.4145002365112305,4.446963787078857,3.935344696044922,5.073305606842041,3.935344696044922,4.446963787078857,5.073305606842041,4.45383358001709
37,5,2025-08-28,4.463500022888184,4.490147590637207,3.854363203048706,5.13355827331543,3.854363203048706,4.490147590637207,5.13355827331543,4.45383358001709
37,6,2025-08-29,4.518499851226807,4.451496601104736,3.800642728805542,5.261419296264648,3.800642728805542,4.451496601104736,5.261419296264648,4.45383358001709
37,7,2025-08-30,4.53125,4.487375259399414,3.783569812774658,5.385847568511963,3.783569812774658,4.487375259399414,5.385847568511963,4.45383358001709
38,1,2025-08-25,4.4664998054504395,4.460855484008789,4.217014789581299,4.800532341003418,4.217014789581299,4.460855484008789,4.800532341003418,4.4601664543151855
38,2,2025-08-26,4.450500011444092,4.489179611206055,4.0810866355896,4.9320173263549805,4.0810866355896,4.489179611206055,4.9320173263549805,4.4601664543151855
38,3,2025-08-27,4.4145002365112305,4.4832234382629395,3.998591184616089,5.020420551300049,3.998591184616089,4.4832234382629395,5.020420551300049,4.4601664543151855
38,4,2025-08-28,4.463500022888184,4.501810073852539,3.8185462951660156,5.139876842498779,3.8185462951660156,4.501810073852539,5.139876842498779,4.4601664543151855
38,5,2025-08-29,4.518499851226807,4.4546613693237305,3.825477361679077,5.1025919914245605,3.825477361679077,4.4546613693237305,5.1025919914245605,4.4601664543151855
38,6,2025-08-30,4.53125,4.454111099243164,3.8036322593688965,5.2182111740112305,3.8036322593688965,4.454111099243164,5.2182111740112305,4.4601664543151855
38,7,2025-08-31,4.543999671936035,4.486269950866699,3.810685157775879,5.262219429016113,3.810685157775879,4.486269950866699,5.262219429016113,4.4601664543151855
39,1,2025-08-26,4.450500011444092,4.47160530090332,4.183867454528809,4.862487316131592,4.183867454528809,4.47160530090332,4.862487316131592,4.4664998054504395
39,2,2025-08-27,4.4145002365112305,4.480589389801025,4.092615604400635,4.973082065582275,4.092615604400635,4.480589389801025,4.973082065582275,4.4664998054504395
39,3,2025-08-28,4.463500022888184,4.52745246887207,4.050151348114014,5.042194366455078,4.050151348114014,4.52745246887207,5.042194366455078,4.4664998054504395
39,4,2025-08-29,4.518499851226807,4.514612197875977,3.9667904376983643,5.129691123962402,3.9667904376983643,4.514612197875977,5.129691123962402,4.4664998054504395
39,5,2025-08-30,4.53125,4.484325408935547,3.942272663116455,5.2501220703125,3.942272663116455,4.484325408935547,5.2501220703125,4.4664998054504395
39,6,2025-08-31,4.543999671936035,4.527732849121094,3.8621232509613037,5.259308338165283,3.8621232509613037,4.527732849121094,5.259308338165283,4.4664998054504395
39,7,2025-09-01,4.5567498207092285,4.566762924194336,3.7422070503234863,5.283522129058838,3.7422070503234863,4.566762924194336,5.283522129058838,4.4664998054504395
40,1,2025-08-27,4.4145002365112305,4.451874256134033,4.147488117218018,4.827478408813477,4.147488117218018,4.451874256134033,4.827478408813477,4.450500011444092
40,2,2025-08-28,4.463500022888184,4.450087547302246,4.04667854309082,4.861018180847168,4.04667854309082,4.450087547302246,4.861018180847168,4.450500011444092
40,3,2025-08-29,4.518499851226807,4.426244735717773,3.902857780456543,4.955175876617432,3.902857780456543,4.426244735717773,4.955175876617432,4.450500011444092
40,4,2025-08-30,4.53125,4.400083065032959,3.8180501461029053,5.033851146697998,3.8180501461029053,4.400083065032959,5.033851146697998,4.450500011444092
40,5,2025-08-31,4.543999671936035,4.446928977966309,3.794984817504883,5.116557598114014,3.794984817504883,4.446928977966309,5.116557598114014,4.450500011444092
40,6,2025-09-01,4.5567498207092285,4.513742446899414,3.7593603134155273,5.3091278076171875,3.7593603134155273,4.513742446899414,5.3091278076171875,4.450500011444092
40,7,2025-09-02,4.569499969482422,4.449126243591309,3.6646807193756104,5.312110900878906,3.6646807193756104,4.449126243591309,5.312110900878906,4.450500011444092
41,1,2025-08-28,4.463500022888184,4.4095964431762695,4.028292655944824,4.788015842437744,4.028292655944824,4.4095964431762695,4.788015842437744,4.4145002365112305
41,2,2025-08-29,4.518499851226807,4.385563850402832,3.998554229736328,4.857313632965088,3.998554229736328,4.385563850402832,4.857313632965088,4.4145002365112305
41,3,2025-08-30,4.53125,4.3635478019714355,3.9519364833831787,4.860464096069336,3.9519364833831787,4.3635478019714355,4.860464096069336,4.4145002365112305
41,4,2025-08-31,4.543999671936035,4.351055145263672,3.9092230796813965,4.962240695953369,3.9092230796813965,4.351055145263672,4.962240695953369,4.4145002365112305
41,5,2025-09-01,4.5567498207092285,4.362739562988281,3.791489601135254,5.005945205688477,3.791489601135254,4.362739562988281,5.005945205688477,4.4145002365112305
41,6,2025-09-02,4.569499969482422,4.338962554931641,3.743516206741333,5.051718711853027,3.743516206741333,4.338962554931641,5.051718711853027,4.4145002365112305
41,7,2025-09-03,4.558499813079834,4.382857322692871,3.699759006500244,5.11386251449585,3.699759006500244,4.382857322692871,5.11386251449585,4.4145002365112305
42,1,2025-08-29,4.518499851226807,4.465705394744873,4.192068576812744,4.700004577636719,4.192068576812744,4.465705394744873,4.700004577636719,4.463500022888184
42,2,2025-08-30,4.53125,4.472881317138672,4.126984596252441,4.923131465911865,4.126984596252441,4.472881317138672,4.923131465911865,4.463500022888184
42,3,2025-08-31,4.543999671936035,4.451939105987549,3.929781436920166,4.872148513793945,3.929781436920166,4.451939105987549,4.872148513793945,4.463500022888184
42,4,2025-09-01,4.5567498207092285,4.4406819343566895,3.946830987930298,4.931717872619629,3.946830987930298,4.4406819343566895,4.931717872619629,4.463500022888184
42,5,2025-09-02,4.569499969482422,4.457440376281738,3.8242814540863037,5.075156211853027,3.8242814540863037,4.457440376281738,5.075156211853027,4.463500022888184
42,6,2025-09-03,4.558499813079834,4.400690078735352,3.738539218902588,5.220519065856934,3.738539218902588,4.400690078735352,5.220519065856934,4.463500022888184
42,7,2025-09-04,4.48799991607666,4.449877738952637,3.6432299613952637,5.287818431854248,3.6432299613952637,4.449877738952637,5.287818431854248,4.463500022888184
43,1,2025-08-30,4.53125,4.515710830688477,4.126708507537842,4.777792453765869,4.126708507537842,4.515710830688477,4.777792453765869,4.518499851226807
43,2,2025-08-31,4.543999671936035,4.493320465087891,4.052013397216797,4.935223579406738,4.052013397216797,4.493320465087891,4.935223579406738,4.518499851226807
43,3,2025-09-01,4.5567498207092285,4.459870338439941,3.9505934715270996,5.079177379608154,3.9505934715270996,4.459870338439941,5.079177379608154,4.518499851226807
43,4,2025-09-02,4.569499969482422,4.458220481872559,3.9370229244232178,5.099050521850586,3.9370229244232178,4.458220481872559,5.099050521850586,4.518499851226807
43,5,2025-09-03,4.558499813079834,4.471728324890137,3.7976226806640625,5.1511688232421875,3.7976226806640625,4.471728324890137,5.1511688232421875,4.518499851226807
43,6,2025-09-04,4.48799991607666,4.452579498291016,3.790781021118164,5.246777534484863,3.790781021118164,4.452579498291016,5.246777534484863,4.518499851226807
43,7,2025-09-05,4.482500076293945,4.447260856628418,3.7283554077148438,5.385027885437012,3.7283554077148438,4.447260856628418,5.385027885437012,4.518499851226807
44,1,2025-08-31,4.543999671936035,4.533628940582275,4.180222511291504,4.83869743347168,4.180222511291504,4.533628940582275,4.83869743347168,4.53125
44,2,2025-09-01,4.5567498207092285,4.5410566329956055,4.108713150024414,5.058215141296387,4.108713150024414,4.5410566329956055,5.058215141296387,4.53125
44,3,2025-09-02,4.569499969482422,4.521616458892822,4.0734968185424805,5.167004585266113,4.0734968185424805,4.521616458892822,5.167004585266113,4.53125
44,4,2025-09-03,4.558499813079834,4.542036056518555,4.015041828155518,5.18458366394043,4.015041828155518,4.542036056518555,5.18458366394043,4.53125
44,5,2025-09-04,4.48799991607666,4.542036056518555,3.9835219383239746,5.286746978759766,3.9835219383239746,4.542036056518555,5.286746978759766,4.53125
44,6,2025-09-05,4.482500076293945,4.548495769500732,3.8700969219207764,5.268471717834473,3.8700969219207764,4.548495769500732,5.268471717834473,4.53125
44,7,2025-09-06,4.485166549682617,4.511288642883301,3.7813668251037598,5.343262672424316,3.7813668251037598,4.511288642883301,5.343262672424316,4.53125
45,1,2025-09-01,4.5567498207092285,4.557065963745117,4.2037811279296875,4.972001075744629,4.2037811279296875,4.557065963745117,4.972001075744629,4.543999671936035
45,2,2025-09-02,4.569499969482422,4.576241970062256,4.132147789001465,5.10330057144165,4.132147789001465,4.576241970062256,5.10330057144165,4.543999671936035
45,3,2025-09-03,4.558499813079834,4.595640182495117,4.093114376068115,5.230192184448242,4.093114376068115,4.595640182495117,5.230192184448242,4.543999671936035
45,4,2025-09-04,4.48799991607666,4.626107215881348,4.066495418548584,5.32390022277832,4.066495418548584,4.626107215881348,5.32390022277832,4.543999671936035
45,5,2025-09-05,4.482500076293945,4.681426525115967,4.0291666984558105,5.493767261505127,4.0291666984558105,4.681426525115967,5.493767261505127,4.543999671936035
45,6,2025-09-06,4.485166549682617,4.728058815002441,4.0099053382873535,5.669349670410156,4.0099053382873535,4.728058815002441,5.669349670410156,4.543999671936035
45,7,2025-09-07,4.487833499908447,4.669732570648193,3.9139089584350586,5.648324966430664,3.9139089584350586,4.669732570648193,5.648324966430664,4.543999671936035
46,1,2025-09-02,4.569499969482422,4.558297634124756,4.288084983825684,4.933894157409668,4.288084983825684,4.558297634124756,4.933894157409668,4.5567498207092285
46,2,2025-09-03,4.558499813079834,4.571264266967773,4.18080472946167,5.053899765014648,4.18080472946167,4.571264266967773,5.053899765014648,4.5567498207092285
46,3,2025-09-04,4.48799991607666,4.613378524780273,4.11958122253418,5.161416530609131,4.11958122253418,4.613378524780273,5.161416530609131,4.5567498207092285
46,4,2025-09-05,4.482500076293945,4.60498046875,4.035262584686279,5.1912078857421875,4.035262584686279,4.60498046875,5.1912078857421875,4.5567498207092285
46,5,2025-09-06,4.485166549682617,4.594470024108887,3.9530091285705566,5.278505325317383,3.9530091285705566,4.594470024108887,5.278505325317383,4.5567498207092285
46,6,2025-09-07,4.487833499908447,4.594472885131836,3.853492259979248,5.320606231689453,3.853492259979248,4.594472885131836,5.320606231689453,4.5567498207092285
46,7,2025-09-08,4.490499973297119,4.633946418762207,3.8760459423065186,5.403362274169922,3.8760459423065186,4.633946418762207,5.403362274169922,4.5567498207092285
47,1,2025-09-03,4.558499813079834,4.568230628967285,4.3484954833984375,4.905679702758789,4.3484954833984375,4.568230628967285,4.905679702758789,4.569499969482422
47,2,2025-09-04,4.48799991607666,4.5631561279296875,4.153109073638916,4.974096775054932,4.153109073638916,4.5631561279296875,4.974096775054932,4.569499969482422
47,3,2025-09-05,4.482500076293945,4.5420732498168945,4.03193998336792,5.073772430419922,4.03193998336792,4.5420732498168945,5.073772430419922,4.569499969482422
47,4,2025-09-06,4.485166549682617,4.548105239868164,3.978416919708252,5.058847904205322,3.978416919708252,4.548105239868164,5.058847904205322,4.569499969482422
47,5,2025-09-07,4.487833499908447,4.5582275390625,3.942857265472412,5.180819988250732,3.942857265472412,4.5582275390625,5.180819988250732,4.569499969482422
47,6,2025-09-08,4.490499973297119,4.460356712341309,3.894747734069824,5.202366828918457,3.894747734069824,4.460356712341309,5.202366828918457,4.569499969482422
47,7,2025-09-09,4.500999927520752,4.493251800537109,3.8292391300201416,5.246168613433838,3.8292391300201416,4.493251800537109,5.246168613433838,4.569499969482422
48,1,2025-09-04,4.48799991607666,4.547815322875977,4.239904880523682,4.782374382019043,4.239904880523682,4.547815322875977,4.782374382019043,4.558499813079834
48,2,2025-09-05,4.482500076293945,4.523029804229736,4.165631294250488,4.8345770835876465,4.165631294250488,4.523029804229736,4.8345770835876465,4.558499813079834
48,3,2025-09-06,4.485166549682617,4.468478202819824,4.026479244232178,4.9600396156311035,4.026479244232178,4.468478202819824,4.9600396156311035,4.558499813079834
48,4,2025-09-07,4.487833499908447,4.428783416748047,3.9319326877593994,5.073166370391846,3.9319326877593994,4.428783416748047,5.073166370391846,4.558499813079834
48,5,2025-09-08,4.490499973297119,4.4420671463012695,3.8707163333892822,5.068939685821533,3.8707163333892822,4.4420671463012695,5.068939685821533,4.558499813079834
48,6,2025-09-09,4.500999927520752,4.439325332641602,3.83027720451355,5.160626411437988,3.83027720451355,4.439325332641602,5.160626411437988,4.558499813079834
48,7,2025-09-10,4.550000190734863,4.436858177185059,3.7821593284606934,5.108689785003662,3.7821593284606934,4.436858177185059,5.108689785003662,4.558499813079834
49,1,2025-09-05,4.482500076293945,4.484121322631836,4.111375331878662,4.776706695556641,4.111375331878662,4.484121322631836,4.776706695556641,4.48799991607666
49,2,2025-09-06,4.485166549682617,4.483848571777344,4.059607028961182,4.946731090545654,4.059607028961182,4.483848571777344,4.946731090545654,4.48799991607666
49,3,2025-09-07,4.487833499908447,4.463815689086914,4.008615016937256,4.991376876831055,4.008615016937256,4.463815689086914,4.991376876831055,4.48799991607666
49,4,2025-09-08,4.490499973297119,4.438117027282715,3.931710720062256,5.145827770233154,3.931710720062256,4.438117027282715,5.145827770233154,4.48799991607666
49,5,2025-09-09,4.500999927520752,4.4533538818359375,3.8774611949920654,5.126260280609131,3.8774611949920654,4.4533538818359375,5.126260280609131,4.48799991607666
49,6,2025-09-10,4.550000190734863,4.495211601257324,3.7731359004974365,5.151370048522949,3.7731359004974365,4.495211601257324,5.151370048522949,4.48799991607666
49,7,2025-09-11,4.5904998779296875,4.453493118286133,3.6792349815368652,5.2256035804748535,3.6792349815368652,4.453493118286133,5.2256035804748535,4.48799991607666
50,1,2025-09-06,4.485166549682617,4.490257263183594,4.1673383712768555,4.812069892883301,4.1673383712768555,4.490257263183594,4.812069892883301,4.482500076293945
50,2,2025-09-07,4.487833499908447,4.494974136352539,4.119187355041504,4.939449310302734,4.119187355041504,4.494974136352539,4.939449310302734,4.482500076293945
50,3,2025-09-08,4.490499973297119,4.502891540527344,4.037268161773682,5.09326696395874,4.037268161773682,4.502891540527344,5.09326696395874,4.482500076293945
50,4,2025-09-09,4.500999927520752,4.528127670288086,4.004520893096924,5.139678955078125,4.004520893096924,4.528127670288086,5.139678955078125,4.482500076293945
50,5,2025-09-10,4.550000190734863,4.552518844604492,3.8774948120117188,5.232387542724609,3.8774948120117188,4.552518844604492,5.232387542724609,4.482500076293945
50,6,2025-09-11,4.5904998779296875,4.642512321472168,3.8741202354431152,5.2797417640686035,3.8741202354431152,4.642512321472168,5.2797417640686035,4.482500076293945
50,7,2025-09-12,4.588500022888184,4.566457748413086,3.855290174484253,5.31382417678833,3.855290174484253,4.566457748413086,5.31382417678833,4.482500076293945
51,1,2025-09-07,4.487833499908447,4.4883527755737305,4.217413902282715,4.824039936065674,4.217413902282715,4.4883527755737305,4.824039936065674,4.485166549682617
51,2,2025-09-08,4.490499973297119,4.494731903076172,4.052988052368164,4.965709209442139,4.052988052368164,4.494731903076172,4.965709209442139,4.485166549682617
51,3,2025-09-09,4.500999927520752,4.4889068603515625,3.972956895828247,5.063204288482666,3.972956895828247,4.4889068603515625,5.063204288482666,4.485166549682617
51,4,2025-09-10,4.550000190734863,4.457281112670898,3.9281859397888184,5.238411903381348,3.9281859397888184,4.457281112670898,5.238411903381348,4.485166549682617
51,5,2025-09-11,4.5904998779296875,4.467889785766602,3.916293144226074,5.261199951171875,3.916293144226074,4.467889785766602,5.261199951171875,4.485166549682617
51,6,2025-09-12,4.588500022888184,4.487275123596191,3.8467366695404053,5.329805374145508,3.8467366695404053,4.487275123596191,5.329805374145508,4.485166549682617
51,7,2025-09-13,4.610833168029785,4.49570369720459,3.844841957092285,5.253387928009033,3.844841957092285,4.49570369720459,5.253387928009033,4.485166549682617
52,1,2025-09-08,4.490499973297119,4.489635467529297,4.120321273803711,4.842848777770996,4.120321273803711,4.489635467529297,4.842848777770996,4.487833499908447
52,2,2025-09-09,4.500999927520752,4.5213518142700195,4.016522407531738,4.964116096496582,4.016522407531738,4.5213518142700195,4.964116096496582,4.487833499908447
52,3,2025-09-10,4.550000190734863,4.467513084411621,3.9519381523132324,5.035958290100098,3.9519381523132324,4.467513084411621,5.035958290100098,4.487833499908447
52,4,2025-09-11,4.5904998779296875,4.457727432250977,3.86044979095459,5.166075706481934,3.86044979095459,4.457727432250977,5.166075706481934,4.487833499908447
52,5,2025-09-12,4.588500022888184,4.476626396179199,3.806779146194458,5.241268157958984,3.806779146194458,4.476626396179199,5.241268157958984,4.487833499908447
52,6,2025-09-13,4.610833168029785,4.491437911987305,3.717256546020508,5.367401123046875,3.717256546020508,4.491437911987305,5.367401123046875,4.487833499908447
52,7,2025-09-14,4.633166790008545,4.488537788391113,3.6444106101989746,5.298820972442627,3.6444106101989746,4.488537788391113,5.298820972442627,4.487833499908447
53,1,2025-09-09,4.500999927520752,4.492441654205322,4.216384410858154,4.804281711578369,4.216384410858154,4.492441654205322,4.804281711578369,4.490499973297119
53,2,2025-09-10,4.550000190734863,4.508838653564453,4.100657939910889,4.976670742034912,4.100657939910889,4.508838653564453,4.976670742034912,4.490499973297119
53,3,2025-09-11,4.5904998779296875,4.510509490966797,4.088115215301514,4.978023529052734,4.088115215301514,4.510509490966797,4.978023529052734,4.490499973297119
53,4,2025-09-12,4.588500022888184,4.540690898895264,3.9947569370269775,5.0769944190979,3.9947569370269775,4.540690898895264,5.0769944190979,4.490499973297119
53,5,2025-09-13,4.610833168029785,4.552483558654785,3.977726459503174,5.255954265594482,3.977726459503174,4.552483558654785,5.255954265594482,4.490499973297119
53,6,2025-09-14,4.633166790008545,4.562760353088379,3.9174649715423584,5.308895587921143,3.9174649715423584,4.562760353088379,5.308895587921143,4.490499973297119
53,7,2025-09-15,4.6554999351501465,4.556285381317139,3.988525629043579,5.31017541885376,3.988525629043579,4.556285381317139,5.31017541885376,4.490499973297119
54,1,2025-09-10,4.550000190734863,4.495306015014648,4.149133205413818,4.810046195983887,4.149133205413818,4.495306015014648,4.810046195983887,4.500999927520752
54,2,2025-09-11,4.5904998779296875,4.489480495452881,4.039013385772705,4.96011209487915,4.039013385772705,4.489480495452881,4.96011209487915,4.500999927520752
54,3,2025-09-12,4.588500022888184,4.452759742736816,3.9551949501037598,5.070548057556152,3.9551949501037598,4.452759742736816,5.070548057556152,4.500999927520752
54,4,2025-09-13,4.610833168029785,4.434102535247803,3.876920223236084,5.120007038116455,3.876920223236084,4.434102535247803,5.120007038116455,4.500999927520752
54,5,2025-09-14,4.633166790008545,4.4512481689453125,3.823788642883301,5.149910926818848,3.823788642883301,4.4512481689453125,5.149910926818848,4.500999927520752
54,6,2025-09-15,4.6554999351501465,4.421250820159912,3.8217082023620605,5.1910319328308105,3.8217082023620605,4.421250820159912,5.1910319328308105,4.500999927520752
54,7,2025-09-16,4.632999897003174,4.442600250244141,3.739321231842041,5.328587532043457,3.739321231842041,4.442600250244141,5.328587532043457,4.500999927520752
55,1,2025-09-11,4.5904998779296875,4.541158676147461,4.240816116333008,4.92335319519043,4.240816116333008,4.541158676147461,4.92335319519043,4.550000190734863
55,2,2025-09-12,4.588500022888184,4.546489715576172,4.1089091300964355,5.063300609588623,4.1089091300964355,4.546489715576172,5.063300609588623,4.550000190734863
55,3,2025-09-13,4.610833168029785,4.525901794433594,3.9923579692840576,5.076233863830566,3.9923579692840576,4.525901794433594,5.076233863830566,4.550000190734863
55,4,2025-09-14,4.633166790008545,4.513202667236328,3.9217917919158936,5.121860504150391,3.9217917919158936,4.513202667236328,5.121860504150391,4.550000190734863
55,5,2025-09-15,4.6554999351501465,4.507772445678711,3.814993143081665,5.237928867340088,3.814993143081665,4.507772445678711,5.237928867340088,4.550000190734863
55,6,2025-09-16,4.632999897003174,4.48930025100708,3.8329153060913086,5.3129191398620605,3.8329153060913086,4.48930025100708,5.3129191398620605,4.550000190734863
55,7,2025-09-17,4.571000099182129,4.471590995788574,3.7487881183624268,5.397006988525391,3.7487881183624268,4.471590995788574,5.397006988525391,4.550000190734863
56,1,2025-09-12,4.588500022888184,4.581579208374023,4.2988505363464355,4.872603893280029,4.2988505363464355,4.581579208374023,4.872603893280029,4.5904998779296875
56,2,2025-09-13,4.610833168029785,4.5858259201049805,4.165658950805664,5.085162162780762,4.165658950805664,4.5858259201049805,5.085162162780762,4.5904998779296875
56,3,2025-09-14,4.633166790008545,4.59617280960083,4.128143787384033,5.22084903717041,4.128143787384033,4.59617280960083,5.22084903717041,4.5904998779296875
56,4,2025-09-15,4.6554999351501465,4.57663106918335,4.026650428771973,5.212255954742432,4.026650428771973,4.57663106918335,5.212255954742432,4.5904998779296875
56,5,2025-09-16,4.632999897003174,4.502634525299072,3.9902381896972656,5.420923709869385,3.9902381896972656,4.502634525299072,5.420923709869385,4.5904998779296875
56,6,2025-09-17,4.571000099182129,4.527020454406738,3.944718837738037,5.402247905731201,3.944718837738037,4.527020454406738,5.402247905731201,4.5904998779296875
56,7,2025-09-18,4.540999889373779,4.5457892417907715,3.911729335784912,5.549565315246582,3.911729335784912,4.5457892417907715,5.549565315246582,4.5904998779296875
57,1,2025-09-13,4.610833168029785,4.582553863525391,4.290189743041992,4.870905876159668,4.290189743041992,4.582553863525391,4.870905876159668,4.588500022888184
57,2,2025-09-14,4.633166790008545,4.566311359405518,4.168030261993408,5.030227184295654,4.168030261993408,4.566311359405518,5.030227184295654,4.588500022888184
57,3,2025-09-15,4.6554999351501465,4.567440509796143,4.087486743927002,5.1053876876831055,4.087486743927002,4.567440509796143,5.1053876876831055,4.588500022888184
57,4,2025-09-16,4.632999897003174,4.590200424194336,3.9978253841400146,5.2437052726745605,3.9978253841400146,4.590200424194336,5.2437052726745605,4.588500022888184
57,5,2025-09-17,4.571000099182129,4.6226277351379395,3.907827377319336,5.288720607757568,3.907827377319336,4.6226277351379395,5.288720607757568,4.588500022888184
57,6,2025-09-18,4.540999889373779,4.638651371002197,3.8479278087615967,5.399057388305664,3.8479278087615967,4.638651371002197,5.399057388305664,4.588500022888184
57,7,2025-09-19,4.568999767303467,4.607097148895264,3.847701072692871,5.482579231262207,3.847701072692871,4.607097148895264,5.482579231262207,4.588500022888184
58,1,2025-09-14,4.633166790008545,4.615248203277588,4.25941801071167,4.862105369567871,4.25941801071167,4.615248203277588,4.862105369567871,4.610833168029785
58,2,2025-09-15,4.6554999351501465,4.634812355041504,4.215178966522217,5.07844877243042,4.215178966522217,4.634812355041504,5.07844877243042,4.610833168029785
58,3,2025-09-16,4.632999897003174,4.59321403503418,4.120591640472412,5.163575649261475,4.120591640472412,4.59321403503418,5.163575649261475,4.610833168029785
58,4,2025-09-17,4.571000099182129,4.596053123474121,4.059447765350342,5.21832799911499,4.059447765350342,4.596053123474121,5.21832799911499,4.610833168029785
58,5,2025-09-18,4.540999889373779,4.600457668304443,3.993091583251953,5.232846260070801,3.993091583251953,4.600457668304443,5.232846260070801,4.610833168029785
58,6,2025-09-19,4.568999767303467,4.559165000915527,3.9509518146514893,5.303274154663086,3.9509518146514893,4.559165000915527,5.303274154663086,4.610833168029785
58,7,2025-09-20,4.570333003997803,4.543283939361572,3.856656074523926,5.5365471839904785,3.856656074523926,4.543283939361572,5.5365471839904785,4.610833168029785
59,1,2025-09-15,4.6554999351501465,4.630163669586182,4.306726455688477,4.933618545532227,4.306726455688477,4.630163669586182,4.933618545532227,4.633166790008545
59,2,2025-09-16,4.632999897003174,4.624876976013184,4.176374912261963,5.077963352203369,4.176374912261963,4.624876976013184,5.077963352203369,4.633166790008545
59,3,2025-09-17,4.571000099182129,4.593428611755371,4.1240973472595215,5.222759246826172,4.1240973472595215,4.593428611755371,5.222759246826172,4.633166790008545
59,4,2025-09-18,4.540999889373779,4.593996047973633,4.11051607131958,5.20694637298584,4.11051607131958,4.593996047973633,5.20694637298584,4.633166790008545
59,5,2025-09-19,4.568999767303467,4.597400665283203,4.071083068847656,5.249959945678711,4.071083068847656,4.597400665283203,5.249959945678711,4.633166790008545
59,6,2025-09-20,4.570333003997803,4.607631683349609,3.9516968727111816,5.440113067626953,3.9516968727111816,4.607631683349609,5.440113067626953,4.633166790008545
59,7,2025-09-21,4.571666717529297,4.631021499633789,3.8729166984558105,5.522975444793701,3.8729166984558105,4.631021499633789,5.522975444793701,4.633166790008545
60,1,2025-09-16,4.632999897003174,4.661109447479248,4.388757228851318,5.082660675048828,4.388757228851318,4.661109447479248,5.082660675048828,4.6554999351501465
60,2,2025-09-17,4.571000099182129,4.67220401763916,4.256479263305664,5.122488498687744,4.256479263305664,4.67220401763916,5.122488498687744,4.6554999351501465
60,3,2025-09-18,4.540999889373779,4.692298889160156,4.2038960456848145,5.210157871246338,4.2038960456848145,4.692298889160156,5.210157871246338,4.6554999351501465
60,4,2025-09-19,4.568999767303467,4.715102195739746,4.064974308013916,5.377812385559082,4.064974308013916,4.715102195739746,5.377812385559082,4.6554999351501465
60,5,2025-09-20,4.570333003997803,4.671484470367432,3.990950584411621,5.3753886222839355,3.990950584411621,4.671484470367432,5.3753886222839355,4.6554999351501465
60,6,2025-09-21,4.571666717529297,4.681156158447266,3.9959847927093506,5.494222640991211,3.9959847927093506,4.681156158447266,5.494222640991211,4.6554999351501465
60,7,2025-09-22,4.572999954223633,4.633274078369141,3.9377875328063965,5.615718841552734,3.9377875328063965,4.633274078369141,5.615718841552734,4.6554999351501465
61,1,2025-09-17,4.571000099182129,4.638009071350098,4.375890254974365,5.029597759246826,4.375890254974365,4.638009071350098,5.029597759246826,4.632999897003174
61,2,2025-09-18,4.540999889373779,4.6417341232299805,4.250979423522949,5.122659683227539,4.250979423522949,4.6417341232299805,5.122659683227539,4.632999897003174
61,3,2025-09-19,4.568999767303467,4.593544960021973,4.156771183013916,5.1486968994140625,4.156771183013916,4.593544960021973,5.1486968994140625,4.632999897003174
61,4,2025-09-20,4.570333003997803,4.648618698120117,4.074029445648193,5.238850116729736,4.074029445648193,4.648618698120117,5.238850116729736,4.632999897003174
61,5,2025-09-21,4.571666717529297,4.705804824829102,4.087056636810303,5.31428337097168,4.087056636810303,4.705804824829102,5.31428337097168,4.632999897003174
61,6,2025-09-22,4.572999954223633,4.628281593322754,4.085921287536621,5.502895355224609,4.085921287536621,4.628281593322754,5.502895355224609,4.632999897003174
61,7,2025-09-23,4.584499835968018,4.676980018615723,4.008374214172363,5.521548271179199,4.008374214172363,4.676980018615723,5.521548271179199,4.632999897003174
62,1,2025-09-18,4.540999889373779,4.553813934326172,4.194994926452637,4.833174705505371,4.194994926452637,4.553813934326172,4.833174705505371,4.571000099182129
62,2,2025-09-19,4.568999767303467,4.554376602172852,4.1078104972839355,5.005622863769531,4.1078104972839355,4.554376602172852,5.005622863769531,4.571000099182129
62,3,2025-09-20,4.570333003997803,4.56507682800293,3.986534595489502,5.107980728149414,3.986534595489502,4.56507682800293,5.107980728149414,4.571000099182129
62,4,2025-09-21,4.571666717529297,4.538239002227783,3.9939517974853516,5.174666404724121,3.9939517974853516,4.538239002227783,5.174666404724121,4.571000099182129
62,5,2025-09-22,4.572999954223633,4.542019367218018,3.926894187927246,5.248247146606445,3.926894187927246,4.542019367218018,5.248247146606445,4.571000099182129
62,6,2025-09-23,4.584499835968018,4.553112030029297,3.8857672214508057,5.242839813232422,3.8857672214508057,4.553112030029297,5.242839813232422,4.571000099182129
62,7,2025-09-24,4.752500057220459,4.536282539367676,3.875534772872925,5.482281684875488,3.875534772872925,4.536282539367676,5.482281684875488,4.571000099182129
63,1,2025-09-19,4.568999767303467,4.53791618347168,4.225587368011475,4.832220077514648,4.225587368011475,4.53791618347168,4.832220077514648,4.540999889373779
63,2,2025-09-20,4.570333003997803,4.531336307525635,4.072442531585693,4.9946818351745605,4.072442531585693,4.531336307525635,4.9946818351745605,4.540999889373779
63,3,2025-09-21,4.571666717529297,4.524904727935791,4.021114349365234,5.109199047088623,4.021114349365234,4.524904727935791,5.109199047088623,4.540999889373779
63,4,2025-09-22,4.572999954223633,4.522251129150391,4.025015830993652,5.06225061416626,4.025015830993652,4.522251129150391,5.06225061416626,4.540999889373779
63,5,2025-09-23,4.584499835968018,4.517787456512451,3.9525763988494873,5.115987777709961,3.9525763988494873,4.517787456512451,5.115987777709961,4.540999889373779
63,6,2025-09-24,4.752500057220459,4.484985828399658,3.899989366531372,5.29763126373291,3.899989366531372,4.484985828399658,5.29763126373291,4.540999889373779
63,7,2025-09-25,4.699999809265137,4.466609001159668,3.886334180831909,5.350101470947266,3.886334180831909,4.466609001159668,5.350101470947266,4.540999889373779
64,1,2025-09-20,4.570333003997803,4.5668840408325195,4.199428558349609,4.907956600189209,4.199428558349609,4.5668840408325195,4.907956600189209,4.568999767303467
64,2,2025-09-21,4.571666717529297,4.566182613372803,4.140666484832764,5.08535623550415,4.140666484832764,4.566182613372803,5.08535623550415,4.568999767303467
64,3,2025-09-22,4.572999954223633,4.580586910247803,4.075447082519531,5.168522834777832,4.075447082519531,4.580586910247803,5.168522834777832,4.568999767303467
64,4,2025-09-23,4.584499835968018,4.6038360595703125,3.9393577575683594,5.238346099853516,3.9393577575683594,4.6038360595703125,5.238346099853516,4.568999767303467
64,5,2025-09-24,4.752500057220459,4.603693008422852,3.8813388347625732,5.312982082366943,3.8813388347625732,4.603693008422852,5.312982082366943,4.568999767303467
64,6,2025-09-25,4.699999809265137,4.5798797607421875,3.8002240657806396,5.448786735534668,3.8002240657806396,4.5798797607421875,5.448786735534668,4.568999767303467
64,7,2025-09-26,4.7154998779296875,4.6367926597595215,3.734992504119873,5.4110612869262695,3.734992504119873,4.6367926597595215,5.4110612869262695,4.568999767303467
65,1,2025-09-21,4.571666717529297,4.569768905639648,4.221743583679199,4.9241790771484375,4.221743583679199,4.569768905639648,4.9241790771484375,4.570333003997803
65,2,2025-09-22,4.572999954223633,4.586589813232422,4.149458885192871,5.080183029174805,4.149458885192871,4.586589813232422,5.080183029174805,4.570333003997803
65,3,2025-09-23,4.584499835968018,4.616425514221191,4.064070224761963,5.122267723083496,4.064070224761963,4.616425514221191,5.122267723083496,4.570333003997803
65,4,2025-09-24,4.752500057220459,4.606748104095459,4.024560928344727,5.20457649230957,4.024560928344727,4.606748104095459,5.20457649230957,4.570333003997803
65,5,2025-09-25,4.699999809265137,4.562860488891602,3.933335065841675,5.300893783569336,3.933335065841675,4.562860488891602,5.300893783569336,4.570333003997803
65,6,2025-09-26,4.7154998779296875,4.531554222106934,3.8870394229888916,5.396742343902588,3.8870394229888916,4.531554222106934,5.396742343902588,4.570333003997803
65,7,2025-09-27,4.757333278656006,4.609021186828613,3.783957004547119,5.5171380043029785,3.783957004547119,4.609021186828613,5.5171380043029785,4.570333003997803
66,1,2025-09-22,4.572999954223633,4.565742015838623,4.202502250671387,4.818636417388916,4.202502250671387,4.565742015838623,4.818636417388916,4.571666717529297
66,2,2025-09-23,4.584499835968018,4.549278736114502,4.16496467590332,4.961789608001709,4.16496467590332,4.549278736114502,4.961789608001709,4.571666717529297
66,3,2025-09-24,4.752500057220459,4.552650451660156,4.069253444671631,5.006723880767822,4.069253444671631,4.552650451660156,5.006723880767822,4.571666717529297
66,4,2025-09-25,4.699999809265137,4.566306114196777,4.019676208496094,5.096656322479248,4.019676208496094,4.566306114196777,5.096656322479248,4.571666717529297
66,5,2025-09-26,4.7154998779296875,4.578871726989746,3.9826626777648926,5.292593479156494,3.9826626777648926,4.578871726989746,5.292593479156494,4.571666717529297
66,6,2025-09-27,4.757333278656006,4.598850727081299,3.97293758392334,5.227189540863037,3.97293758392334,4.598850727081299,5.227189540863037,4.571666717529297
66,7,2025-09-28,4.799166679382324,4.609369277954102,3.887317180633545,5.27634334564209,3.887317180633545,4.609369277954102,5.27634334564209,4.571666717529297
67,1,2025-09-23,4.584499835968018,4.578792572021484,4.216675758361816,4.970390319824219,4.216675758361816,4.578792572021484,4.970390319824219,4.572999954223633
67,2,2025-09-24,4.752500057220459,4.578227996826172,4.135400772094727,5.08490514755249,4.135400772094727,4.578227996826172,5.08490514755249,4.572999954223633
67,3,2025-09-25,4.699999809265137,4.579358100891113,4.024830341339111,5.1396484375,4.024830341339111,4.579358100891113,5.1396484375,4.572999954223633
67,4,2025-09-26,4.7154998779296875,4.5706024169921875,3.9800121784210205,5.210204601287842,3.9800121784210205,4.5706024169921875,5.210204601287842,4.572999954223633
67,5,2025-09-27,4.757333278656006,4.560457229614258,3.870823383331299,5.267950057983398,3.870823383331299,4.560457229614258,5.267950057983398,4.572999954223633
67,6,2025-09-28,4.799166679382324,4.567356109619141,3.8403217792510986,5.288899898529053,3.8403217792510986,4.567356109619141,5.288899898529053,4.572999954223633
67,7,2025-09-29,4.841000080108643,4.530837535858154,3.8668289184570312,5.377298355102539,3.8668289184570312,4.530837535858154,5.377298355102539,4.572999954223633
68,1,2025-09-24,4.752500057220459,4.581245422363281,4.258010387420654,4.947595596313477,4.258010387420654,4.581245422363281,4.947595596313477,4.584499835968018
68,2,2025-09-25,4.699999809265137,4.591299057006836,4.166635990142822,5.083829402923584,4.166635990142822,4.591299057006836,5.083829402923584,4.584499835968018
68,3,2025-09-26,4.7154998779296875,4.589881896972656,4.110007286071777,5.13304328918457,4.110007286071777,4.589881896972656,5.13304328918457,4.584499835968018
68,4,2025-09-27,4.757333278656006,4.563035011291504,4.053525447845459,5.304306507110596,4.053525447845459,4.563035011291504,5.304306507110596,4.584499835968018
68,5,2025-09-28,4.799166679382324,4.569802284240723,3.9970736503601074,5.276709079742432,3.9970736503601074,4.569802284240723,5.276709079742432,4.584499835968018
68,6,2025-09-29,4.841000080108643,4.56500768661499,3.926666021347046,5.404757022857666,3.926666021347046,4.56500768661499,5.404757022857666,4.584499835968018
68,7,2025-09-30,4.804999828338623,4.59470272064209,3.8377058506011963,5.444688320159912,3.8377058506011963,4.59470272064209,5.444688320159912,4.584499835968018
69,1,2025-09-25,4.699999809265137,4.745168685913086,4.419310092926025,4.992218971252441,4.419310092926025,4.745168685913086,4.992218971252441,4.752500057220459
69,2,2025-09-26,4.7154998779296875,4.733609199523926,4.3775105476379395,5.251739978790283,4.3775105476379395,4.733609199523926,5.251739978790283,4.752500057220459
69,3,2025-09-27,4.757333278656006,4.754120826721191,4.21107816696167,5.269965171813965,4.21107816696167,4.754120826721191,5.269965171813965,4.752500057220459
69,4,2025-09-28,4.799166679382324,4.7748565673828125,4.115808486938477,5.353275775909424,4.115808486938477,4.7748565673828125,5.353275775909424,4.752500057220459
69,5,2025-09-29,4.841000080108643,4.668164253234863,4.075741291046143,5.392299652099609,4.075741291046143,4.668164253234863,5.392299652099609,4.752500057220459
69,6,2025-09-30,4.804999828338623,4.682443141937256,3.9668099880218506,5.503583908081055,3.9668099880218506,4.682443141937256,5.503583908081055,4.752500057220459
69,7,2025-10-01,4.83050012588501,4.695627212524414,3.904353618621826,5.65037727355957,3.904353618621826,4.695627212524414,5.65037727355957,4.752500057220459
70,1,2025-09-26,4.7154998779296875,4.689273834228516,4.3072333335876465,4.965750217437744,4.3072333335876465,4.689273834228516,4.965750217437744,4.699999809265137
70,2,2025-09-27,4.757333278656006,4.6865234375,4.305107116699219,5.134382247924805,4.305107116699219,4.6865234375,5.134382247924805,4.699999809265137
70,3,2025-09-28,4.799166679382324,4.654510021209717,4.2042999267578125,5.213422775268555,4.2042999267578125,4.654510021209717,5.213422775268555,4.699999809265137
70,4,2025-09-29,4.841000080108643,4.700290679931641,4.129859924316406,5.418892860412598,4.129859924316406,4.700290679931641,5.418892860412598,4.699999809265137
70,5,2025-09-30,4.804999828338623,4.714970588684082,4.080320835113525,5.488950252532959,4.080320835113525,4.714970588684082,5.488950252532959,4.699999809265137
70,6,2025-10-01,4.83050012588501,4.686234474182129,4.03807258605957,5.535515785217285,4.03807258605957,4.686234474182129,5.535515785217285,4.699999809265137
70,7,2025-10-02,4.8979997634887695,4.675539970397949,3.8422658443450928,5.588751792907715,3.8422658443450928,4.675539970397949,5.588751792907715,4.699999809265137
71,1,2025-09-27,4.757333278656006,4.7136077880859375,4.350327968597412,5.137367248535156,4.350327968597412,4.7136077880859375,5.137367248535156,4.7154998779296875
71,2,2025-09-28,4.799166679382324,4.69748067855835,4.288130283355713,5.285552978515625,4.288130283355713,4.69748067855835,5.285552978515625,4.7154998779296875
71,3,2025-09-29,4.841000080108643,4.694154739379883,4.1811370849609375,5.344961166381836,4.1811370849609375,4.694154739379883,5.344961166381836,4.7154998779296875
71,4,2025-09-30,4.804999828338623,4.685458660125732,4.06805419921875,5.435898303985596,4.06805419921875,4.685458660125732,5.435898303985596,4.7154998779296875
71,5,2025-10-01,4.83050012588501,4.690239906311035,4.004846572875977,5.616794586181641,4.004846572875977,4.690239906311035,5.616794586181641,4.7154998779296875
71,6,2025-10-02,4.8979997634887695,4.739291191101074,3.9476358890533447,5.732732772827148,3.9476358890533447,4.739291191101074,5.732732772827148,4.7154998779296875
71,7,2025-10-03,5.058000087738037,4.730082988739014,3.7882726192474365,5.724458694458008,3.7882726192474365,4.730082988739014,5.724458694458008,4.7154998779296875
72,1,2025-09-28,4.799166679382324,4.7548370361328125,4.44014835357666,5.021612167358398,4.44014835357666,4.7548370361328125,5.021612167358398,4.757333278656006
72,2,2025-09-29,4.841000080108643,4.747941970825195,4.361652851104736,5.141986846923828,4.361652851104736,4.747941970825195,5.141986846923828,4.757333278656006
72,3,2025-09-30,4.804999828338623,4.70649528503418,4.261713981628418,5.224654197692871,4.261713981628418,4.70649528503418,5.224654197692871,4.757333278656006
72,4,2025-10-01,4.83050012588501,4.704747676849365,4.242441654205322,5.372137546539307,4.242441654205322,4.704747676849365,5.372137546539307,4.757333278656006
72,5,2025-10-02,4.8979997634887695,4.726592063903809,4.135931015014648,5.416909217834473,4.135931015014648,4.726592063903809,5.416909217834473,4.757333278656006
72,6,2025-10-03,5.058000087738037,4.795382499694824,4.0726141929626465,5.461548328399658,4.0726141929626465,4.795382499694824,5.461548328399658,4.757333278656006
72,7,2025-10-04,5.034333229064941,4.737692832946777,4.003713607788086,5.649716377258301,4.003713607788086,4.737692832946777,5.649716377258301,4.757333278656006
73,1,2025-09-29,4.841000080108643,4.821295738220215,4.4341936111450195,5.189759254455566,4.4341936111450195,4.821295738220215,5.189759254455566,4.799166679382324
73,2,2025-09-30,4.804999828338623,4.840837001800537,4.336012840270996,5.302916526794434,4.336012840270996,4.840837001800537,5.302916526794434,4.799166679382324
73,3,2025-10-01,4.83050012588501,4.837256908416748,4.259604454040527,5.450960159301758,4.259604454040527,4.837256908416748,5.450960159301758,4.799166679382324
73,4,2025-10-02,4.8979997634887695,4.830385208129883,4.213352203369141,5.522175312042236,4.213352203369141,4.830385208129883,5.522175312042236,4.799166679382324
73,5,2025-10-03,5.058000087738037,4.752719879150391,4.107028007507324,5.586209774017334,4.107028007507324,4.752719879150391,5.586209774017334,4.799166679382324
73,6,2025-10-04,5.034333229064941,4.7081708908081055,4.021027565002441,5.677531719207764,4.021027565002441,4.7081708908081055,5.677531719207764,4.799166679382324
73,7,2025-10-05,5.010666847229004,4.771390438079834,3.9950482845306396,5.640143871307373,3.9950482845306396,4.771390438079834,5.640143871307373,4.799166679382324
74,1,2025-09-30,4.804999828338623,4.849078178405762,4.558813095092773,5.2682085037231445,4.558813095092773,4.849078178405762,5.2682085037231445,4.841000080108643
74,2,2025-10-01,4.83050012588501,4.871587753295898,4.471776485443115,5.3586955070495605,4.471776485443115,4.871587753295898,5.3586955070495605,4.841000080108643
74,3,2025-10-02,4.8979997634887695,4.890275001525879,4.353837490081787,5.403092861175537,4.353837490081787,4.890275001525879,5.403092861175537,4.841000080108643
74,4,2025-10-03,5.058000087738037,4.905402183532715,4.312044143676758,5.499222278594971,4.312044143676758,4.905402183532715,5.499222278594971,4.841000080108643
74,5,2025-10-04,5.034333229064941,4.924823760986328,4.153997421264648,5.598484039306641,4.153997421264648,4.924823760986328,5.598484039306641,4.841000080108643
74,6,2025-10-05,5.010666847229004,4.924825191497803,4.105747222900391,5.645281791687012,4.105747222900391,4.924825191497803,5.645281791687012,4.841000080108643
74,7,2025-10-06,4.986999988555908,4.931061267852783,4.068905353546143,5.724480152130127,4.068905353546143,4.931061267852783,5.724480152130127,4.841000080108643
75,1,2025-10-01,4.83050012588501,4.805296421051025,4.454189300537109,5.122852802276611,4.454189300537109,4.805296421051025,5.122852802276611,4.804999828338623
75,2,2025-10-02,4.8979997634887695,4.803071975708008,4.323729991912842,5.272718906402588,4.323729991912842,4.803071975708008,5.272718906402588,4.804999828338623
75,3,2025-10-03,5.058000087738037,4.7983293533325195,4.262016773223877,5.441869735717773,4.262016773223877,4.7983293533325195,5.441869735717773,4.804999828338623
75,4,2025-10-04,5.034333229064941,4.802928447723389,4.203106880187988,5.412378311157227,4.203106880187988,4.802928447723389,5.412378311157227,4.804999828338623
75,5,2025-10-05,5.010666847229004,4.793741226196289,4.1404619216918945,5.528135776519775,4.1404619216918945,4.793741226196289,5.528135776519775,4.804999828338623
75,6,2025-10-06,4.986999988555908,4.799217700958252,4.062743186950684,5.657020092010498,4.062743186950684,4.799217700958252,5.657020092010498,4.804999828338623
75,7,2025-10-07,5.047999858856201,4.797751426696777,4.0355224609375,5.720504283905029,4.0355224609375,4.797751426696777,5.720504283905029,4.804999828338623
76,1,2025-10-02,4.8979997634887695,4.840353965759277,4.559133052825928,5.179254531860352,4.559133052825928,4.840353965759277,5.179254531860352,4.83050012588501
76,2,2025-10-03,5.058000087738037,4.855921745300293,4.399928569793701,5.284186840057373,4.399928569793701,4.855921745300293,5.284186840057373,4.83050012588501
76,3,2025-10-04,5.034333229064941,4.86027193069458,4.290314197540283,5.388606071472168,4.290314197540283,4.86027193069458,5.388606071472168,4.83050012588501
76,4,2025-10-05,5.010666847229004,4.847084045410156,4.251401424407959,5.530739784240723,4.251401424407959,4.847084045410156,5.530739784240723,4.83050012588501
76,5,2025-10-06,4.986999988555908,4.839308738708496,4.20492696762085,5.623696804046631,4.20492696762085,4.839308738708496,5.623696804046631,4.83050012588501
76,6,2025-10-07,5.047999858856201,4.882681846618652,4.131295204162598,5.606594085693359,4.131295204162598,4.882681846618652,5.606594085693359,4.83050012588501
76,7,2025-10-08,5.046000003814697,4.895373344421387,4.10804557800293,5.853358745574951,4.10804557800293,4.895373344421387,5.853358745574951,4.83050012588501
77,1,2025-10-03,5.058000087738037,4.900722503662109,4.533173084259033,5.26155948638916,4.533173084259033,4.900722503662109,5.26155948638916,4.8979997634887695
77,2,2025-10-04,5.034333229064941,4.849096298217773,4.392824649810791,5.358582973480225,4.392824649810791,4.849096298217773,5.358582973480225,4.8979997634887695
77,3,2025-10-05,5.010666847229004,4.8328046798706055,4.2529826164245605,5.428557395935059,4.2529826164245605,4.8328046798706055,5.428557395935059,4.8979997634887695
77,4,2025-10-06,4.986999988555908,4.875068664550781,4.171572208404541,5.590460300445557,4.171572208404541,4.875068664550781,5.590460300445557,4.8979997634887695
77,5,2025-10-07,5.047999858856201,4.866795539855957,4.13278341293335,5.695444583892822,4.13278341293335,4.866795539855957,5.695444583892822,4.8979997634887695
77,6,2025-10-08,5.046000003814697,4.875518798828125,4.100444316864014,5.822682857513428,4.100444316864014,4.875518798828125,5.822682857513428,4.8979997634887695
77,7,2025-10-09,5.075500011444092,4.867696762084961,3.992922067642212,5.710697174072266,3.992922067642212,4.867696762084961,5.710697174072266,4.8979997634887695
78,1,2025-10-04,5.034333229064941,5.0647196769714355,4.701891899108887,5.39442253112793,4.701891899108887,5.0647196769714355,5.39442253112793,5.058000087738037
78,2,2025-10-05,5.010666847229004,5.068317413330078,4.636609077453613,5.57241153717041,4.636609077453613,5.068317413330078,5.57241153717041,5.058000087738037
78,3,2025-10-06,4.986999988555908,5.044120788574219,4.5402445793151855,5.658545970916748,4.5402445793151855,5.044120788574219,5.658545970916748,5.058000087738037
78,4,2025-10-07,5.047999858856201,5.045522689819336,4.473507404327393,5.841896057128906,4.473507404327393,5.045522689819336,5.841896057128906,5.058000087738037
78,5,2025-10-08,5.046000003814697,5.054722309112549,4.366661071777344,5.83637809753418,4.366661071777344,5.054722309112549,5.83637809753418,5.058000087738037
78,6,2025-10-09,5.075500011444092,5.075835227966309,4.310980796813965,5.822303295135498,4.310980796813965,5.075835227966309,5.822303295135498,5.058000087738037
78,7,2025-10-10,4.848499774932861,5.04567813873291,4.273370265960693,5.847498416900635,4.273370265960693,5.04567813873291,5.847498416900635,5.058000087738037
79,1,2025-10-05,5.010666847229004,5.035265922546387,4.660472393035889,5.422896385192871,4.660472393035889,5.035265922546387,5.422896385192871,5.034333229064941
79,2,2025-10-06,4.986999988555908,5.035421371459961,4.595818519592285,5.496151447296143,4.595818519592285,5.035421371459961,5.496151447296143,5.034333229064941
79,3,2025-10-07,5.047999858856201,5.048188209533691,4.572840213775635,5.684971809387207,4.572840213775635,5.048188209533691,5.684971809387207,5.034333229064941
79,4,2025-10-08,5.046000003814697,5.000099182128906,4.391778945922852,5.854047775268555,4.391778945922852,5.000099182128906,5.854047775268555,5.034333229064941
79,5,2025-10-09,5.075500011444092,5.012622356414795,4.265158176422119,6.031242370605469,4.265158176422119,5.012622356414795,6.031242370605469,5.034333229064941
79,6,2025-10-10,4.848499774932861,5.01819372177124,4.24665641784668,5.919807434082031,4.24665641784668,5.01819372177124,5.919807434082031,5.034333229064941
79,7,2025-10-11,4.932499885559082,5.007513999938965,4.240057945251465,5.991964817047119,4.240057945251465,5.007513999938965,5.991964817047119,5.034333229064941
80,1,2025-10-06,4.986999988555908,5.012214660644531,4.773046493530273,5.381261348724365,4.773046493530273,5.012214660644531,5.381261348724365,5.010666847229004
80,2,2025-10-07,5.047999858856201,5.026782512664795,4.611804008483887,5.499189853668213,4.611804008483887,5.026782512664795,5.499189853668213,5.010666847229004
80,3,2025-10-08,5.046000003814697,5.059014320373535,4.513197898864746,5.637218952178955,4.513197898864746,5.059014320373535,5.637218952178955,5.010666847229004
80,4,2025-10-09,5.075500011444092,5.06729793548584,4.433033466339111,5.829080581665039,4.433033466339111,5.06729793548584,5.829080581665039,5.010666847229004
80,5,2025-10-10,4.848499774932861,5.028800964355469,4.371440887451172,5.859795570373535,4.371440887451172,5.028800964355469,5.859795570373535,5.010666847229004
80,6,2025-10-11,4.932499885559082,5.092864513397217,4.225103855133057,5.937343597412109,4.225103855133057,5.092864513397217,5.937343597412109,5.010666847229004
80,7,2025-10-12,5.016499996185303,5.041862964630127,4.200647354125977,5.948712348937988,4.200647354125977,5.041862964630127,5.948712348937988,5.010666847229004
81,1,2025-10-07,5.047999858856201,4.98946475982666,4.705214500427246,5.464585304260254,4.705214500427246,4.98946475982666,5.464585304260254,4.986999988555908
81,2,2025-10-08,5.046000003814697,5.006438255310059,4.509255409240723,5.506968021392822,4.509255409240723,5.006438255310059,5.506968021392822,4.986999988555908
81,3,2025-10-09,5.075500011444092,4.982537269592285,4.472725868225098,5.622868061065674,4.472725868225098,4.982537269592285,5.622868061065674,4.986999988555908
81,4,2025-10-10,4.848499774932861,4.991158485412598,4.411777496337891,5.695590019226074,4.411777496337891,4.991158485412598,5.695590019226074,4.986999988555908
81,5,2025-10-11,4.932499885559082,4.95339298248291,4.310626983642578,5.785986423492432,4.310626983642578,4.95339298248291,5.785986423492432,4.986999988555908
81,6,2025-10-12,5.016499996185303,4.98022985458374,4.2058281898498535,5.8516340255737305,4.2058281898498535,4.98022985458374,5.8516340255737305,4.986999988555908
81,7,2025-10-13,5.100500106811523,4.967484474182129,4.238618850708008,5.89133358001709,4.238618850708008,4.967484474182129,5.89133358001709,4.986999988555908
82,1,2025-10-08,5.046000003814697,5.040679454803467,4.623467922210693,5.396237373352051,4.623467922210693,5.040679454803467,5.396237373352051,5.047999858856201
82,2,2025-10-09,5.075500011444092,5.041146755218506,4.515346527099609,5.5156683921813965,4.515346527099609,5.041146755218506,5.5156683921813965,5.047999858856201
82,3,2025-10-10,4.848499774932861,5.062516212463379,4.531524181365967,5.694915294647217,4.531524181365967,5.062516212463379,5.694915294647217,5.047999858856201
82,4,2025-10-11,4.932499885559082,5.044885635375977,4.4539337158203125,5.8126220703125,4.4539337158203125,5.044885635375977,5.8126220703125,5.047999858856201
82,5,2025-10-12,5.016499996185303,5.018163681030273,4.381092071533203,5.800610065460205,4.381092071533203,5.018163681030273,5.800610065460205,5.047999858856201
82,6,2025-10-13,5.100500106811523,5.060640335083008,4.368475914001465,5.9221110343933105,4.368475914001465,5.060640335083008,5.9221110343933105,5.047999858856201
82,7,2025-10-14,4.980500221252441,5.059393882751465,4.252010345458984,6.094587326049805,4.252010345458984,5.059393882751465,6.094587326049805,5.047999858856201
83,1,2025-10-09,5.075500011444092,5.049116611480713,4.679992198944092,5.448969841003418,4.679992198944092,5.049116611480713,5.448969841003418,5.046000003814697
83,2,2025-10-10,4.848499774932861,5.040083408355713,4.605312824249268,5.530430316925049,4.605312824249268,5.040083408355713,5.530430316925049,5.046000003814697
83,3,2025-10-11,4.932499885559082,5.0414838790893555,4.427539825439453,5.723276615142822,4.427539825439453,5.0414838790893555,5.723276615142822,5.046000003814697
83,4,2025-10-12,5.016499996185303,5.055048942565918,4.357048034667969,5.853931903839111,4.357048034667969,5.055048942565918,5.853931903839111,5.046000003814697
83,5,2025-10-13,5.100500106811523,4.983295917510986,4.324453830718994,5.828803539276123,4.324453830718994,4.983295917510986,5.828803539276123,5.046000003814697
83,6,2025-10-14,4.980500221252441,5.0548882484436035,4.273248195648193,5.8817243576049805,4.273248195648193,5.0548882484436035,5.8817243576049805,5.046000003814697
83,7,2025-10-15,4.9720001220703125,5.098936557769775,4.1193437576293945,5.940272331237793,4.1193437576293945,5.098936557769775,5.940272331237793,5.046000003814697
84,1,2025-10-10,4.848499774932861,5.073463439941406,4.626774787902832,5.448229789733887,4.626774787902832,5.073463439941406,5.448229789733887,5.075500011444092
84,2,2025-10-11,4.932499885559082,5.073933124542236,4.570069313049316,5.57980489730835,4.570069313049316,5.073933124542236,5.57980489730835,5.075500011444092
84,3,2025-10-12,5.016499996185303,5.079733848571777,4.5030059814453125,5.629282474517822,4.5030059814453125,5.079733848571777,5.629282474517822,5.075500011444092
84,4,2025-10-13,5.100500106811523,5.058760166168213,4.400040149688721,5.674245834350586,4.400040149688721,5.058760166168213,5.674245834350586,5.075500011444092
84,5,2025-10-14,4.980500221252441,5.0532965660095215,4.3202900886535645,5.787476062774658,4.3202900886535645,5.0532965660095215,5.787476062774658,5.075500011444092
84,6,2025-10-15,4.9720001220703125,5.08365535736084,4.283290863037109,5.926721096038818,4.283290863037109,5.08365535736084,5.926721096038818,5.075500011444092
84,7,2025-10-16,4.958000183105469,5.026531219482422,4.176405429840088,6.069455146789551,4.176405429840088,5.026531219482422,6.069455146789551,5.075500011444092
85,1,2025-10-11,4.932499885559082,4.8453569412231445,4.5211286544799805,5.186664581298828,4.5211286544799805,4.8453569412231445,5.186664581298828,4.848499774932861
85,2,2025-10-12,5.016499996185303,4.8453569412231445,4.382991790771484,5.370213508605957,4.382991790771484,4.8453569412231445,5.370213508605957,4.848499774932861
85,3,2025-10-13,5.100500106811523,4.837588310241699,4.295774936676025,5.587869644165039,4.295774936676025,4.837588310241699,5.587869644165039,4.848499774932861
85,4,2025-10-14,4.980500221252441,4.852998733520508,4.171239852905273,5.6624836921691895,4.171239852905273,4.852998733520508,5.6624836921691895,4.848499774932861
85,5,2025-10-15,4.9720001220703125,4.852394104003906,4.11530876159668,5.760532379150391,4.11530876159668,4.852394104003906,5.760532379150391,4.848499774932861
85,6,2025-10-16,4.958000183105469,4.813597202301025,4.030978202819824,5.788531303405762,4.030978202819824,4.813597202301025,5.788531303405762,4.848499774932861
85,7,2025-10-17,4.93149995803833,4.842218399047852,3.8956525325775146,5.79370641708374,3.8956525325775146,4.842218399047852,5.79370641708374,4.848499774932861
86,1,2025-10-12,5.016499996185303,4.928542137145996,4.637327194213867,5.367513656616211,4.637327194213867,4.928542137145996,5.367513656616211,4.932499885559082
86,2,2025-10-13,5.100500106811523,4.944698333740234,4.5483317375183105,5.43864631652832,4.5483317375183105,4.944698333740234,5.43864631652832,4.932499885559082
86,3,2025-10-14,4.980500221252441,4.954020023345947,4.395907402038574,5.54249382019043,4.395907402038574,4.954020023345947,5.54249382019043,4.932499885559082
86,4,2025-10-15,4.9720001220703125,4.952185153961182,4.309735298156738,5.529538154602051,4.309735298156738,4.952185153961182,5.529538154602051,4.932499885559082
86,5,2025-10-16,4.958000183105469,4.963209629058838,4.2908034324646,5.583822250366211,4.2908034324646,4.963209629058838,5.583822250366211,4.932499885559082
86,6,2025-10-17,4.93149995803833,4.9357099533081055,4.255192756652832,5.786539554595947,4.255192756652832,4.9357099533081055,5.786539554595947,4.932499885559082
86,7,2025-10-18,4.953666687011719,4.952032089233398,4.21277379989624,5.739741802215576,4.21277379989624,4.952032089233398,5.739741802215576,4.932499885559082
87,1,2025-10-13,5.100500106811523,5.025025844573975,4.660770416259766,5.457552433013916,4.660770416259766,5.025025844573975,5.457552433013916,5.016499996185303
87,2,2025-10-14,4.980500221252441,5.005361557006836,4.560388088226318,5.602879047393799,4.560388088226318,5.005361557006836,5.602879047393799,5.016499996185303
87,3,2025-10-15,4.9720001220703125,5.006752014160156,4.466519355773926,5.658679008483887,4.466519355773926,5.006752014160156,5.658679008483887,5.016499996185303
87,4,2025-10-16,4.958000183105469,4.986700534820557,4.389957427978516,5.744884490966797,4.389957427978516,4.986700534820557,5.744884490966797,5.016499996185303
87,5,2025-10-17,4.93149995803833,4.989626884460449,4.315770626068115,5.817696571350098,4.315770626068115,4.989626884460449,5.817696571350098,5.016499996185303
87,6,2025-10-18,4.953666687011719,5.026890277862549,4.240010738372803,5.903440952301025,4.240010738372803,5.026890277862549,5.903440952301025,5.016499996185303
87,7,2025-10-19,4.975833415985107,4.999337196350098,4.236325740814209,5.996058464050293,4.236325740814209,4.999337196350098,5.996058464050293,5.016499996185303
88,1,2025-10-14,4.980500221252441,5.109169006347656,4.7210845947265625,5.439848899841309,4.7210845947265625,5.109169006347656,5.439848899841309,5.100500106811523
88,2,2025-10-15,4.9720001220703125,5.105857849121094,4.617862701416016,5.65334939956665,4.617862701416016,5.105857849121094,5.65334939956665,5.100500106811523
88,3,2025-10-16,4.958000183105469,5.103181838989258,4.529743671417236,5.713548183441162,4.529743671417236,5.103181838989258,5.713548183441162,5.100500106811523
88,4,2025-10-17,4.93149995803833,5.096879959106445,4.4536919593811035,5.759973526000977,4.4536919593811035,5.096879959106445,5.759973526000977,5.100500106811523
88,5,2025-10-18,4.953666687011719,5.104128837585449,4.369741916656494,5.814446449279785,4.369741916656494,5.104128837585449,5.814446449279785,5.100500106811523
88,6,2025-10-19,4.975833415985107,5.070044040679932,4.247903823852539,5.994649410247803,4.247903823852539,5.070044040679932,5.994649410247803,5.100500106811523
88,7,2025-10-20,4.998000144958496,5.073955535888672,4.190030097961426,6.142287731170654,4.190030097961426,5.073955535888672,6.142287731170654,5.100500106811523
89,1,2025-10-15,4.9720001220703125,4.97804069519043,4.645474910736084,5.344207763671875,4.645474910736084,4.97804069519043,5.344207763671875,4.980500221252441
89,2,2025-10-16,4.958000183105469,4.976351737976074,4.496204376220703,5.434263229370117,4.496204376220703,4.976351737976074,5.434263229370117,4.980500221252441
89,3,2025-10-17,4.93149995803833,5.009494304656982,4.427845001220703,5.5238823890686035,4.427845001220703,5.009494304656982,5.5238823890686035,4.980500221252441
89,4,2025-10-18,4.953666687011719,5.00393009185791,4.395290374755859,5.685813903808594,4.395290374755859,5.00393009185791,5.685813903808594,4.980500221252441
89,5,2025-10-19,4.975833415985107,5.005785942077637,4.367881774902344,5.864954471588135,4.367881774902344,5.005785942077637,5.864954471588135,4.980500221252441
89,6,2025-10-20,4.998000144958496,4.982038497924805,4.388646125793457,5.9091796875,4.388646125793457,4.982038497924805,5.9091796875,4.980500221252441
89,7,2025-10-21,4.929999828338623,4.9817304611206055,4.319131851196289,6.1703619956970215,4.319131851196289,4.9817304611206055,6.1703619956970215,4.980500221252441
90,1,2025-10-16,4.958000183105469,4.9678568840026855,4.589210510253906,5.372045516967773,4.589210510253906,4.9678568840026855,5.372045516967773,4.9720001220703125
90,2,2025-10-17,4.93149995803833,4.967550277709961,4.5127644538879395,5.452927589416504,4.5127644538879395,4.967550277709961,5.452927589416504,4.9720001220703125
90,3,2025-10-18,4.953666687011719,4.949943542480469,4.450883388519287,5.534890651702881,4.450883388519287,4.949943542480469,5.534890651702881,4.9720001220703125
90,4,2025-10-19,4.975833415985107,4.94750452041626,4.315984725952148,5.6421427726745605,4.315984725952148,4.94750452041626,5.6421427726745605,4.9720001220703125
90,5,2025-10-20,4.998000144958496,4.942925453186035,4.223656177520752,5.792930603027344,4.223656177520752,4.942925453186035,5.792930603027344,4.9720001220703125
90,6,2025-10-21,4.929999828338623,4.950096130371094,4.217918395996094,5.832016944885254,4.217918395996094,4.950096130371094,5.832016944885254,4.9720001220703125
90,7,2025-10-22,4.960999965667725,4.916131496429443,4.156126976013184,5.82053804397583,4.156126976013184,4.916131496429443,5.82053804397583,4.9720001220703125
91,1,2025-10-17,4.93149995803833,4.951880931854248,4.535879611968994,5.3023529052734375,4.535879611968994,4.951880931854248,5.3023529052734375,4.958000183105469
91,2,2025-10-18,4.953666687011719,4.942868232727051,4.406861305236816,5.395862579345703,4.406861305236816,4.942868232727051,5.395862579345703,4.958000183105469
91,3,2025-10-19,4.975833415985107,4.934482097625732,4.328032970428467,5.4275431632995605,4.328032970428467,4.934482097625732,5.4275431632995605,4.958000183105469
91,4,2025-10-20,4.998000144958496,4.88823127746582,4.322556018829346,5.493870258331299,4.322556018829346,4.88823127746582,5.493870258331299,4.958000183105469
91,5,2025-10-21,4.929999828338623,4.910475730895996,4.225677013397217,5.587512969970703,4.225677013397217,4.910475730895996,5.587512969970703,4.958000183105469
91,6,2025-10-22,4.960999965667725,4.940885543823242,4.195977210998535,5.677248001098633,4.195977210998535,4.940885543823242,5.677248001098633,4.958000183105469
91,7,2025-10-23,5.081999778747559,4.949743270874023,4.104894161224365,5.755832672119141,4.104894161224365,4.949743270874023,5.755832672119141,4.958000183105469
92,1,2025-10-18,4.953666687011719,4.921916961669922,4.547241687774658,5.388208389282227,4.547241687774658,4.921916961669922,5.388208389282227,4.93149995803833
92,2,2025-10-19,4.975833415985107,4.923133850097656,4.430713176727295,5.505522727966309,4.430713176727295,4.923133850097656,5.505522727966309,4.93149995803833
92,3,2025-10-20,4.998000144958496,4.910229682922363,4.341313362121582,5.506307601928711,4.341313362121582,4.910229682922363,5.506307601928711,4.93149995803833
92,4,2025-10-21,4.929999828338623,4.952710151672363,4.199401378631592,5.603965759277344,4.199401378631592,4.952710151672363,5.603965759277344,4.93149995803833
92,5,2025-10-22,4.960999965667725,4.890719413757324,4.2001543045043945,5.6548590660095215,4.2001543045043945,4.890719413757324,5.6548590660095215,4.93149995803833
92,6,2025-10-23,5.081999778747559,4.8516082763671875,4.126296520233154,5.727785110473633,4.126296520233154,4.8516082763671875,5.727785110473633,4.93149995803833
92,7,2025-10-24,5.093500137329102,4.828005790710449,4.050500392913818,5.7719502449035645,4.050500392913818,4.828005790710449,5.7719502449035645,4.93149995803833
93,1,2025-10-19,4.975833415985107,4.952901840209961,4.566157817840576,5.368492126464844,4.566157817840576,4.952901840209961,5.368492126464844,4.953666687011719
93,2,2025-10-20,4.998000144958496,4.942361831665039,4.506300926208496,5.463304042816162,4.506300926208496,4.942361831665039,5.463304042816162,4.953666687011719
93,3,2025-10-21,4.929999828338623,4.9769697189331055,4.452261447906494,5.554089546203613,4.452261447906494,4.9769697189331055,5.554089546203613,4.953666687011719
93,4,2025-10-22,4.960999965667725,4.988508224487305,4.393949508666992,5.652003288269043,4.393949508666992,4.988508224487305,5.652003288269043,4.953666687011719
93,5,2025-10-23,5.081999778747559,4.962392807006836,4.2864508628845215,5.750473499298096,4.2864508628845215,4.962392807006836,5.750473499298096,4.953666687011719
93,6,2025-10-24,5.093500137329102,4.934128761291504,4.258376598358154,5.683257102966309,4.258376598358154,4.934128761291504,5.683257102966309,4.953666687011719
93,7,2025-10-25,5.109166622161865,4.969141483306885,4.180495738983154,5.795746326446533,4.180495738983154,4.969141483306885,5.795746326446533,4.953666687011719
94,1,2025-10-20,4.998000144958496,4.976140975952148,4.596060276031494,5.435372829437256,4.596060276031494,4.976140975952148,5.435372829437256,4.975833415985107
94,2,2025-10-21,4.929999828338623,4.997079849243164,4.471897125244141,5.508457660675049,4.471897125244141,4.997079849243164,5.508457660675049,4.975833415985107
94,3,2025-10-22,4.960999965667725,4.995229244232178,4.391177177429199,5.640499114990234,4.391177177429199,4.995229244232178,5.640499114990234,4.975833415985107
94,4,2025-10-23,5.081999778747559,5.017488479614258,4.337650775909424,5.710508346557617,4.337650775909424,5.017488479614258,5.710508346557617,4.975833415985107
94,5,2025-10-24,5.093500137329102,4.89658260345459,4.266928672790527,5.8162922859191895,4.266928672790527,4.89658260345459,5.8162922859191895,4.975833415985107
94,6,2025-10-25,5.109166622161865,4.964786529541016,4.1882219314575195,5.935847282409668,4.1882219314575195,4.964786529541016,5.935847282409668,4.975833415985107
94,7,2025-10-26,5.124833583831787,4.9949235916137695,4.153349876403809,5.965135097503662,4.153349876403809,4.9949235916137695,5.965135097503662,4.975833415985107
95,1,2025-10-21,4.929999828338623,5.004794120788574,4.679477691650391,5.334052562713623,4.679477691650391,5.004794120788574,5.334052562713623,4.998000144958496
95,2,2025-10-22,4.960999965667725,5.013765335083008,4.559194564819336,5.589764595031738,4.559194564819336,5.013765335083008,5.589764595031738,4.998000144958496
95,3,2025-10-23,5.081999778747559,4.945659637451172,4.472500801086426,5.624291896820068,4.472500801086426,4.945659637451172,5.624291896820068,4.998000144958496
95,4,2025-10-24,5.093500137329102,4.9526848793029785,4.3593549728393555,5.700897216796875,4.3593549728393555,4.9526848793029785,5.700897216796875,4.998000144958496
95,5,2025-10-25,5.109166622161865,4.9551310539245605,4.268399715423584,5.775972366333008,4.268399715423584,4.9551310539245605,5.775972366333008,4.998000144958496
95,6,2025-10-26,5.124833583831787,4.967233657836914,4.272012233734131,5.971060276031494,4.272012233734131,4.967233657836914,5.971060276031494,4.998000144958496
95,7,2025-10-27,5.140500068664551,5.009587287902832,4.138777256011963,6.072501182556152,4.138777256011963,5.009587287902832,6.072501182556152,4.998000144958496
96,1,2025-10-22,4.960999965667725,4.934567928314209,4.5548505783081055,5.291162014007568,4.5548505783081055,4.934567928314209,5.291162014007568,4.929999828338623
96,2,2025-10-23,5.081999778747559,4.972958564758301,4.440675735473633,5.462810516357422,4.440675735473633,4.972958564758301,5.462810516357422,4.929999828338623
96,3,2025-10-24,5.093500137329102,4.949830055236816,4.424473762512207,5.585214614868164,4.424473762512207,4.949830055236816,5.585214614868164,4.929999828338623
96,4,2025-10-25,5.109166622161865,4.965287208557129,4.378565311431885,5.635594367980957,4.378565311431885,4.965287208557129,5.635594367980957,4.929999828338623
96,5,2025-10-26,5.124833583831787,4.990968227386475,4.317137241363525,5.648460388183594,4.317137241363525,4.990968227386475,5.648460388183594,4.929999828338623
96,6,2025-10-27,5.140500068664551,5.00299072265625,4.222902774810791,5.84471321105957,4.222902774810791,5.00299072265625,5.84471321105957,4.929999828338623
96,7,2025-10-28,5.140500068664551,4.918292999267578,4.238028049468994,5.868113040924072,4.238028049468994,4.918292999267578,5.868113040924072,4.929999828338623
97,1,2025-10-23,5.081999778747559,4.976801872253418,4.614075183868408,5.341129302978516,4.614075183868408,4.976801872253418,5.341129302978516,4.960999965667725
97,2,2025-10-24,5.093500137329102,4.964832305908203,4.4815874099731445,5.475883483886719,4.4815874099731445,4.964832305908203,5.475883483886719,4.960999965667725
97,3,2025-10-25,5.109166622161865,4.990344524383545,4.403814315795898,5.494276523590088,4.403814315795898,4.990344524383545,5.494276523590088,4.960999965667725
97,4,2025-10-26,5.124833583831787,4.950615882873535,4.353924751281738,5.643898963928223,4.353924751281738,4.950615882873535,5.643898963928223,4.960999965667725
97,5,2025-10-27,5.140500068664551,4.915715217590332,4.230972766876221,5.732872009277344,4.230972766876221,4.915715217590332,5.732872009277344,4.960999965667725
97,6,2025-10-28,5.140500068664551,4.928942680358887,4.177105903625488,5.8427324295043945,4.177105903625488,4.928942680358887,5.8427324295043945,4.960999965667725
97,7,2025-10-29,5.233500003814697,4.907829284667969,4.1739068031311035,5.9001264572143555,4.1739068031311035,4.907829284667969,5.9001264572143555,4.960999965667725
98,1,2025-10-24,5.093500137329102,5.095040321350098,4.676706314086914,5.41399621963501,4.676706314086914,5.095040321350098,5.41399621963501,5.081999778747559
98,2,2025-10-25,5.109166622161865,5.06977653503418,4.579035758972168,5.535835266113281,4.579035758972168,5.06977653503418,5.535835266113281,5.081999778747559
98,3,2025-10-26,5.124833583831787,5.055863380432129,4.516213417053223,5.7419891357421875,4.516213417053223,5.055863380432129,5.7419891357421875,5.081999778747559
98,4,2025-10-27,5.140500068664551,5.030017852783203,4.405019760131836,5.832147121429443,4.405019760131836,5.030017852783203,5.832147121429443,5.081999778747559
98,5,2025-10-28,5.140500068664551,5.070401668548584,4.399178504943848,5.86027193069458,4.399178504943848,5.070401668548584,5.86027193069458,5.081999778747559
98,6,2025-10-29,5.233500003814697,5.090171813964844,4.310599327087402,5.893584728240967,4.310599327087402,5.090171813964844,5.893584728240967,5.081999778747559
98,7,2025-10-30,5.078000068664551,5.092366695404053,4.26824426651001,5.971725940704346,4.26824426651001,5.092366695404053,5.971725940704346,5.081999778747559
99,1,2025-10-25,5.109166622161865,5.096016883850098,4.7551589012146,5.470361709594727,4.7551589012146,5.096016883850098,5.470361709594727,5.093500137329102
99,2,2025-10-26,5.124833583831787,5.101527214050293,4.675350189208984,5.572235107421875,4.675350189208984,5.101527214050293,5.572235107421875,5.093500137329102
99,3,2025-10-27,5.140500068664551,5.111934661865234,4.51287317276001,5.63223123550415,4.51287317276001,5.111934661865234,5.63223123550415,5.093500137329102
99,4,2025-10-28,5.140500068664551,5.125999927520752,4.466241836547852,5.735894203186035,4.466241836547852,5.125999927520752,5.735894203186035,5.093500137329102
99,5,2025-10-29,5.233500003814697,5.13344669342041,4.390222549438477,5.790093898773193,4.390222549438477,5.13344669342041,5.790093898773193,5.093500137329102
99,6,2025-10-30,5.078000068664551,5.098377704620361,4.319657802581787,5.965142726898193,4.319657802581787,5.098377704620361,5.965142726898193,5.093500137329102
99,7,2025-10-31,5.065499782562256,5.065114974975586,4.292854309082031,6.120277404785156,4.292854309082031,5.065114974975586,6.120277404785156,5.093500137329102
100,1,2025-10-26,5.124833583831787,5.097349166870117,4.672186851501465,5.4378981590271,4.672186851501465,5.097349166870117,5.4378981590271,5.109166622161865
100,2,2025-10-27,5.140500068664551,5.051444053649902,4.594705104827881,5.482235431671143,4.594705104827881,5.051444053649902,5.482235431671143,5.109166622161865
100,3,2025-10-28,5.140500068664551,5.042874336242676,4.505860805511475,5.631911277770996,4.505860805511475,5.042874336242676,5.631911277770996,5.109166622161865
100,4,2025-10-29,5.233500003814697,5.030588626861572,4.385797023773193,5.700527667999268,4.385797023773193,5.030588626861572,5.700527667999268,5.109166622161865
100,5,2025-10-30,5.078000068664551,5.016782760620117,4.3585124015808105,5.863183498382568,4.3585124015808105,5.016782760620117,5.863183498382568,5.109166622161865
100,6,2025-10-31,5.065499782562256,4.983898162841797,4.194314956665039,5.908585548400879,4.194314956665039,4.983898162841797,5.908585548400879,5.109166622161865
100,7,2025-11-01,5.059333324432373,4.983438014984131,4.208372116088867,5.912961959838867,4.208372116088867,4.983438014984131,5.912961959838867,5.109166622161865
101,1,2025-10-27,5.140500068664551,5.133701801300049,4.806708812713623,5.584391117095947,4.806708812713623,5.133701801300049,5.584391117095947,5.124833583831787
101,2,2025-10-28,5.140500068664551,5.151803970336914,4.670333385467529,5.678314685821533,4.670333385467529,5.151803970336914,5.678314685821533,5.124833583831787
101,3,2025-10-29,5.233500003814697,5.146081924438477,4.602400779724121,5.722243309020996,4.602400779724121,5.146081924438477,5.722243309020996,5.124833583831787
101,4,2025-10-30,5.078000068664551,5.094070911407471,4.476210594177246,5.751897811889648,4.476210594177246,5.094070911407471,5.751897811889648,5.124833583831787
101,5,2025-10-31,5.065499782562256,5.1085615158081055,4.458752155303955,5.890174388885498,4.458752155303955,5.1085615158081055,5.890174388885498,5.124833583831787
101,6,2025-11-01,5.059333324432373,5.127208232879639,4.368725776672363,5.935118675231934,4.368725776672363,5.127208232879639,5.935118675231934,5.124833583831787
101,7,2025-11-02,5.053166389465332,5.110791206359863,4.37409782409668,6.025332450866699,4.37409782409668,5.110791206359863,6.025332450866699,5.124833583831787
102,1,2025-10-28,5.140500068664551,5.1363749504089355,4.765371799468994,5.452528953552246,4.765371799468994,5.1363749504089355,5.452528953552246,5.140500068664551
102,2,2025-10-29,5.233500003814697,5.179372787475586,4.755524158477783,5.651428699493408,4.755524158477783,5.179372787475586,5.651428699493408,5.140500068664551
102,3,2025-10-30,5.078000068664551,5.2082390785217285,4.661987781524658,5.75094747543335,4.661987781524658,5.2082390785217285,5.75094747543335,5.140500068664551
102,4,2025-10-31,5.065499782562256,5.184653282165527,4.598175525665283,5.826153755187988,4.598175525665283,5.184653282165527,5.826153755187988,5.140500068664551
102,5,2025-11-01,5.059333324432373,5.10270881652832,4.527619361877441,5.896404266357422,4.527619361877441,5.10270881652832,5.896404266357422,5.140500068664551
102,6,2025-11-02,5.053166389465332,5.046926498413086,4.457791805267334,5.95145845413208,4.457791805267334,5.046926498413086,5.95145845413208,5.140500068664551
102,7,2025-11-03,5.046999931335449,5.071301460266113,4.401471138000488,5.971823692321777,4.401471138000488,5.071301460266113,5.971823692321777,5.140500068664551
103,1,2025-10-29,5.233500003814697,5.140341758728027,4.780083656311035,5.592061996459961,4.780083656311035,5.140341758728027,5.592061996459961,5.140500068664551
103,2,2025-10-30,5.078000068664551,5.152740478515625,4.675227165222168,5.736231803894043,4.675227165222168,5.152740478515625,5.736231803894043,5.140500068664551
103,3,2025-10-31,5.065499782562256,5.150508880615234,4.6109418869018555,5.778395652770996,4.6109418869018555,5.150508880615234,5.778395652770996,5.140500068664551
103,4,2025-11-01,5.059333324432373,5.188176155090332,4.549563407897949,5.933918476104736,4.549563407897949,5.188176155090332,5.933918476104736,5.140500068664551
103,5,2025-11-02,5.053166389465332,5.172501087188721,4.432458877563477,6.070795059204102,4.432458877563477,5.172501087188721,6.070795059204102,5.140500068664551
103,6,2025-11-03,5.046999931335449,5.134631156921387,4.366252422332764,6.104514122009277,4.366252422332764,5.134631156921387,6.104514122009277,5.140500068664551
103,7,2025-11-04,4.926000118255615,5.1431989669799805,4.294116020202637,6.212362766265869,4.294116020202637,5.1431989669799805,6.212362766265869,5.140500068664551
104,1,2025-10-30,5.078000068664551,5.229784965515137,4.8924407958984375,5.55789852142334,4.8924407958984375,5.229784965515137,5.55789852142334,5.233500003814697
104,2,2025-10-31,5.065499782562256,5.257632255554199,4.829108715057373,5.723123073577881,4.829108715057373,5.257632255554199,5.723123073577881,5.233500003814697
104,3,2025-11-01,5.059333324432373,5.166232109069824,4.746800899505615,5.824989318847656,4.746800899505615,5.166232109069824,5.824989318847656,5.233500003814697
104,4,2025-11-02,5.053166389465332,5.211088180541992,4.605264186859131,5.962075233459473,4.605264186859131,5.211088180541992,5.962075233459473,5.233500003814697
104,5,2025-11-03,5.046999931335449,5.233342170715332,4.633562088012695,6.117932319641113,4.633562088012695,5.233342170715332,6.117932319641113,5.233500003814697
104,6,2025-11-04,4.926000118255615,5.196466445922852,4.582738399505615,6.0475053787231445,4.582738399505615,5.196466445922852,6.0475053787231445,5.233500003814697
104,7,2025-11-05,4.9629998207092285,5.278454780578613,4.5208024978637695,6.2110066413879395,4.5208024978637695,5.278454780578613,6.2110066413879395,5.233500003814697
105,1,2025-10-31,5.065499782562256,5.081921100616455,4.773855209350586,5.51132869720459,4.773855209350586,5.081921100616455,5.51132869720459,5.078000068664551
105,2,2025-11-01,5.059333324432373,5.104250907897949,4.622485160827637,5.5940680503845215,4.622485160827637,5.104250907897949,5.5940680503845215,5.078000068664551
105,3,2025-11-02,5.053166389465332,5.082862854003906,4.4998579025268555,5.683587551116943,4.4998579025268555,5.082862854003906,5.683587551116943,5.078000068664551
105,4,2025-11-03,5.046999931335449,5.029162883758545,4.436896324157715,5.745234489440918,4.436896324157715,5.029162883758545,5.745234489440918,5.078000068664551
105,5,2025-11-04,4.926000118255615,5.042222499847412,4.453472137451172,5.772865295410156,4.453472137451172,5.042222499847412,5.772865295410156,5.078000068664551
105,6,2025-11-05,4.9629998207092285,5.067665100097656,4.353006839752197,5.88898229598999,4.353006839752197,5.067665100097656,5.88898229598999,5.078000068664551
105,7,2025-11-06,4.945499897003174,5.1093034744262695,4.297692775726318,5.908324718475342,4.297692775726318,5.1093034744262695,5.908324718475342,5.078000068664551
106,1,2025-11-01,5.059333324432373,5.081164360046387,4.699064254760742,5.533729553222656,4.699064254760742,5.081164360046387,5.533729553222656,5.065499782562256
106,2,2025-11-02,5.053166389465332,5.1077470779418945,4.6460652351379395,5.630902290344238,4.6460652351379395,5.1077470779418945,5.630902290344238,5.065499782562256
106,3,2025-11-03,5.046999931335449,5.140814304351807,4.613070487976074,5.754535675048828,4.613070487976074,5.140814304351807,5.754535675048828,5.065499782562256
106,4,2025-11-04,4.926000118255615,5.185769557952881,4.5025224685668945,5.928347587585449,4.5025224685668945,5.185769557952881,5.928347587585449,5.065499782562256
106,5,2025-11-05,4.9629998207092285,5.138911247253418,4.403724193572998,6.046026706695557,4.403724193572998,5.138911247253418,6.046026706695557,5.065499782562256
106,6,2025-11-06,4.945499897003174,5.175217628479004,4.352198600769043,6.038375377655029,4.352198600769043,5.175217628479004,6.038375377655029,5.065499782562256
106,7,2025-11-07,4.938000202178955,5.163720607757568,4.349027633666992,6.37476110458374,4.349027633666992,5.163720607757568,6.37476110458374,5.065499782562256
107,1,2025-11-02,5.053166389465332,5.066680908203125,4.732867240905762,5.27083158493042,4.732867240905762,5.066680908203125,5.27083158493042,5.059333324432373
107,2,2025-11-03,5.046999931335449,5.059802055358887,4.593222141265869,5.471775531768799,4.593222141265869,5.059802055358887,5.471775531768799,5.059333324432373
107,3,2025-11-04,4.926000118255615,5.031293869018555,4.471924781799316,5.520280838012695,4.471924781799316,5.031293869018555,5.520280838012695,5.059333324432373
107,4,2025-11-05,4.9629998207092285,5.019191265106201,4.326207637786865,5.653336524963379,4.326207637786865,5.019191265106201,5.653336524963379,5.059333324432373
107,5,2025-11-06,4.945499897003174,5.013307571411133,4.283057689666748,5.761846542358398,4.283057689666748,5.013307571411133,5.761846542358398,5.059333324432373
107,6,2025-11-07,4.938000202178955,5.038600921630859,4.215336322784424,5.767294883728027,4.215336322784424,5.038600921630859,5.767294883728027,5.059333324432373
107,7,2025-11-08,4.987666606903076,5.006193161010742,4.102927207946777,5.931705951690674,4.102927207946777,5.006193161010742,5.931705951690674,5.059333324432373
108,1,2025-11-03,5.046999931335449,5.075369834899902,4.806929111480713,5.533019542694092,4.806929111480713,5.075369834899902,5.533019542694092,5.053166389465332
108,2,2025-11-04,4.926000118255615,5.058474540710449,4.655602931976318,5.6027116775512695,4.655602931976318,5.058474540710449,5.6027116775512695,5.053166389465332
108,3,2025-11-05,4.9629998207092285,5.091064453125,4.631556987762451,5.675698757171631,4.631556987762451,5.091064453125,5.675698757171631,5.053166389465332
108,4,2025-11-06,4.945499897003174,5.055977821350098,4.46904182434082,5.761721134185791,4.46904182434082,5.055977821350098,5.761721134185791,5.053166389465332
108,5,2025-11-07,4.938000202178955,5.102711200714111,4.431529521942139,5.8279571533203125,4.431529521942139,5.102711200714111,5.8279571533203125,5.053166389465332
108,6,2025-11-08,4.987666606903076,5.179216384887695,4.440019607543945,6.08904504776001,4.440019607543945,5.179216384887695,6.08904504776001,5.053166389465332
108,7,2025-11-09,5.0373334884643555,5.117396831512451,4.4262495040893555,6.174200057983398,4.4262495040893555,5.117396831512451,6.174200057983398,5.053166389465332
109,1,2025-11-04,4.926000118255615,5.048558712005615,4.728156089782715,5.403069972991943,4.728156089782715,5.048558712005615,5.403069972991943,5.046999931335449
109,2,2025-11-05,4.9629998207092285,5.059013366699219,4.624524116516113,5.564418315887451,4.624524116516113,5.059013366699219,5.564418315887451,5.046999931335449
109,3,2025-11-06,4.945499897003174,5.0571393966674805,4.509072780609131,5.689957141876221,4.509072780609131,5.0571393966674805,5.689957141876221,5.046999931335449
109,4,2025-11-07,4.938000202178955,5.034860134124756,4.411865711212158,5.731107711791992,4.411865711212158,5.034860134124756,5.731107711791992,5.046999931335449
109,5,2025-11-08,4.987666606903076,4.981820106506348,4.351539611816406,5.811040878295898,4.351539611816406,4.981820106506348,5.811040878295898,5.046999931335449
109,6,2025-11-09,5.0373334884643555,4.960792541503906,4.246681213378906,5.969028949737549,4.246681213378906,4.960792541503906,5.969028949737549,5.046999931335449
109,7,2025-11-10,5.086999893188477,4.965235710144043,4.20544958114624,6.006299018859863,4.20544958114624,4.965235710144043,6.006299018859863,5.046999931335449
110,1,2025-11-05,4.9629998207092285,4.923415184020996,4.5791473388671875,5.278844356536865,4.5791473388671875,4.923415184020996,5.278844356536865,4.926000118255615
110,2,2025-11-06,4.945499897003174,4.915668964385986,4.42246675491333,5.39604377746582,4.42246675491333,4.915668964385986,5.39604377746582,4.926000118255615
110,3,2025-11-07,4.938000202178955,4.890691757202148,4.408535003662109,5.471742153167725,4.408535003662109,4.890691757202148,5.471742153167725,4.926000118255615
110,4,2025-11-08,4.987666606903076,4.856232166290283,4.342715263366699,5.535749912261963,4.342715263366699,4.856232166290283,5.535749912261963,4.926000118255615
110,5,2025-11-09,5.0373334884643555,4.896594047546387,4.254037857055664,5.646327495574951,4.254037857055664,4.896594047546387,5.646327495574951,4.926000118255615
110,6,2025-11-10,5.086999893188477,4.877872467041016,4.203716278076172,5.865673065185547,4.203716278076172,4.877872467041016,5.865673065185547,4.926000118255615
110,7,2025-11-11,5.048500061035156,4.874408721923828,4.129030227661133,5.927165985107422,4.129030227661133,4.874408721923828,5.927165985107422,4.926000118255615
111,1,2025-11-06,4.945499897003174,4.958251953125,4.693164348602295,5.298728942871094,4.693164348602295,4.958251953125,5.298728942871094,4.9629998207092285
111,2,2025-11-07,4.938000202178955,4.975734710693359,4.587746620178223,5.481678009033203,4.587746620178223,4.975734710693359,5.481678009033203,4.9629998207092285
111,3,2025-11-08,4.987666606903076,4.987424373626709,4.447273254394531,5.561702251434326,4.447273254394531,4.987424373626709,5.561702251434326,4.9629998207092285
111,4,2025-11-09,5.0373334884643555,5.002234935760498,4.425248622894287,5.688939571380615,4.425248622894287,5.002234935760498,5.688939571380615,4.9629998207092285
111,5,2025-11-10,5.086999893188477,5.0189409255981445,4.341464042663574,5.710357666015625,4.341464042663574,5.0189409255981445,5.710357666015625,4.9629998207092285
111,6,2025-11-11,5.048500061035156,4.996209144592285,4.267849445343018,5.886141777038574,4.267849445343018,4.996209144592285,5.886141777038574,4.9629998207092285
111,7,2025-11-12,5.0894999504089355,4.991737365722656,4.291686534881592,5.964406967163086,4.291686534881592,4.991737365722656,5.964406967163086,4.9629998207092285
112,1,2025-11-07,4.938000202178955,4.949624061584473,4.650984764099121,5.288399696350098,4.650984764099121,4.949624061584473,5.288399696350098,4.945499897003174
112,2,2025-11-08,4.987666606903076,4.971372604370117,4.519529342651367,5.374453544616699,4.519529342651367,4.971372604370117,5.374453544616699,4.945499897003174
112,3,2025-11-09,5.0373334884643555,4.967844009399414,4.441879749298096,5.489908695220947,4.441879749298096,4.967844009399414,5.489908695220947,4.945499897003174
112,4,2025-11-10,5.086999893188477,5.006031036376953,4.378256320953369,5.615087985992432,4.378256320953369,5.006031036376953,5.615087985992432,4.945499897003174
112,5,2025-11-11,5.048500061035156,4.992755889892578,4.283474922180176,5.745388984680176,4.283474922180176,4.992755889892578,5.745388984680176,4.945499897003174
112,6,2025-11-12,5.0894999504089355,4.989368438720703,4.311930179595947,5.842130184173584,4.311930179595947,4.989368438720703,5.842130184173584,4.945499897003174
112,7,2025-11-13,5.087500095367432,5.003561973571777,4.2574005126953125,5.963395118713379,4.2574005126953125,5.003561973571777,5.963395118713379,4.945499897003174
113,1,2025-11-08,4.987666606903076,4.945934295654297,4.584693431854248,5.344742774963379,4.584693431854248,4.945934295654297,5.344742774963379,4.938000202178955
113,2,2025-11-09,5.0373334884643555,4.982413291931152,4.464972019195557,5.51288366317749,4.464972019195557,4.982413291931152,5.51288366317749,4.938000202178955
113,3,2025-11-10,5.086999893188477,4.970735549926758,4.383350849151611,5.737491130828857,4.383350849151611,4.970735549926758,5.737491130828857,4.938000202178955
113,4,2025-11-11,5.048500061035156,5.013275146484375,4.407805442810059,5.762951850891113,4.407805442810059,5.013275146484375,5.762951850891113,4.938000202178955
113,5,2025-11-12,5.0894999504089355,5.0002899169921875,4.355202674865723,5.885878562927246,4.355202674865723,5.0002899169921875,5.885878562927246,4.938000202178955
113,6,2025-11-13,5.087500095367432,5.040748119354248,4.336658954620361,5.9325127601623535,4.336658954620361,5.040748119354248,5.9325127601623535,4.938000202178955
113,7,2025-11-14,5.049499988555908,5.102768898010254,4.335267066955566,6.081400394439697,4.335267066955566,5.102768898010254,6.081400394439697,4.938000202178955
114,1,2025-11-09,5.0373334884643555,4.990592956542969,4.624576091766357,5.328912734985352,4.624576091766357,4.990592956542969,5.328912734985352,4.987666606903076
114,2,2025-11-10,5.086999893188477,5.004326820373535,4.469376087188721,5.509841442108154,4.469376087188721,5.004326820373535,5.509841442108154,4.987666606903076
114,3,2025-11-11,5.048500061035156,5.0574493408203125,4.461764812469482,5.690234661102295,4.461764812469482,5.0574493408203125,5.690234661102295,4.987666606903076
114,4,2025-11-12,5.0894999504089355,5.0601043701171875,4.418916702270508,5.7681355476379395,4.418916702270508,5.0601043701171875,5.7681355476379395,4.987666606903076
114,5,2025-11-13,5.087500095367432,5.096323013305664,4.316797733306885,5.931731224060059,4.316797733306885,5.096323013305664,5.931731224060059,4.987666606903076
114,6,2025-11-14,5.049499988555908,5.103426456451416,4.285061359405518,5.9938507080078125,4.285061359405518,5.103426456451416,5.9938507080078125,4.987666606903076
114,7,2025-11-15,5.0329999923706055,5.017941474914551,4.197633266448975,6.077191352844238,4.197633266448975,5.017941474914551,6.077191352844238,4.987666606903076
115,1,2025-11-10,5.086999893188477,5.014678001403809,4.624650955200195,5.363563060760498,4.624650955200195,5.014678001403809,5.363563060760498,5.0373334884643555
115,2,2025-11-11,5.048500061035156,5.019015312194824,4.506947040557861,5.548477649688721,4.506947040557861,5.019015312194824,5.548477649688721,5.0373334884643555
115,3,2025-11-12,5.0894999504089355,5.035156726837158,4.432127952575684,5.619170188903809,4.432127952575684,5.035156726837158,5.619170188903809,5.0373334884643555
115,4,2025-11-13,5.087500095367432,5.037023067474365,4.359677314758301,5.643889427185059,4.359677314758301,5.037023067474365,5.643889427185059,5.0373334884643555
115,5,2025-11-14,5.049499988555908,5.043403148651123,4.305393695831299,5.810564041137695,4.305393695831299,5.043403148651123,5.810564041137695,5.0373334884643555
115,6,2025-11-15,5.0329999923706055,4.966778755187988,4.287442207336426,5.897276401519775,4.287442207336426,4.966778755187988,5.897276401519775,5.0373334884643555
115,7,2025-11-16,5.016499996185303,4.988887310028076,4.232793807983398,6.045541763305664,4.232793807983398,4.988887310028076,6.045541763305664,5.0373334884643555
116,1,2025-11-11,5.048500061035156,5.085272789001465,4.752035617828369,5.472254276275635,4.752035617828369,5.085272789001465,5.472254276275635,5.086999893188477
116,2,2025-11-12,5.0894999504089355,5.078211784362793,4.611074447631836,5.684001922607422,4.611074447631836,5.078211784362793,5.684001922607422,5.086999893188477
116,3,2025-11-13,5.087500095367432,5.090770721435547,4.506690979003906,5.757619857788086,4.506690979003906,5.090770721435547,5.757619857788086,5.086999893188477
116,4,2025-11-14,5.049499988555908,5.100052833557129,4.492105484008789,5.784855842590332,4.492105484008789,5.100052833557129,5.784855842590332,5.086999893188477
116,5,2025-11-15,5.0329999923706055,5.125943183898926,4.349829196929932,5.920258045196533,4.349829196929932,5.125943183898926,5.920258045196533,5.086999893188477
116,6,2025-11-16,5.016499996185303,5.147199630737305,4.344356060028076,6.013661861419678,4.344356060028076,5.147199630737305,6.013661861419678,5.086999893188477
116,7,2025-11-17,5.0,5.114087104797363,4.259458065032959,6.1644721031188965,4.259458065032959,5.114087104797363,6.1644721031188965,5.086999893188477
117,1,2025-11-12,5.0894999504089355,5.053646564483643,4.6873459815979,5.419119358062744,4.6873459815979,5.053646564483643,5.419119358062744,5.048500061035156
117,2,2025-11-13,5.087500095367432,5.039623260498047,4.607224464416504,5.554497718811035,4.607224464416504,5.039623260498047,5.554497718811035,5.048500061035156
117,3,2025-11-14,5.049499988555908,5.037911415100098,4.5488762855529785,5.731922149658203,4.5488762855529785,5.037911415100098,5.731922149658203,5.048500061035156
117,4,2025-11-15,5.0329999923706055,5.099886894226074,4.511556625366211,5.828948974609375,4.511556625366211,5.099886894226074,5.828948974609375,5.048500061035156
117,5,2025-11-16,5.016499996185303,5.119141578674316,4.439426898956299,5.806848049163818,4.439426898956299,5.119141578674316,5.806848049163818,5.048500061035156
117,6,2025-11-17,5.0,5.086520195007324,4.428476333618164,5.989123344421387,4.428476333618164,5.086520195007324,5.989123344421387,5.048500061035156
117,7,2025-11-18,4.962500095367432,5.107293128967285,4.301714897155762,6.053555488586426,4.301714897155762,5.107293128967285,6.053555488586426,5.048500061035156
118,1,2025-11-13,5.087500095367432,5.09657621383667,4.709680557250977,5.421853065490723,4.709680557250977,5.09657621383667,5.421853065490723,5.0894999504089355
118,2,2025-11-14,5.049499988555908,5.094531059265137,4.6519880294799805,5.647284507751465,4.6519880294799805,5.094531059265137,5.647284507751465,5.0894999504089355
118,3,2025-11-15,5.0329999923706055,5.108707427978516,4.519756317138672,5.663663387298584,4.519756317138672,5.108707427978516,5.663663387298584,5.0894999504089355
118,4,2025-11-16,5.016499996185303,5.123872756958008,4.455158233642578,5.872072696685791,4.455158233642578,5.123872756958008,5.872072696685791,5.0894999504089355
118,5,2025-11-17,5.0,5.103504657745361,4.246395111083984,5.988487243652344,4.246395111083984,5.103504657745361,5.988487243652344,5.0894999504089355
118,6,2025-11-18,4.962500095367432,5.097524642944336,4.226587772369385,5.946744918823242,4.226587772369385,5.097524642944336,5.946744918823242,5.0894999504089355
118,7,2025-11-19,5.007999897003174,5.122133255004883,4.199505805969238,6.099970817565918,4.199505805969238,5.122133255004883,6.099970817565918,5.0894999504089355
119,1,2025-11-14,5.049499988555908,5.081064224243164,4.673304557800293,5.4790472984313965,4.673304557800293,5.081064224243164,5.4790472984313965,5.087500095367432
119,2,2025-11-15,5.0329999923706055,5.066807746887207,4.575389862060547,5.689864158630371,4.575389862060547,5.066807746887207,5.689864158630371,5.087500095367432
119,3,2025-11-16,5.016499996185303,5.084987640380859,4.499019622802734,5.792566299438477,4.499019622802734,5.084987640380859,5.792566299438477,5.087500095367432
119,4,2025-11-17,5.0,5.0999250411987305,4.448220252990723,5.863462448120117,4.448220252990723,5.0999250411987305,5.863462448120117,5.087500095367432
119,5,2025-11-18,4.962500095367432,5.089385986328125,4.475683689117432,5.9373250007629395,4.475683689117432,5.089385986328125,5.9373250007629395,5.087500095367432
119,6,2025-11-19,5.007999897003174,5.134050369262695,4.396413326263428,6.039189338684082,4.396413326263428,5.134050369262695,6.039189338684082,5.087500095367432
119,7,2025-11-20,4.959499835968018,5.1212310791015625,4.394157409667969,6.150437831878662,4.394157409667969,5.1212310791015625,6.150437831878662,5.087500095367432
120,1,2025-11-15,5.0329999923706055,5.064645767211914,4.7510786056518555,5.369881629943848,4.7510786056518555,5.064645767211914,5.369881629943848,5.049499988555908
120,2,2025-11-16,5.016499996185303,5.0300493240356445,4.615140914916992,5.60345458984375,4.615140914916992,5.0300493240356445,5.60345458984375,5.049499988555908
120,3,2025-11-17,5.0,5.061363220214844,4.50201416015625,5.685151100158691,4.50201416015625,5.061363220214844,5.685151100158691,5.049499988555908
120,4,2025-11-18,4.962500095367432,5.038287162780762,4.48140811920166,5.828764915466309,4.48140811920166,5.038287162780762,5.828764915466309,5.049499988555908
120,5,2025-11-19,5.007999897003174,5.013149261474609,4.440779209136963,5.819998741149902,4.440779209136963,5.013149261474609,5.819998741149902,5.049499988555908
120,6,2025-11-20,4.959499835968018,5.028496742248535,4.373419761657715,5.963878631591797,4.373419761657715,5.028496742248535,5.963878631591797,5.049499988555908
120,7,2025-11-21,5.008500099182129,5.04670524597168,4.3047194480896,5.987055778503418,4.3047194480896,5.04670524597168,5.987055778503418,5.049499988555908
121,1,2025-11-16,5.016499996185303,5.022909164428711,4.75692892074585,5.393345832824707,4.75692892074585,5.022909164428711,5.393345832824707,5.0329999923706055
121,2,2025-11-17,5.0,5.083130836486816,4.59412956237793,5.5455193519592285,4.59412956237793,5.083130836486816,5.5455193519592285,5.0329999923706055
121,3,2025-11-18,4.962500095367432,5.084231376647949,4.506490230560303,5.615128517150879,4.506490230560303,5.084231376647949,5.615128517150879,5.0329999923706055
121,4,2025-11-19,5.007999897003174,5.097905158996582,4.461305618286133,5.76377010345459,4.461305618286133,5.097905158996582,5.76377010345459,5.0329999923706055
121,5,2025-11-20,4.959499835968018,5.085642337799072,4.438385963439941,5.890457630157471,4.438385963439941,5.085642337799072,5.890457630157471,5.0329999923706055
121,6,2025-11-21,5.008500099182129,5.102156639099121,4.41719913482666,5.988308906555176,4.41719913482666,5.102156639099121,5.988308906555176,5.0329999923706055
121,7,2025-11-22,4.993000030517578,5.13502836227417,4.361982822418213,6.078507423400879,4.361982822418213,5.13502836227417,6.078507423400879,5.0329999923706055
122,1,2025-11-17,5.0,5.0223894119262695,4.639606952667236,5.397149562835693,4.639606952667236,5.0223894119262695,5.397149562835693,5.016499996185303
122,2,2025-11-18,4.962500095367432,5.025491237640381,4.585659503936768,5.580290794372559,4.585659503936768,5.025491237640381,5.580290794372559,5.016499996185303
122,3,2025-11-19,5.007999897003174,5.059431552886963,4.455307960510254,5.672638416290283,4.455307960510254,5.059431552886963,5.672638416290283,5.016499996185303
122,4,2025-11-20,4.959499835968018,5.051006317138672,4.4338178634643555,5.710702896118164,4.4338178634643555,5.051006317138672,5.710702896118164,5.016499996185303
122,5,2025-11-21,5.008500099182129,5.073980331420898,4.417393684387207,5.836373329162598,4.417393684387207,5.073980331420898,5.836373329162598,5.016499996185303
122,6,2025-11-22,4.993000030517578,5.084804534912109,4.351500034332275,5.920531272888184,4.351500034332275,5.084804534912109,5.920531272888184,5.016499996185303
122,7,2025-11-23,4.977499961853027,5.104465961456299,4.308102130889893,5.924326419830322,4.308102130889893,5.104465961456299,5.924326419830322,5.016499996185303
123,1,2025-11-18,4.962500095367432,5.000463485717773,4.714858055114746,5.4396257400512695,4.714858055114746,5.000463485717773,5.4396257400512695,5.0
123,2,2025-11-19,5.007999897003174,5.041389465332031,4.51397705078125,5.527799606323242,4.51397705078125,5.041389465332031,5.527799606323242,5.0
123,3,2025-11-20,4.959499835968018,5.013913154602051,4.516371726989746,5.575521469116211,4.516371726989746,5.013913154602051,5.575521469116211,5.0
123,4,2025-11-21,5.008500099182129,5.019954681396484,4.453230857849121,5.604966163635254,4.453230857849121,5.019954681396484,5.604966163635254,5.0
123,5,2025-11-22,4.993000030517578,5.038277626037598,4.340403079986572,5.630921363830566,4.340403079986572,5.038277626037598,5.630921363830566,5.0
123,6,2025-11-23,4.977499961853027,5.059321403503418,4.250166893005371,5.7477006912231445,4.250166893005371,5.059321403503418,5.7477006912231445,5.0
123,7,2025-11-24,4.961999893188477,5.071366310119629,4.330853462219238,5.984462738037109,4.330853462219238,5.071366310119629,5.984462738037109,5.0
124,1,2025-11-19,5.007999897003174,4.95958948135376,4.5983452796936035,5.2110090255737305,4.5983452796936035,4.95958948135376,5.2110090255737305,4.962500095367432
124,2,2025-11-20,4.959499835968018,4.944911479949951,4.489758014678955,5.329333305358887,4.489758014678955,4.944911479949951,5.329333305358887,4.962500095367432
124,3,2025-11-21,5.008500099182129,4.941247940063477,4.4495744705200195,5.4969892501831055,4.4495744705200195,4.941247940063477,5.4969892501831055,4.962500095367432
124,4,2025-11-22,4.993000030517578,4.935911178588867,4.333003044128418,5.540033340454102,4.333003044128418,4.935911178588867,5.540033340454102,4.962500095367432
124,5,2025-11-23,4.977499961853027,4.931950569152832,4.351907730102539,5.621601104736328,4.351907730102539,4.931950569152832,5.621601104736328,4.962500095367432
124,6,2025-11-24,4.961999893188477,4.945069789886475,4.236025333404541,5.6070709228515625,4.236025333404541,4.945069789886475,5.6070709228515625,4.962500095367432
124,7,2025-11-25,4.999499797821045,4.939723014831543,4.180743217468262,5.671775817871094,4.180743217468262,4.939723014831543,5.671775817871094,4.962500095367432
125,1,2025-11-20,4.959499835968018,5.001046657562256,4.710638046264648,5.388336181640625,4.710638046264648,5.001046657562256,5.388336181640625,5.007999897003174
125,2,2025-11-21,5.008500099182129,4.991328239440918,4.5584282875061035,5.512319564819336,4.5584282875061035,4.991328239440918,5.512319564819336,5.007999897003174
125,3,2025-11-22,4.993000030517578,4.992098808288574,4.486738681793213,5.5679121017456055,4.486738681793213,4.992098808288574,5.5679121017456055,5.007999897003174
125,4,2025-11-23,4.977499961853027,5.031402587890625,4.327101230621338,5.71181583404541,4.327101230621338,5.031402587890625,5.71181583404541,5.007999897003174
125,5,2025-11-24,4.961999893188477,5.005681037902832,4.211289882659912,5.8133320808410645,4.211289882659912,5.005681037902832,5.8133320808410645,5.007999897003174
125,6,2025-11-25,4.999499797821045,4.948057651519775,4.164512634277344,5.938823223114014,4.164512634277344,4.948057651519775,5.938823223114014,5.007999897003174
125,7,2025-11-26,5.104499816894531,4.948974609375,4.1101202964782715,5.9864959716796875,4.1101202964782715,4.948974609375,5.9864959716796875,5.007999897003174
126,1,2025-11-21,5.008500099182129,4.9567437171936035,4.651209831237793,5.268604755401611,4.651209831237793,4.9567437171936035,5.268604755401611,4.959499835968018
126,2,2025-11-22,4.993000030517578,4.961184978485107,4.524940490722656,5.427508354187012,4.524940490722656,4.961184978485107,5.427508354187012,4.959499835968018
126,3,2025-11-23,4.977499961853027,4.967468738555908,4.435225486755371,5.5376362800598145,4.435225486755371,4.967468738555908,5.5376362800598145,4.959499835968018
126,4,2025-11-24,4.961999893188477,4.965324401855469,4.338574409484863,5.62062931060791,4.338574409484863,4.965324401855469,5.62062931060791,4.959499835968018
126,5,2025-11-25,4.999499797821045,4.98344612121582,4.269763469696045,5.6570539474487305,4.269763469696045,4.98344612121582,5.6570539474487305,4.959499835968018
126,6,2025-11-26,5.104499816894531,4.960880279541016,4.244421482086182,5.675246238708496,4.244421482086182,4.960880279541016,5.675246238708496,4.959499835968018
126,7,2025-11-27,5.144999980926514,4.961798667907715,4.202651500701904,5.623997211456299,4.202651500701904,4.961798667907715,5.623997211456299,4.959499835968018
127,1,2025-11-22,4.993000030517578,5.010665416717529,4.635441780090332,5.387409210205078,4.635441780090332,5.010665416717529,5.387409210205078,5.008500099182129
127,2,2025-11-23,4.977499961853027,4.993522644042969,4.559303283691406,5.4872283935546875,4.559303283691406,4.993522644042969,5.4872283935546875,5.008500099182129
127,3,2025-11-24,4.961999893188477,5.002938270568848,4.514174938201904,5.553806781768799,4.514174938201904,5.002938270568848,5.553806781768799,5.008500099182129
127,4,2025-11-25,4.999499797821045,5.042675971984863,4.4471869468688965,5.699103832244873,4.4471869468688965,5.042675971984863,5.699103832244873,5.008500099182129
127,5,2025-11-26,5.104499816894531,5.023689270019531,4.41926383972168,5.894196510314941,4.41926383972168,5.023689270019531,5.894196510314941,5.008500099182129
127,6,2025-11-27,5.144999980926514,4.97859001159668,4.247313022613525,6.054296016693115,4.247313022613525,4.97859001159668,6.054296016693115,5.008500099182129
127,7,2025-11-28,5.185500144958496,4.966156959533691,4.181005001068115,6.223779678344727,4.181005001068115,4.966156959533691,6.223779678344727,5.008500099182129
128,1,2025-11-23,4.977499961853027,4.986067295074463,4.613853454589844,5.33636474609375,4.613853454589844,4.986067295074463,5.33636474609375,4.993000030517578
128,2,2025-11-24,4.961999893188477,4.951092720031738,4.483641624450684,5.435801029205322,4.483641624450684,4.951092720031738,5.435801029205322,4.993000030517578
128,3,2025-11-25,4.999499797821045,4.944979667663574,4.370445251464844,5.646694183349609,4.370445251464844,4.944979667663574,5.646694183349609,4.993000030517578
128,4,2025-11-26,5.104499816894531,4.927909851074219,4.290171146392822,5.675602912902832,4.290171146392822,4.927909851074219,5.675602912902832,4.993000030517578
128,5,2025-11-27,5.144999980926514,4.935676574707031,4.27583646774292,5.836288928985596,4.27583646774292,4.935676574707031,5.836288928985596,4.993000030517578
128,6,2025-11-28,5.185500144958496,4.968549728393555,4.173242092132568,5.907238483428955,4.173242092132568,4.968549728393555,5.907238483428955,4.993000030517578
128,7,2025-11-29,5.196666717529297,4.974689960479736,4.140590190887451,6.1083784103393555,4.140590190887451,4.974689960479736,6.1083784103393555,4.993000030517578
129,1,2025-11-24,4.961999893188477,4.976731300354004,4.630760192871094,5.298908710479736,4.630760192871094,4.976731300354004,5.298908710479736,4.977499961853027
129,2,2025-11-25,4.999499797821045,4.956184387207031,4.465308666229248,5.477903366088867,4.465308666229248,4.956184387207031,5.477903366088867,4.977499961853027
129,3,2025-11-26,5.104499816894531,4.944262504577637,4.411809921264648,5.663577079772949,4.411809921264648,4.944262504577637,5.663577079772949,4.977499961853027
129,4,2025-11-27,5.144999980926514,4.937551498413086,4.320305824279785,5.731762409210205,4.320305824279785,4.937551498413086,5.731762409210205,4.977499961853027
129,5,2025-11-28,5.185500144958496,4.880712985992432,4.257354736328125,5.856773376464844,4.257354736328125,4.880712985992432,5.856773376464844,4.977499961853027
129,6,2025-11-29,5.196666717529297,4.935419082641602,4.235020637512207,6.0074310302734375,4.235020637512207,4.935419082641602,6.0074310302734375,4.977499961853027
129,7,2025-11-30,5.207833290100098,4.890219211578369,4.088897705078125,6.097204208374023,4.088897705078125,4.890219211578369,6.097204208374023,4.977499961853027
130,1,2025-11-25,4.999499797821045,4.961234092712402,4.573277473449707,5.3356122970581055,4.573277473449707,4.961234092712402,5.3356122970581055,4.961999893188477
130,2,2025-11-26,5.104499816894531,4.974732398986816,4.495603084564209,5.49575662612915,4.495603084564209,4.974732398986816,5.49575662612915,4.961999893188477
130,3,2025-11-27,5.144999980926514,4.9593963623046875,4.468424320220947,5.564601898193359,4.468424320220947,4.9593963623046875,5.564601898193359,4.961999893188477
130,4,2025-11-28,5.185500144958496,5.031888961791992,4.403667449951172,5.606196880340576,4.403667449951172,5.031888961791992,5.606196880340576,4.961999893188477
130,5,2025-11-29,5.196666717529297,5.008792877197266,4.340332508087158,5.6463623046875,4.340332508087158,5.008792877197266,5.6463623046875,4.961999893188477
130,6,2025-11-30,5.207833290100098,5.043087959289551,4.350746154785156,5.6701884269714355,4.350746154785156,5.043087959289551,5.6701884269714355,4.961999893188477
130,7,2025-12-01,5.218999862670898,4.957099914550781,4.264379501342773,5.923186302185059,4.264379501342773,4.957099914550781,5.923186302185059,4.961999893188477
131,1,2025-11-26,5.104499816894531,5.005678176879883,4.708017349243164,5.425191879272461,4.708017349243164,5.005678176879883,5.425191879272461,4.999499797821045
131,2,2025-11-27,5.144999980926514,5.000425815582275,4.459994792938232,5.4949750900268555,4.459994792938232,5.000425815582275,5.4949750900268555,4.999499797821045
131,3,2025-11-28,5.185500144958496,5.003826141357422,4.363099575042725,5.565262317657471,4.363099575042725,5.003826141357422,5.565262317657471,4.999499797821045
131,4,2025-11-29,5.196666717529297,5.020691871643066,4.354129791259766,5.644554615020752,4.354129791259766,5.020691871643066,5.644554615020752,4.999499797821045
131,5,2025-11-30,5.207833290100098,5.041673183441162,4.284083843231201,5.760408401489258,4.284083843231201,5.041673183441162,5.760408401489258,4.999499797821045
131,6,2025-12-01,5.218999862670898,5.0152692794799805,4.183891296386719,5.908252716064453,4.183891296386719,5.0152692794799805,5.908252716064453,4.999499797821045
131,7,2025-12-02,5.160999774932861,4.9840898513793945,4.1671528816223145,5.913509368896484,4.1671528816223145,4.9840898513793945,5.913509368896484,4.999499797821045
132,1,2025-11-27,5.144999980926514,5.102609157562256,4.7505645751953125,5.4532670974731445,4.7505645751953125,5.102609157562256,5.4532670974731445,5.104499816894531
132,2,2025-11-28,5.185500144958496,5.097727298736572,4.607149600982666,5.583610534667969,4.607149600982666,5.097727298736572,5.583610534667969,5.104499816894531
132,3,2025-11-29,5.196666717529297,5.0554070472717285,4.577967643737793,5.610528945922852,4.577967643737793,5.0554070472717285,5.610528945922852,5.104499816894531
132,4,2025-11-30,5.207833290100098,5.076838493347168,4.4168524742126465,5.710885047912598,4.4168524742126465,5.076838493347168,5.710885047912598,5.104499816894531
132,5,2025-12-01,5.218999862670898,5.079816818237305,4.338325500488281,5.752410411834717,4.338325500488281,5.079816818237305,5.752410411834717,5.104499816894531
132,6,2025-12-02,5.160999774932861,5.035000801086426,4.306430339813232,5.75337553024292,4.306430339813232,5.035000801086426,5.75337553024292,5.104499816894531
132,7,2025-12-03,5.308000087738037,5.0339131355285645,4.28127908706665,5.904858112335205,4.28127908706665,5.0339131355285645,5.904858112335205,5.104499816894531
133,1,2025-11-28,5.185500144958496,5.148337364196777,4.783110618591309,5.530853748321533,4.783110618591309,5.148337364196777,5.530853748321533,5.144999980926514
133,2,2025-11-29,5.196666717529297,5.130406379699707,4.655102729797363,5.682628154754639,4.655102729797363,5.130406379699707,5.682628154754639,5.144999980926514
133,3,2025-11-30,5.207833290100098,5.146271705627441,4.617455005645752,5.792136192321777,4.617455005645752,5.146271705627441,5.792136192321777,5.144999980926514
133,4,2025-12-01,5.218999862670898,5.13389253616333,4.563623428344727,5.800333023071289,4.563623428344727,5.13389253616333,5.800333023071289,5.144999980926514
133,5,2025-12-02,5.160999774932861,5.16904354095459,4.485506057739258,5.888171672821045,4.485506057739258,5.16904354095459,5.888171672821045,5.144999980926514
133,6,2025-12-03,5.308000087738037,5.090803623199463,4.34355354309082,5.904629230499268,4.34355354309082,5.090803623199463,5.904629230499268,5.144999980926514
133,7,2025-12-04,5.291500091552734,5.145480155944824,4.24700927734375,5.917116641998291,4.24700927734375,5.145480155944824,5.917116641998291,5.144999980926514
134,1,2025-11-29,5.196666717529297,5.1775007247924805,4.783458232879639,5.5092692375183105,4.783458232879639,5.1775007247924805,5.5092692375183105,5.185500144958496
134,2,2025-11-30,5.207833290100098,5.169035911560059,4.743630409240723,5.608920574188232,4.743630409240723,5.169035911560059,5.608920574188232,5.185500144958496
134,3,2025-12-01,5.218999862670898,5.128340721130371,4.6298723220825195,5.703750133514404,4.6298723220825195,5.128340721130371,5.703750133514404,5.185500144958496
134,4,2025-12-02,5.160999774932861,5.133091926574707,4.554022312164307,5.715569972991943,4.554022312164307,5.133091926574707,5.715569972991943,5.185500144958496
134,5,2025-12-03,5.308000087738037,5.137690544128418,4.479163646697998,5.822825908660889,4.479163646697998,5.137690544128418,5.822825908660889,5.185500144958496
134,6,2025-12-04,5.291500091552734,5.124699592590332,4.368288040161133,5.953719139099121,4.368288040161133,5.124699592590332,5.953719139099121,5.185500144958496
134,7,2025-12-05,5.381999969482422,5.057110786437988,4.389188289642334,6.039552211761475,4.389188289642334,5.057110786437988,6.039552211761475,5.185500144958496
135,1,2025-11-30,5.207833290100098,5.200679779052734,4.852823257446289,5.561880111694336,4.852823257446289,5.200679779052734,5.561880111694336,5.196666717529297
135,2,2025-12-01,5.218999862670898,5.193779945373535,4.7400970458984375,5.7233476638793945,4.7400970458984375,5.193779945373535,5.7233476638793945,5.196666717529297
135,3,2025-12-02,5.160999774932861,5.180486679077148,4.632566452026367,5.813317775726318,4.632566452026367,5.180486679077148,5.813317775726318,5.196666717529297
135,4,2025-12-03,5.308000087738037,5.14509916305542,4.543581962585449,5.890628337860107,4.543581962585449,5.14509916305542,5.890628337860107,5.196666717529297
135,5,2025-12-04,5.291500091552734,5.145894527435303,4.4646453857421875,5.950166702270508,4.4646453857421875,5.145894527435303,5.950166702270508,5.196666717529297
135,6,2025-12-05,5.381999969482422,5.155117034912109,4.473121166229248,6.002098083496094,4.473121166229248,5.155117034912109,6.002098083496094,5.196666717529297
135,7,2025-12-06,5.376166820526123,5.167227745056152,4.41458797454834,6.114920616149902,4.41458797454834,5.167227745056152,6.114920616149902,5.196666717529297
136,1,2025-12-01,5.218999862670898,5.2203898429870605,4.872509956359863,5.688798904418945,4.872509956359863,5.2203898429870605,5.688798904418945,5.207833290100098
136,2,2025-12-02,5.160999774932861,5.214269161224365,4.7114577293396,5.761198997497559,4.7114577293396,5.214269161224365,5.761198997497559,5.207833290100098
136,3,2025-12-03,5.308000087738037,5.220229148864746,4.654922008514404,5.874258518218994,4.654922008514404,5.220229148864746,5.874258518218994,5.207833290100098
136,4,2025-12-04,5.291500091552734,5.284448146820068,4.646310329437256,5.88936185836792,4.646310329437256,5.284448146820068,5.88936185836792,5.207833290100098
136,5,2025-12-05,5.381999969482422,5.304719924926758,4.467337608337402,5.991902828216553,4.467337608337402,5.304719924926758,5.991902828216553,5.207833290100098
136,6,2025-12-06,5.376166820526123,5.283961296081543,4.394531726837158,6.1130170822143555,4.394531726837158,5.283961296081543,6.1130170822143555,5.207833290100098
136,7,2025-12-07,5.370333194732666,5.283632278442383,4.419078350067139,6.133549690246582,4.419078350067139,5.283632278442383,6.133549690246582,5.207833290100098
137,1,2025-12-02,5.160999774932861,5.211915016174316,4.864566802978516,5.576243877410889,4.864566802978516,5.211915016174316,5.576243877410889,5.218999862670898
137,2,2025-12-03,5.308000087738037,5.204678535461426,4.749082088470459,5.715554237365723,4.749082088470459,5.204678535461426,5.715554237365723,5.218999862670898
137,3,2025-12-04,5.291500091552734,5.197455406188965,4.726524353027344,5.738186359405518,4.726524353027344,5.197455406188965,5.738186359405518,5.218999862670898
137,4,2025-12-05,5.381999969482422,5.203235626220703,4.60750675201416,5.9158172607421875,4.60750675201416,5.203235626220703,5.9158172607421875,5.218999862670898
137,5,2025-12-06,5.376166820526123,5.217227935791016,4.464715003967285,5.973893165588379,4.464715003967285,5.217227935791016,5.973893165588379,5.218999862670898
137,6,2025-12-07,5.370333194732666,5.230776786804199,4.376255512237549,6.218752384185791,4.376255512237549,5.230776786804199,6.218752384185791,5.218999862670898
137,7,2025-12-08,5.364500045776367,5.243399620056152,4.322344779968262,6.289261817932129,4.322344779968262,5.243399620056152,6.289261817932129,5.218999862670898
138,1,2025-12-03,5.308000087738037,5.154629707336426,4.855389595031738,5.578077793121338,4.855389595031738,5.154629707336426,5.578077793121338,5.160999774932861
138,2,2025-12-04,5.291500091552734,5.151925086975098,4.703612327575684,5.661124229431152,4.703612327575684,5.151925086975098,5.661124229431152,5.160999774932861
138,3,2025-12-05,5.381999969482422,5.193288326263428,4.663412094116211,5.841448783874512,4.663412094116211,5.193288326263428,5.841448783874512,5.160999774932861
138,4,2025-12-06,5.376166820526123,5.180157661437988,4.593050479888916,5.940059661865234,4.593050479888916,5.180157661437988,5.940059661865234,5.160999774932861
138,5,2025-12-07,5.370333194732666,5.207258224487305,4.484560012817383,5.947951316833496,4.484560012817383,5.207258224487305,5.947951316833496,5.160999774932861
138,6,2025-12-08,5.364500045776367,5.190563678741455,4.47145414352417,6.1494832038879395,4.47145414352417,5.190563678741455,6.1494832038879395,5.160999774932861
138,7,2025-12-09,5.240499973297119,5.1785688400268555,4.348776340484619,6.143288612365723,4.348776340484619,5.1785688400268555,6.143288612365723,5.160999774932861
139,1,2025-12-04,5.291500091552734,5.310787200927734,4.951526641845703,5.7222747802734375,4.951526641845703,5.310787200927734,5.7222747802734375,5.308000087738037
139,2,2025-12-05,5.381999969482422,5.291963577270508,4.7396240234375,5.818983554840088,4.7396240234375,5.291963577270508,5.818983554840088,5.308000087738037
139,3,2025-12-06,5.376166820526123,5.276301383972168,4.6420392990112305,5.922483444213867,4.6420392990112305,5.276301383972168,5.922483444213867,5.308000087738037
139,4,2025-12-07,5.370333194732666,5.310952186584473,4.616350173950195,6.177687644958496,4.616350173950195,5.310952186584473,6.177687644958496,5.308000087738037
139,5,2025-12-08,5.364500045776367,5.357892990112305,4.581045150756836,6.268067359924316,4.581045150756836,5.357892990112305,6.268067359924316,5.308000087738037
139,6,2025-12-09,5.240499973297119,5.320634841918945,4.4925713539123535,6.246312141418457,4.4925713539123535,5.320634841918945,6.246312141418457,5.308000087738037
139,7,2025-12-10,5.2754998207092285,5.335281848907471,4.442263126373291,6.324483871459961,4.442263126373291,5.335281848907471,6.324483871459961,5.308000087738037
140,1,2025-12-05,5.381999969482422,5.296239852905273,4.984654903411865,5.712639331817627,4.984654903411865,5.296239852905273,5.712639331817627,5.291500091552734
140,2,2025-12-06,5.376166820526123,5.301966667175293,4.795878887176514,5.84072208404541,4.795878887176514,5.301966667175293,5.84072208404541,5.291500091552734
140,3,2025-12-07,5.370333194732666,5.333162307739258,4.7768731117248535,6.002233505249023,4.7768731117248535,5.333162307739258,6.002233505249023,5.291500091552734
140,4,2025-12-08,5.364500045776367,5.33744478225708,4.684882164001465,6.068073272705078,4.684882164001465,5.33744478225708,6.068073272705078,5.291500091552734
140,5,2025-12-09,5.240499973297119,5.363714218139648,4.626121520996094,6.136697769165039,4.626121520996094,5.363714218139648,6.136697769165039,5.291500091552734
140,6,2025-12-10,5.2754998207092285,5.250326633453369,4.590849876403809,6.204519748687744,4.590849876403809,5.250326633453369,6.204519748687744,5.291500091552734
140,7,2025-12-11,5.427000045776367,5.290685653686523,4.5168256759643555,6.224434852600098,4.5168256759643555,5.290685653686523,6.224434852600098,5.291500091552734
141,1,2025-12-06,5.376166820526123,5.384825706481934,4.999332904815674,5.816902160644531,4.999332904815674,5.384825706481934,5.816902160644531,5.381999969482422
141,2,2025-12-07,5.370333194732666,5.380006790161133,4.893772125244141,5.8851518630981445,4.893772125244141,5.380006790161133,5.8851518630981445,5.381999969482422
141,3,2025-12-08,5.364500045776367,5.323659896850586,4.735331058502197,5.959831237792969,4.735331058502197,5.323659896850586,5.959831237792969,5.381999969482422
141,4,2025-12-09,5.240499973297119,5.304954528808594,4.670216083526611,6.115894794464111,4.670216083526611,5.304954528808594,6.115894794464111,5.381999969482422
141,5,2025-12-10,5.2754998207092285,5.345566749572754,4.587867259979248,6.1895599365234375,4.587867259979248,5.345566749572754,6.1895599365234375,5.381999969482422
141,6,2025-12-11,5.427000045776367,5.396811485290527,4.523279666900635,6.268378257751465,4.523279666900635,5.396811485290527,6.268378257751465,5.381999969482422
141,7,2025-12-12,5.2835001945495605,5.3521728515625,4.482375621795654,6.3883442878723145,4.482375621795654,5.3521728515625,6.3883442878723145,5.381999969482422
142,1,2025-12-07,5.370333194732666,5.380817413330078,5.0065202713012695,5.845433712005615,5.0065202713012695,5.380817413330078,5.845433712005615,5.376166820526123
142,2,2025-12-08,5.364500045776367,5.396791458129883,4.834405422210693,5.968648910522461,4.834405422210693,5.396791458129883,5.968648910522461,5.376166820526123
142,3,2025-12-09,5.240499973297119,5.383808135986328,4.805145263671875,6.1284990310668945,4.805145263671875,5.383808135986328,6.1284990310668945,5.376166820526123
142,4,2025-12-10,5.2754998207092285,5.363898754119873,4.739495277404785,6.171871185302734,4.739495277404785,5.363898754119873,6.171871185302734,5.376166820526123
142,5,2025-12-11,5.427000045776367,5.420838356018066,4.635776996612549,6.289092540740967,4.635776996612549,5.420838356018066,6.289092540740967,5.376166820526123
142,6,2025-12-12,5.2835001945495605,5.400790691375732,4.628971099853516,6.373782157897949,4.628971099853516,5.400790691375732,6.373782157897949,5.376166820526123
142,7,2025-12-13,5.301833629608154,5.448034286499023,4.493666172027588,6.47427225112915,4.493666172027588,5.448034286499023,6.47427225112915,5.376166820526123
143,1,2025-12-08,5.364500045776367,5.376803398132324,5.0565409660339355,5.714353084564209,5.0565409660339355,5.376803398132324,5.714353084564209,5.370333194732666
143,2,2025-12-09,5.240499973297119,5.403264999389648,4.925966739654541,5.916473388671875,4.925966739654541,5.403264999389648,5.916473388671875,5.370333194732666
143,3,2025-12-10,5.2754998207092285,5.416967391967773,4.896418571472168,5.975107192993164,4.896418571472168,5.416967391967773,5.975107192993164,5.370333194732666
143,4,2025-12-11,5.427000045776367,5.506345272064209,4.852293014526367,6.144043922424316,4.852293014526367,5.506345272064209,6.144043922424316,5.370333194732666
143,5,2025-12-12,5.2835001945495605,5.4675397872924805,4.774244785308838,6.332432746887207,4.774244785308838,5.4675397872924805,6.332432746887207,5.370333194732666
143,6,2025-12-13,5.301833629608154,5.456244468688965,4.6758012771606445,6.414061069488525,4.6758012771606445,5.456244468688965,6.414061069488525,5.370333194732666
143,7,2025-12-14,5.32016658782959,5.4609599113464355,4.64268684387207,6.505260467529297,4.64268684387207,5.4609599113464355,6.505260467529297,5.370333194732666
144,1,2025-12-09,5.240499973297119,5.369139671325684,5.135369777679443,5.751132488250732,5.135369777679443,5.369139671325684,5.751132488250732,5.364500045776367
144,2,2025-12-10,5.2754998207092285,5.382750511169434,4.951453685760498,5.908077239990234,4.951453685760498,5.382750511169434,5.908077239990234,5.364500045776367
144,3,2025-12-11,5.427000045776367,5.419103622436523,4.900593280792236,5.987576484680176,4.900593280792236,5.419103622436523,5.987576484680176,5.364500045776367
144,4,2025-12-12,5.2835001945495605,5.4059014320373535,4.822004795074463,6.120388984680176,4.822004795074463,5.4059014320373535,6.120388984680176,5.364500045776367
144,5,2025-12-13,5.301833629608154,5.339550018310547,4.792734622955322,6.194750785827637,4.792734622955322,5.339550018310547,6.194750785827637,5.364500045776367
144,6,2025-12-14,5.32016658782959,5.288358211517334,4.64713191986084,6.187684059143066,4.64713191986084,5.288358211517334,6.187684059143066,5.364500045776367
144,7,2025-12-15,5.338500022888184,5.289011001586914,4.6470746994018555,6.276458740234375,4.6470746994018555,5.289011001586914,6.276458740234375,5.364500045776367
145,1,2025-12-10,5.2754998207092285,5.2345170974731445,4.86281681060791,5.711170196533203,4.86281681060791,5.2345170974731445,5.711170196533203,5.240499973297119
145,2,2025-12-11,5.427000045776367,5.216769218444824,4.820659637451172,5.784499168395996,4.820659637451172,5.216769218444824,5.784499168395996,5.240499973297119
145,3,2025-12-12,5.2835001945495605,5.2555718421936035,4.731856346130371,5.878628730773926,4.731856346130371,5.2555718421936035,5.878628730773926,5.240499973297119
145,4,2025-12-13,5.301833629608154,5.22257137298584,4.675482749938965,5.875652313232422,4.675482749938965,5.22257137298584,5.875652313232422,5.240499973297119
145,5,2025-12-14,5.32016658782959,5.248758792877197,4.636466026306152,5.88425874710083,4.636466026306152,5.248758792877197,5.88425874710083,5.240499973297119
145,6,2025-12-15,5.338500022888184,5.2524871826171875,4.600560665130615,5.933150768280029,4.600560665130615,5.2524871826171875,5.933150768280029,5.240499973297119
145,7,2025-12-16,5.2870001792907715,5.234355449676514,4.5291032791137695,5.955320358276367,4.5291032791137695,5.234355449676514,5.955320358276367,5.240499973297119
146,1,2025-12-11,5.427000045776367,5.28642463684082,4.951874732971191,5.775574684143066,4.951874732971191,5.28642463684082,5.775574684143066,5.2754998207092285
146,2,2025-12-12,5.2835001945495605,5.295083045959473,4.854775905609131,5.875070571899414,4.854775905609131,5.295083045959473,5.875070571899414,5.2754998207092285
146,3,2025-12-13,5.301833629608154,5.272080421447754,4.726044654846191,5.996171474456787,4.726044654846191,5.272080421447754,5.996171474456787,5.2754998207092285
146,4,2025-12-14,5.32016658782959,5.290342807769775,4.720505237579346,5.9997639656066895,4.720505237579346,5.290342807769775,5.9997639656066895,5.2754998207092285
146,5,2025-12-15,5.338500022888184,5.245776176452637,4.63918924331665,5.94459342956543,4.63918924331665,5.245776176452637,5.94459342956543,5.2754998207092285
146,6,2025-12-16,5.2870001792907715,5.2707839012146,4.602517604827881,6.109228610992432,4.602517604827881,5.2707839012146,6.109228610992432,5.2754998207092285
146,7,2025-12-17,5.363500118255615,5.290857315063477,4.5646820068359375,6.171220779418945,4.5646820068359375,5.290857315063477,6.171220779418945,5.2754998207092285
147,1,2025-12-12,5.2835001945495605,5.415785312652588,5.043343544006348,5.793792724609375,5.043343544006348,5.415785312652588,5.793792724609375,5.427000045776367
147,2,2025-12-13,5.301833629608154,5.419967174530029,4.930120944976807,5.962937831878662,4.930120944976807,5.419967174530029,5.962937831878662,5.427000045776367
147,3,2025-12-14,5.32016658782959,5.41478157043457,4.864467620849609,6.162735939025879,4.864467620849609,5.41478157043457,6.162735939025879,5.427000045776367
147,4,2025-12-15,5.338500022888184,5.425827503204346,4.776301860809326,6.166388988494873,4.776301860809326,5.425827503204346,6.166388988494873,5.427000045776367
147,5,2025-12-16,5.2870001792907715,5.401429176330566,4.70903205871582,6.347781658172607,4.70903205871582,5.401429176330566,6.347781658172607,5.427000045776367
147,6,2025-12-17,5.363500118255615,5.409601211547852,4.675021171569824,6.347838878631592,4.675021171569824,5.409601211547852,6.347838878631592,5.427000045776367
147,7,2025-12-18,5.366499900817871,5.395756721496582,4.537810325622559,6.371262550354004,4.537810325622559,5.395756721496582,6.371262550354004,5.427000045776367
148,1,2025-12-13,5.301833629608154,5.2813801765441895,4.912365436553955,5.588383197784424,4.912365436553955,5.2813801765441895,5.588383197784424,5.2835001945495605
148,2,2025-12-14,5.32016658782959,5.304914474487305,4.780650615692139,5.806665897369385,4.780650615692139,5.304914474487305,5.806665897369385,5.2835001945495605
148,3,2025-12-15,5.338500022888184,5.309665679931641,4.693772315979004,5.917394638061523,4.693772315979004,5.309665679931641,5.917394638061523,5.2835001945495605
148,4,2025-12-16,5.2870001792907715,5.330202102661133,4.649177074432373,5.943174362182617,4.649177074432373,5.330202102661133,5.943174362182617,5.2835001945495605
148,5,2025-12-17,5.363500118255615,5.307043552398682,4.562177658081055,6.074339866638184,4.562177658081055,5.307043552398682,6.074339866638184,5.2835001945495605
148,6,2025-12-18,5.366499900817871,5.3723297119140625,4.491428852081299,6.174104690551758,4.491428852081299,5.3723297119140625,6.174104690551758,5.2835001945495605
148,7,2025-12-19,5.439499855041504,5.3325042724609375,4.4311747550964355,6.2690277099609375,4.4311747550964355,5.3325042724609375,6.2690277099609375,5.2835001945495605
149,1,2025-12-14,5.32016658782959,5.307893753051758,5.0296478271484375,5.618413925170898,5.0296478271484375,5.307893753051758,5.618413925170898,5.301833629608154
149,2,2025-12-15,5.338500022888184,5.342256546020508,4.852455139160156,5.808742523193359,4.852455139160156,5.342256546020508,5.808742523193359,5.301833629608154
149,3,2025-12-16,5.2870001792907715,5.3036346435546875,4.756443977355957,5.864837646484375,4.756443977355957,5.3036346435546875,5.864837646484375,5.301833629608154
149,4,2025-12-17,5.363500118255615,5.250357627868652,4.698188781738281,5.998650074005127,4.698188781738281,5.250357627868652,5.998650074005127,5.301833629608154
149,5,2025-12-18,5.366499900817871,5.297255039215088,4.664387226104736,6.097784519195557,4.664387226104736,5.297255039215088,6.097784519195557,5.301833629608154
149,6,2025-12-19,5.439499855041504,5.322831153869629,4.525230407714844,6.154529571533203,4.525230407714844,5.322831153869629,6.154529571533203,5.301833629608154
149,7,2025-12-20,5.438833236694336,5.288115501403809,4.4393463134765625,6.304476261138916,4.4393463134765625,5.288115501403809,6.304476261138916,5.301833629608154
150,1,2025-12-15,5.338500022888184,5.32411003112793,4.928760528564453,5.821203708648682,4.928760528564453,5.32411003112793,5.821203708648682,5.32016658782959
150,2,2025-12-16,5.2870001792907715,5.354608535766602,4.837308883666992,5.965158939361572,4.837308883666992,5.354608535766602,5.965158939361572,5.32016658782959
150,3,2025-12-17,5.363500118255615,5.377972602844238,4.718210220336914,6.041524887084961,4.718210220336914,5.377972602844238,6.041524887084961,5.32016658782959
150,4,2025-12-18,5.366499900817871,5.360398292541504,4.651930809020996,6.309772491455078,4.651930809020996,5.360398292541504,6.309772491455078,5.32016658782959
150,5,2025-12-19,5.439499855041504,5.325096130371094,4.5857038497924805,6.386520862579346,4.5857038497924805,5.325096130371094,6.386520862579346,5.32016658782959
150,6,2025-12-20,5.438833236694336,5.291498184204102,4.471891403198242,6.351242542266846,4.471891403198242,5.291498184204102,6.351242542266846,5.32016658782959
150,7,2025-12-21,5.438166618347168,5.275674343109131,4.441563606262207,6.478672981262207,4.441563606262207,5.275674343109131,6.478672981262207,5.32016658782959
