window,mse,mae,smape,crps,wis50,wis80,wis90,cov50,cov80,cov90,sharp80,ece_q,mse_naive,mae_naive,pinball_p10,pinball_p50,pinball_p90
1,1.364242106869501e-13,2.8610230629055877e-07,6.63810411083432e-06,2.8610230629055877e-07,1.144409225162235e-06,2.86102294921875e-06,5.7220458984375e-06,0.4,0.4,0.4,0.0,0.5000000000000001,1.9010399388885504,1.0679999828338622,2.5749204723979346e-07,1.4305115314527939e-07,2.8610230629055877e-08
2,2.2737367883136385e-14,9.536743306171047e-08,3.7694640298013837e-06,9.536743306171047e-08,3.814697322468419e-07,9.5367431640625e-07,1.9073486328125e-06,0.6,0.6,0.6,0.0,0.2473684210526316,1.2673599592590334,0.7119999885559082,9.53674295089968e-09,4.7683716530855236e-08,8.583068478174027e-08
3,2.2737367883136385e-14,9.536743306171047e-08,3.7694640298013837e-06,9.536743306171047e-08,3.814697322468419e-07,9.5367431640625e-07,1.9073486328125e-06,0.6,0.6,0.6,0.0,0.2473684210526316,1.2673599592590334,0.7119999885559082,9.53674295089968e-09,4.7683716530855236e-08,8.583068478174027e-08
4,2.2737367883136385e-14,9.536743306171047e-08,3.7694640298013837e-06,9.536743306171047e-08,3.814697322468419e-07,9.5367431640625e-07,1.9073486328125e-06,0.6,0.6,0.6,0.0,0.2473684210526316,1.2673599592590334,0.7119999885559082,9.53674295089968e-09,4.7683716530855236e-08,8.583068478174027e-08
5,1.364242106869501e-13,2.8610230629055877e-07,6.63810411083432e-06,2.8610230629055877e-07,1.144409225162235e-06,2.86102294921875e-06,5.7220458984375e-06,0.4,0.4,0.4,0.0,0.5000000000000001,1.9010399388885504,1.0679999828338622,2.574920756615029e-07,1.4305115314527939e-07,2.8610230629055877e-08
6,1.364242106869501e-13,2.8610230629055877e-07,6.63810411083432e-06,2.8610230629055877e-07,1.144409225162235e-06,2.86102294921875e-06,5.7220458984375e-06,0.4,0.4,0.4,0.0,0.5000000000000001,1.9010399388885504,1.0679999828338622,2.5749204723979346e-07,1.4305115314527939e-07,2.8610230629055877e-08
7,2.2737367883136385e-14,9.536743306171047e-08,3.7694640298013837e-06,9.536743306171047e-08,3.814697322468419e-07,9.5367431640625e-07,1.9073486328125e-06,0.6,0.6,0.6,0.0,0.2473684210526316,1.2673599592590334,0.7119999885559082,9.53674295089968e-09,4.7683716530855236e-08,8.583068478174027e-08
8,2.2737367883136385e-14,9.536743306171047e-08,3.7694640298013837e-06,9.536743306171047e-08,3.814697322468419e-07,9.5367431640625e-07,1.9073486328125e-06,0.6,0.6,0.6,0.0,0.2473684210526316,1.2673599592590334,0.7119999885559082,9.53674295089968e-09,4.7683716530855236e-08,8.583068478174027e-08
9,2.2737367883136385e-14,9.536743306171047e-08,3.7694640298013837e-06,9.536743306171047e-08,3.814697322468419e-07,9.5367431640625e-07,1.9073486328125e-06,0.6,0.6,0.6,0.0,0.2473684210526316,1.2673599592590334,0.7119999885559082,9.53674295089968e-09,4.7683716530855236e-08,8.583068478174027e-08
10,1.364242106869501e-13,2.8610230629055877e-07,6.63810411083432e-06,2.8610230629055877e-07,1.144409225162235e-06,2.86102294921875e-06,5.7220458984375e-06,0.4,0.4,0.4,0.0,0.5000000000000001,1.9010399388885504,1.0679999828338622,2.574920756615029e-07,1.4305115314527939e-07,2.8610230629055877e-08
11,1.364242106869501e-13,2.8610230629055877e-07,6.63810411083432e-06,2.8610230629055877e-07,1.144409225162235e-06,2.86102294921875e-06,5.7220458984375e-06,0.4,0.4,0.4,0.0,0.5000000000000001,1.9010399388885504,1.0679999828338622,2.5749204723979346e-07,1.4305115314527939e-07,2.8610230629055877e-08
12,2.2737367883136385e-14,9.536743306171047e-08,3.7694640298013837e-06,9.536743306171047e-08,3.814697322468419e-07,9.5367431640625e-07,1.9073486328125e-06,0.6,0.6,0.6,0.0,0.2473684210526316,1.2673599592590334,0.7119999885559082,9.53674295089968e-09,4.7683716530855236e-08,8.583068478174027e-08
13,2.2737367883136385e-14,9.536743306171047e-08,3.7694640298013837e-06,9.536743306171047e-08,3.814697322468419e-07,9.5367431640625e-07,1.9073486328125e-06,0.6,0.6,0.6,0.0,0.2473684210526316,1.2673599592590334,0.7119999885559082,9.53674295089968e-09,4.7683716530855236e-08,8.583068478174027e-08
14,2.2737367883136385e-14,9.536743306171047e-08,3.7694640298013837e-06,9.536743306171047e-08,3.814697322468419e-07,9.5367431640625e-07,1.9073486328125e-06,0.6,0.6,0.6,0.0,0.2473684210526316,1.2673599592590334,0.7119999885559082,9.53674295089968e-09,4.7683716530855236e-08,8.583068478174027e-08
15,1.364242106869501e-13,2.8610230629055877e-07,6.63810411083432e-06,2.8610230629055877e-07,1.144409225162235e-06,2.86102294921875e-06,5.7220458984375e-06,0.4,0.4,0.4,0.0,0.5000000000000001,1.9010399388885504,1.0679999828338622,2.574920756615029e-07,1.4305115314527939e-07,2.8610230629055877e-08
16,1.364242106869501e-13,2.8610230629055877e-07,6.63810411083432e-06,2.8610230629055877e-07,1.144409225162235e-06,2.86102294921875e-06,5.7220458984375e-06,0.4,0.4,0.4,0.0,0.5000000000000001,1.9010399388885504,1.0679999828338622,2.5749204723979346e-07,1.4305115314527939e-07,2.8610230629055877e-08
17,2.2737367883136385e-14,9.536743306171047e-08,3.7694640298013837e-06,9.536743306171047e-08,3.814697322468419e-07,9.5367431640625e-07,1.9073486328125e-06,0.6,0.6,0.6,0.0,0.2473684210526316,1.2673599592590334,0.7119999885559082,9.53674295089968e-09,4.7683716530855236e-08,8.583068478174027e-08
18,2.2737367883136385e-14,9.536743306171047e-08,3.7694640298013837e-06,9.536743306171047e-08,3.814697322468419e-07,9.5367431640625e-07,1.9073486328125e-06,0.6,0.6,0.6,0.0,0.2473684210526316,1.2673599592590334,0.7119999885559082,9.53674295089968e-09,4.7683716530855236e-08,8.583068478174027e-08
19,2.2737367883136385e-14,9.536743306171047e-08,3.7694640298013837e-06,9.536743306171047e-08,3.814697322468419e-07,9.5367431640625e-07,1.9073486328125e-06,0.6,0.6,0.6,0.0,0.2473684210526316,1.2673599592590334,0.7119999885559082,9.53674295089968e-09,4.7683716530855236e-08,8.583068478174027e-08
20,1.364242106869501e-13,2.8610230629055877e-07,6.63810411083432e-06,2.8610230629055877e-07,1.144409225162235e-06,2.86102294921875e-06,5.7220458984375e-06,0.4,0.4,0.4,0.0,0.5000000000000001,1.9010399388885504,1.0679999828338622,2.574920756615029e-07,1.4305115314527939e-07,2.8610230629055877e-08
21,1.364242106869501e-13,2.8610230629055877e-07,6.63810411083432e-06,2.8610230629055877e-07,1.144409225162235e-06,2.86102294921875e-06,5.7220458984375e-06,0.4,0.4,0.4,0.0,0.5000000000000001,1.9010399388885504,1.0679999828338622,2.5749204723979346e-07,1.4305115314527939e-07,2.8610230629055877e-08
22,2.2737367883136385e-14,9.536743306171047e-08,3.7694640298013837e-06,9.536743306171047e-08,3.814697322468419e-07,9.5367431640625e-07,1.9073486328125e-06,0.6,0.6,0.6,0.0,0.2473684210526316,1.2673599592590334,0.7119999885559082,9.53674295089968e-09,4.7683716530855236e-08,8.583068478174027e-08
23,2.2737367883136385e-14,9.536743306171047e-08,3.7694640298013837e-06,9.536743306171047e-08,3.814697322468419e-07,9.5367431640625e-07,1.9073486328125e-06,0.6,0.6,0.6,0.0,0.2473684210526316,1.2673599592590334,0.7119999885559082,9.53674295089968e-09,4.7683716530855236e-08,8.583068478174027e-08
24,2.2737367883136385e-14,9.536743306171047e-08,3.7694640298013837e-06,9.536743306171047e-08,3.814697322468419e-07,9.5367431640625e-07,1.9073486328125e-06,0.6,0.6,0.6,0.0,0.2473684210526316,1.2673599592590334,0.7119999885559082,9.53674295089968e-09,4.7683716530855236e-08,8.583068478174027e-08
25,1.364242106869501e-13,2.8610230629055877e-07,6.63810411083432e-06,2.8610230629055877e-07,1.144409225162235e-06,2.86102294921875e-06,5.7220458984375e-06,0.4,0.4,0.4,0.0,0.5000000000000001,1.9010399388885504,1.0679999828338622,2.574920756615029e-07,1.4305115314527939e-07,2.8610230629055877e-08
26,1.364242106869501e-13,2.8610230629055877e-07,6.63810411083432e-06,2.8610230629055877e-07,1.144409225162235e-06,2.86102294921875e-06,5.7220458984375e-06,0.4,0.4,0.4,0.0,0.5000000000000001,1.9010399388885504,1.0679999828338622,2.5749204723979346e-07,1.4305115314527939e-07,2.8610230629055877e-08
27,2.2737367883136385e-14,9.536743306171047e-08,3.7694640298013837e-06,9.536743306171047e-08,3.814697322468419e-07,9.5367431640625e-07,1.9073486328125e-06,0.6,0.6,0.6,0.0,0.2473684210526316,1.2673599592590334,0.7119999885559082,9.53674295089968e-09,4.7683716530855236e-08,8.583068478174027e-08
28,2.2737367883136385e-14,9.536743306171047e-08,3.7694640298013837e-06,9.536743306171047e-08,3.814697322468419e-07,9.5367431640625e-07,1.9073486328125e-06,0.6,0.6,0.6,0.0,0.2473684210526316,1.2673599592590334,0.7119999885559082,9.53674295089968e-09,4.7683716530855236e-08,8.583068478174027e-08
29,2.2737367883136385e-14,9.536743306171047e-08,3.7694640298013837e-06,9.536743306171047e-08,3.814697322468419e-07,9.5367431640625e-07,1.9073486328125e-06,0.6,0.6,0.6,0.0,0.2473684210526316,1.2673599592590334,0.7119999885559082,9.53674295089968e-09,4.7683716530855236e-08,8.583068478174027e-08
30,1.364242106869501e-13,2.8610230629055877e-07,6.63810411083432e-06,2.8610230629055877e-07,1.144409225162235e-06,2.86102294921875e-06,5.7220458984375e-06,0.4,0.4,0.4,0.0,0.5000000000000001,1.9010399388885504,1.0679999828338622,2.574920756615029e-07,1.4305115314527939e-07,2.8610230629055877e-08
31,1.364242106869501e-13,2.8610230629055877e-07,6.63810411083432e-06,2.8610230629055877e-07,1.144409225162235e-06,2.86102294921875e-06,5.7220458984375e-06,0.4,0.4,0.4,0.0,0.5000000000000001,1.9010399388885504,1.0679999828338622,2.5749204723979346e-07,1.4305115314527939e-07,2.8610230629055877e-08
32,2.2737367883136385e-14,9.536743306171047e-08,3.7694640298013837e-06,9.536743306171047e-08,3.814697322468419e-07,9.5367431640625e-07,1.9073486328125e-06,0.6,0.6,0.6,0.0,0.2473684210526316,1.2673599592590334,0.7119999885559082,9.53674295089968e-09,4.7683716530855236e-08,8.583068478174027e-08
33,2.2737367883136385e-14,9.536743306171047e-08,3.7694640298013837e-06,9.536743306171047e-08,3.814697322468419e-07,9.5367431640625e-07,1.9073486328125e-06,0.6,0.6,0.6,0.0,0.2473684210526316,1.2673599592590334,0.7119999885559082,9.53674295089968e-09,4.7683716530855236e-08,8.583068478174027e-08
34,2.2737367883136385e-14,9.536743306171047e-08,3.7694640298013837e-06,9.536743306171047e-08,3.814697322468419e-07,9.5367431640625e-07,1.9073486328125e-06,0.6,0.6,0.6,0.0,0.2473684210526316,1.2673599592590334,0.7119999885559082,9.53674295089968e-09,4.7683716530855236e-08,8.583068478174027e-08
35,1.364242106869501e-13,2.8610230629055877e-07,6.63810411083432e-06,2.8610230629055877e-07,1.144409225162235e-06,2.86102294921875e-06,5.7220458984375e-06,0.4,0.4,0.4,0.0,0.5000000000000001,1.9010399388885504,1.0679999828338622,2.574920756615029e-07,1.4305115314527939e-07,2.8610230629055877e-08
36,1.364242106869501e-13,2.8610230629055877e-07,6.63810411083432e-06,2.8610230629055877e-07,1.144409225162235e-06,2.86102294921875e-06,5.7220458984375e-06,0.4,0.4,0.4,0.0,0.5000000000000001,1.9010399388885504,1.0679999828338622,2.5749204723979346e-07,1.4305115314527939e-07,2.8610230629055877e-08
37,2.2737367883136385e-14,9.536743306171047e-08,3.7694640298013837e-06,9.536743306171047e-08,3.814697322468419e-07,9.5367431640625e-07,1.9073486328125e-06,0.6,0.6,0.6,0.0,0.2473684210526316,1.2673599592590334,0.7119999885559082,9.53674295089968e-09,4.7683716530855236e-08,8.583068478174027e-08
38,2.2737367883136385e-14,9.536743306171047e-08,3.7694640298013837e-06,9.536743306171047e-08,3.814697322468419e-07,9.5367431640625e-07,1.9073486328125e-06,0.6,0.6,0.6,0.0,0.2473684210526316,1.2673599592590334,0.7119999885559082,9.53674295089968e-09,4.7683716530855236e-08,8.583068478174027e-08
39,2.2737367883136385e-14,9.536743306171047e-08,3.7694640298013837e-06,9.536743306171047e-08,3.814697322468419e-07,9.5367431640625e-07,1.9073486328125e-06,0.6,0.6,0.6,0.0,0.2473684210526316,1.2673599592590334,0.7119999885559082,9.53674295089968e-09,4.7683716530855236e-08,8.583068478174027e-08
40,1.364242106869501e-13,2.8610230629055877e-07,6.63810411083432e-06,2.8610230629055877e-07,1.144409225162235e-06,2.86102294921875e-06,5.7220458984375e-06,0.4,0.4,0.4,0.0,0.5000000000000001,1.9010399388885504,1.0679999828338622,2.574920756615029e-07,1.4305115314527939e-07,2.8610230629055877e-08
41,1.364242106869501e-13,2.8610230629055877e-07,6.63810411083432e-06,2.8610230629055877e-07,1.144409225162235e-06,2.86102294921875e-06,5.7220458984375e-06,0.4,0.4,0.4,0.0,0.5000000000000001,1.9010399388885504,1.0679999828338622,2.5749204723979346e-07,1.4305115314527939e-07,2.8610230629055877e-08
42,2.2737367883136385e-14,9.536743306171047e-08,3.7694640298013837e-06,9.536743306171047e-08,3.814697322468419e-07,9.5367431640625e-07,1.9073486328125e-06,0.6,0.6,0.6,0.0,0.2473684210526316,1.2673599592590334,0.7119999885559082,9.53674295089968e-09,4.7683716530855236e-08,8.583068478174027e-08
43,2.2737367883136385e-14,9.536743306171047e-08,3.7694640298013837e-06,9.536743306171047e-08,3.814697322468419e-07,9.5367431640625e-07,1.9073486328125e-06,0.6,0.6,0.6,0.0,0.2473684210526316,1.2673599592590334,0.7119999885559082,9.53674295089968e-09,4.7683716530855236e-08,8.583068478174027e-08
44,2.2737367883136385e-14,9.536743306171047e-08,3.7694640298013837e-06,9.536743306171047e-08,3.814697322468419e-07,9.5367431640625e-07,1.9073486328125e-06,0.6,0.6,0.6,0.0,0.2473684210526316,1.2673599592590334,0.7119999885559082,9.53674295089968e-09,4.7683716530855236e-08,8.583068478174027e-08
45,1.364242106869501e-13,2.8610230629055877e-07,6.63810411083432e-06,2.8610230629055877e-07,1.144409225162235e-06,2.86102294921875e-06,5.7220458984375e-06,0.4,0.4,0.4,0.0,0.5000000000000001,1.9010399388885504,1.0679999828338622,2.574920756615029e-07,1.4305115314527939e-07,2.8610230629055877e-08
46,1.364242106869501e-13,2.8610230629055877e-07,6.63810411083432e-06,2.8610230629055877e-07,1.144409225162235e-06,2.86102294921875e-06,5.7220458984375e-06,0.4,0.4,0.4,0.0,0.5000000000000001,1.9010399388885504,1.0679999828338622,2.5749204723979346e-07,1.4305115314527939e-07,2.8610230629055877e-08
47,2.2737367883136385e-14,9.536743306171047e-08,3.7694640298013837e-06,9.536743306171047e-08,3.814697322468419e-07,9.5367431640625e-07,1.9073486328125e-06,0.6,0.6,0.6,0.0,0.2473684210526316,1.2673599592590334,0.7119999885559082,9.53674295089968e-09,4.7683716530855236e-08,8.583068478174027e-08
48,2.2737367883136385e-14,9.536743306171047e-08,3.7694640298013837e-06,9.536743306171047e-08,3.814697322468419e-07,9.5367431640625e-07,1.9073486328125e-06,0.6,0.6,0.6,0.0,0.2473684210526316,1.2673599592590334,0.7119999885559082,9.53674295089968e-09,4.7683716530855236e-08,8.583068478174027e-08
49,2.2737367883136385e-14,9.536743306171047e-08,3.7694640298013837e-06,9.536743306171047e-08,3.814697322468419e-07,9.5367431640625e-07,1.9073486328125e-06,0.6,0.6,0.6,0.0,0.2473684210526316,1.2673599592590334,0.7119999885559082,9.53674295089968e-09,4.7683716530855236e-08,8.583068478174027e-08
50,1.364242106869501e-13,2.8610230629055877e-07,6.63810411083432e-06,2.8610230629055877e-07,1.144409225162235e-06,2.86102294921875e-06,5.7220458984375e-06,0.4,0.4,0.4,0.0,0.5000000000000001,1.9010399388885504,1.0679999828338622,2.574920756615029e-07,1.4305115314527939e-07,2.8610230629055877e-08
51,1.364242106869501e-13,2.8610230629055877e-07,6.63810411083432e-06,2.8610230629055877e-07,1.144409225162235e-06,2.86102294921875e-06,5.7220458984375e-06,0.4,0.4,0.4,0.0,0.5000000000000001,1.9010399388885504,1.0679999828338622,2.5749204723979346e-07,1.4305115314527939e-07,2.8610230629055877e-08
52,2.2737367883136385e-14,9.536743306171047e-08,3.7694640298013837e-06,9.536743306171047e-08,3.814697322468419e-07,9.5367431640625e-07,1.9073486328125e-06,0.6,0.6,0.6,0.0,0.2473684210526316,1.2673599592590334,0.7119999885559082,9.53674295089968e-09,4.7683716530855236e-08,8.583068478174027e-08
53,2.2737367883136385e-14,9.536743306171047e-08,3.7694640298013837e-06,9.536743306171047e-08,3.814697322468419e-07,9.5367431640625e-07,1.9073486328125e-06,0.6,0.6,0.6,0.0,0.2473684210526316,1.2673599592590334,0.7119999885559082,9.53674295089968e-09,4.7683716530855236e-08,8.583068478174027e-08
54,2.2737367883136385e-14,9.536743306171047e-08,3.7694640298013837e-06,9.536743306171047e-08,3.814697322468419e-07,9.5367431640625e-07,1.9073486328125e-06,0.6,0.6,0.6,0.0,0.2473684210526316,1.2673599592590334,0.7119999885559082,9.53674295089968e-09,4.7683716530855236e-08,8.583068478174027e-08
55,1.364242106869501e-13,2.8610230629055877e-07,6.63810411083432e-06,2.8610230629055877e-07,1.144409225162235e-06,2.86102294921875e-06,5.7220458984375e-06,0.4,0.4,0.4,0.0,0.5000000000000001,1.9010399388885504,1.0679999828338622,2.574920756615029e-07,1.4305115314527939e-07,2.8610230629055877e-08
56,1.364242106869501e-13,2.8610230629055877e-07,6.63810411083432e-06,2.8610230629055877e-07,1.144409225162235e-06,2.86102294921875e-06,5.7220458984375e-06,0.4,0.4,0.4,0.0,0.5000000000000001,1.9010399388885504,1.0679999828338622,2.5749204723979346e-07,1.4305115314527939e-07,2.8610230629055877e-08
57,2.2737367883136385e-14,9.536743306171047e-08,3.7694640298013837e-06,9.536743306171047e-08,3.814697322468419e-07,9.5367431640625e-07,1.9073486328125e-06,0.6,0.6,0.6,0.0,0.2473684210526316,1.2673599592590334,0.7119999885559082,9.53674295089968e-09,4.7683716530855236e-08,8.583068478174027e-08
58,2.2737367883136385e-14,9.536743306171047e-08,3.7694640298013837e-06,9.536743306171047e-08,3.814697322468419e-07,9.5367431640625e-07,1.9073486328125e-06,0.6,0.6,0.6,0.0,0.2473684210526316,1.2673599592590334,0.7119999885559082,9.53674295089968e-09,4.7683716530855236e-08,8.583068478174027e-08
59,2.2737367883136385e-14,9.536743306171047e-08,3.7694640298013837e-06,9.536743306171047e-08,3.814697322468419e-07,9.5367431640625e-07,1.9073486328125e-06,0.6,0.6,0.6,0.0,0.2473684210526316,1.2673599592590334,0.7119999885559082,9.53674295089968e-09,4.7683716530855236e-08,8.583068478174027e-08
60,1.364242106869501e-13,2.8610230629055877e-07,6.63810411083432e-06,2.8610230629055877e-07,1.144409225162235e-06,2.86102294921875e-06,5.7220458984375e-06,0.4,0.4,0.4,0.0,0.5000000000000001,1.9010399388885504,1.0679999828338622,2.574920756615029e-07,1.4305115314527939e-07,2.8610230629055877e-08
61,1.364242106869501e-13,2.8610230629055877e-07,6.63810411083432e-06,2.8610230629055877e-07,1.144409225162235e-06,2.86102294921875e-06,5.7220458984375e-06,0.4,0.4,0.4,0.0,0.5000000000000001,1.9010399388885504,1.0679999828338622,2.5749204723979346e-07,1.4305115314527939e-07,2.8610230629055877e-08
62,2.2737367883136385e-14,9.536743306171047e-08,3.7694640298013837e-06,9.536743306171047e-08,3.814697322468419e-07,9.5367431640625e-07,1.9073486328125e-06,0.6,0.6,0.6,0.0,0.2473684210526316,1.2673599592590334,0.7119999885559082,9.53674295089968e-09,4.7683716530855236e-08,8.583068478174027e-08
63,2.2737367883136385e-14,9.536743306171047e-08,3.7694640298013837e-06,9.536743306171047e-08,3.814697322468419e-07,9.5367431640625e-07,1.9073486328125e-06,0.6,0.6,0.6,0.0,0.2473684210526316,1.2673599592590334,0.7119999885559082,9.53674295089968e-09,4.7683716530855236e-08,8.583068478174027e-08
64,2.2737367883136385e-14,9.536743306171047e-08,3.7694640298013837e-06,9.536743306171047e-08,3.814697322468419e-07,9.5367431640625e-07,1.9073486328125e-06,0.6,0.6,0.6,0.0,0.2473684210526316,1.2673599592590334,0.7119999885559082,9.53674295089968e-09,4.7683716530855236e-08,8.583068478174027e-08
65,1.364242106869501e-13,2.8610230629055877e-07,6.63810411083432e-06,2.8610230629055877e-07,1.144409225162235e-06,2.86102294921875e-06,5.7220458984375e-06,0.4,0.4,0.4,0.0,0.5000000000000001,1.9010399388885504,1.0679999828338622,2.574920756615029e-07,1.4305115314527939e-07,2.8610230629055877e-08
66,1.364242106869501e-13,2.8610230629055877e-07,6.63810411083432e-06,2.8610230629055877e-07,1.144409225162235e-06,2.86102294921875e-06,5.7220458984375e-06,0.4,0.4,0.4,0.0,0.5000000000000001,1.9010399388885504,1.0679999828338622,2.5749204723979346e-07,1.4305115314527939e-07,2.8610230629055877e-08
67,2.2737367883136385e-14,9.536743306171047e-08,3.7694640298013837e-06,9.536743306171047e-08,3.814697322468419e-07,9.5367431640625e-07,1.9073486328125e-06,0.6,0.6,0.6,0.0,0.2473684210526316,1.2673599592590334,0.7119999885559082,9.53674295089968e-09,4.7683716530855236e-08,8.583068478174027e-08
68,2.2737367883136385e-14,9.536743306171047e-08,3.7694640298013837e-06,9.536743306171047e-08,3.814697322468419e-07,9.5367431640625e-07,1.9073486328125e-06,0.6,0.6,0.6,0.0,0.2473684210526316,1.2673599592590334,0.7119999885559082,9.53674295089968e-09,4.7683716530855236e-08,8.583068478174027e-08
69,2.2737367883136385e-14,9.536743306171047e-08,3.7694640298013837e-06,9.536743306171047e-08,3.814697322468419e-07,9.5367431640625e-07,1.9073486328125e-06,0.6,0.6,0.6,0.0,0.2473684210526316,1.2673599592590334,0.7119999885559082,9.53674295089968e-09,4.7683716530855236e-08,8.583068478174027e-08
70,1.364242106869501e-13,2.8610230629055877e-07,6.63810411083432e-06,2.8610230629055877e-07,1.144409225162235e-06,2.86102294921875e-06,5.7220458984375e-06,0.4,0.4,0.4,0.0,0.5000000000000001,1.9010399388885504,1.0679999828338622,2.574920756615029e-07,1.4305115314527939e-07,2.8610230629055877e-08
71,1.364242106869501e-13,2.8610230629055877e-07,6.63810411083432e-06,2.8610230629055877e-07,1.144409225162235e-06,2.86102294921875e-06,5.7220458984375e-06,0.4,0.4,0.4,0.0,0.5000000000000001,1.9010399388885504,1.0679999828338622,2.5749204723979346e-07,1.4305115314527939e-07,2.8610230629055877e-08
72,2.2737367883136385e-14,9.536743306171047e-08,3.7694640298013837e-06,9.536743306171047e-08,3.814697322468419e-07,9.5367431640625e-07,1.9073486328125e-06,0.6,0.6,0.6,0.0,0.2473684210526316,1.2673599592590334,0.7119999885559082,9.53674295089968e-09,4.7683716530855236e-08,8.583068478174027e-08
73,2.2737367883136385e-14,9.536743306171047e-08,3.7694640298013837e-06,9.536743306171047e-08,3.814697322468419e-07,9.5367431640625e-07,1.9073486328125e-06,0.6,0.6,0.6,0.0,0.2473684210526316,1.2673599592590334,0.7119999885559082,9.53674295089968e-09,4.7683716530855236e-08,8.583068478174027e-08
74,2.2737367883136385e-14,9.536743306171047e-08,3.7694640298013837e-06,9.536743306171047e-08,3.814697322468419e-07,9.5367431640625e-07,1.9073486328125e-06,0.6,0.6,0.6,0.0,0.2473684210526316,1.2673599592590334,0.7119999885559082,9.53674295089968e-09,4.7683716530855236e-08,8.583068478174027e-08
75,1.364242106869501e-13,2.8610230629055877e-07,6.63810411083432e-06,2.8610230629055877e-07,1.144409225162235e-06,2.86102294921875e-06,5.7220458984375e-06,0.4,0.4,0.4,0.0,0.5000000000000001,1.9010399388885504,1.0679999828338622,2.574920756615029e-07,1.4305115314527939e-07,2.8610230629055877e-08
76,1.364242106869501e-13,2.8610230629055877e-07,6.63810411083432e-06,2.8610230629055877e-07,1.144409225162235e-06,2.86102294921875e-06,5.7220458984375e-06,0.4,0.4,0.4,0.0,0.5000000000000001,1.9010399388885504,1.0679999828338622,2.5749204723979346e-07,1.4305115314527939e-07,2.8610230629055877e-08
77,2.2737367883136385e-14,9.536743306171047e-08,3.7694640298013837e-06,9.536743306171047e-08,3.814697322468419e-07,9.5367431640625e-07,1.9073486328125e-06,0.6,0.6,0.6,0.0,0.2473684210526316,1.2673599592590334,0.7119999885559082,9.53674295089968e-09,4.7683716530855236e-08,8.583068478174027e-08
78,2.2737367883136385e-14,9.536743306171047e-08,3.7694640298013837e-06,9.536743306171047e-08,3.814697322468419e-07,9.5367431640625e-07,1.9073486328125e-06,0.6,0.6,0.6,0.0,0.2473684210526316,1.2673599592590334,0.7119999885559082,9.53674295089968e-09,4.7683716530855236e-08,8.583068478174027e-08
79,2.2737367883136385e-14,9.536743306171047e-08,3.7694640298013837e-06,9.536743306171047e-08,3.814697322468419e-07,9.5367431640625e-07,1.9073486328125e-06,0.6,0.6,0.6,0.0,0.2473684210526316,1.2673599592590334,0.7119999885559082,9.53674295089968e-09,4.7683716530855236e-08,8.583068478174027e-08
80,1.364242106869501e-13,2.8610230629055877e-07,6.63810411083432e-06,2.8610230629055877e-07,1.144409225162235e-06,2.86102294921875e-06,5.7220458984375e-06,0.4,0.4,0.4,0.0,0.5000000000000001,1.9010399388885504,1.0679999828338622,2.574920756615029e-07,1.4305115314527939e-07,2.8610230629055877e-08
81,1.364242106869501e-13,2.8610230629055877e-07,6.63810411083432e-06,2.8610230629055877e-07,1.144409225162235e-06,2.86102294921875e-06,5.7220458984375e-06,0.4,0.4,0.4,0.0,0.5000000000000001,1.9010399388885504,1.0679999828338622,2.5749204723979346e-07,1.4305115314527939e-07,2.8610230629055877e-08
82,2.2737367883136385e-14,9.536743306171047e-08,3.7694640298013837e-06,9.536743306171047e-08,3.814697322468419e-07,9.5367431640625e-07,1.9073486328125e-06,0.6,0.6,0.6,0.0,0.2473684210526316,1.2673599592590334,0.7119999885559082,9.53674295089968e-09,4.7683716530855236e-08,8.583068478174027e-08
83,2.2737367883136385e-14,9.536743306171047e-08,3.7694640298013837e-06,9.536743306171047e-08,3.814697322468419e-07,9.5367431640625e-07,1.9073486328125e-06,0.6,0.6,0.6,0.0,0.2473684210526316,1.2673599592590334,0.7119999885559082,9.53674295089968e-09,4.7683716530855236e-08,8.583068478174027e-08
84,2.2737367883136385e-14,9.536743306171047e-08,3.7694640298013837e-06,9.536743306171047e-08,3.814697322468419e-07,9.5367431640625e-07,1.9073486328125e-06,0.6,0.6,0.6,0.0,0.2473684210526316,1.2673599592590334,0.7119999885559082,9.53674295089968e-09,4.7683716530855236e-08,8.583068478174027e-08
85,1.364242106869501e-13,2.8610230629055877e-07,6.63810411083432e-06,2.8610230629055877e-07,1.144409225162235e-06,2.86102294921875e-06,5.7220458984375e-06,0.4,0.4,0.4,0.0,0.5000000000000001,1.9010399388885504,1.0679999828338622,2.574920756615029e-07,1.4305115314527939e-07,2.8610230629055877e-08
86,1.364242106869501e-13,2.8610230629055877e-07,6.63810411083432e-06,2.8610230629055877e-07,1.144409225162235e-06,2.86102294921875e-06,5.7220458984375e-06,0.4,0.4,0.4,0.0,0.5000000000000001,1.9010399388885504,1.0679999828338622,2.5749204723979346e-07,1.4305115314527939e-07,2.8610230629055877e-08
87,2.2737367883136385e-14,9.536743306171047e-08,3.7694640298013837e-06,9.536743306171047e-08,3.814697322468419e-07,9.5367431640625e-07,1.9073486328125e-06,0.6,0.6,0.6,0.0,0.2473684210526316,1.2673599592590334,0.7119999885559082,9.53674295089968e-09,4.7683716530855236e-08,8.583068478174027e-08
88,2.2737367883136385e-14,9.536743306171047e-08,3.7694640298013837e-06,9.536743306171047e-08,3.814697322468419e-07,9.5367431640625e-07,1.9073486328125e-06,0.6,0.6,0.6,0.0,0.2473684210526316,1.2673599592590334,0.7119999885559082,9.53674295089968e-09,4.7683716530855236e-08,8.583068478174027e-08
89,2.2737367883136385e-14,9.536743306171047e-08,3.7694640298013837e-06,9.536743306171047e-08,3.814697322468419e-07,9.5367431640625e-07,1.9073486328125e-06,0.6,0.6,0.6,0.0,0.2473684210526316,1.2673599592590334,0.7119999885559082,9.53674295089968e-09,4.7683716530855236e-08,8.583068478174027e-08
90,1.364242106869501e-13,2.8610230629055877e-07,6.63810411083432e-06,2.8610230629055877e-07,1.144409225162235e-06,2.86102294921875e-06,5.7220458984375e-06,0.4,0.4,0.4,0.0,0.5000000000000001,1.9010399388885504,1.0679999828338622,2.574920756615029e-07,1.4305115314527939e-07,2.8610230629055877e-08
91,1.364242106869501e-13,2.8610230629055877e-07,6.63810411083432e-06,2.8610230629055877e-07,1.144409225162235e-06,2.86102294921875e-06,5.7220458984375e-06,0.4,0.4,0.4,0.0,0.5000000000000001,1.9010399388885504,1.0679999828338622,2.5749204723979346e-07,1.4305115314527939e-07,2.8610230629055877e-08
92,2.2737367883136385e-14,9.536743306171047e-08,3.7694640298013837e-06,9.536743306171047e-08,3.814697322468419e-07,9.5367431640625e-07,1.9073486328125e-06,0.6,0.6,0.6,0.0,0.2473684210526316,1.2673599592590334,0.7119999885559082,9.53674295089968e-09,4.7683716530855236e-08,8.583068478174027e-08
93,2.2737367883136385e-14,9.536743306171047e-08,3.7694640298013837e-06,9.536743306171047e-08,3.814697322468419e-07,9.5367431640625e-07,1.9073486328125e-06,0.6,0.6,0.6,0.0,0.2473684210526316,1.2673599592590334,0.7119999885559082,9.53674295089968e-09,4.7683716530855236e-08,8.583068478174027e-08
94,2.2737367883136385e-14,9.536743306171047e-08,3.7694640298013837e-06,9.536743306171047e-08,3.814697322468419e-07,9.5367431640625e-07,1.9073486328125e-06,0.6,0.6,0.6,0.0,0.2473684210526316,1.2673599592590334,0.7119999885559082,9.53674295089968e-09,4.7683716530855236e-08,8.583068478174027e-08
95,1.364242106869501e-13,2.8610230629055877e-07,6.63810411083432e-06,2.8610230629055877e-07,1.144409225162235e-06,2.86102294921875e-06,5.7220458984375e-06,0.4,0.4,0.4,0.0,0.5000000000000001,1.9010399388885504,1.0679999828338622,2.574920756615029e-07,1.4305115314527939e-07,2.8610230629055877e-08
96,1.364242106869501e-13,2.8610230629055877e-07,6.63810411083432e-06,2.8610230629055877e-07,1.144409225162235e-06,2.86102294921875e-06,5.7220458984375e-06,0.4,0.4,0.4,0.0,0.5000000000000001,1.9010399388885504,1.0679999828338622,2.5749204723979346e-07,1.4305115314527939e-07,2.8610230629055877e-08
97,2.2737367883136385e-14,9.536743306171047e-08,3.7694640298013837e-06,9.536743306171047e-08,3.814697322468419e-07,9.5367431640625e-07,1.9073486328125e-06,0.6,0.6,0.6,0.0,0.2473684210526316,1.2673599592590334,0.7119999885559082,9.53674295089968e-09,4.7683716530855236e-08,8.583068478174027e-08
98,2.2737367883136385e-14,9.536743306171047e-08,3.7694640298013837e-06,9.536743306171047e-08,3.814697322468419e-07,9.5367431640625e-07,1.9073486328125e-06,0.6,0.6,0.6,0.0,0.2473684210526316,1.2673599592590334,0.7119999885559082,9.53674295089968e-09,4.7683716530855236e-08,8.583068478174027e-08
99,2.2737367883136385e-14,9.536743306171047e-08,3.7694640298013837e-06,9.536743306171047e-08,3.814697322468419e-07,9.5367431640625e-07,1.9073486328125e-06,0.6,0.6,0.6,0.0,0.2473684210526316,1.2673599592590334,0.7119999885559082,9.53674295089968e-09,4.7683716530855236e-08,8.583068478174027e-08
100,1.364242106869501e-13,2.8610230629055877e-07,6.63810411083432e-06,2.8610230629055877e-07,1.144409225162235e-06,2.86102294921875e-06,5.7220458984375e-06,0.4,0.4,0.4,0.0,0.5000000000000001,1.9010399388885504,1.0679999828338622,2.574920756615029e-07,1.4305115314527939e-07,2.8610230629055877e-08
101,1.364242106869501e-13,2.8610230629055877e-07,6.63810411083432e-06,2.8610230629055877e-07,1.144409225162235e-06,2.86102294921875e-06,5.7220458984375e-06,0.4,0.4,0.4,0.0,0.5000000000000001,1.9010399388885504,1.0679999828338622,2.5749204723979346e-07,1.4305115314527939e-07,2.8610230629055877e-08
102,2.2737367883136385e-14,9.536743306171047e-08,3.7694640298013837e-06,9.536743306171047e-08,3.814697322468419e-07,9.5367431640625e-07,1.9073486328125e-06,0.6,0.6,0.6,0.0,0.2473684210526316,1.2673599592590334,0.7119999885559082,9.53674295089968e-09,4.7683716530855236e-08,8.583068478174027e-08
103,2.2737367883136385e-14,9.536743306171047e-08,3.7694640298013837e-06,9.536743306171047e-08,3.814697322468419e-07,9.5367431640625e-07,1.9073486328125e-06,0.6,0.6,0.6,0.0,0.2473684210526316,1.2673599592590334,0.7119999885559082,9.53674295089968e-09,4.7683716530855236e-08,8.583068478174027e-08
104,2.2737367883136385e-14,9.536743306171047e-08,3.7694640298013837e-06,9.536743306171047e-08,3.814697322468419e-07,9.5367431640625e-07,1.9073486328125e-06,0.6,0.6,0.6,0.0,0.2473684210526316,1.2673599592590334,0.7119999885559082,9.53674295089968e-09,4.7683716530855236e-08,8.583068478174027e-08
105,1.364242106869501e-13,2.8610230629055877e-07,6.63810411083432e-06,2.8610230629055877e-07,1.144409225162235e-06,2.86102294921875e-06,5.7220458984375e-06,0.4,0.4,0.4,0.0,0.5000000000000001,1.9010399388885504,1.0679999828338622,2.574920756615029e-07,1.4305115314527939e-07,2.8610230629055877e-08
106,1.364242106869501e-13,2.8610230629055877e-07,6.63810411083432e-06,2.8610230629055877e-07,1.144409225162235e-06,2.86102294921875e-06,5.7220458984375e-06,0.4,0.4,0.4,0.0,0.5000000000000001,1.9010399388885504,1.0679999828338622,2.5749204723979346e-07,1.4305115314527939e-07,2.8610230629055877e-08
107,2.2737367883136385e-14,9.536743306171047e-08,3.7694640298013837e-06,9.536743306171047e-08,3.814697322468419e-07,9.5367431640625e-07,1.9073486328125e-06,0.6,0.6,0.6,0.0,0.2473684210526316,1.2673599592590334,0.7119999885559082,9.53674295089968e-09,4.7683716530855236e-08,8.583068478174027e-08
108,2.2737367883136385e-14,9.536743306171047e-08,3.7694640298013837e-06,9.536743306171047e-08,3.814697322468419e-07,9.5367431640625e-07,1.9073486328125e-06,0.6,0.6,0.6,0.0,0.2473684210526316,1.2673599592590334,0.7119999885559082,9.53674295089968e-09,4.7683716530855236e-08,8.583068478174027e-08
109,2.2737367883136385e-14,9.536743306171047e-08,3.7694640298013837e-06,9.536743306171047e-08,3.814697322468419e-07,9.5367431640625e-07,1.9073486328125e-06,0.6,0.6,0.6,0.0,0.2473684210526316,1.2673599592590334,0.7119999885559082,9.53674295089968e-09,4.7683716530855236e-08,8.583068478174027e-08
110,1.364242106869501e-13,2.8610230629055877e-07,6.63810411083432e-06,2.8610230629055877e-07,1.144409225162235e-06,2.86102294921875e-06,5.7220458984375e-06,0.4,0.4,0.4,0.0,0.5000000000000001,1.9010399388885504,1.0679999828338622,2.574920756615029e-07,1.4305115314527939e-07,2.8610230629055877e-08
111,1.364242106869501e-13,2.8610230629055877e-07,6.63810411083432e-06,2.8610230629055877e-07,1.144409225162235e-06,2.86102294921875e-06,5.7220458984375e-06,0.4,0.4,0.4,0.0,0.5000000000000001,1.9010399388885504,1.0679999828338622,2.5749204723979346e-07,1.4305115314527939e-07,2.8610230629055877e-08
112,2.2737367883136385e-14,9.536743306171047e-08,3.7694640298013837e-06,9.536743306171047e-08,3.814697322468419e-07,9.5367431640625e-07,1.9073486328125e-06,0.6,0.6,0.6,0.0,0.2473684210526316,1.2673599592590334,0.7119999885559082,9.53674295089968e-09,4.7683716530855236e-08,8.583068478174027e-08
113,2.2737367883136385e-14,9.536743306171047e-08,3.7694640298013837e-06,9.536743306171047e-08,3.814697322468419e-07,9.5367431640625e-07,1.9073486328125e-06,0.6,0.6,0.6,0.0,0.2473684210526316,1.2673599592590334,0.7119999885559082,9.53674295089968e-09,4.7683716530855236e-08,8.583068478174027e-08
114,2.2737367883136385e-14,9.536743306171047e-08,3.7694640298013837e-06,9.536743306171047e-08,3.814697322468419e-07,9.5367431640625e-07,1.9073486328125e-06,0.6,0.6,0.6,0.0,0.2473684210526316,1.2673599592590334,0.7119999885559082,9.53674295089968e-09,4.7683716530855236e-08,8.583068478174027e-08
115,1.364242106869501e-13,2.8610230629055877e-07,6.63810411083432e-06,2.8610230629055877e-07,1.144409225162235e-06,2.86102294921875e-06,5.7220458984375e-06,0.4,0.4,0.4,0.0,0.5000000000000001,1.9010399388885504,1.0679999828338622,2.574920756615029e-07,1.4305115314527939e-07,2.8610230629055877e-08
116,1.364242106869501e-13,2.8610230629055877e-07,6.63810411083432e-06,2.8610230629055877e-07,1.144409225162235e-06,2.86102294921875e-06,5.7220458984375e-06,0.4,0.4,0.4,0.0,0.5000000000000001,1.9010399388885504,1.0679999828338622,2.5749204723979346e-07,1.4305115314527939e-07,2.8610230629055877e-08
117,2.2737367883136385e-14,9.536743306171047e-08,3.7694640298013837e-06,9.536743306171047e-08,3.814697322468419e-07,9.5367431640625e-07,1.9073486328125e-06,0.6,0.6,0.6,0.0,0.2473684210526316,1.2673599592590334,0.7119999885559082,9.53674295089968e-09,4.7683716530855236e-08,8.583068478174027e-08
118,2.2737367883136385e-14,9.536743306171047e-08,3.7694640298013837e-06,9.536743306171047e-08,3.814697322468419e-07,9.5367431640625e-07,1.9073486328125e-06,0.6,0.6,0.6,0.0,0.2473684210526316,1.2673599592590334,0.7119999885559082,9.53674295089968e-09,4.7683716530855236e-08,8.583068478174027e-08
119,2.2737367883136385e-14,9.536743306171047e-08,3.7694640298013837e-06,9.536743306171047e-08,3.814697322468419e-07,9.5367431640625e-07,1.9073486328125e-06,0.6,0.6,0.6,0.0,0.2473684210526316,1.2673599592590334,0.7119999885559082,9.53674295089968e-09,4.7683716530855236e-08,8.583068478174027e-08
120,1.364242106869501e-13,2.8610230629055877e-07,6.63810411083432e-06,2.8610230629055877e-07,1.144409225162235e-06,2.86102294921875e-06,5.7220458984375e-06,0.4,0.4,0.4,0.0,0.5000000000000001,1.9010399388885504,1.0679999828338622,2.574920756615029e-07,1.4305115314527939e-07,2.8610230629055877e-08
121,1.364242106869501e-13,2.8610230629055877e-07,6.63810411083432e-06,2.8610230629055877e-07,1.144409225162235e-06,2.86102294921875e-06,5.7220458984375e-06,0.4,0.4,0.4,0.0,0.5000000000000001,1.9010399388885504,1.0679999828338622,2.5749204723979346e-07,1.4305115314527939e-07,2.8610230629055877e-08
122,2.2737367883136385e-14,9.536743306171047e-08,3.7694640298013837e-06,9.536743306171047e-08,3.814697322468419e-07,9.5367431640625e-07,1.9073486328125e-06,0.6,0.6,0.6,0.0,0.2473684210526316,1.2673599592590334,0.7119999885559082,9.53674295089968e-09,4.7683716530855236e-08,8.583068478174027e-08
123,2.2737367883136385e-14,9.536743306171047e-08,3.7694640298013837e-06,9.536743306171047e-08,3.814697322468419e-07,9.5367431640625e-07,1.9073486328125e-06,0.6,0.6,0.6,0.0,0.2473684210526316,1.2673599592590334,0.7119999885559082,9.53674295089968e-09,4.7683716530855236e-08,8.583068478174027e-08
124,2.2737367883136385e-14,9.536743306171047e-08,3.7694640298013837e-06,9.536743306171047e-08,3.814697322468419e-07,9.5367431640625e-07,1.9073486328125e-06,0.6,0.6,0.6,0.0,0.2473684210526316,1.2673599592590334,0.7119999885559082,9.53674295089968e-09,4.7683716530855236e-08,8.583068478174027e-08
125,1.364242106869501e-13,2.8610230629055877e-07,6.63810411083432e-06,2.8610230629055877e-07,1.144409225162235e-06,2.86102294921875e-06,5.7220458984375e-06,0.4,0.4,0.4,0.0,0.5000000000000001,1.9010399388885504,1.0679999828338622,2.574920756615029e-07,1.4305115314527939e-07,2.8610230629055877e-08
126,1.364242106869501e-13,2.8610230629055877e-07,6.63810411083432e-06,2.8610230629055877e-07,1.144409225162235e-06,2.86102294921875e-06,5.7220458984375e-06,0.4,0.4,0.4,0.0,0.5000000000000001,1.9010399388885504,1.0679999828338622,2.5749204723979346e-07,1.4305115314527939e-07,2.8610230629055877e-08
127,2.2737367883136385e-14,9.536743306171047e-08,3.7694640298013837e-06,9.536743306171047e-08,3.814697322468419e-07,9.5367431640625e-07,1.9073486328125e-06,0.6,0.6,0.6,0.0,0.2473684210526316,1.2673599592590334,0.7119999885559082,9.53674295089968e-09,4.7683716530855236e-08,8.583068478174027e-08
128,2.2737367883136385e-14,9.536743306171047e-08,3.7694640298013837e-06,9.536743306171047e-08,3.814697322468419e-07,9.5367431640625e-07,1.9073486328125e-06,0.6,0.6,0.6,0.0,0.2473684210526316,1.2673599592590334,0.7119999885559082,9.53674295089968e-09,4.7683716530855236e-08,8.583068478174027e-08
129,2.2737367883136385e-14,9.536743306171047e-08,3.7694640298013837e-06,9.536743306171047e-08,3.814697322468419e-07,9.5367431640625e-07,1.9073486328125e-06,0.6,0.6,0.6,0.0,0.2473684210526316,1.2673599592590334,0.7119999885559082,9.53674295089968e-09,4.7683716530855236e-08,8.583068478174027e-08
130,1.364242106869501e-13,2.8610230629055877e-07,6.63810411083432e-06,2.8610230629055877e-07,1.144409225162235e-06,2.86102294921875e-06,5.7220458984375e-06,0.4,0.4,0.4,0.0,0.5000000000000001,1.9010399388885504,1.0679999828338622,2.574920756615029e-07,1.4305115314527939e-07,2.8610230629055877e-08
131,1.364242106869501e-13,2.8610230629055877e-07,6.63810411083432e-06,2.8610230629055877e-07,1.144409225162235e-06,2.86102294921875e-06,5.7220458984375e-06,0.4,0.4,0.4,0.0,0.5000000000000001,1.9010399388885504,1.0679999828338622,2.5749204723979346e-07,1.4305115314527939e-07,2.8610230629055877e-08
132,2.2737367883136385e-14,9.536743306171047e-08,3.7694640298013837e-06,9.536743306171047e-08,3.814697322468419e-07,9.5367431640625e-07,1.9073486328125e-06,0.6,0.6,0.6,0.0,0.2473684210526316,1.2673599592590334,0.7119999885559082,9.53674295089968e-09,4.7683716530855236e-08,8.583068478174027e-08
133,2.2737367883136385e-14,9.536743306171047e-08,3.7694640298013837e-06,9.536743306171047e-08,3.814697322468419e-07,9.5367431640625e-07,1.9073486328125e-06,0.6,0.6,0.6,0.0,0.2473684210526316,1.2673599592590334,0.7119999885559082,9.53674295089968e-09,4.7683716530855236e-08,8.583068478174027e-08
134,2.2737367883136385e-14,9.536743306171047e-08,3.7694640298013837e-06,9.536743306171047e-08,3.814697322468419e-07,9.5367431640625e-07,1.9073486328125e-06,0.6,0.6,0.6,0.0,0.2473684210526316,1.2673599592590334,0.7119999885559082,9.53674295089968e-09,4.7683716530855236e-08,8.583068478174027e-08
135,1.364242106869501e-13,2.8610230629055877e-07,6.63810411083432e-06,2.8610230629055877e-07,1.144409225162235e-06,2.86102294921875e-06,5.7220458984375e-06,0.4,0.4,0.4,0.0,0.5000000000000001,1.9010399388885504,1.0679999828338622,2.574920756615029e-07,1.4305115314527939e-07,2.8610230629055877e-08
136,1.364242106869501e-13,2.8610230629055877e-07,6.63810411083432e-06,2.8610230629055877e-07,1.144409225162235e-06,2.86102294921875e-06,5.7220458984375e-06,0.4,0.4,0.4,0.0,0.5000000000000001,1.9010399388885504,1.0679999828338622,2.5749204723979346e-07,1.4305115314527939e-07,2.8610230629055877e-08
137,2.2737367883136385e-14,9.536743306171047e-08,3.7694640298013837e-06,9.536743306171047e-08,3.814697322468419e-07,9.5367431640625e-07,1.9073486328125e-06,0.6,0.6,0.6,0.0,0.2473684210526316,1.2673599592590334,0.7119999885559082,9.53674295089968e-09,4.7683716530855236e-08,8.583068478174027e-08
138,2.2737367883136385e-14,9.536743306171047e-08,3.7694640298013837e-06,9.536743306171047e-08,3.814697322468419e-07,9.5367431640625e-07,1.9073486328125e-06,0.6,0.6,0.6,0.0,0.2473684210526316,1.2673599592590334,0.7119999885559082,9.53674295089968e-09,4.7683716530855236e-08,8.583068478174027e-08
139,2.2737367883136385e-14,9.536743306171047e-08,3.7694640298013837e-06,9.536743306171047e-08,3.814697322468419e-07,9.5367431640625e-07,1.9073486328125e-06,0.6,0.6,0.6,0.0,0.2473684210526316,1.2673599592590334,0.7119999885559082,9.53674295089968e-09,4.7683716530855236e-08,8.583068478174027e-08
140,1.364242106869501e-13,2.8610230629055877e-07,6.63810411083432e-06,2.8610230629055877e-07,1.144409225162235e-06,2.86102294921875e-06,5.7220458984375e-06,0.4,0.4,0.4,0.0,0.5000000000000001,1.9010399388885504,1.0679999828338622,2.574920756615029e-07,1.4305115314527939e-07,2.8610230629055877e-08
141,1.364242106869501e-13,2.8610230629055877e-07,6.63810411083432e-06,2.8610230629055877e-07,1.144409225162235e-06,2.86102294921875e-06,5.7220458984375e-06,0.4,0.4,0.4,0.0,0.5000000000000001,1.9010399388885504,1.0679999828338622,2.5749204723979346e-07,1.4305115314527939e-07,2.8610230629055877e-08
142,2.2737367883136385e-14,9.536743306171047e-08,3.7694640298013837e-06,9.536743306171047e-08,3.814697322468419e-07,9.5367431640625e-07,1.9073486328125e-06,0.6,0.6,0.6,0.0,0.2473684210526316,1.2673599592590334,0.7119999885559082,9.53674295089968e-09,4.7683716530855236e-08,8.583068478174027e-08
143,2.2737367883136385e-14,9.536743306171047e-08,3.7694640298013837e-06,9.536743306171047e-08,3.814697322468419e-07,9.5367431640625e-07,1.9073486328125e-06,0.6,0.6,0.6,0.0,0.2473684210526316,1.2673599592590334,0.7119999885559082,9.53674295089968e-09,4.7683716530855236e-08,8.583068478174027e-08
144,2.2737367883136385e-14,9.536743306171047e-08,3.7694640298013837e-06,9.536743306171047e-08,3.814697322468419e-07,9.5367431640625e-07,1.9073486328125e-06,0.6,0.6,0.6,0.0,0.2473684210526316,1.2673599592590334,0.7119999885559082,9.53674295089968e-09,4.7683716530855236e-08,8.583068478174027e-08
145,1.364242106869501e-13,2.8610230629055877e-07,6.63810411083432e-06,2.8610230629055877e-07,1.144409225162235e-06,2.86102294921875e-06,5.7220458984375e-06,0.4,0.4,0.4,0.0,0.5000000000000001,1.9010399388885504,1.0679999828338622,2.574920756615029e-07,1.4305115314527939e-07,2.8610230629055877e-08
146,1.364242106869501e-13,2.8610230629055877e-07,6.63810411083432e-06,2.8610230629055877e-07,1.144409225162235e-06,2.86102294921875e-06,5.7220458984375e-06,0.4,0.4,0.4,0.0,0.5000000000000001,1.9010399388885504,1.0679999828338622,2.5749204723979346e-07,1.4305115314527939e-07,2.8610230629055877e-08
147,2.2737367883136385e-14,9.536743306171047e-08,3.7694640298013837e-06,9.536743306171047e-08,3.814697322468419e-07,9.5367431640625e-07,1.9073486328125e-06,0.6,0.6,0.6,0.0,0.2473684210526316,1.2673599592590334,0.7119999885559082,9.53674295089968e-09,4.7683716530855236e-08,8.583068478174027e-08
148,2.2737367883136385e-14,9.536743306171047e-08,3.7694640298013837e-06,9.536743306171047e-08,3.814697322468419e-07,9.5367431640625e-07,1.9073486328125e-06,0.6,0.6,0.6,0.0,0.2473684210526316,1.2673599592590334,0.7119999885559082,9.53674295089968e-09,4.7683716530855236e-08,8.583068478174027e-08
149,2.2737367883136385e-14,9.536743306171047e-08,3.7694640298013837e-06,9.536743306171047e-08,3.814697322468419e-07,9.5367431640625e-07,1.9073486328125e-06,0.6,0.6,0.6,0.0,0.2473684210526316,1.2673599592590334,0.7119999885559082,9.53674295089968e-09,4.7683716530855236e-08,8.583068478174027e-08
150,1.364242106869501e-13,2.8610230629055877e-07,6.63810411083432e-06,2.8610230629055877e-07,1.144409225162235e-06,2.86102294921875e-06,5.7220458984375e-06,0.4,0.4,0.4,0.0,0.5000000000000001,1.9010399388885504,1.0679999828338622,2.574920756615029e-07,1.4305115314527939e-07,2.8610230629055877e-08
151,1.364242106869501e-13,2.8610230629055877e-07,6.63810411083432e-06,2.8610230629055877e-07,1.144409225162235e-06,2.86102294921875e-06,5.7220458984375e-06,0.4,0.4,0.4,0.0,0.5000000000000001,1.9010399388885504,1.0679999828338622,2.5749204723979346e-07,1.4305115314527939e-07,2.8610230629055877e-08
152,2.2737367883136385e-14,9.536743306171047e-08,3.7694640298013837e-06,9.536743306171047e-08,3.814697322468419e-07,9.5367431640625e-07,1.9073486328125e-06,0.6,0.6,0.6,0.0,0.2473684210526316,1.2673599592590334,0.7119999885559082,9.53674295089968e-09,4.7683716530855236e-08,8.583068478174027e-08
153,2.2737367883136385e-14,9.536743306171047e-08,3.7694640298013837e-06,9.536743306171047e-08,3.814697322468419e-07,9.5367431640625e-07,1.9073486328125e-06,0.6,0.6,0.6,0.0,0.2473684210526316,1.2673599592590334,0.7119999885559082,9.53674295089968e-09,4.7683716530855236e-08,8.583068478174027e-08
154,2.2737367883136385e-14,9.536743306171047e-08,3.7694640298013837e-06,9.536743306171047e-08,3.814697322468419e-07,9.5367431640625e-07,1.9073486328125e-06,0.6,0.6,0.6,0.0,0.2473684210526316,1.2673599592590334,0.7119999885559082,9.53674295089968e-09,4.7683716530855236e-08,8.583068478174027e-08
155,1.364242106869501e-13,2.8610230629055877e-07,6.63810411083432e-06,2.8610230629055877e-07,1.144409225162235e-06,2.86102294921875e-06,5.7220458984375e-06,0.4,0.4,0.4,0.0,0.5000000000000001,1.9010399388885504,1.0679999828338622,2.574920756615029e-07,1.4305115314527939e-07,2.8610230629055877e-08
156,1.364242106869501e-13,2.8610230629055877e-07,6.63810411083432e-06,2.8610230629055877e-07,1.144409225162235e-06,2.86102294921875e-06,5.7220458984375e-06,0.4,0.4,0.4,0.0,0.5000000000000001,1.9010399388885504,1.0679999828338622,2.5749204723979346e-07,1.4305115314527939e-07,2.8610230629055877e-08
157,2.2737367883136385e-14,9.536743306171047e-08,3.7694640298013837e-06,9.536743306171047e-08,3.814697322468419e-07,9.5367431640625e-07,1.9073486328125e-06,0.6,0.6,0.6,0.0,0.2473684210526316,1.2673599592590334,0.7119999885559082,9.53674295089968e-09,4.7683716530855236e-08,8.583068478174027e-08
158,2.2737367883136385e-14,9.536743306171047e-08,3.7694640298013837e-06,9.536743306171047e-08,3.814697322468419e-07,9.5367431640625e-07,1.9073486328125e-06,0.6,0.6,0.6,0.0,0.2473684210526316,1.2673599592590334,0.7119999885559082,9.53674295089968e-09,4.7683716530855236e-08,8.583068478174027e-08
159,2.2737367883136385e-14,9.536743306171047e-08,3.7694640298013837e-06,9.536743306171047e-08,3.814697322468419e-07,9.5367431640625e-07,1.9073486328125e-06,0.6,0.6,0.6,0.0,0.2473684210526316,1.2673599592590334,0.7119999885559082,9.53674295089968e-09,4.7683716530855236e-08,8.583068478174027e-08
160,1.364242106869501e-13,2.8610230629055877e-07,6.63810411083432e-06,2.8610230629055877e-07,1.144409225162235e-06,2.86102294921875e-06,5.7220458984375e-06,0.4,0.4,0.4,0.0,0.5000000000000001,1.9010399388885504,1.0679999828338622,2.574920756615029e-07,1.4305115314527939e-07,2.8610230629055877e-08
161,1.364242106869501e-13,2.8610230629055877e-07,6.63810411083432e-06,2.8610230629055877e-07,1.144409225162235e-06,2.86102294921875e-06,5.7220458984375e-06,0.4,0.4,0.4,0.0,0.5000000000000001,1.9010399388885504,1.0679999828338622,2.5749204723979346e-07,1.4305115314527939e-07,2.8610230629055877e-08
162,2.2737367883136385e-14,9.536743306171047e-08,3.7694640298013837e-06,9.536743306171047e-08,3.814697322468419e-07,9.5367431640625e-07,1.9073486328125e-06,0.6,0.6,0.6,0.0,0.2473684210526316,1.2673599592590334,0.7119999885559082,9.53674295089968e-09,4.7683716530855236e-08,8.583068478174027e-08
163,2.2737367883136385e-14,9.536743306171047e-08,3.7694640298013837e-06,9.536743306171047e-08,3.814697322468419e-07,9.5367431640625e-07,1.9073486328125e-06,0.6,0.6,0.6,0.0,0.2473684210526316,1.2673599592590334,0.7119999885559082,9.53674295089968e-09,4.7683716530855236e-08,8.583068478174027e-08
164,2.2737367883136385e-14,9.536743306171047e-08,3.7694640298013837e-06,9.536743306171047e-08,3.814697322468419e-07,9.5367431640625e-07,1.9073486328125e-06,0.6,0.6,0.6,0.0,0.2473684210526316,1.2673599592590334,0.7119999885559082,9.53674295089968e-09,4.7683716530855236e-08,8.583068478174027e-08
165,1.364242106869501e-13,2.8610230629055877e-07,6.63810411083432e-06,2.8610230629055877e-07,1.144409225162235e-06,2.86102294921875e-06,5.7220458984375e-06,0.4,0.4,0.4,0.0,0.5000000000000001,1.9010399388885504,1.0679999828338622,2.574920756615029e-07,1.4305115314527939e-07,2.8610230629055877e-08
166,1.364242106869501e-13,2.8610230629055877e-07,6.63810411083432e-06,2.8610230629055877e-07,1.144409225162235e-06,2.86102294921875e-06,5.7220458984375e-06,0.4,0.4,0.4,0.0,0.5000000000000001,1.9010399388885504,1.0679999828338622,2.5749204723979346e-07,1.4305115314527939e-07,2.8610230629055877e-08
167,2.2737367883136385e-14,9.536743306171047e-08,3.7694640298013837e-06,9.536743306171047e-08,3.814697322468419e-07,9.5367431640625e-07,1.9073486328125e-06,0.6,0.6,0.6,0.0,0.2473684210526316,1.2673599592590334,0.7119999885559082,9.53674295089968e-09,4.7683716530855236e-08,8.583068478174027e-08
168,2.2737367883136385e-14,9.536743306171047e-08,3.7694640298013837e-06,9.536743306171047e-08,3.814697322468419e-07,9.5367431640625e-07,1.9073486328125e-06,0.6,0.6,0.6,0.0,0.2473684210526316,1.2673599592590334,0.7119999885559082,9.53674295089968e-09,4.7683716530855236e-08,8.583068478174027e-08
169,2.2737367883136385e-14,9.536743306171047e-08,3.7694640298013837e-06,9.536743306171047e-08,3.814697322468419e-07,9.5367431640625e-07,1.9073486328125e-06,0.6,0.6,0.6,0.0,0.2473684210526316,1.2673599592590334,0.7119999885559082,9.53674295089968e-09,4.7683716530855236e-08,8.583068478174027e-08
170,1.364242106869501e-13,2.8610230629055877e-07,6.63810411083432e-06,2.8610230629055877e-07,1.144409225162235e-06,2.86102294921875e-06,5.7220458984375e-06,0.4,0.4,0.4,0.0,0.5000000000000001,1.9010399388885504,1.0679999828338622,2.574920756615029e-07,1.4305115314527939e-07,2.8610230629055877e-08
171,1.364242106869501e-13,2.8610230629055877e-07,6.63810411083432e-06,2.8610230629055877e-07,1.144409225162235e-06,2.86102294921875e-06,5.7220458984375e-06,0.4,0.4,0.4,0.0,0.5000000000000001,1.9010399388885504,1.0679999828338622,2.5749204723979346e-07,1.4305115314527939e-07,2.8610230629055877e-08
172,2.2737367883136385e-14,9.536743306171047e-08,3.7694640298013837e-06,9.536743306171047e-08,3.814697322468419e-07,9.5367431640625e-07,1.9073486328125e-06,0.6,0.6,0.6,0.0,0.2473684210526316,1.2673599592590334,0.7119999885559082,9.53674295089968e-09,4.7683716530855236e-08,8.583068478174027e-08
173,2.2737367883136385e-14,9.536743306171047e-08,3.7694640298013837e-06,9.536743306171047e-08,3.814697322468419e-07,9.5367431640625e-07,1.9073486328125e-06,0.6,0.6,0.6,0.0,0.2473684210526316,1.2673599592590334,0.7119999885559082,9.53674295089968e-09,4.7683716530855236e-08,8.583068478174027e-08
174,2.2737367883136385e-14,9.536743306171047e-08,3.7694640298013837e-06,9.536743306171047e-08,3.814697322468419e-07,9.5367431640625e-07,1.9073486328125e-06,0.6,0.6,0.6,0.0,0.2473684210526316,1.2673599592590334,0.7119999885559082,9.53674295089968e-09,4.7683716530855236e-08,8.583068478174027e-08
175,1.364242106869501e-13,2.8610230629055877e-07,6.63810411083432e-06,2.8610230629055877e-07,1.144409225162235e-06,2.86102294921875e-06,5.7220458984375e-06,0.4,0.4,0.4,0.0,0.5000000000000001,1.9010399388885504,1.0679999828338622,2.574920756615029e-07,1.4305115314527939e-07,2.8610230629055877e-08
176,1.364242106869501e-13,2.8610230629055877e-07,6.63810411083432e-06,2.8610230629055877e-07,1.144409225162235e-06,2.86102294921875e-06,5.7220458984375e-06,0.4,0.4,0.4,0.0,0.5000000000000001,1.9010399388885504,1.0679999828338622,2.5749204723979346e-07,1.4305115314527939e-07,2.8610230629055877e-08
177,2.2737367883136385e-14,9.536743306171047e-08,3.7694640298013837e-06,9.536743306171047e-08,3.814697322468419e-07,9.5367431640625e-07,1.9073486328125e-06,0.6,0.6,0.6,0.0,0.2473684210526316,1.2673599592590334,0.7119999885559082,9.53674295089968e-09,4.7683716530855236e-08,8.583068478174027e-08
178,2.2737367883136385e-14,9.536743306171047e-08,3.7694640298013837e-06,9.536743306171047e-08,3.814697322468419e-07,9.5367431640625e-07,1.9073486328125e-06,0.6,0.6,0.6,0.0,0.2473684210526316,1.2673599592590334,0.7119999885559082,9.53674295089968e-09,4.7683716530855236e-08,8.583068478174027e-08
179,2.2737367883136385e-14,9.536743306171047e-08,3.7694640298013837e-06,9.536743306171047e-08,3.814697322468419e-07,9.5367431640625e-07,1.9073486328125e-06,0.6,0.6,0.6,0.0,0.2473684210526316,1.2673599592590334,0.7119999885559082,9.53674295089968e-09,4.7683716530855236e-08,8.583068478174027e-08
180,1.364242106869501e-13,2.8610230629055877e-07,6.63810411083432e-06,2.8610230629055877e-07,1.144409225162235e-06,2.86102294921875e-06,5.7220458984375e-06,0.4,0.4,0.4,0.0,0.5000000000000001,1.9010399388885504,1.0679999828338622,2.574920756615029e-07,1.4305115314527939e-07,2.8610230629055877e-08
181,1.364242106869501e-13,2.8610230629055877e-07,6.63810411083432e-06,2.8610230629055877e-07,1.144409225162235e-06,2.86102294921875e-06,5.7220458984375e-06,0.4,0.4,0.4,0.0,0.5000000000000001,1.9010399388885504,1.0679999828338622,2.5749204723979346e-07,1.4305115314527939e-07,2.8610230629055877e-08
182,2.2737367883136385e-14,9.536743306171047e-08,3.7694640298013837e-06,9.536743306171047e-08,3.814697322468419e-07,9.5367431640625e-07,1.9073486328125e-06,0.6,0.6,0.6,0.0,0.2473684210526316,1.2673599592590334,0.7119999885559082,9.53674295089968e-09,4.7683716530855236e-08,8.583068478174027e-08
183,2.2737367883136385e-14,9.536743306171047e-08,3.7694640298013837e-06,9.536743306171047e-08,3.814697322468419e-07,9.5367431640625e-07,1.9073486328125e-06,0.6,0.6,0.6,0.0,0.2473684210526316,1.2673599592590334,0.7119999885559082,9.53674295089968e-09,4.7683716530855236e-08,8.583068478174027e-08
184,2.2737367883136385e-14,9.536743306171047e-08,3.7694640298013837e-06,9.536743306171047e-08,3.814697322468419e-07,9.5367431640625e-07,1.9073486328125e-06,0.6,0.6,0.6,0.0,0.2473684210526316,1.2673599592590334,0.7119999885559082,9.53674295089968e-09,4.7683716530855236e-08,8.583068478174027e-08
185,1.364242106869501e-13,2.8610230629055877e-07,6.63810411083432e-06,2.8610230629055877e-07,1.144409225162235e-06,2.86102294921875e-06,5.7220458984375e-06,0.4,0.4,0.4,0.0,0.5000000000000001,1.9010399388885504,1.0679999828338622,2.574920756615029e-07,1.4305115314527939e-07,2.8610230629055877e-08
186,1.364242106869501e-13,2.8610230629055877e-07,6.63810411083432e-06,2.8610230629055877e-07,1.144409225162235e-06,2.86102294921875e-06,5.7220458984375e-06,0.4,0.4,0.4,0.0,0.5000000000000001,1.9010399388885504,1.0679999828338622,2.5749204723979346e-07,1.4305115314527939e-07,2.8610230629055877e-08
187,2.2737367883136385e-14,9.536743306171047e-08,3.7694640298013837e-06,9.536743306171047e-08,3.814697322468419e-07,9.5367431640625e-07,1.9073486328125e-06,0.6,0.6,0.6,0.0,0.2473684210526316,1.2673599592590334,0.7119999885559082,9.53674295089968e-09,4.7683716530855236e-08,8.583068478174027e-08
188,2.2737367883136385e-14,9.536743306171047e-08,3.7694640298013837e-06,9.536743306171047e-08,3.814697322468419e-07,9.5367431640625e-07,1.9073486328125e-06,0.6,0.6,0.6,0.0,0.2473684210526316,1.2673599592590334,0.7119999885559082,9.53674295089968e-09,4.7683716530855236e-08,8.583068478174027e-08
189,2.2737367883136385e-14,9.536743306171047e-08,3.7694640298013837e-06,9.536743306171047e-08,3.814697322468419e-07,9.5367431640625e-07,1.9073486328125e-06,0.6,0.6,0.6,0.0,0.2473684210526316,1.2673599592590334,0.7119999885559082,9.53674295089968e-09,4.7683716530855236e-08,8.583068478174027e-08
190,1.364242106869501e-13,2.8610230629055877e-07,6.63810411083432e-06,2.8610230629055877e-07,1.144409225162235e-06,2.86102294921875e-06,5.7220458984375e-06,0.4,0.4,0.4,0.0,0.5000000000000001,1.9010399388885504,1.0679999828338622,2.574920756615029e-07,1.4305115314527939e-07,2.8610230629055877e-08
191,1.364242106869501e-13,2.8610230629055877e-07,6.63810411083432e-06,2.8610230629055877e-07,1.144409225162235e-06,2.86102294921875e-06,5.7220458984375e-06,0.4,0.4,0.4,0.0,0.5000000000000001,1.9010399388885504,1.0679999828338622,2.5749204723979346e-07,1.4305115314527939e-07,2.8610230629055877e-08
192,2.2737367883136385e-14,9.536743306171047e-08,3.7694640298013837e-06,9.536743306171047e-08,3.814697322468419e-07,9.5367431640625e-07,1.9073486328125e-06,0.6,0.6,0.6,0.0,0.2473684210526316,1.2673599592590334,0.7119999885559082,9.53674295089968e-09,4.7683716530855236e-08,8.583068478174027e-08
193,2.2737367883136385e-14,9.536743306171047e-08,3.7694640298013837e-06,9.536743306171047e-08,3.814697322468419e-07,9.5367431640625e-07,1.9073486328125e-06,0.6,0.6,0.6,0.0,0.2473684210526316,1.2673599592590334,0.7119999885559082,9.53674295089968e-09,4.7683716530855236e-08,8.583068478174027e-08
194,2.2737367883136385e-14,9.536743306171047e-08,3.7694640298013837e-06,9.536743306171047e-08,3.814697322468419e-07,9.5367431640625e-07,1.9073486328125e-06,0.6,0.6,0.6,0.0,0.2473684210526316,1.2673599592590334,0.7119999885559082,9.53674295089968e-09,4.7683716530855236e-08,8.583068478174027e-08
195,1.364242106869501e-13,2.8610230629055877e-07,6.63810411083432e-06,2.8610230629055877e-07,1.144409225162235e-06,2.86102294921875e-06,5.7220458984375e-06,0.4,0.4,0.4,0.0,0.5000000000000001,1.9010399388885504,1.0679999828338622,2.574920756615029e-07,1.4305115314527939e-07,2.8610230629055877e-08
196,1.364242106869501e-13,2.8610230629055877e-07,6.63810411083432e-06,2.8610230629055877e-07,1.144409225162235e-06,2.86102294921875e-06,5.7220458984375e-06,0.4,0.4,0.4,0.0,0.5000000000000001,1.9010399388885504,1.0679999828338622,2.5749204723979346e-07,1.4305115314527939e-07,2.8610230629055877e-08
197,2.2737367883136385e-14,9.536743306171047e-08,3.7694640298013837e-06,9.536743306171047e-08,3.814697322468419e-07,9.5367431640625e-07,1.9073486328125e-06,0.6,0.6,0.6,0.0,0.2473684210526316,1.2673599592590334,0.7119999885559082,9.53674295089968e-09,4.7683716530855236e-08,8.583068478174027e-08
198,2.2737367883136385e-14,9.536743306171047e-08,3.7694640298013837e-06,9.536743306171047e-08,3.814697322468419e-07,9.5367431640625e-07,1.9073486328125e-06,0.6,0.6,0.6,0.0,0.2473684210526316,1.2673599592590334,0.7119999885559082,9.53674295089968e-09,4.7683716530855236e-08,8.583068478174027e-08
199,2.2737367883136385e-14,9.536743306171047e-08,3.7694640298013837e-06,9.536743306171047e-08,3.814697322468419e-07,9.5367431640625e-07,1.9073486328125e-06,0.6,0.6,0.6,0.0,0.2473684210526316,1.2673599592590334,0.7119999885559082,9.53674295089968e-09,4.7683716530855236e-08,8.583068478174027e-08
200,1.364242106869501e-13,2.8610230629055877e-07,6.63810411083432e-06,2.8610230629055877e-07,1.144409225162235e-06,2.86102294921875e-06,5.7220458984375e-06,0.4,0.4,0.4,0.0,0.5000000000000001,1.9010399388885504,1.0679999828338622,2.574920756615029e-07,1.4305115314527939e-07,2.8610230629055877e-08
201,1.364242106869501e-13,2.8610230629055877e-07,6.63810411083432e-06,2.8610230629055877e-07,1.144409225162235e-06,2.86102294921875e-06,5.7220458984375e-06,0.4,0.4,0.4,0.0,0.5000000000000001,1.9010399388885504,1.0679999828338622,2.5749204723979346e-07,1.4305115314527939e-07,2.8610230629055877e-08
202,2.2737367883136385e-14,9.536743306171047e-08,3.7694640298013837e-06,9.536743306171047e-08,3.814697322468419e-07,9.5367431640625e-07,1.9073486328125e-06,0.6,0.6,0.6,0.0,0.2473684210526316,1.2673599592590334,0.7119999885559082,9.53674295089968e-09,4.7683716530855236e-08,8.583068478174027e-08
203,2.2737367883136385e-14,9.536743306171047e-08,3.7694640298013837e-06,9.536743306171047e-08,3.814697322468419e-07,9.5367431640625e-07,1.9073486328125e-06,0.6,0.6,0.6,0.0,0.2473684210526316,1.2673599592590334,0.7119999885559082,9.53674295089968e-09,4.7683716530855236e-08,8.583068478174027e-08
204,2.2737367883136385e-14,9.536743306171047e-08,3.7694640298013837e-06,9.536743306171047e-08,3.814697322468419e-07,9.5367431640625e-07,1.9073486328125e-06,0.6,0.6,0.6,0.0,0.2473684210526316,1.2673599592590334,0.7119999885559082,9.53674295089968e-09,4.7683716530855236e-08,8.583068478174027e-08
205,1.364242106869501e-13,2.8610230629055877e-07,6.63810411083432e-06,2.8610230629055877e-07,1.144409225162235e-06,2.86102294921875e-06,5.7220458984375e-06,0.4,0.4,0.4,0.0,0.5000000000000001,1.9010399388885504,1.0679999828338622,2.574920756615029e-07,1.4305115314527939e-07,2.8610230629055877e-08
206,1.364242106869501e-13,2.8610230629055877e-07,6.63810411083432e-06,2.8610230629055877e-07,1.144409225162235e-06,2.86102294921875e-06,5.7220458984375e-06,0.4,0.4,0.4,0.0,0.5000000000000001,1.9010399388885504,1.0679999828338622,2.5749204723979346e-07,1.4305115314527939e-07,2.8610230629055877e-08
207,2.2737367883136385e-14,9.536743306171047e-08,3.7694640298013837e-06,9.536743306171047e-08,3.814697322468419e-07,9.5367431640625e-07,1.9073486328125e-06,0.6,0.6,0.6,0.0,0.2473684210526316,1.2673599592590334,0.7119999885559082,9.53674295089968e-09,4.7683716530855236e-08,8.583068478174027e-08
208,2.2737367883136385e-14,9.536743306171047e-08,3.7694640298013837e-06,9.536743306171047e-08,3.814697322468419e-07,9.5367431640625e-07,1.9073486328125e-06,0.6,0.6,0.6,0.0,0.2473684210526316,1.2673599592590334,0.7119999885559082,9.53674295089968e-09,4.7683716530855236e-08,8.583068478174027e-08
209,2.2737367883136385e-14,9.536743306171047e-08,3.7694640298013837e-06,9.536743306171047e-08,3.814697322468419e-07,9.5367431640625e-07,1.9073486328125e-06,0.6,0.6,0.6,0.0,0.2473684210526316,1.2673599592590334,0.7119999885559082,9.53674295089968e-09,4.7683716530855236e-08,8.583068478174027e-08
210,1.364242106869501e-13,2.8610230629055877e-07,6.63810411083432e-06,2.8610230629055877e-07,1.144409225162235e-06,2.86102294921875e-06,5.7220458984375e-06,0.4,0.4,0.4,0.0,0.5000000000000001,1.9010399388885504,1.0679999828338622,2.574920756615029e-07,1.4305115314527939e-07,2.8610230629055877e-08
211,1.364242106869501e-13,2.8610230629055877e-07,6.63810411083432e-06,2.8610230629055877e-07,1.144409225162235e-06,2.86102294921875e-06,5.7220458984375e-06,0.4,0.4,0.4,0.0,0.5000000000000001,1.9010399388885504,1.0679999828338622,2.5749204723979346e-07,1.4305115314527939e-07,2.8610230629055877e-08
212,2.2737367883136385e-14,9.536743306171047e-08,3.7694640298013837e-06,9.536743306171047e-08,3.814697322468419e-07,9.5367431640625e-07,1.9073486328125e-06,0.6,0.6,0.6,0.0,0.2473684210526316,1.2673599592590334,0.7119999885559082,9.53674295089968e-09,4.7683716530855236e-08,8.583068478174027e-08
213,2.2737367883136385e-14,9.536743306171047e-08,3.7694640298013837e-06,9.536743306171047e-08,3.814697322468419e-07,9.5367431640625e-07,1.9073486328125e-06,0.6,0.6,0.6,0.0,0.2473684210526316,1.2673599592590334,0.7119999885559082,9.53674295089968e-09,4.7683716530855236e-08,8.583068478174027e-08
214,2.2737367883136385e-14,9.536743306171047e-08,3.7694640298013837e-06,9.536743306171047e-08,3.814697322468419e-07,9.5367431640625e-07,1.9073486328125e-06,0.6,0.6,0.6,0.0,0.2473684210526316,1.2673599592590334,0.7119999885559082,9.53674295089968e-09,4.7683716530855236e-08,8.583068478174027e-08
215,1.364242106869501e-13,2.8610230629055877e-07,6.63810411083432e-06,2.8610230629055877e-07,1.144409225162235e-06,2.86102294921875e-06,5.7220458984375e-06,0.4,0.4,0.4,0.0,0.5000000000000001,1.9010399388885504,1.0679999828338622,2.574920756615029e-07,1.4305115314527939e-07,2.8610230629055877e-08
216,1.364242106869501e-13,2.8610230629055877e-07,6.63810411083432e-06,2.8610230629055877e-07,1.144409225162235e-06,2.86102294921875e-06,5.7220458984375e-06,0.4,0.4,0.4,0.0,0.5000000000000001,1.9010399388885504,1.0679999828338622,2.5749204723979346e-07,1.4305115314527939e-07,2.8610230629055877e-08
217,2.2737367883136385e-14,9.536743306171047e-08,3.7694640298013837e-06,9.536743306171047e-08,3.814697322468419e-07,9.5367431640625e-07,1.9073486328125e-06,0.6,0.6,0.6,0.0,0.2473684210526316,1.2673599592590334,0.7119999885559082,9.53674295089968e-09,4.7683716530855236e-08,8.583068478174027e-08
218,2.2737367883136385e-14,9.536743306171047e-08,3.7694640298013837e-06,9.536743306171047e-08,3.814697322468419e-07,9.5367431640625e-07,1.9073486328125e-06,0.6,0.6,0.6,0.0,0.2473684210526316,1.2673599592590334,0.7119999885559082,9.53674295089968e-09,4.7683716530855236e-08,8.583068478174027e-08
219,2.2737367883136385e-14,9.536743306171047e-08,3.7694640298013837e-06,9.536743306171047e-08,3.814697322468419e-07,9.5367431640625e-07,1.9073486328125e-06,0.6,0.6,0.6,0.0,0.2473684210526316,1.2673599592590334,0.7119999885559082,9.53674295089968e-09,4.7683716530855236e-08,8.583068478174027e-08
220,1.364242106869501e-13,2.8610230629055877e-07,6.63810411083432e-06,2.8610230629055877e-07,1.144409225162235e-06,2.86102294921875e-06,5.7220458984375e-06,0.4,0.4,0.4,0.0,0.5000000000000001,1.9010399388885504,1.0679999828338622,2.574920756615029e-07,1.4305115314527939e-07,2.8610230629055877e-08
221,1.364242106869501e-13,2.8610230629055877e-07,6.63810411083432e-06,2.8610230629055877e-07,1.144409225162235e-06,2.86102294921875e-06,5.7220458984375e-06,0.4,0.4,0.4,0.0,0.5000000000000001,1.9010399388885504,1.0679999828338622,2.5749204723979346e-07,1.4305115314527939e-07,2.8610230629055877e-08
222,2.2737367883136385e-14,9.536743306171047e-08,3.7694640298013837e-06,9.536743306171047e-08,3.814697322468419e-07,9.5367431640625e-07,1.9073486328125e-06,0.6,0.6,0.6,0.0,0.2473684210526316,1.2673599592590334,0.7119999885559082,9.53674295089968e-09,4.7683716530855236e-08,8.583068478174027e-08
223,2.2737367883136385e-14,9.536743306171047e-08,3.7694640298013837e-06,9.536743306171047e-08,3.814697322468419e-07,9.5367431640625e-07,1.9073486328125e-06,0.6,0.6,0.6,0.0,0.2473684210526316,1.2673599592590334,0.7119999885559082,9.53674295089968e-09,4.7683716530855236e-08,8.583068478174027e-08
224,2.2737367883136385e-14,9.536743306171047e-08,3.7694640298013837e-06,9.536743306171047e-08,3.814697322468419e-07,9.5367431640625e-07,1.9073486328125e-06,0.6,0.6,0.6,0.0,0.2473684210526316,1.2673599592590334,0.7119999885559082,9.53674295089968e-09,4.7683716530855236e-08,8.583068478174027e-08
225,1.364242106869501e-13,2.8610230629055877e-07,6.63810411083432e-06,2.8610230629055877e-07,1.144409225162235e-06,2.86102294921875e-06,5.7220458984375e-06,0.4,0.4,0.4,0.0,0.5000000000000001,1.9010399388885504,1.0679999828338622,2.574920756615029e-07,1.4305115314527939e-07,2.8610230629055877e-08
226,1.364242106869501e-13,2.8610230629055877e-07,6.63810411083432e-06,2.8610230629055877e-07,1.144409225162235e-06,2.86102294921875e-06,5.7220458984375e-06,0.4,0.4,0.4,0.0,0.5000000000000001,1.9010399388885504,1.0679999828338622,2.5749204723979346e-07,1.4305115314527939e-07,2.8610230629055877e-08
227,2.2737367883136385e-14,9.536743306171047e-08,3.7694640298013837e-06,9.536743306171047e-08,3.814697322468419e-07,9.5367431640625e-07,1.9073486328125e-06,0.6,0.6,0.6,0.0,0.2473684210526316,1.2673599592590334,0.7119999885559082,9.53674295089968e-09,4.7683716530855236e-08,8.583068478174027e-08
228,2.2737367883136385e-14,9.536743306171047e-08,3.7694640298013837e-06,9.536743306171047e-08,3.814697322468419e-07,9.5367431640625e-07,1.9073486328125e-06,0.6,0.6,0.6,0.0,0.2473684210526316,1.2673599592590334,0.7119999885559082,9.53674295089968e-09,4.7683716530855236e-08,8.583068478174027e-08
229,2.2737367883136385e-14,9.536743306171047e-08,3.7694640298013837e-06,9.536743306171047e-08,3.814697322468419e-07,9.5367431640625e-07,1.9073486328125e-06,0.6,0.6,0.6,0.0,0.2473684210526316,1.2673599592590334,0.7119999885559082,9.53674295089968e-09,4.7683716530855236e-08,8.583068478174027e-08
230,1.364242106869501e-13,2.8610230629055877e-07,6.63810411083432e-06,2.8610230629055877e-07,1.144409225162235e-06,2.86102294921875e-06,5.7220458984375e-06,0.4,0.4,0.4,0.0,0.5000000000000001,1.9010399388885504,1.0679999828338622,2.574920756615029e-07,1.4305115314527939e-07,2.8610230629055877e-08
231,1.364242106869501e-13,2.8610230629055877e-07,6.63810411083432e-06,2.8610230629055877e-07,1.144409225162235e-06,2.86102294921875e-06,5.7220458984375e-06,0.4,0.4,0.4,0.0,0.5000000000000001,1.9010399388885504,1.0679999828338622,2.5749204723979346e-07,1.4305115314527939e-07,2.8610230629055877e-08
232,2.2737367883136385e-14,9.536743306171047e-08,3.7694640298013837e-06,9.536743306171047e-08,3.814697322468419e-07,9.5367431640625e-07,1.9073486328125e-06,0.6,0.6,0.6,0.0,0.2473684210526316,1.2673599592590334,0.7119999885559082,9.53674295089968e-09,4.7683716530855236e-08,8.583068478174027e-08
233,2.2737367883136385e-14,9.536743306171047e-08,3.7694640298013837e-06,9.536743306171047e-08,3.814697322468419e-07,9.5367431640625e-07,1.9073486328125e-06,0.6,0.6,0.6,0.0,0.2473684210526316,1.2673599592590334,0.7119999885559082,9.53674295089968e-09,4.7683716530855236e-08,8.583068478174027e-08
234,2.2737367883136385e-14,9.536743306171047e-08,3.7694640298013837e-06,9.536743306171047e-08,3.814697322468419e-07,9.5367431640625e-07,1.9073486328125e-06,0.6,0.6,0.6,0.0,0.2473684210526316,1.2673599592590334,0.7119999885559082,9.53674295089968e-09,4.7683716530855236e-08,8.583068478174027e-08
235,1.364242106869501e-13,2.8610230629055877e-07,6.63810411083432e-06,2.8610230629055877e-07,1.144409225162235e-06,2.86102294921875e-06,5.7220458984375e-06,0.4,0.4,0.4,0.0,0.5000000000000001,1.9010399388885504,1.0679999828338622,2.574920756615029e-07,1.4305115314527939e-07,2.8610230629055877e-08
236,1.364242106869501e-13,2.8610230629055877e-07,6.63810411083432e-06,2.8610230629055877e-07,1.144409225162235e-06,2.86102294921875e-06,5.7220458984375e-06,0.4,0.4,0.4,0.0,0.5000000000000001,1.9010399388885504,1.0679999828338622,2.5749204723979346e-07,1.4305115314527939e-07,2.8610230629055877e-08
237,2.2737367883136385e-14,9.536743306171047e-08,3.7694640298013837e-06,9.536743306171047e-08,3.814697322468419e-07,9.5367431640625e-07,1.9073486328125e-06,0.6,0.6,0.6,0.0,0.2473684210526316,1.2673599592590334,0.7119999885559082,9.53674295089968e-09,4.7683716530855236e-08,8.583068478174027e-08
238,2.2737367883136385e-14,9.536743306171047e-08,3.7694640298013837e-06,9.536743306171047e-08,3.814697322468419e-07,9.5367431640625e-07,1.9073486328125e-06,0.6,0.6,0.6,0.0,0.2473684210526316,1.2673599592590334,0.7119999885559082,9.53674295089968e-09,4.7683716530855236e-08,8.583068478174027e-08
239,2.2737367883136385e-14,9.536743306171047e-08,3.7694640298013837e-06,9.536743306171047e-08,3.814697322468419e-07,9.5367431640625e-07,1.9073486328125e-06,0.6,0.6,0.6,0.0,0.2473684210526316,1.2673599592590334,0.7119999885559082,9.53674295089968e-09,4.7683716530855236e-08,8.583068478174027e-08
240,1.364242106869501e-13,2.8610230629055877e-07,6.63810411083432e-06,2.8610230629055877e-07,1.144409225162235e-06,2.86102294921875e-06,5.7220458984375e-06,0.4,0.4,0.4,0.0,0.5000000000000001,1.9010399388885504,1.0679999828338622,2.574920756615029e-07,1.4305115314527939e-07,2.8610230629055877e-08
241,1.364242106869501e-13,2.8610230629055877e-07,6.63810411083432e-06,2.8610230629055877e-07,1.144409225162235e-06,2.86102294921875e-06,5.7220458984375e-06,0.4,0.4,0.4,0.0,0.5000000000000001,1.9010399388885504,1.0679999828338622,2.5749204723979346e-07,1.4305115314527939e-07,2.8610230629055877e-08
242,2.2737367883136385e-14,9.536743306171047e-08,3.7694640298013837e-06,9.536743306171047e-08,3.814697322468419e-07,9.5367431640625e-07,1.9073486328125e-06,0.6,0.6,0.6,0.0,0.2473684210526316,1.2673599592590334,0.7119999885559082,9.53674295089968e-09,4.7683716530855236e-08,8.583068478174027e-08
243,2.2737367883136385e-14,9.536743306171047e-08,3.7694640298013837e-06,9.536743306171047e-08,3.814697322468419e-07,9.5367431640625e-07,1.9073486328125e-06,0.6,0.6,0.6,0.0,0.2473684210526316,1.2673599592590334,0.7119999885559082,9.53674295089968e-09,4.7683716530855236e-08,8.583068478174027e-08
244,2.2737367883136385e-14,9.536743306171047e-08,3.7694640298013837e-06,9.536743306171047e-08,3.814697322468419e-07,9.5367431640625e-07,1.9073486328125e-06,0.6,0.6,0.6,0.0,0.2473684210526316,1.2673599592590334,0.7119999885559082,9.53674295089968e-09,4.7683716530855236e-08,8.583068478174027e-08
245,1.364242106869501e-13,2.8610230629055877e-07,6.63810411083432e-06,2.8610230629055877e-07,1.144409225162235e-06,2.86102294921875e-06,5.7220458984375e-06,0.4,0.4,0.4,0.0,0.5000000000000001,1.9010399388885504,1.0679999828338622,2.574920756615029e-07,1.4305115314527939e-07,2.8610230629055877e-08
246,1.364242106869501e-13,2.8610230629055877e-07,6.63810411083432e-06,2.8610230629055877e-07,1.144409225162235e-06,2.86102294921875e-06,5.7220458984375e-06,0.4,0.4,0.4,0.0,0.5000000000000001,1.9010399388885504,1.0679999828338622,2.5749204723979346e-07,1.4305115314527939e-07,2.8610230629055877e-08
247,2.2737367883136385e-14,9.536743306171047e-08,3.7694640298013837e-06,9.536743306171047e-08,3.814697322468419e-07,9.5367431640625e-07,1.9073486328125e-06,0.6,0.6,0.6,0.0,0.2473684210526316,1.2673599592590334,0.7119999885559082,9.53674295089968e-09,4.7683716530855236e-08,8.583068478174027e-08
248,2.2737367883136385e-14,9.536743306171047e-08,3.7694640298013837e-06,9.536743306171047e-08,3.814697322468419e-07,9.5367431640625e-07,1.9073486328125e-06,0.6,0.6,0.6,0.0,0.2473684210526316,1.2673599592590334,0.7119999885559082,9.53674295089968e-09,4.7683716530855236e-08,8.583068478174027e-08
249,2.2737367883136385e-14,9.536743306171047e-08,3.7694640298013837e-06,9.536743306171047e-08,3.814697322468419e-07,9.5367431640625e-07,1.9073486328125e-06,0.6,0.6,0.6,0.0,0.2473684210526316,1.2673599592590334,0.7119999885559082,9.53674295089968e-09,4.7683716530855236e-08,8.583068478174027e-08
250,1.364242106869501e-13,2.8610230629055877e-07,6.63810411083432e-06,2.8610230629055877e-07,1.144409225162235e-06,2.86102294921875e-06,5.7220458984375e-06,0.4,0.4,0.4,0.0,0.5000000000000001,1.9010399388885504,1.0679999828338622,2.574920756615029e-07,1.4305115314527939e-07,2.8610230629055877e-08
251,1.364242106869501e-13,2.8610230629055877e-07,6.63810411083432e-06,2.8610230629055877e-07,1.144409225162235e-06,2.86102294921875e-06,5.7220458984375e-06,0.4,0.4,0.4,0.0,0.5000000000000001,1.9010399388885504,1.0679999828338622,2.5749204723979346e-07,1.4305115314527939e-07,2.8610230629055877e-08
252,2.2737367883136385e-14,9.536743306171047e-08,3.7694640298013837e-06,9.536743306171047e-08,3.814697322468419e-07,9.5367431640625e-07,1.9073486328125e-06,0.6,0.6,0.6,0.0,0.2473684210526316,1.2673599592590334,0.7119999885559082,9.53674295089968e-09,4.7683716530855236e-08,8.583068478174027e-08
253,2.2737367883136385e-14,9.536743306171047e-08,3.7694640298013837e-06,9.536743306171047e-08,3.814697322468419e-07,9.5367431640625e-07,1.9073486328125e-06,0.6,0.6,0.6,0.0,0.2473684210526316,1.2673599592590334,0.7119999885559082,9.53674295089968e-09,4.7683716530855236e-08,8.583068478174027e-08
254,2.2737367883136385e-14,9.536743306171047e-08,3.7694640298013837e-06,9.536743306171047e-08,3.814697322468419e-07,9.5367431640625e-07,1.9073486328125e-06,0.6,0.6,0.6,0.0,0.2473684210526316,1.2673599592590334,0.7119999885559082,9.53674295089968e-09,4.7683716530855236e-08,8.583068478174027e-08
255,1.364242106869501e-13,2.8610230629055877e-07,6.63810411083432e-06,2.8610230629055877e-07,1.144409225162235e-06,2.86102294921875e-06,5.7220458984375e-06,0.4,0.4,0.4,0.0,0.5000000000000001,1.9010399388885504,1.0679999828338622,2.574920756615029e-07,1.4305115314527939e-07,2.8610230629055877e-08
256,1.364242106869501e-13,2.8610230629055877e-07,6.63810411083432e-06,2.8610230629055877e-07,1.144409225162235e-06,2.86102294921875e-06,5.7220458984375e-06,0.4,0.4,0.4,0.0,0.5000000000000001,1.9010399388885504,1.0679999828338622,2.5749204723979346e-07,1.4305115314527939e-07,2.8610230629055877e-08
257,2.2737367883136385e-14,9.536743306171047e-08,3.7694640298013837e-06,9.536743306171047e-08,3.814697322468419e-07,9.5367431640625e-07,1.9073486328125e-06,0.6,0.6,0.6,0.0,0.2473684210526316,1.2673599592590334,0.7119999885559082,9.53674295089968e-09,4.7683716530855236e-08,8.583068478174027e-08
258,2.2737367883136385e-14,9.536743306171047e-08,3.7694640298013837e-06,9.536743306171047e-08,3.814697322468419e-07,9.5367431640625e-07,1.9073486328125e-06,0.6,0.6,0.6,0.0,0.2473684210526316,1.2673599592590334,0.7119999885559082,9.53674295089968e-09,4.7683716530855236e-08,8.583068478174027e-08
259,2.2737367883136385e-14,9.536743306171047e-08,3.7694640298013837e-06,9.536743306171047e-08,3.814697322468419e-07,9.5367431640625e-07,1.9073486328125e-06,0.6,0.6,0.6,0.0,0.2473684210526316,1.2673599592590334,0.7119999885559082,9.53674295089968e-09,4.7683716530855236e-08,8.583068478174027e-08
260,1.364242106869501e-13,2.8610230629055877e-07,6.63810411083432e-06,2.8610230629055877e-07,1.144409225162235e-06,2.86102294921875e-06,5.7220458984375e-06,0.4,0.4,0.4,0.0,0.5000000000000001,1.9010399388885504,1.0679999828338622,2.574920756615029e-07,1.4305115314527939e-07,2.8610230629055877e-08
261,1.364242106869501e-13,2.8610230629055877e-07,6.63810411083432e-06,2.8610230629055877e-07,1.144409225162235e-06,2.86102294921875e-06,5.7220458984375e-06,0.4,0.4,0.4,0.0,0.5000000000000001,1.9010399388885504,1.0679999828338622,2.5749204723979346e-07,1.4305115314527939e-07,2.8610230629055877e-08
262,2.2737367883136385e-14,9.536743306171047e-08,3.7694640298013837e-06,9.536743306171047e-08,3.814697322468419e-07,9.5367431640625e-07,1.9073486328125e-06,0.6,0.6,0.6,0.0,0.2473684210526316,1.2673599592590334,0.7119999885559082,9.53674295089968e-09,4.7683716530855236e-08,8.583068478174027e-08
263,2.2737367883136385e-14,9.536743306171047e-08,3.7694640298013837e-06,9.536743306171047e-08,3.814697322468419e-07,9.5367431640625e-07,1.9073486328125e-06,0.6,0.6,0.6,0.0,0.2473684210526316,1.2673599592590334,0.7119999885559082,9.53674295089968e-09,4.7683716530855236e-08,8.583068478174027e-08
264,2.2737367883136385e-14,9.536743306171047e-08,3.7694640298013837e-06,9.536743306171047e-08,3.814697322468419e-07,9.5367431640625e-07,1.9073486328125e-06,0.6,0.6,0.6,0.0,0.2473684210526316,1.2673599592590334,0.7119999885559082,9.53674295089968e-09,4.7683716530855236e-08,8.583068478174027e-08
265,1.364242106869501e-13,2.8610230629055877e-07,6.63810411083432e-06,2.8610230629055877e-07,1.144409225162235e-06,2.86102294921875e-06,5.7220458984375e-06,0.4,0.4,0.4,0.0,0.5000000000000001,1.9010399388885504,1.0679999828338622,2.574920756615029e-07,1.4305115314527939e-07,2.8610230629055877e-08
266,1.364242106869501e-13,2.8610230629055877e-07,6.63810411083432e-06,2.8610230629055877e-07,1.144409225162235e-06,2.86102294921875e-06,5.7220458984375e-06,0.4,0.4,0.4,0.0,0.5000000000000001,1.9010399388885504,1.0679999828338622,2.5749204723979346e-07,1.4305115314527939e-07,2.8610230629055877e-08
267,2.2737367883136385e-14,9.536743306171047e-08,3.7694640298013837e-06,9.536743306171047e-08,3.814697322468419e-07,9.5367431640625e-07,1.9073486328125e-06,0.6,0.6,0.6,0.0,0.2473684210526316,1.2673599592590334,0.7119999885559082,9.53674295089968e-09,4.7683716530855236e-08,8.583068478174027e-08
268,2.2737367883136385e-14,9.536743306171047e-08,3.7694640298013837e-06,9.536743306171047e-08,3.814697322468419e-07,9.5367431640625e-07,1.9073486328125e-06,0.6,0.6,0.6,0.0,0.2473684210526316,1.2673599592590334,0.7119999885559082,9.53674295089968e-09,4.7683716530855236e-08,8.583068478174027e-08
269,2.2737367883136385e-14,9.536743306171047e-08,3.7694640298013837e-06,9.536743306171047e-08,3.814697322468419e-07,9.5367431640625e-07,1.9073486328125e-06,0.6,0.6,0.6,0.0,0.2473684210526316,1.2673599592590334,0.7119999885559082,9.53674295089968e-09,4.7683716530855236e-08,8.583068478174027e-08
270,1.364242106869501e-13,2.8610230629055877e-07,6.63810411083432e-06,2.8610230629055877e-07,1.144409225162235e-06,2.86102294921875e-06,5.7220458984375e-06,0.4,0.4,0.4,0.0,0.5000000000000001,1.9010399388885504,1.0679999828338622,2.574920756615029e-07,1.4305115314527939e-07,2.8610230629055877e-08
271,1.364242106869501e-13,2.8610230629055877e-07,6.63810411083432e-06,2.8610230629055877e-07,1.144409225162235e-06,2.86102294921875e-06,5.7220458984375e-06,0.4,0.4,0.4,0.0,0.5000000000000001,1.9010399388885504,1.0679999828338622,2.5749204723979346e-07,1.4305115314527939e-07,2.8610230629055877e-08
272,2.2737367883136385e-14,9.536743306171047e-08,3.7694640298013837e-06,9.536743306171047e-08,3.814697322468419e-07,9.5367431640625e-07,1.9073486328125e-06,0.6,0.6,0.6,0.0,0.2473684210526316,1.2673599592590334,0.7119999885559082,9.53674295089968e-09,4.7683716530855236e-08,8.583068478174027e-08
273,2.2737367883136385e-14,9.536743306171047e-08,3.7694640298013837e-06,9.536743306171047e-08,3.814697322468419e-07,9.5367431640625e-07,1.9073486328125e-06,0.6,0.6,0.6,0.0,0.2473684210526316,1.2673599592590334,0.7119999885559082,9.53674295089968e-09,4.7683716530855236e-08,8.583068478174027e-08
274,2.2737367883136385e-14,9.536743306171047e-08,3.7694640298013837e-06,9.536743306171047e-08,3.814697322468419e-07,9.5367431640625e-07,1.9073486328125e-06,0.6,0.6,0.6,0.0,0.2473684210526316,1.2673599592590334,0.7119999885559082,9.53674295089968e-09,4.7683716530855236e-08,8.583068478174027e-08
275,1.364242106869501e-13,2.8610230629055877e-07,6.63810411083432e-06,2.8610230629055877e-07,1.144409225162235e-06,2.86102294921875e-06,5.7220458984375e-06,0.4,0.4,0.4,0.0,0.5000000000000001,1.9010399388885504,1.0679999828338622,2.574920756615029e-07,1.4305115314527939e-07,2.8610230629055877e-08
276,1.364242106869501e-13,2.8610230629055877e-07,6.63810411083432e-06,2.8610230629055877e-07,1.144409225162235e-06,2.86102294921875e-06,5.7220458984375e-06,0.4,0.4,0.4,0.0,0.5000000000000001,1.9010399388885504,1.0679999828338622,2.5749204723979346e-07,1.4305115314527939e-07,2.8610230629055877e-08
277,2.2737367883136385e-14,9.536743306171047e-08,3.7694640298013837e-06,9.536743306171047e-08,3.814697322468419e-07,9.5367431640625e-07,1.9073486328125e-06,0.6,0.6,0.6,0.0,0.2473684210526316,1.2673599592590334,0.7119999885559082,9.53674295089968e-09,4.7683716530855236e-08,8.583068478174027e-08
278,2.2737367883136385e-14,9.536743306171047e-08,3.7694640298013837e-06,9.536743306171047e-08,3.814697322468419e-07,9.5367431640625e-07,1.9073486328125e-06,0.6,0.6,0.6,0.0,0.2473684210526316,1.2673599592590334,0.7119999885559082,9.53674295089968e-09,4.7683716530855236e-08,8.583068478174027e-08
279,2.2737367883136385e-14,9.536743306171047e-08,3.7694640298013837e-06,9.536743306171047e-08,3.814697322468419e-07,9.5367431640625e-07,1.9073486328125e-06,0.6,0.6,0.6,0.0,0.2473684210526316,1.2673599592590334,0.7119999885559082,9.53674295089968e-09,4.7683716530855236e-08,8.583068478174027e-08
280,1.364242106869501e-13,2.8610230629055877e-07,6.63810411083432e-06,2.8610230629055877e-07,1.144409225162235e-06,2.86102294921875e-06,5.7220458984375e-06,0.4,0.4,0.4,0.0,0.5000000000000001,1.9010399388885504,1.0679999828338622,2.574920756615029e-07,1.4305115314527939e-07,2.8610230629055877e-08
281,1.364242106869501e-13,2.8610230629055877e-07,6.63810411083432e-06,2.8610230629055877e-07,1.144409225162235e-06,2.86102294921875e-06,5.7220458984375e-06,0.4,0.4,0.4,0.0,0.5000000000000001,1.9010399388885504,1.0679999828338622,2.5749204723979346e-07,1.4305115314527939e-07,2.8610230629055877e-08
282,2.2737367883136385e-14,9.536743306171047e-08,3.7694640298013837e-06,9.536743306171047e-08,3.814697322468419e-07,9.5367431640625e-07,1.9073486328125e-06,0.6,0.6,0.6,0.0,0.2473684210526316,1.2673599592590334,0.7119999885559082,9.53674295089968e-09,4.7683716530855236e-08,8.583068478174027e-08
283,2.2737367883136385e-14,9.536743306171047e-08,3.7694640298013837e-06,9.536743306171047e-08,3.814697322468419e-07,9.5367431640625e-07,1.9073486328125e-06,0.6,0.6,0.6,0.0,0.2473684210526316,1.2673599592590334,0.7119999885559082,9.53674295089968e-09,4.7683716530855236e-08,8.583068478174027e-08
284,2.2737367883136385e-14,9.536743306171047e-08,3.7694640298013837e-06,9.536743306171047e-08,3.814697322468419e-07,9.5367431640625e-07,1.9073486328125e-06,0.6,0.6,0.6,0.0,0.2473684210526316,1.2673599592590334,0.7119999885559082,9.53674295089968e-09,4.7683716530855236e-08,8.583068478174027e-08
285,1.364242106869501e-13,2.8610230629055877e-07,6.63810411083432e-06,2.8610230629055877e-07,1.144409225162235e-06,2.86102294921875e-06,5.7220458984375e-06,0.4,0.4,0.4,0.0,0.5000000000000001,1.9010399388885504,1.0679999828338622,2.574920756615029e-07,1.4305115314527939e-07,2.8610230629055877e-08
286,1.364242106869501e-13,2.8610230629055877e-07,6.63810411083432e-06,2.8610230629055877e-07,1.144409225162235e-06,2.86102294921875e-06,5.7220458984375e-06,0.4,0.4,0.4,0.0,0.5000000000000001,1.9010399388885504,1.0679999828338622,2.5749204723979346e-07,1.4305115314527939e-07,2.8610230629055877e-08
287,2.2737367883136385e-14,9.536743306171047e-08,3.7694640298013837e-06,9.536743306171047e-08,3.814697322468419e-07,9.5367431640625e-07,1.9073486328125e-06,0.6,0.6,0.6,0.0,0.2473684210526316,1.2673599592590334,0.7119999885559082,9.53674295089968e-09,4.7683716530855236e-08,8.583068478174027e-08
288,2.2737367883136385e-14,9.536743306171047e-08,3.7694640298013837e-06,9.536743306171047e-08,3.814697322468419e-07,9.5367431640625e-07,1.9073486328125e-06,0.6,0.6,0.6,0.0,0.2473684210526316,1.2673599592590334,0.7119999885559082,9.53674295089968e-09,4.7683716530855236e-08,8.583068478174027e-08
289,2.2737367883136385e-14,9.536743306171047e-08,3.7694640298013837e-06,9.536743306171047e-08,3.814697322468419e-07,9.5367431640625e-07,1.9073486328125e-06,0.6,0.6,0.6,0.0,0.2473684210526316,1.2673599592590334,0.7119999885559082,9.53674295089968e-09,4.7683716530855236e-08,8.583068478174027e-08
290,1.364242106869501e-13,2.8610230629055877e-07,6.63810411083432e-06,2.8610230629055877e-07,1.144409225162235e-06,2.86102294921875e-06,5.7220458984375e-06,0.4,0.4,0.4,0.0,0.5000000000000001,1.9010399388885504,1.0679999828338622,2.574920756615029e-07,1.4305115314527939e-07,2.8610230629055877e-08
291,1.364242106869501e-13,2.8610230629055877e-07,6.63810411083432e-06,2.8610230629055877e-07,1.144409225162235e-06,2.86102294921875e-06,5.7220458984375e-06,0.4,0.4,0.4,0.0,0.5000000000000001,1.9010399388885504,1.0679999828338622,2.5749204723979346e-07,1.4305115314527939e-07,2.8610230629055877e-08
292,2.2737367883136385e-14,9.536743306171047e-08,3.7694640298013837e-06,9.536743306171047e-08,3.814697322468419e-07,9.5367431640625e-07,1.9073486328125e-06,0.6,0.6,0.6,0.0,0.2473684210526316,1.2673599592590334,0.7119999885559082,9.53674295089968e-09,4.7683716530855236e-08,8.583068478174027e-08
293,2.2737367883136385e-14,9.536743306171047e-08,3.7694640298013837e-06,9.536743306171047e-08,3.814697322468419e-07,9.5367431640625e-07,1.9073486328125e-06,0.6,0.6,0.6,0.0,0.2473684210526316,1.2673599592590334,0.7119999885559082,9.53674295089968e-09,4.7683716530855236e-08,8.583068478174027e-08
294,2.2737367883136385e-14,9.536743306171047e-08,3.7694640298013837e-06,9.536743306171047e-08,3.814697322468419e-07,9.5367431640625e-07,1.9073486328125e-06,0.6,0.6,0.6,0.0,0.2473684210526316,1.2673599592590334,0.7119999885559082,9.53674295089968e-09,4.7683716530855236e-08,8.583068478174027e-08
295,1.364242106869501e-13,2.8610230629055877e-07,6.63810411083432e-06,2.8610230629055877e-07,1.144409225162235e-06,2.86102294921875e-06,5.7220458984375e-06,0.4,0.4,0.4,0.0,0.5000000000000001,1.9010399388885504,1.0679999828338622,2.574920756615029e-07,1.4305115314527939e-07,2.8610230629055877e-08
296,1.364242106869501e-13,2.8610230629055877e-07,6.63810411083432e-06,2.8610230629055877e-07,1.144409225162235e-06,2.86102294921875e-06,5.7220458984375e-06,0.4,0.4,0.4,0.0,0.5000000000000001,1.9010399388885504,1.0679999828338622,2.5749204723979346e-07,1.4305115314527939e-07,2.8610230629055877e-08
297,2.2737367883136385e-14,9.536743306171047e-08,3.7694640298013837e-06,9.536743306171047e-08,3.814697322468419e-07,9.5367431640625e-07,1.9073486328125e-06,0.6,0.6,0.6,0.0,0.2473684210526316,1.2673599592590334,0.7119999885559082,9.53674295089968e-09,4.7683716530855236e-08,8.583068478174027e-08
298,2.2737367883136385e-14,9.536743306171047e-08,3.7694640298013837e-06,9.536743306171047e-08,3.814697322468419e-07,9.5367431640625e-07,1.9073486328125e-06,0.6,0.6,0.6,0.0,0.2473684210526316,1.2673599592590334,0.7119999885559082,9.53674295089968e-09,4.7683716530855236e-08,8.583068478174027e-08
299,2.2737367883136385e-14,9.536743306171047e-08,3.7694640298013837e-06,9.536743306171047e-08,3.814697322468419e-07,9.5367431640625e-07,1.9073486328125e-06,0.6,0.6,0.6,0.0,0.2473684210526316,1.2673599592590334,0.7119999885559082,9.53674295089968e-09,4.7683716530855236e-08,8.583068478174027e-08
300,1.364242106869501e-13,2.8610230629055877e-07,6.63810411083432e-06,2.8610230629055877e-07,1.144409225162235e-06,2.86102294921875e-06,5.7220458984375e-06,0.4,0.4,0.4,0.0,0.5000000000000001,1.9010399388885504,1.0679999828338622,2.574920756615029e-07,1.4305115314527939e-07,2.8610230629055877e-08
301,1.364242106869501e-13,2.8610230629055877e-07,6.63810411083432e-06,2.8610230629055877e-07,1.144409225162235e-06,2.86102294921875e-06,5.7220458984375e-06,0.4,0.4,0.4,0.0,0.5000000000000001,1.9010399388885504,1.0679999828338622,2.5749204723979346e-07,1.4305115314527939e-07,2.8610230629055877e-08
302,2.2737367883136385e-14,9.536743306171047e-08,3.7694640298013837e-06,9.536743306171047e-08,3.814697322468419e-07,9.5367431640625e-07,1.9073486328125e-06,0.6,0.6,0.6,0.0,0.2473684210526316,1.2673599592590334,0.7119999885559082,9.53674295089968e-09,4.7683716530855236e-08,8.583068478174027e-08
303,2.2737367883136385e-14,9.536743306171047e-08,3.7694640298013837e-06,9.536743306171047e-08,3.814697322468419e-07,9.5367431640625e-07,1.9073486328125e-06,0.6,0.6,0.6,0.0,0.2473684210526316,1.2673599592590334,0.7119999885559082,9.53674295089968e-09,4.7683716530855236e-08,8.583068478174027e-08
304,2.2737367883136385e-14,9.536743306171047e-08,3.7694640298013837e-06,9.536743306171047e-08,3.814697322468419e-07,9.5367431640625e-07,1.9073486328125e-06,0.6,0.6,0.6,0.0,0.2473684210526316,1.2673599592590334,0.7119999885559082,9.53674295089968e-09,4.7683716530855236e-08,8.583068478174027e-08
305,1.364242106869501e-13,2.8610230629055877e-07,6.63810411083432e-06,2.8610230629055877e-07,1.144409225162235e-06,2.86102294921875e-06,5.7220458984375e-06,0.4,0.4,0.4,0.0,0.5000000000000001,1.9010399388885504,1.0679999828338622,2.574920756615029e-07,1.4305115314527939e-07,2.8610230629055877e-08
306,1.364242106869501e-13,2.8610230629055877e-07,6.63810411083432e-06,2.8610230629055877e-07,1.144409225162235e-06,2.86102294921875e-06,5.7220458984375e-06,0.4,0.4,0.4,0.0,0.5000000000000001,1.9010399388885504,1.0679999828338622,2.5749204723979346e-07,1.4305115314527939e-07,2.8610230629055877e-08
307,2.2737367883136385e-14,9.536743306171047e-08,3.7694640298013837e-06,9.536743306171047e-08,3.814697322468419e-07,9.5367431640625e-07,1.9073486328125e-06,0.6,0.6,0.6,0.0,0.2473684210526316,1.2673599592590334,0.7119999885559082,9.53674295089968e-09,4.7683716530855236e-08,8.583068478174027e-08
308,2.2737367883136385e-14,9.536743306171047e-08,3.7694640298013837e-06,9.536743306171047e-08,3.814697322468419e-07,9.5367431640625e-07,1.9073486328125e-06,0.6,0.6,0.6,0.0,0.2473684210526316,1.2673599592590334,0.7119999885559082,9.53674295089968e-09,4.7683716530855236e-08,8.583068478174027e-08
309,2.2737367883136385e-14,9.536743306171047e-08,3.7694640298013837e-06,9.536743306171047e-08,3.814697322468419e-07,9.5367431640625e-07,1.9073486328125e-06,0.6,0.6,0.6,0.0,0.2473684210526316,1.2673599592590334,0.7119999885559082,9.53674295089968e-09,4.7683716530855236e-08,8.583068478174027e-08
310,1.364242106869501e-13,2.8610230629055877e-07,6.63810411083432e-06,2.8610230629055877e-07,1.144409225162235e-06,2.86102294921875e-06,5.7220458984375e-06,0.4,0.4,0.4,0.0,0.5000000000000001,1.9010399388885504,1.0679999828338622,2.574920756615029e-07,1.4305115314527939e-07,2.8610230629055877e-08
311,1.364242106869501e-13,2.8610230629055877e-07,6.63810411083432e-06,2.8610230629055877e-07,1.144409225162235e-06,2.86102294921875e-06,5.7220458984375e-06,0.4,0.4,0.4,0.0,0.5000000000000001,1.9010399388885504,1.0679999828338622,2.5749204723979346e-07,1.4305115314527939e-07,2.8610230629055877e-08
312,2.2737367883136385e-14,9.536743306171047e-08,3.7694640298013837e-06,9.536743306171047e-08,3.814697322468419e-07,9.5367431640625e-07,1.9073486328125e-06,0.6,0.6,0.6,0.0,0.2473684210526316,1.2673599592590334,0.7119999885559082,9.53674295089968e-09,4.7683716530855236e-08,8.583068478174027e-08
313,2.2737367883136385e-14,9.536743306171047e-08,3.7694640298013837e-06,9.536743306171047e-08,3.814697322468419e-07,9.5367431640625e-07,1.9073486328125e-06,0.6,0.6,0.6,0.0,0.2473684210526316,1.2673599592590334,0.7119999885559082,9.53674295089968e-09,4.7683716530855236e-08,8.583068478174027e-08
314,2.2737367883136385e-14,9.536743306171047e-08,3.7694640298013837e-06,9.536743306171047e-08,3.814697322468419e-07,9.5367431640625e-07,1.9073486328125e-06,0.6,0.6,0.6,0.0,0.2473684210526316,1.2673599592590334,0.7119999885559082,9.53674295089968e-09,4.7683716530855236e-08,8.583068478174027e-08
315,1.364242106869501e-13,2.8610230629055877e-07,6.63810411083432e-06,2.8610230629055877e-07,1.144409225162235e-06,2.86102294921875e-06,5.7220458984375e-06,0.4,0.4,0.4,0.0,0.5000000000000001,1.9010399388885504,1.0679999828338622,2.574920756615029e-07,1.4305115314527939e-07,2.8610230629055877e-08
316,1.364242106869501e-13,2.8610230629055877e-07,6.63810411083432e-06,2.8610230629055877e-07,1.144409225162235e-06,2.86102294921875e-06,5.7220458984375e-06,0.4,0.4,0.4,0.0,0.5000000000000001,1.9010399388885504,1.0679999828338622,2.5749204723979346e-07,1.4305115314527939e-07,2.8610230629055877e-08
317,2.2737367883136385e-14,9.536743306171047e-08,3.7694640298013837e-06,9.536743306171047e-08,3.814697322468419e-07,9.5367431640625e-07,1.9073486328125e-06,0.6,0.6,0.6,0.0,0.2473684210526316,1.2673599592590334,0.7119999885559082,9.53674295089968e-09,4.7683716530855236e-08,8.583068478174027e-08
318,2.2737367883136385e-14,9.536743306171047e-08,3.7694640298013837e-06,9.536743306171047e-08,3.814697322468419e-07,9.5367431640625e-07,1.9073486328125e-06,0.6,0.6,0.6,0.0,0.2473684210526316,1.2673599592590334,0.7119999885559082,9.53674295089968e-09,4.7683716530855236e-08,8.583068478174027e-08
319,2.2737367883136385e-14,9.536743306171047e-08,3.7694640298013837e-06,9.536743306171047e-08,3.814697322468419e-07,9.5367431640625e-07,1.9073486328125e-06,0.6,0.6,0.6,0.0,0.2473684210526316,1.2673599592590334,0.7119999885559082,9.53674295089968e-09,4.7683716530855236e-08,8.583068478174027e-08
320,1.364242106869501e-13,2.8610230629055877e-07,6.63810411083432e-06,2.8610230629055877e-07,1.144409225162235e-06,2.86102294921875e-06,5.7220458984375e-06,0.4,0.4,0.4,0.0,0.5000000000000001,1.9010399388885504,1.0679999828338622,2.574920756615029e-07,1.4305115314527939e-07,2.8610230629055877e-08
321,1.364242106869501e-13,2.8610230629055877e-07,6.63810411083432e-06,2.8610230629055877e-07,1.144409225162235e-06,2.86102294921875e-06,5.7220458984375e-06,0.4,0.4,0.4,0.0,0.5000000000000001,1.9010399388885504,1.0679999828338622,2.5749204723979346e-07,1.4305115314527939e-07,2.8610230629055877e-08
322,2.2737367883136385e-14,9.536743306171047e-08,3.7694640298013837e-06,9.536743306171047e-08,3.814697322468419e-07,9.5367431640625e-07,1.9073486328125e-06,0.6,0.6,0.6,0.0,0.2473684210526316,1.2673599592590334,0.7119999885559082,9.53674295089968e-09,4.7683716530855236e-08,8.583068478174027e-08
323,2.2737367883136385e-14,9.536743306171047e-08,3.7694640298013837e-06,9.536743306171047e-08,3.814697322468419e-07,9.5367431640625e-07,1.9073486328125e-06,0.6,0.6,0.6,0.0,0.2473684210526316,1.2673599592590334,0.7119999885559082,9.53674295089968e-09,4.7683716530855236e-08,8.583068478174027e-08
324,2.2737367883136385e-14,9.536743306171047e-08,3.7694640298013837e-06,9.536743306171047e-08,3.814697322468419e-07,9.5367431640625e-07,1.9073486328125e-06,0.6,0.6,0.6,0.0,0.2473684210526316,1.2673599592590334,0.7119999885559082,9.53674295089968e-09,4.7683716530855236e-08,8.583068478174027e-08
325,1.364242106869501e-13,2.8610230629055877e-07,6.63810411083432e-06,2.8610230629055877e-07,1.144409225162235e-06,2.86102294921875e-06,5.7220458984375e-06,0.4,0.4,0.4,0.0,0.5000000000000001,1.9010399388885504,1.0679999828338622,2.574920756615029e-07,1.4305115314527939e-07,2.8610230629055877e-08
326,1.364242106869501e-13,2.8610230629055877e-07,6.63810411083432e-06,2.8610230629055877e-07,1.144409225162235e-06,2.86102294921875e-06,5.7220458984375e-06,0.4,0.4,0.4,0.0,0.5000000000000001,1.9010399388885504,1.0679999828338622,2.5749204723979346e-07,1.4305115314527939e-07,2.8610230629055877e-08
327,2.2737367883136385e-14,9.536743306171047e-08,3.7694640298013837e-06,9.536743306171047e-08,3.814697322468419e-07,9.5367431640625e-07,1.9073486328125e-06,0.6,0.6,0.6,0.0,0.2473684210526316,1.2673599592590334,0.7119999885559082,9.53674295089968e-09,4.7683716530855236e-08,8.583068478174027e-08
328,2.2737367883136385e-14,9.536743306171047e-08,3.7694640298013837e-06,9.536743306171047e-08,3.814697322468419e-07,9.5367431640625e-07,1.9073486328125e-06,0.6,0.6,0.6,0.0,0.2473684210526316,1.2673599592590334,0.7119999885559082,9.53674295089968e-09,4.7683716530855236e-08,8.583068478174027e-08
329,2.2737367883136385e-14,9.536743306171047e-08,3.7694640298013837e-06,9.536743306171047e-08,3.814697322468419e-07,9.5367431640625e-07,1.9073486328125e-06,0.6,0.6,0.6,0.0,0.2473684210526316,1.2673599592590334,0.7119999885559082,9.53674295089968e-09,4.7683716530855236e-08,8.583068478174027e-08
330,1.364242106869501e-13,2.8610230629055877e-07,6.63810411083432e-06,2.8610230629055877e-07,1.144409225162235e-06,2.86102294921875e-06,5.7220458984375e-06,0.4,0.4,0.4,0.0,0.5000000000000001,1.9010399388885504,1.0679999828338622,2.574920756615029e-07,1.4305115314527939e-07,2.8610230629055877e-08
331,1.364242106869501e-13,2.8610230629055877e-07,6.63810411083432e-06,2.8610230629055877e-07,1.144409225162235e-06,2.86102294921875e-06,5.7220458984375e-06,0.4,0.4,0.4,0.0,0.5000000000000001,1.9010399388885504,1.0679999828338622,2.5749204723979346e-07,1.4305115314527939e-07,2.8610230629055877e-08
332,2.2737367883136385e-14,9.536743306171047e-08,3.7694640298013837e-06,9.536743306171047e-08,3.814697322468419e-07,9.5367431640625e-07,1.9073486328125e-06,0.6,0.6,0.6,0.0,0.2473684210526316,1.2673599592590334,0.7119999885559082,9.53674295089968e-09,4.7683716530855236e-08,8.583068478174027e-08
333,2.2737367883136385e-14,9.536743306171047e-08,3.7694640298013837e-06,9.536743306171047e-08,3.814697322468419e-07,9.5367431640625e-07,1.9073486328125e-06,0.6,0.6,0.6,0.0,0.2473684210526316,1.2673599592590334,0.7119999885559082,9.53674295089968e-09,4.7683716530855236e-08,8.583068478174027e-08
334,2.2737367883136385e-14,9.536743306171047e-08,3.7694640298013837e-06,9.536743306171047e-08,3.814697322468419e-07,9.5367431640625e-07,1.9073486328125e-06,0.6,0.6,0.6,0.0,0.2473684210526316,1.2673599592590334,0.7119999885559082,9.53674295089968e-09,4.7683716530855236e-08,8.583068478174027e-08
335,1.364242106869501e-13,2.8610230629055877e-07,6.63810411083432e-06,2.8610230629055877e-07,1.144409225162235e-06,2.86102294921875e-06,5.7220458984375e-06,0.4,0.4,0.4,0.0,0.5000000000000001,1.9010399388885504,1.0679999828338622,2.574920756615029e-07,1.4305115314527939e-07,2.8610230629055877e-08
336,1.364242106869501e-13,2.8610230629055877e-07,6.63810411083432e-06,2.8610230629055877e-07,1.144409225162235e-06,2.86102294921875e-06,5.7220458984375e-06,0.4,0.4,0.4,0.0,0.5000000000000001,1.9010399388885504,1.0679999828338622,2.5749204723979346e-07,1.4305115314527939e-07,2.8610230629055877e-08
337,2.2737367883136385e-14,9.536743306171047e-08,3.7694640298013837e-06,9.536743306171047e-08,3.814697322468419e-07,9.5367431640625e-07,1.9073486328125e-06,0.6,0.6,0.6,0.0,0.2473684210526316,1.2673599592590334,0.7119999885559082,9.53674295089968e-09,4.7683716530855236e-08,8.583068478174027e-08
338,2.2737367883136385e-14,9.536743306171047e-08,3.7694640298013837e-06,9.536743306171047e-08,3.814697322468419e-07,9.5367431640625e-07,1.9073486328125e-06,0.6,0.6,0.6,0.0,0.2473684210526316,1.2673599592590334,0.7119999885559082,9.53674295089968e-09,4.7683716530855236e-08,8.583068478174027e-08
339,2.2737367883136385e-14,9.536743306171047e-08,3.7694640298013837e-06,9.536743306171047e-08,3.814697322468419e-07,9.5367431640625e-07,1.9073486328125e-06,0.6,0.6,0.6,0.0,0.2473684210526316,1.2673599592590334,0.7119999885559082,9.53674295089968e-09,4.7683716530855236e-08,8.583068478174027e-08
340,1.364242106869501e-13,2.8610230629055877e-07,6.63810411083432e-06,2.8610230629055877e-07,1.144409225162235e-06,2.86102294921875e-06,5.7220458984375e-06,0.4,0.4,0.4,0.0,0.5000000000000001,1.9010399388885504,1.0679999828338622,2.574920756615029e-07,1.4305115314527939e-07,2.8610230629055877e-08
341,1.364242106869501e-13,2.8610230629055877e-07,6.63810411083432e-06,2.8610230629055877e-07,1.144409225162235e-06,2.86102294921875e-06,5.7220458984375e-06,0.4,0.4,0.4,0.0,0.5000000000000001,1.9010399388885504,1.0679999828338622,2.5749204723979346e-07,1.4305115314527939e-07,2.8610230629055877e-08
342,2.2737367883136385e-14,9.536743306171047e-08,3.7694640298013837e-06,9.536743306171047e-08,3.814697322468419e-07,9.5367431640625e-07,1.9073486328125e-06,0.6,0.6,0.6,0.0,0.2473684210526316,1.2673599592590334,0.7119999885559082,9.53674295089968e-09,4.7683716530855236e-08,8.583068478174027e-08
343,2.2737367883136385e-14,9.536743306171047e-08,3.7694640298013837e-06,9.536743306171047e-08,3.814697322468419e-07,9.5367431640625e-07,1.9073486328125e-06,0.6,0.6,0.6,0.0,0.2473684210526316,1.2673599592590334,0.7119999885559082,9.53674295089968e-09,4.7683716530855236e-08,8.583068478174027e-08
344,2.2737367883136385e-14,9.536743306171047e-08,3.7694640298013837e-06,9.536743306171047e-08,3.814697322468419e-07,9.5367431640625e-07,1.9073486328125e-06,0.6,0.6,0.6,0.0,0.2473684210526316,1.2673599592590334,0.7119999885559082,9.53674295089968e-09,4.7683716530855236e-08,8.583068478174027e-08
345,1.364242106869501e-13,2.8610230629055877e-07,6.63810411083432e-06,2.8610230629055877e-07,1.144409225162235e-06,2.86102294921875e-06,5.7220458984375e-06,0.4,0.4,0.4,0.0,0.5000000000000001,1.9010399388885504,1.0679999828338622,2.574920756615029e-07,1.4305115314527939e-07,2.8610230629055877e-08
346,1.364242106869501e-13,2.8610230629055877e-07,6.63810411083432e-06,2.8610230629055877e-07,1.144409225162235e-06,2.86102294921875e-06,5.7220458984375e-06,0.4,0.4,0.4,0.0,0.5000000000000001,1.9010399388885504,1.0679999828338622,2.5749204723979346e-07,1.4305115314527939e-07,2.8610230629055877e-08
347,2.2737367883136385e-14,9.536743306171047e-08,3.7694640298013837e-06,9.536743306171047e-08,3.814697322468419e-07,9.5367431640625e-07,1.9073486328125e-06,0.6,0.6,0.6,0.0,0.2473684210526316,1.2673599592590334,0.7119999885559082,9.53674295089968e-09,4.7683716530855236e-08,8.583068478174027e-08
348,2.2737367883136385e-14,9.536743306171047e-08,3.7694640298013837e-06,9.536743306171047e-08,3.814697322468419e-07,9.5367431640625e-07,1.9073486328125e-06,0.6,0.6,0.6,0.0,0.2473684210526316,1.2673599592590334,0.7119999885559082,9.53674295089968e-09,4.7683716530855236e-08,8.583068478174027e-08
349,2.2737367883136385e-14,9.536743306171047e-08,3.7694640298013837e-06,9.536743306171047e-08,3.814697322468419e-07,9.5367431640625e-07,1.9073486328125e-06,0.6,0.6,0.6,0.0,0.2473684210526316,1.2673599592590334,0.7119999885559082,9.53674295089968e-09,4.7683716530855236e-08,8.583068478174027e-08
350,1.364242106869501e-13,2.8610230629055877e-07,6.63810411083432e-06,2.8610230629055877e-07,1.144409225162235e-06,2.86102294921875e-06,5.7220458984375e-06,0.4,0.4,0.4,0.0,0.5000000000000001,1.9010399388885504,1.0679999828338622,2.574920756615029e-07,1.4305115314527939e-07,2.8610230629055877e-08
351,1.364242106869501e-13,2.8610230629055877e-07,6.63810411083432e-06,2.8610230629055877e-07,1.144409225162235e-06,2.86102294921875e-06,5.7220458984375e-06,0.4,0.4,0.4,0.0,0.5000000000000001,1.9010399388885504,1.0679999828338622,2.5749204723979346e-07,1.4305115314527939e-07,2.8610230629055877e-08
352,2.2737367883136385e-14,9.536743306171047e-08,3.7694640298013837e-06,9.536743306171047e-08,3.814697322468419e-07,9.5367431640625e-07,1.9073486328125e-06,0.6,0.6,0.6,0.0,0.2473684210526316,1.2673599592590334,0.7119999885559082,9.53674295089968e-09,4.7683716530855236e-08,8.583068478174027e-08
353,2.2737367883136385e-14,9.536743306171047e-08,3.7694640298013837e-06,9.536743306171047e-08,3.814697322468419e-07,9.5367431640625e-07,1.9073486328125e-06,0.6,0.6,0.6,0.0,0.2473684210526316,1.2673599592590334,0.7119999885559082,9.53674295089968e-09,4.7683716530855236e-08,8.583068478174027e-08
354,2.2737367883136385e-14,9.536743306171047e-08,3.7694640298013837e-06,9.536743306171047e-08,3.814697322468419e-07,9.5367431640625e-07,1.9073486328125e-06,0.6,0.6,0.6,0.0,0.2473684210526316,1.2673599592590334,0.7119999885559082,9.53674295089968e-09,4.7683716530855236e-08,8.583068478174027e-08
355,1.364242106869501e-13,2.8610230629055877e-07,6.63810411083432e-06,2.8610230629055877e-07,1.144409225162235e-06,2.86102294921875e-06,5.7220458984375e-06,0.4,0.4,0.4,0.0,0.5000000000000001,1.9010399388885504,1.0679999828338622,2.574920756615029e-07,1.4305115314527939e-07,2.8610230629055877e-08
356,1.364242106869501e-13,2.8610230629055877e-07,6.63810411083432e-06,2.8610230629055877e-07,1.144409225162235e-06,2.86102294921875e-06,5.7220458984375e-06,0.4,0.4,0.4,0.0,0.5000000000000001,1.9010399388885504,1.0679999828338622,2.5749204723979346e-07,1.4305115314527939e-07,2.8610230629055877e-08
357,2.2737367883136385e-14,9.536743306171047e-08,3.7694640298013837e-06,9.536743306171047e-08,3.814697322468419e-07,9.5367431640625e-07,1.9073486328125e-06,0.6,0.6,0.6,0.0,0.2473684210526316,1.2673599592590334,0.7119999885559082,9.53674295089968e-09,4.7683716530855236e-08,8.583068478174027e-08
358,2.2737367883136385e-14,9.536743306171047e-08,3.7694640298013837e-06,9.536743306171047e-08,3.814697322468419e-07,9.5367431640625e-07,1.9073486328125e-06,0.6,0.6,0.6,0.0,0.2473684210526316,1.2673599592590334,0.7119999885559082,9.53674295089968e-09,4.7683716530855236e-08,8.583068478174027e-08
359,2.2737367883136385e-14,9.536743306171047e-08,3.7694640298013837e-06,9.536743306171047e-08,3.814697322468419e-07,9.5367431640625e-07,1.9073486328125e-06,0.6,0.6,0.6,0.0,0.2473684210526316,1.2673599592590334,0.7119999885559082,9.53674295089968e-09,4.7683716530855236e-08,8.583068478174027e-08
360,1.364242106869501e-13,2.8610230629055877e-07,6.63810411083432e-06,2.8610230629055877e-07,1.144409225162235e-06,2.86102294921875e-06,5.7220458984375e-06,0.4,0.4,0.4,0.0,0.5000000000000001,1.9010399388885504,1.0679999828338622,2.574920756615029e-07,1.4305115314527939e-07,2.8610230629055877e-08
361,1.364242106869501e-13,2.8610230629055877e-07,6.63810411083432e-06,2.8610230629055877e-07,1.144409225162235e-06,2.86102294921875e-06,5.7220458984375e-06,0.4,0.4,0.4,0.0,0.5000000000000001,1.9010399388885504,1.0679999828338622,2.5749204723979346e-07,1.4305115314527939e-07,2.8610230629055877e-08
362,2.2737367883136385e-14,9.536743306171047e-08,3.7694640298013837e-06,9.536743306171047e-08,3.814697322468419e-07,9.5367431640625e-07,1.9073486328125e-06,0.6,0.6,0.6,0.0,0.2473684210526316,1.2673599592590334,0.7119999885559082,9.53674295089968e-09,4.7683716530855236e-08,8.583068478174027e-08
363,2.2737367883136385e-14,9.536743306171047e-08,3.7694640298013837e-06,9.536743306171047e-08,3.814697322468419e-07,9.5367431640625e-07,1.9073486328125e-06,0.6,0.6,0.6,0.0,0.2473684210526316,1.2673599592590334,0.7119999885559082,9.53674295089968e-09,4.7683716530855236e-08,8.583068478174027e-08
364,2.2737367883136385e-14,9.536743306171047e-08,3.7694640298013837e-06,9.536743306171047e-08,3.814697322468419e-07,9.5367431640625e-07,1.9073486328125e-06,0.6,0.6,0.6,0.0,0.2473684210526316,1.2673599592590334,0.7119999885559082,9.53674295089968e-09,4.7683716530855236e-08,8.583068478174027e-08
365,1.364242106869501e-13,2.8610230629055877e-07,6.63810411083432e-06,2.8610230629055877e-07,1.144409225162235e-06,2.86102294921875e-06,5.7220458984375e-06,0.4,0.4,0.4,0.0,0.5000000000000001,1.9010399388885504,1.0679999828338622,2.574920756615029e-07,1.4305115314527939e-07,2.8610230629055877e-08
366,1.364242106869501e-13,2.8610230629055877e-07,6.63810411083432e-06,2.8610230629055877e-07,1.144409225162235e-06,2.86102294921875e-06,5.7220458984375e-06,0.4,0.4,0.4,0.0,0.5000000000000001,1.9010399388885504,1.0679999828338622,2.5749204723979346e-07,1.4305115314527939e-07,2.8610230629055877e-08
367,2.2737367883136385e-14,9.536743306171047e-08,3.7694640298013837e-06,9.536743306171047e-08,3.814697322468419e-07,9.5367431640625e-07,1.9073486328125e-06,0.6,0.6,0.6,0.0,0.2473684210526316,1.2673599592590334,0.7119999885559082,9.53674295089968e-09,4.7683716530855236e-08,8.583068478174027e-08
368,2.2737367883136385e-14,9.536743306171047e-08,3.7694640298013837e-06,9.536743306171047e-08,3.814697322468419e-07,9.5367431640625e-07,1.9073486328125e-06,0.6,0.6,0.6,0.0,0.2473684210526316,1.2673599592590334,0.7119999885559082,9.53674295089968e-09,4.7683716530855236e-08,8.583068478174027e-08
369,2.2737367883136385e-14,9.536743306171047e-08,3.7694640298013837e-06,9.536743306171047e-08,3.814697322468419e-07,9.5367431640625e-07,1.9073486328125e-06,0.6,0.6,0.6,0.0,0.2473684210526316,1.2673599592590334,0.7119999885559082,9.53674295089968e-09,4.7683716530855236e-08,8.583068478174027e-08
370,1.364242106869501e-13,2.8610230629055877e-07,6.63810411083432e-06,2.8610230629055877e-07,1.144409225162235e-06,2.86102294921875e-06,5.7220458984375e-06,0.4,0.4,0.4,0.0,0.5000000000000001,1.9010399388885504,1.0679999828338622,2.574920756615029e-07,1.4305115314527939e-07,2.8610230629055877e-08
371,1.364242106869501e-13,2.8610230629055877e-07,6.63810411083432e-06,2.8610230629055877e-07,1.144409225162235e-06,2.86102294921875e-06,5.7220458984375e-06,0.4,0.4,0.4,0.0,0.5000000000000001,1.9010399388885504,1.0679999828338622,2.5749204723979346e-07,1.4305115314527939e-07,2.8610230629055877e-08
372,2.2737367883136385e-14,9.536743306171047e-08,3.7694640298013837e-06,9.536743306171047e-08,3.814697322468419e-07,9.5367431640625e-07,1.9073486328125e-06,0.6,0.6,0.6,0.0,0.2473684210526316,1.2673599592590334,0.7119999885559082,9.53674295089968e-09,4.7683716530855236e-08,8.583068478174027e-08
373,2.2737367883136385e-14,9.536743306171047e-08,3.7694640298013837e-06,9.536743306171047e-08,3.814697322468419e-07,9.5367431640625e-07,1.9073486328125e-06,0.6,0.6,0.6,0.0,0.2473684210526316,1.2673599592590334,0.7119999885559082,9.53674295089968e-09,4.7683716530855236e-08,8.583068478174027e-08
374,2.2737367883136385e-14,9.536743306171047e-08,3.7694640298013837e-06,9.536743306171047e-08,3.814697322468419e-07,9.5367431640625e-07,1.9073486328125e-06,0.6,0.6,0.6,0.0,0.2473684210526316,1.2673599592590334,0.7119999885559082,9.53674295089968e-09,4.7683716530855236e-08,8.583068478174027e-08
375,1.364242106869501e-13,2.8610230629055877e-07,6.63810411083432e-06,2.8610230629055877e-07,1.144409225162235e-06,2.86102294921875e-06,5.7220458984375e-06,0.4,0.4,0.4,0.0,0.5000000000000001,1.9010399388885504,1.0679999828338622,2.574920756615029e-07,1.4305115314527939e-07,2.8610230629055877e-08
376,1.364242106869501e-13,2.8610230629055877e-07,6.63810411083432e-06,2.8610230629055877e-07,1.144409225162235e-06,2.86102294921875e-06,5.7220458984375e-06,0.4,0.4,0.4,0.0,0.5000000000000001,1.9010399388885504,1.0679999828338622,2.5749204723979346e-07,1.4305115314527939e-07,2.8610230629055877e-08
377,2.2737367883136385e-14,9.536743306171047e-08,3.7694640298013837e-06,9.536743306171047e-08,3.814697322468419e-07,9.5367431640625e-07,1.9073486328125e-06,0.6,0.6,0.6,0.0,0.2473684210526316,1.2673599592590334,0.7119999885559082,9.53674295089968e-09,4.7683716530855236e-08,8.583068478174027e-08
378,2.2737367883136385e-14,9.536743306171047e-08,3.7694640298013837e-06,9.536743306171047e-08,3.814697322468419e-07,9.5367431640625e-07,1.9073486328125e-06,0.6,0.6,0.6,0.0,0.2473684210526316,1.2673599592590334,0.7119999885559082,9.53674295089968e-09,4.7683716530855236e-08,8.583068478174027e-08
379,2.2737367883136385e-14,9.536743306171047e-08,3.7694640298013837e-06,9.536743306171047e-08,3.814697322468419e-07,9.5367431640625e-07,1.9073486328125e-06,0.6,0.6,0.6,0.0,0.2473684210526316,1.2673599592590334,0.7119999885559082,9.53674295089968e-09,4.7683716530855236e-08,8.583068478174027e-08
380,1.364242106869501e-13,2.8610230629055877e-07,6.63810411083432e-06,2.8610230629055877e-07,1.144409225162235e-06,2.86102294921875e-06,5.7220458984375e-06,0.4,0.4,0.4,0.0,0.5000000000000001,1.9010399388885504,1.0679999828338622,2.574920756615029e-07,1.4305115314527939e-07,2.8610230629055877e-08
381,1.364242106869501e-13,2.8610230629055877e-07,6.63810411083432e-06,2.8610230629055877e-07,1.144409225162235e-06,2.86102294921875e-06,5.7220458984375e-06,0.4,0.4,0.4,0.0,0.5000000000000001,1.9010399388885504,1.0679999828338622,2.5749204723979346e-07,1.4305115314527939e-07,2.8610230629055877e-08
382,2.2737367883136385e-14,9.536743306171047e-08,3.7694640298013837e-06,9.536743306171047e-08,3.814697322468419e-07,9.5367431640625e-07,1.9073486328125e-06,0.6,0.6,0.6,0.0,0.2473684210526316,1.2673599592590334,0.7119999885559082,9.53674295089968e-09,4.7683716530855236e-08,8.583068478174027e-08
383,2.2737367883136385e-14,9.536743306171047e-08,3.7694640298013837e-06,9.536743306171047e-08,3.814697322468419e-07,9.5367431640625e-07,1.9073486328125e-06,0.6,0.6,0.6,0.0,0.2473684210526316,1.2673599592590334,0.7119999885559082,9.53674295089968e-09,4.7683716530855236e-08,8.583068478174027e-08
384,2.2737367883136385e-14,9.536743306171047e-08,3.7694640298013837e-06,9.536743306171047e-08,3.814697322468419e-07,9.5367431640625e-07,1.9073486328125e-06,0.6,0.6,0.6,0.0,0.2473684210526316,1.2673599592590334,0.7119999885559082,9.53674295089968e-09,4.7683716530855236e-08,8.583068478174027e-08
385,1.364242106869501e-13,2.8610230629055877e-07,6.63810411083432e-06,2.8610230629055877e-07,1.144409225162235e-06,2.86102294921875e-06,5.7220458984375e-06,0.4,0.4,0.4,0.0,0.5000000000000001,1.9010399388885504,1.0679999828338622,2.574920756615029e-07,1.4305115314527939e-07,2.8610230629055877e-08
386,1.364242106869501e-13,2.8610230629055877e-07,6.63810411083432e-06,2.8610230629055877e-07,1.144409225162235e-06,2.86102294921875e-06,5.7220458984375e-06,0.4,0.4,0.4,0.0,0.5000000000000001,1.9010399388885504,1.0679999828338622,2.5749204723979346e-07,1.4305115314527939e-07,2.8610230629055877e-08
387,2.2737367883136385e-14,9.536743306171047e-08,3.7694640298013837e-06,9.536743306171047e-08,3.814697322468419e-07,9.5367431640625e-07,1.9073486328125e-06,0.6,0.6,0.6,0.0,0.2473684210526316,1.2673599592590334,0.7119999885559082,9.53674295089968e-09,4.7683716530855236e-08,8.583068478174027e-08
388,2.2737367883136385e-14,9.536743306171047e-08,3.7694640298013837e-06,9.536743306171047e-08,3.814697322468419e-07,9.5367431640625e-07,1.9073486328125e-06,0.6,0.6,0.6,0.0,0.2473684210526316,1.2673599592590334,0.7119999885559082,9.53674295089968e-09,4.7683716530855236e-08,8.583068478174027e-08
389,2.2737367883136385e-14,9.536743306171047e-08,3.7694640298013837e-06,9.536743306171047e-08,3.814697322468419e-07,9.5367431640625e-07,1.9073486328125e-06,0.6,0.6,0.6,0.0,0.2473684210526316,1.2673599592590334,0.7119999885559082,9.53674295089968e-09,4.7683716530855236e-08,8.583068478174027e-08
390,1.364242106869501e-13,2.8610230629055877e-07,6.63810411083432e-06,2.8610230629055877e-07,1.144409225162235e-06,2.86102294921875e-06,5.7220458984375e-06,0.4,0.4,0.4,0.0,0.5000000000000001,1.9010399388885504,1.0679999828338622,2.574920756615029e-07,1.4305115314527939e-07,2.8610230629055877e-08
391,1.364242106869501e-13,2.8610230629055877e-07,6.63810411083432e-06,2.8610230629055877e-07,1.144409225162235e-06,2.86102294921875e-06,5.7220458984375e-06,0.4,0.4,0.4,0.0,0.5000000000000001,1.9010399388885504,1.0679999828338622,2.5749204723979346e-07,1.4305115314527939e-07,2.8610230629055877e-08
392,2.2737367883136385e-14,9.536743306171047e-08,3.7694640298013837e-06,9.536743306171047e-08,3.814697322468419e-07,9.5367431640625e-07,1.9073486328125e-06,0.6,0.6,0.6,0.0,0.2473684210526316,1.2673599592590334,0.7119999885559082,9.53674295089968e-09,4.7683716530855236e-08,8.583068478174027e-08
393,2.2737367883136385e-14,9.536743306171047e-08,3.7694640298013837e-06,9.536743306171047e-08,3.814697322468419e-07,9.5367431640625e-07,1.9073486328125e-06,0.6,0.6,0.6,0.0,0.2473684210526316,1.2673599592590334,0.7119999885559082,9.53674295089968e-09,4.7683716530855236e-08,8.583068478174027e-08
394,2.2737367883136385e-14,9.536743306171047e-08,3.7694640298013837e-06,9.536743306171047e-08,3.814697322468419e-07,9.5367431640625e-07,1.9073486328125e-06,0.6,0.6,0.6,0.0,0.2473684210526316,1.2673599592590334,0.7119999885559082,9.53674295089968e-09,4.7683716530855236e-08,8.583068478174027e-08
395,1.364242106869501e-13,2.8610230629055877e-07,6.63810411083432e-06,2.8610230629055877e-07,1.144409225162235e-06,2.86102294921875e-06,5.7220458984375e-06,0.4,0.4,0.4,0.0,0.5000000000000001,1.9010399388885504,1.0679999828338622,2.574920756615029e-07,1.4305115314527939e-07,2.8610230629055877e-08
396,1.364242106869501e-13,2.8610230629055877e-07,6.63810411083432e-06,2.8610230629055877e-07,1.144409225162235e-06,2.86102294921875e-06,5.7220458984375e-06,0.4,0.4,0.4,0.0,0.5000000000000001,1.9010399388885504,1.0679999828338622,2.5749204723979346e-07,1.4305115314527939e-07,2.8610230629055877e-08
397,2.2737367883136385e-14,9.536743306171047e-08,3.7694640298013837e-06,9.536743306171047e-08,3.814697322468419e-07,9.5367431640625e-07,1.9073486328125e-06,0.6,0.6,0.6,0.0,0.2473684210526316,1.2673599592590334,0.7119999885559082,9.53674295089968e-09,4.7683716530855236e-08,8.583068478174027e-08
398,2.2737367883136385e-14,9.536743306171047e-08,3.7694640298013837e-06,9.536743306171047e-08,3.814697322468419e-07,9.5367431640625e-07,1.9073486328125e-06,0.6,0.6,0.6,0.0,0.2473684210526316,1.2673599592590334,0.7119999885559082,9.53674295089968e-09,4.7683716530855236e-08,8.583068478174027e-08
399,2.2737367883136385e-14,9.536743306171047e-08,3.7694640298013837e-06,9.536743306171047e-08,3.814697322468419e-07,9.5367431640625e-07,1.9073486328125e-06,0.6,0.6,0.6,0.0,0.2473684210526316,1.2673599592590334,0.7119999885559082,9.53674295089968e-09,4.7683716530855236e-08,8.583068478174027e-08
400,1.364242106869501e-13,2.8610230629055877e-07,6.63810411083432e-06,2.8610230629055877e-07,1.144409225162235e-06,2.86102294921875e-06,5.7220458984375e-06,0.4,0.4,0.4,0.0,0.5000000000000001,1.9010399388885504,1.0679999828338622,2.574920756615029e-07,1.4305115314527939e-07,2.8610230629055877e-08
401,1.364242106869501e-13,2.8610230629055877e-07,6.63810411083432e-06,2.8610230629055877e-07,1.144409225162235e-06,2.86102294921875e-06,5.7220458984375e-06,0.4,0.4,0.4,0.0,0.5000000000000001,1.9010399388885504,1.0679999828338622,2.5749204723979346e-07,1.4305115314527939e-07,2.8610230629055877e-08
402,2.2737367883136385e-14,9.536743306171047e-08,3.7694640298013837e-06,9.536743306171047e-08,3.814697322468419e-07,9.5367431640625e-07,1.9073486328125e-06,0.6,0.6,0.6,0.0,0.2473684210526316,1.2673599592590334,0.7119999885559082,9.53674295089968e-09,4.7683716530855236e-08,8.583068478174027e-08
403,2.2737367883136385e-14,9.536743306171047e-08,3.7694640298013837e-06,9.536743306171047e-08,3.814697322468419e-07,9.5367431640625e-07,1.9073486328125e-06,0.6,0.6,0.6,0.0,0.2473684210526316,1.2673599592590334,0.7119999885559082,9.53674295089968e-09,4.7683716530855236e-08,8.583068478174027e-08
404,2.2737367883136385e-14,9.536743306171047e-08,3.7694640298013837e-06,9.536743306171047e-08,3.814697322468419e-07,9.5367431640625e-07,1.9073486328125e-06,0.6,0.6,0.6,0.0,0.2473684210526316,1.2673599592590334,0.7119999885559082,9.53674295089968e-09,4.7683716530855236e-08,8.583068478174027e-08
405,1.364242106869501e-13,2.8610230629055877e-07,6.63810411083432e-06,2.8610230629055877e-07,1.144409225162235e-06,2.86102294921875e-06,5.7220458984375e-06,0.4,0.4,0.4,0.0,0.5000000000000001,1.9010399388885504,1.0679999828338622,2.574920756615029e-07,1.4305115314527939e-07,2.8610230629055877e-08
406,1.364242106869501e-13,2.8610230629055877e-07,6.63810411083432e-06,2.8610230629055877e-07,1.144409225162235e-06,2.86102294921875e-06,5.7220458984375e-06,0.4,0.4,0.4,0.0,0.5000000000000001,1.9010399388885504,1.0679999828338622,2.5749204723979346e-07,1.4305115314527939e-07,2.8610230629055877e-08
407,2.2737367883136385e-14,9.536743306171047e-08,3.7694640298013837e-06,9.536743306171047e-08,3.814697322468419e-07,9.5367431640625e-07,1.9073486328125e-06,0.6,0.6,0.6,0.0,0.2473684210526316,1.2673599592590334,0.7119999885559082,9.53674295089968e-09,4.7683716530855236e-08,8.583068478174027e-08
408,2.2737367883136385e-14,9.536743306171047e-08,3.7694640298013837e-06,9.536743306171047e-08,3.814697322468419e-07,9.5367431640625e-07,1.9073486328125e-06,0.6,0.6,0.6,0.0,0.2473684210526316,1.2673599592590334,0.7119999885559082,9.53674295089968e-09,4.7683716530855236e-08,8.583068478174027e-08
409,2.2737367883136385e-14,9.536743306171047e-08,3.7694640298013837e-06,9.536743306171047e-08,3.814697322468419e-07,9.5367431640625e-07,1.9073486328125e-06,0.6,0.6,0.6,0.0,0.2473684210526316,1.2673599592590334,0.7119999885559082,9.53674295089968e-09,4.7683716530855236e-08,8.583068478174027e-08
410,1.364242106869501e-13,2.8610230629055877e-07,6.63810411083432e-06,2.8610230629055877e-07,1.144409225162235e-06,2.86102294921875e-06,5.7220458984375e-06,0.4,0.4,0.4,0.0,0.5000000000000001,1.9010399388885504,1.0679999828338622,2.574920756615029e-07,1.4305115314527939e-07,2.8610230629055877e-08
411,1.364242106869501e-13,2.8610230629055877e-07,6.63810411083432e-06,2.8610230629055877e-07,1.144409225162235e-06,2.86102294921875e-06,5.7220458984375e-06,0.4,0.4,0.4,0.0,0.5000000000000001,1.9010399388885504,1.0679999828338622,2.5749204723979346e-07,1.4305115314527939e-07,2.8610230629055877e-08
412,2.2737367883136385e-14,9.536743306171047e-08,3.7694640298013837e-06,9.536743306171047e-08,3.814697322468419e-07,9.5367431640625e-07,1.9073486328125e-06,0.6,0.6,0.6,0.0,0.2473684210526316,1.2673599592590334,0.7119999885559082,9.53674295089968e-09,4.7683716530855236e-08,8.583068478174027e-08
413,2.2737367883136385e-14,9.536743306171047e-08,3.7694640298013837e-06,9.536743306171047e-08,3.814697322468419e-07,9.5367431640625e-07,1.9073486328125e-06,0.6,0.6,0.6,0.0,0.2473684210526316,1.2673599592590334,0.7119999885559082,9.53674295089968e-09,4.7683716530855236e-08,8.583068478174027e-08
414,2.2737367883136385e-14,9.536743306171047e-08,3.7694640298013837e-06,9.536743306171047e-08,3.814697322468419e-07,9.5367431640625e-07,1.9073486328125e-06,0.6,0.6,0.6,0.0,0.2473684210526316,1.2673599592590334,0.7119999885559082,9.53674295089968e-09,4.7683716530855236e-08,8.583068478174027e-08
415,1.364242106869501e-13,2.8610230629055877e-07,6.63810411083432e-06,2.8610230629055877e-07,1.144409225162235e-06,2.86102294921875e-06,5.7220458984375e-06,0.4,0.4,0.4,0.0,0.5000000000000001,1.9010399388885504,1.0679999828338622,2.574920756615029e-07,1.4305115314527939e-07,2.8610230629055877e-08
416,1.364242106869501e-13,2.8610230629055877e-07,6.63810411083432e-06,2.8610230629055877e-07,1.144409225162235e-06,2.86102294921875e-06,5.7220458984375e-06,0.4,0.4,0.4,0.0,0.5000000000000001,1.9010399388885504,1.0679999828338622,2.5749204723979346e-07,1.4305115314527939e-07,2.8610230629055877e-08
417,2.2737367883136385e-14,9.536743306171047e-08,3.7694640298013837e-06,9.536743306171047e-08,3.814697322468419e-07,9.5367431640625e-07,1.9073486328125e-06,0.6,0.6,0.6,0.0,0.2473684210526316,1.2673599592590334,0.7119999885559082,9.53674295089968e-09,4.7683716530855236e-08,8.583068478174027e-08
418,2.2737367883136385e-14,9.536743306171047e-08,3.7694640298013837e-06,9.536743306171047e-08,3.814697322468419e-07,9.5367431640625e-07,1.9073486328125e-06,0.6,0.6,0.6,0.0,0.2473684210526316,1.2673599592590334,0.7119999885559082,9.53674295089968e-09,4.7683716530855236e-08,8.583068478174027e-08
419,2.2737367883136385e-14,9.536743306171047e-08,3.7694640298013837e-06,9.536743306171047e-08,3.814697322468419e-07,9.5367431640625e-07,1.9073486328125e-06,0.6,0.6,0.6,0.0,0.2473684210526316,1.2673599592590334,0.7119999885559082,9.53674295089968e-09,4.7683716530855236e-08,8.583068478174027e-08
420,1.364242106869501e-13,2.8610230629055877e-07,6.63810411083432e-06,2.8610230629055877e-07,1.144409225162235e-06,2.86102294921875e-06,5.7220458984375e-06,0.4,0.4,0.4,0.0,0.5000000000000001,1.9010399388885504,1.0679999828338622,2.574920756615029e-07,1.4305115314527939e-07,2.8610230629055877e-08
421,1.364242106869501e-13,2.8610230629055877e-07,6.63810411083432e-06,2.8610230629055877e-07,1.144409225162235e-06,2.86102294921875e-06,5.7220458984375e-06,0.4,0.4,0.4,0.0,0.5000000000000001,1.9010399388885504,1.0679999828338622,2.5749204723979346e-07,1.4305115314527939e-07,2.8610230629055877e-08
422,2.2737367883136385e-14,9.536743306171047e-08,3.7694640298013837e-06,9.536743306171047e-08,3.814697322468419e-07,9.5367431640625e-07,1.9073486328125e-06,0.6,0.6,0.6,0.0,0.2473684210526316,1.2673599592590334,0.7119999885559082,9.53674295089968e-09,4.7683716530855236e-08,8.583068478174027e-08
423,2.2737367883136385e-14,9.536743306171047e-08,3.7694640298013837e-06,9.536743306171047e-08,3.814697322468419e-07,9.5367431640625e-07,1.9073486328125e-06,0.6,0.6,0.6,0.0,0.2473684210526316,1.2673599592590334,0.7119999885559082,9.53674295089968e-09,4.7683716530855236e-08,8.583068478174027e-08
424,2.2737367883136385e-14,9.536743306171047e-08,3.7694640298013837e-06,9.536743306171047e-08,3.814697322468419e-07,9.5367431640625e-07,1.9073486328125e-06,0.6,0.6,0.6,0.0,0.2473684210526316,1.2673599592590334,0.7119999885559082,9.53674295089968e-09,4.7683716530855236e-08,8.583068478174027e-08
425,1.364242106869501e-13,2.8610230629055877e-07,6.63810411083432e-06,2.8610230629055877e-07,1.144409225162235e-06,2.86102294921875e-06,5.7220458984375e-06,0.4,0.4,0.4,0.0,0.5000000000000001,1.9010399388885504,1.0679999828338622,2.574920756615029e-07,1.4305115314527939e-07,2.8610230629055877e-08
426,1.364242106869501e-13,2.8610230629055877e-07,6.63810411083432e-06,2.8610230629055877e-07,1.144409225162235e-06,2.86102294921875e-06,5.7220458984375e-06,0.4,0.4,0.4,0.0,0.5000000000000001,1.9010399388885504,1.0679999828338622,2.5749204723979346e-07,1.4305115314527939e-07,2.8610230629055877e-08
427,2.2737367883136385e-14,9.536743306171047e-08,3.7694640298013837e-06,9.536743306171047e-08,3.814697322468419e-07,9.5367431640625e-07,1.9073486328125e-06,0.6,0.6,0.6,0.0,0.2473684210526316,1.2673599592590334,0.7119999885559082,9.53674295089968e-09,4.7683716530855236e-08,8.583068478174027e-08
428,2.2737367883136385e-14,9.536743306171047e-08,3.7694640298013837e-06,9.536743306171047e-08,3.814697322468419e-07,9.5367431640625e-07,1.9073486328125e-06,0.6,0.6,0.6,0.0,0.2473684210526316,1.2673599592590334,0.7119999885559082,9.53674295089968e-09,4.7683716530855236e-08,8.583068478174027e-08
429,2.2737367883136385e-14,9.536743306171047e-08,3.7694640298013837e-06,9.536743306171047e-08,3.814697322468419e-07,9.5367431640625e-07,1.9073486328125e-06,0.6,0.6,0.6,0.0,0.2473684210526316,1.2673599592590334,0.7119999885559082,9.53674295089968e-09,4.7683716530855236e-08,8.583068478174027e-08
430,1.364242106869501e-13,2.8610230629055877e-07,6.63810411083432e-06,2.8610230629055877e-07,1.144409225162235e-06,2.86102294921875e-06,5.7220458984375e-06,0.4,0.4,0.4,0.0,0.5000000000000001,1.9010399388885504,1.0679999828338622,2.574920756615029e-07,1.4305115314527939e-07,2.8610230629055877e-08
431,1.364242106869501e-13,2.8610230629055877e-07,6.63810411083432e-06,2.8610230629055877e-07,1.144409225162235e-06,2.86102294921875e-06,5.7220458984375e-06,0.4,0.4,0.4,0.0,0.5000000000000001,1.9010399388885504,1.0679999828338622,2.5749204723979346e-07,1.4305115314527939e-07,2.8610230629055877e-08
432,2.2737367883136385e-14,9.536743306171047e-08,3.7694640298013837e-06,9.536743306171047e-08,3.814697322468419e-07,9.5367431640625e-07,1.9073486328125e-06,0.6,0.6,0.6,0.0,0.2473684210526316,1.2673599592590334,0.7119999885559082,9.53674295089968e-09,4.7683716530855236e-08,8.583068478174027e-08
433,2.2737367883136385e-14,9.536743306171047e-08,3.7694640298013837e-06,9.536743306171047e-08,3.814697322468419e-07,9.5367431640625e-07,1.9073486328125e-06,0.6,0.6,0.6,0.0,0.2473684210526316,1.2673599592590334,0.7119999885559082,9.53674295089968e-09,4.7683716530855236e-08,8.583068478174027e-08
434,2.2737367883136385e-14,9.536743306171047e-08,3.7694640298013837e-06,9.536743306171047e-08,3.814697322468419e-07,9.5367431640625e-07,1.9073486328125e-06,0.6,0.6,0.6,0.0,0.2473684210526316,1.2673599592590334,0.7119999885559082,9.53674295089968e-09,4.7683716530855236e-08,8.583068478174027e-08
435,1.364242106869501e-13,2.8610230629055877e-07,6.63810411083432e-06,2.8610230629055877e-07,1.144409225162235e-06,2.86102294921875e-06,5.7220458984375e-06,0.4,0.4,0.4,0.0,0.5000000000000001,1.9010399388885504,1.0679999828338622,2.574920756615029e-07,1.4305115314527939e-07,2.8610230629055877e-08
436,1.364242106869501e-13,2.8610230629055877e-07,6.63810411083432e-06,2.8610230629055877e-07,1.144409225162235e-06,2.86102294921875e-06,5.7220458984375e-06,0.4,0.4,0.4,0.0,0.5000000000000001,1.9010399388885504,1.0679999828338622,2.5749204723979346e-07,1.4305115314527939e-07,2.8610230629055877e-08
437,2.2737367883136385e-14,9.536743306171047e-08,3.7694640298013837e-06,9.536743306171047e-08,3.814697322468419e-07,9.5367431640625e-07,1.9073486328125e-06,0.6,0.6,0.6,0.0,0.2473684210526316,1.2673599592590334,0.7119999885559082,9.53674295089968e-09,4.7683716530855236e-08,8.583068478174027e-08
438,2.2737367883136385e-14,9.536743306171047e-08,3.7694640298013837e-06,9.536743306171047e-08,3.814697322468419e-07,9.5367431640625e-07,1.9073486328125e-06,0.6,0.6,0.6,0.0,0.2473684210526316,1.2673599592590334,0.7119999885559082,9.53674295089968e-09,4.7683716530855236e-08,8.583068478174027e-08
439,2.2737367883136385e-14,9.536743306171047e-08,3.7694640298013837e-06,9.536743306171047e-08,3.814697322468419e-07,9.5367431640625e-07,1.9073486328125e-06,0.6,0.6,0.6,0.0,0.2473684210526316,1.2673599592590334,0.7119999885559082,9.53674295089968e-09,4.7683716530855236e-08,8.583068478174027e-08
440,1.364242106869501e-13,2.8610230629055877e-07,6.63810411083432e-06,2.8610230629055877e-07,1.144409225162235e-06,2.86102294921875e-06,5.7220458984375e-06,0.4,0.4,0.4,0.0,0.5000000000000001,1.9010399388885504,1.0679999828338622,2.574920756615029e-07,1.4305115314527939e-07,2.8610230629055877e-08
441,1.364242106869501e-13,2.8610230629055877e-07,6.63810411083432e-06,2.8610230629055877e-07,1.144409225162235e-06,2.86102294921875e-06,5.7220458984375e-06,0.4,0.4,0.4,0.0,0.5000000000000001,1.9010399388885504,1.0679999828338622,2.5749204723979346e-07,1.4305115314527939e-07,2.8610230629055877e-08
442,2.2737367883136385e-14,9.536743306171047e-08,3.7694640298013837e-06,9.536743306171047e-08,3.814697322468419e-07,9.5367431640625e-07,1.9073486328125e-06,0.6,0.6,0.6,0.0,0.2473684210526316,1.2673599592590334,0.7119999885559082,9.53674295089968e-09,4.7683716530855236e-08,8.583068478174027e-08
443,2.2737367883136385e-14,9.536743306171047e-08,3.7694640298013837e-06,9.536743306171047e-08,3.814697322468419e-07,9.5367431640625e-07,1.9073486328125e-06,0.6,0.6,0.6,0.0,0.2473684210526316,1.2673599592590334,0.7119999885559082,9.53674295089968e-09,4.7683716530855236e-08,8.583068478174027e-08
444,2.2737367883136385e-14,9.536743306171047e-08,3.7694640298013837e-06,9.536743306171047e-08,3.814697322468419e-07,9.5367431640625e-07,1.9073486328125e-06,0.6,0.6,0.6,0.0,0.2473684210526316,1.2673599592590334,0.7119999885559082,9.53674295089968e-09,4.7683716530855236e-08,8.583068478174027e-08
445,1.364242106869501e-13,2.8610230629055877e-07,6.63810411083432e-06,2.8610230629055877e-07,1.144409225162235e-06,2.86102294921875e-06,5.7220458984375e-06,0.4,0.4,0.4,0.0,0.5000000000000001,1.9010399388885504,1.0679999828338622,2.574920756615029e-07,1.4305115314527939e-07,2.8610230629055877e-08
446,1.364242106869501e-13,2.8610230629055877e-07,6.63810411083432e-06,2.8610230629055877e-07,1.144409225162235e-06,2.86102294921875e-06,5.7220458984375e-06,0.4,0.4,0.4,0.0,0.5000000000000001,1.9010399388885504,1.0679999828338622,2.5749204723979346e-07,1.4305115314527939e-07,2.8610230629055877e-08
447,2.2737367883136385e-14,9.536743306171047e-08,3.7694640298013837e-06,9.536743306171047e-08,3.814697322468419e-07,9.5367431640625e-07,1.9073486328125e-06,0.6,0.6,0.6,0.0,0.2473684210526316,1.2673599592590334,0.7119999885559082,9.53674295089968e-09,4.7683716530855236e-08,8.583068478174027e-08
448,2.2737367883136385e-14,9.536743306171047e-08,3.7694640298013837e-06,9.536743306171047e-08,3.814697322468419e-07,9.5367431640625e-07,1.9073486328125e-06,0.6,0.6,0.6,0.0,0.2473684210526316,1.2673599592590334,0.7119999885559082,9.53674295089968e-09,4.7683716530855236e-08,8.583068478174027e-08
449,2.2737367883136385e-14,9.536743306171047e-08,3.7694640298013837e-06,9.536743306171047e-08,3.814697322468419e-07,9.5367431640625e-07,1.9073486328125e-06,0.6,0.6,0.6,0.0,0.2473684210526316,1.2673599592590334,0.7119999885559082,9.53674295089968e-09,4.7683716530855236e-08,8.583068478174027e-08
450,1.364242106869501e-13,2.8610230629055877e-07,6.63810411083432e-06,2.8610230629055877e-07,1.144409225162235e-06,2.86102294921875e-06,5.7220458984375e-06,0.4,0.4,0.4,0.0,0.5000000000000001,1.9010399388885504,1.0679999828338622,2.574920756615029e-07,1.4305115314527939e-07,2.8610230629055877e-08
451,1.364242106869501e-13,2.8610230629055877e-07,6.63810411083432e-06,2.8610230629055877e-07,1.144409225162235e-06,2.86102294921875e-06,5.7220458984375e-06,0.4,0.4,0.4,0.0,0.5000000000000001,1.9010399388885504,1.0679999828338622,2.5749204723979346e-07,1.4305115314527939e-07,2.8610230629055877e-08
452,2.2737367883136385e-14,9.536743306171047e-08,3.7694640298013837e-06,9.536743306171047e-08,3.814697322468419e-07,9.5367431640625e-07,1.9073486328125e-06,0.6,0.6,0.6,0.0,0.2473684210526316,1.2673599592590334,0.7119999885559082,9.53674295089968e-09,4.7683716530855236e-08,8.583068478174027e-08
453,2.2737367883136385e-14,9.536743306171047e-08,3.7694640298013837e-06,9.536743306171047e-08,3.814697322468419e-07,9.5367431640625e-07,1.9073486328125e-06,0.6,0.6,0.6,0.0,0.2473684210526316,1.2673599592590334,0.7119999885559082,9.53674295089968e-09,4.7683716530855236e-08,8.583068478174027e-08
454,2.2737367883136385e-14,9.536743306171047e-08,3.7694640298013837e-06,9.536743306171047e-08,3.814697322468419e-07,9.5367431640625e-07,1.9073486328125e-06,0.6,0.6,0.6,0.0,0.2473684210526316,1.2673599592590334,0.7119999885559082,9.53674295089968e-09,4.7683716530855236e-08,8.583068478174027e-08
455,1.364242106869501e-13,2.8610230629055877e-07,6.63810411083432e-06,2.8610230629055877e-07,1.144409225162235e-06,2.86102294921875e-06,5.7220458984375e-06,0.4,0.4,0.4,0.0,0.5000000000000001,1.9010399388885504,1.0679999828338622,2.574920756615029e-07,1.4305115314527939e-07,2.8610230629055877e-08
456,1.364242106869501e-13,2.8610230629055877e-07,6.63810411083432e-06,2.8610230629055877e-07,1.144409225162235e-06,2.86102294921875e-06,5.7220458984375e-06,0.4,0.4,0.4,0.0,0.5000000000000001,1.9010399388885504,1.0679999828338622,2.5749204723979346e-07,1.4305115314527939e-07,2.8610230629055877e-08
457,2.2737367883136385e-14,9.536743306171047e-08,3.7694640298013837e-06,9.536743306171047e-08,3.814697322468419e-07,9.5367431640625e-07,1.9073486328125e-06,0.6,0.6,0.6,0.0,0.2473684210526316,1.2673599592590334,0.7119999885559082,9.53674295089968e-09,4.7683716530855236e-08,8.583068478174027e-08
458,2.2737367883136385e-14,9.536743306171047e-08,3.7694640298013837e-06,9.536743306171047e-08,3.814697322468419e-07,9.5367431640625e-07,1.9073486328125e-06,0.6,0.6,0.6,0.0,0.2473684210526316,1.2673599592590334,0.7119999885559082,9.53674295089968e-09,4.7683716530855236e-08,8.583068478174027e-08
459,2.2737367883136385e-14,9.536743306171047e-08,3.7694640298013837e-06,9.536743306171047e-08,3.814697322468419e-07,9.5367431640625e-07,1.9073486328125e-06,0.6,0.6,0.6,0.0,0.2473684210526316,1.2673599592590334,0.7119999885559082,9.53674295089968e-09,4.7683716530855236e-08,8.583068478174027e-08
460,1.364242106869501e-13,2.8610230629055877e-07,6.63810411083432e-06,2.8610230629055877e-07,1.144409225162235e-06,2.86102294921875e-06,5.7220458984375e-06,0.4,0.4,0.4,0.0,0.5000000000000001,1.9010399388885504,1.0679999828338622,2.574920756615029e-07,1.4305115314527939e-07,2.8610230629055877e-08
461,1.364242106869501e-13,2.8610230629055877e-07,6.63810411083432e-06,2.8610230629055877e-07,1.144409225162235e-06,2.86102294921875e-06,5.7220458984375e-06,0.4,0.4,0.4,0.0,0.5000000000000001,1.9010399388885504,1.0679999828338622,2.5749204723979346e-07,1.4305115314527939e-07,2.8610230629055877e-08
462,2.2737367883136385e-14,9.536743306171047e-08,3.7694640298013837e-06,9.536743306171047e-08,3.814697322468419e-07,9.5367431640625e-07,1.9073486328125e-06,0.6,0.6,0.6,0.0,0.2473684210526316,1.2673599592590334,0.7119999885559082,9.53674295089968e-09,4.7683716530855236e-08,8.583068478174027e-08
463,2.2737367883136385e-14,9.536743306171047e-08,3.7694640298013837e-06,9.536743306171047e-08,3.814697322468419e-07,9.5367431640625e-07,1.9073486328125e-06,0.6,0.6,0.6,0.0,0.2473684210526316,1.2673599592590334,0.7119999885559082,9.53674295089968e-09,4.7683716530855236e-08,8.583068478174027e-08
464,2.2737367883136385e-14,9.536743306171047e-08,3.7694640298013837e-06,9.536743306171047e-08,3.814697322468419e-07,9.5367431640625e-07,1.9073486328125e-06,0.6,0.6,0.6,0.0,0.2473684210526316,1.2673599592590334,0.7119999885559082,9.53674295089968e-09,4.7683716530855236e-08,8.583068478174027e-08
465,1.364242106869501e-13,2.8610230629055877e-07,6.63810411083432e-06,2.8610230629055877e-07,1.144409225162235e-06,2.86102294921875e-06,5.7220458984375e-06,0.4,0.4,0.4,0.0,0.5000000000000001,1.9010399388885504,1.0679999828338622,2.574920756615029e-07,1.4305115314527939e-07,2.8610230629055877e-08
466,1.364242106869501e-13,2.8610230629055877e-07,6.63810411083432e-06,2.8610230629055877e-07,1.144409225162235e-06,2.86102294921875e-06,5.7220458984375e-06,0.4,0.4,0.4,0.0,0.5000000000000001,1.9010399388885504,1.0679999828338622,2.5749204723979346e-07,1.4305115314527939e-07,2.8610230629055877e-08
467,2.2737367883136385e-14,9.536743306171047e-08,3.7694640298013837e-06,9.536743306171047e-08,3.814697322468419e-07,9.5367431640625e-07,1.9073486328125e-06,0.6,0.6,0.6,0.0,0.2473684210526316,1.2673599592590334,0.7119999885559082,9.53674295089968e-09,4.7683716530855236e-08,8.583068478174027e-08
468,2.2737367883136385e-14,9.536743306171047e-08,3.7694640298013837e-06,9.536743306171047e-08,3.814697322468419e-07,9.5367431640625e-07,1.9073486328125e-06,0.6,0.6,0.6,0.0,0.2473684210526316,1.2673599592590334,0.7119999885559082,9.53674295089968e-09,4.7683716530855236e-08,8.583068478174027e-08
469,2.2737367883136385e-14,9.536743306171047e-08,3.7694640298013837e-06,9.536743306171047e-08,3.814697322468419e-07,9.5367431640625e-07,1.9073486328125e-06,0.6,0.6,0.6,0.0,0.2473684210526316,1.2673599592590334,0.7119999885559082,9.53674295089968e-09,4.7683716530855236e-08,8.583068478174027e-08
470,1.364242106869501e-13,2.8610230629055877e-07,6.63810411083432e-06,2.8610230629055877e-07,1.144409225162235e-06,2.86102294921875e-06,5.7220458984375e-06,0.4,0.4,0.4,0.0,0.5000000000000001,1.9010399388885504,1.0679999828338622,2.574920756615029e-07,1.4305115314527939e-07,2.8610230629055877e-08
471,1.364242106869501e-13,2.8610230629055877e-07,6.63810411083432e-06,2.8610230629055877e-07,1.144409225162235e-06,2.86102294921875e-06,5.7220458984375e-06,0.4,0.4,0.4,0.0,0.5000000000000001,1.9010399388885504,1.0679999828338622,2.5749204723979346e-07,1.4305115314527939e-07,2.8610230629055877e-08
472,2.2737367883136385e-14,9.536743306171047e-08,3.7694640298013837e-06,9.536743306171047e-08,3.814697322468419e-07,9.5367431640625e-07,1.9073486328125e-06,0.6,0.6,0.6,0.0,0.2473684210526316,1.2673599592590334,0.7119999885559082,9.53674295089968e-09,4.7683716530855236e-08,8.583068478174027e-08
473,2.2737367883136385e-14,9.536743306171047e-08,3.7694640298013837e-06,9.536743306171047e-08,3.814697322468419e-07,9.5367431640625e-07,1.9073486328125e-06,0.6,0.6,0.6,0.0,0.2473684210526316,1.2673599592590334,0.7119999885559082,9.53674295089968e-09,4.7683716530855236e-08,8.583068478174027e-08
474,2.2737367883136385e-14,9.536743306171047e-08,3.7694640298013837e-06,9.536743306171047e-08,3.814697322468419e-07,9.5367431640625e-07,1.9073486328125e-06,0.6,0.6,0.6,0.0,0.2473684210526316,1.2673599592590334,0.7119999885559082,9.53674295089968e-09,4.7683716530855236e-08,8.583068478174027e-08
475,1.364242106869501e-13,2.8610230629055877e-07,6.63810411083432e-06,2.8610230629055877e-07,1.144409225162235e-06,2.86102294921875e-06,5.7220458984375e-06,0.4,0.4,0.4,0.0,0.5000000000000001,1.9010399388885504,1.0679999828338622,2.574920756615029e-07,1.4305115314527939e-07,2.8610230629055877e-08
476,1.364242106869501e-13,2.8610230629055877e-07,6.63810411083432e-06,2.8610230629055877e-07,1.144409225162235e-06,2.86102294921875e-06,5.7220458984375e-06,0.4,0.4,0.4,0.0,0.5000000000000001,1.9010399388885504,1.0679999828338622,2.5749204723979346e-07,1.4305115314527939e-07,2.8610230629055877e-08
477,2.2737367883136385e-14,9.536743306171047e-08,3.7694640298013837e-06,9.536743306171047e-08,3.814697322468419e-07,9.5367431640625e-07,1.9073486328125e-06,0.6,0.6,0.6,0.0,0.2473684210526316,1.2673599592590334,0.7119999885559082,9.53674295089968e-09,4.7683716530855236e-08,8.583068478174027e-08
478,2.2737367883136385e-14,9.536743306171047e-08,3.7694640298013837e-06,9.536743306171047e-08,3.814697322468419e-07,9.5367431640625e-07,1.9073486328125e-06,0.6,0.6,0.6,0.0,0.2473684210526316,1.2673599592590334,0.7119999885559082,9.53674295089968e-09,4.7683716530855236e-08,8.583068478174027e-08
479,2.2737367883136385e-14,9.536743306171047e-08,3.7694640298013837e-06,9.536743306171047e-08,3.814697322468419e-07,9.5367431640625e-07,1.9073486328125e-06,0.6,0.6,0.6,0.0,0.2473684210526316,1.2673599592590334,0.7119999885559082,9.53674295089968e-09,4.7683716530855236e-08,8.583068478174027e-08
480,1.364242106869501e-13,2.8610230629055877e-07,6.63810411083432e-06,2.8610230629055877e-07,1.144409225162235e-06,2.86102294921875e-06,5.7220458984375e-06,0.4,0.4,0.4,0.0,0.5000000000000001,1.9010399388885504,1.0679999828338622,2.574920756615029e-07,1.4305115314527939e-07,2.8610230629055877e-08
481,1.364242106869501e-13,2.8610230629055877e-07,6.63810411083432e-06,2.8610230629055877e-07,1.144409225162235e-06,2.86102294921875e-06,5.7220458984375e-06,0.4,0.4,0.4,0.0,0.5000000000000001,1.9010399388885504,1.0679999828338622,2.5749204723979346e-07,1.4305115314527939e-07,2.8610230629055877e-08
482,2.2737367883136385e-14,9.536743306171047e-08,3.7694640298013837e-06,9.536743306171047e-08,3.814697322468419e-07,9.5367431640625e-07,1.9073486328125e-06,0.6,0.6,0.6,0.0,0.2473684210526316,1.2673599592590334,0.7119999885559082,9.53674295089968e-09,4.7683716530855236e-08,8.583068478174027e-08
483,2.2737367883136385e-14,9.536743306171047e-08,3.7694640298013837e-06,9.536743306171047e-08,3.814697322468419e-07,9.5367431640625e-07,1.9073486328125e-06,0.6,0.6,0.6,0.0,0.2473684210526316,1.2673599592590334,0.7119999885559082,9.53674295089968e-09,4.7683716530855236e-08,8.583068478174027e-08
484,2.2737367883136385e-14,9.536743306171047e-08,3.7694640298013837e-06,9.536743306171047e-08,3.814697322468419e-07,9.5367431640625e-07,1.9073486328125e-06,0.6,0.6,0.6,0.0,0.2473684210526316,1.2673599592590334,0.7119999885559082,9.53674295089968e-09,4.7683716530855236e-08,8.583068478174027e-08
485,1.364242106869501e-13,2.8610230629055877e-07,6.63810411083432e-06,2.8610230629055877e-07,1.144409225162235e-06,2.86102294921875e-06,5.7220458984375e-06,0.4,0.4,0.4,0.0,0.5000000000000001,1.9010399388885504,1.0679999828338622,2.574920756615029e-07,1.4305115314527939e-07,2.8610230629055877e-08
486,1.364242106869501e-13,2.8610230629055877e-07,6.63810411083432e-06,2.8610230629055877e-07,1.144409225162235e-06,2.86102294921875e-06,5.7220458984375e-06,0.4,0.4,0.4,0.0,0.5000000000000001,1.9010399388885504,1.0679999828338622,2.5749204723979346e-07,1.4305115314527939e-07,2.8610230629055877e-08
487,2.2737367883136385e-14,9.536743306171047e-08,3.7694640298013837e-06,9.536743306171047e-08,3.814697322468419e-07,9.5367431640625e-07,1.9073486328125e-06,0.6,0.6,0.6,0.0,0.2473684210526316,1.2673599592590334,0.7119999885559082,9.53674295089968e-09,4.7683716530855236e-08,8.583068478174027e-08
488,2.2737367883136385e-14,9.536743306171047e-08,3.7694640298013837e-06,9.536743306171047e-08,3.814697322468419e-07,9.5367431640625e-07,1.9073486328125e-06,0.6,0.6,0.6,0.0,0.2473684210526316,1.2673599592590334,0.7119999885559082,9.53674295089968e-09,4.7683716530855236e-08,8.583068478174027e-08
489,2.2737367883136385e-14,9.536743306171047e-08,3.7694640298013837e-06,9.536743306171047e-08,3.814697322468419e-07,9.5367431640625e-07,1.9073486328125e-06,0.6,0.6,0.6,0.0,0.2473684210526316,1.2673599592590334,0.7119999885559082,9.53674295089968e-09,4.7683716530855236e-08,8.583068478174027e-08
490,1.364242106869501e-13,2.8610230629055877e-07,6.63810411083432e-06,2.8610230629055877e-07,1.144409225162235e-06,2.86102294921875e-06,5.7220458984375e-06,0.4,0.4,0.4,0.0,0.5000000000000001,1.9010399388885504,1.0679999828338622,2.574920756615029e-07,1.4305115314527939e-07,2.8610230629055877e-08
491,1.364242106869501e-13,2.8610230629055877e-07,6.63810411083432e-06,2.8610230629055877e-07,1.144409225162235e-06,2.86102294921875e-06,5.7220458984375e-06,0.4,0.4,0.4,0.0,0.5000000000000001,1.9010399388885504,1.0679999828338622,2.5749204723979346e-07,1.4305115314527939e-07,2.8610230629055877e-08
492,2.2737367883136385e-14,9.536743306171047e-08,3.7694640298013837e-06,9.536743306171047e-08,3.814697322468419e-07,9.5367431640625e-07,1.9073486328125e-06,0.6,0.6,0.6,0.0,0.2473684210526316,1.2673599592590334,0.7119999885559082,9.53674295089968e-09,4.7683716530855236e-08,8.583068478174027e-08
493,2.2737367883136385e-14,9.536743306171047e-08,3.7694640298013837e-06,9.536743306171047e-08,3.814697322468419e-07,9.5367431640625e-07,1.9073486328125e-06,0.6,0.6,0.6,0.0,0.2473684210526316,1.2673599592590334,0.7119999885559082,9.53674295089968e-09,4.7683716530855236e-08,8.583068478174027e-08
494,2.2737367883136385e-14,9.536743306171047e-08,3.7694640298013837e-06,9.536743306171047e-08,3.814697322468419e-07,9.5367431640625e-07,1.9073486328125e-06,0.6,0.6,0.6,0.0,0.2473684210526316,1.2673599592590334,0.7119999885559082,9.53674295089968e-09,4.7683716530855236e-08,8.583068478174027e-08
495,1.364242106869501e-13,2.8610230629055877e-07,6.63810411083432e-06,2.8610230629055877e-07,1.144409225162235e-06,2.86102294921875e-06,5.7220458984375e-06,0.4,0.4,0.4,0.0,0.5000000000000001,1.9010399388885504,1.0679999828338622,2.574920756615029e-07,1.4305115314527939e-07,2.8610230629055877e-08
496,1.364242106869501e-13,2.8610230629055877e-07,6.63810411083432e-06,2.8610230629055877e-07,1.144409225162235e-06,2.86102294921875e-06,5.7220458984375e-06,0.4,0.4,0.4,0.0,0.5000000000000001,1.9010399388885504,1.0679999828338622,2.5749204723979346e-07,1.4305115314527939e-07,2.8610230629055877e-08
497,2.2737367883136385e-14,9.536743306171047e-08,3.7694640298013837e-06,9.536743306171047e-08,3.814697322468419e-07,9.5367431640625e-07,1.9073486328125e-06,0.6,0.6,0.6,0.0,0.2473684210526316,1.2673599592590334,0.7119999885559082,9.53674295089968e-09,4.7683716530855236e-08,8.583068478174027e-08
498,2.2737367883136385e-14,9.536743306171047e-08,3.7694640298013837e-06,9.536743306171047e-08,3.814697322468419e-07,9.5367431640625e-07,1.9073486328125e-06,0.6,0.6,0.6,0.0,0.2473684210526316,1.2673599592590334,0.7119999885559082,9.53674295089968e-09,4.7683716530855236e-08,8.583068478174027e-08
499,2.2737367883136385e-14,9.536743306171047e-08,3.7694640298013837e-06,9.536743306171047e-08,3.814697322468419e-07,9.5367431640625e-07,1.9073486328125e-06,0.6,0.6,0.6,0.0,0.2473684210526316,1.2673599592590334,0.7119999885559082,9.53674295089968e-09,4.7683716530855236e-08,8.583068478174027e-08
500,1.364242106869501e-13,2.8610230629055877e-07,6.63810411083432e-06,2.8610230629055877e-07,1.144409225162235e-06,2.86102294921875e-06,5.7220458984375e-06,0.4,0.4,0.4,0.0,0.5000000000000001,1.9010399388885504,1.0679999828338622,2.574920756615029e-07,1.4305115314527939e-07,2.8610230629055877e-08
501,1.364242106869501e-13,2.8610230629055877e-07,6.63810411083432e-06,2.8610230629055877e-07,1.144409225162235e-06,2.86102294921875e-06,5.7220458984375e-06,0.4,0.4,0.4,0.0,0.5000000000000001,1.9010399388885504,1.0679999828338622,2.5749204723979346e-07,1.4305115314527939e-07,2.8610230629055877e-08
502,2.2737367883136385e-14,9.536743306171047e-08,3.7694640298013837e-06,9.536743306171047e-08,3.814697322468419e-07,9.5367431640625e-07,1.9073486328125e-06,0.6,0.6,0.6,0.0,0.2473684210526316,1.2673599592590334,0.7119999885559082,9.53674295089968e-09,4.7683716530855236e-08,8.583068478174027e-08
503,2.2737367883136385e-14,9.536743306171047e-08,3.7694640298013837e-06,9.536743306171047e-08,3.814697322468419e-07,9.5367431640625e-07,1.9073486328125e-06,0.6,0.6,0.6,0.0,0.2473684210526316,1.2673599592590334,0.7119999885559082,9.53674295089968e-09,4.7683716530855236e-08,8.583068478174027e-08
504,2.2737367883136385e-14,9.536743306171047e-08,3.7694640298013837e-06,9.536743306171047e-08,3.814697322468419e-07,9.5367431640625e-07,1.9073486328125e-06,0.6,0.6,0.6,0.0,0.2473684210526316,1.2673599592590334,0.7119999885559082,9.53674295089968e-09,4.7683716530855236e-08,8.583068478174027e-08
505,1.364242106869501e-13,2.8610230629055877e-07,6.63810411083432e-06,2.8610230629055877e-07,1.144409225162235e-06,2.86102294921875e-06,5.7220458984375e-06,0.4,0.4,0.4,0.0,0.5000000000000001,1.9010399388885504,1.0679999828338622,2.574920756615029e-07,1.4305115314527939e-07,2.8610230629055877e-08
506,1.364242106869501e-13,2.8610230629055877e-07,6.63810411083432e-06,2.8610230629055877e-07,1.144409225162235e-06,2.86102294921875e-06,5.7220458984375e-06,0.4,0.4,0.4,0.0,0.5000000000000001,1.9010399388885504,1.0679999828338622,2.5749204723979346e-07,1.4305115314527939e-07,2.8610230629055877e-08
507,2.2737367883136385e-14,9.536743306171047e-08,3.7694640298013837e-06,9.536743306171047e-08,3.814697322468419e-07,9.5367431640625e-07,1.9073486328125e-06,0.6,0.6,0.6,0.0,0.2473684210526316,1.2673599592590334,0.7119999885559082,9.53674295089968e-09,4.7683716530855236e-08,8.583068478174027e-08
508,2.2737367883136385e-14,9.536743306171047e-08,3.7694640298013837e-06,9.536743306171047e-08,3.814697322468419e-07,9.5367431640625e-07,1.9073486328125e-06,0.6,0.6,0.6,0.0,0.2473684210526316,1.2673599592590334,0.7119999885559082,9.53674295089968e-09,4.7683716530855236e-08,8.583068478174027e-08
509,2.2737367883136385e-14,9.536743306171047e-08,3.7694640298013837e-06,9.536743306171047e-08,3.814697322468419e-07,9.5367431640625e-07,1.9073486328125e-06,0.6,0.6,0.6,0.0,0.2473684210526316,1.2673599592590334,0.7119999885559082,9.53674295089968e-09,4.7683716530855236e-08,8.583068478174027e-08
510,1.364242106869501e-13,2.8610230629055877e-07,6.63810411083432e-06,2.8610230629055877e-07,1.144409225162235e-06,2.86102294921875e-06,5.7220458984375e-06,0.4,0.4,0.4,0.0,0.5000000000000001,1.9010399388885504,1.0679999828338622,2.574920756615029e-07,1.4305115314527939e-07,2.8610230629055877e-08
511,1.364242106869501e-13,2.8610230629055877e-07,6.63810411083432e-06,2.8610230629055877e-07,1.144409225162235e-06,2.86102294921875e-06,5.7220458984375e-06,0.4,0.4,0.4,0.0,0.5000000000000001,1.9010399388885504,1.0679999828338622,2.5749204723979346e-07,1.4305115314527939e-07,2.8610230629055877e-08
512,2.2737367883136385e-14,9.536743306171047e-08,3.7694640298013837e-06,9.536743306171047e-08,3.814697322468419e-07,9.5367431640625e-07,1.9073486328125e-06,0.6,0.6,0.6,0.0,0.2473684210526316,1.2673599592590334,0.7119999885559082,9.53674295089968e-09,4.7683716530855236e-08,8.583068478174027e-08
513,2.2737367883136385e-14,9.536743306171047e-08,3.7694640298013837e-06,9.536743306171047e-08,3.814697322468419e-07,9.5367431640625e-07,1.9073486328125e-06,0.6,0.6,0.6,0.0,0.2473684210526316,1.2673599592590334,0.7119999885559082,9.53674295089968e-09,4.7683716530855236e-08,8.583068478174027e-08
514,2.2737367883136385e-14,9.536743306171047e-08,3.7694640298013837e-06,9.536743306171047e-08,3.814697322468419e-07,9.5367431640625e-07,1.9073486328125e-06,0.6,0.6,0.6,0.0,0.2473684210526316,1.2673599592590334,0.7119999885559082,9.53674295089968e-09,4.7683716530855236e-08,8.583068478174027e-08
515,1.364242106869501e-13,2.8610230629055877e-07,6.63810411083432e-06,2.8610230629055877e-07,1.144409225162235e-06,2.86102294921875e-06,5.7220458984375e-06,0.4,0.4,0.4,0.0,0.5000000000000001,1.9010399388885504,1.0679999828338622,2.574920756615029e-07,1.4305115314527939e-07,2.8610230629055877e-08
516,1.364242106869501e-13,2.8610230629055877e-07,6.63810411083432e-06,2.8610230629055877e-07,1.144409225162235e-06,2.86102294921875e-06,5.7220458984375e-06,0.4,0.4,0.4,0.0,0.5000000000000001,1.9010399388885504,1.0679999828338622,2.5749204723979346e-07,1.4305115314527939e-07,2.8610230629055877e-08
517,2.2737367883136385e-14,9.536743306171047e-08,3.7694640298013837e-06,9.536743306171047e-08,3.814697322468419e-07,9.5367431640625e-07,1.9073486328125e-06,0.6,0.6,0.6,0.0,0.2473684210526316,1.2673599592590334,0.7119999885559082,9.53674295089968e-09,4.7683716530855236e-08,8.583068478174027e-08
518,2.2737367883136385e-14,9.536743306171047e-08,3.7694640298013837e-06,9.536743306171047e-08,3.814697322468419e-07,9.5367431640625e-07,1.9073486328125e-06,0.6,0.6,0.6,0.0,0.2473684210526316,1.2673599592590334,0.7119999885559082,9.53674295089968e-09,4.7683716530855236e-08,8.583068478174027e-08
519,2.2737367883136385e-14,9.536743306171047e-08,3.7694640298013837e-06,9.536743306171047e-08,3.814697322468419e-07,9.5367431640625e-07,1.9073486328125e-06,0.6,0.6,0.6,0.0,0.2473684210526316,1.2673599592590334,0.7119999885559082,9.53674295089968e-09,4.7683716530855236e-08,8.583068478174027e-08
520,1.364242106869501e-13,2.8610230629055877e-07,6.63810411083432e-06,2.8610230629055877e-07,1.144409225162235e-06,2.86102294921875e-06,5.7220458984375e-06,0.4,0.4,0.4,0.0,0.5000000000000001,1.9010399388885504,1.0679999828338622,2.574920756615029e-07,1.4305115314527939e-07,2.8610230629055877e-08
521,1.364242106869501e-13,2.8610230629055877e-07,6.63810411083432e-06,2.8610230629055877e-07,1.144409225162235e-06,2.86102294921875e-06,5.7220458984375e-06,0.4,0.4,0.4,0.0,0.5000000000000001,1.9010399388885504,1.0679999828338622,2.5749204723979346e-07,1.4305115314527939e-07,2.8610230629055877e-08
522,2.2737367883136385e-14,9.536743306171047e-08,3.7694640298013837e-06,9.536743306171047e-08,3.814697322468419e-07,9.5367431640625e-07,1.9073486328125e-06,0.6,0.6,0.6,0.0,0.2473684210526316,1.2673599592590334,0.7119999885559082,9.53674295089968e-09,4.7683716530855236e-08,8.583068478174027e-08
523,2.2737367883136385e-14,9.536743306171047e-08,3.7694640298013837e-06,9.536743306171047e-08,3.814697322468419e-07,9.5367431640625e-07,1.9073486328125e-06,0.6,0.6,0.6,0.0,0.2473684210526316,1.2673599592590334,0.7119999885559082,9.53674295089968e-09,4.7683716530855236e-08,8.583068478174027e-08
524,2.2737367883136385e-14,9.536743306171047e-08,3.7694640298013837e-06,9.536743306171047e-08,3.814697322468419e-07,9.5367431640625e-07,1.9073486328125e-06,0.6,0.6,0.6,0.0,0.2473684210526316,1.2673599592590334,0.7119999885559082,9.53674295089968e-09,4.7683716530855236e-08,8.583068478174027e-08
525,1.364242106869501e-13,2.8610230629055877e-07,6.63810411083432e-06,2.8610230629055877e-07,1.144409225162235e-06,2.86102294921875e-06,5.7220458984375e-06,0.4,0.4,0.4,0.0,0.5000000000000001,1.9010399388885504,1.0679999828338622,2.574920756615029e-07,1.4305115314527939e-07,2.8610230629055877e-08
526,1.364242106869501e-13,2.8610230629055877e-07,6.63810411083432e-06,2.8610230629055877e-07,1.144409225162235e-06,2.86102294921875e-06,5.7220458984375e-06,0.4,0.4,0.4,0.0,0.5000000000000001,1.9010399388885504,1.0679999828338622,2.5749204723979346e-07,1.4305115314527939e-07,2.8610230629055877e-08
527,2.2737367883136385e-14,9.536743306171047e-08,3.7694640298013837e-06,9.536743306171047e-08,3.814697322468419e-07,9.5367431640625e-07,1.9073486328125e-06,0.6,0.6,0.6,0.0,0.2473684210526316,1.2673599592590334,0.7119999885559082,9.53674295089968e-09,4.7683716530855236e-08,8.583068478174027e-08
528,2.2737367883136385e-14,9.536743306171047e-08,3.7694640298013837e-06,9.536743306171047e-08,3.814697322468419e-07,9.5367431640625e-07,1.9073486328125e-06,0.6,0.6,0.6,0.0,0.2473684210526316,1.2673599592590334,0.7119999885559082,9.53674295089968e-09,4.7683716530855236e-08,8.583068478174027e-08
529,2.2737367883136385e-14,9.536743306171047e-08,3.7694640298013837e-06,9.536743306171047e-08,3.814697322468419e-07,9.5367431640625e-07,1.9073486328125e-06,0.6,0.6,0.6,0.0,0.2473684210526316,1.2673599592590334,0.7119999885559082,9.53674295089968e-09,4.7683716530855236e-08,8.583068478174027e-08
530,1.364242106869501e-13,2.8610230629055877e-07,6.63810411083432e-06,2.8610230629055877e-07,1.144409225162235e-06,2.86102294921875e-06,5.7220458984375e-06,0.4,0.4,0.4,0.0,0.5000000000000001,1.9010399388885504,1.0679999828338622,2.574920756615029e-07,1.4305115314527939e-07,2.8610230629055877e-08
531,1.364242106869501e-13,2.8610230629055877e-07,6.63810411083432e-06,2.8610230629055877e-07,1.144409225162235e-06,2.86102294921875e-06,5.7220458984375e-06,0.4,0.4,0.4,0.0,0.5000000000000001,1.9010399388885504,1.0679999828338622,2.5749204723979346e-07,1.4305115314527939e-07,2.8610230629055877e-08
532,2.2737367883136385e-14,9.536743306171047e-08,3.7694640298013837e-06,9.536743306171047e-08,3.814697322468419e-07,9.5367431640625e-07,1.9073486328125e-06,0.6,0.6,0.6,0.0,0.2473684210526316,1.2673599592590334,0.7119999885559082,9.53674295089968e-09,4.7683716530855236e-08,8.583068478174027e-08
533,2.2737367883136385e-14,9.536743306171047e-08,3.7694640298013837e-06,9.536743306171047e-08,3.814697322468419e-07,9.5367431640625e-07,1.9073486328125e-06,0.6,0.6,0.6,0.0,0.2473684210526316,1.2673599592590334,0.7119999885559082,9.53674295089968e-09,4.7683716530855236e-08,8.583068478174027e-08
534,2.2737367883136385e-14,9.536743306171047e-08,3.7694640298013837e-06,9.536743306171047e-08,3.814697322468419e-07,9.5367431640625e-07,1.9073486328125e-06,0.6,0.6,0.6,0.0,0.2473684210526316,1.2673599592590334,0.7119999885559082,9.53674295089968e-09,4.7683716530855236e-08,8.583068478174027e-08
535,1.364242106869501e-13,2.8610230629055877e-07,6.63810411083432e-06,2.8610230629055877e-07,1.144409225162235e-06,2.86102294921875e-06,5.7220458984375e-06,0.4,0.4,0.4,0.0,0.5000000000000001,1.9010399388885504,1.0679999828338622,2.574920756615029e-07,1.4305115314527939e-07,2.8610230629055877e-08
536,1.364242106869501e-13,2.8610230629055877e-07,6.63810411083432e-06,2.8610230629055877e-07,1.144409225162235e-06,2.86102294921875e-06,5.7220458984375e-06,0.4,0.4,0.4,0.0,0.5000000000000001,1.9010399388885504,1.0679999828338622,2.5749204723979346e-07,1.4305115314527939e-07,2.8610230629055877e-08
537,2.2737367883136385e-14,9.536743306171047e-08,3.7694640298013837e-06,9.536743306171047e-08,3.814697322468419e-07,9.5367431640625e-07,1.9073486328125e-06,0.6,0.6,0.6,0.0,0.2473684210526316,1.2673599592590334,0.7119999885559082,9.53674295089968e-09,4.7683716530855236e-08,8.583068478174027e-08
538,2.2737367883136385e-14,9.536743306171047e-08,3.7694640298013837e-06,9.536743306171047e-08,3.814697322468419e-07,9.5367431640625e-07,1.9073486328125e-06,0.6,0.6,0.6,0.0,0.2473684210526316,1.2673599592590334,0.7119999885559082,9.53674295089968e-09,4.7683716530855236e-08,8.583068478174027e-08
539,2.2737367883136385e-14,9.536743306171047e-08,3.7694640298013837e-06,9.536743306171047e-08,3.814697322468419e-07,9.5367431640625e-07,1.9073486328125e-06,0.6,0.6,0.6,0.0,0.2473684210526316,1.2673599592590334,0.7119999885559082,9.53674295089968e-09,4.7683716530855236e-08,8.583068478174027e-08
540,1.364242106869501e-13,2.8610230629055877e-07,6.63810411083432e-06,2.8610230629055877e-07,1.144409225162235e-06,2.86102294921875e-06,5.7220458984375e-06,0.4,0.4,0.4,0.0,0.5000000000000001,1.9010399388885504,1.0679999828338622,2.574920756615029e-07,1.4305115314527939e-07,2.8610230629055877e-08
541,1.364242106869501e-13,2.8610230629055877e-07,6.63810411083432e-06,2.8610230629055877e-07,1.144409225162235e-06,2.86102294921875e-06,5.7220458984375e-06,0.4,0.4,0.4,0.0,0.5000000000000001,1.9010399388885504,1.0679999828338622,2.5749204723979346e-07,1.4305115314527939e-07,2.8610230629055877e-08
542,2.2737367883136385e-14,9.536743306171047e-08,3.7694640298013837e-06,9.536743306171047e-08,3.814697322468419e-07,9.5367431640625e-07,1.9073486328125e-06,0.6,0.6,0.6,0.0,0.2473684210526316,1.2673599592590334,0.7119999885559082,9.53674295089968e-09,4.7683716530855236e-08,8.583068478174027e-08
543,2.2737367883136385e-14,9.536743306171047e-08,3.7694640298013837e-06,9.536743306171047e-08,3.814697322468419e-07,9.5367431640625e-07,1.9073486328125e-06,0.6,0.6,0.6,0.0,0.2473684210526316,1.2673599592590334,0.7119999885559082,9.53674295089968e-09,4.7683716530855236e-08,8.583068478174027e-08
544,2.2737367883136385e-14,9.536743306171047e-08,3.7694640298013837e-06,9.536743306171047e-08,3.814697322468419e-07,9.5367431640625e-07,1.9073486328125e-06,0.6,0.6,0.6,0.0,0.2473684210526316,1.2673599592590334,0.7119999885559082,9.53674295089968e-09,4.7683716530855236e-08,8.583068478174027e-08
545,1.364242106869501e-13,2.8610230629055877e-07,6.63810411083432e-06,2.8610230629055877e-07,1.144409225162235e-06,2.86102294921875e-06,5.7220458984375e-06,0.4,0.4,0.4,0.0,0.5000000000000001,1.9010399388885504,1.0679999828338622,2.574920756615029e-07,1.4305115314527939e-07,2.8610230629055877e-08
546,1.364242106869501e-13,2.8610230629055877e-07,6.63810411083432e-06,2.8610230629055877e-07,1.144409225162235e-06,2.86102294921875e-06,5.7220458984375e-06,0.4,0.4,0.4,0.0,0.5000000000000001,1.9010399388885504,1.0679999828338622,2.5749204723979346e-07,1.4305115314527939e-07,2.8610230629055877e-08
547,2.2737367883136385e-14,9.536743306171047e-08,3.7694640298013837e-06,9.536743306171047e-08,3.814697322468419e-07,9.5367431640625e-07,1.9073486328125e-06,0.6,0.6,0.6,0.0,0.2473684210526316,1.2673599592590334,0.7119999885559082,9.53674295089968e-09,4.7683716530855236e-08,8.583068478174027e-08
548,2.2737367883136385e-14,9.536743306171047e-08,3.7694640298013837e-06,9.536743306171047e-08,3.814697322468419e-07,9.5367431640625e-07,1.9073486328125e-06,0.6,0.6,0.6,0.0,0.2473684210526316,1.2673599592590334,0.7119999885559082,9.53674295089968e-09,4.7683716530855236e-08,8.583068478174027e-08
549,2.2737367883136385e-14,9.536743306171047e-08,3.7694640298013837e-06,9.536743306171047e-08,3.814697322468419e-07,9.5367431640625e-07,1.9073486328125e-06,0.6,0.6,0.6,0.0,0.2473684210526316,1.2673599592590334,0.7119999885559082,9.53674295089968e-09,4.7683716530855236e-08,8.583068478174027e-08
550,1.364242106869501e-13,2.8610230629055877e-07,6.63810411083432e-06,2.8610230629055877e-07,1.144409225162235e-06,2.86102294921875e-06,5.7220458984375e-06,0.4,0.4,0.4,0.0,0.5000000000000001,1.9010399388885504,1.0679999828338622,2.574920756615029e-07,1.4305115314527939e-07,2.8610230629055877e-08
551,1.364242106869501e-13,2.8610230629055877e-07,6.63810411083432e-06,2.8610230629055877e-07,1.144409225162235e-06,2.86102294921875e-06,5.7220458984375e-06,0.4,0.4,0.4,0.0,0.5000000000000001,1.9010399388885504,1.0679999828338622,2.5749204723979346e-07,1.4305115314527939e-07,2.8610230629055877e-08
552,2.2737367883136385e-14,9.536743306171047e-08,3.7694640298013837e-06,9.536743306171047e-08,3.814697322468419e-07,9.5367431640625e-07,1.9073486328125e-06,0.6,0.6,0.6,0.0,0.2473684210526316,1.2673599592590334,0.7119999885559082,9.53674295089968e-09,4.7683716530855236e-08,8.583068478174027e-08
553,2.2737367883136385e-14,9.536743306171047e-08,3.7694640298013837e-06,9.536743306171047e-08,3.814697322468419e-07,9.5367431640625e-07,1.9073486328125e-06,0.6,0.6,0.6,0.0,0.2473684210526316,1.2673599592590334,0.7119999885559082,9.53674295089968e-09,4.7683716530855236e-08,8.583068478174027e-08
554,2.2737367883136385e-14,9.536743306171047e-08,3.7694640298013837e-06,9.536743306171047e-08,3.814697322468419e-07,9.5367431640625e-07,1.9073486328125e-06,0.6,0.6,0.6,0.0,0.2473684210526316,1.2673599592590334,0.7119999885559082,9.53674295089968e-09,4.7683716530855236e-08,8.583068478174027e-08
555,1.364242106869501e-13,2.8610230629055877e-07,6.63810411083432e-06,2.8610230629055877e-07,1.144409225162235e-06,2.86102294921875e-06,5.7220458984375e-06,0.4,0.4,0.4,0.0,0.5000000000000001,1.9010399388885504,1.0679999828338622,2.574920756615029e-07,1.4305115314527939e-07,2.8610230629055877e-08
556,1.364242106869501e-13,2.8610230629055877e-07,6.63810411083432e-06,2.8610230629055877e-07,1.144409225162235e-06,2.86102294921875e-06,5.7220458984375e-06,0.4,0.4,0.4,0.0,0.5000000000000001,1.9010399388885504,1.0679999828338622,2.5749204723979346e-07,1.4305115314527939e-07,2.8610230629055877e-08
557,2.2737367883136385e-14,9.536743306171047e-08,3.7694640298013837e-06,9.536743306171047e-08,3.814697322468419e-07,9.5367431640625e-07,1.9073486328125e-06,0.6,0.6,0.6,0.0,0.2473684210526316,1.2673599592590334,0.7119999885559082,9.53674295089968e-09,4.7683716530855236e-08,8.583068478174027e-08
558,2.2737367883136385e-14,9.536743306171047e-08,3.7694640298013837e-06,9.536743306171047e-08,3.814697322468419e-07,9.5367431640625e-07,1.9073486328125e-06,0.6,0.6,0.6,0.0,0.2473684210526316,1.2673599592590334,0.7119999885559082,9.53674295089968e-09,4.7683716530855236e-08,8.583068478174027e-08
559,2.2737367883136385e-14,9.536743306171047e-08,3.7694640298013837e-06,9.536743306171047e-08,3.814697322468419e-07,9.5367431640625e-07,1.9073486328125e-06,0.6,0.6,0.6,0.0,0.2473684210526316,1.2673599592590334,0.7119999885559082,9.53674295089968e-09,4.7683716530855236e-08,8.583068478174027e-08
560,1.364242106869501e-13,2.8610230629055877e-07,6.63810411083432e-06,2.8610230629055877e-07,1.144409225162235e-06,2.86102294921875e-06,5.7220458984375e-06,0.4,0.4,0.4,0.0,0.5000000000000001,1.9010399388885504,1.0679999828338622,2.574920756615029e-07,1.4305115314527939e-07,2.8610230629055877e-08
561,1.364242106869501e-13,2.8610230629055877e-07,6.63810411083432e-06,2.8610230629055877e-07,1.144409225162235e-06,2.86102294921875e-06,5.7220458984375e-06,0.4,0.4,0.4,0.0,0.5000000000000001,1.9010399388885504,1.0679999828338622,2.5749204723979346e-07,1.4305115314527939e-07,2.8610230629055877e-08
