Date,Open,High,Low,Close,Volume,Movement,Daily_Return,Volatility,EMA_12,EMA_26,MACD,RSI,Stoch_K,Stoch_D,Williams_R,ROC
2018-04-09,28.46999931335449,28.700000762939453,26.5,26.540000915527344,934500.0,1,-5.9532191307748334,3.8755371565064833,28.266157522584745,29.62907244987724,-1.3629149272924934,44.45351273404106,2.5852075849251808,17.692024815059582,-97.41479241507481,-9.819909479036538
2018-04-10,27.059999465942383,28.5,26.84000015258789,28.06999969482422,1068400.0,1,5.7648783968268225,4.683360624028696,28.23597939523697,29.51358557913257,-1.2776061838955997,39.78780028726594,20.564037141066663,15.158636379800894,-79.43596285893334,0.8623779079270921
2018-04-11,28.030000686645508,29.459999084472656,27.399999618530277,27.709999084472656,795300.0,-1,-1.2825102040095238,4.343013579866223,28.155059347427077,29.37998657952813,-1.2249272321010523,34.63992228727456,24.999991423791293,16.049745383261044,-75.0000085762087,-0.14414744334177998
2018-04-12,27.809999465942383,28.59000015258789,27.774999618530277,27.959999084472656,258900.0,1,0.9022014011544677,4.235744927392558,28.125050076203323,29.27480232063513,-1.1497522444318058,40.62186074211364,35.51319572998417,27.02574143161404,-64.48680427001582,1.5619265786496639
2018-04-13,28.700000762939453,28.700000762939453,27.030000686645508,27.479999542236328,418300.0,1,-1.7167366164289044,4.273055914014248,28.025811532516094,29.141853966679662,-1.1160424341635675,40.29850293048482,25.119095706937394,28.544094286904286,-74.8809042930626,-2.1018887032502542
2018-04-16,27.88999938964844,29.0,27.565000534057617,28.989999771118164,401000.0,1,5.494906310172931,3.6070294023846743,28.174148184608722,29.13060550774918,-0.9564573231404587,55.82329294196683,79.86837413240752,46.83355518977637,-20.13162586759248,7.13229986425119
2018-04-17,29.309999465942383,29.972999572753903,28.6299991607666,28.75,951500.0,1,-0.827870896905869,2.9565342999662945,28.262740771591996,29.102412507175167,-0.8396717355831704,54.940711983917964,66.52067852115476,57.16938278683323,-33.47932147884523,7.276122456909939
2018-04-18,28.959999084472656,29.0,28.0,28.649999618530277,377700.0,1,-0.3478274138077331,2.841872411057091,28.322319055736347,29.06890044134962,-0.7465813856132719,55.59999465942386,63.78319193995078,70.05741486450437,-36.21680806004921,2.43117741104526
2018-04-19,28.649999618530277,28.94499969482422,27.75,28.030000686645508,265500.0,0,-2.1640451662825355,3.1061303124511044,28.277346998953142,28.99194490396413,-0.7145979050109865,49.80159221983404,46.81086912027005,59.0382465271252,-53.18913087972995,-1.7525411425385773
2018-04-20,28.049999237060547,28.229999542236328,27.030000686645508,27.21999931335449,522500.0,1,-2.8897657989602976,3.3138444079498535,28.114678124245657,28.86068967503008,-0.7460115507844236,50.80971573944692,24.637274804409227,45.07711195487669,-75.36272519559077,-3.5435861953645453
2018-04-23,27.200000762939453,27.57999992370605,26.5,26.86000061035156,626800.0,-1,-1.3225522119183486,1.0225714884805321,27.921650814415795,28.712490485053895,-0.7908396706380998,50.30060809640863,14.782396210573719,28.74351337841767,-85.21760378942628,1.205726012756081
2018-04-24,27.0,27.96999931335449,27.0,27.13999938964844,393200.0,1,1.0424377249975691,1.5438733272277492,27.80139674906697,28.59600966317201,-0.7946129141050378,45.43454299267469,18.42785684943105,19.282509288138,-81.57214315056896,-3.3131468303765566
2018-04-25,27.09000015258789,28.450000762939453,26.850000381469727,28.11000061035156,415700.0,-1,3.574065005591298,2.6468933452356014,27.84887426618768,28.560008992592714,-0.7111347264050352,47.78947283884806,46.35763917111325,26.522630743706006,-53.64236082888675,1.4435277484474707
2018-04-26,28.399999618530277,28.809999465942383,28.17099952697754,28.649999618530277,396000.0,1,1.9210209763562247,2.5772811782272536,27.972124320394233,28.566674964884385,-0.5945506444901518,52.20966338124254,61.906129657984444,42.23054189284292,-38.09387034201555,2.467813149682141
2018-04-27,28.86000061035156,28.93000030517578,28.410999298095703,28.709999084472656,197200.0,1,0.20942222248259146,1.8343344328597608,28.085643514867837,28.57729156633537,-0.4916480514675321,63.37853900329586,63.63372750778213,57.29916544562661,-36.36627249221787,4.475980941505608
2018-04-30,28.700000762939453,30.059999465942383,28.700000762939453,29.88999938964844,399100.0,-1,4.110067373056681,1.6517038607572143,28.363236726372545,28.674529182877077,-0.31129245650453186,61.72680469384836,95.22471624166549,73.58819113581069,-4.775283758334506,3.1045175082302645
2018-05-01,29.799999237060547,30.030000686645508,29.0,29.1299991607666,418400.0,-1,-2.5426572244930945,2.7059989000770646,28.481200177817787,28.708267699757783,-0.2270675219399969,58.70098305614828,73.87639200306462,77.57827858417075,-26.123607996935384,1.32173621136209
2018-05-02,29.31999969482422,30.059999465942383,29.01000022888184,29.950000762939453,265300.0,1,2.814972968750573,2.575491716212828,28.707169498605733,28.800247926660127,-0.09307842805439392,61.39749016502825,96.91014832852478,88.67041885775164,-3.089851671475222,4.537525869872483
2018-05-03,28.75,28.75,26.75,27.56999969482422,1937300.0,-1,-7.946580993280916,4.801638668208215,28.53222029802396,28.709118428005617,-0.17689812998165522,50.4233308727402,30.056175711840297,66.94757201447658,-69.9438242881597,-1.6411023209159215
2018-05-04,27.57999992370605,27.959999084472656,27.57999992370605,27.86000061035156,651300.0,1,1.0518713048146333,4.8547414491343135,28.428801884535897,28.646220811883097,-0.21741892734720025,43.995754781900494,38.20227006667675,55.056198035680616,-61.79772993332325,2.351217168044073
2018-05-07,28.0,28.350000381469727,27.51000022888184,27.649999618530277,470200.0,1,-0.753772387726559,4.133109246135194,28.308986151304264,28.572426649412517,-0.26344049810825254,44.13646038094501,32.30336491710275,33.520603565206606,-67.69663508289726,2.9411727111959163
2018-05-08,27.649999618530277,27.90999984741211,27.270000457763672,27.530000686645508,266400.0,0,-0.4339925263664335,4.104444638817407,28.189142233664455,28.495209911429775,-0.30606767776531996,44.042559840009986,28.932607897817533,33.14608096053235,-71.06739210218247,1.436998178952864
2018-05-09,27.489999771118164,27.8700008392334,27.333999633789062,27.850000381469727,325500.0,-1,1.1623671879508857,3.7677786958560913,28.136966564096035,28.447416612914218,-0.3104500488181827,49.01098758295392,37.92136471886695,33.052445844595745,-62.07863528113305,-0.9249385387280484
2018-05-10,27.850000381469727,28.81999969482422,27.5,28.18000030517578,380900.0,0,1.184918919877731,0.953943726997763,28.143587139646765,28.427607997526184,-0.284020857879419,55.56845068652376,47.19102688772627,38.01499983480359,-52.80897311227373,-1.640486281369824
2018-05-11,28.25,29.459999084472656,28.01000022888184,29.31999969482422,604500.0,1,4.045420075595452,1.9012360135148603,28.324573686597144,28.49371108621493,-0.16913739961778518,63.085099389080405,77.64350783943465,54.251966482009294,-22.35649216056536,2.124697421817312
2018-05-14,29.3700008392334,30.100000381469727,28.40999984741211,28.46999931335449,564800.0,1,-2.8990463516948117,2.5417051546479303,28.346946859944428,28.49195465859564,-0.1450077986512106,56.6700075547817,51.34325723867182,58.72593065527758,-48.65674276132818,-4.750753112379547
2018-05-15,28.420000076293945,28.76000022888184,27.25,27.40999984741211,753500.0,-1,-3.723215635783883,3.216240785479428,28.202801165708685,28.41180985776723,-0.20900869205854633,46.520871434481464,19.701485739012107,49.562750272372874,-80.29851426098789,-5.904563552720776
2018-05-16,27.530000686645508,27.799999237060547,27.065000534057617,27.09000015258789,383100.0,1,-1.1674560255586108,3.1657988816031533,28.031601009843946,28.313898027753947,-0.2822970179100004,42.073175104841134,10.149257130493947,27.06466670272596,-89.85074286950605,-9.549250542559474
2018-05-17,27.06999969482422,28.51000022888184,26.75200080871582,27.38999938964844,676300.0,-1,1.1074168895192527,3.15558732308576,27.93289306827541,28.245461091597985,-0.3125680233225765,43.45238365553897,19.10445721703643,16.3184000288475,-80.89554278296357,-0.6528846832362101
2018-05-18,27.399999618530277,27.809999465942383,27.209999084472656,27.280000686645508,227400.0,1,-0.4016016993578564,1.9352698935008683,27.832448086486192,28.17394550604595,-0.341497419559758,35.5161007952225,15.820914217716705,15.024876188415698,-84.1790857822833,-2.081837440773593
2018-05-21,27.350000381469727,27.989999771118164,27.040000915527344,27.420000076293945,268300.0,1,0.5131942306620729,1.8828231416527486,27.768994546456618,28.11809769643469,-0.34910314997807035,39.80930149659814,20.0,18.308457144917714,-80.0,-0.8318247573580129
2018-05-22,27.559999465942383,27.559999465942383,27.0,27.09000015258789,348700.0,1,-1.2035008125013014,1.0243285138803495,27.664533870476816,28.041942322816407,-0.37740845233959064,31.898725069859694,10.149257130493947,15.323390449403556,-89.85074286950605,-1.5982583475599221
2018-05-23,26.8799991607666,27.13999938964844,26.26000022888184,26.559999465942383,693400.0,-1,-1.956444014987857,1.242343123839771,27.49460550054844,27.932168777862778,-0.43756327731433586,41.65288698623335,7.812479821344933,12.653912317279632,-92.18752017865506,-4.63196013593471
2018-05-24,26.450000762939453,27.030000686645508,26.350000381469727,26.549999237060547,467800.0,-1,-0.03765146492061833,0.9743553539243506,27.349281460011845,27.829785848914465,-0.48050438890262015,38.64816173796918,7.552057204562054,8.50459805213365,-92.44794279543795,-5.78424787247378
2018-05-25,26.5,26.75,24.76000022888184,24.950000762939453,1034000.0,-1,-6.026359774382561,2.5827510099605098,26.980161352769937,27.616468435138536,-0.6363070823685995,31.145243918389923,3.5580623338659456,6.307533119924315,-96.44193766613405,-14.904498558559641
2018-05-29,25.0,26.13999938964844,25.0,25.6299991607666,731200.0,1,2.725444396928478,3.184981692594852,26.77244409246173,27.469322562962837,-0.6968784705011082,37.69428042001237,16.292114363763464,9.13407796739716,-83.70788563623654,-9.975413491688146
2018-05-30,25.940000534057617,26.399999618530277,25.11100006103516,25.5,763300.0,1,-0.5072148459747128,3.2053959344019094,26.576683462852234,27.32344681755818,-0.7467633547059478,34.39573341168753,13.857673220468723,11.235949972699382,-86.14232677953127,-6.96825924131641
2018-05-31,25.6200008392334,26.32999992370605,25.06999969482422,26.26000022888184,725900.0,1,2.9803930544385793,3.631002171757757,26.52796296531833,27.24467299617475,-0.7167100308564187,37.93968795654504,28.089886837794666,19.41322480734229,-71.91011316220533,-3.0638609045070875
2018-06-01,26.36000061035156,28.200000762939453,26.36000061035156,28.18000030517578,849100.0,1,7.311500607613275,4.948112580052424,26.78212255606563,27.313956500545196,-0.5318339444795654,43.47825992072932,64.0449434188973,35.330834492386906,-35.9550565811027,2.884267736880286
2018-06-04,28.38999938964844,29.399999618530277,28.38999938964844,29.209999084472656,1217700.0,1,3.6550701495475124,2.789396908973689,27.1556420219744,27.45440409935464,-0.2987620773802391,54.147984292158185,95.90516036529013,62.679996873994035,-4.09483963470988,7.074774007509266
2018-06-05,29.31999969482422,30.15999984741211,28.90999984741211,30.1299991607666,818100.0,1,3.1496066591217176,2.7765206054740736,27.61323542794243,27.652596326125895,-0.03936089818346389,65.48975776870446,99.44443168954014,86.46484515790921,-0.5555683104598657,9.88329349720023
2018-06-06,30.200000762939453,31.51000022888184,29.86000061035156,30.649999618530277,2051600.0,1,1.72585619730381,2.1060730209627794,28.080429918802103,27.87462619963733,0.20580371916477347,69.82183694791723,87.25925021701389,94.20294742394806,-12.74074978298611,13.141378537800797
2018-06-07,36.0,42.15999984741211,34.849998474121094,37.790000915527344,10862900.0,1,23.295273689597007,8.888759648267406,29.574210072144446,28.609098400814368,0.965111671330078,82.869798464813,74.88506305924915,87.19624832193439,-25.114936940750848,42.281632813980586
2018-06-08,37.4900016784668,40.95000076293945,37.400001525878906,40.52999877929688,3254200.0,-1,7.250589567050558,8.88968525718785,31.259716027090974,29.49212805847974,1.7675879686112346,85.90786356116456,90.63217756407683,84.25883028011329,-9.367822435923186,52.65536702058344
2018-06-11,40.959999084472656,43.97999954223633,40.59000015258789,41.25,3320600.0,1,1.7764649454440784,9.145492371105291,32.7966827921539,30.36308153562939,2.4336012565245113,86.33736783239465,85.79604765990047,83.7710960944088,-14.203952340099528,65.33065626704287
2018-06-12,41.7599983215332,41.79999923706055,38.790000915527344,38.93000030517578,2774100.0,1,-5.624241684422349,10.856141387380648,33.740270101849575,30.997668111151345,2.7426019906982297,78.16365852392607,73.72528919107872,83.38450480501866,-26.274710808921277,51.8923198591762
2018-06-13,39.11000061035156,39.869998931884766,38.29999923706055,38.83000183105469,1568600.0,1,-0.25686738591624847,11.070988151352044,34.52330575249651,31.577840979292333,2.945464773204179,79.79603128719575,73.20500574834408,77.57544753310776,-26.79499425165591,52.274516984528184
2018-06-14,39.58000183105469,41.0,39.27000045776367,39.38999938964844,1952300.0,1,1.4421775230149203,4.617755236317187,35.27202785051988,32.15651938005945,3.1155084704604334,80.36898097739295,76.11862478372382,74.34963990771554,-23.88137521627618,49.99999636833849
2018-06-15,38.95000076293945,42.720001220703125,38.935001373291016,41.0,3448000.0,-1,4.087333422946604,3.648082527431484,36.15325433505529,32.81159201857356,3.341662316481724,87.94327155746468,84.29926441460172,77.87429831555654,-15.700735585398272,45.49325605390284
2018-06-18,40.75,40.84000015258789,39.52000045776367,40.400001525878906,1760500.0,-1,-1.4634109124904704,3.6044058399055676,36.80660005672046,33.37369642652211,3.4329036301983535,85.04984952581054,81.06822821129025,80.49537246987194,-18.931771788709746,38.308807915555846
2018-06-19,39.88999938964844,39.9900016784668,36.36000061035156,39.15999984741211,3160600.0,-1,-3.0693109693881837,2.752494136225004,37.168661562980716,33.80231149473618,3.366350068244536,80.79351219301614,74.51084223311693,79.95944495300297,-25.48915776688306,29.970132552820683
2018-06-20,39.61000061035156,39.9900016784668,37.77000045776367,37.8849983215332,1292000.0,1,-3.255877249353878,3.1594482358840295,37.278867218142636,34.10473274116559,3.174134476977045,75.61136643746825,65.4086175358743,73.66256266009383,-34.59138246412571,23.60521629053729
2018-06-21,38.08000183105469,38.08000183105469,35.189998626708984,35.209999084472656,2687000.0,1,-7.0608403209038055,4.048461229263414,36.96057981296264,34.1866043221513,2.7739754908113454,64.98933836710765,43.74598863420869,61.22181613439998,-56.25401136579131,-6.827207643688105
2018-06-22,35.599998474121094,36.900001525878906,34.25,36.630001068115234,3702500.0,1,4.032950924638867,4.027525678788801,36.90972154452458,34.367596673704185,2.5421248708203947,65.56208459763184,51.22761364988318,53.460739939988734,-48.77238635011682,-9.622496493076149
2018-06-25,36.380001068115234,37.81999969482422,34.38999938964844,36.36000061035156,2068800.0,-1,-0.7371019653032329,4.0719325940573174,36.825149093113346,34.515182150492876,2.30996694262047,63.43251683076801,46.03399781654494,47.00253336687894,-53.96600218345506,-11.854543974905308
2018-06-26,36.45000076293945,37.34000015258789,35.29999923706055,35.869998931884766,1090100.0,1,-1.347639357099717,4.0334216827216345,36.678202914462794,34.615538949114494,2.0626639653482997,61.269427715568874,16.649527318604864,37.970379595011,-83.35047268139513,-7.8602654747068845
2018-06-27,35.779998779296875,36.89599990844727,34.310001373291016,34.61000061035156,1080400.0,-1,-3.512680120024181,4.060151923102939,36.36001794459953,34.615128701798724,1.7448892428008023,40.79860957806973,3.6999036720285448,22.127809602392787,-96.30009632797146,-10.867888286649874
2018-06-28,34.5,35.66999816894531,33.5099983215332,35.310001373291016,1206200.0,-1,2.0225390077863503,2.9585369957095504,36.19847693362899,34.666600751538894,1.5318761820900946,32.87402614469062,17.192004220577648,12.513811737070355,-82.80799577942236,-10.3579539974038
2018-06-29,35.70000076293945,36.900001525878906,34.279998779296875,35.75,1381700.0,1,1.2461019812981533,2.1941492243868552,36.12948048230145,34.7468525477212,1.3826279345802561,31.617645933853765,24.321400362085484,15.071102751563897,-75.67859963791452,-12.804878048780488
2018-07-02,36.0,37.47999954223633,34.79999923706055,37.08000183105469,1355700.0,1,3.7202848421110213,2.8606299110751903,36.2757145359558,34.919678420560714,1.356036115395085,43.378674615362776,38.762240887494634,26.75854849005259,-61.237759112505366,-8.21782071641145
2018-07-03,37.459999084472656,37.790000915527344,35.599998474121094,36.43000030517578,761200.0,1,-1.7529705873275514,2.9283888730584695,36.29945080814349,35.031554115717384,1.2678966924261061,41.735534367469775,31.704680395982848,31.596107215187658,-68.29531960401715,-6.971398245336669
2018-07-05,36.61000061035156,36.81999969482422,35.279998779296875,36.66999816894531,624400.0,1,0.6587918247572322,2.0025769298608203,36.356458094420695,35.152920341882414,1.2035377525382813,40.42253400049323,34.31051957320137,34.92581361889295,-65.68948042679864,-3.207074584710501
2018-07-06,36.70000076293945,38.77999877929688,36.54999923706055,38.0099983215332,1256600.0,1,3.654213851918575,2.287142076720716,36.61084889859185,35.36455574778247,1.2462931508093789,39.26776455794024,61.391526274046115,42.46890874774345,-38.608473725953885,7.952284322254721
2018-07-09,38.95000076293945,40.06999969482422,37.619998931884766,39.869998931884766,1279800.0,1,4.893450914197617,2.723781452218971,37.11225659602153,35.698292279938194,1.4139643160833373,48.25542338476267,96.95120852026412,64.2177514558372,-3.0487914797358786,8.845202755371485
2018-07-10,40.34000015258789,40.34000015258789,38.150001525878906,38.540000915527344,1241200.0,1,-3.335836598916475,3.483635018353652,37.331909568253195,35.90878921590777,1.4231203523454283,47.97120802803902,73.64569905565324,77.32947794998783,-26.354300944346765,5.995600298629111
2018-07-11,38.0,39.310001373291016,37.0099983215332,39.119998931884766,970200.0,-1,1.5049247601957028,3.171987534019548,37.607000239581126,36.14665660227644,1.460343637304689,54.2338042093755,82.13761502733401,84.24484086775045,-17.862384972665996,9.060496506207262
2018-07-12,39.22999954223633,40.790000915527344,38.810001373291016,40.540000915527344,1003000.0,1,3.6298620204848753,3.257957764672316,38.058231112803625,36.472089514369095,1.58614159843453,69.99250224646433,96.56593528955271,84.11641645751332,-3.434064710447289,17.13377694481222
2018-07-13,40.68000030517578,40.77000045776367,39.119998931884766,39.7400016784668,724400.0,1,-1.9733577182879047,3.5339295087124323,38.31696504598258,36.714157082080035,1.602807963902542,62.2344643366298,85.5769386960552,88.09349633764731,-14.423061303944804,12.546021333566681
2018-07-16,39.65999984741211,41.43000030517578,39.02000045776367,41.119998931884766,896800.0,-1,3.4725646581080127,3.175916424656645,38.748201028429065,37.04051573762113,1.7076852908079374,67.22141729571007,96.0858422266652,92.74290540409105,-3.914157773334791,15.020976033244104
2018-07-17,41.119998931884766,41.97999954223633,40.17499923706055,41.880001068115234,1151100.0,0,1.848254270359817,2.259418092279955,39.23001641915001,37.39899613247254,1.8310202866774716,71.32719552264345,98.81938064097714,93.49405385456585,-1.180619359022861,12.944981121981836
2018-07-18,42.31999969482422,42.630001068115234,40.91999816894531,41.68000030517578,963100.0,1,-0.47755672836341523,2.465940775680076,39.60693701700013,37.71610755267278,1.8908294643273464,77.12970206128342,89.5833281048573,94.82951699083321,-10.416671895142704,14.41119944007825
2018-07-19,41.45000076293945,41.8650016784668,40.15999984741211,40.380001068115234,722200.0,-1,-3.1190000660799244,2.707060303907294,39.72586994794091,37.913432998261115,1.8124369496797925,68.59868201203352,73.05389960176399,87.15220278253283,-26.946100398236013,10.117270478382
2018-07-20,40.56999969482422,41.7599983215332,39.31800079345703,39.790000915527344,1290900.0,1,-1.4611197052537106,2.6244996189356207,39.73573625064652,38.05243802916972,1.6832982214767966,64.65893060018647,63.72925302106414,75.45549357589515,-36.27074697893586,4.68298519493946
2018-07-23,39.619998931884766,42.43000030517578,39.0,41.380001068115234,947600.0,-1,3.9959791807077316,2.7996094248616052,39.98870006871863,38.29892418020272,1.6897758885159107,65.3133907584864,82.9932025748939,73.25878506590736,-17.006797425106097,3.7873142129003057
2018-07-24,41.52000045776367,42.540000915527344,38.09999847412109,39.810001373291016,1207900.0,1,-3.7941025961789054,3.0715793247873413,39.96120796172976,38.41085582413518,1.5503521375945795,61.29679858570564,61.632669161010796,69.45170825232294,-38.367330838989204,3.295278743109731
2018-07-25,39.68999862670898,41.27999877929688,39.0,41.220001220703125,599900.0,-1,3.5418231569268377,3.6956287661890355,40.15486846311028,38.6189406683254,1.5359277947848824,64.10416561228385,76.80922002012754,73.81169725201075,-23.19077997987246,5.368104156840237
2018-07-26,39.869998931884766,40.72999954223633,39.47999954223633,39.66999816894531,856700.0,-1,-3.760317821095327,3.8322869971621385,40.080273033238754,38.69679677948243,1.3834762537563208,55.07955884917541,47.33093500763618,61.92427472959151,-52.66906499236382,-2.1460353402429466
2018-07-27,40.09999847412109,40.40999984741211,37.11000061035156,37.380001068115234,1134100.0,1,-5.772617107461187,4.573500436553272,39.6648465770659,38.599256356418195,1.0655902206477066,42.57603350565062,6.58367554725946,43.574610191674395,-93.41632445274054,-5.9386021909262565
2018-07-30,37.290000915527344,37.72999954223633,35.18000030517578,36.220001220703125,1235600.0,-1,-3.1032632805395477,3.564074071207934,39.1348703683947,38.42301523525411,0.7118551331405882,43.012048469639836,13.95974240299277,22.62478431929614,-86.04025759700723,-11.916337155792444
2018-07-31,36.09999847412109,36.77000045776367,33.900001525878906,35.310001373291016,1391200.0,-1,-2.51242356914102,3.500234634704314,38.5464289845326,38.19242161584944,0.3540073686831562,38.7477924101721,16.15120184818378,12.231539932812007,-83.84879815181623,-15.68767795430215
2018-08-01,35.599998474121094,36.22999954223633,35.191001892089844,36.060001373291016,508700.0,1,2.1240440975097474,2.9150151003051055,38.1639016597262,38.034464560845116,0.129437098881084,36.22386222419396,24.742267590758555,18.284403947311706,-75.25773240924144,-13.48368255934701
2018-08-02,35.65999984741211,37.46599960327149,35.32400131225586,37.02999877929688,868700.0,-1,2.689953879825202,3.6183124115049163,37.98945506273707,37.96005968813784,0.029395374599232582,41.75288046853689,35.85334957092308,25.582273003288474,-64.14665042907691,-8.296191679557863
2018-08-03,37.16999816894531,37.632999420166016,36.34799957275391,37.33000183105469,647700.0,1,0.8101621972656847,2.66206117554164,37.88800071940132,37.91338873576131,-0.025388016359990218,37.654734411372424,39.289810825088914,33.29514266225686,-60.710189174911086,-6.182455460845904
2018-08-06,37.41999816894531,38.66999816894531,36.060001373291016,36.59000015258789,692800.0,1,-1.9823242490472959,2.3659324353520788,37.68830832450695,37.81535995182254,-0.12705162731559483,32.7462482593735,30.813273399323666,35.31881126511189,-69.18672660067634,-11.575642319686185
2018-08-07,37.060001373291016,38.29999923706055,36.75,37.25,501500.0,1,1.8037710977309995,1.8477046855891959,37.620876274582805,37.77348143687273,-0.15260516228992316,35.972134109189724,38.77313322654535,36.292072483652646,-61.22686677345465,-6.430548316957729
2018-08-08,37.40999984741211,38.43000030517578,36.77899932861328,37.040000915527344,546900.0,1,-0.5637559314702223,1.8622657657767905,37.53151083472812,37.7191495464027,-0.18763871167458035,38.63945585292604,36.3425880956712,35.30966490718008,-63.6574119043288,-10.14070883403162
2018-08-09,37.08000183105469,39.59000015258789,37.08000183105469,38.290000915527344,703600.0,1,3.3747299381841955,2.072191453407282,37.648201616389535,37.76143483300452,-0.11323321661498653,45.117187694025525,50.81018171029138,41.975301010835985,-49.18981828970862,-3.4786925059610008
2018-08-10,38.209999084472656,38.63999938964844,37.150001525878906,38.18999862670898,457300.0,-1,-0.26117076632874436,2.111484506189794,37.73155500259253,37.79318029920485,-0.06162529661231986,38.50035396643175,49.65274773016658,45.601839178709724,-50.34725226983342,2.1669275961702983
2018-08-13,38.43000030517578,39.22600173950195,37.54999923706055,38.060001373291016,565500.0,1,-0.3403960672757056,1.7264973764856006,37.782085213469216,37.81294482321123,-0.030859609742016403,42.96057941659378,56.368582596496836,52.27717067898494,-43.631417403503164,5.08006651180386
2018-08-14,38.02999877929688,38.59000015258789,36.77000045776367,37.52000045776367,633900.0,-1,-1.418814755761666,1.8559856272907742,37.74176448182221,37.79124524058548,-0.049480758763273514,33.996538393636456,53.00146388351933,53.00759807006093,-46.99853611648067,6.258847347834795
2018-08-15,37.02000045776367,37.40499877929688,35.5099983215332,36.34999847412109,1100400.0,-1,-3.118342135842078,2.38157720737129,37.527646634483574,37.684486220847376,-0.1568395863638017,35.152059015207584,37.634371427382625,49.001472635799594,-62.36562857261737,0.8042071264170003
2018-08-16,36.9900016784668,39.150001525878906,36.678001403808594,39.09999847412109,1754700.0,1,7.565337318948795,4.122432858214639,37.76954691750473,37.78933898034913,-0.01979206284440238,57.38830297470925,91.38836912601833,60.674734812306774,-8.611630873981671,5.59006147194776
2018-08-17,38.91999816894531,41.0,38.55500030517578,40.290000915527344,1513200.0,-1,3.04348462364743,4.236171651416731,38.15730907104667,37.974573197769736,0.18273587327693264,67.43786492121197,90.00001074562842,73.00758376634313,-9.99998925437159,7.929276558487186
2018-08-20,40.70000076293945,40.9900016784668,39.77999877929688,39.81999969482422,968500.0,1,-1.1665455696775462,4.3238585063613115,38.41310762855091,38.111271456810805,0.30183617174010635,70.08012217893463,79.68668119259729,87.02502035474801,-20.31331880740271,8.82754722264707
2018-08-21,39.79999923706055,39.98899841308594,39.060001373291016,39.43000030517578,922700.0,-1,-0.9794058077281398,4.266979392847742,38.56955265572397,38.20895507520821,0.3605975805157584,65.50136567483426,72.33967480975235,80.67545558265937,-27.660325190247654,5.8523498125524265
2018-08-22,39.70000076293945,42.5,39.04999923706055,41.720001220703125,1956100.0,1,5.807762865339727,3.931192742174736,39.05423705033614,38.469032567467096,0.5852044828690453,69.23707369463291,88.84122185979273,80.28919262071413,-11.158778140207282,12.6349897124703
2018-08-23,41.5,43.900001525878906,41.26100158691406,42.54999923706055,1528500.0,-1,1.9894486866542715,2.9219497391418487,39.59204661752452,38.77132639484439,0.82072022268013,70.51884960531991,83.90939483647504,81.69676383534005,-16.090605163524963,11.12561561680634
2018-08-24,43.09999847412109,45.43999862670898,43.0,44.43000030517578,1892300.0,1,4.418333964334775,3.1325073693074947,40.336347184855484,39.190487425239304,1.1458597596161795,78.28281980350184,89.82881882685584,87.52647850770789,-10.171181173144161,16.339360834914316
2018-08-27,45.119998931884766,47.86000061035156,45.11000061035156,47.2599983215332,2974300.0,1,6.369565601888483,3.0310113986200875,41.4015242828059,39.78822897311292,1.6132953096929796,81.22269713569347,95.14168277230524,89.62663214521206,-4.858317227694759,24.172350542000707
2018-08-28,48.2400016784668,48.2400016784668,45.604000091552734,47.0,1696500.0,1,-0.5501445847803543,2.8736610815182373,42.262828239297306,40.32243423436382,1.9403940049334878,80.97014288032382,90.25921954850537,91.7432403825555,-9.740780451494624,25.26652299193861
2018-08-29,47.0,48.0,46.5099983215332,47.15999984741211,738200.0,0,0.34042520725980907,2.8670732607550127,43.01623925593035,40.8289205760711,2.1873186798592528,79.58638405166609,91.51609154551835,92.30566462210966,-8.483908454481654,29.738657020816838
2018-08-30,47.29999923706055,47.970001220703125,43.7599983215332,43.900001525878906,1913100.0,1,-6.912634291944542,5.13830849776889,43.152202682076286,41.05640805383464,2.0957946282416486,65.73003751855069,65.90731336905704,82.56087482102693,-34.09268663094297,12.276223117846863
2018-08-31,43.400001525878906,44.435001373291016,42.5,42.790000915527344,1279200.0,-1,-2.5284751065377975,4.822195453257036,43.09647933337645,41.18482233988595,1.911656993490503,62.36277908556945,57.187750779570486,71.53705189804863,-42.812249220429514,6.205013510030799
2018-09-04,43.0,45.13999938964844,41.36000061035156,44.2599983215332,1703600.0,1,3.4353759629681013,3.829872219708408,43.275482254631335,41.4126131533413,1.8628691012900376,66.79959791640675,68.73525288769211,63.94343901210656,-31.264747112307894,11.150172427766481
2018-09-05,44.540000915527344,45.470001220703125,43.09999847412109,44.06999969482422,3305300.0,1,-0.4292784317990961,3.8357163349188603,43.397715706968704,41.60945660085855,1.7882591061101536,70.23061731337269,63.93355920616554,63.28552095780939,-36.06644079383446,11.767687937449423
2018-09-06,42.0099983215332,42.68999862670898,39.619998931884766,41.869998931884766,3115300.0,-1,-4.9920598551713375,4.030162998097832,43.16268235695579,41.62875603278642,1.5339263241693715,57.47436915945091,34.228168886490614,55.63232699344943,-65.77183111350938,0.3595342924084255
2018-09-07,41.79999923706055,46.900001525878906,41.66999816894531,46.04999923706055,2573000.0,-1,9.983282569402308,5.8520127599592255,43.60688495389498,41.95625552939932,1.650629424495662,63.38290018837733,76.16972949279068,58.11048586181562,-23.83027050720932,8.225617068757884
2018-09-10,45.18999862670898,47.790000915527344,43.65599822998047,45.7599983215332,2130400.0,-1,-0.6297522699934222,5.6150034902973776,43.938133164300865,42.23801425474257,1.7001189095582916,63.917527431776506,73.01411645159362,61.13733827695831,-26.985883548406377,2.9934683934775608
2018-09-11,45.7400016784668,45.880001068115234,42.77000045776367,42.95000076293945,1932100.0,-1,-6.140729155733937,6.362006123329592,43.78611279486065,42.290753996090494,1.4953587987701553,57.40741127253117,42.43743732109531,63.87376108849321,-57.56256267890469,-9.119758171108472
2018-09-12,41.369998931884766,43.369998931884766,40.5099983215332,42.68000030517578,6087700.0,-1,-0.6286390057451352,6.362533450992478,43.615941642601435,42.31958705602273,1.2963545865787012,52.207910569699145,35.49884452768133,50.316799433456765,-64.50115547231867,-9.19148871239196
2018-09-13,42.25,43.2599983215332,41.51499938964844,42.43999862670898,1935100.0,-1,-0.5623282023212606,5.866534557560564,43.43502733246414,42.32850643162912,1.1065209008350152,49.739951200719126,32.714603205229686,36.88362835133545,-67.28539679477032,-10.0084843850188
2018-09-14,42.27999877929688,43.810001373291016,42.09999847412109,42.63999938964844,1878900.0,-1,0.4712553473401604,2.6371397858770615,43.31271534126172,42.351579984074995,0.9611353571867269,45.40318052203571,35.03479693160365,34.416081554838236,-64.96520306839635,-2.870164219670246
2018-09-17,42.56999969482422,42.84000015258789,40.09999847412109,40.2599983215332,2203200.0,-1,-5.581616093299047,3.1159074665986486,42.843066568995795,42.19664800907189,0.6464185599239016,31.59831431265843,7.42458452118484,25.05799488600607,-92.57541547881516,-5.9126023366736336
2018-09-18,40.0099983215332,40.56999969482422,39.119998931884766,39.75,1532900.0,-1,-1.2667619046084932,2.3578278522476057,42.36721017376567,42.01541482321471,0.3517953505509581,31.188372436461634,7.094605769557087,16.517995740781867,-92.90539423044291,-10.18978421275497
2018-09-19,39.150001525878906,39.70000076293945,37.5099983215332,37.83000183105469,2170700.0,-1,-4.830184072818399,2.6890163380820615,41.6691781210409,41.705384231202856,-0.03620611016195596,27.817403113831304,3.059306126453168,5.8594988057317074,-96.94069387354683,-14.159287286090871
2018-09-20,37.59999847412109,39.5,37.08000183105469,38.81999969482422,1450100.0,-1,2.6169648846192883,3.478562718336619,41.23084297854603,41.49165204332295,-0.2608090647769217,36.46054552626978,16.246480042114833,8.800130646041705,-83.75351995788517,-7.284450238516527
2018-09-21,38.900001525878906,40.25,38.38999938964844,40.130001068115234,2187300.0,1,3.3745527655572705,4.118780730988582,41.0614826846336,41.39078900812238,-0.32930632348877964,42.98523071982913,28.478053200606077,15.927946456391368,-71.52194679939392,-12.855587984854866
2018-09-24,39.060001373291016,41.81999969482422,39.060001373291016,41.43000030517578,1881500.0,-1,3.2394697295272223,3.595177203609816,41.11817770317855,41.39369354864486,-0.2755158454663089,42.46940273281788,40.6162357233785,28.44692298869981,-59.3837642766215,-9.462408599608407
2018-09-25,41.34999847412109,43.13999938964844,41.11000061035156,42.63999938964844,1683300.0,-1,2.9205867138781816,3.530942872192464,41.35230411648161,41.48601249983031,-0.13370838334869717,46.390710546666796,51.91408061513869,40.33612317970776,-48.08591938486131,-0.721772684014732
2018-09-26,42.0,42.80500030517578,41.09999847412109,41.970001220703125,1612600.0,-1,-1.571290287372673,2.082100774450565,41.447334440207996,41.52186351619126,-0.07452907598326419,50.273529311720324,45.658261509451975,46.0628592826564,-54.341738490548025,-1.6635404859323688
2018-09-27,41.869998931884766,42.470001220703125,41.43999862670898,41.61000061035156,753400.0,-1,-0.8577569689799724,2.4247935634752964,41.47236000484547,41.528392189832765,-0.0560321849872949,34.64730263090209,42.296910985402995,46.62308436999789,-57.703089014597005,-1.9556975570566348
2018-09-28,41.41999816894531,42.34000015258789,40.5,40.77999877929688,1178800.0,-1,-1.9947171806774633,2.530051665057448,41.36584289322261,41.47295564090418,-0.10711274768156898,33.399997304279935,42.04542351162862,43.333532002161206,-57.95457648837138,-4.362102807166313
2018-10-01,41.5,41.93999862670898,39.7400016784668,39.93000030517578,1496400.0,1,-2.084351396676909,2.0906859685819787,41.1449440335231,41.35866265307245,-0.213718619549347,38.42024106902821,42.34767708727155,42.2300038614344,-57.65232291272845,-0.8196672382396075
2018-10-02,39.790000915527344,40.40999984741211,36.790000915527344,37.02999877929688,2329100.0,-1,-7.26271350792601,2.5665140223501233,40.511875532872914,41.03802088464463,-0.5261453517717172,31.971913892510756,3.4187727652370175,29.270624454712404,-96.58122723476299,-6.842770366548723
2018-10-03,38.06999969482422,38.61000061035156,36.369998931884766,38.209999084472656,1389700.0,1,3.1866063842149073,3.7320919427557127,40.157740694657484,40.8285377883356,-0.670797093678118,37.26670572464221,24.73117673117468,23.49920886122776,-75.26882326882532,1.004486479051736
2018-10-04,38.29999923706055,38.369998931884766,36.58000183105469,37.810001373291016,1315900.0,1,-1.0468404102741413,3.721066374836701,39.79655002983187,40.6049424983323,-0.8083924685004291,35.63355201095436,21.27034481592819,16.47343143744664,-78.7296551840718,-2.6017473711311356
2018-10-05,37.52000045776367,37.777000427246094,35.599998474121094,37.040000915527344,1484000.0,-1,-2.0364994176054196,3.721546440418374,39.37246555070809,40.34087275145786,-0.9684072007497662,39.40789848483669,19.09817329651527,21.69989828120606,-80.90182670348473,-7.699975256275316
2018-10-08,36.720001220703125,37.220001220703125,35.599998474121094,36.34999847412109,1166500.0,-1,-1.8628575171470985,3.7193586480901155,38.90747061584855,40.0452524346181,-1.1377818187695468,38.946677070688956,9.946948394336346,16.77182216892661,-90.05305160566365,-12.261650479447518
2018-10-09,36.18999862670898,37.20000076293945,35.630001068115234,35.72999954223633,1036200.0,-1,-1.7056367480349666,2.2008827320541484,38.4186289122159,39.725604072219454,-1.306975160003553,42.542604457832006,1.7241518876678037,10.25642452617315,-98.2758481123322,-16.205440774676994
2018-10-10,35.189998626708984,35.84000015258789,33.439998626708984,33.540000915527344,1923600.0,-1,-6.129299341636408,2.032207888738409,37.668070758879196,39.26741124579782,-1.5993404869186207,32.722515703172576,1.0309513500291214,4.2340172106777665,-98.96904864997087,-20.085775696898
2018-10-11,33.0,36.06999969482422,33.0,34.54999923706055,2001600.0,-1,3.011324668943649,3.238252461528338,37.188367447830174,38.917973319224686,-1.7296058713945115,31.375155465510318,15.285989451270437,6.01369756298913,-84.71401054872956,-16.967078273809634
2018-10-12,37.09000015258789,37.2400016784668,34.97999954223633,36.29999923706055,1437600.0,1,5.06512312197922,4.419998340397769,37.051695415404076,38.72404931313846,-1.6723538977343821,33.37653196719506,32.54437313309307,16.28710464479755,-67.45562686690694,-10.985776548160986
2018-10-15,36.29999923706055,37.59000015258789,35.70000076293945,36.86000061035156,1033800.0,0,1.5427035401126998,4.385895149379489,37.02220390693446,38.58597163145054,-1.563767724516083,30.446551905696936,39.36767455595058,29.066012380104706,-60.63232544404942,-7.688453972854791
2018-10-16,37.29999923706055,39.130001068115234,37.060001373291016,38.959999084472656,1126900.0,1,5.6972285386542865,4.749992537639589,37.320326241940336,38.613677368711436,-1.2933511267710998,40.71560053598735,62.93556828105816,44.94920532336727,-37.06443171894184,5.211991274098615
2018-10-17,39.09999847412109,39.119998931884766,37.18000030517578,37.90999984741211,1122900.0,1,-2.695069973651565,3.35282735916427,37.41104525816676,38.561553107874445,-1.1505078497076866,39.05325069810097,52.56959065521713,51.62427783074196,-47.43040934478287,-0.7851328035819227
2018-10-18,37.95000076293945,38.375,36.43999862670898,36.77999877929688,1071800.0,1,-2.9807466965536378,4.11863787580535,37.31396118449447,38.4295861205724,-1.1156249360779356,38.37209096014171,42.28187203523529,52.595676990503534,-57.71812796476472,-2.7241538127045106
2018-10-19,37.11000061035156,37.90999984741211,35.560001373291016,35.68000030517578,1188400.0,1,-2.9907517961644925,3.8575944024742195,37.06258258767621,38.225913097209684,-1.1633305095334734,37.82234744050164,36.16734629369463,43.672936328049026,-63.83265370630537,-3.6717078205617537
2018-10-22,36.13999938964844,36.72499847412109,34.939998626708984,36.29999923706055,1063800.0,1,1.7376651529759979,3.881602053068202,36.945262072196876,38.083252811272715,-1.137990739075839,47.59393601213862,53.8335833940594,44.09426724099645,-46.1664166059406,-0.13754948874656892
2018-10-23,35.22999954223633,36.0,34.099998474121094,35.529998779296875,1047700.0,-1,-2.12121342685192,2.0143828659085794,36.727529257904564,37.8941228829782,-1.166593625073638,40.92140480155813,41.272403563785396,43.75777775051315,-58.727596436214604,-0.5597558508307121
2018-10-24,35.54999923706055,36.04999923706055,33.939998626708984,34.02000045776367,1020000.0,1,-4.249925058857784,2.2867690790492317,36.3109863655752,37.607150851480824,-1.2961644859056278,38.05922469559331,16.639482545429427,37.248489834424745,-83.36051745457057,1.4311256086284585
2018-10-25,34.599998474121094,36.20000076293945,34.02000045776367,35.75,890300.0,1,5.085242560135028,3.8436926027195737,36.224680770871316,37.4695841217415,-1.2449033508701817,46.16755389196719,44.861329866709646,34.2577386586415,-55.138670133290354,3.4732294918613293
2018-10-26,34.4900016784668,35.0099983215332,33.2400016784668,33.75,1511500.0,-1,-5.594405594405593,4.400244700056743,35.843960652275726,37.19405937198287,-1.350098719707141,42.83351803990925,12.234908145466267,24.578573519201786,-87.76509185453374,-7.024791434312538
2018-10-29,34.70000076293945,35.5,33.45000076293945,34.16999816894531,1279200.0,1,1.244439019097232,4.327658561646513,35.58642796253259,36.97005483842453,-1.3836268758919417,45.6521679037505,19.086426836546163,25.3942216162407,-80.91357316345383,-7.297890387583994
2018-10-30,33.970001220703125,35.67499923706055,33.47999954223633,35.4900016784668,859800.0,-1,3.863048230190258,4.787129164819404,35.57159314959939,36.86042127102026,-1.2888281214208703,55.71177865722177,40.619922424130785,23.980419135381084,-59.380077575869215,-8.906564393090067
2018-10-31,36.59000015258789,36.869998931884766,35.189998626708984,36.290000915527344,1047800.0,1,2.254153843971052,4.162894257414556,35.68211742128061,36.81816791135412,-1.136050490073508,55.16014830713161,51.78267492558425,37.16300806208708,-48.21732507441575,-4.273276017951111
2018-11-01,36.29999923706055,39.369998931884766,35.25,38.959999084472656,2498100.0,1,7.357393501202436,4.752100111051941,36.18640690792554,36.97682207232586,-0.7904151644003221,57.48031664999971,93.31158187414356,61.90472640795287,-6.68841812585644,5.927135338576672
2018-11-02,39.2599983215332,39.84999847412109,38.06999969482422,39.41999816894531,1435300.0,1,1.1806958297799097,2.5747803748381433,36.683882486543965,37.15779807948285,-0.4739155929388872,57.239815099302994,93.49469722196423,79.52965134056403,-6.505302778035774,10.482056703421616
2018-11-05,39.84000015258789,40.0,38.75299835205078,39.77000045776367,1028000.0,1,0.8878800230236683,2.6457479226707465,37.158669866731614,37.3512945519481,-0.19262468521648657,52.54237775185689,96.59763906296114,94.46797271968966,-3.4023609370388574,9.55923221386854
2018-11-06,39.810001373291016,41.08000183105469,39.61000061035156,40.970001220703125,912000.0,1,3.0173516447752347,2.6122825200928244,37.745028536573386,37.61934689778181,0.12568163879157623,59.51493081708786,98.59693101772132,96.22975576754891,-1.403068982278688,15.311012182122873
2018-11-07,41.06999969482422,42.290000915527344,40.34000015258789,41.0,1446100.0,1,0.07322132878462284,2.9193586047686626,38.24579337710056,37.86976564609427,0.37602773100628895,64.08545535478729,85.74584503560314,93.64680503876188,-14.254154964396859,20.5173411179171
2018-11-08,41.25,42.47999954223633,40.891998291015625,41.7400016784668,617500.0,1,1.804882142601949,1.1011584775025292,38.783363885003055,38.15644979664038,0.6269140883626747,70.72504041048441,91.9913632591724,92.11137977083229,-8.00863674082759,16.75524945025677
2018-11-09,41.7400016784668,41.854000091552734,39.95000076293945,40.709999084472656,648700.0,0,-2.4676630392315158,2.0643599114187667,39.07976930030607,38.34560159573907,0.7341677045669996,64.67065564304795,80.84414646128948,86.19378491868834,-19.155853538710517,20.62221950954861
2018-11-12,40.52000045776367,40.56900024414063,38.06999969482422,39.34000015258789,962600.0,-1,-3.3652639712470567,2.720568121768708,39.119804816041736,38.41926074809824,0.7005440679434969,62.18810336828227,66.01731476626716,79.61760816224303,-33.98268523373283,15.130237812951442
2018-11-13,39.27000045776367,40.75,39.08000183105469,40.31999969482422,533700.0,-1,2.491102029576031,2.5716928555578575,39.30445018200827,38.560056225633495,0.7443939563747719,70.8609214639846,76.62337287023009,74.49494469926225,-23.376627129769922,13.60946122267437
2018-11-14,41.0,41.33000183105469,39.869998931884766,40.09000015258789,839600.0,1,-0.5704353769274806,2.5648946992347996,39.4253040236359,38.6733854054079,0.7519186182280038,65.95588022862376,74.13419975972356,72.25829579874028,-25.865800240276442,10.471201821972521
2018-11-15,40.02999877929688,41.59999847412109,39.79999923706055,40.9900016784668,1518200.0,-1,2.2449526626425076,2.665950945712929,39.66602673976374,38.84498661081967,0.8210401289440696,78.95999787597721,83.49946771658865,78.08568011551411,-16.500532283411346,5.210479059798523
2018-11-16,40.2599983215332,40.38999938964844,37.56999969482422,37.650001525878906,1853600.0,-1,-8.148328899294699,4.429800240192443,39.35586901455069,38.75646919712035,0.5993998174303385,61.284053334494395,46.33335537380643,67.98900761670622,-53.66664462619357,-4.490098237652362
2018-11-19,37.59999847412109,37.970001220703125,31.709999084472656,33.099998474121094,2994300.0,-1,-12.085000975711369,6.564660048440906,38.39342739294614,38.337471365787074,0.05595602715906267,43.59248654169054,12.906214768509516,47.57967928630154,-87.09378523149049,-16.77144055033698
2018-11-20,31.280000686645508,34.04999923706055,30.71999931335449,32.25,2057400.0,-1,-2.56797133929072,5.812357490235884,37.448284717108265,37.886547560913954,-0.43826284380568836,39.19786115892515,13.01020966724068,24.083259936518886,-86.98979033275931,-21.2838685889438
2018-11-21,32.95000076293945,33.880001068115234,32.500999450683594,33.47999954223633,788100.0,1,3.813952068949855,6.755765391100823,36.83777930558951,37.56013659656747,-0.7223572909779605,34.12515164300457,23.46938924459753,16.46193789344925,-76.53061075540246,-18.341464531130903
2018-11-23,33.11000061035156,34.29999923706055,32.540000915527344,33.849998474121094,280500.0,-1,1.1051342202618608,6.535476630229398,36.37812071613283,37.28531155046033,-0.9071908343275012,33.779854939353655,26.615638604151716,21.031745838663316,-73.38436139584829,-18.902738109893434
2018-11-26,34.459999084472656,34.7599983215332,33.54999923706055,34.68000030517578,961800.0,1,2.451999611430522,6.399539154414401,36.11687142213944,37.092325532291106,-0.9754541101516665,35.58074047466059,33.67347716623145,27.919501671660242,-66.32652283376855,-14.812082817257533
2018-11-27,34.25,34.869998931884766,33.90999984741211,34.61000061035156,794800.0,-1,-0.20184456230749603,2.458695539784637,35.88504514340284,36.908449612147436,-1.0234044687445945,30.75060845791134,33.07824167761042,31.12245248266454,-66.92175832238958,-12.023384656558466
2018-11-28,35.15999984741211,36.90999984741211,35.0099983215332,36.900001525878906,1315700.0,1,6.616587330664259,2.626309617930509,36.04119227916839,36.9078238279794,-0.8666315488110072,39.08413984293528,52.55103819935914,39.76758568106701,-47.44896180064086,-8.482138380036563
2018-11-29,36.58000183105469,37.84000015258789,36.58000183105469,37.560001373291016,1670200.0,-1,1.7886173986991105,2.5783183109780925,36.27485521672572,36.95613327578026,-0.6812780590545415,38.82353133171253,61.43346130647035,49.02091372781331,-38.56653869352965,-6.31079762950203
2018-11-30,37.720001220703125,39.310001373291016,37.18999862670898,39.2599983215332,2068900.0,1,4.526083296288319,2.6182823884867608,36.73410800208072,37.12678994583604,-0.3926819437553206,46.25709643031364,78.49264399738236,64.15904783440396,-21.507356002617637,-4.220549612327562
2018-12-03,40.9900016784668,41.0,38.380001068115234,39.119998931884766,2161100.0,1,-0.3565955059444126,3.0419664024682587,37.101168145127495,37.27443505591372,-0.17326691078622503,49.393601907096354,77.20588480209422,72.37733003531565,-22.794115197905786,3.904375422124362
2018-12-04,38.84000015258789,40.20000076293945,36.9900016784668,37.209999084472656,2092200.0,-1,-4.882412831190964,4.460792871114452,37.11791136656521,37.26966202099216,-0.15175065442694802,41.845829417617544,59.650737791609224,71.78308886369528,-40.349262208390776,12.416920845373824
2018-12-06,38.29999923706055,43.05899810791016,37.150001525878906,42.97999954223633,5616200.0,1,15.506585863291345,7.633962151921062,38.01977108589923,37.69264998552877,0.32712110037046216,55.8715955261554,99.35976518849576,78.73879592739975,-0.6402348115042502,33.27131641003513
2018-12-07,42.61000061035156,43.400001525878906,39.09999847412109,40.38999938964844,2129300.0,-1,-6.026059051123777,8.744197648628825,38.38442159416834,37.89245364509319,0.4919679490751463,48.859311204897544,76.26181694781252,78.42410664263917,-23.73818305218748,20.63918740110755
2018-12-10,39.29999923706055,41.900001525878906,39.18000030517578,40.59999847412109,1923700.0,-1,0.5199284170488649,8.609134080874934,38.72527957569953,38.09301252131748,0.6322670543820479,56.36598442246761,77.91796085814423,84.51318099815084,-22.08203914185577,19.94091670391207
2018-12-11,41.25,41.9900016784668,39.41999816894531,39.7599983215332,1825200.0,1,-2.068965970832015,8.707713824721427,38.88446707505856,38.216492950963094,0.6679741240954655,67.11202843341951,71.29335513245918,75.15771097947199,-28.70664486754082,14.648206377320205
2018-12-12,40.75,42.720001220703125,40.20399856567383,41.220001220703125,1911100.0,1,3.672039639848812,8.183428943736972,39.24378002054234,38.43897504501791,0.8048049755244264,72.34678962904113,79.99816597762492,76.40316065607612,-20.00183402237507,19.098527864153137
2018-12-13,41.33000183105469,42.4900016784668,41.0099983215332,41.86000061035156,1258300.0,1,1.55264282070664,3.7300810631361045,39.6462754958976,38.692384346153744,0.9538911497438534,71.50924349342466,85.81951354533588,79.03701155180667,-14.180486454664116,13.44173138040139
2018-12-14,41.11000061035156,44.0,41.0,42.470001220703125,2855100.0,-1,1.4572398505907191,2.079649452930991,40.080694838175376,38.97220781834258,1.1084870198327934,71.8559893838452,85.35886442493899,83.72551464929994,-14.641135575061007,13.072416581176217
2018-12-17,41.900001525878906,42.220001220703125,37.90999984741211,38.27000045776367,2557200.0,-1,-9.889335159453804,5.350926513775905,39.80212647195819,38.9201924582997,0.881934013658487,57.773928386452454,43.211105494714054,71.46316115499631,-56.788894505285946,-2.5216452014633406
2018-12-18,38.2599983215332,40.09999847412109,38.2599983215332,39.59999847412109,1555100.0,-1,3.4753018041514094,5.654211758832469,39.771029856906324,38.97054845947166,0.8004813974346661,60.24640282641669,51.05672186449121,59.87556392804809,-48.94327813550879,1.2269927283793836
2018-12-19,39.52999877929688,41.150001525878906,38.90999984741211,39.33000183105469,1888800.0,-1,-0.6818097309848281,5.280548509470438,39.70317939139069,38.997174635144475,0.706004756246216,55.441112709727264,37.06200375506142,43.77661037142224,-62.93799624493858,5.697400695359556
2018-12-20,39.25,40.09000015258789,36.141998291015625,37.22999954223633,2439900.0,-1,-5.339441116324107,5.4053497780686905,39.322690183828485,38.86627277641053,0.4564174074179519,49.305843757552765,13.845775192142638,33.98816693723177,-86.15422480785736,-13.378315638066706
2018-12-21,37.5,37.5099983215332,34.209999084472656,34.959999084472656,7189800.0,1,-6.097234718438349,5.180168630696851,38.65150693777374,38.57691916960032,0.07458776817341572,41.166805238077686,7.660877730976196,19.522885559393426,-92.3391222690238,-13.4439227215424
2018-12-24,34.40999984741211,36.95000076293945,34.40999984741211,35.54999923706055,1123000.0,-1,1.687643501254943,4.224947405303103,38.174351906894785,38.35270287830108,-0.17835097140629586,42.79951681528956,13.687436437953702,11.731363120357521,-86.3125635620463,-12.438422233634983
2018-12-26,35.95000076293945,39.20000076293945,35.790000915527344,39.130001068115234,1308900.0,1,10.070328854810695,6.526569486188327,38.32137485477486,38.41028052199102,-0.08890566721616011,53.6281212646859,50.255378177128186,23.867897448686037,-49.744621822871814,-1.584500201240635
2018-12-27,38.18000030517578,40.20000076293945,38.0,40.16999816894531,1629600.0,-1,2.6577998273491277,6.618807736086802,38.605778441570315,38.54062997732097,0.06514846424934717,43.53428110334459,60.87843235050012,41.60708232186068,-39.12156764949988,-2.547314460608119
2018-12-28,40.13999938964844,40.45000076293945,38.88399887084961,39.79999923706055,817400.0,-1,-0.921082770102799,5.882256396192429,38.78950471779958,38.63391658915353,0.15558812864605187,48.48795437379226,57.09907691348548,56.07762914703793,-42.90092308651452,-4.921168999652615
2018-12-31,40.2400016784668,40.400001525878906,37.72999954223633,39.209999084472656,1515200.0,1,-1.4824124721050214,4.623595584012528,38.854196158826205,38.67658936658457,0.17760679224163312,46.50578322699235,51.07251820650797,56.3500091568312,-48.92748179349203,-7.676011402234895
2019-01-02,38.38999938964844,40.93999862670898,38.0260009765625,39.810001373291016,1280700.0,-1,1.5302277552359467,4.630210944562429,39.00124311489771,38.760545811525795,0.24069730337191686,50.12723421851128,57.2012437704324,55.12427963014196,-42.7987562295676,4.02404206194602
2019-01-03,38.95000076293945,39.91999816894531,38.27000045776367,39.31999969482422,974800.0,-1,-1.2308506947089515,1.864478336673564,39.05028258873256,38.80198683991827,0.24829574881428584,44.91434289390118,52.196119841489406,53.48996060614328,-47.803880158510594,-0.7070676517319852
2019-01-04,40.15999984741211,42.31999969482422,39.650001525878906,41.77000045776367,1782700.0,1,6.230927726232793,3.2527249940829814,39.46870072242965,39.02183970049941,0.44686102193023913,49.780380319142495,77.22166155572614,62.206341722549325,-22.778338444273864,6.203911805522422
2019-01-07,41.970001220703125,43.983001708984375,41.869998931884766,43.560001373291016,2211000.0,1,4.28537442161947,3.3845626682752927,40.09813159179294,39.3579998244099,0.7401317673830405,52.51499781451489,95.67174642281964,75.0298426066784,-4.328253577180365,17.002422532596295
2019-01-08,44.0,45.0099983215332,42.56399917602539,43.97999954223633,1568600.0,1,0.9641830939032925,2.924983014693786,40.695342045707314,39.700370173878525,0.9949718718287883,65.95863409524932,90.46297359204989,87.78546052353191,-9.537026407950112,25.800917316871065
2019-01-09,43.68000030517578,45.0,43.36000061035156,44.880001068115234,1194500.0,-1,2.0463882111108056,2.8975337060589106,41.33913574146238,40.084046536414576,1.2550892050478026,65.12027983181255,98.79632164258051,94.97701388581669,-1.2036783574194985,26.244731452281567
2019-01-10,43.970001220703125,45.72299957275391,43.65299987792969,45.40999984741211,1303300.0,-1,1.1809241681890459,2.260363230256245,41.96542252699311,40.47856159648847,1.4868609305046405,67.15574573543014,97.2813366449485,95.51354395985965,-2.7186633550515102,16.04906365416403
2019-01-11,44.90999984741211,45.869998931884766,44.68000030517578,45.20000076293945,1115200.0,-1,-0.462451189558033,1.7495748940593074,42.46304994790793,40.828297831040395,1.6347521168675385,75.17372172714434,94.25387497673067,96.77717775475325,-5.746125023269326,12.521789453012078
2019-01-14,44.5099983215332,45.369998931884766,44.13999938964844,45.0099983215332,529100.0,-1,-0.42035937654681943,1.0854745028601485,42.854888159234896,41.13805342292875,1.7168347363061471,86.54544163223498,92.49563107280879,94.67694756482933,-7.504368927191204,13.090450211921766
2019-01-15,43.31999969482422,45.5,42.20000076293945,45.31999969482422,1146500.0,-1,0.6887389132443245,1.0732079411129944,43.2341360877871,41.44782722084693,1.7863088669401677,86.26576394027778,94.54365728874123,93.7643877794269,-5.456342711258771,15.582761420596803
2019-01-16,45.5,45.59000015258789,43.43999862670898,44.150001525878906,1417900.0,1,-2.5816376364162563,1.4504905428058714,43.37503846287815,41.64798828047893,1.7270501823992248,72.69439346493462,78.86980915264976,88.6363658380666,-21.13019084735024,10.90178347871056
2019-01-17,44.15999984741211,45.290000915527344,44.02999877929688,44.84000015258789,820100.0,1,1.562850742608779,1.5554801957418445,43.600417184371956,41.88443360433885,1.7159835800331038,71.80205751393646,87.34645139400483,86.91997261179863,-12.653548605995168,14.038658445082032
2019-01-18,45.38999938964844,46.0,44.88999938964844,45.34999847412109,2477300.0,1,1.1373735945533037,1.6599765619809754,43.86958353664105,42.14114211321161,1.7284414234294445,75.57602795522072,92.14024800604808,86.11883618423424,-7.859751993951923,8.570739710614506
2019-01-22,45.09999847412109,45.220001220703125,43.61000061035156,44.59000015258789,1059900.0,-1,-1.6758508205174216,1.8393575019142125,43.98041686217133,42.322539005017255,1.6578778571540767,74.41016717165829,82.31753172695682,87.26807704233659,-17.682468273043185,2.364551760387279
2019-01-23,45.0,45.880001068115234,44.27000045776367,45.04999923706055,973800.0,1,1.031619383042237,1.8853665472042984,44.14496799676967,42.524573096279724,1.6203949004899485,74.08087861475968,87.71020932473932,87.38932968591475,-12.289790675260676,2.432923387815511
2019-01-24,45.0,45.36000061035156,42.59000015258789,45.060001373291016,1125300.0,-1,0.022202300554630128,1.2986097898758977,44.28574236238834,42.712382598280556,1.573359764107785,77.59616798903426,85.19686846319928,85.07486983829848,-14.803131536800723,0.40107018915305215
2019-01-25,45.56999969482422,46.68000030517578,45.08000183105469,45.88999938964844,2473900.0,1,1.8419840014683109,1.364581596010506,44.53255113581297,42.94776161986336,1.5847895159496161,73.46242195181404,83.57586923126338,85.49431567306733,-16.42413076873662,1.057034890661157
2019-01-28,44.970001220703125,45.61000061035156,44.2599983215332,45.59000015258789,959700.0,-1,-0.65373554380177,1.3810649717976131,44.69523559993219,43.143482992657766,1.5517526072744232,63.92318689208115,75.66963696510147,81.48079155318806,-24.33036303489852,0.8628304935078823
2019-01-29,45.70000076293945,45.95000076293945,44.59999847412109,45.16999816894531,970900.0,1,-0.9212590090740269,1.1602603661388504,44.768275995164984,43.293595227938326,1.4746807672266584,58.16185939616826,66.29459172942894,75.18003264193128,-33.705408270571056,0.35547623501146486
2019-01-30,45.560001373291016,46.29499816894531,44.90999984741211,45.52000045776367,1129100.0,1,0.7748556630648551,1.1228811431249008,44.88392591248786,43.45851413385132,1.4254117786365441,54.74777145767893,74.10714361740627,72.02379077064558,-25.892856382593738,0.4413079529704822
2019-01-31,45.369998931884766,48.84999847412109,45.09999847412109,48.369998931884766,3566400.0,-1,6.260980767707824,2.9070183045528397,45.420244838548925,43.82232782259454,1.597917015954387,66.3355401882255,92.78195928655394,77.72789821112973,-7.218040713446054,9.558317690050977
2019-02-01,48.040000915527344,48.40999984741211,47.0,48.31999969482422,2014200.0,-1,-0.10336828233334927,2.9726482356470263,45.86636097028359,44.155488702018964,1.7108722682646231,67.52808839470214,92.03009080129905,86.3063979017531,-7.969909198700954,7.760926695794135
2019-02-04,48.41999816894531,49.75,48.04999923706055,49.06999969482422,2257100.0,1,1.5521523276837534,2.8119376836920393,46.35922846636676,44.51952655333787,1.8397019130288896,71.45879177266977,90.99337253124642,91.93514087303315,-9.006627468753583,8.20286956090186
2019-02-05,49.380001068115234,49.95000076293945,47.85200119018555,48.31999969482422,1603500.0,1,-1.528428784724667,2.952901848300951,46.66088557843714,44.80104308233686,1.8598424961002777,65.1515244926835,77.85324819372026,86.95890384208859,-22.146751806279738,8.365103228239956
2019-02-06,48.0,48.65999984741211,46.52000045776367,47.75,1231800.0,-1,-1.179635137467261,3.1758452918442814,46.82844164329296,45.0194843354971,1.8089573077958647,69.35484003284746,70.1086877649815,79.65176949664941,-29.891312235018503,5.993342527558321
2019-02-07,47.220001220703125,48.060001373291016,46.5099983215332,48.02999877929688,988000.0,-1,0.5863848781086478,1.2649886508443295,47.01329658729357,45.242485405408196,1.770811181885371,67.94150851827908,73.91301868994194,73.95831821621458,-26.086981310058057,6.5912057600741925
2019-02-08,47.220001220703125,48.790000915527344,47.11000061035156,48.459999084472656,1023800.0,-1,0.8952744453558648,1.3473076576133631,47.235866202244196,45.480819752005566,1.7550464502386305,67.6504056310317,79.75541365620043,74.59237337037463,-20.24458634379956,5.600348069309291
2019-02-11,48.90999984741211,49.28799819946289,48.18000030517578,48.59000015258789,1122800.0,1,0.26826469370877515,1.0910266604988648,47.444194502297066,45.71112941130796,1.7330650909891077,74.44987683844617,81.52173236998414,78.39672157204218,-18.47826763001586,6.580390414474935
2019-02-12,49.130001068115234,50.70000076293945,48.81999969482422,50.09999847412109,1493600.0,1,3.107631851803516,1.5460291156791257,47.85277972873153,46.03623082336819,1.8165489053633337,77.35644359434596,92.60169859848683,84.62628154155713,-7.398301401513172,10.914324784199758
2019-02-13,50.459999084472656,50.900001525878906,48.88999938964844,49.0,1194800.0,1,-2.1956058036394666,1.8893249088577826,48.029275155080526,46.25576928089647,1.7735058741840533,69.08914825390667,71.38553299740268,81.83632132195788,-28.614467002597326,7.644990130141349
2019-02-14,48.85499954223633,50.32600021362305,48.5,50.08000183105469,1315000.0,-1,2.2040853694993645,2.033866600112816,48.34477156676886,46.53904576609337,1.8057258006754893,69.8202581001869,87.65061296525353,83.87928152038101,-12.349387034746474,3.5352551931579823
2019-02-15,50.400001525878906,50.79999923706055,49.70000076293945,50.11000061035156,1018100.0,1,0.05990171365823915,2.06391600491342,48.61634526578159,46.80356093974213,1.8127843260394627,71.94175142023416,87.46030900243899,82.16548498836507,-12.539690997561003,3.7044721167891037
2019-02-19,50.18000030517578,50.5,49.76499938964844,49.9900016784668,1004400.0,1,-0.23947102459219716,2.101923616913797,48.82767702157932,47.039593587055066,1.7880834345242533,74.10002674103806,84.80802015993703,86.63964737587652,-15.191979840062972,1.8748766850708032
2019-02-20,50.18000030517578,50.58000183105469,49.2400016784668,49.83000183105469,943200.0,1,-0.3200636968192616,1.564752870045305,48.98188083842168,47.246290494018,1.7355903444036826,71.96740123291409,81.55173910641423,84.6066894229301,-18.448260893585765,3.1250044407434396
2019-02-21,50.040000915527344,50.18000030517578,48.81999969482422,49.66999816894531,631500.0,1,-0.32109904922712484,1.0887767212501134,49.08774504311762,47.42582439586447,1.6619206472531545,59.12920949495438,71.98172074872286,79.44716000502473,-28.01827925127714,4.0209385737074665
2019-02-22,50.060001373291016,50.56999969482422,49.52000045776367,49.77999877929688,1426000.0,1,0.22146288384674584,0.24683043618190023,49.194245617914426,47.60020768352613,1.5940379343882967,60.16712411154223,74.48742758380395,76.00696247964703,-25.51257241619604,3.643556203366649
2019-02-25,50.29999923706055,50.59999847412109,49.290000915527344,49.93000030517578,2270500.0,1,0.30132890630218956,0.30705312372233,49.30743864672387,47.772784914759434,1.5346537319644327,56.53495722670428,77.90431633983975,74.79115489078886,-22.09568366016025,3.0334322089868415
2019-02-26,50.02999877929688,50.09999847412109,49.47999954223633,50.0,1938700.0,1,0.14019566272056583,0.3020553957519837,49.413986547227886,47.93776380996244,1.476222737265445,64.23728703973106,79.49884125396568,77.2968617258698,-20.501158746034324,2.9018313294592923
2019-02-27,50.27000045776367,51.36000061035156,49.95000076293945,50.720001220703125,3252700.0,1,1.4400024414062518,0.6521472948034546,49.61491188160869,48.14385547001731,1.471056411591384,74.54545225262495,86.80414252331487,81.40243337237344,-13.195857476685132,1.2375304699905332
2019-02-28,51.0,51.0,49.08000183105469,49.68000030517578,2881600.0,1,-2.0504749418318813,1.268562443952932,49.6249254852344,48.25764397632534,1.367281508909059,62.11453941906853,60.4705810546875,75.5911882773227,-39.5294189453125,1.3877557248485273
2019-03-01,57.4900016784668,61.13999938964844,55.29999923706055,60.56999969482422,9658400.0,1,21.920288491853924,9.902820214245972,51.30878305594053,49.169670325843775,2.1391127300967554,85.0607921668624,95.60185389590703,80.95885915796981,-4.39814610409297,20.94648059150961
2019-03-04,60.61000061035156,61.63999938964844,56.61000061035156,58.02999877929688,4175900.0,1,-4.193496662250073,10.545433955407702,52.342816244149205,49.825990952025485,2.5168252921237197,73.98373132751635,72.52663030414234,76.19968841824563,-27.473369695857663,15.805224650724181
2019-03-05,57.0,57.959999084472656,56.70000076293945,57.52999877929688,1748700.0,-1,-0.861623316418858,10.633224846991345,53.140844326479616,50.39665819849003,2.744186127989586,69.8982270959886,68.72145508934061,78.94997976313,-31.278544910659384,15.083010297393006
2019-03-06,57.400001525878906,59.25,57.23099899291992,58.27000045776367,2371000.0,-1,1.2862883611481912,10.63998963766838,53.929945269754086,50.979868736214,2.9500765335400843,75.31402484947998,74.35312718096762,71.8670708581502,-25.646872819032378,16.9375844201737
2019-03-07,58.25,60.0,57.66999816894531,59.18000030517578,2242500.0,-1,1.561695281042108,10.310172317673235,54.73764604443435,51.58728588947044,3.150360154963913,75.08267627616718,80.81123913391492,74.62860713474106,-19.18876086608508,19.146371022369625
2019-03-08,58.22999954223633,60.709999084472656,57.02000045776367,60.540000915527344,2423600.0,-1,2.298074693035468,2.6315742547183314,55.63031602460251,52.25044996547465,3.379866059127856,76.78478573245096,91.4196684843511,82.19467826641123,-8.580331515648888,21.615111289848944
2019-03-11,60.79999923706055,64.4000015258789,60.75,63.34000015258789,3669000.0,1,4.6250399648448015,1.9768799731249456,56.8164212750618,53.07189812748304,3.744523147578761,80.13542428027114,93.1963976334189,88.47576841722832,-6.803602366581101,26.85760017113803
2019-03-12,63.34999847412109,65.0,62.59000015258789,63.650001525878906,2297600.0,1,0.4894243330347603,1.5771368921965534,57.86774131364905,53.85546134217903,4.012279971470022,80.98653155916355,91.65637547182712,92.09081386319906,-8.343624528172883,27.300003051757816
2019-03-13,64.0,65.0199966430664,63.7599983215332,64.80000305175781,1889700.0,1,1.8067580491908375,1.5304399581789554,58.93424311951193,54.66616813548116,4.2680749840307755,82.48175039015054,98.61986409717765,94.49087906747457,-1.3801359028223503,27.76025530793451
2019-03-14,65.0,67.33000183105469,64.80000305175781,66.94000244140625,2201400.0,1,3.302468038372086,1.5591205698738884,60.16589839980337,55.57534104703116,4.590557352772208,83.8862533536784,97.86301704302225,96.04641887067568,-2.13698295697774,34.74235513326332
2019-03-15,67.2300033569336,68.8499984741211,66.66000366210938,67.19000244140625,3089800.0,1,0.3734687643891732,1.8358052154004294,61.246529790819196,56.435686335503384,4.810843455315812,83.94964240597795,91.60345819635216,96.0287797788507,-8.396541803647832,10.929507643942937
2019-03-18,67.38999938964844,68.4800033569336,66.18000030517578,67.27999877929688,1519500.0,1,0.13394304899616571,1.3333066440100991,62.17475578904653,57.238968738747346,4.935787050299183,83.96225849249899,92.05867495493563,93.84171673143669,-7.941325045064375,15.94003135374884
2019-03-19,68.0,68.2229995727539,66.68000030517578,67.91000366210938,1103800.0,1,0.9363925300877929,1.2861258546038,63.057101615671584,58.0294157701075,5.027685845564086,83.90532209580472,95.24534662811192,92.96915992646659,-4.754653371888089,18.042769169235417
2019-03-20,67.73999786376953,68.30000305175781,66.55000305175781,67.48999786376953,1788100.0,-1,-0.6184741211760381,1.4929260125363077,63.739085653840505,58.73019962889728,5.008886024943223,86.00887514453579,89.9630945614238,92.42237204815713,-10.036905438576191,15.822888851165985
2019-03-21,67.01000213623047,70.0,67.01000213623047,69.91999816894531,1550700.0,-1,3.600533978502729,1.617324257290894,64.68999527154894,59.559073594826764,5.130921676722174,78.73384030239956,99.4025255063377,94.87032223195781,-0.5974744936623033,18.148019277435235
2019-03-22,69.9000015258789,70.9000015258789,65.43000030517578,66.01000213623047,3158900.0,-1,-5.592099735568146,3.3555390202793283,64.89307325073071,60.03692015344926,4.8561530972814495,72.61904813393474,65.56338643015545,84.97633549930566,-34.43661356984455,9.035350409616827
2019-03-25,65.55000305175781,68.30000305175781,63.5,67.80999755859375,2430600.0,-1,2.726852543722802,3.630035886540097,65.34183083655579,60.61270366494144,4.729127171614344,77.13832485264876,77.73772529179821,80.90121240943046,-22.26227470820179,7.057147766399607
2019-03-26,68.66999816894531,72.69000244140625,67.93000030517578,71.02999877929688,4153200.0,1,4.748564130120725,4.179358277352484,66.2169335969775,61.3843551548937,4.8325784420838005,79.78524075599385,89.40648722417393,77.56919964870922,-10.593512775826069,11.594653694418833
2019-03-27,71.11000061035156,72.08999633789062,67.0,69.75,3130000.0,1,-1.8020537819155358,4.323085769460013,66.76048227436557,62.004032550827496,4.756449723538076,74.25424334721376,81.23802125567549,82.79407792388255,-18.761978744324512,7.638883819632647
2019-03-28,69.9800033569336,71.98999786376953,69.27999877929688,71.05000305175781,2189700.0,1,1.8638036584341489,4.099410642791363,67.42040854781054,62.674104439785296,4.746304108025242,74.18315810539657,86.26466453674121,85.63639100553023,-13.735335463258785,6.139827398346931
2019-03-29,71.38999938964844,71.7300033569336,70.0199966430664,70.93000030517578,1782000.0,1,-0.16889900271307434,2.543422966474285,67.96034574125134,63.285652281666074,4.674693459585271,69.92125306251997,82.57424022389624,83.35897533877097,-17.42575977610376,5.566301127955797
2019-04-01,72.0,72.94000244140625,69.55999755859375,70.73999786376953,1635900.0,1,-0.26787317156177215,2.52708985224357,68.38798452933106,63.83782602848855,4.550158500842514,68.72687101451962,76.69487278957747,81.84459251673832,-23.305127210422526,5.142686009586184
2019-04-02,70.93000030517578,71.29499816894531,69.22000122070312,70.91000366210938,1460400.0,1,0.24032485647969004,1.311065613897114,68.77598747283542,64.3616910383864,4.414296434449028,67.01948873315584,78.49578120453884,79.25496473933752,-21.504218795461156,4.417611306467739
2019-04-03,71.30000305175781,71.45999908447266,69.30999755859375,69.33999633789062,1670200.0,1,-2.2140843930849807,1.4555231370568351,68.8627580674593,64.73045439390523,4.132303673554063,56.90446235657589,61.86435198655158,72.35166866022264,-38.13564801344842,2.7411446624363123
2019-04-04,69.70999908447266,69.70999908447266,61.38999938964844,63.27999877929688,7484600.0,1,-8.739541215236946,3.760816535234879,68.00387202312662,64.62301323726759,3.380858785859033,41.569640625853346,16.363626755586033,52.24125331555883,-83.63637324441397,-9.496566881487079
2019-04-05,63.5,64.69999694824219,62.5,63.13999938964844,2553900.0,1,-0.2212379777956741,3.75371156947373,67.25558392566843,64.51316035966617,2.742423566002259,41.09295246799531,15.151511148160822,31.126496630099485,-84.84848885183918,-4.347830107108564
2019-04-08,62.810001373291016,64.80000305175781,61.51499938964844,63.470001220703125,1603000.0,-1,0.5226509886675501,3.872342166629604,66.673186586443,64.43588931233558,2.2372972741074193,40.32258279083968,18.00866910366858,16.507935669138487,-81.99133089633142,-6.400230783286032
2019-04-09,64.70999908447266,65.61499786376953,63.5099983215332,64.94000244140625,2349500.0,1,2.316056707784697,4.274040252548414,66.40654287182196,64.47323102560007,1.9333118462218835,44.68529798350665,30.735949036979104,21.29870976293618,-69.26405096302089,-8.573837030200925
2019-04-10,64.75,68.45999908447266,64.5,68.44000244140625,3402900.0,-1,5.3895901885097075,5.267973667645366,66.71938280560416,64.76706594528942,1.9523168603147383,47.04709702599899,61.03897133330074,36.594529824649484,-38.96102866669926,-1.8781327004928294
2019-04-11,68.2300033569336,68.81999969482422,66.69000244140625,67.75,1708900.0,-1,-1.0081858807602817,2.547229014792027,66.87793929704966,64.98802402341613,1.8899152736335338,53.98350808613802,55.06492580002933,48.94661539010307,-44.93507419997067,-4.6446205630052635
2019-04-12,68.30999755859375,68.7300033569336,66.25,66.63999938964844,1241700.0,1,-1.6383772846517486,2.835248292956521,66.84133315744947,65.11039256906297,1.7309405883865026,47.234050074742726,45.454533444482465,53.85281019260418,-54.545466555517535,-6.048217816254963
2019-04-15,66.58999633789062,67.99500274658203,66.01000213623047,67.04000091552734,1269200.0,-1,0.6002423912702559,2.8313961427043424,66.87189742792299,65.25332652065292,1.618570907270069,39.11622345063772,48.9177492037028,49.81240281607154,-51.0822507962972,-5.230417104857155
2019-04-16,67.30000305175781,67.44999694824219,65.2699966430664,66.26000213623047,1378300.0,1,-1.1634826501266016,2.8944813885659526,66.77775969073953,65.32789508476978,1.4498646059697506,40.213143507300124,42.16451480366369,45.512265817283,-57.83548519633631,-6.557610048980478
2019-04-17,66.44000244140625,66.5,62.060001373291016,62.43000030517578,2414900.0,1,-5.780262160541749,2.3802245956634183,66.10887363142203,65.11323621220725,0.9956374192147734,28.831058944499205,9.00433455183429,33.3621995197336,-90.99566544816571,-9.965382748281016
2019-04-18,62.27000045776367,62.79999923706055,60.02000045776367,62.72999954223633,2081000.0,-1,0.48053697836627496,2.5877877051074756,65.58904684847039,64.93670016257978,0.6523466858906062,30.038965961753135,20.97522189163486,24.04802374904429,-79.02477810836514,-0.8691517820327399
2019-04-22,62.5,64.4800033569336,62.400001525878906,64.26000213623047,1234600.0,-1,2.43902854321556,3.1209181620224618,65.3845784312027,64.8865743828502,0.4980040483524988,35.19197951920911,37.06295618399514,22.347504209154774,-62.93704381600486,1.7738402873118453
2019-04-23,65.0,65.76000213623047,64.58000183105469,65.41999816894531,1170300.0,1,1.805160277236939,3.2870462841074546,65.39002762162464,64.92608725589429,0.4639403657303518,37.9973699117099,47.202782862003644,35.08032031254456,-52.797217137996356,3.0723127630981173
2019-04-24,65.93000030517578,66.26000213623047,64.06999969482422,64.98999786376953,1027200.0,1,-0.657291833095619,3.267073872831924,65.32848458195463,64.93082137499616,0.3976632069584696,39.990801191631896,51.289970179219935,45.18523640840625,-48.710029820780065,0.07698709652559366
2019-04-25,65.8499984741211,69.0,65.83000183105469,66.95999908447266,3386300.0,1,3.031237552634791,1.4983812797449392,65.57948681311125,65.08113083495738,0.49835597815386734,60.43083571679731,77.28283942630009,58.59186415584123,-22.717160573699914,-2.162482910781127
2019-04-26,66.7699966430664,67.69999694824219,65.26499938964844,66.94000244140625,1225700.0,-1,-0.029863565322307828,1.5927748162320214,65.78879690977202,65.21882502802767,0.5699718817443511,60.84475492317915,77.0601596480623,68.54432308452745,-22.9398403519377,-1.1955683521678973
2019-04-29,66.87000274658203,69.5,66.87000274658203,68.19999694824219,1776800.0,-1,1.8822743664206332,1.512204262598281,66.15975076184435,65.43965257767319,0.7200981841711638,62.81841872605217,86.28688697751622,80.20996201729288,-13.713113022483778,2.3409327324154683
2019-04-30,67.95999908447266,69.19999694824219,66.43000030517578,68.30999755859375,1293000.0,-1,0.16129122474162205,1.5280712179941391,66.49055796134427,65.65227072440804,0.8382872369362246,59.85955482540334,87.44723102459635,83.5980925500583,-12.552768975403652,1.8943863748848155
2019-05-01,68.9800033569336,69.4000015258789,65.97000122070312,66.16999816894531,1551700.0,1,-3.132776264283754,2.3367326546233516,66.44124107020596,65.69062090548488,0.7506201647210844,42.7844726985947,64.87339671042704,79.5358382375132,-35.12660328957296,-0.13583453725236616
2019-05-02,65.87999725341797,67.1500015258789,64.43499755859375,65.66999816894531,1741700.0,-1,-0.7556294602327207,1.8201801898343686,66.32258831616586,65.68909329537084,0.6334950207950243,43.307584524792595,59.59913485237161,70.63992086246502,-40.40086514762839,5.189809142930457
2019-05-03,66.31999969482422,67.56999969482422,65.11000061035156,67.4000015258789,1147500.0,1,2.634389226695144,2.2786818391595816,66.48834419458326,65.81582723837144,0.6725169562118225,52.35149233543094,77.84811629193703,67.44021595157858,-22.151883708062975,7.444607074320553
2019-05-06,65.01000213623047,69.98999786376953,63.40499877929688,69.5,2097300.0,-1,3.1157246685147078,2.561275041817194,66.95167585695506,66.088728924418,0.8629469325370565,56.88689823981341,95.08527591517365,77.51084235316078,-4.914724084826339,8.154369264820115
2019-05-07,68.88999938964844,69.94999694824219,64.80000305175781,66.36000061035156,2758000.0,-1,-4.517984733307101,3.392419299921811,66.86064889593914,66.10882312337606,0.7518257725630804,50.247276226052016,63.59079039247008,78.84139419986026,-36.40920960752992,1.4368732309938625
2019-05-08,66.33000183105469,68.19000244140625,65.58999633789062,67.61000061035156,1305000.0,-1,1.883664841023247,3.164847019955162,66.97593377507951,66.22002145574461,0.7559123193348967,64.68254740585326,76.12840649302201,78.26815760022193,-23.87159350697799,4.031393803203409
2019-05-09,66.91000366210938,69.0,65.3949966430664,68.62000274658203,1867800.0,-1,1.493865000906136,3.1060411904074994,67.22886746300298,66.3977978476585,0.8310696153444894,66.04905972362458,81.94998974705379,73.88972887751531,-18.050010252946215,2.479097498217131
2019-05-10,68.76000213623047,74.58999633789062,68.23400115966797,73.55000305175781,5345000.0,1,7.1844944736924266,4.205248409755044,68.20134986127296,66.92759082573993,1.2737590355330326,71.35633143504577,90.70189080789063,82.92676234932216,-9.298109192109361,9.874515042238619
2019-05-13,71.62000274658203,72.5199966430664,67.51000213623047,68.08999633789062,3355700.0,-1,-7.4235302342882665,5.756239549714039,68.18421854998337,67.01369493775108,1.1705236122322873,55.124755961909855,41.88644238902073,71.51277431465506,-58.11355761097927,-0.16129122474161095
2019-05-14,69.97000122070312,72.86000061035156,69.69999694824219,72.05000305175781,2503800.0,1,5.815842160155227,5.7073106710354375,68.77895462717944,67.38675479804787,1.3921998291315703,61.93374396554548,77.29106982074158,69.95980100588433,-22.708930179258424,5.475048494850299
2019-05-15,71.6500015258789,75.9000015258789,71.08599853515625,75.0199966430664,2661100.0,-1,4.122128335199471,5.803395632773852,69.7391149373159,67.9521801199011,1.786934817414803,63.17854328970091,92.9571453431395,70.71155251763395,-7.042854656860504,13.37463914012098
2019-05-16,75.12999725341797,79.33000183105469,75.12999725341797,78.66000366210938,2544500.0,1,4.8520490294895025,5.889352216260478,71.1115593565149,68.74535223413875,2.366207122376153,67.13449859280107,95.79279095415082,88.68033537267733,-4.207209045849181,19.780730707111395
2019-05-17,77.68000030517578,80.37999725341797,77.54000091552734,78.79000091552734,2481200.0,-1,0.16526474366360677,5.4348181118772825,72.29285805790143,69.48940028461197,2.803457773289452,66.01148953536847,90.63330497310723,93.12774709013253,-9.36669502689278,16.89910850413725
2019-05-20,77.5999984741211,77.88999938964844,74.81999969482422,76.63999938964844,2121700.0,-1,-2.728774591821592,3.603274804324277,72.96164903201635,70.01907429239246,2.9425747396238933,61.86271442044008,77.96761001498012,88.1312353140794,-22.032389985019876,10.273380416760336
2019-05-21,77.52999877929688,78.19000244140625,75.51000213623047,76.08999633789062,1651300.0,1,-0.7176449062343049,3.241942239154955,73.44293323292008,70.46877222168862,2.974161011231459,64.79712468499177,74.7275328356136,81.10948260790035,-25.2724671643864,14.662440684217337
2019-05-22,75.30999755859375,77.88999938964844,75.30999755859375,75.88999938964844,1531400.0,-1,-0.2628426309209786,2.7954339391383725,73.81940494933983,70.87034460450046,2.949060344839367,65.38229402597116,73.54934746760259,75.41483010606545,-26.450652532397413,12.246707150641779
2019-05-23,75.25,75.30999755859375,72.19000244140625,73.44999694824219,2554400.0,-1,-3.215183108486186,1.5213252364374823,73.76257294917096,71.06142996329615,2.70114298587481,58.915403252553524,59.17525226443595,69.15071085588406,-40.82474773556405,7.038755477025593
2019-05-24,74.11000061035156,75.11000061035156,72.85600280761719,73.76000213623047,1588700.0,1,0.42206290111452827,1.588210906730084,73.76217743948781,71.26132419832832,2.50085324115949,56.627254485708185,57.50964325466762,63.41141432890206,-42.49035674533238,0.2855187977693019
2019-05-28,74.58000183105469,76.76000213623047,73.60700225830078,74.23999786376953,2385500.0,1,0.6507534078599164,1.5469870821939038,73.8356882739927,71.4819666920647,2.3537215819279993,63.36498011777935,59.02569810102672,58.57019787337678,-40.97430189897328,9.032166040015731
2019-05-29,72.87999725341797,73.04000091552734,70.58000183105469,71.1500015258789,3162000.0,-1,-4.1621719111048066,2.219554079123665,73.42250569735981,71.45737667975465,1.9651290176051646,55.65133975952803,38.40510275880117,51.646814704831854,-61.59489724119883,-1.249134611739544
2019-05-30,71.83999633789062,74.55000305175781,71.55000305175781,72.98999786376953,4186500.0,1,2.5860805318765445,2.8365965875044146,73.35596603065362,71.57090417486687,1.7850618557867506,56.79625796696035,42.57962553708112,46.67014213230302,-57.42037446291888,-2.705943575224745
2019-05-31,71.9800033569336,72.72000122070312,66.41999816894531,68.62999725341797,5813400.0,-1,-5.97342202761697,3.602268531279478,72.6288939110789,71.3530592177225,1.2758346933564013,42.21025281119428,15.830940038748146,32.27188944487683,-84.16905996125186,-12.75108815374093
2019-06-03,68.66000366210938,69.5999984741211,65.30400085449219,66.9000015258789,3906400.0,1,-2.520757390024375,3.4901824631311658,71.74752585181737,71.02320309240076,0.7243227594166086,47.86356395473865,10.586369412375554,22.99897832940162,-89.41363058762445,-15.09074660678833
2019-06-04,68.0,72.125,67.26000213623047,71.95999908447266,3323800.0,1,7.563523831365515,5.522626475512907,71.78021404145665,71.0925953881098,0.6876186533468456,49.84455267617913,44.149640619804956,23.522316690309566,-55.850359380195044,-6.106472263108986
2019-06-05,72.97000122070312,74.0199966430664,71.20999908447266,72.44999694824219,2554100.0,1,0.680930892167364,5.130853948519209,71.8832575655775,71.1931436518233,0.690113913754189,45.1454470777279,47.39982621818069,34.04527875012042,-52.60017378181931,-4.783808075748086
2019-06-06,72.5,73.16999816894531,71.06999969482422,72.33000183105469,1926200.0,1,-0.16562473739402117,4.992481264123866,71.95198745257399,71.2773553688034,0.6746320837705895,36.209135334596596,46.60389131602027,46.05111938466865,-53.39610868397973,-4.690996952464522
2019-06-07,72.5,76.0,72.44999694824219,75.51000213623047,3024200.0,1,4.396516279100182,3.9863139759063424,72.49937432698268,71.59088475898318,0.9084895679994958,43.69230633797651,79.20223517667914,57.73531757029338,-20.797764823320865,2.8046361791408847
2019-06-10,76.76000213623047,79.38999938964844,76.61000061035156,76.91999816894531,2584100.0,1,1.8672970372468178,3.1373500529273977,73.17947030266923,71.98563390046186,1.193836402207367,50.554233985205116,82.46484823537058,69.42365824269001,-17.53515176462942,4.284159356284345
2019-06-11,77.18000030517578,78.14299774169922,73.11000061035156,75.83000183105469,2842300.0,1,-1.4170519550671057,2.2116133638853714,73.5872443839593,72.27040189532059,1.316842488638713,49.496134140275736,74.72669367593214,78.79792569599397,-25.273306324067857,2.141707991698505
2019-06-12,76.0,77.33000183105469,74.41000366210938,77.16999816894531,1433000.0,1,1.7671057701885262,2.2168851020737526,74.13843727395715,72.63333495262611,1.5051023213310373,52.37564980193007,84.23966028988019,80.47706740039432,-15.760339710119808,8.460992992216298
2019-06-13,77.38999938964844,80.19999694824219,76.51000213623047,79.72000122070312,4243200.0,1,3.3043969317910094,2.1904051760586536,74.99713941961038,73.15827319470588,1.8388662249044927,61.5896684636894,96.7776862687252,85.24801341151253,-3.2223137312747894,9.220446025350837
2019-06-14,79.69999694824219,79.70999908447266,76.83999633789062,77.66999816894531,1949200.0,-1,-2.571504039597816,2.470241979530401,75.4083484579696,73.49247504464954,1.9158734133200568,56.790552367142,83.0155783918445,88.01097498348332,-16.984421608155504,13.172084040957955
2019-06-17,78.43000030517578,78.9800033569336,75.80000305175781,76.73999786376953,2101500.0,1,-1.1973739244242942,2.454254303866007,75.61321759732343,73.73303229051028,1.8801853068131464,54.27496945891264,76.77228791752712,85.52185085936564,-23.227712082472873,14.708514369890135
2019-06-18,77.91999816894531,78.93000030517578,76.61000061035156,78.0,2320300.0,1,1.6419105698533443,2.4005130654731985,75.98041489004291,74.0491039726947,1.9313109173482133,62.495445601766484,85.23095109319172,81.6729391341878,-14.769048906808273,8.393553352379968
2019-06-19,78.62999725341797,80.06999969482422,77.31999969482422,79.87999725341797,2642500.0,1,2.4102528889973884,2.4948082437759918,76.58035063825446,74.48102199348902,2.0993286447654356,62.55009833448399,97.85177377323237,86.61833759465043,-2.148226226767627,10.255349369419186
2019-06-20,80.80000305175781,82.25,78.18000030517578,79.18000030517578,3184500.0,1,-0.8763106814105859,2.076602470674516,76.98029674085774,74.82909446102138,2.1512022798363546,72.173208902572,81.88363124261079,88.32211870301164,-18.116368757389203,9.470480161359628
2019-06-21,78.88999938964844,78.88999938964844,76.8499984741211,77.23999786376953,2786700.0,-1,-2.4501167389859635,2.04116373725413,77.02025075976725,75.00767989826198,2.0125708615052673,71.5416727330988,66.57769946492438,82.10436816025587,-33.42230053507563,2.2910815502533266
2019-06-24,77.72000122070312,77.80000305175781,74.3010025024414,75.45999908447266,2691000.0,1,-2.304503920930079,2.2410052693805103,76.78021204049116,75.04118502316648,1.7390270173246876,58.44595166819476,39.266540874923656,62.575957194152956,-60.733459125076344,-1.8980747779867913
2019-06-25,75.4800033569336,76.26000213623047,73.05000305175781,73.81999969482422,2089600.0,1,-2.173336084741484,2.0491071792081548,76.3247947565424,74.95072685069668,1.3740679058457204,53.13215256146515,24.597494856300564,43.480578398716226,-75.40250514369944,-2.6506687164648213
2019-06-26,74.8499984741211,75.98999786376953,73.9010009765625,74.30000305175781,1741700.0,1,0.6502348400405866,1.3221090539975595,76.0132883404217,74.90252508781232,1.1107632526093738,54.43095276501255,18.87760742262006,27.58054771794811,-81.12239257737994,-3.7190555724833985
2019-06-27,75.95999908447266,78.08999633789062,74.81999969482422,77.5,2244000.0,1,4.306859780359695,2.9254139495889007,76.24201321112605,75.09493063686327,1.1470825742627824,54.471906845232276,48.36954809090924,30.614883456609974,-51.63045190909076,-2.7847481017431286
2019-06-28,78.01000213623047,78.01000213623047,76.34100341796875,76.63999938964844,8153500.0,1,-1.1096782069052402,2.745809239344129,76.30324185397565,75.20938017410661,1.0938616798690362,49.354841431626205,39.021712268899755,35.42295592747637,-60.978287731100245,-1.326121801955571
2019-07-01,78.2300033569336,78.4000015258789,75.0,76.61000061035156,1516600.0,1,-0.039142457640628514,2.469491331150661,76.35043550880272,75.31312983605069,1.0373056727520265,51.88953198246718,38.695638472727396,42.02896627751215,-61.304361527272604,-0.16939960520815367
2019-07-02,76.83000183105469,79.63999938964844,76.5,78.95999908447266,2047100.0,1,3.0674826463890748,2.2449392188315804,76.75190682813655,75.58326829889677,1.1686385292397858,54.1339510147094,64.23910862105282,47.31881978756001,-35.76089137894718,1.2307680570162294
2019-07-03,79.16000366210938,80.93000030517578,78.5,80.63999938964844,3215000.0,1,2.127659985632069,2.2227919808450447,77.35007491452299,75.95784097228578,1.3922339422372119,52.21366271171755,82.49998756076566,61.81157821818198,-17.50001243923434,0.9514298477244276
2019-07-05,80.52999877929688,83.4219970703125,79.0199966430664,83.05999755859375,2726200.0,-1,3.0009898155529457,1.8869501752059907,78.22852455207234,76.48392664534563,1.7445979067267103,62.7423190191662,96.5098368638551,81.08297768189122,-3.490163136144903,4.900223842464846
2019-07-08,82.56999969482422,84.56999969482422,81.19999694824219,83.79000091552734,2850100.0,-1,0.8788868027820751,1.3589414018711745,79.0841363002962,77.02511733202576,2.0590189682704363,66.82578539074524,93.22917529002635,90.74633323821571,-6.770824709973648,8.480066329507485
2019-07-09,83.01000213623047,84.41000366210938,82.55000305175781,84.30999755859375,1463700.0,-1,0.6205951036933888,1.1509690946929376,79.8881149554189,77.56473808954931,2.323376865869591,65.61108418234448,97.74303635420799,95.8273495026965,-2.2569636457920104,11.728065970705991
2019-07-10,84.62000274658203,85.5,83.16000366210938,83.29000091552734,2189000.0,1,-1.2098169524409341,1.6033158830555565,80.41148202620482,77.98883163221434,2.42265039399048,58.811383140883244,82.24899898642397,91.07373687688612,-17.751001013576037,12.828503467695217
2019-07-11,83.8499984741211,84.24199676513672,80.44000244140625,82.27999877929688,1853200.0,1,-1.2126331193762496,1.7488583070647736,80.69894614206514,78.30669586533158,2.392250276733563,57.88402619451855,74.13653004021212,84.70952179361471,-25.86346995978787,10.740236069681108
2019-07-12,82.4000015258789,82.80000305175781,80.61000061035156,81.87000274658203,1070800.0,1,-0.4982936786552372,0.9919697550583566,80.8791086966062,78.57064452320198,2.308464173404218,62.76891211420617,70.84338840797477,75.74297247820364,-29.15661159202523,5.638713221396174
2019-07-15,82.44000244140625,84.6449966430664,81.93000030517578,83.79000091552734,1628900.0,1,2.345179069907233,1.5055754992416932,81.32693826874791,78.95726351522607,2.369674753521835,72.79695358552527,86.26506422787445,77.08166089202047,-13.734935772125556,9.329334006811907
2019-07-16,83.87999725341797,84.83999633789062,81.87999725341797,82.58999633789062,1691300.0,1,-1.4321572556688422,1.575371585615483,81.52125489476987,79.22635483542345,2.2949000593464177,74.59338052462695,74.91159662804282,77.34001642129736,-25.088403371957188,7.805763842705216
2019-07-17,82.94999694824219,83.18000030517578,81.1500015258789,82.0,1687700.0,1,-0.7143677976166107,1.5266501321918224,81.5949079878822,79.43181003279949,2.163097955082705,71.46043046146387,67.22846535590624,76.13504207060785,-32.771534644093755,3.850051862684434
2019-07-18,81.83000183105469,82.52999877929688,81.01000213623047,82.37999725341797,1626400.0,-1,0.46341128465605674,1.4593614190140556,81.71569095181077,79.65019427136382,2.0654966804469552,66.13757040922754,70.28568812779018,70.80858337057977,-29.714311872209823,2.1577354624743306
2019-07-19,83.79000091552734,85.5,82.52999877929688,82.68000030517578,1843900.0,1,0.3641697763535179,1.4316073643820388,81.86404623694385,79.87462434794247,1.9894218890013775,70.74177573232544,73.14286004929315,70.21900451099653,-26.857139950706845,-0.45749730867726823
2019-07-22,83.25,85.1500015258789,83.0199966430664,84.0,1155900.0,1,1.5965163158587758,1.1664283591194364,82.19265450818325,80.18020772957635,2.0124467786069005,73.31231437937126,83.33333333333333,75.58729383680557,-16.666666666666668,0.2506254710324729
2019-07-23,85.0,85.0999984741211,82.52999877929688,84.0,1277200.0,1,0.0,0.8399286122935541,82.47070766077044,80.4631553051633,2.007552355607146,68.66668060680283,78.57142857142857,78.34920731801837,-21.428571428571427,-0.3676877802994971
2019-07-24,83.80999755859375,86.83999633789062,82.94300079345703,86.69000244140625,2084500.0,-1,3.2023838588169706,1.3057601379720554,83.1198299347144,80.9244032411813,2.1954266935331077,70.84770965594625,98.08191940744383,86.66222710406858,-1.9180805925561693,4.082124490942429
2019-07-25,86.51000213623047,86.66999816894531,84.78099822998047,86.41999816894531,1623400.0,-1,-0.3114595280389265,1.4427515942060998,83.62754812459609,81.3314843469416,2.2960637776544957,63.59223480756767,93.4375223517631,90.03029011021185,-6.562477648236893,5.031598749476562
2019-07-26,87.0,89.54000091552734,86.69999694824219,88.20999908447266,2000600.0,1,2.071280899622341,1.4652621492832596,84.33254057996172,81.84100395712908,2.4915366228326405,66.46795369604988,85.38459281243843,92.30134485721514,-14.61540718756157,7.743979632583198
2019-07-29,88.5,88.68000030517578,82.5199966430664,85.56999969482422,2595300.0,1,-2.9928572917456764,2.3887236387879263,84.52291890532518,82.11722586362501,2.405693041700175,54.054060688540545,56.37360564407611,78.39857360275924,-43.62639435592389,2.124357035264124
2019-07-30,84.69999694824219,85.93000030517578,83.86000061035156,84.68000030517578,1159200.0,-1,-1.04008343207026,2.475314918941687,84.54708527453296,82.30706100744358,2.2400242670893817,54.51005535146697,46.593390931079725,62.7838631291981,-53.406609068920275,2.5305776243584877
2019-07-31,85.19999694824219,86.29000091552734,83.0,84.2699966430664,1744000.0,1,-0.4841800432590637,1.8124617402985321,84.50445625430734,82.45246364711934,2.051992607187998,56.71842392527832,40.98539650209787,47.98413102575125,-59.01460349790213,2.7682885891053832
2019-08-01,84.83000183105469,85.91999816894531,83.66100311279297,85.26000213623047,1801400.0,1,1.17480186614618,1.976148722793964,84.62069408229551,82.66042946112758,1.960264621167937,61.0136327582788,49.82415718880473,45.80098154066079,-50.17584281119527,3.4960002170830506
2019-08-02,84.13999938964844,84.5,81.04000091552734,83.4800033569336,2072000.0,-1,-2.087730160330925,1.5902113628564765,84.4452032014706,82.72113863859468,1.724064562875924,48.9836155789579,28.9566421357299,39.922065275544185,-71.0433578642701,0.9675895607220264
2019-08-05,80.0,80.197998046875,76.2699966430664,78.16999816894531,2863400.0,-1,-6.360810942094009,2.82992605934254,83.47978704262056,82.38401712232435,1.0957699202962061,38.58472482971804,14.318017438938991,31.032938921157893,-85.681982561061,-6.940478370303205
2019-08-06,79.91000366210938,81.69999694824219,79.20999908447266,79.94000244140625,2186900.0,1,2.2643012842798127,3.373581752856903,82.93520479627989,82.2029789978119,0.7322257984679936,44.98540610692581,27.656402537534653,23.643687370734536,-72.34359746246534,-4.833330426897319
2019-08-07,79.0,81.7300033569336,77.30000305175781,81.22000122070312,1681900.0,-1,1.6011993247499356,3.5904865256548306,82.67132732311424,82.13016582913717,0.5411614939770715,47.29478856745121,37.30220786672539,26.4255426143997,-62.69779213327461,-6.309840888977137
2019-08-08,82.87999725341797,84.98999786376953,81.75,84.72000122070312,1590000.0,1,4.309283362960414,4.2149841979533,82.9865079227433,82.32200548777168,0.6645024349716238,54.1396085046617,63.677481967152794,42.878697457137626,-36.322518032847206,-1.967133747120442
2019-08-09,84.38999938964844,86.41000366210938,84.11000061035156,85.18000030517578,1337600.0,-1,0.5429639729044755,4.059079883291272,83.32396828927138,82.53370880757939,0.7902594816919901,52.48107491590188,67.14393966398478,56.04120983262101,-32.85606033601522,-3.4349833474040192
2019-08-12,84.69999694824219,84.93000030517578,82.25,83.20999908447266,1525900.0,-1,-2.3127508965075982,2.434114409444334,83.30643456545619,82.58380438364556,0.7226301818106293,48.46601900324937,52.29841904277864,61.039946891305426,-47.70158095722136,-2.7579766492558555
2019-08-13,83.02999877929688,85.58999633789062,82.51000213623047,85.04000091552734,1118400.0,-1,2.1992571219678902,2.4277108731288584,83.57313708085175,82.76574486748865,0.8073922133631015,46.68541573112922,66.08893329945047,61.84376400207132,-33.911066700549526,0.42513062004507773
2019-08-14,83.36000061035156,83.6500015258789,79.23999786376953,81.5,2121800.0,-1,-4.162747974384107,3.4026605688411196,83.25419291456686,82.67198598841541,0.5822069261514429,41.26421366625214,39.412220595794004,52.59985764600773,-60.587779404205996,-3.2870496658484405
2019-08-15,82.26000213623047,82.6989974975586,78.20500183105469,79.18000030517578,1838800.0,1,-2.846625392422353,2.6102241357546614,82.62739405158362,82.41332038224952,0.21407366933409833,34.26282117763316,23.44885417716912,42.983336024137884,-76.55114582283088,-7.131130282333231
2019-08-16,80.0,81.88600158691406,79.9000015258789,80.91000366210938,1482400.0,1,2.1848994067514615,2.9796969547627437,82.36318014551065,82.30196358816507,0.061216557345588285,41.61268466869147,45.759406382352786,36.20682705177199,-54.240593617647214,-3.0785812068498952
2019-08-19,80.27999877929688,80.44999694824219,71.0999984741211,71.80000305175781,8783400.0,-1,-11.259424296155151,5.551131590150853,80.73807597724098,81.52404058546823,-0.7859646082272462,32.111126299247985,4.572203399290282,24.59348798627075,-95.42779660070971,-8.148900174489338
2019-08-20,71.5,71.70899963378906,69.87000274658203,70.80000305175781,3640200.0,-1,-1.3927576009699294,4.945534386355359,79.20914168101281,80.72966743482301,-1.5205257538102046,31.59334994048075,5.6227343028906365,18.65144802817792,-94.37726569710937,-11.433574068687069
2019-08-21,71.55999755859375,74.51000213623047,71.33999633789062,72.98999786376953,2746900.0,1,3.0932128779863843,5.70672663158549,78.25235032451384,80.15635857770795,-1.9040082531941067,33.76554445882792,18.863330982397503,9.68608956152616,-81.1366690176025,-10.132976155183492
2019-08-22,73.6500015258789,73.78900146484375,70.81999969482422,72.54000091552734,1862900.0,1,-0.6165186483250373,5.715469264097186,77.37352733851591,79.59218393606494,-2.218656597549028,34.99725668283361,16.142672437453037,13.542912574247078,-83.85732756254696,-14.376770691310304
2019-08-23,72.5,74.33999633789062,71.0,71.27999877929688,1843200.0,-1,-1.7369756276922832,5.32208132096108,76.43606140632836,78.97646651704508,-2.540405110716719,39.37056678320658,8.52476393390749,14.51025578458603,-91.4752360660925,-16.31838633021736
2019-08-26,72.0999984741211,72.45999908447266,70.05999755859375,71.77999877929688,1716400.0,1,0.7014590468051862,1.9619183923311607,75.71974407909275,78.44339483276744,-2.72365075367469,36.89787440262133,11.547738373592148,12.071724914984244,-88.45226162640785,-13.736330285945975
2019-08-27,72.37999725341797,72.94999694824219,70.16000366210938,71.45999908447266,961300.0,1,-0.4458062138007701,1.834242391245405,75.06439869530503,77.92610625881967,-2.861707563514642,33.830347850333425,9.61303657727114,9.895179628256946,-90.38696342272885,-15.968957766762127
2019-08-28,70.91999816894531,70.91999816894531,68.5,69.16000366210938,1699500.0,-1,-3.218577458480598,1.4827631653897106,74.15603022865955,77.27676532573003,-3.1207350970704795,23.15389949521729,3.685111821086262,8.281962257316536,-96.31488817891373,-15.141099801092794
2019-08-29,70.19999694824219,70.87000274658203,68.94999694824219,70.51000213623047,1506800.0,1,1.9519930633848714,2.0228192762092445,73.5951028298243,76.77552360798931,-3.180420778165015,25.44358793600196,11.761278917152525,8.353142438503328,-88.23872108284748,-10.949732426786285
2019-08-30,70.88999938964844,71.25299835205078,67.77999877929688,68.73999786376953,1958200.0,1,-2.5102882127859827,2.161137138233337,72.84816360427742,76.18029947878784,-3.3321358745104277,25.615095865006765,5.390225806119966,6.945538848119604,-94.60977419388003,-15.041410514778075
2019-09-03,68.08999633789062,68.9000015258789,65.2959976196289,65.66999816894531,2326400.0,-1,-4.466103855441506,2.525712900984076,71.74383046038017,75.40175864102173,-3.657928180641562,18.667089562093437,2.0377055122509247,6.396403411841157,-97.96229448774908,-8.53761089451991
2019-09-04,66.5199966430664,68.01000213623047,66.02999877929688,67.91000366210938,2606800.0,1,3.411002825675946,3.4417471858189197,71.15401095295388,74.84681382776897,-3.6928028748150865,27.051678389463447,15.020433608090324,7.482788308820425,-84.97956639190967,-4.081919865929562
2019-09-05,68.94000244140625,68.94000244140625,63.68999862670898,66.9800033569336,4720400.0,1,-1.369459954387664,3.2322121750857,70.51185593818153,74.26408712622562,-3.7522311880440924,28.384131076344758,18.080919954892856,11.713019691744721,-81.91908004510714,-8.23399737324716
2019-09-06,65.86000061035156,66.4800033569336,63.869998931884766,64.05000305175781,3384300.0,-1,-4.374440367764587,3.223396713620224,69.51772472488557,73.50748830589468,-3.9897635810091145,21.346020292842226,2.1479979779371594,11.749783846973466,-97.85200202206283,-11.703884417724385
2019-09-09,64.30999755859375,65.38999938964844,60.560001373291016,62.02000045776367,5137900.0,1,-3.169402806044719,3.2696892389731094,68.36422868378989,72.65656328010719,-4.292334596317303,28.111005982107798,10.46594268547563,10.231620206101901,-89.53405731452438,-12.9910191920805
2019-09-10,60.93999862670898,64.48999786376953,60.02999877929688,61.59999847412109,6961700.0,-1,-0.6772040963279435,2.9796205289658206,67.32357788230237,71.83755847966377,-4.513980597361396,28.860285674515893,10.842536815244783,7.81882582621921,-89.15746318475522,-14.182224126913678
2019-09-11,48.36000061035156,50.15999984741211,46.040000915527344,49.66999816894531,26845800.0,-1,-19.3668840920308,7.727951955320639,64.6076425417859,70.19551697516611,-5.5878744333802075,12.98413643388622,12.82684749323127,11.378442331317245,-87.17315250676873,-30.492584935201926
2019-09-12,50.70000076293945,51.400001525878906,48.417999267578125,49.59000015258789,7085800.0,1,-0.16105902819911755,7.9173905735090315,62.29723602037083,68.66918239571586,-6.371946375345033,13.138460727806788,12.54416894447714,12.071184417651082,-87.45583105552286,-28.296706872852994
2019-09-13,49.34000015258789,49.400001525878906,47.27999877929688,47.47999954223633,4892800.0,-1,-4.254891316513643,7.922006585341533,60.017661177580905,67.09961329545813,-7.081952117877222,12.789252814531437,5.3511662541992155,10.240727563969228,-94.64883374580079,-32.66203644342329
2019-09-16,47.02000045776367,48.72499847412109,46.85300064086914,47.619998931884766,2863800.0,-1,0.2948597114536655,8.321066844182786,58.11032852439688,65.6566788981564,-7.546350373759523,11.796339604499693,5.871416756942651,7.922250651873021,-94.12858324305735,-30.72446841464973
2019-09-17,48.04999923706055,51.54999923706055,48.0,50.63999938964844,7088100.0,1,6.341874266069292,9.678775733849262,56.96104711905096,64.54433226789655,-7.58328514884559,19.667839085611035,18.244552182667327,9.822378397936417,-81.75544781733268,-22.8871618674788
2019-09-18,50.75,52.619998931884766,49.86000061035156,51.95000076293945,6867600.0,1,2.5868905787522545,3.8892675461939836,56.19011691041842,63.61141882308491,-7.421301912666493,24.182424175625712,23.440290517980657,15.852086485863564,-76.55970948201934,-23.50169641954365
2019-09-19,52.15999984741211,53.150001525878906,48.90999984741211,50.34999847412109,5432500.0,1,-3.0798888649098743,4.297516237420321,55.29163715098806,62.62909138982833,-7.337454238840273,19.98214204571272,17.094348141051647,19.593063613899897,-82.90565185894836,-24.82831300290016
2019-09-20,50.66999816894531,52.36000061035156,50.36000061035156,51.45000076293945,6801900.0,1,2.184711662670158,3.441815935154095,54.700616168211354,61.801010602651374,-7.10039443444002,23.731405098060634,23.62445190799817,21.386363522343512,-76.37554809200184,-19.672133783719715
2019-09-23,51.20000076293945,52.08000183105469,50.220001220703125,50.31999969482422,2970100.0,-1,-2.1963091377234734,3.8463964402432445,54.02667517230564,60.95056535021973,-6.923890177914096,25.21796850788634,18.68994975594268,19.802916601664183,-81.31005024405732,-18.86488338694432
2019-09-24,51.45000076293945,51.97999954223633,48.93000030517578,49.22999954223633,3343200.0,1,-2.1661370413323056,2.694440763192049,53.2887250753719,60.082375290369114,-6.793650214997214,18.678743893064706,13.930124079267072,18.748175247735993,-86.06987592073293,-20.081167594641336
2019-09-25,48.869998931884766,49.380001068115234,47.369998931884766,48.88999938964844,3053800.0,-1,-0.6906361075550871,2.072150092488559,52.61199804679906,59.253310408834245,-6.641312362035187,19.05576946969596,13.943239401712209,15.52110441230734,-86.0567605982878,-1.5703620053373557
2019-09-26,49.20000076293945,49.8849983215332,48.45000076293945,48.77000045776367,2363500.0,1,-0.24544678540162623,1.7949191586994273,52.02092149463977,58.476768930977165,-6.455847436337393,21.0825188601481,14.108525878632292,13.993963119870543,-85.89147412136771,-1.6535585648338125
2019-09-27,48.86000061035156,49.0,46.310001373291016,46.9900016784668,2877900.0,1,-3.649782166474258,1.3564292210018383,51.24693383061316,57.625897282643066,-6.378963452029907,21.283921572057253,5.149056477377704,11.06694058590742,-94.8509435226223,-1.0320089900878182
2019-09-30,46.869998931884766,47.72999954223633,46.060001373291016,47.2599983215332,2122100.0,-1,0.5745831739140561,1.6769262659889659,50.63355913690855,56.85805291515344,-6.2244937782448915,22.44427382723353,17.158893126248763,12.138825160752939,-82.84110687375124,-0.7559861789717903
2019-10-01,47.400001525878906,47.650001525878906,46.02999877929688,47.02000045776367,2177600.0,1,-0.5078245287625793,1.609479670520757,50.07762703242472,56.12930828868013,-6.0516812562554065,40.7536703488838,13.904512592246437,12.070820731957653,-86.09548740775357,-7.148497187037384
2019-10-02,46.459999084472656,47.20000076293945,46.119998931884766,46.93999862670898,2286400.0,-1,-0.1701442583492918,1.6431943694813855,49.59491497000691,55.44861868408967,-5.853703714082762,40.75365950011233,12.780891803011494,14.614765840502251,-87.2191081969885,-9.643892324645654
2019-10-03,47.59999847412109,49.310001373291016,46.68000030517578,48.970001220703125,3225500.0,1,4.324675443938064,2.853742455113072,49.49877439319095,54.96872109420919,-5.469946701018237,55.22807466525035,41.29215319218239,22.659185862480125,-58.70784680781761,-2.740808927982896
2019-10-04,49.310001373291016,49.77000045776367,47.880001068115234,49.209999084472656,1897500.0,1,0.4900916025872393,1.944258542264536,49.4543474226189,54.54214909348796,-5.087801670869055,55.540069334437774,44.662908405510684,32.911984466901544,-55.33709159448932,-4.353744694364159
2019-10-07,49.369998931884766,50.58000183105469,49.24700164794922,49.880001068115234,2720600.0,1,1.361515944132563,1.9388963448914678,49.519832598849106,54.196804795312204,-4.6769721964630975,46.833341333598675,54.07304499519408,46.6760355309624,-45.92695500480592,-0.8744010917675737
2019-10-08,49.36000061035156,49.3849983215332,46.81999969482422,46.900001525878906,2435100.0,-1,-5.974337366526705,3.758928933646137,49.116781664546,53.656300849428256,-4.539519184882259,31.52890086225544,12.219134985582292,36.9850294620957,-87.78086501441771,-4.732882466022426
2019-10-09,47.369998931884766,48.7400016784668,47.369998931884766,48.220001220703125,1346300.0,1,2.8144981916383482,3.955725392438437,48.97881544241632,53.25361198804121,-4.274796545624888,42.04631310489596,34.597184959129045,33.62978831330182,-65.40281504087096,-1.3704196713227423
2019-10-10,48.16999816894531,48.2400016784668,47.02999877929688,47.29999923706055,2330700.0,-1,-1.9079260894907968,3.438003430584914,48.72053602620774,52.81260363611671,-4.092067609908973,34.29219601250044,20.991732514823624,22.60268415317834,-79.00826748517638,-3.0141505165172
2019-10-11,47.880001068115234,48.66999816894531,47.15499877929688,48.119998931884766,2346100.0,1,1.733614604758249,3.5824285311287487,48.628145704004204,52.46500328765509,-3.8368575836508825,41.47286374697375,35.12604848062863,30.238321984860452,-64.87395151937136,2.404761040763681
2019-10-14,48.150001525878906,48.27999877929688,47.2599983215332,47.5,1886800.0,1,-1.2884433616933144,3.451308440277306,48.454584826465094,52.0972252663473,-3.642640439882207,43.04102964324439,32.30769746704261,29.475159487498306,-67.69230253295738,0.5078326004879452
2019-10-15,47.59000015258789,47.93999862670898,46.15999984741211,46.3849983215332,2458100.0,1,-2.3473719546669436,2.320505750681426,48.13618690262942,51.67409734450922,-3.537910441879802,40.514950986693776,7.802182508408952,25.078642818693414,-92.19781749159105,-1.3504936836418513
2019-10-16,45.09999847412109,46.0,44.5,45.650001525878906,2634200.0,-1,-1.584557124610464,1.6206589169335681,47.7536968446678,51.227868024610686,-3.4741711799428856,38.71201207674997,18.914493084608456,19.674791020020024,-81.08550691539155,-2.748183081743971
2019-10-17,45.72999954223633,45.90999984741211,44.77999877929688,45.150001525878906,1343100.0,1,-1.0952902153060218,1.5562061283208892,47.35312833408489,50.777655691371294,-3.424527357286401,42.66347456943953,10.690811350728682,12.469162314582048,-89.30918864927132,-7.800693484992671
2019-10-18,44.88999938964844,45.150001525878906,41.650001525878906,42.84000015258789,5720300.0,-1,-5.116281938477851,1.6522100923637637,46.65880092154689,50.18968120701697,-3.530880285470076,34.84225784001299,13.325852027342792,14.310385487559993,-86.67414797265721,-12.94452154114083
2019-10-21,42.869998931884766,43.31600189208984,41.869998931884766,42.16999816894531,2239600.0,1,-1.563963541681046,1.6147765769443105,45.96821588268511,49.59563061160425,-3.627414728919142,33.84410271163621,5.8230305184314375,9.946564632167656,-94.17696948156856,-15.457102514174526
2019-10-22,42.59999847412109,43.04999923706055,40.47999954223633,40.75,2573200.0,1,-3.3673185454179633,1.6788566752122875,45.165413439195085,48.94039871444838,-3.774985275253293,31.07034324104569,2.6732712532410754,7.274051266338454,-97.32672874675893,-13.113009223433403
2019-10-23,40.209999084472656,42.09999847412109,40.04999923706055,41.09000015258789,2805600.0,-1,0.8343562026696727,2.2695782420929946,44.53842677971705,48.35888770986612,-3.8204609301490677,23.12414341700601,9.876549471322214,6.124283747664928,-90.12345052867778,-14.786397527202855
2019-10-24,41.65999984741211,43.40999984741211,41.11000061035156,43.33000183105469,2794000.0,1,5.451452105496579,4.109302743044752,44.35251524915361,47.98637764476897,-3.6338623956153597,32.352953298590435,31.14911477671347,14.56631183375894,-68.85088522328653,-8.393229323554163
2019-10-25,43.380001068115234,43.45000076293945,41.91999816894531,42.86000061035156,1411600.0,1,-1.0847015943725946,3.3675403843339557,44.12289761241483,47.606646012589906,-3.483748400175074,28.675579522171006,30.101785204939368,23.70914981765837,-69.89821479506062,-10.931002573335213
2019-10-28,43.34000015258789,43.45500183105469,42.18000030517578,42.40999984741211,1338800.0,1,-1.0499317697880928,3.313207004440562,43.859374879337494,47.221709259613775,-3.3623343802762804,33.88370297729776,27.157651867928106,29.469517283193667,-72.84234813207189,-10.715789794921871
2019-10-29,42.65999984741211,44.11000061035156,42.5099983215332,43.119998931884766,1580100.0,1,1.6741313063597607,2.6790526147467855,43.74562473357554,46.917878864967186,-3.1722541313916466,30.855852308249226,35.61485006069441,30.958095711187312,-64.38514993930559,-7.038912380714124
2019-10-30,43.70000076293945,45.58000183105469,42.42100143432617,45.15999984741211,3486700.0,1,4.730985542810107,3.093501165370387,43.963220904935014,46.78766560440755,-2.8244446994725365,42.59003106705835,59.2807568855958,40.68441960473945,-40.7192431144042,-1.0733880878164181
2019-10-31,45.29999923706055,45.5,42.43999862670898,43.97999954223633,2164100.0,1,-2.6129324826457023,2.9043844098636047,43.9658022337506,46.57969034054301,-2.613888106792409,36.01351845952246,47.752132731077694,47.54924655912265,-52.247867268922306,-2.5913664321184138
2019-11-01,44.0,45.0,43.27999877929688,45.0,1592400.0,1,2.3192370813558405,2.8883316033887785,44.12490958240436,46.46267624124353,-2.337766658839172,41.77631826612023,62.737657108488314,56.59018224172062,-37.262342891511686,5.042016432583107
2019-11-04,45.209999084472656,45.43999862670898,44.040000915527344,44.36000061035156,1366000.0,1,-1.4222208658854152,2.9587247424920076,44.16107743285777,46.30692249080709,-2.145845057949316,43.12394772013261,72.43698858219582,60.97559280725397,-27.563011417804184,5.193271369451957
2019-11-05,44.70000076293945,45.22999954223633,43.45000076293945,44.43000030517578,1593000.0,1,0.15779912953357567,2.9420526413550885,44.20245018244516,46.16789121779736,-1.9654410353521996,45.66144818443811,74.74403774596983,69.97289447888467,-25.25596225403017,9.030675595523396
2019-11-06,44.88999938964844,45.63999938964844,43.43000030517578,43.90999984741211,1822400.0,1,-1.1703813958855558,1.8798099184083568,44.157457823209306,46.00064000517623,-1.8431821819669238,45.59658671429257,69.05188738795607,72.07763790537393,-30.948112612043936,6.862982926142958
2019-11-07,44.5,44.5,42.290000915527344,42.54999923706055,2179200.0,1,-3.0972457642395423,2.0201958679937584,43.91015650226335,45.745036985315814,-1.8348804830524656,48.89565572093974,44.72271792054648,62.83954768482415,-55.27728207945352,-1.8001443827198482
2019-11-08,42.54999923706055,44.0099983215332,42.34000015258789,43.900001525878906,2117300.0,0,3.1727433913618652,2.343254831783866,43.908594198204206,45.60836769202419,-1.6997734938199827,56.26358691899089,68.87302654251272,60.88254395033844,-31.12697345748728,2.4265070012065237
2019-11-11,43.79999923706055,44.43999862670898,43.369998931884766,44.06999969482422,1035300.0,-1,0.38723955133599386,2.299098392556845,43.93342581306882,45.494414507046415,-1.5609886939775919,63.216553835500356,71.91413860521297,61.836627689424084,-28.085861394787035,3.9141708403316766
2019-11-12,44.59999847412109,45.34999847412109,44.20000076293945,44.77000045776367,1993000.0,1,1.5883838615539325,2.4262523498691437,44.06212960456034,45.440754207099545,-1.3786246025392046,64.2414808577278,80.79472039019396,73.8606285126399,-19.20527960980605,3.826534245711266
2019-11-13,44.810001373291016,45.2239990234375,44.380001068115234,44.81999969482422,1207900.0,1,0.1116802245908266,2.3134973699912296,44.178725003062475,45.39477239137545,-1.2160473883129725,56.94313791992764,77.95700468428264,76.88862122656322,-22.042995315717366,-0.7528789941025127
2019-11-14,44.83000183105469,46.060001373291016,44.83000183105469,45.31999969482422,1554100.0,1,1.1155734123258876,1.211041669192121,44.35430572487198,45.389233673112386,-1.0349279482404086,61.43122024199924,80.92779704243063,79.8931740389691,-19.07220295756937,3.0468398511487527
2019-11-15,45.59999847412109,46.04999923706055,44.59999847412109,45.83000183105469,1885800.0,1,1.1253357009371578,0.601994516021699,44.58133589505393,45.4218831662933,-0.840547271239366,65.80407058386356,93.89921712707797,84.26133961793043,-6.100782872922028,1.844448513454866
2019-11-18,46.0,46.09000015258789,44.45000076293945,44.5099983215332,2742000.0,1,-2.8802170124004656,1.8108650932060308,44.57036088374305,45.354336140755514,-0.7839752570124645,56.08048304780417,58.420996097965464,77.74933675582471,-41.579003902034536,0.33813730639724593
2019-11-19,45.2400016784668,46.68000030517578,45.060001373291016,46.220001220703125,3037800.0,1,3.8418399542887727,2.41774381482556,44.82415170481383,45.41845948001089,-0.5943077751970591,54.77477669435127,89.52165948912594,80.61395757138982,-10.47834051087406,4.028811395976573
2019-11-20,46.54999923706055,47.665000915527344,45.59999847412109,46.59999847412109,2541400.0,1,0.8221489471699872,2.3980505732900306,45.09735890009186,45.505980886982016,-0.4086219868901537,62.71843293822229,80.18600109011615,76.0428855590692,-19.813998909883853,6.12616405387556
2019-11-21,46.77000045776367,46.95000076293945,45.130001068115234,45.41999816894531,2120100.0,1,-2.5321895789998328,2.8009491351424165,45.1469957106847,45.49961179675707,-0.3526160860723735,52.0076381422801,58.232507040334305,75.98005587319214,-41.767492959665695,6.745003486122347
2019-11-22,45.959999084472656,46.45000076293945,45.220001220703125,46.31999969482422,1524100.0,1,1.9815093838869036,2.905407615185669,45.32745786209078,45.56038127068797,-0.23292340859718763,59.14177922742481,74.9767214752907,71.13174320191374,-25.0232785247093,5.512524111232042
2019-11-25,48.15999984741211,51.060001373291016,48.05500030517578,50.38999938964844,5551600.0,1,8.786700608029152,4.1742689821415855,46.10631040479196,45.918130760981335,0.1881796438106278,70.24454993596393,92.36029705050407,75.18984185537637,-7.639702949495934,14.340820827295065
2019-11-26,50.31999969482422,52.68000030517578,50.06499862670898,51.65999984741211,4011300.0,-1,2.520342276536258,4.115827341371225,46.96072416519506,46.34345439701324,0.6172697681818207,75.04846660107465,90.18286315993532,85.83996056191006,-9.817136840064677,15.389768414562589
2019-11-27,52.0,52.68000030517578,51.400001525878906,52.060001373291016,2250400.0,1,0.7742964132024577,4.120221818532157,47.74522835105598,46.766902321181966,0.9783260298740117,82.77048840711393,94.0038788903732,92.18234636693755,-5.996121109626798,16.153506755384626
2019-11-29,52.040000915527344,52.34299850463867,51.43999862670898,52.130001068115234,1184100.0,-1,0.13445964843967761,3.4564980027865944,48.4198087690651,47.16416889502887,1.255639874036227,81.10353394170468,94.0923828578757,92.75970830272809,-5.90761714212429,15.026481507387901
2019-12-02,52.06999969482422,52.165000915527344,49.40999984741211,51.06999969482422,4164600.0,-1,-2.033380685923969,4.110175050621635,48.82753044995111,47.453489695013715,1.374040754937397,74.78751719584298,81.01414272096793,89.70346815640562,-18.985857279032075,11.433553686264265
2019-12-03,49.29999923706055,53.06999969482422,48.630001068115234,52.79999923706055,4494500.0,-1,3.3875064667596932,2.1215401248348296,49.43867949412179,47.84952743886904,1.5891520552527538,76.50163012113359,96.8929746785711,90.66650008580494,-3.1070253214289005,18.625030842827005
2019-12-04,48.7400016784668,50.5,47.209999084472656,49.84999847412109,7754300.0,-1,-5.587122737814065,3.362784426265617,49.50195933719861,47.99771047851734,1.5042488586812723,63.9335063788886,62.64499281093208,80.18403673682371,-37.35500718906792,7.85373681857886
2019-12-05,49.79999923706055,50.15999984741211,47.709999084472656,48.11000061035156,3181000.0,-1,-3.4904672357669586,3.4463248718725583,49.28781184076061,48.00602826606062,1.2817835746999933,57.231725452661394,42.45940024277763,67.33245591076029,-57.54059975722237,3.2403480379276095
2019-12-06,48.38999938964844,48.4900016784668,46.33000183105469,46.70000076293945,3071500.0,1,-2.9307832665226075,3.3502250617777527,48.88968705955735,47.909285488051644,0.9804015715057091,52.154528633743645,26.102091401396923,43.7354948183689,-73.89790859860308,2.818147612496613
2019-12-09,46.5,47.86000061035156,46.5,47.29999923706055,1649900.0,-1,1.2847932854794353,3.6861596401801777,48.64511970225015,47.86415317316341,0.78096652908674,57.16487093118577,27.96502288580718,32.17550484332727,-72.03497711419281,2.115715778698135
2019-12-10,47.0,47.25,45.720001220703125,46.130001068115234,2126200.0,-1,-2.4735691074358246,2.4962512798754126,48.2581783739217,47.73569746167836,0.5224809122433385,49.76228164481394,12.594460616607003,22.220524967937052,-87.40553938339299,-8.454055116357729
2019-12-11,46.27999877929688,46.33000183105469,44.540000915527344,45.20000076293945,2250500.0,1,-2.0160422363800667,1.8757849761539642,47.78768951069367,47.54786807658659,0.23982143410707835,46.406576632237154,7.73739673930543,16.098960080573224,-92.26260326069458,-12.504837598826024
2019-12-12,45.130001068115234,45.68000030517578,44.61000061035156,45.18999862670898,1475700.0,-1,-0.02212861960541046,1.7916554378483573,47.388044759311406,47.373211080299356,0.014833679012049572,49.37192920539089,7.620138384535767,9.317331913482752,-92.37986161546424,-13.196316875447955
2019-12-13,45.22999954223633,46.0,44.56999969482422,45.97999954223633,1520000.0,1,1.748176453938699,1.900849976285234,47.17142241822293,47.27001022562802,-0.09858780740508877,49.06593368589239,16.88158068913209,10.746371937657782,-83.1184193108679,-11.797432188507074
2019-12-16,46.04999923706055,47.0,45.310001373291016,46.959999084472656,1801800.0,1,2.1313604871529446,2.103707584952648,47.138895751492115,47.24704643739429,-0.10815068590217436,38.64990017662225,28.37043980380021,17.624052959156042,-71.62956019619979,-8.047778803429473
2019-12-17,46.130001068115234,47.27999877929688,46.119998931884766,46.52000045776367,1829400.0,-1,-0.9369647259096059,1.7591225759503257,47.04368109091851,47.193191179643875,-0.1495100887253642,32.002801719071584,23.21219021791629,22.821403570282882,-76.78780978208371,-11.893937253864417
2019-12-18,46.619998931884766,47.790000915527344,46.29999923706055,47.2400016784668,1634900.0,1,1.5477240189557318,1.3114644759055347,47.07388425823363,47.19665862400113,-0.12277436576749778,33.49315000488596,31.653002922961885,27.74521098155948,-68.34699707703811,-5.235700853650438
2019-12-19,47.02999877929688,47.970001220703125,46.33000183105469,47.90999984741211,1624900.0,-1,1.4182856586364423,1.2146436915330534,47.202517425799556,47.24949871462417,-0.046981288824611056,36.11841425010567,39.50761329607779,31.457602145652007,-60.49238670392221,-0.4157155693247261
2019-12-20,48.060001373291016,49.20000076293945,47.70000076293945,49.130001068115234,2670600.0,1,2.546443800018139,1.3523678268365822,47.49905337077119,47.38879518525314,0.110258185518056,43.68489898624896,53.81009155274748,41.65690259059574,-46.18990844725252,5.203426692669777
2019-12-23,49.20000076293945,49.61000061035156,48.0099983215332,48.16999816894531,1750900.0,1,-1.954005451453067,1.885004319504945,47.602275647413364,47.44666207293404,0.15561357447932522,34.13296429166252,60.906003540756465,51.40790279652726,-39.093996459243535,1.8393212387265878
2019-12-24,48.400001525878906,48.43000030517578,47.470001220703125,47.7400016784668,637700.0,1,-0.8926645356522545,1.876503852172122,47.623464267575436,47.46839093260313,0.15507333497230746,41.25933092020203,56.93952617649834,57.21854042333411,-43.06047382350166,3.490137812861205
2019-12-26,48.0,48.66999816894531,47.650001525878906,48.15999984741211,893000.0,1,0.8797615294905858,1.8087716904018742,47.706008202934925,47.51962122258898,0.1863869803459437,50.232554673502605,71.40037770772044,63.08196914165844,-28.599622292279562,6.548670430332448
2019-12-27,48.5,48.5,47.2599983215332,47.61000061035156,1134700.0,1,-1.1420249975148233,1.8106825940422064,47.691237804075946,47.52631599205288,0.1649218120230671,54.60060796041662,60.552265870119705,62.96405658477951,-39.447734129880295,5.355171624661814
2019-12-30,47.25,47.28900146484375,45.61000061035156,46.5,1484800.0,-1,-2.3314442262582613,1.2459212493336786,47.50797044960272,47.450292585234145,0.05767786436857847,46.153848975368426,38.658761389543066,56.870468322461086,-61.341238610456934,1.1309274966086358
2019-12-31,46.11000061035156,46.70899963378906,45.84999847412109,46.5,1256300.0,-1,0.0,1.212407247169135,47.352898072740764,47.379900541883465,-0.027002469142701102,52.00432800777321,38.658761389543066,45.95659621640197,-61.341238610456934,-0.9795551393542379
2020-01-02,46.869998931884766,47.900001525878906,46.5099983215332,47.33000183105469,1377200.0,1,1.7849501743111507,1.6255047680201602,47.34937557401983,47.37620434108133,-0.02682876706150239,61.66484566772861,54.76193719980079,44.02648665962899,-45.23806280019921,1.7411895213252038
2020-01-03,46.619998931884766,47.88999938964844,46.52000045776367,47.380001068115234,1165200.0,-1,0.1056396262967052,1.5359002797108654,47.354087188496045,47.376485580120885,-0.02239839162484003,61.94112801910264,55.75398537396894,49.72489465443761,-44.24601462603106,0.2963577152289787
2020-01-06,46.900001525878906,48.959999084472656,46.810001373291016,48.70000076293945,1534600.0,-1,2.785984941044095,1.9554170719087791,47.56115081533349,47.47452374181115,0.08662707352234378,64.02062926007434,78.83720909601418,63.11771055659466,-21.162790903985826,1.6489269840187948
2020-01-07,49.040000915527344,49.68999862670898,48.16999816894531,48.400001525878906,1714900.0,1,-0.6160148508433827,1.417812039573061,47.69020477080202,47.543077651742095,0.14712711905992393,57.98227814482152,68.38240862720397,67.65786769906238,-31.617591372796028,-1.4858528930708492
2020-01-08,48.13999938964844,51.75,47.79999923706055,50.75,3232500.0,-1,4.855368595111664,2.1802661124728426,48.160942498370936,47.780627455316754,0.38031504305418196,69.3504158300564,83.71335342987294,76.97765705103039,-16.286646570127065,5.3560347293473365
2020-01-09,51.15999984741211,54.08000183105469,51.040000915527344,54.0,4279200.0,1,6.403940886699511,3.004105592876951,49.059259037083095,48.24132171788588,0.8179373191972132,75.11144389743166,99.05546848258841,83.71707684655513,-0.9445315174115909,13.112689780982523
2020-01-10,54.0,55.34999847412109,53.95000076293945,55.0,4006000.0,0,1.85185185185186,2.7135313350618713,49.97321918522415,48.74196455359804,1.2312546316261148,75.70704004049831,96.40658571986964,93.058469210777,-3.5934142801303657,14.202658169143323
2020-01-13,55.5,59.79999923706055,55.45000076293945,59.619998931884766,3985700.0,1,8.39999805797229,3.592786068993885,51.45733914624887,49.54774487791558,1.9095942683332936,80.51192853310089,98.73149878367869,98.0645176620456,-1.2685012163213143,25.225789051810963
2020-01-14,59.61000061035156,59.88999938964844,57.0,59.540000915527344,3445600.0,-1,-0.13417983527442834,3.4350159740335973,52.700825572291706,50.28791199181274,2.412913580478964,84.85594655771891,97.54903008375238,97.56237152910025,-2.4509699162476197,28.043012721564175
2020-01-15,58.810001373291016,60.7599983215332,58.36000061035156,59.9900016784668,2909000.0,-1,0.755795693684802,3.7378890015048065,53.822237280934026,51.00658530193527,2.8156519789987584,87.50766794134755,94.91751313930496,97.06601400224537,-5.082486860695041,29.01075629777805
2020-01-16,60.0099983215332,61.84000015258789,59.7599983215332,61.81999969482422,2916700.0,1,3.0505050260972055,3.3581521106069703,55.05266226768636,51.80757896066778,3.245083307018575,88.50057618290597,99.87676858701306,97.4477706033568,-0.12323141298694094,30.614826332548752
2020-01-17,62.0,62.290000915527344,58.90999984741211,59.43000030517578,3098900.0,1,-3.8660617946404408,4.525851816625982,55.72609888883858,52.37220276396467,3.3538961248739056,80.18386924195825,82.85371368090378,92.54933180240728,-17.14628631909622,25.432669829907816
2020-01-21,59.290000915527344,61.0,58.33000183105469,60.5099983215332,2175300.0,-1,1.8172606609651476,2.6275772576754512,56.46208341694545,52.97500243489567,3.4870809820497755,85.83121313474004,89.17273522106679,90.63440582966122,-10.827264778933216,24.250507953957
2020-01-22,61.119998931884766,62.68999862670898,59.869998931884766,59.91999816894531,2726300.0,1,-0.9750457262497236,2.690443528232101,56.994070301868504,53.48944656334379,3.504623738524714,83.316791607208,82.88009638122456,84.96884842773173,-17.119903618775442,23.80164520636803
2020-01-23,59.9900016784668,60.380001068115234,59.073001861572266,59.310001373291016,1825400.0,1,-1.0180187154452236,2.708549803384566,57.35036738977966,53.92059877148803,3.4297686182916323,80.07030001503283,79.0971080014759,83.7166465345891,-20.9028919985241,16.866997779883786
2020-01-24,59.70000076293945,60.45000076293945,57.130001068115234,57.79999923706055,2359300.0,1,-2.545948577418966,2.123554889782031,57.419541520130565,54.20796176893784,3.2115797511927227,74.36857630004874,69.20654763592026,77.06125067287358,-30.793452364079737,7.037035624186205
2020-01-27,55.54999923706055,56.58000183105469,54.75,56.040000915527344,2068400.0,-1,-3.0449798352327972,1.8968545609090504,57.207304504037765,54.34366837238891,2.8636361316488532,66.81944112032579,55.33916733532756,67.88094099090792,-44.66083266467245,1.8909107555042715
2020-01-28,56.52000045776367,56.90999984741211,56.02000045776367,56.5,1165300.0,1,0.8208406084183384,1.5220517626889734,57.098488426493496,54.50339664110084,2.595091785392654,68.42584818052032,58.428483005766395,60.99139932567143,-41.571516994233605,-5.233141542738595
2020-01-29,56.93000030517578,57.63999938964844,56.08000183105469,57.130001068115234,1359900.0,1,1.1150461382570587,1.8933915990901973,57.10333652520453,54.6979599319908,2.405376593213731,65.74532082729638,52.274689691507206,55.34744667753373,-47.7253103084928,-4.047698707346859
2020-01-30,56.90999984741211,58.20000076293945,56.5099983215332,57.68999862670898,1375700.0,-1,0.9802162578748552,2.0736893011095043,57.1935922331283,54.91959242789585,2.2739998052324495,60.50085684193659,42.791748030891156,51.16497357605493,-57.20825196910885,-3.833977308561065
2020-01-31,57.75,57.90999984741211,55.93999862670898,56.09000015258789,1823400.0,1,-2.773441692162437,2.1305587038534375,57.023808836122086,55.00628929639156,2.0175195397305288,52.99945225358077,16.87657914801558,37.31433895680467,-83.12342085198442,-9.268844339247162
2020-02-03,56.560001373291016,57.09000015258789,55.84999847412109,56.81999969482422,951100.0,1,1.3014789449998787,1.7209480784275881,56.99245358361472,55.140638214793974,1.8518153688207448,40.1960724077199,26.070529632852164,28.579618937252985,-73.92947036714784,-4.391722357309591
2020-02-04,58.18999862670898,59.630001068115234,57.68000030517578,58.880001068115234,1431400.0,1,3.6254864208995485,2.29802595945803,57.282845504307105,55.41762805578073,1.8652174485263728,47.97047901223214,52.01513579892222,31.654081526596674,-47.98486420107778,-2.693765160522099
2020-02-05,60.0,60.400001525878906,58.09000015258789,58.5099983215332,1635900.0,1,-0.6284013924422238,2.378568163585293,57.471638245418816,55.646692519910545,1.8249457255082717,45.426439966351424,47.355150779058405,41.81360540361095,-52.644849220941595,-2.3531373339441553
2020-02-06,59.0,59.0,57.0099983215332,58.400001525878906,1015300.0,1,-0.18799657974664097,2.3771110642911655,57.6144633654896,55.85064133516746,1.7638220303221388,38.17427320213157,45.969800468237395,48.44669568207269,-54.030199531762605,-1.5343109531976928
2020-02-07,58.380001068115234,59.880001068115234,57.9900016784668,58.970001220703125,955800.0,-1,0.976026849197309,1.6617889809165363,57.82300765090706,56.08170503039233,1.7413026205147304,48.18038218221348,53.14863917617904,48.8245301411583,-46.85136082382097,2.02422491191383
2020-02-10,59.04999923706055,61.0,58.7400016784668,60.84000015258789,1130500.0,1,3.171102074232701,1.9303566744263687,58.28716034347334,56.434171335740146,1.8529890077331928,51.228600189968056,76.7002670768989,58.60623557377179,-23.299732923101097,8.565308991154176
2020-02-11,61.2599983215332,61.59999847412109,59.65999984741211,60.91999816894531,1366200.0,1,0.13148917842995544,1.50487902822464,58.69221231662287,56.766454804866456,1.9257575117564159,53.86997187396845,90.07298603430677,73.30729742912825,-9.92701396569324,7.8230056087527755
2020-02-12,61.220001220703125,61.43000030517578,59.060001373291016,60.47999954223633,1569500.0,1,-0.722256467389848,1.5259117495703989,58.96725650517878,57.04153219281977,1.9257243123590086,54.58823085903443,83.6496469872796,83.47430003282844,-16.3503530127204,5.86381657883559
2020-02-13,60.09000015258789,62.255001068115234,59.900001525878906,61.900001525878906,1672200.0,-1,2.347886895486684,1.5880808636201966,59.41844804682495,57.40141881008341,2.0170292367415357,66.19275201047628,95.26982689256991,89.6641533047188,-4.730173107430094,7.2976304374893886
2020-02-14,62.15999984741211,63.06999969482422,61.720001220703125,62.11000061035156,1334800.0,1,0.33925537850731935,1.6334959707478451,59.83253305659828,57.75020264714031,2.082330409457967,77.31774765847489,86.70361603651965,88.54102997212307,-13.296383963480343,10.73275172292172
2020-02-18,62.0,65.5,61.650001525878906,63.86000061035156,2576500.0,-1,2.817581682181358,1.522824957511937,60.4521434494834,58.20278027404485,2.2493631754385532,79.67743642373189,83.00519035929304,88.32621109612755,-16.99480964070695,12.390005197709675
2020-02-19,64.63999938964844,65.80999755859375,64.01000213623047,65.16999816894531,2236300.0,1,2.051358512485524,1.4963225095139256,61.17796725247754,58.718870488481926,2.4590967639956176,80.73395645934008,93.57430272612999,87.76103637398091,-6.425697273870006,10.682739447564726
2020-02-20,65.47000122070312,66.5,62.54999923706055,65.18000030517578,4711000.0,1,0.015347762024697786,1.2559289166316916,61.79366464520035,59.19747269712592,2.596191948074434,79.8882868653497,87.60563844411953,88.06171050984754,-12.394361555880463,11.3997644419481
2020-02-21,56.71500015258789,58.290000915527344,52.2599983215332,54.5099983215332,13200700.0,-1,-16.37005512992503,7.990493225811339,60.6731005954054,58.85025237300794,1.822848222397461,46.3425880956712,15.800559935343031,65.66016703519755,-84.19944006465697,-6.660964216964816
2020-02-24,50.16999816894531,53.47999954223633,50.0,51.86000061035156,3711400.0,-1,-4.861489254779161,7.910646276107733,59.31723905924327,58.332455946144506,0.9847831130987643,39.455782754257235,11.272730971827652,38.22630978376343,-88.72726902817234,-12.056978909906125
2020-02-25,52.77999877929688,53.400001525878906,49.720001220703125,50.40999984741211,3310800.0,1,-2.795990639942303,7.196927361932785,57.9468945651154,57.7456073462384,0.20128721887699896,31.514616570408393,4.11203025568931,10.395107054286688,-95.8879697443107,-17.143327217319428
2020-02-26,51.0,52.119998931884766,50.75,51.33000183105469,2114500.0,1,1.8250386558765541,7.146807598142106,56.9289110675676,57.27037730807665,-0.3414662405090496,34.69736159808855,9.594759996871858,8.326507074796297,-90.40524000312814,-15.741951126287523
2020-02-27,49.9900016784668,51.83000183105469,48.5,49.7400016784668,2617100.0,-1,-3.097603927272685,6.788542692977249,55.82292500770594,56.71257170588333,-0.889646698177387,32.63833134670293,6.888898213704427,6.865229488755221,-93.11110178629558,-17.757933110216428
2020-02-28,48.14500045776367,52.0,48.040000915527344,51.9900016784668,3012600.0,-1,4.523522163398042,3.9037264692448503,55.23324449551531,56.362751703852474,-1.1295072083371664,36.88955705802854,21.397621662191387,12.62709329092258,-78.60237833780862,-16.00969241215443
2020-03-02,52.810001373291016,53.16999816894531,50.90999984741211,52.77999877929688,1990200.0,1,1.519517359733591,3.268598648770649,54.85582207763555,56.09736259832984,-1.2415405206942864,34.220825590796466,25.67712946289642,17.98788311293077,-74.32287053710358,-15.021738430799015
2020-03-03,52.65999984741211,53.150001525878906,50.20000076293945,51.33000183105469,1771000.0,-1,-2.7472470287569606,3.2567536947410503,54.31338819354619,55.744224763716865,-1.4308365701706762,32.18134940222227,17.82232436996531,21.632358498351064,-82.17767563003468,-19.6210439391474
2020-03-04,52.38999938964844,53.43000030517578,51.77000045776367,53.38999938964844,1491500.0,1,4.0132427140251,3.621898276149501,54.17132837756192,55.56983769897106,-1.3985093214091364,37.57448053989275,28.98157496996391,24.160342934275235,-71.0184250300361,-18.075800384033545
2020-03-05,52.619998931884766,53.810001373291016,52.040000915527344,53.36000061035156,1603100.0,-1,-0.056188012061841874,2.99612531822306,54.04650872106802,55.40614606277702,-1.3596373417089964,34.26675845931163,28.819068031802097,25.20765579057713,-71.18093196819791,-18.134396501200424
2020-03-06,53.0,53.040000915527344,48.22999954223633,49.38999938964844,2984100.0,-1,-7.440032187580159,4.384104811440817,53.3301226700804,54.9605055684712,-1.630382898390799,29.41746968734786,7.313101522613964,21.70458150812668,-92.68689847738604,-9.39277029818253
2020-03-09,44.95000076293945,46.400001525878906,43.619998931884766,43.93999862670898,2974600.0,-1,-11.034624074285205,5.940510257262172,51.88548820186941,54.14417172093325,-2.258683519063844,21.213865522639523,1.3985999994997902,12.510256517971975,-98.60140000050022,-15.27188949176701
2020-03-10,46.150001525878906,47.2400016784668,43.470001220703125,47.0099983215332,2989400.0,1,6.986799705901947,7.594390304773451,51.135412835663836,53.6157144320888,-2.4803015964249653,25.02750075931999,15.371243111017469,8.027648211043765,-84.62875688898254,-6.7446965605445275
2020-03-11,45.790000915527344,46.45000076293945,42.20000076293945,42.880001068115234,3079300.0,-1,-8.785359287124672,7.423966935184075,49.8653494868102,52.8204764051278,-2.955126918317596,22.45552903632607,4.226229327079348,6.998690812532225,-95.77377067292065,-16.46210882818866
2020-03-12,37.5,40.56999969482422,35.0,39.5,4014100.0,-1,-7.882464981160043,7.188527265565439,48.27068033499325,51.833774449192404,-3.563094114199153,27.38776379489269,23.92344322946041,14.506971889185769,-76.07655677053958,-20.587055353678952
2020-03-13,41.959999084472656,42.13999938964844,37.27999877929688,41.88999938964844,3056000.0,1,6.050631366198567,8.71050636006974,47.289037112632506,51.09719851885582,-3.808161406223313,34.86182289977296,36.62944649983806,21.593039685459292,-63.37055350016194,-19.426816623861686
2020-03-16,37.0,43.7400016784668,36.66999816894531,41.81999969482422,3219800.0,-1,-0.1671035947580335,7.4479028806610685,46.447646740662,50.409998605964596,-3.962351865302594,36.386683934171494,36.25730567201434,32.27006513377096,-63.74269432798566,-20.76544020075225
2020-03-17,40.970001220703125,47.959999084472656,40.88999938964844,46.86000061035156,3358300.0,-1,12.051652205418616,8.956491197813596,46.51108579753732,50.14703579147474,-3.635949993937423,43.73422707282919,63.05156695624699,45.312773042699824,-36.94843304375301,-8.708359753065064
2020-03-18,44.0,50.64500045776367,44.0,50.16999816894531,4373600.0,-1,7.063588381308206,7.669979647339278,47.07399539313855,50.148736708324414,-3.074741315185861,50.57501555109436,80.64857555239591,59.9858160602191,-19.351424447604092,-6.03109432012362
2020-03-19,50.0,53.36000061035156,48.59199905395508,51.80500030517578,3202700.0,-1,3.2589240500361827,4.546861971692851,47.80184230268274,50.271422900683774,-2.4695805980010306,49.74846849328908,89.34077128265282,77.6803045970986,-10.659228717347178,-2.914168454627264
2020-03-20,52.540000915527344,55.34199905395508,51.59099960327149,53.63999938964844,4209500.0,1,3.5421273499911976,4.629461007246493,48.70002031606208,50.520947085051525,-1.8209267689894446,51.1369656144609,91.63307568842049,87.20747417448978,-8.366924311579506,8.604980871675716
2020-03-23,53.36000061035156,58.150001525878906,52.4900016784668,58.02999877929688,5662400.0,-1,8.184189857570434,3.630297682357459,50.13540161809821,51.07717313647711,-0.9417715183788999,58.21883936603392,99.4816296385645,93.48515886987929,-0.5183703614355082,32.06645560526551
2020-03-24,58.54999923706055,64.27999877929688,58.45000076293945,62.13999938964844,4847200.0,1,7.082544712749272,2.2626059012567747,51.98226281372132,51.896641747823125,0.08562106589819507,60.21957544849651,92.69125861042872,94.60198797913792,-7.308741389571284,32.184644986861976
2020-03-25,61.93000030517578,66.5,58.0099983215332,59.130001068115234,6479000.0,-1,-4.843898215477971,5.109832272290262,53.081914852858844,52.43244614191884,0.6494687109400061,56.300503191841294,76.60317799401662,89.5920220810033,-23.396822005983385,37.896454279902514
2020-03-26,60.290000915527344,62.0,59.43999862670898,60.54999923706055,3618400.0,1,2.401485106197665,5.131968937376529,54.2308509119668,53.0337463711886,1.1971045407781986,62.904719453414856,81.1111086890811,83.46851509784217,-18.8888913109189,53.29113730901405
2020-03-27,59.540000915527344,60.84000015258789,57.93999862670898,58.630001068115234,3422300.0,-1,-3.17093012904639,5.869222455138889,54.907643243681946,53.448283756146125,1.4593594875358207,68.49660740675844,75.01587640671502,77.57672102993762,-24.98412359328497,39.961809315765876
2020-03-30,59.15999984741211,60.5,57.77000045776367,58.84000015258789,3815100.0,1,0.3581768388997375,4.714555824160723,55.512621229667474,53.847670155882554,1.6649510737849198,66.05156685235326,75.68254016694569,77.2698417542473,-24.317459833054315,40.69823190331139
2020-03-31,58.5,62.33000183105469,58.290000915527344,60.86000061035156,3648000.0,-1,3.433039518227865,3.5544092416284587,56.33529498054195,54.36710204139878,1.9681929391431723,75.87795426337513,82.09524003286211,77.59788553550763,-17.904759967137895,29.876226670187766
2020-04-01,59.25,64.75,59.20000076293945,61.9900016784668,4603000.0,-1,1.856722078183859,2.5701875836575176,57.20524985714577,54.931761273774185,2.273488583371588,84.61065835299682,84.88099884446522,80.88625968142436,-15.119001155534777,23.559904207526827
2020-04-02,61.650001525878906,64.0,59.63999938964844,61.18000030517578,3277100.0,-1,-1.306664544860603,2.5908346661535755,57.81674992607346,55.39459379461875,2.422156131454713,81.20349950079417,82.1656072133197,83.0472820302157,-17.8343927866803,18.096708705285636
2020-04-03,61.0,63.88999938964844,60.59999847412109,63.400001525878906,4136300.0,-1,3.6286387865795966,2.0935590460757028,58.675711710658916,55.98758695989728,2.688124750761638,82.63763373364965,87.89535962420838,84.98065522733113,-12.104640375791613,18.195380774210037
2020-04-06,64.76000213623047,65.0,62.150001525878906,63.310001373291016,2975300.0,1,-0.14195607322052828,2.1776247647992193,59.38867935106386,56.52998802755607,2.8586913235077844,79.26005449684463,85.82222832573785,85.29439838775534,-14.177771674262154,9.09874669147479
2020-04-07,62.84000015258789,63.650001525878906,61.59999847412109,62.36000061035156,2827100.0,-1,-1.5005540077909996,2.1969964884607154,59.845805698646586,56.96184081146684,2.8839648871797436,73.66990765321601,76.88184514775348,83.53314436589993,-23.118154852246523,0.35404123409079613
2020-04-08,62.43000030517578,65.0199966430664,62.06999969482422,64.93000030517578,2621600.0,1,4.121231028977257,2.7166806891241535,60.627989484266465,57.552074848037876,3.075914636228589,74.59246992843207,89.46945031158008,84.0578412616905,-10.53054968841992,9.808894186183426
2020-04-09,64.18000030517578,66.41999816894531,62.02000045776367,62.59000015258789,4588600.0,-1,-3.6038813207911913,3.322568969766394,60.92983727939284,57.925254500226764,3.0045827791660784,66.45825894626523,72.09136105746362,79.48088550559909,-27.908638942536385,3.369117987170389
2020-04-13,64.01000213623047,64.04000091552734,61.880001068115234,62.16999816894531,2649700.0,1,-0.6710368790839749,2.8306070552582963,61.12063126240091,58.239679957168875,2.8809513052320384,58.91472689923284,50.400892805253356,70.65390139143237,-49.599107194746644,6.03785951959539
2020-04-14,63.34999847412109,66.58000183105469,63.25,66.4800033569336,3513000.0,1,6.932612698935525,4.3348395657807615,61.94515004617517,58.850074283077376,3.095075763097796,59.265591145995366,98.86494371698674,73.78573252656793,-1.1350562830132553,12.984369790165061
2020-04-15,65.94999694824219,70.0999984741211,65.5250015258789,69.95999908447266,4389100.0,-1,5.234650348699343,4.388059887324942,63.178203744374784,59.67303167577332,3.5051720686014605,72.66638041803903,98.86456275611148,82.71013309278389,-1.1354372438885167,14.952346997796928
2020-04-16,70.69999694824219,73.5999984741211,69.95999908447266,70.37000274658203,3440200.0,1,0.5860544132002099,4.32630740769774,64.28463436009898,60.46539990324063,3.8192344568583465,71.45978972156222,79.59572879161797,92.44174508823876,-20.40427120838202,13.518310761759755
2020-04-17,70.41000366210938,70.41000366210938,67.80000305175781,68.0,2563600.0,1,-3.367916234303603,4.254740413355901,64.85622907392991,61.02351842892651,3.8327106450034023,70.08142648994257,64.62413660232608,81.0281427166852,-35.375863397673925,11.14743324747458
2020-04-20,68.33999633789062,70.83000183105469,67.11000061035156,70.51000213623047,3187900.0,1,3.6911796121036344,4.079657347315934,65.72604031428385,61.72622092576384,3.9998193885200095,72.76627887160642,79.81713369930513,74.67899969774976,-20.18286630069487,11.214511733803922
2020-04-21,70.77999877929688,71.42500305175781,64.27999877929688,65.18000030517578,5615100.0,1,-7.55921382721948,5.231008993322481,65.64203415903646,61.98205643534991,3.659977723686545,57.463712945129025,41.527781199526444,61.98968383371923,-58.472218800473556,2.9537180403121477
2020-04-22,67.0999984741211,68.36000061035156,66.38999938964844,66.91000366210938,1814300.0,1,2.6541935391740434,4.645009574946211,65.83710639027845,62.34708956325802,3.4900168270204333,58.32768898848476,52.077397917218875,57.807437605350174,-47.922602082781125,7.296348632495886
2020-04-23,66.0,66.80000305175781,64.86000061035156,66.23999786376953,3402100.0,-1,-1.0013537014933127,4.580464172276309,65.89908969389246,62.63545314107368,3.263636552818781,58.60543087878096,43.38461068960339,45.66326326878292,-56.6153893103966,2.017553599933253
2020-04-24,66.5999984741211,68.0999984741211,66.05999755859375,67.5,2607400.0,1,1.9021771993740222,4.539070811861989,66.14538358713978,62.995789945438595,3.1495936417011805,57.2081484221734,49.16667938232425,48.209562663048864,-50.83332061767575,7.844703363863315
2020-04-27,68.50499725341797,71.26000213623047,68.19999694824219,70.47000122070312,2615600.0,1,4.400001808449083,4.694042180098831,66.81070937691875,63.54943522508782,3.261274151830932,61.43038603558895,73.91668955485028,55.489326542259334,-26.083310445149724,13.350495892251391
2020-04-28,71.0,71.19999694824219,66.26000213623047,66.72000122070312,3035700.0,1,-5.321413275211217,3.806442242326832,66.7967542759625,63.78429196550377,3.01246231045873,56.38921063105688,41.29693876986401,54.793435902346204,-58.70306123013599,0.36100759875261623
2020-04-29,66.70999908447266,68.06999969482422,64.9000015258789,66.62999725341797,2567500.0,-1,-0.13489803003364775,3.6163450054093897,66.77109934941718,63.99508494979371,2.7760143996234774,52.68646545724963,40.52898666059961,51.914204995104654,-59.47101333940039,-4.759865458308399
2020-04-30,66.97000122070312,69.0,66.2699966430664,67.08000183105469,1828400.0,1,0.6753783523736123,3.5814532226174856,66.81862280813064,64.2235973113686,2.595025496762048,57.54621259982154,44.36861701244692,42.0648474809702,-55.63138298755308,-4.675288883212591
2020-05-01,66.2300033569336,67.75,65.51000213623047,66.8499984741211,1794000.0,-1,-0.34287917509733257,3.4700351010580017,66.82344983366764,64.41814554564655,2.4053042880210853,57.91609379601408,34.782599080786824,39.89340091794447,-65.21740091921318,-1.6911787145278079
2020-05-04,66.61000061035156,69.0999984741211,66.0,69.08000183105469,2026200.0,-1,3.335831574920478,3.138380799723507,67.1706116794195,64.76346823345456,2.407143445964934,54.730704638127555,51.50218035332611,43.551132148853306,-48.49781964667389,-2.0280814946125214
2020-05-05,70.0,71.66999816894531,69.66000366210938,71.2300033569336,2501300.0,1,3.1123356527074986,1.7729253776556855,67.79513347596013,65.24247083519376,2.5526626407663713,52.42830276425819,74.57086700867967,53.61854881426422,-25.429132991320337,9.281992978569221
2020-05-06,71.83999633789062,73.0999984741211,70.30000305175781,72.54000091552734,3089400.0,1,1.8391092192279634,1.5740333475735042,68.5251130820474,65.78302861892217,2.7420844631252237,54.01108221064323,93.65082111145232,73.24128949115271,-6.34917888854769,8.414283283930214
2020-05-07,73.5,75.1500015258789,73.11000061035156,74.87999725341797,2773400.0,1,3.225801362500036,1.562483702704132,69.50278756995056,66.45687814740334,3.0459094225472114,62.731292260577156,97.51606067858779,88.57924959957329,-2.4839393214122025,13.043477760095378
2020-05-08,75.1500015258789,75.55000305175781,73.0009994506836,74.0199966430664,2091400.0,1,-1.1485051307374428,1.8997837597450695,70.19774281196838,67.01710914708208,3.180633664886301,56.917601419420805,86.42408315292225,92.53032164765413,-13.575916847077746,9.6592542860243
2020-05-11,73.98999786376953,77.5,73.66000366210938,76.95999908447266,2408900.0,-1,3.9719029650640225,2.0228070582341435,71.23808993081519,67.75361951281472,3.4844704180004697,75.63095153514,95.72784065187868,93.22266149446291,-4.272159348121322,9.209589543561503
2020-05-12,77.5,78.76000213623047,75.72000122070312,76.44999694824219,2006800.0,1,-0.6626846963325494,2.284754786006738,72.03992177965011,68.39779561914268,3.6421261605074307,71.92091524579875,83.38125946470198,88.51106108983431,-16.61874053529802,14.583326662949547
2020-05-13,76.94999694824219,78.19499969482422,73.26499938964844,75.16000366210938,2089200.0,1,-1.6873686561507117,2.648136119164324,72.51993437695154,68.8986999186217,3.6212344583298375,69.92850940872907,74.02598617901663,84.37836209853245,-25.974013820983366,12.802051268663138
2020-05-14,73.72000122070312,75.88999938964844,73.20999908447266,75.62000274658203,2596200.0,-1,0.6120264263698605,2.2649730424788816,72.9968679722793,69.39657420217432,3.600293770104983,68.81371452006074,77.34488274622962,78.2507094633161,-22.655117253770385,12.73106839954461
2020-05-15,75.4800033569336,78.30999755859375,75.4800033569336,76.38999938964844,1856000.0,-1,1.0182446642415854,2.142342052614569,73.5188881903361,69.91460569754278,3.604282492793317,65.27346923992668,82.90041383683665,78.09042758736098,-17.099586163163348,14.270757117848643
2020-05-18,77.87000274658203,77.87000274658203,73.5,73.80999755859375,2361300.0,1,-3.3774078435250043,1.785164762766805,73.56367424699113,70.20315324280581,3.3605210041853155,69.4673084126089,64.28568283078047,74.8436598046156,-35.71431716921952,6.84712739166824
2020-05-19,75.0,76.01000213623047,74.26000213623047,75.23999786376953,1644500.0,1,1.9374073329843755,2.1777730546430454,73.82157018803396,70.57625284435868,3.245317343675282,72.02045848166097,73.43393001916273,73.5400088955933,-26.566069980837263,5.629642451007411
2020-05-20,76.83000183105469,77.77999877929688,75.95999908447266,77.05999755859375,1517600.0,1,2.4189257662121877,2.294637782199603,74.3197897835047,71.05653023059833,3.2632595529063764,73.8527643428618,87.16977677255306,74.96312987416543,-12.830223227446934,6.231040234380392
2020-05-21,77.62999725341797,77.6500015258789,74.16000366210938,75.62999725341797,1638600.0,1,-1.8556973144055133,2.524285274943084,74.52136016349135,71.395305565622,3.1260545978693557,69.84629456919436,75.47018527586893,78.6912973558616,-24.529814724131064,1.0016026008411227
2020-05-22,76.66999816894531,77.13999938964844,75.0999984741211,76.94000244140625,1330600.0,1,1.7321238074341938,2.6129089566048176,74.89345897547825,71.80602385271713,3.0874351227611214,68.53773995708825,80.0,80.879987349474,-20.0,3.944887774611061
2020-05-26,79.0,80.0,76.30000305175781,76.5199966430664,2485100.0,1,-0.5458874252827095,1.845806209311128,75.14369553972259,72.15520702237264,2.98848851734995,63.584984474751295,64.1236654454388,73.19795024043593,-35.8763345545612,-0.5717287508323565
2020-05-27,76.86000061035156,76.91000366210938,69.83000183105469,74.52999877929688,3720100.0,1,-2.6006246093449703,2.191541359214043,75.04928065350325,72.33111752288555,2.7181631306176968,54.93795958579396,46.21433426206412,63.445999902501,-53.78566573793588,-2.5114430942949295
2020-05-28,74.69999694824219,77.05000305175781,73.78800201416016,75.80000305175781,4293200.0,1,1.7040175677739633,1.994885268526691,75.16477640708086,72.58807200650573,2.5767044005751387,52.41091546691031,58.70208746873598,56.346695725412985,-41.29791253126402,0.851515910677203
2020-05-29,87.08000183105469,98.37999725341795,85.5,98.08999633789062,22768800.0,1,29.406322412563423,13.241290136557646,78.69173331951313,74.47710343846016,4.214629881052971,79.70871195449408,98.98423480901796,67.96688551327271,-1.0157651909820318,29.714351725971365
2020-06-01,96.8000030517578,112.7300033569336,96.5,109.9800033569336,17087800.0,-1,12.12152866035947,13.231222632087842,83.50531332527012,77.1069478768656,6.398365448404519,83.3805092905528,93.58974381774533,83.75868869849978,-6.4102561822546695,43.97172959244311
2020-06-02,108.0500030517578,111.83000183105467,102.25,106.16999816894533,10192100.0,-1,-3.4642708416939394,13.757312349928851,86.99218791660476,79.25976641701965,7.732421499585115,78.16527266837882,84.70861315930019,92.42753059535453,-15.291386840699817,43.8423000687173
2020-06-03,105.54000091552734,108.87999725341795,104.23999786376952,107.41000366210938,3607600.0,-1,1.167943406376315,13.160437761302594,90.1333903389901,81.34496917591518,8.788421163074915,80.59190528959556,87.59906875151276,88.63247524285278,-12.400931248487238,42.75652141376618
2020-06-04,106.51000213623048,107.1999969482422,101.66000366210938,103.0500030517578,3989500.0,-1,-4.059212793686584,14.089778543724842,92.12056152556974,82.95274946301464,9.1678120625551,74.22715855778222,77.4358975270981,83.24785981263703,-22.5641024729019,33.726974197477944
2020-06-05,100.37999725341795,101.0500030517578,96.58999633789062,99.30999755859376,4659200.0,-1,-3.6293113851588954,6.874459127886887,93.22662860757343,84.16439747009457,9.06223113747886,69.23463051751037,68.71793631465404,77.91763419775498,-31.282063685345964,31.310328130556186
2020-06-08,99.23999786376952,102.87999725341795,96.80999755859376,102.73999786376952,4852900.0,-1,3.4538318291187364,3.406335432590544,94.69022387775745,85.54036786962605,9.149856008131394,73.93677440776904,76.71327473697704,74.28903619290975,-23.286725263022955,33.53261580932661
2020-06-09,103.22000122070312,105.9499969482422,102.11000061035156,103.58999633789062,2522500.0,1,0.8273296591345014,3.2643387675754703,96.05941964085486,86.8773773857938,9.182042255061049,73.68419777879562,78.69462309102863,74.70861138088658,-21.30537690897137,35.37637334342079
2020-06-10,105.08999633789062,106.46800231933594,103.40499877929688,105.72000122070312,2310200.0,1,2.056187815534649,3.395780909001126,97.5456629608315,88.2731272994908,9.272535661340711,73.81980334029315,83.6596692613128,79.68918902977285,-16.3403307386872,41.84892385919412
2020-06-11,104.4800033569336,108.97000122070312,102.3000030517578,102.68000030517578,2662600.0,-1,-2.875521074939247,3.0933901088775086,98.33556101380755,89.34030307768968,8.995257936117866,71.8957324078761,76.57342029301498,79.64257088178549,-23.42657970698502,35.461736373630146
2020-06-12,104.80999755859376,106.47000122070312,100.52999877929688,102.47000122070312,2010500.0,1,-0.20451800141071397,2.399467236869314,98.97162873794532,90.3128733105055,8.658755427439829,71.04004178999824,76.08391195501183,78.77233383644655,-23.91608804498817,4.4652921259418665
2020-06-15,101.9499969482422,105.3000030517578,101.1500015258789,104.5199966430664,2664600.0,-1,2.000581046103367,2.0355730267656647,99.82522380027164,91.36525281662112,8.459970983650521,72.47190350765905,80.86245589312018,77.83992938038234,-19.137544106879812,-4.964544960184314
2020-06-16,99.86000061035156,103.8249969482422,98.5500030517578,102.80999755859376,3334300.0,-1,-1.6360496932584567,2.186915634558409,100.28441976309043,92.21301168639688,8.071408076693544,72.79908890148566,74.52620446745296,77.15752410519501,-25.473795532547044,-3.164736430535575
2020-06-17,103.18000030517578,108.37000274658205,103.01000213623048,106.18000030517578,2505700.0,1,3.2778940050663508,2.533316286445119,101.19143215418048,93.24760343593606,7.9438287182444185,73.68994753781354,75.9456399402537,77.11143343360897,-24.054360059746305,-1.145147858669604
2020-06-18,108.91000366210938,115.16999816894533,108.48999786376952,113.0500030517578,5456700.0,1,6.470147604856558,3.1501706004344685,103.01582767688467,94.71444785192286,8.301379824961813,65.35934114653915,88.64490988159916,79.70558476310195,-11.35509011840084,9.704026883897733
2020-06-19,114.8000030517578,114.8000030517578,108.1999969482422,108.56999969482422,3898100.0,1,-3.9628511596611737,4.1056898299928575,103.87031567964459,95.7407850254711,8.129530654173493,48.292561335381635,64.47794497474247,76.35616493219845,-35.52205502525753,9.324340312028468
2020-06-22,110.29000091552734,113.25,109.3499984741211,109.66999816894533,3734300.0,1,1.0131698233518005,4.083040228642795,104.7625745241524,96.77257859165438,7.989995932498019,54.536027021254725,70.39828063521891,74.50704516385353,-29.601719364781086,6.745182450134757
2020-06-23,109.5999984741211,112.0,107.70999908447266,110.30999755859376,4584800.0,-1,0.5835683416922421,3.8334083898924436,105.61602422175876,97.77535036698323,7.840673854775531,53.81778970196759,73.84284105812877,69.57302222269674,-26.157158941871227,6.487114063392552
2020-06-24,111.0,113.6999969482422,107.2300033569336,108.26000213623048,3018800.0,1,-1.8583949485397988,3.9172412719078786,106.02279005475441,98.55199123877932,7.470798815975087,57.303053318700584,62.80949756869536,69.0168730873477,-37.19050243130463,2.4025736721519753
2020-06-25,109.88999938964844,112.4499969482422,108.25,111.61000061035156,2660800.0,1,3.094400894159932,2.731518565930942,106.88236090946165,99.51925119222912,7.363109717232533,67.43197771732315,80.61003572850319,72.4207914517758,-19.38996427149681,8.696922748962677
2020-06-26,112.5999984741211,113.55999755859376,105.61000061035156,106.0,4791300.0,1,-5.026431842731527,3.110409043653794,106.74661307723679,99.9993066594714,6.747306417765387,54.35131101962809,44.82550623939597,62.74834651219819,-55.17449376060402,3.444909473255353
2020-06-29,106.86000061035156,107.0,103.0500030517578,105.38999938964844,2430800.0,1,-0.5754722739165663,3.0043502753531106,106.53790327914626,100.3986172320771,6.139286047069163,52.41805882955826,41.15522471373696,55.53025556054539,-58.84477528626303,0.8323792331845103
2020-06-30,106.23999786376952,110.0,105.52999877929688,109.5,2959000.0,1,3.8998013418294564,3.6670879230359814,106.99361046696993,101.07279373340472,5.9208167335652035,54.821427389762064,65.88447752862628,50.62173616058643,-34.11552247137372,6.507151639210429
2020-07-01,109.3000030517578,111.79499816894533,107.02400207519533,111.51000213623048,2552400.0,-1,1.835618389251592,3.5939379057259124,107.68843995454847,101.84592028176219,5.842519672786281,61.56667835294619,77.97835675096036,61.67268633110789,-22.02164324903963,5.019779445974337
2020-07-02,112.26000213623048,112.9000015258789,109.69200134277344,110.20999908447266,1897000.0,1,-1.1658174395599352,3.3660114258241807,108.07637212838296,102.46548167455556,5.610890453827395,59.857357924882535,70.1564347672804,71.3397563489557,-29.843565232719587,-2.512166201344457
2020-07-06,113.0199966430664,121.45999908447266,112.5,114.77999877929688,5131300.0,1,4.146628920050577,2.4601008211819186,109.10769930544663,103.37766812675862,5.730031178688009,62.278602875101654,70.84242050659057,72.99240400827713,-29.15757949340943,5.719811275608477
2020-07-07,115.9800033569336,116.5500030517578,112.58000183105467,113.83999633789062,2241600.0,1,-0.8189601423621906,2.51639249354799,109.83574500274571,104.15265540165728,5.683089601088426,63.44793483631686,58.69916527380224,66.56600684922442,-41.30083472619776,3.8023144329057734
2020-07-08,115.68000030517578,121.01000213623048,115.41000366210938,120.8499984741211,3072800.0,1,6.157767359218758,3.1577754464960033,111.53024553680345,105.3894956292472,6.1407499075562555,66.42776613766125,96.68657934924276,75.40938837654521,-3.313420650757239,9.554891803826537
2020-07-09,122.0999984741211,128.75,122.0999984741211,127.41000366210938,5372200.0,1,5.428221159136415,3.4931154102252404,113.97328524838898,107.02064437242217,6.952640875966807,66.19305012927296,94.78600584821362,83.39058349041956,-5.213994151786374,17.68889815998822
2020-07-10,126.51000213623048,127.0,123.13999938964844,125.48999786376952,2757000.0,-1,-1.5069505872016942,3.5906773050157437,115.74508718921675,108.3887446310405,7.356342558176252,70.24891393468813,87.31516527882913,92.92925015876186,-12.684834721170878,12.43615910537914
2020-07-13,126.11000061035156,129.0,118.58200073242188,119.91000366210938,3936500.0,1,-4.446564902899841,4.622316458361919,116.38584356966176,109.24217122593448,7.143672343727275,61.06788081654623,64.97110825862211,82.3574264618883,-35.02889174137788,13.122644964254127
2020-07-14,119.0,123.25,115.68000030517578,122.43000030517578,3197900.0,-1,2.101573318409211,4.52437949184494,117.31571383666392,110.21904745402642,7.096666382637494,62.588285188437595,74.68207912344569,75.65611755363233,-25.31792087655431,16.16851789943272
2020-07-15,122.5,123.7699966430664,119.2300033569336,119.83999633789062,2389500.0,1,-2.1154978035033634,3.88401256574381,117.7040649906988,110.93171033431265,6.772354656386142,61.893991885072616,64.70133048424171,68.11817262210319,-35.298669515758284,9.44291903003711
2020-07-16,118.75,119.5,113.80999755859376,117.1500015258789,2316500.0,-1,-2.2446552855586166,2.370946884363453,117.61882445764958,111.3923244966509,6.22649996099868,55.768429344468025,54.33526062543993,64.57289007770913,-45.66473937456007,5.057841701731913
2020-07-17,118.25,120.98999786376952,115.67400360107422,120.30999755859376,1860900.0,1,2.697393078579524,3.0726972274750337,118.03285108856407,112.05289287160963,5.979958216954444,65.70111395504267,66.51251073848438,61.84970061605535,-33.48748926151561,9.164321348355852
2020-07-20,121.1999969482422,128.1300048828125,121.1999969482422,127.5999984741211,2053000.0,1,6.05934757165707,3.5169881351586856,119.5047199171113,113.2045303236475,6.300189593463799,71.25358453725647,94.03493202785201,71.62756779725879,-5.965067972147998,11.1691930921475
2020-07-21,127.4499969482422,127.61000061035156,124.78500366210938,125.47000122070312,1555200.0,-1,-1.669276864333158,3.701495347981201,120.42245550227926,114.1130837234294,6.309371778849865,65.8842250481485,83.9370262439254,81.49482300342062,-16.06297375607461,10.216097379600452
2020-07-22,126.58999633789062,128.35000610351562,123.70999908447266,125.11000061035156,1186500.0,1,-0.2869216600375424,3.454985096710302,121.14361628813654,114.9276701594977,6.215946128638848,63.98601162674466,79.85291247059158,85.94162358078968,-20.147087529408417,3.525032842381637
2020-07-23,125.26000213623048,129.3000030517578,121.83000183105467,123.45999908447266,2186900.0,1,-1.318840634505114,3.263049266960905,121.49998287218824,115.55969452431066,5.940288347877583,63.52869069809036,65.23807793788403,76.34267221746701,-34.76192206211598,-3.100231115377805
2020-07-24,121.23999786376952,124.81999969482422,118.52999877929688,121.72000122070312,1567700.0,-1,-1.4093616367022666,3.276127569164668,121.53383184888284,116.01601353885825,5.5178183100245946,57.52059225532115,54.66506412888934,66.585351512455,-45.33493587111066,-3.0042208201796705
2020-07-27,123.68000030517578,125.58000183105467,122.30999755859376,124.87000274658205,4151900.0,1,2.5879078986922766,1.7615803224521247,122.04708891006733,116.67186459128223,5.375224318785101,61.406418569583956,71.40091198075568,63.76801801584304,-28.599088019244324,4.136434770237596
2020-07-28,124.58999633789062,126.48999786376952,121.4499969482422,124.37999725341795,3422900.0,-1,-0.39241249490362673,1.622102151137157,122.40599788596742,117.24283738107006,5.163160504897363,54.21945807408043,68.23754645851402,64.76784085605304,-31.762453541485986,1.5927443791403206
2020-07-29,126.26000213623048,131.30999755859375,126.0,126.97000122070312,2966400.0,1,2.0823315842403156,1.8995218592206562,123.10815224515753,117.9633680358577,5.144784209299829,49.41890856535546,75.20002092633926,71.612826455203,-24.799979073660733,5.949603722207519
2020-07-30,127.36000061035156,129.94000244140625,126.18399810791016,129.2899932861328,1300600.0,1,1.8271970096282786,1.739429491124897,124.05920471299989,118.80237731365585,5.256827399344033,54.966017676033,88.45711844308035,77.29822860931124,-11.542881556919653,10.362775588673067
2020-07-31,131.00999450683594,131.35000610351562,126.9000015258789,129.85000610351562,1672200.0,1,0.4331447493723939,1.2413795610098148,124.95009723461769,119.6207201869788,5.329377047638886,64.95186642410519,91.4481227522875,85.03508737390239,-8.551877247712495,7.929522681833356
2020-08-03,131.0500030517578,133.125,130.25999450683594,132.5800018310547,1767000.0,1,2.102422486882838,1.1302146788160408,126.1239287109926,120.58066697542885,5.543261735563746,65.17189856031405,97.17836862512127,92.3612032734964,-2.8216313748787374,3.9028239941112597
2020-08-04,132.47999572753906,132.97999572753906,130.32000732421875,132.49000549316406,1186900.0,-1,-0.06788077888647548,1.018992377814421,127.10332513901898,121.46284019896478,5.640484940054193,70.43620420452396,96.71242854479439,95.11297330740108,-3.287571455205607,5.594966290079717
2020-08-05,132.49000549316406,135.2100067138672,131.3300018310547,134.52999877929688,1286400.0,0,1.5397337169240854,0.9371872520803601,128.24589031444634,122.43077787158198,5.815112442864361,78.67986778735686,96.51920645874071,96.80333454288547,-3.480793541259295,7.529372650459321
2020-08-06,135.85000610351562,135.85000610351562,130.7100067138672,132.27999877929688,1570300.0,1,-1.6724894227429843,1.4739422438409255,128.8665223859618,123.16034979067197,5.706172595289814,70.36407191100366,79.38795719083345,90.87319739812285,-20.612042809166546,7.144014061420401
2020-08-07,131.3300018310547,131.7899932861328,125.1999969482422,125.8499984741211,2425800.0,-1,-4.860901394400486,2.8049010003429453,128.40244178414014,123.35958302648302,5.042858757657115,46.93305279551939,42.263259811608656,72.72347448706095,-57.736740188391344,3.393030900426508
2020-08-10,125.8499984741211,126.5,118.66000366210938,122.38999938964844,3014200.0,0,-2.749304033709743,2.457528908620423,127.47745064652602,123.28776201634713,4.1896886301788925,44.84259583372725,22.286368233540426,47.979195078660865,-77.71363176645957,-1.9860681527865909
2020-08-11,119.5,121.4800033569336,116.87999725341795,117.51000213623048,2547600.0,-1,-3.987251636370792,2.486645989506629,125.94399702955748,122.85977980300515,3.084217226552326,38.947063581621585,3.3210574006099356,22.623561815253026,-96.67894259939007,-5.523392240627089
2020-08-12,118.95999908447266,122.12000274658205,117.5,119.33999633789062,1949800.0,1,1.5573093084779277,2.493515082311978,124.92799692314719,122.59905510188555,2.328941821261637,44.03934614127144,12.96783308806946,12.858419574073293,-87.03216691193055,-6.009297321774298
2020-08-13,121.0,124.29000091552734,120.94000244140624,122.06999969482422,2024000.0,1,2.287584582459723,3.268142400501479,124.48830504186674,122.5598658124736,1.9284392293931347,50.492262333599236,27.358987981597817,14.549292823425757,-72.64101201840218,-5.5843406034757574
2020-08-14,124.1999969482422,126.20999908447266,120.83000183105467,122.88999938964844,3389000.0,1,0.6717454713477622,2.764992770390509,124.24241186460239,122.5843201515236,1.6580917130787896,47.01986192217141,31.681599010954276,24.002806693540535,-68.31840098904571,-5.360035723308876
2020-08-17,124.63999938964844,125.93000030517578,122.1500015258789,124.48999786376952,1575200.0,1,1.3019761429471144,2.5016012995162913,124.2805020183204,122.72548146354181,1.5550205547785936,50.16021068071205,40.115957090406845,33.05218136098633,-59.88404290959315,-6.1019790734308295
2020-08-18,125.70999908447266,128.09800720214844,125.01000213623048,127.97000122070312,1829200.0,1,2.7954079979516155,0.8334664137788247,124.84811728022544,123.11396440851672,1.7341528717087158,51.41964849316149,58.46072110413418,43.41942573516511,-41.53927889586582,-3.411581315614143
2020-08-19,129.1300048828125,131.47000122070312,127.7750015258789,128.25999450683594,1738000.0,1,0.22661036443429872,1.0765363303800155,125.37302146893475,123.49515182320704,1.8778696457277135,48.44832904931592,59.98941457193569,52.855364255492255,-40.0105854280643,-4.660673700552986
2020-08-20,129.0,137.02999877929688,129.0,136.4199981689453,3133600.0,1,6.362080158731387,2.484355564719422,127.07255634585945,124.45254784881729,2.620008497042164,58.05343908376889,96.97270191484536,71.8076125303051,-3.027298085154636,3.1297243935992425
2020-08-21,136.4199981689453,138.8000030517578,135.0,135.22000122070312,2136700.0,0,-0.8796341917231887,2.809687051921538,128.3260094035277,125.2501369874755,3.0758724160522064,53.36220171305844,83.66787917854555,80.20999855510888,-16.332120821454453,7.445373746674155
2020-08-24,137.02000427246094,137.5,132.7899932861328,135.74000549316406,1661800.0,1,0.38456165342892756,2.892248669732623,129.46662418654867,126.02716428419318,3.4394599023554946,54.09423160688672,86.0401608158995,88.89358063643016,-13.959839184100504,10.907758942798672
2020-08-25,135.61000061035156,136.55999755859375,134.22000122070312,135.6300048828125,1195800.0,-1,-0.0810377235155646,2.925124057741511,130.41483660135847,126.73848581001683,3.6763507913416476,51.45657609049239,85.5383333466755,85.0821244470402,-14.461666653324501,15.41996631535698
2020-08-26,137.5,142.24000549316406,137.02000427246094,140.0,2228500.0,1,3.2219973161272675,2.981478118238988,131.8894771242264,127.72082019446002,4.168656929766385,59.679041160096816,91.16717363816404,87.58188926691304,-8.832826361835947,17.3118856176383
2020-08-27,141.99000549316406,142.24000549316406,137.67999267578125,138.75999450683594,1906400.0,1,-0.885718209402897,1.6936894393783415,132.94647979847403,128.53853681019157,4.407942988282457,68.60766498045808,86.27756366074838,87.66102354852933,-13.72243633925162,13.672478785726883
2020-08-28,139.52000427246094,143.5500030517578,139.44000244140625,141.1300048828125,2135000.0,1,1.7079925553469266,1.6168481295953714,134.20548365760303,129.47123814890423,4.734245508698791,77.88690787053649,90.92614307157011,89.4569601234942,-9.073856928429882,14.842546654533152
2020-08-31,141.99000549316406,146.92999267578125,141.77000427246094,143.33999633789062,5861100.0,1,1.5659260104987638,1.6145720373572192,135.6107933007242,130.49855357031063,5.112239730413563,91.75556732428774,87.8015724385656,88.33509305696138,-12.1984275614344,15.141777490227625
2020-09-01,147.60000610351562,159.80999755859375,146.21499633789062,159.36000061035156,4511200.0,1,11.17622762784054,4.612113816004803,139.26451750220534,132.63643853623958,6.628078965965756,94.34839879133645,98.84556952907958,92.52442834640512,-1.1544304709204163,24.529185817160194
2020-09-02,162.99000549316406,163.8000030517578,152.8300018310547,158.52000427246094,3489200.0,1,-0.5271061337057126,4.933188934257731,142.22690008224467,134.5537397018856,7.6731603803590644,92.15822547674006,87.71236064858907,91.45316753874476,-12.287639351410927,23.592710947771177
2020-09-03,150.80999755859375,153.0500030517578,140.57000732421875,143.4499969482422,4213300.0,-1,-9.50669121754295,7.365996507449993,142.41506883085967,135.21272172013423,7.202347110725441,67.88447601678786,51.140443318180175,79.23279116528296,-48.859556681819825,5.153202516973199
2020-09-04,140.0,143.0,127.5,134.33999633789062,4313300.0,-1,-6.350645384564569,7.995196211915896,141.1727499857875,135.1480753955236,6.024674590263913,57.57808623268464,24.052575358216657,54.30179310832866,-75.94742464178334,-0.6507949082001363
2020-09-08,130.11000061035156,137.3699951171875,129.00100708007812,133.1699981689453,2558100.0,-1,-0.8709231806159567,7.89400250652154,139.941557398581,135.0015511565178,4.94000624206322,54.14805064612492,15.619828353349808,30.270949009915565,-84.3801716466502,-1.8933307943236999
2020-09-09,137.0,139.58999633789062,132.07000732421875,134.19000244140625,4560200.0,1,0.7659414931934672,4.4144837064485545,139.0567027897849,134.9414364368799,4.115266352904996,54.675923486135346,18.429757242354526,19.36738698464035,-81.57024275764547,-1.061713772443229
2020-09-10,140.0,146.0,131.0399932861328,132.61000061035156,5889800.0,1,-1.1774363233539642,4.321029012900378,138.06490245448745,134.7687374867667,3.296164967720756,46.64790039340438,14.077135484163858,16.042240359956082,-85.92286451583614,-5.278570992606024
2020-09-11,135.47999572753906,135.9600067138672,126.86000061035156,128.5,2401000.0,1,-3.099314223237204,2.7217269076077,136.59337899995091,134.30438656182102,2.2889924381298954,44.37562865218504,4.439629889710439,12.315507538742958,-95.56037011028957,-7.394058023208183
2020-09-14,130.75,130.89999389648438,125.77999877929688,130.10000610351562,2163500.0,1,1.2451409365880295,1.7262686252430162,135.59439855434547,133.99295097231692,1.6014475820285554,45.36336953677474,11.362458807896202,9.959741393923517,-88.6375411921038,-7.815488129866965
2020-09-15,131.14999389648438,132.75,127.48999786376952,132.63999938964844,1818900.0,1,1.9523390983639421,2.056765677776467,135.13987560593054,133.8927323365637,1.2471432693668305,47.63635986415942,18.043134769767693,11.281741155791465,-81.95686523023231,-7.464767142186501
2020-09-16,133.0,135.10000610351562,129.27000427246094,131.05999755859375,2221200.0,1,-1.1911955958422538,2.0458526667010597,134.5122020601864,133.68290013078817,0.8293019293982411,42.60668277175828,13.88742289837495,14.431005492012966,-86.11257710162505,-17.758535983539346
2020-09-17,127.0,128.45799255371094,124.0,127.20999908447266,2718500.0,-1,-2.9375847290092127,2.3327522842282753,133.3887862177689,133.20342597920924,0.18536023855966732,40.843513014181084,8.065323714418366,13.331960460853688,-91.93467628558163,-19.751453661440287
2020-09-18,128.22999572753906,130.17999267578125,125.55999755859376,129.10000610351562,3113000.0,1,1.4857377821282158,2.0950114239136997,132.72897389249917,132.89946895138007,-0.17049505888090266,40.38984138809853,12.814084704675361,11.588943772489579,-87.18591529532463,-10.003479365638569
2020-09-21,127.69000244140624,135.0,126.51000213623048,134.92999267578125,2541000.0,-1,4.515868548906954,2.8954311784043183,133.06759216685026,133.04987811615052,0.017714050699737527,43.64899349847977,27.462291049494063,16.113899822862617,-72.53770895050593,0.4391814455664278
2020-09-22,135.0500030517578,138.0,130.2550048828125,137.99000549316406,2328100.0,1,2.2678522074299767,2.930995859640481,133.8248865247447,133.41581347741078,0.40907304733391925,29.93428263510185,35.15076487549711,25.14238020988886,-64.8492351245029,3.6194393560806892
2020-09-23,137.0,140.50999450683594,134.89999389648438,135.61000061035156,2042700.0,-1,-1.7247661338272824,3.0309081247534237,134.0995194609919,133.57834585762862,0.5211736033632803,29.092905905474638,39.965574494661,34.19287680655074,-60.034425505339,1.058199674424598
2020-09-24,134.97000122070312,136.35000610351562,131.4199981689453,134.55999755859375,1718100.0,-1,-0.7742814298591361,2.4828632930775862,134.17036224523832,133.65106079844085,0.5193014467974706,39.09738149274824,47.99998890269887,41.03877609095235,-52.00001109730113,1.470475031496199
2020-09-25,135.0399932861328,139.13999938964844,134.86500549316406,138.27000427246094,1710500.0,1,2.757139403374076,2.5881916996672714,134.8010764032726,133.99320475947937,0.8078716437932201,55.55556274563095,64.86365578391336,50.94307306042443,-35.13634421608665,7.603116165339241
2020-09-28,139.0800018310547,139.9499969482422,136.10000610351562,138.4199981689453,1733800.0,1,0.1084789844866263,1.9328109078225435,135.35783359799146,134.32111538240278,1.036718215588678,57.641916644863116,65.54544622247869,59.46969696969699,-34.454553777521305,6.395074308305393
2020-09-29,138.7899932861328,141.41900634765625,138.49000549316406,140.49000549316406,2122300.0,1,1.4954539456735416,1.7840172773589382,136.1473985049411,134.77807020542213,1.369328299518969,58.89830325830957,74.95457042347302,68.4545574766217,-25.04542957652699,5.918279658955017
2020-09-30,139.47000122070312,142.3000030517578,138.72000122070312,140.69000244140625,1946200.0,-1,0.14235670896312058,1.3864015169843815,136.84626064901266,135.2159911117913,1.630269537221352,61.87536330429291,91.20218392424304,77.2340668567316,-8.797816075756957,7.347783505418692
2020-10-01,142.1999969482422,146.4499969482422,141.0,144.2949981689453,3491100.0,1,2.562368089403111,1.269927726259204,137.99222026746384,135.888510153062,2.1037101144018493,73.56406275609623,90.40089500116565,85.51921644962727,-9.59910499883435,13.43054728986164
2020-10-02,141.4199981689453,145.55999755859375,140.61000061035156,142.0500030517578,1924700.0,-1,-1.5558371015459538,1.5603822174042214,138.6164945419706,136.34491703444687,2.2715775075237445,67.49121145659777,80.40091539153242,87.33466477231373,-19.599084608467574,10.030980895429664
2020-10-05,143.00999450683594,145.7100067138672,141.5,145.30999755859375,1636600.0,1,2.2949626447020366,1.705177074428877,139.64626423683572,137.00899707327255,2.637267163563166,68.16226547489474,94.92205102621318,88.57462047297044,-5.077948973786824,7.692881824839537
2020-10-06,145.0,148.33999633789062,144.1060028076172,145.50999450683594,1985400.0,-1,0.137634678688614,1.712236446878882,140.54837658606652,137.63870058686985,2.909675999196679,71.56715962424207,88.37303920769635,87.898668541814,-11.62696079230365,5.449662087334595
2020-10-07,147.16000366210938,149.4499969482422,146.0,147.67999267578125,1830100.0,1,1.4913052373480618,1.7054553990805315,141.6455482921765,138.38250000086327,3.2630482913132255,82.1652950779855,92.59102420392743,91.96203814594567,-7.408975796072575,8.900517669128561
2020-10-08,149.35000610351562,150.41099548339844,146.9600067138672,147.66000366210938,1524000.0,1,-0.013535356624616579,1.4850789581654724,142.57084911832,139.0697224942889,3.501126624031116,80.98498982576949,88.49005235334694,89.81803858832359,-11.50994764665306,9.735438719676903
2020-10-09,148.0,152.72999572753906,147.7050018310547,151.9600067138672,1641700.0,1,2.9120973487157142,1.2923890489757324,144.01533490225034,140.0245583624058,3.9907765398445463,79.96132149067964,96.57401856582939,92.55169837436794,-3.4259814341706036,9.900919952551757
2020-10-12,153.0,155.50999450683594,150.86000061035156,151.14999389648438,1798100.0,1,-0.5330434203704826,1.3978934469329827,145.11297474751711,140.84866469826346,4.264310049253652,75.14327345069638,81.90119853404123,88.98842315107254,-18.098801465958772,9.196644918317197
2020-10-13,153.10000610351562,155.13999938964844,152.11000061035156,154.4199981689453,1764800.0,1,2.1634167413201455,1.450890546606921,146.5448245046599,141.8539486590547,4.6908758456052055,84.75609618564073,95.47531546870269,91.31684418952445,-4.524684531297308,9.915290861355297
2020-10-14,155.52000427246094,157.4499969482422,152.7100067138672,155.08999633789062,2904100.0,1,0.4338804409337538,1.4754105915258042,147.85946632515694,142.83439663526477,5.025069689892177,88.47452101801544,89.55058001662016,88.9756980064547,-10.449419983379839,10.235264515317354
2020-10-15,152.41000366210938,155.25,149.69000244140625,154.97000122070312,1871700.0,-1,-0.07737128120505199,1.4865275082755758,148.9533947706256,143.7333303082602,5.2200644623654,86.16286408167986,88.38408997186235,91.13666181906176,-11.615910028137648,7.398040948903284
2020-10-16,155.66000366210938,156.7100067138672,152.50999450683594,154.85000610351562,1710000.0,1,-0.077431190709365,1.0530361556407632,149.86056574491639,144.5567877745754,5.303777970340974,85.62450248435245,86.28696193831776,88.07387730893345,-13.713038061682234,9.010913605608284
2020-10-19,156.0,158.73599243164062,152.3699951171875,153.1699981689453,2135700.0,1,-1.084925972458306,1.1925887732365512,150.36970919476698,145.19480335934355,5.174905835423431,77.96648044692738,72.19226265620141,82.28777152212719,-27.8077373437986,5.409125829199857
2020-10-20,153.0,155.2899932861328,150.50999450683594,150.8000030517578,1097400.0,-1,-1.547297215851251,0.8160834358012963,150.43590824968865,145.6100033365594,4.82590491312925,70.35025827547295,56.21762683042836,71.5656171416492,-43.78237316957164,3.635494979469156
2020-10-21,151.97000122070312,151.97000122070312,145.4499969482422,146.85000610351562,1369100.0,1,-2.6193613185050535,1.0721968835610602,149.88423099643126,145.70185539337098,4.1823756030602794,55.072483085664366,34.425732697480015,54.27854072803661,-65.57426730251998,-0.5620169375873285
2020-10-22,147.7899932861328,150.77999877929688,144.8000030517578,146.5800018310547,1088200.0,1,-0.18386398450035424,1.0480553221528977,149.3758880479118,145.76690327764385,3.608984770267938,59.7587256506847,29.47321920221534,40.03885957670792,-70.52678079778465,-0.7314112178447796
2020-10-23,145.6999969482422,147.0500030517578,143.17999267578125,147.0500030517578,972300.0,-1,0.32064484570333285,1.1550565540284623,149.01805958696502,145.861947705356,3.1561118816090357,54.26054272573407,24.877927723795903,29.592293207830437,-75.1220722762041,-3.231115718068278
2020-10-26,148.27000427246094,154.60000610351562,147.25999450683594,149.0,2071300.0,1,1.3260774619337168,1.556291729685067,149.01528118897042,146.09439602347777,2.920885165492649,57.871009881391636,37.41326443532867,30.588137120446657,-62.58673556467133,-1.422424070990569
2020-10-27,151.5399932861328,154.5800018310547,147.9510040283203,148.63999938964844,1596100.0,1,-0.24161114788695537,1.4511706954275656,148.95754552753627,146.2829592357867,2.674586291749563,52.357580267898165,35.09904088170613,32.463411013610255,-64.90095911829387,-3.7430377203949927
2020-10-28,147.49000549316406,147.8000030517578,142.3000030517578,144.05999755859375,1471500.0,-1,-3.081271427517007,1.6397996851698602,148.2040766092374,146.1182954078465,2.0857812013909154,42.77687768115516,10.708175006429009,27.740160107821286,-89.291824993571,-7.111998865011316
2020-10-29,145.3800048828125,146.60000610351562,140.92999267578125,142.55999755859375,1311600.0,1,-1.0412328373044066,1.659911509156737,147.33575675529224,145.8547177893833,1.4810389659089367,28.752249670094372,9.154245227236501,18.32048703845723,-90.8457547727635,-8.00800384871615
2020-10-30,140.75999450683594,141.38400268554688,133.80999755859375,135.75,1741300.0,-1,-4.776934396196775,2.39789493525717,145.5533326390934,145.1062201753549,0.447112463738506,22.617360294149563,7.783049187352698,9.215156473672753,-92.2169508126473,-12.334520730175157
2020-11-02,136.75,137.8699951171875,132.7899932861328,134.42999267578125,1355000.0,1,-0.972381085980667,1.867157310399407,143.84204956781463,144.31538850871982,-0.4733389409051938,11.807399900995705,6.320818020732806,7.7527041451073515,-93.6791819792672,-12.234775554736233
2020-11-03,135.02000427246094,136.177001953125,132.8300018310547,134.64999389648438,1041500.0,1,0.16365486326679335,1.9697789511630424,142.42788715684074,143.59943335225793,-1.1715461954171928,10.26438283184602,7.168737653618537,7.090868287234696,-92.83126234638146,-10.709554926023712
2020-11-04,139.99000549316406,145.47999572753906,139.12899780273438,145.35000610351562,2022900.0,1,7.94653746160372,4.681739567355613,142.87744391786765,143.72910540790664,-0.8516614900389925,36.74932470434535,48.40828347732912,20.63261305056017,-51.59171652267088,-1.0214504171982441
2020-11-05,148.5500030517578,151.61000061035156,147.1699981689453,150.07000732421875,1911000.0,1,3.2473347248032525,4.774768139989527,143.98399213422937,144.19880184615198,-0.21480971192261222,44.156484198022405,66.59991754866658,40.725646226538096,-33.400082451333425,2.3809560987634537
2020-11-06,151.0,151.7899932861328,146.4600067138672,150.05999755859375,1225200.0,1,-0.0066700640610872775,3.644257140492914,144.9187621995162,144.63296449151804,0.28579770799817084,46.03619866206608,76.75557454427083,63.9212585234222,-23.244425455729168,2.0469190373131108
2020-11-09,145.6199951171875,146.4499969482422,128.75999450683594,128.77000427246094,3936300.0,-1,-14.187654026730034,8.2673984895386,142.43433790304616,143.45793040121754,-1.0235924981713822,31.05761863277108,0.038737465683979046,47.79807651954048,-99.96126253431602,-13.577178340630248
2020-11-10,132.22999572753906,132.22999572753906,120.33999633789062,127.76000213623048,3787400.0,1,-0.7843458124715319,8.257306935641402,140.1767477850745,142.29512090010738,-2.118373115032881,32.711470990973666,21.657920850287578,32.81741095341415,-78.34207914971242,-14.047360965524923
2020-11-11,133.0399932861328,138.1699981689453,129.8000030517578,135.49000549316406,2463200.0,1,6.050409539513835,7.787856329138214,139.45571050939597,141.79103827737083,-2.33532776797486,41.15207335123222,44.220679617185326,21.97244597771898,-55.779320382814674,-5.948904769309049
2020-11-12,137.6199951171875,140.41000366210938,137.27499389648438,140.05999755859375,1643300.0,1,3.3729366596418453,7.80571269391525,139.5486777477341,141.66281303894291,-2.114135291208811,44.765610717028046,57.55982370001924,41.146141389164065,-42.44017629998076,-1.7536476170129545
2020-11-13,140.0399932861328,140.31700134277344,131.6699981689453,131.9199981689453,2314500.0,-1,-5.811794610551157,8.028914654949626,138.37503473561276,140.94112304857273,-2.5660883129599767,38.2949584106102,33.82009337985243,45.20019889901902,-66.17990662014758,-2.8213641481065865
2020-11-16,128.99000549316406,134.1699981689453,127.0,133.52000427246094,2650800.0,-1,1.212860920045311,4.488399382965728,137.62810697205094,140.39141054663853,-2.7633035745875816,39.8113278164537,41.90781943877732,44.42924550621635,-58.09218056122268,-0.6769236427134451
2020-11-17,135.0800018310547,137.85000610351562,132.5,136.63999938964844,1347400.0,1,2.336724848226357,4.428206490214453,137.4760904209121,140.11352823871331,-2.6374378178012137,44.89964527625868,51.828313619816925,42.51874214614891,-48.171686380183075,1.4779098279751324
2020-11-18,136.99000549316406,139.0,132.92999267578125,135.3800048828125,1272800.0,1,-0.9221271314872381,3.6375877080752823,137.15361572274293,139.76289687901695,-2.6092811562740224,45.04828195542287,47.82197139692408,47.18603481850613,-52.17802860307592,-6.859305677361083
2020-11-19,136.14999389648438,141.5,136.0800018310547,138.5399932861328,1474700.0,1,2.334161832876025,3.4228037453831432,137.36690457864907,139.6723114276922,-2.3054068490431234,52.02613873551302,57.86963025209268,52.50663842294458,-42.13036974790732,-7.683090208142607
2020-11-20,139.99000549316406,144.9600067138672,139.00999450683594,143.00999450683594,1491400.0,1,3.2265060179922367,1.5993125511412727,138.23507225990858,139.91954721133246,-1.68447495142388,55.95833460489909,72.08267207864512,59.258091242553974,-27.917327921354882,-4.698122861827326
2020-11-23,142.38999938964844,144.4199981689453,140.4600067138672,143.0399932861328,1511000.0,-1,0.0209767012440798,1.7592763323481269,138.9742908793277,140.15069136502137,-1.1764004856936765,55.84180453620165,72.17805771364611,67.37678668146133,-27.821942286353888,11.081764805628481
2020-11-24,143.39999389648438,143.61000061035156,138.6750030517578,141.19000244140625,1636300.0,1,-1.293338179222292,2.007230811565974,139.31516958118593,140.22767737067952,-0.9125077894935885,46.69631096338107,66.29573331224434,70.18548770151187,-33.704266687755656,10.511897370552138
2020-11-25,145.11000061035156,149.77999877929688,144.50999450683594,146.94000244140625,2329700.0,1,4.072526312467661,2.2436901602748547,140.48822079045058,140.7248866351778,-0.23666584472721297,47.5543005884854,84.57872395756262,74.35083832781771,-15.42127604243739,8.450805582718711
2020-11-27,150.0,150.39999389648438,146.4290008544922,149.74000549316406,939600.0,1,1.9055417212711312,2.220138807945086,141.91157228317573,141.39267321725083,0.5188990659248987,49.76041313453789,97.8044296176876,82.89296229583154,-2.195570382312392,6.911329504001107
2020-11-30,151.67999267578125,155.75,148.5,155.75,3377400.0,1,4.013619798558321,2.3871288694701294,144.04056116268714,142.45617890486187,1.5843822578252684,76.1941861312636,100.0,94.12771785841676,-0.0,18.06397980731962
2020-12-01,155.50999450683594,157.3300018310547,147.82000732421875,151.67999267578125,2276100.0,-1,-2.61316682132825,3.0586425979261636,145.2158583185478,143.13942436937444,2.0764339491733494,71.92082262138902,81.37155023351028,93.05865995039932,-18.62844976648973,13.600949537316541
2020-12-02,149.0330047607422,149.0330047607422,143.39999389648438,146.7899932861328,2924100.0,-1,-3.2238921583421343,3.5389135694701865,145.45803292894547,143.4098368817269,2.0481960472185676,60.92420165687177,65.24890237846927,82.20681753732653,-34.75109762153074,7.428274254847023
2020-12-03,163.4499969482422,189.6450042724609,163.2899932861328,185.6100006103516,15382800.0,1,26.445949383312684,12.202490377351756,151.63525872608488,146.5357749356991,5.09948379038579,76.49180556568726,93.55893784513137,80.05979681903699,-6.441062154868633,37.10296492529981
2020-12-04,181.72999572753903,183.3699951171875,175.60000610351562,180.75,4358600.0,-1,-2.618393725753021,12.676151441566116,156.1144496913026,149.07016197749917,7.044287713803442,79.52594594265432,85.80093596326691,81.53625872895587,-14.199064036733096,30.467741272867666
2020-12-07,180.0,181.8950042724609,176.5500030517578,178.11000061035156,2135700.0,-1,-1.4605805751858547,12.95137074132153,159.49838060192553,151.22126113548825,8.277119466437284,76.62725829401849,79.81450205671216,86.3914586217035,-20.185497943287846,24.54374341077108
2020-12-08,178.5,189.55999755859372,178.5,184.6000061035156,2852400.0,1,3.6438186912155057,12.53195753227414,163.3601691406317,153.69376076274952,9.666408377882192,77.53157965272672,91.10465108458045,85.57336303485319,-8.895348915419543,29.054820167844532
2020-12-09,183.02999877929688,185.0,173.4499969482422,176.6999969482422,2296000.0,-1,-4.2795281116314925,12.703540000360016,165.41245034180255,155.39792640611932,10.01452393568323,72.03967870923739,75.83308739996973,82.25074684708746,-24.166912600030273,25.150502084290682
2020-12-10,173.0,182.5,172.0749969482422,179.75,2566500.0,-1,1.7260911739863882,3.2316447240702817,167.61822721229447,157.20178370936975,10.416443502924722,72.00683426722708,80.58661166277992,82.50811671577672,-19.413388337220084,22.328839671604772
2020-12-11,181.6000061035156,184.47000122070312,178.24000549316406,181.91000366210935,1851900.0,1,1.2016710220357885,3.082620878060008,169.81696205072754,159.0320222243875,10.784939826340036,71.29872948723497,84.82440567961034,80.41470158078668,-15.175594320389665,21.483903425136376
2020-12-14,182.343994140625,187.42999267578125,181.8000030517578,183.4499969482422,2162500.0,1,0.846568773091394,2.9479513709181857,171.91435203496056,160.84076109282117,11.07359094213939,71.76559098497167,87.84577756356337,84.41893163531789,-12.154222436436633,17.78490975810092
2020-12-15,184.97999572753903,185.0,178.6649932861328,181.2400054931641,1677700.0,1,-1.2046832880033276,2.4658146290318816,173.34906795160725,162.3518162335873,10.997251718019953,71.48835467582164,81.82506888643046,84.83175070986807,-18.174931113569535,19.488406015794002
2020-12-16,180.9199981689453,186.0,179.83999633789062,184.02999877929688,2119700.0,-1,1.5393915259167334,1.1815487851935587,174.9922880789441,163.9576075332695,11.034680545674604,70.55302661079727,87.85813767255434,85.84299470751608,-12.141862327445667,25.36958048671163
2020-12-17,186.0,194.6999969482422,185.80999755859372,187.75999450683597,4202600.0,1,2.0268411412708742,1.2450418594173922,176.9565506063121,165.72074730908926,11.235803297222844,70.85343762961854,86.47173093848691,85.38497916582394,-13.528269061513086,1.1583394695406701
2020-12-18,191.97999572753903,198.16000366210935,190.5200042724609,195.8800048828125,4657200.0,1,4.324675443938042,1.9999983510461619,179.86785126423524,167.9547663886243,11.913084875610934,71.51281037813389,95.83637988916486,90.05541616673538,-4.163620110835137,8.370680433091282
2020-12-21,196.6499938964844,200.3999938964844,194.22000122070312,199.6199951171875,2790400.0,1,1.9093272111221804,1.9685475766576173,182.90664262622792,170.3003388870364,12.606303739191532,75.79083343129344,98.6315810889528,93.64656397220153,-1.3684189110471983,12.076803342386722
2020-12-22,202.22999572753903,208.06500244140625,200.00999450683597,206.77999877929688,3587300.0,1,3.586816870677745,1.20921269397701,186.57946664977698,173.00253591609274,13.576930733684236,81.50404435609951,97.13008732694355,97.19934943502044,-2.869912673056443,12.015163565782183
2020-12-23,208.8300018310547,212.5850067138672,203.1300048828125,207.47000122070312,2297400.0,1,0.33368916020872774,1.5617282176557723,189.79339504530407,175.55568149421202,14.237713551092043,69.14856334014561,87.37347751146575,94.37838197578738,-12.626522488534253,17.413698247812583
2020-12-24,208.0,209.97999572753903,204.0,205.2700042724609,908800.0,1,-1.060392796692522,2.2309636895180485,192.17441184948206,177.75674244074898,14.417669408733076,72.52848685913155,81.94272851641358,88.81543111827432,-18.057271483586423,14.197498899839168
2020-12-28,207.47999572753903,209.4499969482422,197.47000122070312,199.3699951171875,2552900.0,1,-2.8742675658749217,2.5144405438126265,193.28142465989828,179.3577241204852,13.92370053941309,68.42925761292577,67.3784043175093,78.8982034484629,-32.62159568249071,9.598148042209598
2020-12-29,198.50999450683597,199.38999938964844,194.00999450683597,197.83999633789065,2225500.0,-1,-0.7674167712135027,2.3889960478149117,193.9827433795894,180.72678132177447,13.25596205781494,62.55689484807499,63.60156301791737,70.97423195061343,-36.39843698208263,7.84409900737606
2020-12-30,198.8000030517578,201.3699951171875,197.07000732421875,201.30999755859372,1126400.0,1,1.7539432293441015,1.717219880179598,195.11001325328237,182.25146400598328,12.858549247299095,75.48147031676926,72.1673501919495,67.71577250912542,-27.832649808050498,11.0737096982634
2020-12-31,202.25,203.0,198.6199951171875,199.7100067138672,1469600.0,1,-0.7947895604443755,1.6493095152683903,195.81770455491082,183.54468939175246,12.273015163158362,71.30659134998322,62.51273972225406,66.093884310707,-37.48726027774594,8.52035431102458
2021-01-04,199.72000122070312,200.4949951171875,192.5200042724609,196.08999633789065,3510700.0,1,-1.8126334456355364,1.7177521477448097,195.85959559844616,184.4739713877627,11.38562421068346,64.67908515480576,51.37086130252075,62.016983738908124,-48.62913869747925,4.436515804622809
2021-01-05,192.3699951171875,197.94000244140625,189.5399932861328,193.47999572753903,2365500.0,-1,-1.3310218058519507,1.3794410516837383,195.4935033106143,185.1410843018202,10.3524190087941,60.15799045097036,43.67628707744814,52.519962700741,-56.32371292255186,-1.2252445861992367
2021-01-06,187.52999877929688,190.3000030517578,183.25,184.4199981689453,2131100.0,-1,-4.682653379500856,2.3054796448313355,193.7898871349729,185.08767051419986,8.702216620773044,52.828168451382204,13.986869383968234,36.34467258797906,-86.01313061603176,-7.614466145697973
2021-01-07,188.09500122070312,193.6999969482422,185.27999877929688,193.0500030517578,1734600.0,1,4.6795385362202735,3.4061376433830084,193.67605881447827,185.67747292438935,7.998585890088918,57.26716275341671,33.4071955304008,30.356783997272412,-66.5928044695992,-6.639905120704414
2021-01-08,196.75,199.9499969482422,194.1000061035156,197.3699951171875,2024800.0,1,2.2377580922759543,3.6648630041183976,194.24435670720274,186.54358567941145,7.700771027791291,57.66959234318217,48.13360110980552,31.842555341391535,-51.86639889019448,-4.868176625097432
2021-01-11,196.9900054931641,204.9900054931641,191.6000061035156,198.6999969482422,2493900.0,-1,0.6738622201743594,3.5553095245664865,194.92983982120882,187.44406058821374,7.485779232995071,52.52416043198818,52.66743961895429,44.736078753053555,-47.33256038104571,-3.200666043489797
2021-01-12,201.13999938964844,206.5,200.00999450683597,205.8999938964844,2115800.0,1,3.6235516149090374,3.6702706818374913,196.6175558327897,188.81116675919677,7.806389073592925,55.29332266007068,77.21148359505008,59.33750810793665,-22.78851640494992,3.275316717271637
2021-01-13,209.3000030517578,214.8300018310547,206.4900054931641,207.0800018310547,3481200.0,1,0.5730976054149517,1.804703288649336,198.22716290944584,190.1644138015566,8.062749107889232,50.281217647669656,75.45915278453558,68.44602533284667,-24.540847215464428,4.670443623231302
2021-01-14,209.25,213.57000732421875,207.4600067138672,209.8699951171875,1594300.0,1,1.3473021351472658,1.2684738211397846,200.01836786448303,191.62408649160335,8.394281372879675,52.16449656457077,84.29383652223324,78.98815763393965,-15.706163477766767,4.252147266606721
2021-01-15,212.1199951171875,213.927001953125,207.3300018310547,211.05999755859372,2009000.0,1,0.5670188540966681,1.3079182569409225,201.71708012511544,193.0637836076767,8.653296517438747,55.31875109506957,88.06205176101771,82.6050136892622,-11.937948238982283,5.683235923670127
2021-01-19,215.7700042724609,217.1510009765625,208.3699951171875,212.0,1643200.0,1,0.4453721464415805,1.3413176289101745,203.2990677981746,194.46646630340433,8.832601494770273,62.76531693062389,84.80575549930325,85.7205479275181,-15.194244500696753,8.113623315436325
2021-01-20,215.08999633789065,217.4499969482422,212.52999877929688,214.75999450683597,1641200.0,1,1.3018842013377219,0.4393002215176419,205.0622872918148,195.96969061476966,9.092596677045151,66.68638973116542,92.1344950835018,88.33410078127429,-7.865504916498194,10.998552433949648
2021-01-21,217.9900054931641,218.0,211.53500366210935,213.6300048828125,1196100.0,1,-0.5261639285372155,0.7649636066609891,206.38039769042985,197.2778620420321,9.102535648397748,62.73781126550808,87.42447448291367,88.12157502190625,-12.575525517086332,15.838849909925813
2021-01-22,211.8999938964844,217.72999572753903,211.05999755859372,217.3600006103516,1446300.0,-1,1.746007415758477,0.8720895305632164,208.0695673704178,198.7654278619076,9.30413950851019,67.47870599157667,98.15827513770242,92.57241490137265,-1.8417248622975801,12.592591128877695
2021-01-25,220.75999450683597,224.0,206.0,207.66000366210935,2885600.0,1,-4.462641203995421,2.484274890004061,208.00655756913957,199.4242853285892,8.582272240550367,60.226279006411474,59.90184947756895,81.82819969939503,-40.09815052243105,5.213562749906431
2021-01-26,209.47999572753903,209.8500061035156,196.52999877929688,197.0,3030400.0,1,-5.133392793084313,3.2123985969833533,206.31324102004118,199.2447086375826,7.068532382458585,52.72361913465026,33.74233128834356,63.934151967871664,-66.25766871165644,-0.8555596247366903
2021-01-27,195.8699951171875,203.3000030517578,187.75999450683597,199.22000122070312,2640000.0,-1,1.1269041729457419,3.1761517987714947,205.22197335860454,199.2428784585545,5.9790949000500575,62.80720601668641,36.002071285970665,43.215417350627746,-63.997928714029335,-3.2442898852826696
2021-01-28,199.3300018310547,208.1999969482422,199.22000122070312,206.27999877929688,1489600.0,1,3.543819654318958,3.9090410440580183,205.38474650024952,199.76414663046134,5.62059986978818,61.7683698008864,51.103756802559936,40.2827197922914,-48.896243197440064,-0.38632559623525964
2021-01-29,204.9900054931641,205.0399932861328,196.8000030517578,199.6999969482422,1746600.0,-1,-3.189839960244889,3.7782074283421876,204.51016964609454,199.75939480214882,4.75077484394572,51.99247681756961,32.94702161029879,40.01761656627648,-67.05297838970121,-4.845856199342158
2021-02-01,202.5200042724609,206.8500061035156,199.92999267578125,204.47000122070312,1434800.0,1,2.3885850502527672,3.733001778961757,204.50398988834203,200.1083286109306,4.3956612774114205,54.65999463194171,46.10928306017828,43.38668715767903,-53.89071693982173,-3.122333182090131
2021-02-02,207.05999755859372,217.44000244140625,207.05999755859372,216.7100067138672,1892500.0,1,5.986210896508148,3.3954684599744804,206.38183863073053,201.33808254448147,5.043756086249061,58.07319888732765,79.88412753549962,52.98014406865891,-20.115872464500388,2.2217012801260427
2021-02-03,217.8999938964844,218.2100067138672,207.0590057373047,209.55999755859372,2395900.0,1,-3.299344254422909,4.161241510274262,206.87078615809412,201.94711328626755,4.923672871826568,51.700490804863456,60.154524689213694,62.04931176163055,-39.845475310786306,-2.4213061469773534
2021-02-04,210.1100006103516,214.2449951171875,207.3300018310547,213.75,1235900.0,1,1.9994285599448602,3.986847685612781,207.92912674915655,202.8214011909885,5.107725558168056,52.61033671988627,71.7163398280018,70.58499735090506,-28.28366017199821,0.05616959904735097
2021-02-05,215.4499969482422,219.9900054931641,211.8800048828125,216.77999877929688,2018400.0,1,1.4175432885599415,3.3169498025599373,209.29079936917813,203.85537138271505,5.435427986463083,53.75525272167818,80.0772623446069,70.64937562060749,-19.922737655393117,-0.2668392663903507
2021-02-08,219.30999755859372,221.25,214.0800018310547,215.8699951171875,1162700.0,1,-0.41978211423271405,3.4074203803404877,210.3029833304103,204.74534351119448,5.5576398192158365,52.54170160841616,77.5662150924727,76.45327242169382,-22.433784907527308,3.9535737793961134
2021-02-09,218.5760040283203,220.8500061035156,215.9900054931641,220.0,1115500.0,1,1.9131907982721241,2.247790277505677,211.79483204880873,205.87531806592082,5.919513982887906,53.380648039659434,88.96247407922021,82.20198383876662,-11.03752592077979,11.675126903553302
2021-02-10,221.0,224.4900054931641,216.48800659179688,223.08999633789065,2138900.0,1,1.4045437899502966,0.9798914497801151,213.53254963174442,207.15047941940006,6.38207021234436,55.95267357107799,96.18837806556998,87.57235574575434,-3.811621934430016,11.981726217712186
2021-02-11,225.0,227.0399932861328,217.97000122070312,222.88999938964844,1486100.0,1,-0.08964855059627741,1.031402954441337,214.97215728680658,208.3163697875666,6.6557874992399775,53.64151000271292,89.43484209405909,91.52856474628311,-10.565157905940913,8.052162453289014
2021-02-12,224.75999450683597,228.3800048828125,221.58099365234372,226.47999572753903,1522600.0,1,1.6106583281983333,1.0613753987787284,216.7425939699962,209.66182356089791,7.080770409098278,63.47750356500881,95.32247988691513,93.64856668218142,-4.677520113084876,13.410114766420156
2021-02-16,230.8809967041016,230.8809967041016,217.75,223.6300048828125,1919500.0,1,-1.2583852430636533,1.3467589364538073,217.80219564889103,210.6965036588175,7.105691990073524,71.47234372600818,83.1845470842306,89.31395635506829,-16.815452915769402,9.370569544540786
2021-02-17,223.15499877929688,225.8999938964844,217.6649932861328,224.8300018310547,1471300.0,-1,0.5365992586151558,1.169952375413784,218.88339659999312,211.74342944935358,7.139967150639535,70.99524373155039,82.24525101946148,86.91742599686908,-17.754748980538515,3.746940549869815
2021-02-18,222.05999755859372,224.1999969482422,216.1999969482422,223.3800048828125,1418800.0,-1,-0.6449303635783332,1.1050908535623476,219.57518248965764,212.6053979999802,6.969784489677437,65.43879071489816,77.99068918645439,81.14016243004885,-22.009310813545607,6.594773566150036
2021-02-19,225.5500030517578,228.08999633789065,223.41000366210935,226.02999877929688,1486800.0,1,1.1863165182911528,1.2124197515147286,220.56823114960216,213.5998128725222,6.968418277079962,75.58795276270102,84.32684794210222,81.52092938267272,-15.673152057897786,5.745028668676899
2021-02-22,225.1300048828125,225.25,212.8999938964844,213.4499969482422,2424000.0,-1,-5.565633720742625,2.6489456695337004,219.47311819554676,213.5887153966496,5.884402798897156,57.57677738773935,26.82811533194377,63.04855082016681,-73.17188466805622,-1.5361204215361912
2021-02-23,203.25999450683597,206.83999633789065,190.6000061035156,206.50999450683597,3704100.0,-1,-3.2513481099224584,2.8142650441826946,217.47879147420664,213.06436570110787,4.41442577309877,40.54854167691746,39.49751027992076,50.21749118465561,-60.50248972007924,-4.335943309430457
2021-02-24,208.3800048828125,210.7899932861328,203.5500030517578,207.80999755859372,1684100.0,1,0.6295109613761118,2.8317215196235814,215.9912847179585,212.67515324610682,3.3161314718516905,48.18125074533704,42.72484662983378,36.35015741389946,-57.27515337016622,-5.540910200639216
2021-02-25,204.0,210.91000366210935,194.33999633789065,195.7899932861328,2557500.0,-1,-5.784131857790797,3.3209428946313286,212.88339372844683,211.4244006564791,1.4589930719677398,33.94707648462948,12.884457669076573,31.70227152627706,-87.11554233092342,-12.237215249405198
2021-02-26,213.1000061035156,224.0800018310547,197.08200073242188,205.02999877929688,3721700.0,1,4.719345119778651,4.487520831076251,211.67517912088528,210.9507412581693,0.7244378627159733,40.54706262757599,35.82333120569124,30.47754516820055,-64.17666879430875,-8.012921467656042
2021-03-01,208.75,211.13999938964844,202.17999267578125,210.16000366210935,1917300.0,1,2.502075263793291,4.262502135718682,211.4420752041505,210.8921681029056,0.5499071012449122,45.698363812596185,48.55887918086403,32.422222685210635,-51.44112081913596,-7.205930931340632
2021-03-02,212.0,212.0,202.2700042724609,202.6100006103516,1788600.0,1,-3.5925023411669144,4.325089120920258,210.08329449741223,210.27867421456827,-0.19537971715604385,37.54119425234001,29.81553911104976,38.0659164992017,-70.18446088895024,-9.399456161294584
2021-03-03,202.1100006103516,202.1199951171875,187.4600067138672,187.8300018310547,2703800.0,-1,-7.294802198693528,5.249962666287685,206.65971101028032,208.61580959356726,-1.9560985832869449,28.362790650638985,0.8521111961535509,26.408843162689134,-99.14788880384644,-16.45687839641754
2021-03-04,184.3300018310547,190.9600067138672,175.67999267578125,180.8999938964844,3184300.0,-1,-3.689510656984152,4.935710017079471,202.69667760815787,206.56278620859817,-3.866108600440299,26.198842366393876,9.45635194973099,13.37466741897812,-90.54364805026901,-19.016926339765085
2021-03-05,185.5399932861328,185.5399932861328,165.57000732421875,175.3699951171875,3941600.0,1,-3.0569369628952625,3.519389725559331,198.49257260954704,204.2522090907159,-5.7596364811688545,21.65280342771773,15.005113053741844,8.437858733208815,-84.99488694625815,-22.412955773881794
2021-03-08,175.75999450683594,181.6999969482422,166.88600158691406,167.83999633789062,2751300.0,1,-4.293778291015582,1.684545810530541,193.77679164467682,201.55500814606216,-7.778216501385344,20.58420410698362,3.630821197322144,9.364095400265013,-96.36917880267785,-21.36800246542574
2021-03-09,178.71499633789062,182.7899932861328,175.0,181.42999267578125,2824700.0,1,8.096995134897188,5.8992772860315466,191.8772841110006,200.0642662593747,-8.186982148374113,29.761237416161677,25.36786330543697,14.667932518833672,-74.63213669456303,-12.144691539481157
2021-03-10,185.0500030517578,188.97999572753903,178.80999755859375,180.07000732421875,2427300.0,1,-0.7495923532295001,5.118342379944148,190.06077998995724,198.58321004195574,-8.522430051998498,29.786243076358573,23.192582450436984,17.397088984398717,-76.80741754956301,-13.348727472340904
2021-03-11,187.0,189.75,183.08999633789065,188.8699951171875,2080600.0,1,4.886981415580349,5.315476399267647,189.87758231722344,197.86371264012104,-7.986130322897594,33.59816204866485,39.041539297011546,29.200661684295188,-60.958460702988454,-3.5343982870627344
2021-03-12,184.5410003662109,185.2100067138672,179.8800048828125,184.6100006103516,1521400.0,-1,-2.255516819488834,5.173626552461727,189.06718513155087,196.88195619347144,-7.814771061920567,36.26143355288196,32.54143748707467,31.59185307817442,-67.45856251292533,-9.959517285529639
2021-03-15,184.97999572753903,185.0,180.5500030517578,184.2700042724609,1435000.0,1,-0.18417005404182119,4.357174022974987,188.3291573070755,195.94773753265582,-7.618580225580331,38.69459457782351,31.960346443131815,34.51444107573936,-68.03965355686819,-12.319184877477362
2021-03-16,187.0,187.9199981689453,178.0229949951172,182.17999267578125,2178800.0,1,-1.1342115093183502,2.7743775059796656,187.38313197918407,194.92790458029472,-7.544772601110651,37.07513542079942,28.388287320078103,30.96335708342821,-71.6117126799219,-10.083415365986903
2021-03-17,178.61000061035156,188.4900054931641,177.0,185.3300018310547,2333000.0,-1,1.7290642671609957,2.803079959483197,187.06726580254877,194.21694882109176,-7.149683018542987,44.20691648398824,33.77199856774436,31.37354411031811,-66.22800143225564,-1.330990776568619
2021-03-18,184.4040069580078,184.6699981689453,177.39999389648438,178.2100067138672,2675400.0,-1,-3.8417930431350444,2.1029266402584086,185.7046105581362,193.0312494057418,-7.3266388476055795,34.78902246292742,27.223780709837797,29.794688865886773,-72.7762192901622,-1.4870023622866935
2021-03-19,178.66000366210938,182.02999877929688,175.75,181.55999755859372,2320400.0,1,1.8797995165923842,2.3516868707249063,185.06697778897583,192.18152704669376,-7.1145492577179255,33.44523350829658,34.43892473994649,31.8115680058429,-65.56107526005351,3.5296815953435257
2021-03-22,183.5,185.16000366210935,181.3999938964844,182.6100006103516,1710900.0,1,0.5783229047571448,2.3863743238633317,184.6889812999567,191.47252508844622,-6.78354378848951,37.48121781527232,46.621064233052586,36.094589894278975,-53.378935766947414,8.800050402006931
2021-03-23,182.4600067138672,185.4499969482422,180.0,183.0,1619800.0,-1,0.21356956812053074,2.3238042417886877,184.4291380230403,190.8449306374502,-6.415792614409895,46.31241130199296,68.64904724214959,49.90301207171624,-31.350952757850404,0.8653515888215724
2021-03-24,186.3999938964844,186.3999938964844,174.99000549316406,175.10000610351562,2133800.0,1,-4.316936555455941,2.796762156070215,182.99388695849802,189.67863993123282,-6.684752972734799,45.63647968554844,39.41274468971262,51.560952054971615,-60.58725531028738,-2.7600383287343155
2021-03-25,171.4499969482422,175.3000030517578,168.39999389648438,172.85000610351562,1557200.0,-1,-1.2849799666310946,2.3708430537121132,181.43328990388534,188.43207446251304,-6.998784558627705,48.00570550567773,26.084696162278142,44.715496031380134,-73.91530383772186,-8.482019075466173
2021-03-26,170.9199981689453,174.0,164.6699981689453,169.77999877929688,1816700.0,-1,-1.776110625289884,1.945913605752347,179.6404758847179,187.05043922671925,-7.409963342001362,51.651910259981626,20.374801584042277,28.62408081201103,-79.62519841595773,-8.033151932194492
2021-03-29,169.00999450683594,174.86000061035156,163.4499969482422,165.75,2372300.0,-1,-2.373659328703148,1.652756744875715,177.50347959476127,185.47262891362894,-7.9691493188676645,34.05207359483113,8.745257737162458,18.401585161160977,-91.25474226283754,-10.050471505431402
2021-03-30,164.24000549316406,166.86000061035156,160.65899658203125,165.7899932861328,1336000.0,-1,0.02412867941647967,1.593066881534363,175.70140477804918,184.0146559041848,-8.313251126135611,35.075230261405736,17.637743980093447,15.585934433766079,-82.36225601990655,-8.996596799088197
2021-03-31,168.49000549316406,173.1699981689453,167.1999969482422,171.6699981689453,1918800.0,1,3.5466584962485337,2.362440387391478,175.08118837664858,183.10023681268555,-8.019048436036968,30.85485568860385,39.563788801452645,21.982263506236205,-60.436211198547355,-7.370638065693069
2021-04-01,174.8000030517578,180.0,174.3000030517578,175.77000427246094,2097400.0,1,2.388306720595801,2.5698966229315436,175.1871600529274,182.55725662452076,-7.370096571593365,40.12511795218638,54.29557993632436,37.16570423929017,-45.704420063675634,-1.3691725208921035
2021-04-05,176.61000061035156,178.9499969482422,172.32000732421875,175.19000244140625,1368500.0,1,-0.32997770777523083,2.3402415311785965,175.1875973434626,182.01153409243818,-6.823936748975569,39.91111249758829,52.21156698190114,48.6903119065594,-47.78843301809885,-3.508479402315323
2021-04-06,175.42999267578125,184.9600067138672,173.52999877929688,182.1199951171875,2282700.0,1,3.9557009984625413,1.9790205436811596,176.25412007788182,182.0195682424196,-5.765448164537787,49.93980982844882,77.11182373475333,61.206323550992956,-22.888176265246663,-0.26833442392328877
2021-04-07,180.80999755859372,183.32000732421875,179.0,180.02000427246094,1242100.0,-1,-1.15308088130317,2.3038703021776747,176.83348687704785,181.87145239279303,-5.037965515745185,44.55831118060985,75.21467584924845,68.17935552196765,-24.785324150751553,-1.6284129658683422
2021-04-08,183.0,187.1699981689453,181.8000030517578,185.19000244140625,1926400.0,1,2.8719020365761683,2.183946202531374,178.1191046561799,182.11727091491252,-3.998166258732624,57.45089511858632,92.53141862238658,81.61930606879615,-7.468581377613422,5.762419181142464
2021-04-09,183.9900054931641,185.25999450683597,180.8730010986328,185.0399932861328,1122700.0,-1,-0.08100283670599007,2.2248292017853597,179.18385675309574,182.33376886833625,-3.149912115240511,53.98716289666648,91.96558124811143,86.57055857324885,-8.034418751888571,7.052349871088182
2021-04-12,185.5800018310547,189.5,183.5500030517578,188.3800048828125,2056700.0,1,1.805021464476031,2.094156752932322,180.59864877305216,182.7816382027419,-2.1829894296897407,56.28130119276332,96.11665689658456,93.53788558902754,-3.883343103415437,10.955357661236897
2021-04-13,190.1499938964844,199.5,189.58999633789065,196.6499938964844,2487400.0,1,4.390056693552213,2.227320425044509,183.06808648434944,183.8089238096858,-0.740837325336372,62.68351097918273,92.66237776391452,93.58153863620352,-7.337622236085481,18.642530254289234
2021-04-14,198.0399932861328,198.8999938964844,192.0800018310547,192.38999938964844,1369100.0,1,-2.1662825522783424,2.5581348515574707,184.50222693131852,184.4445590378312,0.05766789348732004,67.23140713291386,81.69460110533007,90.15787858860972,-18.305398894669935,16.044397841073167
2021-04-15,195.30999755859372,197.5200042724609,193.0379943847656,195.9199981689453,1258900.0,1,1.8348140706355265,2.4448351742511414,186.25880712172264,185.29459156606188,0.9642155556607577,72.4198186917656,90.782931654648,88.37997017463088,-9.217068345352004,14.125939452818592
2021-04-16,196.80999755859372,196.80999755859372,189.7400054931641,192.4900054931641,1319100.0,1,-1.7507108553683648,2.750991829624791,187.21745302502134,185.82758519029167,1.389867834729671,71.91663238027473,81.95207669739828,84.80986981912547,-18.04792330260171,9.512431481076543
2021-04-19,191.13999938964844,195.7100067138672,189.1999969482422,190.94000244140625,919500.0,-1,-0.8052381981010881,2.7655800797210977,187.7901529352344,186.2062827644483,1.5838701707860992,75.53213997383143,77.9614407319001,83.56548302798215,-22.0385592680999,8.990239043616487
2021-04-20,191.9900054931641,194.7899932861328,185.07000732421875,186.0800018310547,1119600.0,1,-2.5453024762807086,1.7570141701346793,187.5270527653606,186.19692862123398,1.3301241441266143,68.73500538495827,58.452021978323074,72.78851313587383,-41.547978021676926,2.1743942565554564
2021-04-21,183.7100067138672,188.4600067138672,181.42999267578125,186.1199951171875,1057200.0,-1,0.02149252243082156,1.6921164871579504,187.31058235794933,186.19122984315646,1.1193525147928653,64.95549807756873,50.77259570148905,62.395352803904096,-49.22740429851095,3.3885072213942324
2021-04-22,186.19000244140625,194.25,185.75,190.02999877929688,1827400.0,1,2.1007972086220628,1.7910143711875701,187.72895411507972,186.47558309768536,1.2533710173943575,64.81712435125542,65.15819068214329,58.127602787318494,-34.841809317856715,2.6135300362242875
2021-04-23,192.47999572753903,194.22000122070312,188.5500030517578,190.25999450683597,1496400.0,1,0.12103127349183396,1.681535427921812,188.11834494458068,186.75590986873354,1.362435075847145,65.7734983723843,64.42046569563516,60.117084026422525,-35.579534304364834,2.821012435204384
2021-04-26,191.6999969482422,196.77999877929688,188.72000122070312,196.69000244140625,1319100.0,1,3.3795900978748517,2.260216713266417,189.43706148255384,187.4917685778204,1.945292904733435,65.41147737521649,86.29269483612805,71.95711707130219,-13.70730516387195,4.411294905615515
2021-04-27,198.0800018310547,199.5,193.89599609375,195.92999267578125,1365900.0,1,-0.3863997946979558,1.6213561688641154,190.4359739738196,188.1168222147064,2.3191517591132254,67.31981891445011,80.83423237891147,77.18246430355823,-19.165767621088538,-0.3661333552250956
2021-04-28,195.3999938964844,198.0,192.50999450683597,195.4199981689453,2200000.0,-1,-0.2602942509572048,1.6700917315202817,191.2027469269159,188.65779821131667,2.5449487155992188,62.39398433302977,78.09630068343847,81.74107596615936,-21.903699316561525,1.574925302203578
2021-04-29,196.0,196.2899932861328,185.1999969482422,187.27999877929688,2168500.0,1,-4.1653870974920455,2.6767424242254956,190.59924721189756,188.55573899413002,2.0435082177675383,52.27365584952838,32.37412137445577,63.768218145601914,-67.62587862554423,-4.4099629799904445
2021-04-30,184.9900054931641,191.47999572753903,184.3999938964844,187.63999938964844,1174800.0,-1,0.19222587179521522,2.6794792425819596,190.1439783161669,188.4879064308351,1.6560718853318122,49.2005123631514,34.36637629661655,48.27893278483695,-65.63362370338345,-2.5196145073038023
2021-05-03,186.6000061035156,188.22000122070312,179.60000610351562,180.58999633789065,2060500.0,-1,-3.757196266622198,2.1027353404618783,188.67413493489363,187.90287605357994,0.7712588813136847,32.179318210448045,4.9748268241927684,23.905108165088382,-95.02517317580724,-5.420554085669771
2021-05-04,176.47000122070312,177.73500061035156,169.36000061035156,175.47999572753906,2196200.0,-1,-2.829614438216499,2.0101469574408024,186.6442673645314,186.98266269609542,-0.3383953315640156,31.583530480018666,20.3052264138048,19.882143178204725,-79.6947735861952,-5.696477858560833
2021-05-05,178.02999877929688,179.5399932861328,171.02999877929688,172.3000030517578,968300.0,1,-1.8121681976324577,1.7450376370532326,184.43745747025855,185.89505827799636,-1.4576008077378049,24.07814268777085,9.754487395298328,11.67818021109865,-90.24551260470167,-7.425312931438743
2021-05-06,171.4600067138672,172.49000549316406,163.5,167.35000610351562,2067900.0,-1,-2.8728942893606613,1.5121136422027996,181.80861879845193,184.5213507095163,-2.712731911064367,23.300766342509235,10.694461398654514,13.584725069252565,-89.30553860134549,-11.934953860691266
2021-05-07,171.5,174.0,168.24000549316406,169.32000732421875,1524400.0,1,1.1771742747858527,1.914802003947829,179.88729395626223,183.39532527356835,-3.50803131730612,27.242110402960535,16.16668701171875,12.20521193522388,-83.83331298828125,-11.00598538168509
2021-05-10,168.16000366210938,169.32000732421875,164.77000427246094,165.77000427246094,1924500.0,-1,-2.0966234929107763,1.6657480021916609,177.7154032356774,182.089745940153,-4.374342704475595,28.01472560609004,6.3055674235026045,11.055571944625308,-93.69443257649739,-15.72016766747275
2021-05-11,157.07899475097656,172.27999877929688,157.02999877929688,170.69000244140625,2774200.0,-1,2.967966484973217,2.4868451617936107,176.63457234425107,181.2453204958014,-4.610748151550325,34.89329306551329,32.163888084492086,18.212047506571164,-67.83611191550791,-12.882147286220412
2021-05-12,167.47000122070312,169.52000427246094,160.91000366210938,164.0800018310547,2069800.0,-1,-3.872517731447467,2.890853918500049,174.70309995760547,179.97381540952384,-5.270715451918363,25.869448682996634,16.599959616485958,18.35647170816023,-83.40004038351404,-16.03725137219397
2021-05-13,166.25999450683594,167.9199981689453,158.47000122070312,160.9199981689453,1913000.0,1,-1.9258920202615992,2.7605936555678827,172.58262275935004,178.56242153985136,-5.979798780501312,24.126992926597396,9.159404939579222,19.307750880185775,-90.84059506042078,-14.075181963993888
2021-05-14,162.52000427246094,166.16000366210938,161.6300048828125,165.33999633789062,1431000.0,1,2.7467053313690037,3.1025676369266626,171.46837254066398,177.5829826360024,-6.114610095338435,21.338448798659883,19.56674669117462,15.108703749079952,-80.43325330882539,-11.88446126854339
2021-05-17,164.10000610351562,166.88999938964844,160.6999969482422,163.27999877929688,1374100.0,-1,-1.2459160543247583,3.010705056765822,170.20862273122287,176.5235023503205,-6.314879619097638,20.843008044999678,15.255064226948875,14.660405285900927,-84.74493577305113,-9.58524719509165
2021-05-18,164.50999450683594,168.75399780273438,163.22999572753906,166.5,2239300.0,1,1.9720732758306436,2.766296698490681,169.63806538795782,175.78102069474122,-6.142955306783392,25.36626944423432,24.12124947968144,19.64768679926833,-75.87875052031856,-5.117389985284682
2021-05-19,164.35000610351562,166.47000122070312,161.38999938964844,164.80999755859375,1893700.0,-1,-1.0150164813250706,2.101695357656109,168.89528572190181,174.96835231428585,-6.073066592384038,28.49760648736543,22.58345273872036,20.653255481783575,-77.41654726127965,-4.347072176727773
2021-05-20,167.25900268554688,171.9530029296875,165.9199981689453,170.72999572753906,1897200.0,1,3.592013989831311,2.213505794271103,169.17754879969218,174.65439997452683,-5.47685117483465,35.37449889617267,43.924321500067514,30.209674572823122,-56.075678499932486,2.0197128776515916
2021-05-21,174.9199981689453,175.0,169.89999389648438,170.0800018310547,1759500.0,1,-0.3807145274704271,2.1101549104340434,169.31638772759408,174.31555566760298,-4.999167940008903,39.7782562948826,57.97426137884986,41.49401187254593,-42.02573862115014,0.4488509768256099
2021-05-24,172.49000549316406,175.9499969482422,172.13900756835938,174.39999389648438,2361600.0,1,2.53997649278066,1.963286431284198,170.09848098434642,174.32181035122383,-4.223329366877408,48.933225740038004,77.16570127066224,59.688094716526564,-22.834298729337757,5.206001931350079
2021-05-25,175.0500030517578,176.03500366210938,170.30999755859375,172.74000549316406,3323200.0,1,-0.9518282462243732,2.1546948834374726,170.50486937031837,174.2046396209972,-3.6997702506788244,50.448067882066596,82.66247133708869,72.60081132886695,-17.337528662911318,1.201009445448653
2021-05-26,195.0,199.7700042724609,191.5,194.1999969482422,7966000.0,1,12.423289783863867,5.371651453546828,174.15027361307588,175.68577720079313,-1.535503587717244,70.46182219467582,86.9676962837321,82.26528963049437,-13.0323037162679,18.356895892895352
2021-05-27,193.6000061035156,196.3000030517578,188.0200042724609,194.25999450683597,3949300.0,-1,0.03089472684687511,5.579281363945473,177.24407682750052,177.06164514938888,0.18243167811164085,69.57613840327828,87.10807426895106,85.5794139632573,-12.891925731048937,20.718367336101974
2021-05-28,194.47999572753903,197.69000244140625,193.94000244140625,194.1999969482422,1949100.0,1,-0.030885184953333145,5.5324805108672255,179.85267992299924,178.3311526900447,1.5215272329545542,73.60904427864729,86.9676962837321,87.01448894547177,-13.0323037162679,17.454942088768988
2021-06-01,194.1699981689453,195.9499969482422,190.0500030517578,191.7700042724609,1445100.0,-1,-1.2512835808277112,5.82926407321014,181.68611443830105,179.3266231776311,2.359491260669955,68.2605839425706,80.6295413829043,84.90177064519584,-19.370458617095693,17.448558124791226
2021-06-02,190.55999755859372,193.16000366210935,189.02999877929688,191.33999633789065,1287800.0,-1,-0.2242310710695472,5.744241241288822,183.1713270382379,180.21650267098366,2.954824367254247,76.4454930140808,79.58836002020232,82.39519922894625,-20.411639979797684,14.918916719453845
2021-06-03,190.1199951171875,190.4600067138672,183.9499969482422,184.25,1656500.0,-1,-3.705443960273891,1.579538448459447,183.33727672466284,180.5152802509108,2.8219964737520513,71.02940379541705,60.276423437370674,73.49810828015912,-39.723576562629326,11.795402420593382
2021-06-04,186.82699584960935,188.30999755859372,184.7700042724609,185.8000030517578,1795300.0,1,0.8412499602484802,1.748895537796084,183.71615769806206,180.90674119912168,2.8094164989403794,69.4486902524403,64.24366879490353,68.03615075082551,-35.75633120509648,8.826807064570152
2021-06-07,184.80999755859372,193.6000061035156,183.08999633789065,192.72999572753903,2099400.0,-1,3.729813004282212,2.7336384690527775,185.1029020102893,181.7825378308563,3.3203641794329997,75.62208089474397,81.65709314936912,68.72572846054778,-18.34290685063088,13.317258732736391
2021-06-08,194.0399932861328,197.53500366210935,192.4750061035156,194.6499938964844,1972400.0,1,0.9962113897722835,2.6858840203503997,186.57168537739625,182.73568272460653,3.836002652789716,75.05787587262037,86.65969326577815,77.52015173668362,-13.340306734221846,11.611238938471224
2021-06-09,195.2700042724609,198.427001953125,195.07000732421875,195.9900054931641,1604700.0,1,0.6884210833278059,2.669977794233083,188.02065770289897,183.71748441116637,4.303173291732605,77.92908403192045,88.83309276891316,85.71662639468683,-11.166907231086835,13.459534132595664
2021-06-10,194.7749938964844,205.6100006103516,194.5500030517578,204.91000366210935,3558600.0,-1,4.551251553108604,1.8331282900520247,190.61901861970057,185.28730065197695,5.33171796772362,79.05476902323707,98.03977368626364,91.17751990698498,-1.9602263137363554,5.51493660255904
2021-06-11,203.0,208.5399932861328,201.8699951171875,207.7899932861328,2106500.0,-1,1.405490006614074,1.7468814856620603,193.26070702992092,186.95416677302552,6.306540256895403,80.88453550014118,98.03818968397181,94.9703520463829,-1.9618103160281963,6.964891980793664
2021-06-14,207.7899932861328,212.8000030517578,207.3300018310547,211.42999267578125,1897100.0,0,1.7517683754077806,1.5474269902217268,196.05598174466868,188.7671909139704,7.288790830698275,80.66922353267078,96.77568792925439,97.61788376649663,-3.224312070745612,8.872294540834202
2021-06-15,209.6199951171875,213.5449981689453,206.91000366210935,207.38999938964844,1281500.0,-1,-1.9107947907504141,2.316735471892323,197.79967676697325,190.14665820846508,7.653018558508165,77.60957031715436,79.78985910609704,91.53457890644108,-20.210140893902967,8.145171178593259
2021-06-16,209.11199951171875,217.80999755859372,208.5,212.2700042724609,3092600.0,1,2.3530569927066924,2.326960568885255,200.02588099858673,191.7854245835759,8.24045641501084,69.56899936413421,84.04379870001448,86.86978191178865,-15.956201299985523,10.938647609049589
2021-06-17,209.00999450683597,217.0,208.0200042724609,215.13999938964844,1708000.0,-1,1.3520493048578386,1.670070132735204,202.351129981827,193.51539308772942,8.835736894097579,71.31483586047389,92.30991337824838,85.38119039478664,-7.690086621751615,16.765264254897396
2021-06-18,215.57000732421875,219.9499969482422,214.1000061035156,218.6000061035156,2049800.0,1,1.6082582149684832,1.6850666121190947,204.8509570774714,195.37351257038026,9.47744450709115,73.29134592275926,96.33751811618943,90.89707673148412,-3.662481883810571,17.65339209527397
2021-06-21,216.5500030517578,218.1000061035156,211.50999450683597,216.41000366210935,1480100.0,-1,-1.0018309150317206,1.8339507607028522,206.62927193664646,196.9317711697676,9.697500766878875,73.62869167441949,90.39611169963277,93.01451439802354,-9.603888300367231,12.286622974893113
2021-06-22,216.66000366210935,221.1199951171875,216.4199981689453,219.6100006103516,1502200.0,1,1.478673302569944,1.2684882487262028,208.62630711721647,198.61164001721826,10.014667099998206,75.74213280179046,96.02946475071165,94.2543648555113,-3.9705352492883463,12.823019520432656
2021-06-23,219.5500030517578,221.0399932861328,218.41000366210935,218.8600006103516,1385400.0,-1,-0.34151450203340206,1.2046485140257417,210.20072150077573,200.11151857967258,10.089202921103151,85.62899553671708,94.05733741946311,93.4943046232692,-5.942662580536888,11.668959883765705
2021-06-24,220.19000244140625,222.3159942626953,218.88999938964844,219.63999938964844,1320400.0,1,0.35639165545171547,1.13339095816037,211.65291809906384,201.55807271374485,10.09484538531899,85.39749474880452,93.17800689691389,94.42160302236289,-6.821993103086111,7.188519576539765
2021-06-25,220.91000366210935,222.0,216.75,218.83999633789065,1907700.0,1,-0.364233770707012,0.9438223880345971,212.75862244349872,202.8382152044223,9.920407239076411,81.32949574954645,88.35159912847801,91.86231448161834,-11.648400871521973,5.3178706428570255
2021-06-28,220.55999755859372,223.94000244140625,219.67999267578125,221.2700042724609,1571200.0,1,1.1104039367731966,0.8355410451410318,214.0680658018006,204.20353291316593,9.86453288863467,81.55524581369161,90.91528334673681,90.8149631240429,-9.084716653263188,4.6540282540561195
2021-06-29,220.0,221.88999938964844,218.25,221.44000244140625,919800.0,-1,0.07682838417448767,0.6072079074250452,215.20220990020147,205.48030843377634,9.721901466425123,81.0290177483442,91.49370516530009,90.25352921350498,-8.50629483469991,6.774677223157899
2021-06-30,220.8000030517578,220.8000030517578,215.3699951171875,216.05999755859372,1633700.0,-1,-2.4295542013625493,1.3312336730791963,215.33417723226182,206.26398910968874,9.070188122573086,64.8785608930321,64.29541337684414,82.23480062962703,-35.70458662315587,1.7854587128891541
2021-07-01,214.97999572753903,217.47999572753903,211.1909942626953,213.72000122070312,1063000.0,-1,-1.0830308082624196,1.3229210131034823,215.08584246125278,206.8162863030972,8.26955615815558,58.02871196924279,39.9882445492162,65.25912103045349,-60.0117554507838,-0.6600344766077182
2021-07-02,215.33999633789065,218.6000061035156,214.0,214.77999877929688,837500.0,1,0.4959748982497514,1.4045689135898731,215.03878958710573,207.40619093096385,7.63259865614188,54.876281671421246,46.212540700560446,50.165399542206934,-53.787459299439554,-1.7474872907413341
2021-07-06,217.06500244140625,225.69500732421875,217.0,225.0,2754400.0,1,4.758357984350758,2.7068482519312607,216.57128349678177,208.70943604718875,7.861847449593029,71.72464163694036,96.06785174416346,60.756212331313385,-3.9321482558365335,3.969315739813295
2021-07-07,227.0,231.58999633789065,223.2700042724609,227.8999938964844,2624000.0,1,1.288886176215298,2.728916001966179,218.31416201981295,210.13095885084027,8.183203168972682,70.27235847820613,84.34449009926313,75.54162751466235,-15.655509900736877,3.7748705719652165
2021-07-08,222.0200042724609,227.5,220.0,227.1699981689453,1742000.0,-1,-0.3203140619085221,2.2661136818929477,219.6765983504487,211.39310991144063,8.283488439008067,66.52018342395291,78.33228237022465,86.24820807121709,-21.667717629775353,3.7969466944252073
2021-07-09,227.1699981689453,228.3600006103516,224.0,227.7899932861328,910000.0,0,0.2729212141501236,2.01786550819825,220.92481295593856,212.60769386512155,8.317119090817016,63.68780064753283,81.37162279924199,81.3494650895766,-18.628377200758003,3.710614605323337
2021-07-12,232.5200042724609,236.4600067138672,227.5,227.97000122070312,1541000.0,1,0.07902363575040816,2.0673646253641866,222.00868807359467,213.7456425581276,8.26304551546707,68.31431947536066,66.40151446531766,75.36847321159479,-33.59848553468234,4.172000107656593
2021-07-13,230.0,234.75999450683597,226.30999755859372,227.17999267578125,1511300.0,1,-0.34654057143117534,0.666131323866844,222.804273397008,214.74077960387973,8.06349379312826,62.98454491919123,63.27512182750313,70.34941969735426,-36.72487817249687,2.6709397067860463
2021-07-14,229.91000366210935,231.0,223.25,224.50999450683597,1426600.0,1,-1.1752787459394676,0.5569043791539183,223.06669202928924,215.46442515224686,7.602266877042382,59.0923600975148,52.70882773862803,60.79515467714962,-47.29117226137197,1.3863764593490924
2021-07-15,227.1499938964844,227.25,218.33999633789065,219.30999755859372,1354800.0,1,-2.316153879770333,1.0625666202252473,222.48873903379763,215.7492823675318,6.7394566662658235,49.53507779659505,32.13027541771575,49.371408327948984,-67.86972458228425,1.5042118100175417
2021-07-16,221.7400054931641,223.43499755859372,217.8800048828125,221.16000366210935,1489500.0,1,0.8435575779081272,1.2128346272124984,222.28431820738405,216.15007653750052,6.134241669883522,53.17461245440939,39.4515195980748,41.430207584806205,-60.5484804019252,3.481191464959399
2021-07-19,217.5,223.5500030517578,216.4499969482422,223.00999450683597,1289300.0,-1,0.836494309139657,1.3551684889192201,222.39596071499201,216.65821860930316,5.737742105688852,52.4193418351457,46.772703393054584,39.451499469615065,-53.227296606945416,3.8318259494898532
2021-07-20,227.0800018310547,230.2100067138672,221.67999267578125,229.1100006103516,1747100.0,1,2.7353061538812007,1.9664900942277972,223.42888992966272,217.58057283160304,5.848317098059681,59.15492752530413,70.9129665525384,52.37906318122261,-29.08703344746159,1.8266669379340295
2021-07-21,228.8800048828125,232.60499572753903,226.3600006103516,231.05999755859372,1263700.0,-1,0.8511182152884267,1.8194300246304906,224.60290648795979,218.57904873730607,6.023857750653718,69.50078436382418,78.62991612470778,65.43852869010027,-21.370083875292227,1.3865747023866337
2021-07-22,232.0,237.4499969482422,230.6499938964844,235.58999633789065,1265100.0,1,1.9605292249465167,0.8682406471192227,226.29322800333378,219.83911892994198,6.454109073391805,76.90036703680647,92.06822664217464,80.53703643980695,-7.931773357825361,3.706474550694594
2021-07-23,237.13999938964844,240.2899932861328,234.6999969482422,238.72000122070312,1309600.0,1,1.3285814047568234,0.8092819166528081,228.20503926754446,221.23770280333167,6.967336464212792,78.01966497815114,93.41446180117744,88.03753485601995,-6.585538198822564,4.798282741437565
2021-07-26,235.72999572753903,237.31500244140625,230.8800048828125,234.5200042724609,850600.0,-1,-1.7593820906356306,1.7084734843967735,229.17657234522392,222.22157698623013,6.954995358993784,62.97003414726013,75.79702223149572,87.09323689161594,-24.202977768504283,2.8731863914921663
2021-07-27,236.1999969482422,238.0,228.72999572753903,233.02999877929688,1032200.0,1,-0.6353426002128848,1.5184642091105667,229.76940718123515,223.0222008227536,6.747206358481549,57.268353132136966,69.54699822962176,79.58616075409832,-30.453001770378233,2.5750533903152517
2021-07-28,234.6100006103516,238.5,231.3600006103516,236.83999633789065,819100.0,1,1.6349815811492308,1.62030195579995,230.85719012841292,224.04574123128225,6.811448897130674,62.6009845634544,85.52853406794014,76.95751817635255,-14.471465932059855,5.4919612189822775
2021-07-29,235.01499938964844,239.5,234.8699951171875,237.02999877929688,808500.0,-1,0.08022396738056603,1.4017451980562927,231.80685299777969,225.00753808669074,6.799314911088942,62.17712332948712,86.3255242969371,80.46701886483301,-13.674475703062894,8.07988756461906
2021-07-30,235.97000122070312,239.08999633789065,235.25,235.91000366210935,955000.0,-1,-0.4725119701959657,1.2385998790239174,232.43810694613808,225.81512812931433,6.622978816823746,60.21090720710814,81.6275574796879,84.49387194818839,-18.372442520312106,6.669379524217778
2021-08-02,237.0,242.1100006103516,229.5,239.0399932861328,1837700.0,1,1.3267727419081776,1.0390725952812316,233.4537817676757,226.79474777056015,6.659033997115557,64.38622592121914,88.035826632589,85.32963613640469,-11.964173367410991,7.1880181041865665
2021-08-03,239.50999450683597,244.8699951171875,238.32000732421875,243.07000732421875,1039700.0,1,1.6859162279434958,0.9853744881581009,234.93320108406695,228.00032255231264,6.932878531754312,71.79428372387531,93.66647463427493,87.77661958218395,-6.333525365725063,6.093145945911371
2021-08-04,243.6300048828125,248.8350067138672,242.9900054931641,247.92999267578125,1212200.0,1,1.999417947554516,1.0678798681868924,236.93270748279224,229.47659441331032,7.4561130694819155,83.87784296159289,97.20545386697223,92.96925171127873,-2.7945461330277652,7.30113186853536
2021-08-05,248.0,249.7100067138672,245.6199951171875,247.6699981689453,979900.0,1,-0.10486609709053907,1.106934057520765,238.58459835758504,230.82425395076478,7.760344406820252,82.60763645549964,93.86648242349504,94.91280364158074,-6.133517576504959,5.127552960155879
2021-08-06,247.0,247.42999267578125,237.8600006103516,242.0500030517578,1405800.0,-1,-2.2691465089582197,1.7584386557134875,239.1177375413039,231.6557909212087,7.461946620095205,71.43180534696751,72.67213761755059,87.91469130267262,-27.327862382449407,1.3949404381813801
2021-08-09,241.5,245.5800018310547,239.88499450683597,245.0399932861328,701000.0,-1,1.235277916412847,1.7484912193503583,240.02885380973913,232.64721331861048,7.38164049112865,69.28105226998211,79.99994772150723,82.17952258751764,-20.000052278492785,4.485753377971968
2021-08-10,246.7100067138672,247.6699981689453,238.07000732421875,240.5,1051100.0,1,-1.8527560441252033,1.8654402773630103,240.10133783901003,233.22890122093563,6.872436618074403,60.751720177905824,56.10103960446452,69.59104164784078,-43.898960395535475,3.20559638666007
2021-08-11,241.57899475097656,243.33399963378903,235.3000030517578,237.6699981689453,1174900.0,1,-1.1767159380684733,1.4167312990069256,239.727285582077,233.55787136523264,6.169414216844359,52.46445910623195,42.61200076221183,59.570996029394536,-57.38799923778817,0.350448338071474
2021-08-12,235.17999267578125,244.1999969482422,235.17999267578125,242.94000244140625,767600.0,-1,2.21736202005387,1.9828937018248862,240.22154971428148,234.2528440375418,5.968705676739688,54.758687949608095,67.73116907864022,55.481403148438865,-32.26883092135978,2.4933568293236563
2021-08-13,244.0,246.9900054931641,242.3999938964844,245.1499938964844,870300.0,1,0.9096861088618624,1.7126149627568534,240.97977189615887,235.0600403233894,5.919731572769479,62.550176602183406,78.26496458770033,62.86937814285081,-21.735035412299663,3.9167437119832282
2021-08-16,244.0,245.1999969482422,237.3000030517578,243.42999267578125,973000.0,-1,-0.7016117738226191,1.6568702254541228,241.35672893917769,235.68003679393692,5.676692145240764,62.21231168384384,68.92621498350677,71.64078288328245,-31.07378501649323,1.836512513784072
2021-08-17,243.42999267578125,243.42999267578125,237.0,241.47000122070312,1053400.0,0,-0.8051561081417691,1.4344048525398534,241.37415544402776,236.10892304777147,5.265232396256295,55.68378415436678,59.228091262779515,68.80642361132888,-40.771908737220485,-0.6582490868079272
2021-08-18,242.1499938964844,244.83999633789065,237.5800018310547,242.5399932861328,860800.0,1,0.44311593987682585,1.2479572864973796,241.55351511204393,236.58529862098342,4.9682164910605024,56.62100758026642,64.52245895190802,64.2255883993981,-35.47754104809197,-2.1740005440555765
2021-08-19,242.0,245.6300048828125,241.69000244140625,244.8800048828125,1108500.0,-1,0.9647941211571975,0.8607780181601907,242.06528276908523,237.19972130704483,4.865561462040404,60.47164420300802,76.10093900789968,66.61716307419574,-23.899060992100313,-1.1264962679208512
2021-08-20,246.6499938964844,250.0,243.63999938964844,246.3999938964844,1140400.0,1,0.6207076867706274,0.8059974329918078,242.73216140406973,237.88122298033664,4.8509384237330835,58.92771538810933,75.70847284513488,72.11062360164753,-24.291527154865115,1.7971455442602924
2021-08-23,248.9900054931641,252.6499938964844,246.22999572753903,250.80999755859372,1148100.0,1,1.7897742578524722,0.9418210555279127,243.97490542784266,238.83890998613347,5.135995441709184,59.30288516205512,89.46768054194433,80.42569746499298,-10.532319458055673,2.3547194052210507
2021-08-24,258.9739990234375,259.8399963378906,255.6300048828125,257.9700012207031,1663600.0,1,2.854752095931379,0.9948854768252716,246.12799708828274,240.25602785536086,5.871969232921884,61.43509899799375,92.41689035082834,85.86434791263586,-7.583109649171657,7.264033771602141
2021-08-25,258.3500061035156,263.54998779296875,256.9700012207031,263.0299987792969,1458100.0,1,1.961467432123909,0.879807028053418,248.72830504074645,241.9429886645413,6.785316376205145,65.7700320309462,98.16711630888915,93.35056240055394,-1.832883691110853,10.670257418155348
2021-08-26,263.0,270.8999938964844,262.54901123046875,266.9700012207031,1713400.0,-1,1.497928928141845,0.8070764973928551,251.53471983766286,243.79684144647922,7.737878391183642,76.49937481766187,88.99778123886668,93.19392929952807,-11.002218761133319,9.891330591013968
2021-08-27,268.6679992675781,275.0,266.7699890136719,273.7300109863281,1315300.0,1,2.5321233601960147,0.5546621667506445,254.9493800143806,246.0141132642458,8.935266750134815,78.24376992783391,96.81067609221795,94.65852454665793,-3.1893239077820574,11.658175729717435
2021-08-30,275.6499938964844,279.2900085449219,272.57000732421875,278.1700134277344,1503900.0,1,1.6220371399568556,0.5844462772149637,258.5217851548966,248.39603179487457,10.125753360022003,87.15724167825596,97.46090520459084,94.42312084522517,-2.5390947954091505,14.271051964505688
2021-08-31,276.760009765625,279.1400146484375,273.1099853515625,278.3399963378906,1593800.0,-1,0.061107560826423324,0.9161656637778317,261.570740721511,250.6141032425054,10.956637479005622,92.33813462748745,97.84626645828101,97.37261591836328,-2.153733541718988,15.268975413425533
2021-09-01,276.1400146484375,279.5299987792969,275.5599975585937,276.7099914550781,1489400.0,-1,-0.5856164777820028,1.2624092721262063,263.8998562189829,252.54713199899226,11.352724219990648,88.03784758530173,93.36936890392883,96.22551352226691,-6.630631096071176,14.088397425093424
2021-09-02,277.1099853515625,284.7900085449219,276.3500061035156,282.20001220703125,1591200.0,1,1.9840341590427801,1.3250501886166783,266.7152648325288,254.74364164403218,11.971623188496636,88.8609270760045,94.58046479431769,95.26536671884253,-5.419535205682309,15.240120295684513
2021-09-03,282.54998779296875,288.8699951171875,281.3800048828125,287.3999938964844,1786400.0,1,1.8426582085468768,1.1683189214907415,269.89753084236816,257.16263069976935,12.734900142598804,92.98143349702849,97.16598928266329,95.03860766030328,-2.834010717336716,16.639610801786198
2021-09-07,293.44000244140625,293.44000244140625,280.04998779296875,282.9049987792969,1991100.0,1,-1.5640206028697756,1.54275565466029,271.8986797557418,259.0694727797343,12.82920697600747,88.59085353721969,81.14034452739138,90.96226620145747,-18.859655472608615,12.796539824217001
2021-09-08,282.2550048828125,283.989990234375,277.20001220703125,280.6600036621094,2558200.0,-1,-0.7935508834677418,1.6274592868553486,273.2465757413368,260.668771363614,12.577804377722828,84.74299120658748,75.30435018493357,84.5368946649961,-24.695649815066425,8.795597291947942
2021-09-09,280.4200134277344,284.25,278.6300048828125,280.2200012207031,3115400.0,-1,-0.15677418786610442,1.588064202565511,274.3194104304701,262.1170106122873,12.202399818182812,83.36480555124977,73.45381443659069,76.63283638297189,-26.546185563409303,6.535377151345401
2021-09-10,289.0299987792969,289.0299987792969,269.5199890136719,270.6400146484375,4536200.0,1,-3.418737609925415,1.925960945611831,273.75334954092665,262.7483442445947,11.005005296331944,69.86236079665795,51.70517993959191,66.8211148537054,-48.29482006040809,1.3746913177336229
2021-09-13,267.6000061035156,269.54998779296875,260.1199951171875,267.8399963378906,2936100.0,-1,-1.034591397796114,1.2398497598619278,272.8436028943057,263.1255036589129,9.718099235392799,64.33260202789577,32.293023653747746,52.48400600997679,-67.70697634625225,-2.1517606444445336
2021-09-14,269.94000244140625,276.0,269.07000732421875,275.79998779296875,2291100.0,1,2.9719203867656363,2.2946727648934786,273.2984313402539,264.0643543355097,9.234077004744222,64.80650149698855,51.63143938030993,45.20988099121653,-48.36856061969007,-0.8520061546394286
2021-09-15,275.8699951171875,278.0299987792969,270.1600036621094,273.44000244140625,1429300.0,1,-0.8556872574389085,2.296919580559548,273.32021150966193,264.7588467877983,8.56136472186364,59.050606345387365,39.97600359030252,41.3001555414534,-60.02399640969748,-1.7604347060980907
2021-09-16,273.25,274.6400146484375,266.7099914550781,274.3900146484375,2276200.0,-1,0.34742985611069255,2.3265645812334266,273.4847966079351,265.4722666293271,8.012529978607972,56.80485594547137,42.82718005550315,44.811541008705206,-57.17281994449685,-0.8384145416799105
2021-09-17,273.3299865722656,276.510009765625,269.6700134277344,275.6600036621094,4428500.0,-1,0.4628408272433049,1.6010897419704238,273.8194438470388,266.2269138169406,7.592530030098203,51.968176550185675,46.63867085535294,43.147284833719546,-53.36132914464706,-2.317508243098132
2021-09-20,268.00299072265625,275.0,267.2799987792969,269.9800109863281,1911700.0,-1,-2.060506638730042,1.8705038085559544,273.2287618684679,266.504921014673,6.723840853794911,41.853979308494296,29.591877856442853,39.68590958909966,-70.40812214355715,-6.061232874079526
2021-09-21,272.2300109863281,275.739990234375,269.4800109863281,272.3299865722656,1227800.0,1,0.8704257686901418,1.2005381771299761,273.0904887459753,266.93640735227245,6.154081393702825,44.27071938929877,36.644624163102314,37.62505762496604,-63.355375836897686,-3.738008254594738
2021-09-22,273.9599914550781,279.1700134277344,271.1499938964844,277.70001220703125,1717300.0,1,1.9718818710919406,1.476451610044695,273.79964620152236,267.7337114155879,6.065934785934473,50.88095857504184,52.76114413416008,39.66588205123509,-47.23885586583992,-1.05465382186829
2021-09-23,279.94000244140625,281.8999938964844,276.3599853515625,280.0199890136719,1699800.0,1,0.8354255328267834,1.4948635512558066,274.7566220187761,268.643806052483,6.1128159662931125,47.94414734565205,59.723858109778995,49.7098754690138,-40.276141890221005,-0.07137684896151297
2021-09-24,280.0,280.3999938964844,271.29998779296875,279.989990234375,1126200.0,-1,-0.010713084948876794,1.5061142253628124,275.56175559040673,269.4842641400306,6.077491450376158,42.25704057598885,59.63382577873845,57.37294267422585,-40.36617422126155,3.454764661494414
2021-09-27,277.70001220703125,279.572998046875,271.2099914550781,272.7300109863281,1630600.0,-1,-2.592942426966649,1.7202203048412492,275.1261025743946,269.72468983234893,5.401412742045693,39.94862982725875,43.61817458248137,54.32528615699962,-56.38182541751863,1.8257223399408051
2021-09-28,267.989990234375,268.0,256.010009765625,258.739990234375,3149000.0,-1,-5.129622772850784,2.862241739535222,272.6051622143916,268.91100838064716,3.6941538337444513,32.42460767804421,8.267660136469628,37.17322016589649,-91.73233986353037,-6.185641157968414
2021-09-29,263.4100036621094,265.4200134277344,256.79998779296875,258.8800048828125,2244000.0,1,0.054114034831131974,2.468299374850885,270.49359954799485,268.16797108451124,2.3256284634836106,32.80695482501066,8.691690103225604,20.192508274058877,-91.30830989677439,-5.32475037616843
2021-09-30,260.4100036621094,263.5199890136719,258.29998779296875,262.2200012207031,1355300.0,1,1.29017161422047,2.5758552334401847,269.22073826687307,267.72738072422914,1.4933575426439347,42.45788523264606,23.986076714802508,13.648475651499256,-76.01392328519749,-4.435297488258538
2021-10-01,263.1700134277344,264.8500061035156,257.09698486328125,263.1600036621094,1135300.0,1,0.35847854360091524,2.6260596612257534,268.2883175584479,267.3890564974055,0.8992610610424094,45.66345805809429,27.616833831744195,20.09820021659078,-72.38316616825581,-4.534571513436491
2021-10-04,261.3500061035156,261.3500061035156,248.3300018310547,251.8600006103516,2245600.0,-1,-4.293966748179068,2.9421475772419394,265.7608841818177,266.2387560613274,-0.47787187950973475,29.109948815126515,10.515339927446957,20.70608349133123,-89.48466007255304,-6.711611837401598
2021-10-05,253.4499969482422,260.0,252.5,258.5,1506500.0,1,2.6363850446903703,2.60692569111575,264.64382507692267,265.66551487159944,-1.0216897946767745,37.86943350184577,30.294907872255223,22.80902721048214,-69.70509212774478,-5.078392852120118
2021-10-06,256.2799987792969,265.614990234375,255.10499572753903,264.25,1900600.0,-1,2.2243713733075543,2.7905160579679626,264.58323660354995,265.5606619181476,-0.9774253145976672,42.36214329291139,47.42330036276564,29.41118272082262,-52.57669963723436,-4.843360322578594
2021-10-07,266.0199890136719,274.239990234375,265.5799865722656,269.8800048828125,1706700.0,1,2.1305600313386908,2.87822341930713,265.3981240311288,265.88061324886354,-0.48248921773472375,45.91461720580774,64.19424529429652,47.30415117643914,-35.80575470570348,-3.621164391362175
2021-10-08,272.29998779296875,272.29998779296875,266.0,266.6600036621094,1230200.0,1,-1.193123300150123,2.993609626693424,265.592259358972,265.9383458720669,-0.34608651309491734,47.56882880523322,54.602341863318124,55.4066291734601,-45.397658136681876,-4.7608796875585835
2021-10-11,263.6000061035156,271.1700134277344,262.0199890136719,267.70001220703125,1224400.0,-1,0.390012949313423,1.6089215739033116,265.9165290279042,266.0688396746569,-0.15231064675271,46.543249088392024,57.70037221999752,58.83231979253739,-42.29962778000248,-1.8443143683036123
2021-10-12,270.0799865722656,278.3399963378906,266.7650146484375,277.7200012207031,1889200.0,1,3.742991616273339,1.8993350958094155,267.7324478267963,266.9318886780677,0.8005591487286097,50.013954911361814,87.5484251898713,66.61704642439565,-12.451574810128712,7.335553722922938
2021-10-13,279.7799987792969,287.9700012207031,279.32000732421875,286.6400146484375,1960900.0,1,3.2118728894307003,2.0446092168601346,270.64130426089497,268.39174986105803,2.2495543998369385,54.23166897765764,96.64483705160465,80.63121148715783,-3.3551629483953445,10.723118526744146
2021-10-14,290.0,294.44000244140625,288.6600036621094,293.8900146484375,1544100.0,1,2.5293049223752195,2.0752706484445644,274.2180289359015,270.2805102156787,3.9375187202227835,58.13437444525287,98.80722666300447,94.33349630149348,-1.192773336995531,12.077649790367673
2021-10-15,294.5,294.989990234375,291.6099853515625,292.70001220703125,1433200.0,1,-0.4049142135127526,1.8101211835638733,277.0614109776138,271.94121406689,5.1201969107237915,62.5803118888895,95.09220189351612,96.84808853604176,-4.907798106483875,11.225113289955146
2021-10-18,292.510009765625,301.3299865722656,291.6000061035156,301.3099975585937,1766300.0,-1,2.941573280657206,1.630969223434985,280.791962759303,274.1166795107199,6.675283248583071,78.767397881217,99.96228486900604,97.95390447517555,-0.03771513099397005,19.633922349085253
2021-10-19,301.5,303.6099853515625,297.4100036621094,298.0299987792969,1587600.0,1,-1.0885794715985053,2.023501951206459,283.44396830084054,275.8880364935775,7.55593180726305,75.37922430833954,89.90595471108352,94.98681382453525,-10.09404528891648,15.292069160269595
2021-10-20,300.2080078125,301.7699890136719,294.3999938964844,297.6700134277344,789000.0,1,-0.12078829414386982,1.832970298959433,285.63259062805497,277.501516266478,8.131074361576964,73.90425834459313,89.2547509142717,93.04099683145375,-10.745249085728307,12.647119556380094
2021-10-21,298.70001220703125,305.7699890136719,298.4110107421875,305.69000244140625,1205100.0,1,2.6942549305924324,1.8735558955884304,288.7183462916475,279.5895522794356,9.12879401221187,76.17875723585745,99.86074757988486,93.00715106841336,-0.13925242011514757,13.268859089484298
2021-10-22,305.7300109863281,309.69000244140625,304.010009765625,307.8699951171875,941500.0,1,0.713138361860266,1.7561982531525204,291.66475380326904,281.6843998970469,9.980353906222149,88.83651209033653,96.81761278803332,95.3110370940633,-3.1823872119666894,15.454132936747488
2021-10-25,308.0,314.1059875488281,305.57000732421875,311.20001220703125,1139000.0,1,1.0816309295019755,1.412963835848826,294.6701781730786,283.87074154963835,10.799436623440272,88.2994342714238,95.07470086164157,97.25102040985325,-4.925299138358422,16.249532318421565
2021-10-26,313.8800048828125,316.0,307.8900146484375,315.32000732421875,1814600.0,1,1.323905834054595,1.0277064663420679,297.8470749655617,286.2003167921998,11.646758173361889,88.01549822673614,98.74028800039801,96.87753388335766,-1.2597119996019939,13.538818211956949
2021-10-27,316.20001220703125,319.8399963378906,309.010009765625,310.1000061035156,1419200.0,1,-1.6554614675420187,1.57907185848012,299.7321412944777,287.97066414859364,11.761477145884044,80.12283831849743,83.15463680286449,92.32320855496805,-16.84536319713551,8.1844788780979
2021-10-28,310.94000244140625,316.989990234375,308.239990234375,316.3399963378906,1351300.0,1,2.012250922785208,1.3968852927797641,302.28719591654124,290.07209616261565,12.215099753925585,85.59760337626561,93.94673200165097,91.94721893497116,-6.053267998349032,7.638905907132854
2021-10-29,315.95001220703125,319.989990234375,314.0,318.8599853515625,1084900.0,-1,0.7966077773422731,1.397653415998442,304.8368558296214,292.204532398834,12.632323430787437,85.89672323371794,97.87692738160493,91.65943206204014,-2.12307261839507,8.937469099259165
2021-11-01,319.4599914550781,321.5,315.1300048828125,318.67999267578125,1472400.0,1,-0.05644881266076984,1.4149290141011612,306.96656919056903,294.16567760453376,12.800891586035277,83.3442064504333,93.31434847346966,95.04600261890853,-6.685651526530329,5.76482534862115
2021-11-02,318.510009765625,326.20001220703125,317.38299560546875,325.8699951171875,1585400.0,-1,2.2561825676710168,1.602274879726239,309.8747885638949,296.514145568434,13.360642995460921,82.86146672665555,99.12089234223578,96.77072273243681,-0.8791076577642181,9.341340285179566
2021-11-03,328.5,329.0,321.3099975585937,327.5,1298800.0,1,0.5002009719324851,0.9947517255804685,312.586359554065,298.8093940448463,13.776965509218712,81.08009870389066,95.9893041583063,96.14151499133725,-4.0106958416937095,10.021159413663106
2021-11-04,329.0,333.8800048828125,325.1600036621094,331.8999938964844,1413700.0,1,1.3435095867127878,0.8800750495316435,315.5576879144372,301.26054958941205,14.297138325025173,84.21789830197844,95.31690860100575,96.80903503384928,-4.683091398994248,8.574042737986499
2021-11-05,333.95001220703125,338.5400085449219,332.1099853515625,338.489990234375,1888000.0,1,1.9855367457300988,0.9774199346727955,319.0857344251969,304.01828593348336,15.067448491713549,83.64099454482607,99.8866826145273,97.06429845794646,-0.11331738547269736,9.945754897463232
2021-11-08,340.54998779296875,351.8999938964844,339.3699951171875,350.1700134277344,1944000.0,1,3.450625876786484,1.096298552151418,323.867931194818,307.43693241453894,16.430998780279083,90.9519609206092,96.99133831521739,97.39830984358349,-3.008661684782609,12.522493474318264
2021-11-09,353.3999938964844,356.45001220703125,347.7200012207031,352.6099853515625,2009400.0,1,0.6967963646983266,1.190007132036447,328.289785680471,310.78308448394813,17.506701196522897,91.78582718981397,93.3837130919718,96.75391134057217,-6.616286908028196,11.826074198013515
2021-11-10,348.2699890136719,350.614013671875,333.7300109863281,337.1099853515625,2229100.0,-1,-4.395791566862761,2.9818026271271267,329.6467394760235,312.73322528895665,16.91351418706688,71.45588328459633,63.119706416722046,84.49825260797043,-36.880293583277954,8.710086654764716
2021-11-11,343.1700134277344,348.2699890136719,342.2300109863281,343.6199951171875,1680900.0,1,1.931123386581346,3.0288467206474126,331.7964711131257,315.0211341651219,16.77533694800377,73.04964901828221,74.78377386284845,77.09573112384744,-25.216226137151548,8.623632514099944
2021-11-12,346.760009765625,349.57000732421875,343.1600036621094,349.07000732421875,1330200.0,1,1.586057937394636,2.9926208644449623,334.45393822252464,317.5432729176476,16.910665304877057,73.76679003426764,84.80229560574504,74.23525862843853,-15.197704394254952,9.474384795993718
2021-11-15,352.9100036621094,352.9100036621094,341.8299865722656,345.79998779296875,1235700.0,1,-0.936780434479656,2.5826649474568737,336.19948431028524,319.63636290841214,16.563121401873104,69.33517992669897,77.90910690705974,79.16505879188442,-22.090893092940256,8.510102843129808
2021-11-16,345.79998779296875,355.4100036621094,345.6099853515625,353.75,1426600.0,0,2.2990203839425627,2.81443038570269,338.8995636471644,322.1632989892705,16.736264657893912,76.76271250501921,94.3994794099811,85.7036273075953,-5.600520590018902,8.55556059182019
2021-11-17,352.75,358.1300048828125,345.739990234375,356.0,1655200.0,-1,0.6360424028268641,1.2969533191805291,341.53040000913916,324.6697212863616,16.86067872277755,75.56729583901078,95.17334093103153,89.16064241602413,-4.826659068968474,8.702290076335872
2021-11-18,358.260009765625,369.8999938964844,358.1199951171875,365.6499938964844,1772200.0,1,2.7106724428326956,1.4582086663948024,345.2411067610384,327.7052970352596,17.53580972577879,77.62427106834544,92.24027596766707,93.93769876955992,-7.759724032332926,10.168725706733884
2021-11-19,372.5,376.1099853515625,367.5400085449219,368.7799987792969,1824500.0,1,0.8560111951481764,1.4538168050324307,348.86247476384744,330.7478675348179,18.11460722902956,78.58282763810294,87.5185385732236,91.64405182397407,-12.481461426776404,8.948568471389272
2021-11-22,367.0700073242188,368.0,342.2200012207031,343.8599853515625,2518400.0,-1,-6.757420009279902,3.8542248347748167,348.0928610081113,331.71913552124346,16.37372548686784,58.536576182689465,41.14962192721896,73.63614548936988,-58.85037807278104,-1.8019898432776849
2021-11-23,336.6000061035156,345.5790100097656,330.6600036621094,336.1099853515625,2671300.0,-1,-2.253824326804532,3.69469653136274,346.24934167633455,332.0443836568227,14.204958019511878,53.86132450990965,21.491630274167147,50.05326359153657,-78.50836972583285,-4.6793910227893925
2021-11-24,334.7699890136719,343.7049865722656,328.4750061035156,342.4700012207031,1462800.0,-1,1.8922424641708346,3.8690999635783823,345.6679046831605,332.81665162451753,12.851253058642953,54.65844006184748,29.379660363264087,30.673637521550074,-70.62033963673592,1.5899902411822042
2021-11-26,343.0400085449219,347.6499938964844,335.3800048828125,336.8999938964844,839700.0,1,-1.6264219652421974,3.363497734100282,344.3189953313642,333.11912142244097,11.199873908923223,49.292895514220675,17.6865570762565,22.852615904562587,-82.3134429237435,-1.9556490647208546
2021-11-29,342.2699890136719,358.3599853515625,342.2699890136719,355.9200134277344,2288000.0,1,5.64559806346987,4.661525307207906,346.1037673461904,334.808076385796,11.295690960394381,52.40043255077044,57.615239383869465,34.89381894113003,-42.384760616130535,1.9623588276816095
2021-11-30,355.8800048828125,358.82000732421875,343.69000244140625,346.9700012207031,3887400.0,-1,-2.5146133595683406,3.5085727452238933,346.23703409611545,335.70895970690026,10.528074389215192,47.76687569947126,38.82649978890424,38.042765416343414,-61.17350021109576,0.3383497596983309
2021-12-01,371.05999755859375,373.739990234375,314.70001220703125,318.2099914550781,5676000.0,1,-8.288903843110962,5.204356081536411,341.9251813821097,334.4127398363949,7.5124415457148075,43.22775684200881,5.715650192169885,34.052463121647875,-94.28434980783011,-10.046645525066255
2021-12-02,318.2200012207031,334.739990234375,316.510009765625,331.9700012207031,2609800.0,1,4.324191614067385,5.635499072484604,340.39361520343175,334.23179623523254,6.1618189681992135,46.03175164172948,28.122450034339124,24.221533338471094,-71.87754996566088,-6.749999657105866
2021-12-03,330.0,330.0,300.5400085449219,313.3500061035156,2632000.0,-1,-5.608939075434227,6.098344546772128,336.2330599572908,332.6849969662165,3.548062991074289,38.83471621973022,16.951173071510173,16.929757766006404,-83.04882692848983,-14.303292401469282
2021-12-06,301.94000244140625,304.1669921875,265.3299865722656,274.3599853515625,7468600.0,-1,-12.442961542203612,6.317814456754052,326.71412540256335,328.3646257355014,-1.6505003329380656,31.74571735761097,8.151289834627121,17.741637646825485,-91.84871016537288,-25.60334447103292
2021-12-07,286.0,300.44000244140625,285.010009765625,297.760009765625,4002800.0,1,8.528949432650656,8.804141285197502,322.25964607380365,326.0976171451402,-3.83797107133654,36.74040719759386,29.27425848592811,18.125573797355145,-70.72574151407188,-13.40661244395881
2021-12-08,298.3800048828125,313.4100036621094,293.20001220703125,311.8099975585937,3206300.0,1,4.718561033104418,8.659500579256305,320.6520078406944,325.0392749535441,-4.387267112849713,40.08882167137075,41.95704233480682,26.460863551787366,-58.04295766519318,-7.229772649435462
2021-12-09,313.0,317.7799987792969,300.2650146484375,303.0400085449219,3579700.0,1,-2.8126067420348844,8.330700968248173,317.94246948749867,323.40969966401656,-5.467230176517887,35.90183418731199,34.04046072232282,35.09058718101926,-65.95953927767718,-11.513415053942433
2021-12-10,303.5,311.8699951171875,300.5,305.75,1929400.0,1,0.8942685383657611,8.0358175716686,316.0667049509604,322.1015737629783,-6.034868812017919,35.780361107764335,37.28439448606131,37.760632514396995,-62.71560551393869,-9.246065438058604
2021-12-13,311.1000061035156,320.989990234375,304.1700134277344,308.5400085449219,2417100.0,1,0.9125130155100081,4.317961841778696,314.90875165772366,321.09701337645566,-6.188261718732008,41.14787954939248,39.85796560558431,37.06094027132282,-60.14203439441569,-13.311981089940161
2021-12-14,285.44000244140625,287.8299865722656,272.5199890136719,284.3399963378906,5116800.0,-1,-7.843395195702096,4.741158877115943,310.2058662239032,318.37427137359896,-8.168405149695786,38.013437337528764,17.535291138698884,31.55921707678151,-82.46470886130112,-18.050553264682488
2021-12-15,282.9700012207031,309.0400085449219,281.5570068359375,307.239990234375,2972400.0,-1,8.053736439270253,5.826622366249116,309.7495776101296,317.54950980773054,-7.799932197600924,42.42333033832639,38.658797386202316,32.017351376828515,-61.341202613797684,-3.447409419968439
2021-12-16,305.0,307.19000244140625,291.7799987792969,295.25,3188400.0,-1,-3.9024836009233566,5.969346200275925,307.51887336241737,315.8976942664172,-8.378820903999838,41.28333208790071,27.59894144177747,27.9310099888929,-72.40105855822253,-11.061240800577831
2021-12-17,286.7099914550781,307.07000732421875,285.0,304.8699951171875,9125500.0,-1,3.2582540617061895,6.184940991922952,307.111353632382,315.08082766277056,-7.96947403038854,38.87847820349081,36.47265677451646,34.2434652008321,-63.52734322548354,-2.7062424832143606
2021-12-20,298.45001220703125,308.489990234375,294.5400085449219,305.94000244140625,2154400.0,-1,0.35097167361697323,6.1714852891693015,306.9311457568473,314.40372949822506,-7.472583741377775,40.743583398979915,37.45965731696984,33.84375184442126,-62.54034268303016,11.510431103638297
2021-12-21,307.8800048828125,320.6849975585937,300.1099853515625,319.4200134277344,3284700.0,1,4.406096253761338,4.489989563632742,308.85251001390685,314.7753060855961,-5.922796071689277,50.29319645212328,77.92828699272388,50.6202003614034,-22.07171300727612,7.27431587578149
2021-12-22,319.0799865722656,322.4800109863281,314.0199890136719,322.010009765625,1292300.0,-1,0.8108434753655747,3.2090263952673497,310.87674074494043,315.3112100618946,-4.434469316954164,47.44851156073205,87.64498442032422,67.67764291000599,-12.35501557967578,3.271226800582161
2021-12-23,322.0,326.239990234375,316.75,323.0,940900.0,-1,0.30744082617044644,1.8855051758376804,312.74185755341114,315.8807500573098,-3.13889250389866,52.71754235462986,94.68069276050542,86.7513213911845,-5.3193072394945835,6.586586223686464
2021-12-27,326.8500061035156,332.5,326.3900146484375,329.8900146484375,1242500.0,1,2.133131470104499,1.7329122852506493,315.38003556803056,316.9184733603563,-1.5384377923257375,69.08904250136277,95.64857473574418,92.65808397219128,-4.351425264255822,7.895344120502856
2021-12-28,331.54998779296875,332.04998779296875,321.6499938964844,324.6600036621094,949600.0,1,-1.5853802037329667,2.227958397712055,316.8077229671196,317.49192004937504,-0.6841970822554231,60.567251003485985,86.92898482516505,92.41941744047155,-13.07101517483496,5.224604482643791
2021-12-29,326.0,326.0,317.0,323.17999267578125,1068400.0,1,-0.45586489547029263,1.3901958004103634,317.78807215306756,317.9132587624421,-0.12518660937456616,54.955972861681545,84.46147779742294,89.01301245277739,-15.53852220257705,13.659702060253176
2021-12-30,323.17999267578125,329.67999267578125,323.0050048828125,324.5899963378906,1192000.0,0,0.43629051737863467,1.361681951326268,318.8345220276557,318.4078319161791,0.42669011147660285,60.03725218512607,86.81226706691938,86.06757656316914,-13.187732933080632,5.6470533312673155
2021-12-31,324.4599914550781,326.0,321.0,321.3299865722656,940800.0,-1,-1.0043469615223177,1.451310417261232,319.21843964990336,318.62428781662993,0.594151833273429,57.219637924251394,81.37710673264053,84.21695053232763,-18.622893267359476,8.833187662071328
2022-01-03,322.6000061035156,323.54998779296875,300.5,301.8299865722656,2576000.0,1,-6.068527935414004,2.5340872044186686,316.5432930225745,317.38026550223253,-0.8369724796580158,47.30759189679131,48.86627574188789,72.3518831804826,-51.13372425811211,-0.9971491434417334
2022-01-04,297.9649963378906,298.19000244140625,270.7200012207031,281.5799865722656,3827700.0,-1,-6.709074943139104,3.359656931303487,311.1643227994501,314.72839298890165,-3.56407018945157,48.85628668001421,17.5784810070307,49.27395449385305,-82.4215189929693,-7.96235068142358
2022-01-05,275.010009765625,280.3699951171875,256.3999938964844,262.3299865722656,3437700.0,-1,-6.836423367418409,3.4753119373189207,303.6513479952678,310.84702955063227,-7.195681555364445,30.80933757760775,7.792368199964309,24.74570831629431,-92.20763180003568,-17.873027504704176
2022-01-06,261.0,266.32000732421875,252.3500061035156,260.2099914550781,2439600.0,-1,-0.8081405960822186,3.0991171178792865,296.9680623737002,307.0961378398505,-10.128075466150278,33.64756684084523,9.806595071877215,11.725814759624084,-90.19340492812279,-19.191955664834147
2022-01-07,258.3800048828125,268.3599853515625,254.3509979248047,261.5299987792969,1696000.0,-1,0.5072854108473468,3.5413744359158894,291.51605258994584,303.7208682798095,-12.204815689863665,28.075692442025428,11.453516375356752,9.684159882399435,-88.54648362464324,-19.03096013024864
2022-01-10,254.5,276.0199890136719,249.00999450683597,275.6499938964844,4333300.0,-1,5.398996361064978,5.1849878002943,289.07512048325947,301.64154425141504,-12.566423768155573,36.46438630890737,31.908010105268986,17.72270718416766,-68.09198989473101,-16.441849811597507
2022-01-11,270.45001220703125,281.3699951171875,267.3299865722656,277.5299987792969,1517900.0,-1,0.6820260926682531,4.388573232790217,287.29894791341906,299.85550384607296,-12.556555932653907,29.11556569325296,34.15978248413945,25.840436321588403,-65.84021751586056,-14.516726529659984
2022-01-12,283.1099853515625,288.6099853515625,272.8800048828125,273.9800109863281,1881000.0,1,-1.2791366009379912,2.65090013197231,285.2498806938666,297.9388006712771,-12.688919977410478,26.28148923325098,29.907791156555437,31.991861248654633,-70.09220884344457,-15.223709018030473
2022-01-13,274.6499938964844,277.2699890136719,250.32000732421875,250.47000122070312,3137300.0,1,-8.580921535475872,5.074425944368886,279.8991300056876,294.4225933045679,-14.523463298880301,20.69969724069624,1.7487203471159203,21.938764662603614,-98.25127965288408,-22.834959781086507
2022-01-14,248.0,257.70001220703125,247.44000244140625,254.7400054931641,2071300.0,-1,1.7047966828963368,5.170313442725089,276.02849546529933,291.483142355575,-15.454646890275683,18.984736052004067,8.627826871055039,13.428112791575474,-91.37217312894497,-20.723238994729098
2022-01-18,251.4900054931641,266.4599914550781,245.3000030517578,259.20001220703125,3172400.0,-1,1.7508073399122415,4.334627608384511,273.4394980409504,289.0917993816088,-15.652301340658369,22.81110973370518,16.473110766199987,8.949885994790325,-83.5268892338,-14.123836683479329
2022-01-19,258.8800048828125,267.489990234375,252.97999572753903,253.1100006103516,2433700.0,-1,-2.349541400412969,4.225929489879174,270.31188305162755,286.4264809541083,-16.11459790248074,21.969768830449993,9.255746052343943,11.452227896532998,-90.74425394765606,-10.110798820784584
2022-01-20,256.510009765625,264.3349914550781,250.2400054931641,250.6699981689453,2179000.0,1,-0.964008705907482,4.237057726437605,267.29005460813795,283.7778525996518,-16.487797991513844,20.671330835568014,6.654269294002086,10.794375370848682,-93.34573070599791,-4.444779095091467
2022-01-21,249.32699584960935,256.510009765625,241.1100006103516,241.94000244140625,2761500.0,-1,-3.482664774926625,2.3621141696495167,263.3900465824869,280.6787525879299,-17.288706005443032,19.811403300094128,1.006795196627188,5.638936847657749,-98.9932048033728,-7.021248074106312
2022-01-24,234.9900054931641,244.2100067138672,220.0709991455078,243.1999969482422,4143300.0,-1,0.5207880028607947,2.110729826603864,260.2838851002954,277.90254846647156,-17.61866336617618,24.11479835563496,29.607389785973805,12.422818092201036,-70.39261021402619,-7.008756898486135
2022-01-25,239.83999633789065,241.5,225.6100006103516,228.8800048828125,3005500.0,-1,-5.888154706053417,2.4458972845314464,255.4525189129903,274.2712489417561,-18.81873002876577,25.447270735714724,12.852547469583824,14.488910817394947,-87.14745253041617,-16.967164900876263
2022-01-26,236.91000366210935,241.9600067138672,224.4199981689453,226.8500061035156,3335900.0,1,-0.8869270954167785,2.543833339438883,251.0521323269173,270.7585642870716,-19.706431960154276,30.31077798819061,9.890731295072658,17.450222850210107,-90.10926870492735,-18.261086332538802
2022-01-27,229.8600006103516,235.5500030517578,220.92999267578125,223.0800018310547,2697200.0,1,-1.6618929561503237,2.4815471258862543,246.74872763524613,267.2268189199592,-20.478091284713088,29.765676594551508,4.390206001151884,9.04449492193613,-95.60979399884812,-18.578000990668396
2022-01-28,226.50999450683597,238.94000244140625,220.6699981689453,238.6999969482422,2803900.0,1,7.001970140298375,4.673075574464525,245.51046137570705,265.11372099612834,-19.603259620421284,39.236208781666654,27.180147874858267,13.820361723694278,-72.81985212514174,-4.699167251606207
2022-01-31,240.3600006103516,257.3299865722656,240.0,257.1099853515625,2759500.0,1,7.712605211013979,5.891712502670838,247.29500352583864,264.52085168912345,-17.22584816328481,41.598690791982904,54.040755862220045,28.53703657941007,-45.959244137779955,0.930352440642479
2022-02-01,260.0,264.625,253.4900054931641,261.0899963378906,1959900.0,1,1.5479799358574242,4.383016310608814,249.41731011230817,264.2667142556988,-14.849404143390615,42.689433438080314,59.84768591275023,47.02286321660952,-40.15231408724977,0.7291605099732035
2022-02-02,261.7200012207031,263.57000732421875,251.94500732421875,257.5,1791900.0,1,-1.37500340428387,4.488235138075804,250.66080086426075,263.765476162684,-13.104675298423274,42.67424903242085,65.43647176420593,59.774971179725405,-34.56352823579407,1.734423522998818
2022-02-03,249.25999450683597,259.1300048828125,244.25999450683597,245.0200042724609,1835200.0,-1,-4.846600282539448,5.388045418350026,249.79298600398386,262.37692268933415,-12.583936685350295,47.313949180785734,52.61395182406255,59.299369833672905,-47.38604817593745,-2.2539569704215
2022-02-04,247.42999267578125,263.2799987792969,243.5200042724609,258.9800109863281,2010000.0,1,5.697496722897677,5.110209104882429,251.20637446280605,262.1252996002226,-10.91892513741655,51.907506530704076,82.05364759427619,66.70135706084822,-17.946352405723808,7.043071990151217
2022-02-07,260.1650085449219,271.42999267578125,258.70001220703125,262.9200134277344,1557700.0,1,1.5213538783942049,3.913334931012537,253.00847276510274,262.1841672911494,-9.175694526046641,51.68143255510103,83.43040105910431,72.69933349248102,-16.569598940895695,8.108559509434944
2022-02-08,260.57000732421875,273.75,259.0799865722656,270.7099914550781,2017500.0,-1,2.96286993362902,4.055805972452457,255.73178333279128,262.8157098218108,-7.083926489019518,57.83475644141332,94.33668940082839,86.6069126847363,-5.663310599171609,18.27594620756967
2022-02-09,276.0,281.25,270.1199951171875,280.8500061035156,2173400.0,1,3.745711266117091,4.018151681703116,259.5961252975181,264.1515836204556,-4.555458322937511,62.57291057078842,99.34619086467967,92.3710937748708,-0.6538091353203338,23.804275312806865
2022-02-10,276.5199890136719,290.4700012207031,274.2099914550781,284.1000061035156,2104400.0,-1,1.157201327886792,1.8313124562636838,263.3659531138254,265.6292445451267,-2.2632914313012975,68.40405611569291,90.95158321934235,94.87815449495014,-9.04841678065765,27.35341750565039
2022-02-11,285.07000732421875,288.5199890136719,269.4349975585937,273.0,2015000.0,1,-3.9070770380311703,2.9883785116282446,264.8481141732369,266.17522643067286,-1.3271122574359424,61.979420138977915,74.97134605030197,88.42304004477467,-25.028653949698025,14.36950292847936
2022-02-14,273.5199890136719,283.45001220703125,272.5,274.42999267578125,2134300.0,1,0.5238068409455066,2.9861809755527373,266.32224932747454,266.7866905969772,-0.4644412695026858,70.42783737679645,77.02004606929894,80.98099177964775,-22.979953930701054,6.736419552331285
2022-02-15,280.239990234375,287.2699890136719,275.5,285.82000732421875,2136500.0,1,4.150426320891953,3.228977980039736,269.3219044038967,268.1965659101062,1.1253384937905366,74.3980133398552,93.33811791808041,81.77650334589377,-6.661882081919582,9.471833978014121
2022-02-16,284.1099853515625,286.8900146484375,277.25,280.8699951171875,1863100.0,-1,-1.73186343859274,3.045353769558872,271.09853374440297,269.1353384439641,1.9631953004388834,73.67859814721334,86.24641019514416,85.53485806084116,-13.753589804855837,9.075726259101934
2022-02-17,280.90301513671875,280.90301513671875,259.3800048828125,261.94000244140625,2325200.0,1,-6.739770358127107,4.162863300680876,269.6895289285573,268.60235059192274,1.0871783366345653,59.2707848025202,43.471372916088455,74.351967009771,-56.528627083911545,6.9055578621778135
2022-02-18,264.5199890136719,264.5199890136719,253.1999969482422,255.22000122070312,2221200.0,1,-2.565473451198552,4.012751188515728,267.4634477427336,267.61106545331387,-0.14761771058027762,49.16850694023014,24.920122915322697,51.545968675518445,-75.0798770846773,-1.4518532728857947
2022-02-22,251.55999755859372,263.0,251.0,254.80999755859372,1680800.0,-1,-0.16064715153529807,3.9472898621110843,265.5167630990197,266.6628382018531,-1.1460751028333789,47.14753006707323,24.046845622969744,30.81278048479363,-75.95315437703024,-3.0845943461697556
2022-02-23,262.5,265.45001220703125,239.1100006103516,239.3999938964844,3024600.0,1,-6.047644837234367,2.83392687348753,261.498798606322,264.6433682533073,-3.1445696469853033,42.575880853791055,0.5646286656670421,16.51053240131983,-99.43537133433296,-11.565881772704845
2022-02-24,227.6199951171875,264.7900085449219,227.47999572753903,263.3800048828125,6517500.0,-1,10.016713282247181,6.761980248387252,261.7882149565513,264.5497857814188,-2.7615708248674764,56.881557402598006,56.993183083893314,27.201552457510033,-43.006816916106686,-6.220402649471202
2022-02-25,224.4900054931641,228.0,206.0,221.8500061035156,12093100.0,-1,-15.768090974778115,9.353512053997914,255.64387513300736,261.38683913861115,-5.742964005603795,38.4667958122846,18.764065200026124,25.44062564986216,-81.23593479997388,-21.911298367701693
2022-02-28,228.4199981689453,244.94700622558597,227.16000366210935,239.1499938964844,6713600.0,1,7.798056036517131,10.5227482849684,253.10635494277307,259.7396654169721,-6.63331047419905,43.18246509463723,39.244694468359405,38.33398091742628,-60.755305531640595,-12.399269634987398
2022-03-01,245.1000061035156,260.8659973144531,241.30999755859372,247.8300018310547,5707900.0,1,3.6295246314442364,10.717937992362794,252.294608310201,258.8574681143116,-6.5628598041105874,43.47106965893977,49.52054128868935,35.84310031902496,-50.47945871131065,-9.692814763199909
2022-03-02,253.25999450683597,257.5400085449219,242.1100006103516,254.41000366210935,2968400.0,1,2.655046516741044,10.199481523004552,252.62005374895614,258.52802630303734,-5.907972554081198,42.298730870072575,57.31029118328499,48.69184231344459,-42.68970881671501,-10.98943490911033
2022-03-03,252.97999572753903,256.4100036621094,238.3800048828125,242.02999877929688,2799400.0,-1,-4.8661627705704475,9.283855206560371,250.99081452285472,257.30595019016766,-6.315135667312944,38.36495430213526,43.662146844599604,50.164326438857984,-56.337853155400396,-13.828460502406248
2022-03-04,242.3600006103516,244.0,223.0399932861328,225.5,3613100.0,1,-6.829731381509574,6.128170015274558,247.06915075010784,254.94995387978486,-7.88080312967702,37.246270028898444,23.994097005131326,41.655511677671974,-76.00590299486868,-13.911583607607836
2022-03-07,228.3699951171875,229.97000122070312,204.3600006103516,204.3699951171875,4379300.0,1,-9.370290413664083,5.801952587292394,240.50004988350472,251.2032902677406,-10.703240384235897,32.98854346175254,0.012054647489866045,22.5560994990736,-99.98794535251014,-19.923989444519574
2022-03-08,203.5,203.9199981689453,190.1300048828125,198.6300048828125,4389600.0,-1,-2.808626692525795,4.555466113816686,234.05850449878284,247.30897283182003,-13.25046833303719,28.231888466011455,8.784620857923594,10.930257503514929,-91.2153791420764,-22.0477976586702
2022-03-09,203.83999633789065,213.57000732421875,199.1199951171875,212.3500061035156,3050600.0,1,6.907315553255722,6.247946127327551,230.71873551489557,244.71941974083452,-14.000684225938954,33.61079549062799,24.478643110490985,11.091772871968146,-75.52135688950902,-11.299076224983162
2022-03-10,212.1300048828125,213.50999450683597,204.8699951171875,208.41000366210935,2305100.0,-1,-1.8554284568683244,6.215531801100197,227.28662292215924,242.02983336463265,-14.743210442473412,36.2071647183175,24.269778281631964,19.17768075001551,-75.73022171836803,-20.870984965301876
2022-03-11,211.0200042724609,211.6699981689453,200.5,201.13999938964844,1893600.0,1,-3.4883182883330366,5.841138369953059,223.26406545561912,239.00095677389308,-15.736891318273962,36.10483147625944,14.617622724653842,21.122014705592264,-85.38237727534616,-9.33513912287378
2022-03-14,200.0,203.5800018310547,186.0,189.52999877929688,2968400.0,-1,-5.772099356459015,4.865167086584445,218.07420904387723,235.33644136688594,-17.262232323008703,34.13994339864658,4.4430437217534795,14.443481576013093,-95.55695627824652,-20.748482702728165
2022-03-15,190.8500061035156,197.21499633789065,186.2400054931641,196.6100006103516,2215800.0,1,3.7355573664616504,5.257108675030337,214.77202313102714,232.46781612566116,-17.69579299463402,39.16544545622785,13.466175224873,10.842280557093439,-86.533824775127,-20.667393310846883
2022-03-16,200.6000061035156,208.8800048828125,195.1300048828125,207.02999877929688,3084200.0,1,5.29983120726194,4.746183971850273,213.58094246153019,230.5835333592638,-17.002590897733626,34.68000517061451,28.09018717932308,15.333135375316518,-71.90981282067692,-18.623483432569532
2022-03-17,204.41000366210935,216.3300018310547,202.55999755859372,214.8300018310547,1865900.0,-1,3.767571413683357,4.980280319231712,213.773105441457,229.41660509791498,-15.643499656457976,47.6628033354748,38.508806220750046,26.688389541648707,-61.491193779249954,-11.238275042527023
2022-03-18,213.80999755859372,224.75,212.1199951171875,222.7100067138672,5406800.0,-1,3.6680188128515923,4.475362631744886,215.1480133295201,228.91982003242998,-13.771806702909885,44.16027839588484,49.03428529733912,38.54442623247075,-50.96571470266088,-1.2372475769990343
2022-03-21,217.58999633789065,221.16000366210935,210.9279937744141,220.8600006103516,2374100.0,-1,-0.8306793802455581,2.3161277531401487,216.02678060349416,228.32279637153528,-12.296015768041116,39.93130868731143,48.72797937738862,45.423690298492595,-51.27202062261138,8.06870180904422
2022-03-22,219.6999969482422,234.8600006103516,218.75,232.38999938964844,2641700.0,-1,5.2205011081379205,2.501301490101817,218.54419887828715,228.6240706691733,-10.079871790886159,42.072292238289776,65.88552333027768,54.54926266833513,-34.11447666972232,16.99642233143659
2022-03-23,229.4600067138672,238.47000122070312,224.6499938964844,233.3800048828125,1880100.0,-1,0.42601036867517816,2.5374510570594055,220.82663057129105,228.97636209240585,-8.149731521114802,46.607580010786116,81.68966359105603,65.43438876624077,-18.310336408943964,9.903460407269904
2022-03-24,233.3000030517578,236.1100006103516,226.13999938964844,235.7899932861328,1624900.0,-1,1.032645622117645,2.4765461146733565,223.1286863735744,229.4810755141634,-6.352389140588997,54.53823425260676,94.89230441734226,80.82249711289198,-5.107695582657734,13.13756016645633
2022-03-25,237.5200042724609,237.6199951171875,224.6100006103516,230.32000732421875,1899300.0,1,-2.319855005583804,2.832092577255426,224.2350434429043,229.54321861120454,-5.308175168300238,63.27909859605388,84.4673266497493,87.01643155271586,-15.532673350250708,14.507312331269716
2022-03-28,231.6000061035156,239.3600006103516,229.75,237.92999267578125,2227200.0,1,3.3040921802551138,2.8746610086750497,226.34195870950074,230.16446113450652,-3.82250242500578,69.73287461956456,97.32007511579202,92.22656872762785,-2.6799248842079773,25.536851267985817
2022-03-29,242.1699981689453,247.9499969482422,236.41000366210935,243.9900054931641,1878600.0,1,2.5469730609543717,2.182539402815536,229.05704283006432,231.18857553144412,-2.131532701379797,67.21061793946919,93.607761662383,91.79838780930811,-6.3922383376169964,24.098471459095204
2022-03-30,242.41000366210935,247.2400054931641,237.3999938964844,239.8999938964844,1226600.0,-1,-1.6763029241352534,2.4997289973739107,230.7251891479751,231.83386578070636,-1.1086766327312603,67.10111205024947,87.00564415122832,92.64449364313445,-12.994355848771677,15.876923784474538
2022-03-31,240.5500030517578,246.82000732421875,236.44000244140625,241.27999877929688,1705300.0,1,0.5752417331898352,2.4872471642851486,232.3490060143323,232.53357933615752,-0.18457332182521213,73.28846350311525,89.23325504839339,89.94888695400157,-10.766744951606606,12.312059173672974
2022-04-01,240.0,253.3500061035156,240.0,246.2100067138672,2174100.0,-1,2.043272529638851,1.9678816495208218,234.48146766041458,233.5466480308027,0.9348196296118942,85.64779689039376,89.36075201205246,88.53321707055807,-10.639247987947547,10.551838395924552
2022-04-04,247.6699981689453,253.7400054931641,247.2100067138672,252.1100006103516,1279700.0,1,2.3963257932652082,1.776053223439771,237.1935496527126,234.92171118484333,2.2718384678692587,85.43155950576494,97.21889632172328,91.93763446072303,-2.7811036782767267,14.149234770279783
2022-04-05,251.0,252.0,235.55999755859372,238.6100006103516,2509300.0,-1,-5.354805429105092,3.1984022611794116,237.41146518465706,235.19491780895504,2.216547375702021,69.39803334101273,70.43766600787747,85.67243811388441,-29.56233399212252,2.6765356672143525
2022-04-06,233.88999938964844,233.9499969482422,222.66000366210935,226.07000732421875,2143700.0,-1,-5.255434916414325,3.88201234715668,235.6666255138204,234.5189985137894,1.147627000031008,56.524266062692114,35.368610214532495,67.67505751471107,-64.6313897854675,-3.132229585077062
2022-04-07,224.63999938964844,239.9499969482422,224.4199981689453,231.9600067138672,2768500.0,-1,2.605387357377875,4.196924838452257,235.09637646767376,234.329443565647,0.7669329020267526,55.49613824772152,49.12642993191066,51.64423538477354,-50.87357006808934,-1.624321082878999
2022-04-08,231.02999877929688,233.27999877929688,225.97000122070312,226.7899932861328,1271500.0,-1,-2.2288382816404217,3.92131414505709,233.8184713628213,233.77096576716448,0.04750559565681556,53.38972938894715,22.97797091716252,35.824337021201885,-77.02202908283748,-1.5326562720696546
2022-04-11,223.7100067138672,228.25,220.2400054931641,224.32000732421875,1643200.0,-1,-1.089107118936139,3.301299076050835,232.35716920303628,233.07089477139073,-0.7137255683544481,44.85397700614381,12.179109943446743,28.094503597506634,-87.82089005655325,-5.720163817307533
2022-04-12,228.47999572753903,236.08999633789065,221.1000061035156,223.0,2014300.0,1,-0.5884483243221772,2.842111926602035,230.91760471026146,232.32490256610254,-1.4072978558410796,43.408682899302065,8.238789572644505,14.465290144417919,-91.7612104273555,-8.602813648345187
2022-04-13,225.13999938964844,243.5,222.3699951171875,241.22999572753903,3102600.0,1,8.174885976474911,4.2031805120436045,232.50412640522725,232.9845390965793,-0.48041269135205766,52.87648190665158,62.65668726679088,27.691528927627374,-37.343312733209125,0.5543984430564475
2022-04-14,240.00999450683597,240.6100006103516,230.0,230.83999633789065,1729700.0,-1,-4.307092639251852,4.792693803230566,232.24810639486776,232.82568407741718,-0.5775776825494177,50.26135351640812,31.64176371560168,34.17908018501235,-68.35823628439832,-4.326924110670227
2022-04-18,228.07000732421875,229.32000732421875,219.3600006103516,223.57000732421875,1617700.0,-1,-3.149362817971324,4.9154535780950255,230.91301423015253,232.14007839199508,-1.2270641618425486,42.75772481853833,12.24550935410674,35.51465344549976,-87.75449064589326,-9.19540180020364
2022-04-19,222.0,231.3600006103516,219.07000732421875,228.7899932861328,1143400.0,-1,2.334832844704482,4.997022791069476,230.58639562338027,231.891923939709,-1.3055283163287186,42.26855844629183,28.035726781838893,23.974333283849102,-71.96427321816111,-9.249933468629434
2022-04-20,230.3999938964844,230.8600006103516,219.3600006103516,221.7100067138672,1179400.0,1,-3.094535067104598,5.251798380417861,229.22079732960904,231.1377078489059,-1.916910519296863,41.020834303108124,7.614651078964121,15.965295738303247,-92.38534892103587,-7.082684654144888
2022-04-21,224.7700042724609,230.8999938964844,210.50999450683597,211.47000122070312,1958400.0,1,-4.618648316753482,2.823233436039808,226.48990562054658,229.68084069126127,-3.190935070714687,36.46844872020067,2.220695049489508,12.623690970097504,-97.7793049505105,-6.4581791615448525
2022-04-22,211.9900054931641,215.5,204.91000366210935,206.47000122070312,1517200.0,1,-2.3644015563142218,2.6523928531285366,223.40992032826296,227.9615192489977,-4.551598920734733,31.972409019329604,3.1947522017123013,4.343366110055308,-96.8052477982877,-10.988965664502281
2022-04-25,204.9199981689453,217.22000122070312,204.1199951171875,216.7899932861328,1836700.0,-1,4.998300965958857,4.044332727207741,222.3914700140891,227.133998807304,-4.742528793214916,34.59524528273758,26.461981781237174,10.625809677479658,-73.53801821876283,-4.409365622840056
2022-04-26,215.5500030517578,215.5500030517578,207.0500030517578,207.30999755859372,1620600.0,-1,-4.372893593398841,3.9602693420539663,220.07124348247442,225.66555427036252,-5.594310787888105,35.85246004980418,8.100563854420713,12.585765945790063,-91.89943614557929,-7.582921366902317
2022-04-27,204.83999633789065,211.3000030517578,203.72999572753903,204.75999450683597,1461900.0,-1,-1.2300434526979487,3.9059547229030644,217.7156667169916,224.11699428787907,-6.401327570887474,39.41169557922542,2.5898885306637047,12.384144722107195,-97.4101114693363,-8.179374660611671
2022-04-28,208.8999938964844,215.7400054931641,202.66000366210935,213.58999633789065,1555800.0,1,4.312366706358706,4.166659709906123,217.0809481971299,223.33721666195402,-6.256268464824103,41.1315935134874,26.762961938957485,12.484471441347301,-73.23703806104251,-11.457944649995689
2022-04-29,212.1199951171875,217.3999938964844,202.25999450683597,202.7400054931641,1912600.0,-1,-5.079821635261572,4.733993703253719,214.8746493195967,221.81149731611774,-6.936847996521038,38.99313444893185,1.1639450106467417,10.172265160089308,-98.83605498935326,-12.172929860731486
2022-05-02,201.30999755859372,208.5,200.00999450683597,208.22999572753903,1267000.0,-1,2.707896855887215,4.173913960945879,213.8523949208186,220.8054601614082,-6.953065240589609,42.83423010080698,18.900897177387403,15.609268042330541,-81.0991028226126,-6.861390658020506
2022-05-03,207.32000732421875,210.66000366210935,200.43899536132807,204.6999969482422,1263000.0,-1,-1.695240288011013,3.7392065899170084,212.44433369426838,219.61246288635886,-7.1681291920904755,42.00733163373499,10.78409254775426,10.282978245262802,-89.21590745224574,-10.5293050591434
2022-05-04,205.33999633789065,209.3600006103516,192.72999572753903,208.92999267578125,2252500.0,1,2.066436634392632,3.8016136552450983,211.90366584527035,218.82116879668644,-6.917502951416083,33.927137716279574,33.834576641944984,21.17318878902888,-66.16542335805501,-5.76429283797707
2022-05-05,206.1999969482422,206.83999633789065,185.6999969482422,190.41000366210935,2497200.0,-1,-8.864207946635661,4.879705606918702,208.5969485863225,216.71663804597702,-8.119689459654523,31.387523778214202,10.31538838393857,18.31135252454594,-89.68461161606143,-9.958858200702547
2022-05-06,186.8000030517578,186.8800048828125,171.91000366210938,172.94000244140625,3173000.0,-1,-9.174938755688677,5.754775167787004,203.1112645640277,213.4739242974903,-10.362659733462607,28.692857531817296,1.7325463955761051,15.294170473819888,-98.26745360442389,-16.239646719164526
2022-05-09,167.6300048828125,169.58999633789062,152.36500549316406,153.08999633789062,4232700.0,-1,-11.477972605118358,5.73900195511638,195.41568483692967,209.00104074492737,-13.585355907997695,21.635183778474854,0.9231437598275763,4.323692846447417,-99.07685624017242,-29.38327363854244
2022-05-10,159.13999938964844,161.7169952392578,143.82000732421875,150.2899932861328,3626400.0,1,-1.828991520502632,5.715178146514676,188.4732707521917,204.65207426649815,-16.178803514306452,22.352110453052376,7.429934496538733,3.361874883980805,-92.57006550346127,-27.504705486451453
2022-05-11,144.99000549316406,150.30999755859375,135.9600067138672,136.57000732421875,3949500.0,-1,-9.129008300501395,3.6583632834912487,180.48815330173431,199.60895819669966,-19.120804894965346,21.765673970733104,0.7490185490620543,3.0340322684761216,-99.25098145093794,-33.30239744675353
2022-05-12,132.33999633789062,144.60499572753906,127.62000274658205,137.6300048828125,4260100.0,-1,0.7761569171460092,5.316327780403433,173.89459200651555,195.0179246178932,-21.123332611377634,23.255624531684205,11.149479976576432,6.442811007392407,-88.85052002342357,-35.563459318063074
2022-05-13,142.22999572753906,155.0399932861328,141.94000244140625,153.22999572753906,3011000.0,1,11.334731011605692,9.03029526574937,170.71542334821146,191.92252247786698,-21.207099129655518,26.28003384769221,28.525279021465877,13.474592515701454,-71.47472097853412,-24.42044412753771
2022-05-16,149.8699951171875,152.9199981689453,139.72999572753906,140.0800018310547,2391100.0,-1,-8.58186664696291,8.342257486993757,166.00228157634118,188.08233576328828,-22.08005418694711,25.57936031008441,13.878369695613625,17.85104289788531,-86.12163030438637,-32.72823094404516
2022-05-17,145.19000244140625,147.4600067138672,137.02000427246094,141.77999877929688,2824000.0,1,1.2135900385641607,8.421556855038418,162.27577653064205,184.65253302373335,-22.376756493091307,26.980985956888745,15.771883970307375,19.39184422912896,-84.22811602969263,-30.737664439171663
2022-05-18,138.5500030517578,140.48500061035156,125.12000274658205,128.08999633789062,3788200.0,-1,-9.655806573053304,8.552872114842971,157.0164257317572,180.4627154914487,-23.446289759691496,19.822097053520793,3.2184589034951614,10.95623752313872,-96.78154109650485,-38.69238461293521
2022-05-19,126.72000122070312,137.0,125.8000030517578,132.3000030517578,3104100.0,-1,3.2867568383416534,8.753288542865244,153.21389916560344,176.89510716258272,-23.681207996979282,23.91496663678643,8.393734192575216,9.128025688792585,-91.60626580742479,-30.51835486200095
2022-05-20,139.42999267578125,144.89999389648438,131.91000366210938,136.88999938964844,3807000.0,1,3.4693849070396077,6.521294242419214,150.70252996930267,173.93176584606908,-23.22923587676641,23.404408303095252,13.759640539038026,8.457277878369467,-86.24035946096198,-20.845381370901684
2022-05-23,135.9600067138672,138.38999938964844,130.39999389648438,138.1699981689453,2635400.0,-1,0.9350564577427223,5.438481598246392,148.7744481538631,171.282746018134,-22.5082978642709,24.7743927203974,15.491447950256763,12.548274227290001,-84.50855204974324,-9.745900140996033
2022-05-24,136.00999450683594,136.00999450683594,125.9000015258789,127.80999755859376,2539000.0,-1,-7.498010239302467,6.23017376689636,145.5491480622832,168.06254242853842,-22.513394366255227,20.6086909216598,3.2917217608516984,10.847603416715495,-96.70827823914831,-14.957746178576258
2022-05-25,127.79000091552734,134.58999633789062,126.56999969482422,132.5800018310547,2476000.0,-1,3.7321057535222524,4.763951025079423,143.55389479594035,165.43420608798408,-21.88031129204373,26.728366626561936,12.079013643842414,10.287394451650293,-87.92098635615758,-2.921582543150736
2022-05-26,130.55999755859375,145.7899932861328,129.92999267578125,142.1300048828125,5940400.0,-1,7.203200271431043,5.537311147108467,143.3348348093053,163.70796896167508,-20.373134152369772,36.75749973569618,38.25051627521477,17.87375055996963,-61.74948372478523,3.2696358645279533
2022-05-27,156.4600067138672,162.63999938964844,150.22000122070312,160.0,6763600.0,1,12.572992685057226,7.475968126994277,145.8987063771045,163.43330459414358,-17.534598217039076,53.021427694541266,92.96375366244521,47.7644278605008,-7.036246337554785,4.418197781913924
2022-05-31,160.5,161.07000732421875,151.0500030517578,153.08999633789062,3645300.0,1,-4.318752288818361,8.237539495909747,147.0050586787639,162.6671336121989,-15.662074933435008,51.181835055883425,74.54689790458009,68.58705594741336,-25.45310209541991,9.28754592859502
2022-06-01,155.17999267578125,158.2899932861328,146.16000366210938,148.94000244140625,2213000.0,1,-2.7108197764436293,6.992591282750327,147.30274233455503,161.6503090810291,-14.347566746474058,55.68004266688191,63.486145591716316,76.99893238624722,-36.513854408283684,5.050080211423236
2022-06-02,148.89999389648438,161.08999633789062,148.27000427246094,160.83999633789062,3603900.0,-1,7.989790319203127,7.311008886750962,149.38539679660667,161.5902859148707,-12.20488911826402,59.69263979005493,95.20255007248129,77.74519785625924,-4.797449927518714,25.567960759096486
2022-06-03,157.52000427246094,163.35000610351562,154.6199951171875,156.92999267578125,2420000.0,-1,-2.4309896488030835,7.569261964570274,150.5461038549412,161.2450790082715,-10.69897515333028,51.7123274612037,83.20687192257333,80.63185586225698,-16.79312807742668,18.61677177315544
2022-06-06,160.41000366210938,162.85499572753906,154.50999450683594,158.57000732421875,2028200.0,1,1.0450613171350875,4.919413901890855,151.78055054252235,161.04692555019352,-9.266375007671172,59.57733492396926,87.49673460745342,88.63538553416936,-12.503265392546588,15.837539653177712
2022-06-07,155.5,164.9600067138672,155.1999969482422,162.80999755859375,1613900.0,-1,2.67389168098211,4.379267336193411,153.47738854499485,161.17752347674167,-7.700134931746817,60.613706078810324,94.6033912119112,88.43566591397932,-5.396608788088803,17.83310394165327
2022-06-08,162.0,169.8699951171875,162.0,165.57000732421875,2280900.0,-1,1.695233589467815,3.7676530143345452,155.3377914341062,161.50289265062887,-6.1651012165226575,71.26163192496847,90.24282149498767,90.78098243811742,-9.75717850501234,29.54386236359494
2022-06-09,163.91000366210938,167.2899932861328,159.1999969482422,160.4199981689453,1968800.0,-1,-3.1104722639703097,2.5834654718465564,156.11966939331222,161.42267824457824,-5.303008851266014,65.78355956579264,78.50807749467096,87.78476340052327,-21.49192250532904,20.998639276960375
2022-06-10,155.5,158.6300048828125,150.39999389648438,153.61000061035156,2228200.0,-1,-4.245105121757852,3.0845511162297905,155.73356650362598,160.84396138278368,-5.110394879157695,59.156625338141716,63.020248176588325,77.25704905541565,-36.979751823411675,8.077109219129653
2022-06-13,146.0,149.36000061035156,139.77999877929688,140.97999572753906,2306800.0,-1,-8.22212410170473,4.47762094827262,153.46378638422797,159.37255651943224,-5.908770135204264,51.36872717499753,34.296102796432905,58.608142822564055,-65.7038972035671,-11.887502670288086
2022-06-14,142.3300018310547,146.44400024414062,139.80999755859375,142.11000061035156,1545700.0,1,0.8015356199870816,4.018500913409622,151.7170501113239,158.09384867431513,-6.376798562991212,57.65360664774699,35.88915140508618,44.4018341260358,-64.11084859491382,-7.172248997448993
2022-06-15,145.2899932861328,151.17999267578125,143.49000549316406,148.25,1427400.0,1,4.3205962728010805,4.815223368040572,151.18365778650485,157.36467469843996,-6.181016911935103,58.26563679390692,45.868818739044926,38.684690980188,-54.131181260955074,-0.4632754331246214
2022-06-16,141.60000610351562,142.76499938964844,133.31500244140625,136.02999877929688,2679500.0,-1,-8.242833875685074,5.574088360094443,148.85232563154977,155.78432833405898,-6.932002702509209,46.87050855312393,7.427156016609981,29.728375386913697,-92.57284398339002,-15.425266179733821
2022-06-17,138.1999969482422,145.83999633789062,137.13999938964844,144.22000122070312,3506000.0,1,6.020732569948928,6.808853268938318,148.13966033757336,154.92771151084742,-6.788051173274056,41.01162365420932,29.831762998879643,27.709245918178183,-70.16823700112036,-8.099147421319952
2022-06-21,146.5,153.85000610351562,146.5,150.25,2091700.0,1,4.181111307903151,5.721816148422931,148.46432797794668,154.58121436189575,-6.1168863839490655,48.365940425771015,46.327454388504584,27.86212446799807,-53.672545611495416,-5.246898492731555
2022-06-22,147.83999633789062,155.0,147.1009979248047,149.11000061035156,2191700.0,-1,-0.7587350347077804,5.805653492613683,148.5636622290859,154.17593926918877,-5.612277040102867,50.10132203381814,43.208867004943926,39.78936146410938,-56.791132995056074,-8.414714792506327
2022-06-23,151.6199951171875,164.18499755859375,149.9199981689453,162.75999450683594,3006500.0,1,9.154311475159883,6.793541567320824,150.74771334873975,154.81179521271818,-4.06408186397843,51.120970048133586,80.5498508140527,56.69539073583374,-19.4501491859473,-1.6971750275279307
2022-06-24,165.89999389648438,171.9600067138672,163.49000549316406,170.82000732421875,3083000.0,1,4.9520847194697515,3.59566806897669,153.83575857573652,155.99758870245896,-2.1618301267224354,57.73471912556419,97.05007306607851,73.60293029502505,-2.9499269339214944,6.482987952861552
2022-06-27,170.0,171.74000549316406,163.0,164.22999572753906,1896400.0,-1,-3.857868700457179,5.096232952428175,155.43487198370616,156.60739663024268,-1.172524646536516,52.987115395796636,79.99738612569735,85.86577000194286,-20.002613874302654,6.913609188848491
2022-06-28,163.5500030517578,166.52000427246094,153.3300018310547,154.9199981689453,2141100.0,-1,-5.66887767204185,6.184652122673014,155.35566062758912,156.48240415162806,-1.1267435240389432,46.04749225327469,55.90630958458746,77.65125625878777,-44.09369041541254,9.887929396981242
2022-06-29,153.67999267578125,156.14999389648438,150.89999389648438,154.9499969482422,1796800.0,-1,0.019364045734215907,6.146423266390303,155.2932508307665,156.3688925069328,-1.075641676166299,44.53028078017213,55.98393612354544,63.96254394461008,-44.01606387645456,9.035251764649788
2022-06-30,154.36000061035156,154.38499450683594,145.8000030517578,149.50999450683594,2472400.0,-1,-3.510811583444795,4.208806763343899,154.40351908862334,155.86082598840713,-1.457306899783788,44.397658010775956,41.90707795307582,51.26577455373624,-58.09292204692418,0.8499119776296471
2022-07-01,149.64999389648438,157.5500030517578,147.39999389648438,155.3699951171875,1838700.0,1,3.9194708217875185,3.812820382149737,154.55220770840245,155.82446814609457,-1.2722604376921254,50.91267059905051,57.070747153463245,51.65392041002817,-42.929252846536755,14.217449468090471
2022-07-05,154.69000244140625,167.02000427246094,151.61000061035156,166.30999755859375,2763800.0,-1,7.041258148431284,5.214298229312488,156.36109845458571,156.60117402850193,-0.24007557391621503,63.369573954045165,85.37971657231844,61.4525138929525,-14.62028342768156,15.316874324585395
2022-07-06,165.86000061035156,167.8800048828125,161.4459991455078,163.75,1502600.0,-1,-1.5392926439625643,4.260405180663951,157.49785253849558,157.13071669305734,0.3671358454382414,61.252077335513825,78.75532201786358,73.73526191454842,-21.24467798213642,8.985024958402654
2022-07-07,163.02999877929688,168.74000549316406,162.91000366210938,167.42999267578125,1876200.0,-1,2.247323771469456,4.224240375362808,159.025874098078,157.89362602511096,1.1322480729670303,60.23478664730738,88.27787931876593,84.13763930298265,-11.722120681234081,12.286226269492673
2022-07-08,164.0,170.2449951171875,161.6300048828125,166.88999938964844,1473900.0,-1,-0.3225188495220688,3.4175295949366804,160.23573952755038,158.56002405211376,1.6757154754366184,68.81248415193824,85.43938467039796,84.15752866900915,-14.560615329602044,2.5374815815928597
2022-07-11,165.14999389648438,165.49000549316406,157.50999450683594,162.4199981689453,1726700.0,-1,-2.678411670591918,3.865479517507387,160.5717793185342,158.84594806076794,1.7258312577662593,61.62196439265248,63.53208253277198,79.08311550731194,-36.46791746722802,-4.917462121009109
2022-07-12,163.9600067138672,168.67999267578125,148.49000549316406,150.9199981689453,3581600.0,1,-7.080408896469748,3.437230060230972,159.08688991090514,158.25884066137365,0.8280492495314888,50.39990338711584,19.571844038398947,56.18110374718963,-80.42815596160105,-8.104486333102823
2022-07-13,146.65199279785156,153.6999969482422,144.07000732421875,148.9499969482422,1562200.0,-1,-1.3053281504137315,3.444521822335104,157.5273679166493,157.5692966826232,-0.04192876597389272,49.90543519470105,17.497274043808975,33.533733538326636,-82.50272595619103,-3.853602692528202
2022-07-14,148.11000061035156,148.9499969482422,143.2899932861328,146.05999755859375,1701300.0,-1,-1.94024803548849,2.6152058117379005,155.76315709233307,156.71675600676915,-0.9535989144360713,38.69176982293898,9.661677625101255,15.576931902436392,-90.33832237489875,-5.737334343167467
2022-07-15,147.16000366210938,149.92300415039062,145.3699951171875,149.32000732421875,1600900.0,1,2.231966192055568,3.3371823550119037,154.77190328185392,156.1688486969506,-1.396945415096667,34.429318265502005,21.195119334942344,16.118023667950858,-78.80488066505765,-0.12707323229049772
2022-07-18,153.6699981689453,157.39999389648438,150.0449981689453,150.82000732421875,2301300.0,1,1.0045539287598881,3.5895449973055755,154.1639192883716,155.77263822489638,-1.608718936524781,39.51525485280816,27.935498150887366,19.597431703643654,-72.06450184911263,-2.928485509404133
2022-07-19,153.47999572753906,156.05999755859375,148.88999938964844,155.83999633789062,1325600.0,1,3.328463579026608,2.25467415860541,154.42177729598993,155.7776277147478,-1.355850418757882,50.77103448522806,46.55908810697625,31.896568530935316,-53.44091189302375,-6.295473137154229
2022-07-20,156.6699981689453,165.85000610351562,156.0,162.9499969482422,1990400.0,1,4.562372162108974,2.488407302722297,155.73381108864413,156.30891432463628,-0.5751032359921453,55.993408128998745,72.93638407198775,49.14365677661712,-27.063615928012258,-0.4885514819895076
2022-07-21,163.00999450683594,166.38999938964844,159.07000732421875,164.63999938964844,1321300.0,1,1.0371294710383117,1.5301477115913662,157.10399390418326,156.9260317368594,0.17796216732386938,62.00984857000004,79.20610147730882,66.23385788542429,-20.793898522691183,-1.666364097342754
2022-07-22,165.1300048828125,168.5,158.5399932861328,159.92999267578125,1057900.0,1,-2.86079126052482,2.8355306060489474,157.53876294596756,157.14854736196472,0.3902155840028456,53.686932267652594,61.732510700398464,71.29166541656501,-38.267489299601536,-4.1704156865728255
2022-07-25,157.99000549316406,158.88999938964844,154.11000061035156,156.08999633789062,1265800.0,-1,-2.401048279715279,3.325304913520198,157.31587577549416,157.07013617499626,0.2457396004978989,40.664958856454746,47.486559756085825,62.8083906445977,-52.513440243914175,-3.897304459066908
2022-07-26,149.4499969482422,151.1199951171875,140.72000122070312,141.9499969482422,3747800.0,-1,-9.058876110829894,5.066837237497971,154.95189441745538,155.95012586190336,-0.9982314444479812,33.564531317909044,4.165947440502339,37.795005965662206,-95.83405255949766,-5.943547130620674
2022-07-27,144.49000549316406,150.88999938964844,141.97999572753906,148.7100067138672,2139900.0,1,4.762247207437298,5.1294343814998955,153.99160400151874,155.4138207398266,-1.422216738307867,36.51298019281917,27.06183622315822,26.238114473248796,-72.93816377684178,-0.16112134225715335
2022-07-28,149.0500030517578,154.60000610351562,144.3300018310547,153.05999755859375,2279100.0,1,2.925150056039194,5.441684358221192,153.84827993337643,155.2394634671427,-1.3911835337662808,40.55456866360658,44.134478215834434,25.120753959831664,-55.865521784165566,4.792551086543639
2022-07-29,154.13999938964844,155.36000061035156,150.49000549316406,155.05999755859375,1624100.0,1,1.3066771409259825,5.46706256749832,154.0346980295637,155.22616969613907,-1.191471666575353,44.797851258957856,51.287556224507284,40.82795688783332,-48.712443775492716,3.8440864939898844
2022-08-01,152.0,157.41000366210938,149.0800018310547,153.5,1723000.0,-1,-1.0060606108317938,5.380263738638554,153.9524367942462,155.09830527420286,-1.145868479956647,52.12171192562145,46.00431728176031,47.14211724070068,-53.99568271823969,1.7769477162403513
2022-08-02,150.4499969482422,160.42999267578125,150.3000030517578,157.77999877929688,1825700.0,-1,2.7882728203888485,2.150805610815096,154.541292484254,155.29694923754315,-0.755656753289145,56.995723138692505,61.41108102318479,52.90098484315079,-38.58891897681521,1.2448681256382654
2022-08-03,160.0,165.52000427246094,159.6699981689453,165.2899932861328,2057300.0,1,4.759788670895437,2.150060765291589,156.19493876146612,156.03717472262386,0.15776403884225942,64.19607038283048,88.44489973030721,65.28676601175077,-11.555100269692792,1.4360210995486344
2022-08-04,162.1300048828125,164.24000549316406,156.75,161.99000549316406,2942400.0,-1,-1.9964837116643541,2.7516326144218715,157.08648748941965,156.4781251500713,0.6083623393483606,59.347796278313034,76.56589347409356,75.47395807586186,-23.434106525906437,-1.6095686991669078
2022-08-05,158.61000061035156,164.5,157.85000610351562,163.4199981689453,1632800.0,-1,0.8827659900546125,2.7529158568141012,158.06087374780822,156.99233796628417,1.068535781524048,59.3057585616612,81.71345552815296,82.24141624418458,-18.286544471847037,2.1822082492301442
2022-08-08,164.77999877929688,176.22000122070312,163.4199981689453,168.14999389648438,2234000.0,1,2.894379990537721,2.5577184485101836,159.61304607837377,157.81883099815084,1.7942150802229264,59.1306946022663,77.2675850022007,78.51564466814908,-22.732414997799296,7.726310360394439
2022-08-09,166.32000732421875,167.61500549316406,161.35000610351562,163.41000366210938,1072000.0,-1,-2.8189059806288275,3.2005662888116992,160.19719339894846,158.23299193622182,1.9642014627266349,50.35363390005627,63.915499834947184,74.29884678843361,-36.084500165052816,15.118004350286762
2022-08-10,171.3800048828125,181.9900054931641,171.36700439453125,180.41000366210935,3303200.0,1,10.403279859874237,5.286216532004114,163.3068565163578,159.8757335455468,3.4311229708110034,59.81332424325578,96.17154914590338,79.11821132768375,-3.8284508540966224,21.3166535653758
2022-08-11,184.25,188.05999755859372,178.17999267578125,178.7100067138672,2574800.0,1,-0.9422963880794999,5.1114345595295525,165.67657193135926,161.2708648913483,4.405707040010952,62.14121156125292,80.24927847904613,80.1121091532989,-19.750721520953874,16.758140313868886
2022-08-12,182.17999267578125,184.27999877929688,179.3350067138672,182.63999938964844,1667700.0,1,2.199089322442682,5.067820115017956,168.2863300018653,162.85376374307424,5.43256625879107,67.14453135700055,88.55091130497794,88.32391297664249,-11.449088695022049,17.786664688055875
2022-08-15,180.32000732421875,183.42999267578125,177.5399932861328,181.7100067138672,1131400.0,-1,-0.5091944146348726,5.20272297076258,170.35151103448098,164.2505224816515,6.100988552829477,80.95612488173361,86.21963847135291,85.00660941845899,-13.780361528647097,18.377854536721294
2022-08-16,179.1199951171875,181.3600006103516,173.89999389648438,178.60000610351562,1512700.0,-1,-1.7115186260758808,4.982981552793827,171.6205102758709,165.31344719438218,6.307063081488735,74.67395858079247,78.3672710282918,84.37927360154087,-21.632728971708204,13.195593538660022
2022-08-17,175.0,176.35499572753906,171.61000061035156,174.35000610351562,1583500.0,-1,-2.379619179596626,1.7563618461853772,172.04043271089316,165.98282192839207,6.0576107825010865,67.60379494307031,64.82813504930144,76.47168151631539,-35.17186495069856,5.4812833113853765
2022-08-18,175.00999450683594,176.72000122070312,172.86000061035156,175.30999755859375,1141000.0,1,0.5506116555614948,1.8238258033271733,172.5434426874625,166.6737238269255,5.8697188605369774,67.03686967238372,67.29091483457448,70.16210697072258,-32.70908516542552,8.222724621113597
2022-08-19,172.82000732421875,172.82000732421875,163.3300018310547,166.22000122070312,2554700.0,-1,-5.185098662072873,2.178486085534514,171.5706055387303,166.64011474498312,4.930490793747168,59.49821866669585,42.1610182333666,58.09335603908084,-57.83898176663341,1.7133784623245107
2022-08-22,162.41000366210938,165.7100067138672,159.7050018310547,163.0,1771800.0,-1,-1.9371923938489743,2.049017142126386,170.25205084046408,166.37047661572512,3.881574224738955,53.96055124341892,19.961675143230885,43.13786940372398,-80.03832485676912,-3.0627380811293903
2022-08-23,167.80999755859375,172.25,164.64999389648438,165.35000610351562,2384700.0,1,1.4417215358991653,2.6174192753697283,169.49789011170276,166.2948862074133,3.20300390428946,50.04940144242666,27.46728449090908,29.86332595583552,-72.53271550909092,1.1871993133405034
2022-08-24,165.61000061035156,167.0800018310547,163.90699768066406,165.64999389648438,1153200.0,1,0.1814259340159552,2.653065133234493,168.90590607859224,166.24711640660374,2.658789671988501,53.169372985786374,25.819232039728448,24.41606389128947,-74.18076796027155,-8.181369916309656
2022-08-25,169.3800048828125,169.4250030517578,164.8000030517578,167.72000122070312,1657800.0,1,1.249627166006606,2.770348757651139,168.72345917737854,166.35621898542593,2.367240191952618,53.68277326463825,28.26662175041022,27.184379427015916,-71.73337824958978,-6.149630731512524
2022-08-26,167.52000427246094,168.35499572753906,160.4600067138672,161.19000244140625,1983700.0,-1,-3.8933929953315682,2.2822433539773592,167.5644658333828,165.97353627846152,1.5909295549212743,44.2173514194131,5.237174516338563,19.774342768825743,-94.76282548366144,-11.744413611434734
2022-08-29,158.32000732421875,162.66000366210938,157.00100708007812,158.52999877929688,1215600.0,-1,-1.6502286877725592,2.2432188568431433,166.1745478250619,165.42216313037525,0.7523846946866399,45.80033826727316,4.922863479018734,12.808886581922506,-95.07713652098127,-12.756594066429772
2022-08-30,160.25,162.75,156.17999267578125,160.8800048828125,1778100.0,1,1.482373129130754,2.2522262114612275,165.36000275702352,165.08570696388912,0.27429579313439945,27.525883763447595,14.742821477938909,8.3009531577654,-85.2571785220611,-9.9216128864143
2022-08-31,163.69000244140625,168.2899932861328,158.33999633789062,159.24000549316406,1792400.0,1,-1.0193929263260793,2.2217442297109393,164.41846471642975,164.6526920401317,-0.2342273237019583,27.563945216039073,10.889722963440818,10.185135973466153,-89.11027703655918,-8.666475527038642
2022-09-01,156.1300048828125,156.1300048828125,142.66000366210938,145.57000732421875,2846900.0,-1,-8.584525054875202,3.790285968803201,161.518702040705,163.239159838953,-1.7204577982479918,15.113872289683272,7.137612083077897,10.923385508152542,-92.8623879169221,-16.964229449854972
2022-09-02,148.22999572753906,150.15899658203125,143.75,145.1199951171875,1982100.0,1,-0.3091379984813569,3.854365316927701,158.99582405247153,161.89699948919258,-2.901175436721047,15.251656947703665,6.356567568643851,8.127967538387521,-93.64343243135615,-12.694023552255619
2022-09-06,144.72000122070312,146.0,142.11000061035156,145.02999877929688,1840500.0,-1,-0.062015119155667264,3.956162625138364,156.84723554890618,160.64759202920033,-3.800356480294141,16.179725950576668,8.43686251791618,7.3103473898793085,-91.56313748208382,-11.024540626198231
2022-09-07,146.25,148.2899932861328,142.05999755859375,147.7100067138672,2254300.0,1,1.8478990258068428,4.032281927202577,155.44150803582326,159.6892523762127,-4.247744340389431,22.284652221302537,16.301236463659343,10.364888850073124,-83.69876353634065,-10.668278644395757
2022-09-08,145.52999877929688,154.5500030517578,145.5,154.25,4145100.0,-1,4.4275898645117495,4.883008357946897,155.25819910723507,159.28634479278952,-4.028145685554449,30.369135153464015,39.62938417213655,21.455827717904025,-60.37061582786345,-6.881976647465682
2022-09-09,174.9499969482422,188.7899932861328,173.08999633789062,188.0,11398000.0,1,21.88006482982172,9.320144159080085,160.29539924458354,161.41328221554585,-1.117882970962313,63.90804194509565,98.30945140517689,51.41335734699092,-1.6905485948231134,12.091580390945978
2022-09-12,188.50999450683597,194.2100067138672,185.7100067138672,193.6000061035156,5398500.0,1,2.9787266508061627,8.909756513715795,165.41918491518848,163.7974839850251,1.621700930163371,68.96380596605619,98.83029625453113,78.92304394394819,-1.169703745468868,20.106708338744905
2022-09-13,185.3000030517578,188.6999969482422,179.75,181.22000122070312,4251900.0,-1,-6.3946304196876085,10.357480080810667,167.8500797314215,165.08804081729758,2.762038914123906,58.74765255925711,75.09107725276304,90.74360830415702,-24.90892274723696,14.312750025939835
2022-09-14,182.1499938964844,183.77999877929688,177.61000061035156,182.97999572753903,2408900.0,1,0.9711921945593893,10.430245719051143,170.17775911543959,166.41337081064881,3.7643883047907707,59.40110471810484,78.46594628029405,84.12910659586272,-21.53405371970595,13.736940684968602
2022-09-15,179.2100067138672,182.7879943847656,174.83999633789062,175.99000549316406,2584000.0,-1,-3.820084379487698,11.127334386017255,171.07195086585875,167.1227511575018,3.949199708356957,54.25893670031437,65.06232402288906,72.87311585198205,-34.93767597711094,10.518713528127233
2022-09-16,171.64999389648438,172.74000549316406,165.11000061035156,169.49000549316406,6490200.0,-1,-3.6933915546996654,3.8440997351524424,170.82857465467495,167.2981033305138,3.530471324161141,54.275706756485896,52.59828018994044,65.37551683104118,-47.40171981005956,16.431955049414704
2022-09-19,167.0,175.3699951171875,166.50999450683594,174.57000732421875,2591700.0,-1,2.997227958234716,3.85008446025319,171.4041796807586,167.83676288560306,3.5674167951555376,58.06192539882525,62.33941334282119,60.000005851883564,-37.66058665717881,20.293559259872996
2022-09-20,173.52999877929688,177.75999450683594,171.6999969482422,172.67999267578125,2170400.0,-1,-1.082668596631997,2.9601427440863817,171.60045860306977,168.1955206478385,3.4049379552312757,55.958384904804404,58.71522481619965,57.884306116320424,-41.28477518380035,19.06501698214964
2022-09-21,173.02000427246094,179.88999938964844,171.74000549316406,171.8800048828125,1901800.0,1,-0.4632776389276172,2.795278117003815,171.64346572303018,168.4684454059847,3.1750203170454654,56.43715541257242,57.18121205967868,59.411950072899835,-42.81878794032132,16.363142014992672
2022-09-22,171.14999389648438,173.66000366210938,162.5,162.55999755859375,2068700.0,-1,-5.422391819556394,3.2274111142752195,170.24600908234765,168.03078260247426,2.215226479873394,59.053600735309914,39.30967670391488,51.7353711932644,-60.69032329608512,5.387356602005666
2022-09-23,160.25999450683594,162.55999755859375,156.05999755859375,158.69000244140625,1987900.0,-1,-2.3806564808741326,3.0565930170513926,168.4681619068182,167.33887296091368,1.129288945904534,56.97686751887854,31.888786123311476,42.79322496230168,-68.11121387668852,-15.590424233294552
2022-09-26,158.77999877929688,164.3800048828125,158.77999877929688,159.75999450683594,1628700.0,1,0.6742655800416664,2.337793049340467,167.12844384528248,166.77747455690792,0.3509692883745572,57.4977076087816,33.94054427783807,35.04633570168814,-66.05945572216193,-17.479344281934484
2022-09-27,163.91000366210938,166.39999389648438,159.99000549316406,163.2100067138672,1718300.0,1,2.159496948958406,2.9368348863584366,166.5256073635263,166.51321767964563,0.012389683880655866,57.82828282828284,36.35804613598082,34.06245884571012,-63.64195386401918,-9.938193568877661
2022-09-28,164.0,169.5399932861328,162.63499450683594,168.77999877929688,1723100.0,1,3.4127760776303084,3.5829602126027287,166.87243681210637,166.6811273907309,0.1913094213754789,57.41099610335071,33.342065971548664,34.54688546178918,-66.65793402845134,-7.760409487267806
2022-09-29,164.67999267578125,167.77999877929688,162.6999969482422,165.88999938964844,1422800.0,-1,-1.7122878365626204,2.471687831407632,166.72129259326667,166.62252531657666,0.09876727669001184,33.541758811172855,25.76670896996599,31.822273692498488,-74.23329103003401,-5.738965730021494
2022-09-30,166.55999755859375,171.52999877929688,164.1300048828125,164.3699951171875,1339200.0,1,-0.9162723961983366,2.116520312774803,166.35955452002372,166.455671227733,-0.09611670770928527,26.834670563474774,25.45955181981165,28.18944225377543,-74.54044818018835,-3.0208332114208702
2022-10-03,165.05499267578125,171.91000366210938,163.2100067138672,170.50999450683594,2364300.0,1,3.7354745829802694,2.505664279441239,166.99808374876406,166.7559914706295,0.2420922781345496,40.580467512194275,52.12841382362558,34.45155820446774,-47.87158617637442,-2.3257218577314887
2022-10-04,175.76800537109375,178.74000549316406,174.2899932861328,176.0,1683700.0,1,3.21975583252041,2.6343555944970145,168.38299394126187,167.44073284317548,0.9422610980863908,44.23902648021964,74.60343014513214,50.730465262856455,-25.396569854867856,1.9226357800768978
2022-10-05,171.99000549316406,181.94000244140625,171.61000061035156,180.1499938964844,1552500.0,-1,2.3579510775479484,2.4857183934341713,170.19330162668075,168.38215958786503,1.8111420388157171,53.60234500134647,93.08343042040678,73.27175812972149,-6.916569579593209,4.811489864286633
2022-10-06,181.17999267578125,185.9900054931641,180.6999969482422,182.9199981689453,2059900.0,1,1.5376099729720538,1.8265676122536414,172.1512549408753,169.4590365197969,2.692218421078394,62.432873771047575,89.7427112918577,85.80985728579886,-10.257288708142301,12.524606862775656
2022-10-07,178.0,179.7449951171875,169.8300018310547,170.08999633789062,2536100.0,-1,-7.013996260378741,4.429918727946179,171.8341382327238,169.50577428410014,2.328363948623661,46.37304867394819,46.87602759734545,76.56738976986998,-53.12397240265455,7.183813549119855
2022-10-10,169.49000549316406,170.3260040283203,154.1439971923828,157.17999267578125,3376600.0,-1,-7.590101675623018,5.3357385615584105,169.57965430088646,168.59275342422467,0.9869008766617924,39.35147000551396,9.533362720765087,48.71736720332274,-90.46663727923492,-1.6149235852310317
2022-10-11,151.49000549316406,153.91000366210938,145.22999572753906,148.72999572753906,4441300.0,-1,-5.376000344822629,4.792934300220442,166.3720145203715,167.121438039285,-0.7494235189135168,35.60859948310217,8.586847795487346,21.665412704532624,-91.41315220451266,-8.872011758270348
2022-10-12,148.8300018310547,149.42999267578125,143.50999450683594,147.6300048828125,2369200.0,1,-0.7395891053084247,4.03199653990461,163.4886284222855,165.6776281758426,-2.1889997535571126,39.66210051065495,9.698703649823806,9.272971388692076,-90.30129635017619,-12.53110205560607
2022-10-13,141.27999877929688,146.6999969482422,136.99000549316406,145.1300048828125,3135200.0,-1,-1.6934226900449434,3.1085502444432676,160.66422480082812,164.15558200598855,-3.4913572051604262,40.42913730972285,16.61224365234374,11.63259836588496,-83.38775634765626,-12.514313450610192
2022-10-14,148.10000610351562,148.72000122070312,134.44000244140625,135.30999755859375,2982700.0,1,-6.7663522316753655,3.0597238890310305,156.763574455869,162.01887204692227,-5.255297591053278,34.6400343097436,1.6876722903663017,9.332873197511278,-98.31232770963369,-17.6796242756322
2022-10-17,141.1300048828125,146.58999633789062,138.92999267578125,145.27999877929688,2595000.0,1,7.36826649958795,5.522736503386581,154.99687050562713,160.77895550857963,-5.782085002952499,39.58889338782859,21.028119682179113,13.10934520829638,-78.97188031782088,-14.796784083250659
2022-10-18,151.10000610351562,152.5,146.67999267578125,149.69000244140625,2059400.0,1,3.035520167376138,5.301268765383618,154.18042926497776,159.9575515776779,-5.777122312700129,38.7639825810934,29.582927443648288,17.432906472064563,-70.41707255635171,-14.948862249200989
2022-10-19,147.91000366210938,151.2100067138672,146.0,148.77000427246094,1594500.0,-1,-0.6146022806736373,5.295781502390986,153.34805618920595,159.12884436988404,-5.780788180678087,39.68426557571304,27.798256028553308,26.136434384793564,-72.20174397144669,-17.41881248247761
2022-10-20,149.27999877929688,154.8800048828125,148.8489990234375,150.22999572753906,1709500.0,1,0.981374882805186,5.18226191548875,152.86835457971873,158.469670396377,-5.6013158166582855,41.473709779371376,30.630441030777742,29.337208167659778,-69.36955896922225,-17.87120203839806
2022-10-21,148.97999572753906,150.9199981689453,142.7100067138672,150.47999572753906,2140900.0,-1,0.1664115070956873,3.1996403453102653,152.50091475630649,157.87784264312975,-5.3769278868232675,36.99857257126149,31.11540705444411,29.848034704591715,-68.8845929455559,-11.52919103566532
2022-10-24,151.36000061035156,151.4600067138672,144.3000030517578,148.6699981689453,1375200.0,1,-1.202816061924239,1.6515287743635236,151.91154297363553,157.19578008948648,-5.284237115850942,31.370139575811848,27.60425777909595,29.783368621439262,-72.39574222090405,-5.414171588867356
2022-10-25,150.6199951171875,157.5800018310547,150.6199951171875,157.08999633789062,1928300.0,1,5.663548982745681,2.734192637319315,152.70822810659786,157.18794425603494,-4.479716149437081,35.14558167403982,43.93790990418189,34.21919157924064,-56.06209009581811,5.620924393534166
2022-10-26,151.4499969482422,158.6790008544922,149.2100067138672,151.02999877929688,1865900.0,-1,-3.8576597491027265,3.492197728795642,152.4500389793208,156.73180014664692,-4.281761167326124,30.292915609700074,36.618472618712424,36.05354676733008,-63.381527381287576,2.303050724128375
2022-10-27,153.2899932861328,156.90499877929688,151.16000366210938,153.77000427246094,1447800.0,1,1.8142127493280924,3.5492271872941012,152.6531105628808,156.5124078596702,-3.8592972967893786,38.47783543215322,53.86501971872907,44.807134080541125,-46.13498028127093,5.95328264243149
2022-10-28,152.85000610351562,155.0,148.27999877929688,153.9600067138672,1230000.0,-1,0.1235627470423939,3.55033609536073,152.85417150918641,156.32334110812923,-3.4691695989428126,47.228927306959875,80.5313979554644,57.00496343096862,-19.468602044535597,13.783171599864508
2022-10-31,152.72999572753906,156.58999633789062,151.35000610351562,154.10000610351562,1125300.0,-1,0.09093230939423158,3.4398911053278,153.04583836985245,156.15864962630602,-3.1128112564535684,55.39266027323625,81.10897705862098,71.83513157760483,-18.891022941379028,6.071040334752298
2022-11-01,159.0,159.5500030517578,149.11000061035156,150.38999938964844,1935900.0,1,-2.407531840962429,2.2584891892225354,152.63724775751336,155.73134220136842,-3.094094443855056,52.633582084554064,63.520496059513526,75.05362369119963,-36.479503940486474,0.4676310620785662
2022-11-02,149.99000549316406,150.03500366210938,137.85000610351562,138.08999633789062,2763200.0,-1,-8.178737350672826,3.9165190915889623,150.3992090775714,154.4245758411108,-4.025366763539381,44.340830254591125,14.536016757322061,53.05516329181885,-85.46398324267794,-7.178871834278288
2022-11-03,135.3800048828125,135.60000610351562,129.3699951171875,131.07000732421875,3009800.0,-1,-5.083633282525957,3.563035725175992,147.42548573090176,152.6946078028225,-5.269122071920748,46.430984284473176,5.6329084164485455,27.89647374442804,-94.36709158355146,-12.753770184530499
2022-11-04,132.0,132.63999938964844,117.41000366210938,121.0,4324200.0,1,-7.6829226836840565,3.512254241848806,143.3600263876861,150.3468590766875,-6.986832689001403,29.59663968126314,8.51921307519643,9.562712749655674,-91.48078692480357,-19.590640991853768
2022-11-07,121.58999633789062,122.62000274658205,115.61000061035156,117.36000061035156,3390600.0,1,-3.0082639583871362,2.628061581078019,139.36002242194232,147.90338807918116,-8.543365657238837,22.475732859712394,3.982703465557644,6.044941652400868,-96.01729653444235,-21.06006453502055
2022-11-08,119.70999908447266,123.18599700927734,114.7699966430664,119.93000030517578,2239500.0,1,2.18984294602802,4.209381927807006,136.37078825013208,145.8312852811067,-9.460497030974608,26.117915469387853,11.523007868770344,8.008308136508134,-88.47699213122965,-23.65522751225103
2022-11-09,117.5500030517578,118.51599884033205,114.20999908447266,116.25,2388200.0,-1,-3.068456846336687,3.6284896400568485,133.27528236549637,143.6400789639877,-10.364796598491324,22.859430978848792,4.499339958151075,6.66835043082635,-95.50066004184893,-23.028536754556672
2022-11-10,126.5999984741211,133.30999755859375,125.5999984741211,133.1199951171875,3476900.0,1,14.511823756720421,8.531554975212151,133.2513920196027,142.86081349385435,-9.609421474251661,39.043170700043646,41.70708949729968,19.24314577474036,-58.29291050270032,-13.429153008726102
2022-11-11,134.7899932861328,143.3800048828125,132.13999938964844,142.19000244140625,2900100.0,1,6.813407194189192,7.40703729934631,134.6265628537263,142.8111237862656,-8.184560932539284,46.25347195633248,61.71151501689859,35.972648157449775,-38.28848498310141,-7.64484525798661
2022-11-14,140.49000549316406,141.94000244140625,132.5,136.85000610351562,2066400.0,-1,-3.7555357241738085,7.576476676076226,134.9686310460016,142.36955951346928,-7.400928467467679,37.86571462079077,49.93384437147105,51.11748296188977,-50.06615562852895,-11.194029407378759
2022-11-15,143.75,151.72999572753906,143.4199981689453,147.25999450683594,3075400.0,1,7.606860021216244,7.756380256417889,136.8596100399761,142.7318139574224,-5.872203917446285,47.851849417401176,72.89367562960588,61.5130116726585,-27.106324370394116,-2.081258657833296
2022-11-16,144.66000366210938,146.13999938964844,139.375,140.35000610351562,1545200.0,-1,-4.692373123102045,8.171320828964456,137.39659404975143,142.55538374602187,-5.158789696270446,42.70017370321848,57.65329671762745,60.160272239568116,-42.34670328237255,1.6366209179229818
2022-11-17,134.6300048828125,139.47000122070312,133.6300048828125,136.75,1751500.0,-1,-2.5650202685851164,6.013871246366482,137.29711804209737,142.1253553203906,-4.828237278293244,40.97345581769227,49.71327512849572,60.08674915857634,-50.28672487150428,4.33355638848103
2022-11-18,142.99000549316406,142.99000549316406,137.02000427246094,138.72999572753906,1736500.0,1,1.4478944991144882,5.047166814011514,137.51756076293455,141.8738472024016,-4.3562864394670555,42.091173675420045,54.08027017544745,53.8156140071902,-45.91972982455255,14.652889031024019
2022-11-21,136.8800048828125,139.39999389648438,134.89500427246094,135.9199981689453,1242000.0,-1,-2.0255154942212306,4.812762057852817,137.2717819023208,141.4328213480715,-4.161039445750703,42.48467582553526,57.86247608442845,53.88534046279053,-42.13752391557155,15.814585431210947
2022-11-22,134.67999267578125,137.3300018310547,131.60000610351562,136.75999450683594,1203000.0,-1,0.6180079084805001,2.4880566350015054,137.19304537993852,141.0866860264985,-3.8936406465599873,49.21589296785631,60.10127249446452,57.348006251446805,-39.89872750553548,14.033181154702156
2022-11-23,137.39999389648438,141.10000610351562,133.7899932861328,140.0800018310547,1349400.0,1,2.4276158654370272,2.1824189883332608,137.63719252626407,141.012116826836,-3.3749243005719336,55.554183290616486,68.94990687948992,62.304551819460954,-31.05009312051008,20.498926306283604
2022-11-25,138.42999267578125,139.46299743652344,136.36000061035156,138.75,603300.0,-1,-0.9494587476224892,1.7968472932797879,137.8083936760696,140.84455261744074,-3.036158941371127,62.26337221229732,65.40512556272381,64.81876831222608,-34.59487443727618,4.229270650029937
2022-11-28,137.6199951171875,139.38999938964844,135.4199981689453,136.72000122070312,1515000.0,-1,-1.4630621832770307,1.8050087153336904,137.6409486829363,140.5390302917565,-2.8980816088201777,63.68004966655353,59.994680570927656,64.78323767104712,-40.005319429072344,-3.8469661205310146
2022-11-29,136.64999389648438,137.55999755859375,133.61000061035156,134.85000610351562,1906300.0,-1,-1.367755339739074,1.6643382500137442,137.211572901487,140.11762109262756,-2.9060481911405702,60.64802397412321,55.01068461011493,60.13683024792212,-44.98931538988507,-1.4614540816952348
2022-11-30,126.98999786376952,133.52999877929688,122.12999725341795,133.4499969482422,5204100.0,-1,-1.0381973243655196,1.638651112408625,136.63286890868008,139.62372300785827,-2.9908540991781933,62.688109420267175,38.24324418368183,51.08286978824146,-61.75675581631816,-9.377969627693206
2022-12-01,135.63999938964844,144.8699951171875,134.50999450683594,144.5,7077700.0,1,8.280257253241817,4.24724917387278,137.84319676888316,139.9849287109799,-2.141731942096726,59.18334929973575,75.57433749917199,56.27608876432291,-24.42566250082801,2.9568890032135364
2022-12-02,127.29000091552734,132.6199951171875,126.4000015258789,128.99000549316406,9665100.0,-1,-10.733560212343207,6.7243362837618825,136.48116734184944,139.17048995410465,-2.6893226122552107,40.350876410239366,23.175704707362478,45.664428796738754,-76.82429529263752,-5.674584648508906
2022-12-05,128.69000244140625,130.97999572753906,119.0,120.79000091552734,4946600.0,-1,-6.3570852224448355,7.105840124465032,134.0671417377999,137.80897224754338,-3.741830509743494,38.731400403139595,5.468992206501373,34.7396781376786,-94.53100779349863,-12.931590401866123
2022-12-06,121.5,121.95999908447266,115.3499984741211,115.97000122070312,3230700.0,1,-3.9903962731112297,7.1218350918502935,131.28296627363116,136.19127068999964,-4.90830441636848,26.17634067414248,2.0136496529604355,10.219448855608086,-97.98635034703956,-14.677749571071075
2022-12-07,115.97000122070312,117.0,111.4749984741211,114.23999786376952,3162600.0,0,-1.4917679906213288,7.097142569572998,128.66097113365245,134.56525048064927,-5.904279346996816,28.417918188540725,8.279681591830622,5.254107817097467,-91.72031840816938,-16.466801365614824
2022-12-08,114.30999755859376,119.61000061035156,112.22000122070312,119.52999877929688,2577300.0,1,4.630603128893296,5.719012404506722,127.25620615605928,133.45152813240094,-6.19532197634166,36.15310467729187,24.120380640457977,11.471237295083002,-75.87961935954202,-14.67019045055583
2022-12-09,118.27999877929688,120.37999725341795,116.8000030517578,117.20999908447266,1678800.0,-1,-1.9409350945513881,4.093528823324447,125.71063583735365,132.24845190662847,-6.537816069274825,32.789513318672505,17.17323307934,16.524431770542858,-82.82676692066,-15.52432498416385
2022-12-12,117.62000274658205,122.25,117.62000274658205,121.23999786376952,1957000.0,1,3.4382721702714614,3.7113561785612528,125.02284537987916,131.4330108664167,-6.410165486537551,38.484470283251085,29.240905438677053,23.511506386158334,-70.75909456132295,-11.32241312077279
2022-12-13,128.4199981689453,129.8699951171875,120.8499984741211,123.76000213623048,2602300.0,1,2.0785255005469017,2.9393722463384977,124.82856180393321,130.8646398493659,-6.036078045432674,40.0642095794703,36.78695881725758,27.7336991117582,-63.21304118274242,-8.223955109629033
2022-12-14,123.29000091552734,126.91000366210938,121.3949966430664,123.13999938964844,1959300.0,-1,-0.5009718292502741,2.7261577243085955,124.56878297096632,130.2924442597572,-5.723661288790865,36.49553731626874,34.93038505200531,33.6527497693133,-65.0696149479947,-7.725738324739284
2022-12-15,120.0,124.4800033569336,117.12000274658205,117.16999816894533,2578400.0,-1,-4.848141343425216,3.2800829463043617,123.43050838604002,129.32041121599335,-5.8899028299533285,33.98159386350366,17.05345191584755,29.59026526170347,-82.94654808415245,-18.913496076854443
2022-12-16,115.51000213623048,117.16000366210938,112.5500030517578,114.20999908447266,3000200.0,-1,-2.526243177203691,3.360311585800929,122.0119684934912,128.2011214284733,-6.189152934982104,33.518819150099745,8.18985143069153,20.05789613284812,-91.81014856930847,-11.458257058121212
2022-12-19,113.41000366210938,113.95999908447266,110.45999908447266,112.2699966430664,2202900.0,-1,-1.6986274905504306,2.554729746616724,120.51320359342584,127.02103811103575,-6.507834517609908,33.48449261363035,5.260092319897157,10.167798555478736,-94.73990768010285,-7.053567520393744
2022-12-20,110.81999969482422,113.97000122070312,109.4000015258789,113.54000091552734,1692700.0,-1,1.1312054069963162,2.2386497793961397,119.44040318144147,126.02244276322031,-6.582039581778844,35.40965073976483,11.671835741923799,8.373926497504153,-88.3281642580762,-2.095369733204744
2022-12-21,112.9000015258789,114.47000122070312,108.58999633789062,112.7699966430664,2337300.0,-1,-0.6781788499665486,2.216440660567093,118.41418679092223,125.04078008765336,-6.62659329673113,22.622957294495208,17.394925166525912,11.442284409448945,-82.60507483347409,-1.2867657984868663
2022-12-22,110.0,110.9499969482422,107.11000061035156,109.36000061035156,1859400.0,-1,-3.023850433824149,1.6518301021108963,117.02123507083444,123.87924086711249,-6.85800579627805,28.59324347125478,9.426059741335665,12.830940216595115,-90.57394025866434,-8.508322825070424
2022-12-23,108.0500030517578,109.11000061035156,106.23999786376952,108.77999877929688,1467700.0,-1,-0.5303601205355002,1.5364083780662536,115.75335256444404,122.76077849023726,-7.007425925793214,34.29244534648073,10.749052944388122,12.52334595074989,-89.25094705561187,-7.192219410479073
2022-12-27,107.33999633789062,109.33999633789062,105.9000015258789,107.56999969482422,1689200.0,-1,-1.1123359974728575,1.4875354408304073,114.49437519988714,121.63553561650295,-7.141160416615804,37.86828833454725,6.967036359787955,9.047383015170572,-93.03296364021205,-11.275155402349558
2022-12-28,107.8499984741211,109.83000183105467,105.73999786376952,107.86000061035156,1749200.0,1,0.269592745514613,1.2291721990903066,113.47370218611245,120.6151256160473,-7.1414234299348465,40.3857832117069,8.785756269747399,8.83394852464115,-91.2142437302526,-12.847447682149182
2022-12-29,109.3499984741211,112.80999755859376,108.0,111.87000274658205,1773600.0,1,3.7177842699229746,2.473084640138421,113.22697919541545,119.96733873682764,-6.7403595414121895,37.99374294311277,25.404084461485883,13.718959030340402,-74.59591553851412,-9.152181824692928
2022-12-30,109.83000183105467,112.19000244140624,109.4000015258789,111.9000015258789,1556400.0,-1,0.026815749137698575,1.8900458440415808,113.02282878471752,119.36975820268329,-6.346929417965768,41.0334435785835,25.528405981218388,19.906082237483883,-74.47159401878162,-4.497735534200231
2023-01-03,114.72000122070312,116.66999816894533,108.18000030517578,110.19000244140624,2510900.0,1,-1.5281492950446451,2.0670290519235923,112.587009347285,118.68977629444055,-6.102766947155544,29.75450920992344,18.44179479550658,23.124761746070277,-81.55820520449342,-3.5198289775776326
2023-01-04,111.93000030517578,114.08000183105467,108.93000030517578,111.58999633789062,1617000.0,1,1.2705271489841685,1.9379392503633992,112.4336227304551,118.16386666802944,-5.730243937574343,26.748179018149344,27.63342877581952,23.86787651751482,-72.36657122418048,-0.6056830190684592
2023-01-05,109.41999816894533,109.96499633789062,104.0,104.38999938964844,3931100.0,-1,-6.452188533496184,3.796194162773279,111.19614221648484,117.14358020296419,-5.947437986479343,21.374045801526734,1.9042935826297192,15.993172384651933,-98.09570641737028,-8.058835170070521
2023-01-06,105.22000122070312,105.36499786376952,100.95999908447266,103.95999908447266,2613100.0,1,-0.4119171450233994,2.986764793348542,110.0828894269445,116.16701863863148,-6.084129211686971,25.72583695526305,18.51851328573911,16.018745214729442,-81.48148671426088,-7.812359511261391
2023-01-09,106.11000061035156,109.68599700927734,104.5,104.75,2961300.0,1,0.7599085441367004,3.091634041831397,109.26244489972227,115.3213135542884,-6.058868654566126,31.110226160961346,24.124768532120896,14.849191800163235,-75.8752314678791,-4.215435794278144
2023-01-10,102.47000122070312,105.58000183105467,101.0999984741211,104.97000122070312,2912500.0,-1,0.21002503169749165,3.1528005336630427,108.60206894910394,114.55454967772651,-5.952480728622575,34.348208580844286,25.52515830630343,22.722813374721138,-74.47484169369656,-3.502479868862507
2023-01-11,105.55999755859376,108.3000030517578,103.4000015258789,108.0500030517578,2376800.0,1,2.9341733783339263,3.5099515324298447,108.5171357341276,114.07273140913624,-5.555595675008632,39.0768036931981,45.1305180169788,31.593481618467695,-54.86948198302121,0.44622418731556923
2023-01-12,103.7300033569336,105.08000183105467,99.63999938964844,104.66000366210938,5220700.0,-1,-3.137435718557602,2.1919713417950226,107.92373079997094,113.37549231676388,-5.451761516792942,35.387396016822606,29.477420036950797,33.37769878674433,-70.5225799630492,-2.966805980098497
2023-01-13,102.61000061035156,107.58999633789062,102.61000061035156,107.3000030517578,3053700.0,-1,2.5224529880311763,2.412133353315806,107.82777268486123,112.92545607491158,-5.097683390050349,46.182361221630806,44.97947276086427,39.86247027159794,-55.02052723913574,-4.085098402273768
2023-01-17,105.19000244140624,115.01000213623048,104.33999633789062,113.51000213623048,4049800.0,-1,5.787510631735215,3.3362197131710576,108.70196183122573,112.96875578315743,-4.266793951931703,57.25238327971389,81.44453165459763,51.96714148413756,-18.555468345402367,1.4387851549575226
2023-01-18,115.41000366210938,118.88999938964844,112.6449966430664,113.02999877929688,3122800.0,1,-0.42287318112946837,3.41619318721899,109.36781366939053,112.97329230138999,-3.6054786319994605,58.56336191165648,69.5584383877841,65.32748093441532,-30.44156161221591,2.577362986629228
2023-01-19,111.20999908447266,112.98999786376952,108.6999969482422,110.37000274658205,1896900.0,-1,-2.3533540311795997,3.6834154260149723,109.52199660434307,112.78045603807088,-3.2584594337278077,53.66423751145803,55.740277178875886,68.91441574041919,-44.259722821124114,-1.093282221835079
2023-01-20,111.25,117.26000213623048,110.4000015258789,117.12000274658205,2579400.0,1,6.115792182680746,3.736166352690734,110.69092062622599,113.10190394240503,-2.410983316179042,57.096514444495774,90.80521224381094,72.0346426034903,-9.194787756189049,12.194657947469967
2023-01-23,117.70999908447266,124.44000244140624,117.27999877929688,123.76000213623048,2922900.0,1,5.669398253017222,4.030205922152595,112.70154855084206,113.8913926975032,-1.1898441466611445,63.60092098710388,97.25806362298994,81.26785101522557,-2.741936377010063,19.045789944331702
2023-01-24,122.0199966430664,126.4250030517578,121.8000030517578,122.6500015258789,1382500.0,-1,-0.8968976981187593,3.9656459612551456,114.2320797777708,114.54017853664214,-0.3080987588713384,64.48837359909655,85.906287064582,91.32318764379427,-14.093712935418,17.088306945946453
2023-01-25,119.66000366210938,120.12000274658205,114.37000274658205,119.91000366210938,2570200.0,-1,-2.2339974151499686,4.2701892074519225,115.1056065292075,114.93794336075082,0.16766316845668428,59.38205684639278,75.67669031584012,86.28034700113733,-24.323309684159877,14.232640056842882
2023-01-26,122.91000366210938,125.27999877929688,120.63999938964844,125.19000244140624,2301100.0,1,4.403301324362574,3.8932331364790054,116.65705205416117,115.69735514450306,0.9596969096581063,74.51674204336129,95.38920873063527,85.65739537035245,-4.610791269364733,15.863025363764294
2023-01-27,123.87000274658205,128.9250030517578,123.06999969482422,127.5199966430664,2962800.0,-1,1.8611663521220123,3.364958773455343,118.32827429860814,116.57310636661887,1.7551679319892628,76.57942438686821,95.20230072393917,88.75606659013818,-4.79769927606082,21.842148080521383
2023-01-30,125.12999725341795,126.06999969482422,122.4000015258789,122.5999984741211,2607900.0,-1,-3.858216984365659,3.295033727680902,118.98546263330243,117.01954281902644,1.965919814275992,68.42105511793912,78.40189931128343,89.66446958861928,-21.598100688716574,14.259082001128288
2023-01-31,122.7300033569336,124.91999816894533,121.47000122070312,124.16000366210938,2087800.0,1,1.272434916316545,3.3140327138490413,119.78154586850349,117.54846584444,2.233080024063483,69.27094298961366,83.72887555478209,85.7776918633349,-16.271124445217907,9.382434433484676
2023-02-01,125.0500030517578,131.91000366210938,123.91000366210938,131.52000427246094,2453400.0,1,5.927835368289092,3.7429972868144987,121.58746254603541,118.583394616886,3.0040679291494143,71.70335182618695,98.791449215948,86.9740746940045,-1.2085507840519905,16.35849393333868
2023-02-02,136.2100067138672,142.41000366210938,135.85000610351562,141.35000610351562,3471700.0,1,7.474149567917099,4.43925317347014,124.62785386257083,120.26981028256226,4.3580435800085695,80.31730769473239,97.33668975548751,93.2856715087392,-2.663310244512491,28.069224051816
2023-02-03,135.8000030517578,138.80999755859375,133.13999938964844,134.99000549316406,3066900.0,-1,-4.499469639706922,5.4720214759859696,126.22203103650824,121.36019511297721,4.861835923531032,71.55535130257992,80.50959616121487,92.21257837755013,-19.490403838785134,15.257857178545464
2023-02-06,133.11199951171875,137.10000610351562,132.38999938964844,133.0500030517578,2014400.0,-1,-1.437145242211646,4.991542869654354,127.27248826962355,122.22610681214614,5.046381457477409,66.29419714299783,72.23376224810667,83.36001605493634,-27.76623775189333,7.506464734301832
2023-02-07,132.80999755859375,138.5030059814453,130.36000061035156,138.05999755859375,1935800.0,-1,3.7654974760782167,5.056314160245996,128.93210508331128,123.39898760817931,5.533117475131974,69.40611146654754,87.09580172902731,79.94638671278294,-12.904198270972689,12.564203702405475
2023-02-08,142.57000732421875,143.6300048828125,137.4600067138672,137.6300048828125,1695100.0,1,-0.31145348644436854,4.67617173099469,130.27024351400377,124.45313703592993,5.817106478073839,71.89207186141212,81.94402830612994,80.42453076108796,-18.05597169387006,14.77775054584749
2023-02-09,140.10000610351562,143.35000610351562,139.00999450683594,139.05999755859375,2238400.0,1,1.0390122974992533,3.051612781524901,131.6225133670176,125.53512670427538,6.087386662742219,69.26589628602173,84.38138417440491,84.47373806985405,-15.618615825595086,11.079155560907683
2023-02-10,136.55999755859375,137.4149932861328,131.92999267578125,133.8699951171875,1862000.0,-1,-3.7322037483996207,2.795477507222543,131.96827979012068,126.1525243644911,5.815755425629575,59.10974603553904,66.64385149329871,77.65642132461119,-33.35614850670129,4.979609975912247
2023-02-13,134.6699981689453,135.41000366210938,131.07000732421875,133.8699951171875,1349600.0,1,0.0,2.7004206419256804,132.26085137890018,126.72418886469083,5.536662514209354,60.31629027793425,66.64385149329871,72.55636238700077,-33.35614850670129,9.192493297987546
2023-02-14,132.22999572753906,138.5,131.07000732421875,136.19000244140625,1563300.0,-1,1.7330301104350188,2.1086658790697683,132.86533615774727,127.42536024074383,5.439975917003437,65.08524958982808,67.63810063630264,66.97526787430002,-32.36189936369737,9.689109555791786
2023-02-15,136.57000732421875,143.02000427246094,136.25,142.77000427246094,1770200.0,1,4.831486682648123,3.0966964785557423,134.3891312523186,128.56200053938954,5.827130712929062,65.90662647358747,96.11913146105636,76.8003611968859,-3.8808685389436457,8.553831838914894
2023-02-16,138.10000610351562,138.5050048828125,132.89999389648438,132.92999267578125,3620400.0,-1,-6.892212160967015,4.595705442387231,134.1646483943898,128.8855555124556,5.27909288193419,54.30937948615788,51.71475433766813,71.82399547834235,-48.28524566233187,-5.95685395412583
2023-02-17,132.0399932861328,132.5,127.9000015258789,132.35000610351562,2066200.0,-1,-0.4363097902820301,4.298920528947276,133.88547265733223,129.14218148216375,4.74329117516848,58.343323274406075,49.097486844805196,65.64379088117654,-50.902513155194804,-1.9556998905242096
2023-02-21,130.2100067138672,131.35000610351562,127.34200286865234,127.83999633789062,1502200.0,-1,-3.4076385021830413,4.5324135300337645,132.95539937741813,129.0457233233287,3.909676054089431,52.997712921990754,19.928967710485388,40.24706963098623,-80.07103228951462,-3.915826076186135
2023-02-22,131.10000610351562,133.4499969482422,129.60000610351562,132.16000366210938,1886000.0,1,3.379229856046506,4.816426046814775,132.83303080583215,129.27641075583097,3.556620050001186,50.5485081097283,29.580060152672186,32.86883823598758,-70.41993984732781,-4.273499928160129
2023-02-23,134.0,134.4250030517578,130.7100067138672,133.5,1437000.0,1,1.0139197190979,3.990783916813661,132.93564145108874,129.589269218362,3.3463722327267362,42.126373979559034,37.806952172489495,29.105326678549016,-62.193047827510505,-3.0008026856709558
2023-02-24,130.0800018310547,132.49000549316406,129.55999755859375,130.8800048828125,1659300.0,-1,-1.9625431589419429,2.6316184473769284,132.61938967135393,129.68487926758056,2.9345104037733734,45.543265499947886,21.72152244998714,29.7028449250496,-78.27847755001285,-5.882347777501263
2023-02-27,133.1199951171875,135.16000366210938,131.47999572753906,131.83999633789062,1294700.0,1,0.733489776331897,2.666315252821175,132.49948300466727,129.844517569085,2.6549654355822554,48.65942057161134,27.615378886421432,29.047951169632682,-72.38462111357858,-1.5163956475234386
2023-02-28,131.16000366210938,133.16000366210938,130.0,131.14999389648438,2240300.0,-1,-0.5233635168176543,1.9821721719669736,132.29186929571605,129.94121951926275,2.3506497764533094,41.53393276710173,23.379116877082357,24.2386727378303,-76.62088312291765,-2.0318229027513457
2023-03-01,131.14999389648438,131.6999969482422,126.5,128.44000244140625,1756400.0,0,-2.066329836978187,1.4480878379769213,131.699274395053,129.83001825423634,1.869256140816674,39.336269177951706,11.51336343434014,20.835953065947965,-88.48663656565986,-5.690579235677983
2023-03-02,129.92999267578125,134.74000549316406,128.9199981689453,134.1300048828125,5529000.0,1,4.430085902561398,2.668526056527901,132.0732329316314,130.14853578227903,1.9246971493523688,44.79409499440887,46.186458290036995,27.026312867153155,-53.813541709963005,-6.051690923227781
2023-03-03,119.5,122.47000122070312,116.5999984741211,119.23999786376952,12153800.0,-1,-11.10117533511773,5.774955526392754,130.09888907503728,129.3404959364635,0.7583931385737799,37.17791891820688,9.992425474086433,22.564082399487848,-90.00757452591357,-10.2986500912566
2023-03-06,120.69000244140624,125.75,119.51000213623048,119.80999755859376,5783600.0,1,0.4780272601778046,5.749055018565777,128.51598268789212,128.63453309365835,-0.11855040576622855,37.799379532517634,12.149880317870245,22.77625469399788,-87.85011968212976,-9.474883238852193
2023-03-07,119.6999969482422,122.16999816894533,117.37999725341795,117.87999725341795,3749300.0,-1,-1.6108841870495216,5.711183358271217,126.87967723643456,127.8379008091961,-0.9582235727615398,34.003141609312905,4.844808850788716,8.995704880915122,-95.15519114921128,-7.7909882429499255
2023-03-08,117.02999877929688,118.69000244140624,113.86000061035156,114.9499969482422,3398100.0,-1,-2.485578871262484,5.715952442098383,125.04434180748189,126.88324126394026,-1.8388994564583783,24.038814507753173,4.422788187984343,7.139159118881093,-95.57721181201566,-13.022099150260036
2023-03-09,114.29000091552734,117.18000030517578,110.22000122070312,110.4499969482422,3317900.0,-1,-3.9147456454706853,4.419135578063844,122.79905798298347,125.6659639072219,-2.8669059242384236,26.699833874012512,0.9221960907158128,3.396597709829615,-99.07780390928419,-17.26591988895715
2023-03-10,110.0,110.8499984741211,104.36000061035156,105.4499969482422,3647900.0,-1,-4.526935389905928,1.9830944339815273,120.12997166994636,124.16848487322339,-4.038513203277034,24.458785335568777,3.5389487983457557,2.9613110256819613,-96.46105120165424,-19.430017562529777
2023-03-13,105.5500030517578,111.51000213623048,103.54000091552734,109.86000061035156,3334400.0,1,4.182080407526145,3.4683016071285007,118.5499761223164,123.1085971500477,-4.558621027731306,32.895741473831876,19.98734707734135,8.149497322134296,-80.01265292265865,-16.671720523419076
2023-03-14,111.5199966430664,111.75,107.0,107.97000122070312,2693300.0,1,-1.720370816628547,3.4681711200008563,116.92228767591436,121.98721967379996,-5.064931997885594,25.872723470688854,14.010119925288883,12.51213860032532,-85.98988007471112,-17.674413842578616
2023-03-15,107.22000122070312,108.25,105.13999938964844,107.66999816894533,2287700.0,-1,-0.27785778305639,3.482562612295773,115.49885852099604,120.92668474751443,-5.427826226518391,23.69117563865298,13.061343752933151,15.686270251854452,-86.93865624706685,-16.170977793258846
2023-03-16,106.3499984741211,108.58999633789062,105.33000183105467,108.12999725341795,2997100.0,-1,0.4272305120232689,3.18073295668291,114.36518755675326,119.97878197017394,-5.613594413420685,25.761764882318232,14.516116189732992,13.862526622651666,-85.483883810267,-19.38418450973023
2023-03-17,107.7699966430664,108.27999877929688,104.24199676513672,105.48999786376952,2705600.0,-1,-2.441505092672136,2.5818791107484813,112.99977375783268,118.90553870303287,-5.90576494520019,22.896529512850435,6.249989301731949,11.275816414799356,-93.75001069826804,-11.531365520241987
2023-03-20,104.62000274658205,105.86000061035156,102.62000274658205,105.45999908447266,2194700.0,-1,-0.02843755797170555,1.2160717502334968,111.8398084234696,117.90957280536175,-6.069764381892142,23.21168679930301,8.841830931016414,9.869312140827109,-91.15816906898358,-11.977296358013156
2023-03-21,105.9499969482422,114.19000244140624,105.9499969482422,113.0199966430664,3787900.0,1,7.1685924750845675,3.6369472160187257,112.02137584186912,117.54738197852507,-5.526006136655951,35.39772473583588,32.37855855286642,15.823459595204918,-67.62144144713358,-4.1228373970042975
2023-03-22,113.0199966430664,113.76000213623048,108.8000030517578,108.86000061035156,2009200.0,0,-3.680761065541982,4.203074109406765,111.53501042163565,116.90387224754926,-5.368861825913612,25.355956537305744,26.97794468111069,22.732778054997834,-73.02205531888931,-5.297952587708843
2023-03-23,111.0999984741211,113.73999786376952,110.28299713134766,112.55999755859376,1836100.0,1,3.398858099850477,4.43139881210666,111.69270075039844,116.58210375207106,-4.889403001672619,41.66666508038185,42.97447467505804,34.11032596967837,-57.02552532494197,1.910367287144732
2023-03-24,112.16999816894533,113.05999755859376,110.52999877929688,111.93000030517578,1788200.0,-1,-0.5596990645722388,4.149357616615718,111.72920837421034,116.23750349674549,-4.508295122535145,40.18435616469076,47.621482038527795,39.19130046489883,-52.378517961472205,6.145095822159341
2023-03-27,113.16000366210938,115.0,111.5999984741211,111.87000274658205,1715000.0,1,-0.05360275031729422,4.1513255155125774,111.75086904688291,115.91398492265931,-4.163115875776398,42.1479014474124,57.56067315283914,49.38554328880832,-42.43932684716086,1.8296032450969113
2023-03-28,111.76000213623048,112.71499633789062,109.38999938964844,110.25,1327700.0,-1,-1.448111832312926,2.5697848174256412,111.51996611659324,115.49443048394382,-3.9744643673505777,43.641777550253664,52.4038360769814,52.528663756116096,-47.5961639230186,2.1116965393343845
2023-03-29,111.80999755859376,112.0199966430664,108.75,110.6999969482422,1923800.0,1,0.4081604972718367,1.8386522389256235,111.39381701377,115.13928725907704,-3.7454702453070325,50.379823895615196,65.26652660952227,58.41034527978093,-34.73347339047773,2.8141532746591924
2023-03-30,112.9000015258789,113.81999969482422,110.81999969482422,112.22000122070312,1282800.0,1,1.3730842948185495,1.054682503332752,111.5209222763751,114.9230438488271,-3.4021215724520033,61.501878962464296,77.54443137271817,65.07159801974059,-22.455568627281835,3.7824878120542804
2023-03-31,112.9000015258789,117.77999877929688,112.4800033569336,116.83000183105467,1896300.0,1,4.10800263785871,2.072284571513442,112.3377037463258,115.06429999565879,-2.726596249332985,61.76173415709193,93.73352772525709,78.84816190249916,-6.266472274742922,10.749838086004804
2023-04-03,115.61000061035156,116.13999938964844,112.08000183105467,112.9000015258789,1865600.0,-1,-3.3638622302333387,2.8332020112461427,112.42421109702627,114.9039815904899,-2.479770493463633,57.78339402883466,67.81003607859081,79.69599839218868,-32.189963921409195,7.054809886208013
2023-04-04,113.12999725341795,113.30999755859376,109.95999908447266,110.51000213623048,2289700.0,1,-2.1169170569945384,2.9449609008578506,112.12971741074999,114.57850163091513,-2.4487842201651375,54.20616864810286,52.04486447504372,71.19614275963052,-47.95513552495628,-2.22084107360474
2023-04-05,108.5,108.5,99.91000366210938,101.3000030517578,5590200.0,-1,-8.334086423343944,4.746698216958421,110.46360750936657,113.59490914357013,-3.1313016342035667,41.96660043515022,7.77839826218817,42.54443293860756,-92.22160173781182,-6.94469733254336
2023-04-06,100.66000366210938,103.91999816894533,98.70999908447266,103.73999786376952,2865900.0,-1,2.408681874140761,4.931496925984545,109.42920602542856,112.86491571543675,-3.4357096900081956,47.93193012041501,26.376501624496882,28.733254787242913,-73.62349837550312,-7.835820794357195
2023-04-10,102.45999908447266,106.70800018310548,100.08100128173828,104.9499969482422,2559200.0,-1,1.1663766236641449,4.226267735546,108.74009693663065,112.2786254363853,-3.538528499754648,49.41365562172926,32.721541497785864,22.292147128156966,-67.27845850221414,-6.236043364515931
2023-04-11,104.33000183105467,106.03500366210938,103.77899932861328,105.95999908447266,2153300.0,-1,0.9623650934726058,4.331067371020624,108.3123895747602,111.81057903994733,-3.4981894651871244,40.44396317235871,38.017829659261714,32.371957593848144,-61.982170340738286,-5.282920816134473
2023-04-12,108.20999908447266,108.76000213623048,104.79000091552734,105.87000274658205,2993100.0,1,-0.08493425695376144,4.316803809523058,107.9366377550405,111.3705363515499,-3.433898596509408,45.45178125656433,37.54590339113997,36.0950915160625,-62.45409660886003,-3.972786624415381
2023-04-13,107.01000213623048,109.9000015258789,107.01000213623048,107.38999938964844,2108100.0,1,1.4357198485247746,0.897584704559269,107.85253954498017,111.07568176177942,-3.2231422167992463,41.577060397285514,45.51652041993276,40.36008449011147,-54.48347958006724,-2.9900611109694553
2023-04-14,106.0999984741211,107.0,103.677001953125,105.4499969482422,2260200.0,-1,-1.806501957754214,1.3284137976549542,107.4829176070205,110.65896436818407,-3.176046761163576,39.87499234080133,35.3434607846315,39.46862819856807,-64.6565392153685,-6.032796470164314
2023-04-17,105.48999786376952,105.8000030517578,103.16000366210938,105.58999633789062,1653700.0,1,0.13276376832627168,1.244383156249212,107.19169895023128,110.283485254829,-3.0917863045977185,40.21195831705226,36.07759498436314,38.97919206297579,-63.92240501563686,-9.62082112214462
2023-04-18,107.12000274658205,107.37000274658205,103.44000244140624,103.55999755859376,2108100.0,1,-1.9225294532645099,1.4175033001099304,106.63297565921013,109.78544912918196,-3.1524734699718238,39.70451761735511,25.432609080940072,32.28455494997823,-74.56739091905993,-8.272811196680308
2023-04-19,102.0,103.83000183105467,101.55999755859376,102.95999908447266,1694200.0,-1,-0.5793728160157885,1.4029189564604247,106.06790234001976,109.27986023698126,-3.2119578969615077,38.14338263223055,22.286313938187902,27.93217266783036,-77.7136860618121,-6.831963537970632
2023-04-20,101.33999633789062,101.9000015258789,99.75,100.48999786376952,2630400.0,-1,-2.398991105931003,1.0515310485600937,105.20976318982741,108.62875932044706,-3.4189961306196466,32.5394353973589,9.334026260000254,19.0176497597094,-90.66597373999974,-0.7996102305884656
2023-04-21,100.6500015258789,102.25,99.52100372314452,101.70999908447266,1977100.0,1,1.2140523899274447,1.4792064710337978,104.67133794284976,108.11625856222673,-3.4449206193769726,24.966874016167765,17.211703657338205,16.277347951842113,-82.7882963426618,-1.9568139783101235
2023-04-24,101.81999969482422,102.76499938964844,99.29000091552734,100.66000366210938,1691600.0,1,-1.0323423771651297,1.4028957866178202,104.05420959196661,107.56394338444026,-3.5097337924736536,27.598819844814898,13.356197133124052,13.300642350154162,-86.64380286687594,-4.087654512508953
2023-04-25,98.0999984741211,98.23999786376952,92.2699966430664,92.31999969482422,4814500.0,-1,-8.285320548249208,3.630254474126148,102.24894653086778,106.43476237039464,-4.185815839526853,22.663047117431702,0.28362471871213435,10.283841836391455,-99.71637528128787,-12.872781717159565
2023-04-26,93.7300033569336,94.9499969482422,92.58000183105467,93.06999969482422,2294000.0,1,0.8123916837946554,3.8347521219138376,100.83680086378415,105.44477994998202,-4.607979086197872,33.413932491670266,4.537735849056604,6.059185900297588,-95.4622641509434,-12.090301992715368
2023-04-27,94.1999969482422,94.66999816894533,92.36000061035156,93.41999816894533,2011400.0,1,0.37605939106988284,3.9504336919116767,99.69575429534741,104.55405537360893,-4.858301078261519,27.288726659738032,6.522979054872852,3.781446540880521,-93.47702094512715,-13.00866123484652
2023-04-28,91.16999816894533,92.37000274658205,87.77999877929688,90.0999984741211,4304300.0,-1,-3.5538426031867187,3.736466019478583,98.2194841690049,103.48338449216538,-5.263900323160485,20.09665335900837,10.48824324934907,7.182986051092833,-89.51175675065093,-14.556660899341056
2023-05-01,89.4800033569336,89.4800033569336,87.3499984741211,88.73999786376953,3218400.0,-1,-1.509434665242737,3.70075309907058,96.76110166050717,102.39128177895087,-5.630180118443704,15.80618302310755,6.164076281755024,7.725099528658973,-93.83592371824497,-15.957949671861604
2023-05-02,86.5999984741211,88.37999725341797,84.93000030517578,87.0,5006600.0,-1,-1.9607819536357374,1.7848944331907035,95.25939371273684,101.25118683236191,-5.991793119625072,14.834128168737323,8.289946310086444,8.314088613730169,-91.71005368991355,-15.990728031085744
2023-05-03,86.52999877929688,88.5,85.69999694824219,87.37000274658203,2743400.0,-1,0.42529051331268164,1.6830572303412463,94.04564125640532,100.22295097415599,-6.177309717750674,11.020256220496677,10.873449981912483,8.442490857917974,-89.12655001808751,-15.141799219617269
2023-05-04,88.0999984741211,89.20999908447266,86.92500305175781,87.73999786376953,2006500.0,1,0.42348072056341834,1.6945668857080556,93.07554227292289,99.29828778079403,-6.222745507871139,13.272492243235718,12.522269397835474,10.561888563278124,-87.47773060216453,-12.687829904509185
2023-05-05,89.0199966430664,91.61000061035156,89.0,89.45999908447266,3337100.0,1,1.9603387993850863,1.5999048912832294,92.51930485931516,98.5695256551406,-6.050220795825439,18.60646066406342,20.187158139243902,14.527625839663946,-79.8128418607561,-12.044046908137396
2023-05-08,107.48999786376952,109.9000015258789,103.62000274658205,107.91999816894533,14225300.0,1,20.634919822704,9.240423827161754,94.88864229156596,99.26215324875577,-4.373510957189808,55.1756898335589,92.07047152528003,41.593299687453126,-7.929528474719975,7.212392452523586
2023-05-09,108.79000091552734,114.4499969482422,108.31999969482422,110.04499816894533,6070300.0,1,1.9690511824077106,8.728047851976399,97.22038934962433,100.06088250210314,-2.840493152478814,58.11662232719888,85.07791571740741,65.77851512731043,-14.922084282592591,19.199521807531838
2023-05-10,111.55999755859376,119.70999908447266,111.2699966430664,116.79000091552734,6938600.0,1,6.129313334375119,8.330861213112946,100.23109882130171,101.30007645865308,-1.0689776373513666,67.00751635495791,91.6043752977833,89.5842541801569,-8.395624702216692,25.486194583088874
2023-05-11,117.54000091552734,118.83999633789062,114.25,115.41999816894533,3060400.0,1,-1.1730479800003746,8.633823875157422,102.56785256709304,102.3459965853414,0.221855981751645,64.2604526435527,87.6653218341083,88.11587094976632,-12.334678165891695,23.549561583392588
2023-05-12,114.91999816894533,116.8499984741211,113.16000366210938,114.33000183105467,2431500.0,-1,-0.9443738998290208,9.053074302841733,104.37741399231791,103.23370067761645,1.1437133147014578,64.20702348318406,84.53134720458795,87.93368144549318,-15.468652795412048,26.89234602361623
2023-05-15,114.5999984741211,121.79000091552734,114.5,120.80999755859376,3947600.0,1,5.667799898328152,3.489227826209689,106.90550377174496,104.53564859472588,2.369855177019076,80.80000277132643,97.34128230953321,89.84598378274313,-2.6587176904667786,36.13928382560585
2023-05-16,119.77999877929688,120.62999725341795,118.30999755859376,118.3499984741211,2030400.0,-1,-2.0362545602068627,4.013172955958992,108.66619526441822,105.55893377097739,3.1072614934408307,76.35529950310294,90.66738365587499,90.84667105666539,-9.332616344125015,36.0344810047369
2023-05-17,119.06999969482422,119.18499755859376,116.875,118.7699966430664,2315600.0,1,0.3548780518464856,3.080806592850948,110.2206262457487,106.53753102076176,3.6830952249869426,76.38975967641062,91.80682522394528,93.27183039645115,-8.193174776054713,35.93910141855039
2023-05-18,118.91000366210938,124.1500015258789,118.16200256347656,123.95999908447266,2447300.0,1,4.369792530182104,3.3688304775474,112.3343759132447,107.82808421066628,4.506291702578423,83.92786047288182,99.51554707931535,93.99658531971187,-0.48445292068464574,41.28106006674459
2023-05-19,123.94000244140624,126.66999816894533,123.5,125.2699966430664,2477400.0,-1,1.056790552007869,3.1179793782113867,114.32447141014035,109.1200777241774,5.204393685962941,86.6399252640597,96.64589938301332,95.98942389542465,-3.3541006169866776,40.02906094910659
2023-05-22,125.5500030517578,130.8699951171875,125.13999938964844,128.86000061035156,2513900.0,1,2.865813094506753,2.447239903182478,116.5607066717113,110.58229423426438,5.97841243744692,90.48356197415092,95.55015588152531,97.23720078128467,-4.449844118474688,19.403264266762974
2023-05-23,127.5,130.0,124.38999938964844,124.47000122070312,2988200.0,-1,-3.406797585639454,2.943826882330716,117.77752121771005,111.6110132702969,6.166507947413152,83.29145974624453,85.43635214006768,92.54413580153543,-14.563647859932312,13.10827687925622
2023-05-24,124.0999984741211,128.18499755859375,123.20999908447266,126.52999877929688,2704500.0,-1,1.6550152955659314,2.924645155210846,119.12405622718494,112.71612330800059,6.407932919184347,83.78331614360589,89.63459077140166,90.20703293099821,-10.365409228598335,8.339753221523093
2023-05-25,128.00999450683594,128.55999755859375,125.24500274658205,126.69000244140624,1899600.0,1,0.12645512025053485,2.378840654441825,120.28804795244976,113.75122546603063,6.536822486419126,83.33035306543886,84.6605730418838,86.57717198445103,-15.339426958116212,9.7643427926281
2023-05-26,126.76000213623048,134.82000732421875,126.01000213623048,130.6199951171875,2740100.0,1,3.1020543058232875,2.6657752527980603,121.87757828548634,115.00076395870892,6.876814326777421,77.46853982001859,84.15090189493952,86.1486885694083,-15.849098105060476,14.248222710784631
2023-05-30,134.55999755859375,137.64999389648438,133.52000427246094,134.72000122070312,2669700.0,1,3.1388809192935962,2.7191856829424577,123.85333566013507,116.46144820033811,7.391887459796962,78.49636689609181,88.89312744184755,85.90153412622362,-11.106872558152448,11.513950784878467
2023-05-31,133.72999572753906,136.00999450683594,131.57000732421875,135.47999572753906,4069900.0,-1,0.5641289340480915,1.3966842091661995,125.64205259358184,117.8702294986493,7.771823094932543,75.04690412337084,91.13924444976124,88.06109126218276,-8.860755550238757,14.4740156098639
2023-06-01,131.9199981689453,137.5,128.1199951171875,135.08999633789062,4506800.0,-1,-0.2878649261495059,1.6631885247937912,127.09558240039857,119.14576778303754,7.949814617361028,77.0712984297679,89.54675957771332,89.85971048977403,-10.453240422286688,13.740843778812174
2023-06-02,141.8000030517578,147.5800018310547,140.16200256347656,142.38999938964844,8018300.0,1,5.403807276372152,2.272414786769777,129.44856962951394,120.86756271686058,8.581006912653365,82.98072636008236,84.31075527772794,88.33225310173417,-15.689244722272065,14.867699613821905
2023-06-05,142.27499389648438,149.5800018310547,140.5500030517578,148.0500030517578,3836000.0,-1,3.975000833184117,2.3726777561504626,132.31032861755145,122.88107681574185,9.429251801809599,82.64621847571574,95.32182023043313,89.72644502862478,-4.678179769566871,18.18472660584385
2023-06-06,147.92999267578125,153.5500030517578,147.08299255371094,152.99000549316406,3536800.0,-1,3.33671215101512,2.3863795096842577,135.4918173676457,125.11136782888423,10.380449538761468,89.1855242437795,98.47308108521914,92.70188553112673,-1.5269189147808664,18.725752575290677
2023-06-07,154.91000366210938,155.3300018310547,143.35000610351562,144.9199981689453,3660600.0,1,-5.27485916364604,4.295634978748587,136.94230672169178,126.57867377999986,10.363632941691918,75.2169668272248,71.99202575536509,88.59564235700577,-28.007974244634916,16.4296591529564
2023-06-08,146.41000366210938,151.5,146.1699981689453,148.82000732421875,2849300.0,1,2.691146290746471,4.203305724338934,138.76964527592668,128.2261799684605,10.543465307466164,74.5846501050324,79.73227288242158,83.39912657433526,-20.267727117578413,17.616382486339678
2023-06-09,150.80999755859375,153.89999389648438,149.23500061035156,150.83999633789062,2720600.0,1,1.3573369938566948,3.7562210177004625,140.62662236238268,129.9012774773072,10.725344885075486,74.93660401695638,86.02115470353796,79.2484844471082,-13.978845296462048,19.062272816399783
2023-06-12,152.1199951171875,156.02499389648438,150.47000122070312,155.97999572753906,2220000.0,1,3.407583873268294,3.6593906103213008,142.98867980317596,131.83303438473177,11.15564541844418,75.67208572191223,99.8628731492932,88.5387669117509,-0.1371268507068031,19.415098421646306
2023-06-13,158.7899932861328,159.86000061035156,154.39999389648438,157.58999633789062,2545900.0,1,1.0321840328575638,3.446760266412908,145.23503619313206,133.74095749237318,11.494078700758877,83.09351464983769,93.80626418021275,93.23009734434795,-6.193735819787255,16.97594634052968
2023-06-14,157.0,159.25,154.75999450683594,157.5500030517578,1932400.0,-1,-0.025378061464675916,1.3636590051891133,147.1296464790745,135.50459049677204,11.625055982302456,82.29904364070481,93.32659915888206,95.66524549612933,-6.673400841117934,16.290233259678622
2023-06-15,155.08999633789062,160.02000427246094,154.56500244140625,158.33999633789062,2174000.0,-1,0.5014238469251531,1.3134859593606436,148.85431568812314,137.1961020405586,11.658213647564537,82.52826091183901,95.0602533694621,94.06437223618563,-4.939746630537902,17.21074885652265
2023-06-16,160.22999572753906,162.6699981689453,153.66000366210938,154.00999450683594,3208300.0,1,-2.734622919792584,2.2054333773759973,149.6474970448482,138.44157555657915,11.205921488269041,73.84301522363535,74.93486860439285,87.77390704424568,-25.065131395607146,8.16068204719176
2023-06-20,152.11000061035156,155.0,147.0850067138672,148.66000366210938,2575400.0,-1,-3.473794581876366,2.027592923686775,149.4955749859653,139.1984961569888,10.29707882897651,63.85686463661018,59.45009183979465,76.4817379378832,-40.54990816020535,0.4120233689818287
2023-06-21,148.66000366210938,148.91000366210938,143.3699951171875,144.85000610351562,2386400.0,0,-2.562893491684237,1.77507882266251,148.78087208097304,139.61712652339818,9.163745557574856,58.781641971830595,48.4226034980826,60.935854647423355,-51.5773965019174,-5.320608600156007
2023-06-22,144.3000030517578,146.44000244140625,142.7899932861328,144.83999633789062,1425700.0,-1,-0.006910435072982057,1.779342037636084,148.1745835051142,140.00400576891613,8.170577736198084,59.203322423361826,20.783697741959102,42.885464359945445,-79.2163022580409,-0.05520413474020547
2023-06-23,142.5500030517578,143.89999389648438,141.82000732421875,142.6999969482422,1500800.0,-1,-1.4774920213724174,1.3473059335857924,147.33233941944158,140.2037088192366,7.1286306002049855,50.32419742148474,9.719685221873327,26.308662153971667,-90.28031477812667,-4.112357260300037
2023-06-26,142.0,145.3699951171875,140.3489990234375,141.7100067138672,1197200.0,-1,-0.6937563108246447,1.3967156447601388,146.46736515704552,140.3152864410611,6.15207871598443,42.65183278851113,6.097431757232048,12.20027157368815,-93.90256824276796,-6.052764416389744
2023-06-27,142.69000244140625,145.71099853515625,140.58999633789062,144.66000366210938,1641300.0,1,2.081713928783202,1.742976484801572,146.18930954243996,140.63711734632392,5.552192196116039,39.87848583787111,19.313672343110508,11.710263107405284,-80.68632765688949,-7.25733579657426
2023-06-28,143.9600067138672,148.1999969482422,142.72000122070312,144.11000061035156,1841100.0,-1,-0.3802039526021872,1.332007635019033,145.8694158605802,140.8943679584741,4.975047902106098,48.79572082066304,16.849611266935508,14.086905122426012,-83.15038873306449,-8.553839736525182
2023-06-29,144.82000732421875,145.44000244140625,142.5919952392578,144.83999633789062,1212500.0,1,0.5065545239381741,1.3600270970251436,145.71104362632028,141.18663672731978,4.524406899000496,43.46681534737584,20.1200550440277,18.76111288469123,-79.87994495597229,-8.067284333654845
2023-06-30,146.4600067138672,150.1020050048828,146.17999267578125,146.3000030517578,1374300.0,1,1.0080134981923061,1.1135139317606337,145.80165276869528,141.5654046032041,4.23624816549119,42.40803255891096,26.661010958902235,21.210225756621806,-73.33898904109776,-7.603886298216144
2023-07-03,146.42999267578125,147.61000061035156,145.19500732421875,146.58999633789062,720500.0,1,0.19821823655752357,0.9298633419137743,145.92293639472533,141.93759658355125,3.9853398111740717,31.257465698143662,27.96020587505443,24.913757292661444,-72.03979412494557,-4.817867952469779
2023-07-05,145.94000244140625,148.0500030517578,144.3300018310547,146.97000122070312,920300.0,-1,0.25922975121479563,0.5042224588164735,146.0840232910296,142.31036729741436,3.7736559936152503,27.70779710787373,29.66266050235537,28.094625778770666,-70.33733949764463,-1.136823893296457
2023-07-06,143.77000427246094,143.77000427246094,138.60000610351562,141.74000549316406,2491000.0,-1,-3.5585464272298917,1.8397701047419424,145.41571286058877,142.2681182748773,3.1475945857114596,22.750760310078164,13.045286351208373,23.55605090953938,-86.95471364879162,-2.14704900193724
2023-07-07,142.3699951171875,144.00999450683594,141.4199981689453,143.17999267578125,1719800.0,1,1.0159356051997914,1.909575177623462,145.0717559090799,142.3356645267961,2.736091382283803,24.443665899096402,19.0277859660934,20.578577606552372,-80.9722140339066,-1.1460947970730606
2023-07-10,143.27000427246094,154.33999633789062,143.17999267578125,154.27000427246094,4102800.0,1,7.745503676475285,4.104473287589991,146.48687104190776,143.21968969314167,3.267181348766087,50.35696030701938,95.54880488281432,42.540625733372025,-4.451195117185683,8.107924016575296
2023-07-11,155.0,156.2050018310547,147.35000610351562,147.38999938964844,4015800.0,1,-4.459716530934632,4.833309245316107,146.6258138646371,143.52860152251253,3.0972123421245783,48.32673995442869,49.92897142475781,54.835187424555166,-50.07102857524219,4.008180373069892
2023-07-12,151.36000061035156,151.6999969482422,136.44000244140625,137.67999267578125,7991700.0,1,-6.58796848773795,5.704083762403748,145.2495336817362,143.09537123756948,2.1541624441667295,41.824387195285325,6.273666949994557,50.58381441918889,-93.72633305000544,-4.825114620231686
2023-07-13,139.1300048828125,145.89999389648438,139.08999633789062,145.13999938964844,4037700.0,1,5.418366582452205,6.158571524949049,145.23268225218425,143.24682517476052,1.9858570774237307,50.29240061784707,44.01718804402622,33.40660880625952,-55.98281195597378,0.7147309520050715
2023-07-14,145.08999633789062,148.8699951171875,144.3800048828125,145.42999267578125,2498800.0,-1,0.19980245786985762,6.156482055006019,145.2630377019684,143.40854128594725,1.854496416021135,52.76035985441664,45.48439419170104,31.925083061907262,-54.51560580829896,0.4073435189229535
2023-07-17,145.42999267578125,153.0,145.375,151.82000732421875,2328000.0,0,4.3938767587531125,5.286318686671342,146.27180225923766,144.03161284433773,2.2401894148999304,59.21604072272941,77.8143453465903,55.77197586077251,-22.1856546534097,3.7730718778645977
2023-07-18,151.75,156.67999267578125,150.44000244140625,154.80999755859375,2187200.0,-1,1.969430964385177,4.747809264017628,147.58537076683092,144.8300117120604,2.7553590547705085,59.24575622860879,90.76088923199401,71.3532095900951,-9.239110768005983,5.607477608332823
2023-07-19,156.44000244140625,163.13499450683594,155.92999267578125,161.0399932861328,3362700.0,1,4.024285140357997,2.094123731131777,149.65531269287737,146.03075108791762,3.6245616049597515,63.97555772542547,92.15208150064905,86.90910535974444,-7.847918499350951,9.573376844639835
2023-07-20,158.22000122070312,158.82000732421875,146.64999389648438,147.89999389648438,4150500.0,-1,-8.159463448499737,5.1190203247109185,149.38526364727846,146.16921351818183,3.2160501290966295,52.09646279661906,42.92936827622789,75.28077966962364,-57.07063172377211,4.345977257364653
2023-07-21,149.7899932861328,152.07000732421875,146.2570037841797,149.00999450683594,4006200.0,1,0.7505075430418673,5.117258345527991,149.32752993336422,146.37964173956362,2.947888193800594,51.865614259183005,47.087453836361945,60.72296787107962,-52.912546163638055,4.071799224250716
2023-07-24,149.24000549316406,149.94000244140625,144.35000610351562,148.3300018310547,1567100.0,1,-0.45634031330029634,4.6562140900859275,149.17406407147044,146.52411285745185,2.6499512140185857,51.19145808775328,44.54018701524965,44.852336375946486,-55.45981298475035,-3.850393645491468
2023-07-25,153.8300018310547,156.375,151.10000610351562,155.2100067138672,2895500.0,1,4.638309713397493,5.121767338691276,150.10267063183917,147.16751240237153,2.935158229467646,55.18108969469567,70.31282956164765,53.98015680441974,-29.68717043835236,5.3056566636826785
2023-07-26,153.67999267578125,158.64999389648438,153.10000610351562,156.6199951171875,1848100.0,-1,0.9084391098053812,4.706707926715953,151.10533593727737,147.8676963071727,3.237639630104667,59.82826302767041,75.59467568418785,63.48256408702837,-24.405324315812155,13.756539402211864
2023-07-27,159.53500366210938,160.82000732421875,154.55999755859375,155.25,1862500.0,1,-0.8747255522274955,2.1761905845516285,151.74297656231164,148.4145336177525,3.3284429445591286,57.97964203686158,70.46264525005387,72.12338349862978,-29.537354749946125,6.965688750769439
2023-07-28,157.83999633789062,159.82000732421875,156.1300048828125,157.49000549316406,1215900.0,1,1.4428376767562368,2.178909090249894,152.62713485936587,149.0867907937089,3.540344065656967,52.410902425548855,78.85375279439697,74.97035790954622,-21.146247205603025,8.292658615660642
2023-07-31,158.22999572753906,162.50999450683594,158.22999572753906,160.3800048828125,1502200.0,1,1.8350366936610962,1.9945732082432357,153.81988409374225,149.92332517067953,3.896558923062713,60.344009302540336,89.67975110361175,79.66538304935419,-10.320248896388247,5.638253949173833
2023-08-01,159.0,164.2899932861328,156.35000610351562,162.8000030517578,1796600.0,-1,1.5089151360941688,1.0803843721389899,155.20144085651387,150.8771531618705,4.324287694643374,72.6306462002718,94.0873396237497,87.54028117391947,-5.912660376250297,5.16116892911902
2023-08-02,159.0,159.00999450683594,148.3300018310547,150.5399932861328,3135900.0,-1,-7.530718388087044,3.955499253148061,154.48429507645523,150.85217835626028,3.6321167201949436,54.47760778577972,31.04308506282967,71.6033919300637,-68.95691493717032,-6.5201194968654725
2023-08-03,150.0,152.40499877929688,149.08999633789062,150.77000427246094,1500400.0,-1,0.1527906181654659,3.972349117025532,153.91286572199456,150.84609138708996,3.0667743349046077,54.432280137562124,32.196601282381906,52.442341989653755,-67.8033987176181,1.9405074336820372
2023-08-04,147.72000122070312,149.0,142.30999755859375,146.16000366210938,3200100.0,-1,-3.057637779210176,3.9265188376146836,152.72011771278147,150.49897377783213,2.221143934949339,45.15907929403425,17.515954740118058,26.918547028443204,-82.48404525988194,-1.9126172403125752
2023-08-07,146.0,146.2899932861328,142.05499267578125,145.33999633789062,1810700.0,-1,-0.561034006344463,3.5592332783331617,151.58471442433674,150.11682730079943,1.4678871235373094,41.58820413648929,14.774021011629895,21.495525678043276,-85.2259789883701,-2.015779313863708
2023-08-08,141.66000366210938,141.66000366210938,137.02499389648438,138.69000244140625,2532100.0,-1,-4.575474104887323,3.1159284341322984,149.60091258080897,149.27039582973327,0.3305167510756917,30.294491096170717,6.106761717200039,12.79891248964932,-93.89323828279996,-10.643646387385253
2023-08-09,138.50999450683594,141.75,136.8209991455078,140.3000030517578,1619000.0,-1,1.1608627745404831,2.3717916846582168,148.1700034224934,148.60592229062397,-0.4359188681305568,41.589210369625356,12.665203132082516,11.181995286970809,-87.33479686791749,-10.420120402390898
2023-08-10,143.02999877929688,146.8800048828125,142.24000549316406,144.3000030517578,1886400.0,1,2.8510334376289137,3.0239305051179803,147.57461875007255,148.28696530996723,-0.7123465598946837,45.10090416326489,27.22707598233093,15.333013610537819,-72.77292401766907,-7.053138130912839
2023-08-11,142.66000366210938,146.0,142.50999450683594,142.9499969482422,1101300.0,-1,-0.9355551455057176,2.772729804026103,146.8631384728679,147.89163432020982,-1.0284958473419294,44.480916503716394,22.312421675717474,20.734900263376964,-77.68757832428253,-9.232337315241878
2023-08-14,142.3699951171875,145.27000427246094,141.58999633789062,144.91000366210938,1075600.0,-1,1.3711135052187906,2.8793617002122063,146.56265619428964,147.67077278998016,-1.1081165956905181,38.247378202228646,29.447763813959277,26.32908715733588,-70.55223618604073,-9.645841594784121
2023-08-15,144.2100067138672,144.22000122070312,140.94000244140625,142.7100067138672,1147700.0,-1,-1.5181815558931167,1.7902483678585503,145.96994088960926,147.303308636194,-1.3333677465847416,34.40934914007326,21.438744856149956,24.399643448608895,-78.56125514385005,-12.34029235951768
2023-08-16,142.0,142.4499969482422,139.4199981689453,140.1300048828125,898700.0,-1,-1.8078632959688479,2.0283331187095968,145.07148919625592,146.77195280261017,-1.7004636063542478,33.50067369063248,12.046330201843343,20.977612957317515,-87.95366979815665,-6.915098224784655
2023-08-17,140.0,140.3300018310547,134.7689971923828,135.64999389648438,1594800.0,-1,-3.197039056749229,1.668676562183587,143.62202838090647,145.948103994749,-2.3260756138425336,27.278410420416407,2.984305479746605,12.156460179246624,-97.01569452025339,-10.028526860457433
2023-08-18,132.58999633789062,136.65499877929688,131.58999633789062,136.2100067138672,1783100.0,-1,0.41283659607840306,1.8270749926094236,142.4817173552081,145.22676345542442,-2.745046100216314,23.573181535319904,14.128473416340531,9.719703032643483,-85.87152658365947,-6.807605842186792
2023-08-21,141.22999572753906,146.69000244140625,140.6699981689453,142.77999877929688,2411300.0,1,4.823428339762947,3.118453865864425,142.52760680506793,145.04552162756312,-2.517914822495186,29.931852506271923,40.80963963768443,19.30747284459051,-59.19036036231557,-1.7613854569269338
2023-08-22,144.0,144.6999969482422,141.10000610351562,141.89999389648438,1098400.0,1,-0.6163362448074916,3.052685410167843,142.43105097297814,144.81251957340913,-2.381468600430992,38.779234913336126,49.53157025859667,34.82322777087387,-50.46842974140333,2.3145081826891456
2023-08-23,142.35000610351562,146.35000610351562,140.5,145.47000122070312,1093300.0,1,2.51586150653611,3.052197204930411,142.89858178032046,144.86122191765315,-1.9626401373326985,43.666350720579544,79.72430765778952,56.688505851356865,-20.275692342210483,3.6849594130358376
2023-08-24,147.64999389648438,147.86000061035156,139.6649932861328,139.74000549316406,1138200.0,1,-3.9389535158150357,3.3021480257709617,142.41264696691178,144.48187255287618,-2.0692255859644035,42.52794156769715,50.09223733928804,59.782705085224734,-49.90776266071196,-3.160081401355319
2023-08-25,139.61000061035156,143.35000610351562,139.1999969482422,142.75999450683594,1038000.0,-1,2.161148486443709,3.3641458476002044,142.46608504997704,144.35432603094728,-1.888240980970238,47.14348898350356,68.65393506903968,66.15682668870573,-31.346064930960328,-0.13291531686778768
2023-08-28,145.32000732421875,145.8699951171875,140.58999633789062,141.33999633789062,1171400.0,1,-0.9946751356013195,2.633074041861856,142.29284063273298,144.1310423499801,-1.8382017172471308,53.31829746711127,59.92622888552722,59.55746709795164,-40.07377111447278,-2.4636030874328307
2023-08-29,140.6999969482422,145.64999389648438,139.50999450683594,144.38999938964844,1015800.0,-1,2.157919294455346,2.803501479638483,142.6154804414892,144.15022435291849,-1.534743911429274,54.94318806325994,78.67240129385495,69.0841884161406,-21.32759870614506,1.1772073412831041
2023-08-30,144.89999389648438,147.3300018310547,143.36000061035156,147.27999877929688,1081400.0,1,2.0015232369726244,2.713543542764899,143.33309864730577,144.3820594956132,-1.0489608483074164,53.7009362584002,96.43514641212225,78.34459219716813,-3.5648535878777534,5.102400376324656
2023-08-31,149.0800018310547,156.77999877929688,148.97000122070312,156.0500030517578,2408300.0,1,5.954647165364957,2.4662853993921328,145.28954547875992,145.24635161088315,0.04319386787676649,63.73741582548152,97.10204185475136,90.73652985357619,-2.8979581452486354,15.03870996915846
2023-09-01,158.22500610351562,159.1540069580078,155.8000030517578,158.3800048828125,1905300.0,1,1.4931123264905644,2.490690239173623,147.3034623101526,146.21921481621123,1.0842474939413762,64.0166452525019,97.19198310484462,96.90972379057274,-2.808016895155375,16.276335860930736
2023-09-05,159.05999755859375,163.47999572753906,158.0500030517578,162.74000549316406,6451600.0,1,2.7528731379807603,1.7808619415479192,149.678315107539,147.44297708857812,2.2353380189608743,69.9462159070603,97.67955393998784,97.32452629986126,-2.320446060012163,13.97955377820146
2023-09-06,159.16000366210938,165.3699951171875,153.57000732421875,158.35000610351562,6287300.0,-1,-2.697553915120665,3.101649502218133,151.01242141461233,148.2509051637587,2.7615162508536457,67.51248979227873,79.21850424111237,91.36334709531495,-20.781495758887637,11.59267999618907
2023-09-07,156.47000122070312,162.67999267578125,155.39999389648438,161.02000427246094,2859100.0,-1,1.6861370799063247,3.102298977795134,152.55204954658905,149.1967643569959,3.3552851895931326,75.26389860944768,87.12258436376086,88.00688084828703,-12.877415636239128,10.689491249928418
2023-09-08,160.50999450683594,163.47000122070312,160.33999633789062,160.77000427246094,1647200.0,-1,-0.15526021200258366,2.124572190952109,153.81635027364624,150.0540413877711,3.762308885875143,74.60921900065011,82.42265507612778,82.921247893667,-17.57734492387222,15.04937595005722
2023-09-11,162.27000427246094,167.5,162.0399932861328,165.0500030517578,2097800.0,1,2.6621873891621295,2.3021599032743785,155.54460454720186,151.16485336288122,4.379751184320639,73.38794789641202,91.34276790090307,86.96266911359724,-8.657232099096928,15.613623846037994
2023-09-12,163.3000030517578,164.77000427246094,159.50999450683594,160.22000122070312,1323700.0,-1,-2.926386998938768,2.5191993803446127,156.26389634312514,151.8356050560532,4.428291287071943,67.76571779643662,74.27562546200966,82.68034947968016,-25.724374537990336,13.357864279037845
2023-09-13,160.22000122070312,160.89700317382812,158.25999450683594,158.39999389648438,907100.0,0,-1.1359426478294021,2.2251457221791933,156.59252673594963,152.3218560812703,4.270670654679321,62.97931470541744,67.84450486852371,77.82096607714547,-32.15549513147629,9.70288424825656
2023-09-14,159.74000549316406,159.74000549316406,156.6999969482422,159.22999572753906,1152400.0,1,0.5239910751493548,2.0632049552257556,156.99829119619417,152.83357012914206,4.164721067052113,71.69894082063806,70.77737321322564,70.96583451458633,-29.222626786774352,8.113794844709087
2023-09-15,158.3300018310547,158.72000122070312,154.60000610351562,156.10000610351562,1603700.0,-1,-1.9657035156737779,2.205939572780749,156.86009348962824,153.07552834946603,3.784565140162215,64.81564896789655,59.27119807365322,65.96435871846752,-40.72880192634678,0.032042967497547536
2023-09-18,154.72999572753906,156.0800018310547,153.00999450683594,154.72000122070312,1448800.0,-1,-0.8840517801756986,1.2857548778050985,156.53084852517821,153.19734115474287,3.333507370435342,64.87327880697873,54.340849334888105,61.46314020725564,-45.659150665111895,-2.310900081621703
2023-09-19,153.89999389648438,156.0399932861328,151.75999450683594,155.0500030517578,1858100.0,-1,0.21328970298024608,1.0180274908699842,156.303026144652,153.3345753693366,2.9684507753154037,62.612400850390244,48.42586055084609,54.01263598646246,-51.57413944915391,-4.725330085926083
2023-09-20,155.2899932861328,158.1999969482422,154.22000122070312,154.22999572753906,878500.0,1,-0.5288663708990837,0.9810657860316251,155.98409838817307,153.40090280327752,2.583195584895549,58.64642185540566,28.386372657038724,43.7176941809243,-71.61362734296128,-2.601837838442045
2023-09-21,151.72999572753906,153.47000122070312,147.6199951171875,148.7899932861328,1682400.0,-1,-3.527201317580597,1.4537777329752835,154.87731298785917,153.0593539501557,1.8179590377034742,40.15191720019969,5.885301215176504,27.5658448076871,-94.11469878482349,-7.595336394125162
2023-09-22,149.0399932861328,154.5500030517578,148.1699981689453,151.7100067138672,1644000.0,1,1.96250659284527,1.9919227160354185,154.3900350995527,152.9594023030232,1.430632796529494,41.09480203314558,20.57349392411748,18.28172259877756,-79.42650607588253,-5.6353780666942965
2023-09-25,151.0,151.01499938964844,147.1300048828125,148.97000122070312,1076300.0,-1,-1.8060809253880317,2.0713439492194525,153.55618373357584,152.66389111174024,0.892292621835594,30.78427038737189,9.032875694398667,11.830556944564208,-90.96712430560133,-9.742503201294806
2023-09-26,147.63999938964844,150.85000610351562,146.58999633789062,148.02999877929688,1077100.0,-1,-0.6310011637937873,2.0079234387861082,152.70600143291753,152.32063982785553,0.3853616050620019,34.064243295894826,6.8866675715397,12.164345730018605,-93.1133324284603,-7.6082900689874
2023-09-27,149.6199951171875,150.8000030517578,146.63999938964844,148.8699951171875,953400.0,1,0.5674500741859712,2.1163501361489114,152.1158466151129,152.06503651595418,0.05081009915872414,30.114573151453428,10.903865997060622,8.941136420999653,-89.09613400293938,-6.0164136025944615
2023-09-28,148.42999267578125,152.4499969482422,146.7100067138672,150.9199981689453,1017000.0,-1,1.3770424659073077,1.5246013594724583,151.93186993108714,151.98021886062017,-0.04834892953303438,34.775896517698285,20.707800443387786,12.832778003996026,-79.29219955661222,-5.218864398397094
2023-09-29,153.8699951171875,159.38999938964844,153.5500030517578,155.58999633789062,2298600.0,1,3.0943534492476887,1.8774666779867248,152.4946586090569,152.24760978486242,0.24704882419447927,35.55284619912558,49.50492888887024,27.03886510977287,-50.49507111112976,-0.32671988833030685
2023-10-02,159.0500030517578,163.0500030517578,158.35000610351562,160.88999938964844,2284900.0,1,3.4063906269706123,1.7016516417309018,153.78624949837865,152.88778679262435,0.898462705754298,51.00872842188644,86.87726135439775,52.363330228885246,-13.122738645602254,3.9878478026535324
2023-10-03,158.55999755859375,159.77000427246094,150.1999969482422,151.4600067138672,2377000.0,-1,-5.861142837687128,3.755471113735797,153.42836599306918,152.782025305309,0.6463406877601869,41.49928546890846,29.5869282475668,55.323039496944915,-70.4130717524332,-2.3153797273336663
2023-10-04,152.74000549316406,155.39999389648438,151.8000030517578,155.1199951171875,1366700.0,1,2.4164718348617553,3.851512532135606,153.6886166275489,152.955208254337,0.733408373211887,45.29209650823747,51.82257168893219,56.09558709696557,-48.17742831106781,0.5770598549588835
2023-10-05,154.92999267578125,155.24000549316406,149.625,153.3000030517578,1057800.0,-1,-1.1732801203705234,3.938224734728262,153.62882992358104,152.98074860970152,0.6480813138795156,46.69343140664446,40.765516263211225,40.725005399903395,-59.234483736788775,3.031124382774819
2023-10-06,150.6999969482422,163.60000610351562,150.6999969482422,163.58999633789062,2549300.0,-1,6.712324253939284,4.800417464742172,155.16131706424406,153.76661881178958,1.394698252454475,58.65365377286585,99.94115367502476,64.17641387572272,-0.05884632497524148,7.83072249573471
2023-10-09,165.69000244140625,172.24000549316406,165.5,168.86000061035156,3370900.0,1,3.2214709887124604,4.778871472794983,157.2688068405683,154.88464709316455,2.384159747403743,62.28866075686198,86.82259775288385,75.84308923037327,-13.177402247116149,13.351681027498197
2023-10-10,169.02000427246094,173.9499969482422,167.8699951171875,171.8800048828125,1927700.0,1,1.7884663398940015,2.838446344396824,159.516683462452,156.1435624849903,3.3731209774616957,65.1138973623645,92.43423969571656,93.06599704120838,-7.565760304283447,16.111603256225404
2023-10-11,173.10000610351562,175.19000244140625,171.36000061035156,173.0500030517578,1797500.0,1,0.6807063856805406,2.968608835059716,161.5987326300375,157.39589141586197,4.202841214175521,72.41316699409722,92.51748624841943,90.59144123233993,-7.482513751580565,16.24236496786091
2023-10-12,174.0399932861328,176.30999755859375,170.00999450683594,170.64999389648438,1870400.0,1,-1.3868876700080857,3.030998087901073,162.991234363337,158.37767678479696,4.613557578540053,67.66790150905464,80.95557392451725,88.63576662288442,-19.04442607548274,13.073148666124812
2023-10-13,170.77999877929688,172.3800048828125,167.2100067138672,168.52000427246094,1379200.0,1,-1.2481627308556953,1.9782495972491871,163.84181434935607,159.1289603024017,4.712854046954362,68.44688836026539,73.7887181488194,82.42059277391868,-26.211281851180605,8.310308013948763
2023-10-16,169.30999755859375,173.4199981689453,168.4499969482422,172.2100067138672,1349800.0,1,2.189652473210413,1.667242162318801,165.12922855928088,160.097926703251,5.03130185602987,71.69000609092589,86.18135794488218,80.30855000607293,-13.818642055117815,7.035867591001477
2023-10-17,170.2100067138672,175.36000061035156,169.8000030517578,172.2899932861328,1536400.0,-1,0.046447110590119856,1.4769552162178958,166.23088467110423,161.00104274642743,5.229841924676805,71.29866586810991,86.41890028429813,82.12965879266658,-13.581099715701866,13.752796546230783
2023-10-18,171.3800048828125,174.44000244140625,170.16000366210938,170.39999389648438,1205000.0,-1,-1.0969873256130414,1.502823834207539,166.8722860903935,161.69726135013534,5.175024740258152,67.76724679981328,77.8527105009755,83.48432291005193,-22.147289499024488,9.850437893421415
2023-10-19,175.00999450683594,177.69000244140625,168.49000549316406,169.07000732421875,1903800.0,1,-0.780508579755923,1.4150050586741703,167.21039704944351,162.24339068154893,4.967006367894584,63.09248649145323,69.28560710021596,77.85240596182985,-30.714392899784045,10.287021499364624
2023-10-20,168.57000732421875,168.57000732421875,159.08200073242188,162.19000244140625,2665600.0,-1,-4.069323111590684,2.259137720865413,166.43802864820702,162.2394359970939,4.198592651113131,51.225032258880866,44.77107196993587,63.96979652370911,-55.22892803006413,-0.8557943198389206
2023-10-23,160.10000610351562,165.14999389648438,158.08999633789062,162.47999572753906,1281500.0,-1,0.17879849668143155,1.7218312346279694,165.8291005065658,162.25725523638613,3.571845270179665,62.54553843224806,45.804363475034634,53.28701418172881,-54.195636524965366,-3.77828074129557
2023-10-24,164.47000122070312,167.5,163.10000610351562,164.7899932861328,1087300.0,1,1.4217119764499353,2.0400440973738756,165.66923785726843,162.4448654622933,3.22437239497512,61.35777179182505,54.035246630724835,48.20356069189844,-45.964753369275165,-4.124977539716523
2023-10-25,162.8800048828125,163.99000549316406,157.52999877929688,157.61000061035156,1389900.0,-1,-4.357056234181822,2.580424457049219,164.42935520389662,162.08672732511243,2.342627878784185,54.496141207422276,25.602083200240614,41.813897768666685,-74.39791679975939,-8.922278052077392
2023-10-26,159.02999877929688,161.10000610351562,153.0800018310547,154.61000061035156,1397100.0,1,-1.9034325159459242,2.548503396944368,162.91868526642813,161.53289571661165,1.3857895498164794,38.95176844769862,6.216979851082654,28.618103227349362,-93.78302014891734,-9.399351807690426
2023-10-27,156.24000549316406,157.08599853515625,153.88499450683594,154.3699951171875,1089700.0,1,-0.1552328388956692,2.238697938151159,161.60350216654496,161.0023104870247,0.6011916795202694,29.654566606748404,5.2417442264922585,12.353602425938499,-94.75825577350774,-8.396634700053706
2023-10-30,156.05999755859375,158.38999938964844,155.0800018310547,156.80999755859375,1215600.0,1,1.5806196272494244,2.491007261957477,160.86603991916786,160.6917687886224,0.1742711305454634,28.48983588619538,15.156422734789109,8.87171560412133,-84.8435772652109,-8.942575085582039
2023-10-31,157.38999938964844,159.22500610351562,155.3699951171875,158.69000244140625,769600.0,1,1.1989062636838632,2.4455286958569427,160.53126492258914,160.54348979993972,-0.01222487735057598,29.910449545416697,22.795613454767086,14.397926805349476,-77.20438654523292,-7.893662647104637
2023-11-01,159.60000610351562,159.89999389648438,152.60000610351562,156.64999389648438,1522300.0,1,-1.2855306027707125,1.5142412032101733,159.9341463031884,160.25508269598006,-0.3209363927916513,30.214796291999434,16.141842901955727,18.031293030503964,-83.85815709804427,-8.069249115321531
2023-11-02,160.0,161.8470001220703,157.52999877929688,159.19000244140625,1426700.0,1,1.6214546082908399,1.2736717435483969,159.81966263214503,160.17618786230793,-0.3565252301629016,36.96562785516128,26.26543363794154,21.73429666488811,-73.73456636205846,-5.843735999766064
2023-11-03,158.44000244140625,166.08999633789062,155.50999450683594,164.3699951171875,2640800.0,-1,3.2539685886919134,1.6349198620242424,160.51971378369,160.48684025155825,0.032873532131759475,39.48495833914884,46.911083027529074,29.77278652247544,-53.088916972470926,1.3440980596623353
2023-11-06,166.60000610351562,167.05999755859375,159.8000030517578,163.47000122070312,1481200.0,1,-0.5475414754637753,1.803437038909842,160.9736041586151,160.70781513816155,0.26578902045355335,38.42520448183983,43.32402034181152,38.8335123357607,-56.67597965818848,0.6093091575557263
2023-11-07,166.67999267578125,172.8000030517578,164.4600067138672,171.38999938964844,1969900.0,1,4.844924518139826,2.5593596568759613,162.57612650185098,161.4990880456791,1.0770384561718913,51.121692415519085,74.89037875129691,55.04182737354582,-25.109621248703093,4.00510126367668
2023-11-08,172.0,176.4600067138672,171.8800048828125,173.9600067138672,1690900.0,1,1.4995083338415371,2.0285085314632827,164.32749268831503,162.42211905813747,1.9053736301775643,55.389021678775826,89.52221317666108,69.2455374232565,-10.477786823338912,10.373711084448644
2023-11-09,174.77000427246094,176.16000366210938,170.40499877929688,170.6999969482422,1431900.0,1,-1.8739995630071005,2.7304002174081488,165.30787795907307,163.03529519814523,2.2725827609278326,60.191606462999374,75.85913823017236,80.09057671937677,-24.14086176982763,10.40682767891623
2023-11-10,170.64999389648438,175.0800018310547,168.39999389648438,175.0399932861328,1910300.0,-1,2.542470073509473,2.628567483816118,166.8051264709284,163.9245320935517,2.8805943773766955,63.71178224583965,94.04856080716817,86.4766374046672,-5.951439192831823,13.389906602804524
2023-11-13,175.6300048828125,178.94000244140625,175.0500030517578,178.1699981689453,1467500.0,1,1.788165563795463,2.418864428874379,168.55356827062332,164.97975180284013,3.573816467783189,64.35006169627106,97.07667281884443,88.99479061872832,-2.9233271811555666,13.621580857668313
2023-11-14,181.75,188.50999450683597,181.6199951171875,187.08999633789065,2469700.0,1,5.006453533488386,2.4708821488473736,171.40532643481828,166.61754769432537,4.787778740492911,80.47971128218867,96.04567355189116,95.7236357259679,-3.954326448108837,17.896523700017376
2023-11-15,188.0,189.53900146484372,183.46499633789065,184.55999755859372,1954000.0,1,-1.3522897155482716,2.8547527876134393,173.4291219923222,167.94661805464153,5.4825039376806615,81.26955339792205,86.52100887545366,93.21445174872974,-13.478991124546344,17.816792052065146
2023-11-16,183.72000122070312,189.3000030517578,183.13999938964844,186.17999267578125,1701300.0,-1,0.8777606949594841,2.3246733087902998,175.39079440516207,169.2972383969482,6.093556008213881,82.28129180912732,90.90660491384381,91.15776244706286,-9.093395086156189,16.95457617968774
2023-11-17,186.02999877929688,189.7100067138672,185.5200042724609,187.47000122070312,1293800.0,-1,0.6928824769954378,2.318673850398092,177.2491339152453,170.6433689764856,6.605764938759705,81.85784219528568,93.96387643135951,90.4638300735523,-6.0361235686404955,14.053663557662377
2023-11-20,188.8699951171875,193.4900054931641,188.8699951171875,191.9600067138672,1569100.0,1,2.395052789207641,2.359429998683629,179.51234511503327,172.22237917925457,7.289965935778696,82.79123502884363,96.2582567812798,93.70957937549436,-3.741743218720202,17.428277531300253
2023-11-21,190.1699981689453,191.8999938964844,188.8800048828125,191.3600006103516,1323800.0,-1,-0.31256828637745704,1.4012889756513287,181.33506134508224,173.63998076674324,7.695080578339002,85.20997154727883,94.39177391607588,94.87130237623838,-5.608226083924115,11.651789072769713
2023-11-22,193.02999877929688,193.07000732421875,189.17999267578125,190.63999938964844,1410900.0,1,-0.3762548173111835,1.126778073094167,182.76659027501552,174.89924140547694,7.867348869538574,83.12617024456797,92.49603665322375,94.38202245019313,-7.503963346776239,9.588406548648187
2023-11-24,189.88999938964844,194.25,188.55999755859372,193.08999633789065,975400.0,-1,1.285143178811432,1.1610852808089973,184.35480659238092,176.24670473380388,8.108101858577044,82.09654436676729,96.63279023260252,94.50686693396737,-3.3672097673974855,13.11657867014333
2023-11-27,191.9900054931641,195.07000732421875,190.42999267578125,191.91000366210935,6317800.0,-1,-0.611110206722687,1.3102922474829615,185.51714460310836,177.40694909886355,8.110195504244814,81.58595080313646,89.67656452433795,92.93513047005473,-10.32343547566205,9.637803372398235
2023-11-28,183.75,194.1100006103516,182.6000061035156,193.8500061035156,11013400.0,-1,1.0108917744704682,0.8786031213111857,186.7991232954787,178.62495332143035,8.17416997404834,78.76535991216804,95.42556952958088,93.91164142884044,-4.574430470419125,8.800588255999253
2023-11-29,197.2700042724609,207.781005859375,196.8000030517578,199.83999633789065,6120300.0,1,3.090012920183449,1.4888767768835105,188.80541145584976,180.1964379893163,8.608973466533456,80.47572483728678,79.83543559274888,88.31252321555588,-20.164564407251113,6.814902052257832
2023-11-30,200.6300048828125,205.68899536132807,195.7100067138672,197.52999877929688,3350400.0,1,-1.1559235392939127,1.681653745510488,190.14765565945703,181.4804054552408,8.66725020421623,82.31752033433308,73.96967073944718,83.07689195392562,-26.030329260552822,7.0275256785184315
2023-12-01,197.88999938964844,198.9900054931641,194.75,198.02999877929688,2475100.0,1,0.2531261089909975,1.6587087607431565,191.3603238317401,182.70630125702274,8.654022574717345,80.51500744711552,70.20865160352233,74.67125264523946,-29.791348396477673,6.36481177875623
2023-12-04,196.9600067138672,198.9600067138672,193.19000244140625,198.25999450683597,1599800.0,-1,0.11614186181732045,1.5642053541929972,192.42181162790868,183.85842668293483,8.563384944973848,78.88985143192151,63.60610281320148,69.26147505205698,-36.39389718679852,5.755583941896969
2023-12-05,196.1699981689453,199.2100067138672,194.28700256347656,198.91000366210935,1526100.0,-1,0.32785694203727456,1.5560152053598661,193.4199950177857,184.97335831102185,8.446636706763854,72.30190061173319,64.7710484759389,66.19526763088756,-35.2289515240611,3.620544230654099
2023-12-06,200.0,203.88999938964844,197.47999572753903,197.91000366210935,2149200.0,1,-0.5027399233769603,0.630287100505004,194.1107655784509,185.93162833702834,8.179137241422552,76.73208940904412,60.79980027413822,63.05898385442618,-39.20019972586178,3.4228694768322576
2023-12-07,197.91000366210935,200.55999755859372,195.7030029296875,200.0500030517578,1313300.0,0,1.0812992522106546,0.5660241558572914,195.02449442049812,186.97743387145275,8.04706054904537,77.20676223411593,69.29826900213423,64.95637258407044,-30.70173099786576,4.936006972427798
2023-12-08,198.0,202.72999572753903,197.58999633789065,198.8000030517578,2034800.0,-1,-0.6248437795207562,0.6895159565520168,195.60534190223038,187.85317973666054,7.7521621655698425,72.25933829009195,64.33420874988339,64.81075934205194,-35.665791250116605,2.957173764649701
2023-12-11,200.3800048828125,207.50999450683597,200.06500244140625,205.47000122070312,2314300.0,1,3.355129812150337,1.6226252458715478,197.12298179738002,189.15812947621924,7.964852321160777,74.44806293935291,90.82242698432128,74.81830157877963,-9.177573015678712,7.065810692426688
2023-12-12,207.0,211.58999633789065,205.1000061035156,210.75999450683597,2304500.0,1,2.574581814719834,1.7870932937153916,199.22098375268092,190.7582676266353,8.46271612604562,80.01238833268317,97.13693649309853,84.09785740910105,-2.863063506901454,8.72323336130847
2023-12-13,212.33999633789065,216.03500366210935,210.0500030517578,215.4499969482422,2375400.0,1,2.2252811556483953,1.5464049768705734,201.7177550135365,192.587284613421,9.130470400115513,84.18298784846303,98.25031626563766,95.40322658101915,-1.7496837343623362,7.811249447762214
2023-12-14,218.75,221.1300048828125,213.3999938964844,216.3999938964844,3111900.0,1,0.4409361623107566,1.6366473737696563,203.9765609955285,194.35118900475902,9.62537199076948,83.5010236860063,87.7238226416201,94.37035846678543,-12.276177358379895,9.55297688138561
2023-12-15,219.41000366210935,223.52999877929688,218.44000244140625,221.66000366210935,3354600.0,1,2.430688499991862,1.0750182122979193,206.69709063654093,196.37406416456275,10.323026471978181,88.26859240695548,95.43123515315452,93.80179135347076,-4.568764846845489,11.932538013671333
2023-12-18,221.66000366210935,224.08999633789065,219.6000061035156,222.5500030517578,2488000.0,0,0.4015155530743053,1.096535188394124,209.136000238882,198.31302260065127,10.822977638230725,87.94289128695522,95.01620197307531,92.72375325594997,-4.9837980269246955,12.251593472168864
2023-12-19,221.4900054931641,224.9499969482422,221.00999450683597,224.0399932861328,1544300.0,-1,0.6695080718684521,1.0068928170446172,211.42892224615136,200.21872413290916,11.2101981132422,86.31452987852033,97.13474867914883,95.86072860179287,-2.8652513208511676,12.633849058045389
2023-12-20,222.5500030517578,224.61900329589844,217.7400054931641,218.72999572753903,1582700.0,-1,-2.3701114612211693,1.7201003608550693,212.55216432021098,201.58992943621507,10.962234883995905,79.18502420106645,80.41560989765166,90.85552018329192,-19.58439010234834,10.519929099175584
2023-12-21,221.67999267578125,221.8800048828125,218.04200744628903,221.3300018310547,1250500.0,1,1.188682921547879,1.765740257302518,213.90260086034078,203.05215702101802,10.850443839322764,80.32275398517724,88.60202851606809,88.71746236428952,-11.397971483931906,10.63733989236242
2023-12-22,221.6699981689453,222.07000732421875,219.36900329589844,221.67999267578125,913300.0,1,0.15813077388113772,1.3842327310075877,215.09912267810085,204.4319966991486,10.667125978952242,80.38401952365166,89.33566555363691,86.11776798911887,-10.66433444636308,11.509048929977439
2023-12-26,222.2250061035156,224.69000244140625,221.4600067138672,224.58999633789065,770000.0,1,1.3127046906598494,1.5035733967139702,216.55925708729927,205.92518185757396,10.634075229725312,81.47058867528239,98.76910218491805,92.23559875154099,-1.2308978150819356,9.305492287728189
2023-12-27,225.16000366210935,227.2899932861328,224.0,225.0200042724609,840800.0,1,0.19146352980179415,1.480625322079271,217.86091050040105,207.3396131475656,10.521297352835461,83.69376521185364,92.81353181149558,93.63943318335016,-7.186468188504427,6.765994561250777
2023-12-28,225.0200042724609,225.2700042724609,222.91000366210935,224.44000244140625,575300.0,0,-0.2577556750698373,0.6926936261015076,218.87307849132492,208.60630865081302,10.266769840511898,81.53607518041635,90.40407024386835,93.99556808009397,-9.595929756131653,4.172664479231236
2023-12-29,224.02999877929688,225.91000366210935,220.8699951171875,221.55999755859372,805200.0,-1,-1.2831958882037586,0.934738180655546,219.28645065552013,209.56584116250048,9.720609493019651,78.23820444579736,78.95317665956541,87.39025957164311,-21.046823340434592,2.384474957322613
2024-01-02,218.1000061035156,218.1699981689453,210.6150054931641,212.3699951171875,2083500.0,-1,-4.147861772283978,2.0721599780044517,218.22238057269973,209.77355627025509,8.448824302444649,58.05697421329232,32.762475047155206,67.37324065019631,-67.2375249528448,-4.191107277559736
2024-01-03,208.52999877929688,215.7050018310547,206.6699981689453,210.2400054931641,2095500.0,-1,-1.0029616579536382,1.696287674823407,216.9943228681558,209.80810806454463,7.186214803611165,49.34444154606992,17.313327689602847,43.009659798774486,-82.68667231039716,-5.531340098760107
2024-01-04,210.3300018310547,212.4499969482422,209.00999450683597,210.3300018310547,1096400.0,1,0.042806476188728126,1.6646166953962735,215.96904270860176,209.84676686206387,6.122275846537889,42.69823805801647,17.74977948010585,22.60852740562129,-82.25022051989416,-6.11943932598159
2024-01-05,209.94000244140625,212.1999969482422,209.0529937744141,209.80999755859372,1125300.0,-1,-0.24723257164170898,1.6663167385761337,215.0214973009082,209.84404320995498,5.177454090953233,40.48513513037154,15.22793469059121,16.763680620099958,-84.77206530940879,-4.078086381922896
2024-01-08,213.27999877929688,219.3500061035156,212.50999450683597,218.1000061035156,1633200.0,1,3.9511980560443583,2.8935851326852977,215.4951140397709,210.4555960168854,5.039518022885488,45.27350343545565,55.4316713927976,29.46979518783154,-44.5683286072024,-1.4593573852697106
2024-01-09,215.9600067138672,228.1499938964844,215.9600067138672,226.25999450683597,2445800.0,-1,3.7413976042932617,2.35941339205772,217.15124949624243,211.6262922013262,5.52495729491622,54.128635722077426,91.2011184097895,53.95357483105943,-8.798881590210494,2.066042034633786
2024-01-10,228.30999755859372,230.23399353027344,224.66000366210935,225.3999938964844,1880200.0,1,-0.3800939765008171,2.2199381842362658,218.42028709627965,212.64656640096754,5.773720695312107,51.534989296459685,79.48565360133148,75.37281446797284,-20.514346398668522,0.3606561163904676
2024-01-11,226.0,229.91000366210935,224.0,228.5200042724609,1397100.0,1,1.3842104970993807,2.0888343073145035,219.97408973876907,213.82237661367077,6.151713125098297,61.62432302963851,92.72623665244211,87.80433622118768,-7.273763347557898,1.5554172667075816
2024-01-12,230.97999572753903,233.8090057373047,229.6300048828125,230.7700042724609,1564900.0,1,0.984596515811953,1.8637606421798856,221.63499966702935,215.0777564402478,6.557243226781537,61.30268227233131,88.80209065424019,87.00466030267125,-11.197909345759816,2.8203536634282544
2024-01-16,230.0,233.27999877929688,228.77999877929688,232.17999267578125,1517400.0,-1,0.6109929268171443,1.5296560013143372,223.2573062837604,216.34458875399105,6.912717529769367,62.26062377862004,93.99752162115664,91.84194964261297,-6.002478378843371,4.7932818352640405
2024-01-17,228.8999938964844,230.3300018310547,221.5,225.3300018310547,2349600.0,-1,-2.950293333109011,1.7380233914870942,223.57618252180566,217.0101749078476,6.56600761395805,50.79128056041137,68.75713349173668,83.85224858904449,-31.242866508263326,6.102560160024373
2024-01-18,230.30999755859372,231.3699951171875,224.92999267578125,227.91000366210935,1909800.0,1,1.1449881551898633,1.8026454444550826,224.24292423569852,217.8175696303855,6.425354605313032,52.954406128475235,78.26375168533124,80.33946893274151,-21.736248314668757,8.404679274763339
2024-01-19,229.0,231.3600006103516,226.83799743652344,231.2899932861328,1545400.0,1,1.483036974995855,1.8188664434057353,225.3270887049961,218.81552693821862,6.511561766777476,56.62347128020738,90.71811139435798,79.24633219047529,-9.281888605642022,9.96528848600211
2024-01-22,239.67999267578125,241.7700042724609,235.0800018310547,240.8500061035156,2513500.0,1,4.133344759777802,2.5377913060492423,227.71522984322985,220.4477105800925,7.267519263137359,66.51825123097356,97.37892305137473,88.78692871035463,-2.621076948625277,14.794341978986637
2024-01-23,242.5200042724609,244.9949951171875,238.9499969482422,242.58999633789065,1974400.0,1,0.7224372805816781,2.535277710667467,230.00365545779306,222.08787989548495,7.915775562308113,79.66236540716187,93.7247254512641,93.94058663233227,-6.275274548735885,11.228789339304978
2024-01-24,245.0,246.3800048828125,240.6699981689453,241.3800048828125,1554100.0,1,-0.4987804416274555,1.7034900440344316,231.75386306164222,223.51692619084253,8.236936870799695,81.12756470269895,86.62028736493403,92.57464528919094,-13.37971263506598,6.682582313737173
2024-01-25,244.6999969482422,245.0,236.83999633789065,238.3000030517578,1477900.0,1,-1.275997087061953,2.0926483671116802,232.76096152166002,224.6119689212807,8.14899260037933,76.38182623108045,78.35347221455746,86.23282834358518,-21.646527785442547,5.723163045513546
2024-01-26,236.8800048828125,239.83999633789065,234.2899932861328,236.8300018310547,1204700.0,-1,-0.6168699965915847,2.1592557649403235,233.38696772310539,225.51700839607878,7.869959327026606,75.03707949589418,71.8039559310809,78.92590517019079,-28.196044068919093,3.6364420633766104
2024-01-29,238.69000244140625,245.1100006103516,238.0200042724609,245.0500030517578,1377900.0,1,3.470844553962782,1.8826164899628213,235.18128085059038,226.96389688909204,8.217383961498342,75.00465069131782,95.62787011469173,81.92843275344336,-4.372129885308273,6.187978729868671
2024-01-30,243.41000366210935,245.82000732421875,240.8999938964844,241.1199951171875,2037800.0,-1,-1.603757553816576,2.050685650467077,236.0949291992976,228.01249675783984,8.082432441457769,64.96174393926961,78.85848579853496,82.09677061476918,-21.14151420146504,3.850462022319978
2024-01-31,238.0,239.5850067138672,232.30999755859372,235.6699981689453,1568800.0,-1,-2.260284115215505,2.2743770435792547,236.02955519462802,228.57971908458842,7.449836110039598,59.46544438809705,56.95335766888925,77.14657119403863,-43.04664233111075,4.588823615970683
2024-02-01,236.6100006103516,240.3600006103516,235.4199981689453,238.05999755859372,1033500.0,1,1.014129676334563,2.298731649351617,236.34193094293045,229.28196193451473,7.05996900841572,58.91255415204911,66.55946265522492,67.45710204088303,-33.44053734477508,4.453509601769112
2024-02-02,239.6199951171875,245.1100006103516,237.06300354003903,244.0,1362000.0,1,2.495170336185626,2.501999152887297,237.52009541324884,230.37218697640253,7.147908436846308,61.562664946884944,90.43406585319184,71.31562872576866,-9.565934146808166,5.4952687460816385
2024-02-05,233.4499969482422,239.4499969482422,226.19000244140625,232.0500030517578,4761900.0,-1,-4.8975397328861465,2.8898036289875018,236.67854274225022,230.49646964865107,6.1820730935991435,49.90406667653139,42.40354092151293,66.46568980997655,-57.59645907848707,-3.6537275602042563
2024-02-06,235.25,236.32000732421875,228.5200042724609,234.72999572753903,1660800.0,1,1.1549203363653726,3.018250446234821,236.3787662784485,230.81006417301313,5.568702105435364,57.39225847885342,45.68763391447102,59.50841356305858,-54.31236608552897,-3.240034926833435
2024-02-07,241.6300048828125,245.55999755859372,237.08999633789065,244.66000366210935,2234500.0,1,4.23039582299336,3.437840718856869,237.65280279901168,231.8359856166499,5.816817182361774,61.80741698125058,91.48092613809831,59.85736699136074,-8.519073861901692,1.3588527272129447
2024-02-08,244.63999938964844,251.32000732421875,243.7700042724609,249.41000366210935,1669700.0,-1,1.9414697657570645,3.4771104910044177,239.46160293179594,233.13776473112839,6.323838200667552,62.53112697865646,92.39950938721967,76.522689813263,-7.600490612780333,4.662190712577741
2024-02-09,253.83999633789065,259.6099853515625,252.3999938964844,254.92999267578125,2505500.0,1,2.2132187693442162,3.448663916148777,241.84135520010136,234.75200383813973,7.089351361961633,60.31350047815061,85.99642409045335,89.9589532052571,-14.003575909546656,7.642608919810079
2024-02-12,253.6999969482422,256.4200134277344,251.27999877929688,253.8600006103516,1511900.0,-1,-0.41971996084056995,1.6910039988085355,243.6903775709091,236.16741100645172,7.522966564457391,58.337037599752755,82.79477055189186,87.06356800985496,-17.205229448108135,3.5951836151305816
2024-02-13,242.3300018310547,247.6699981689453,237.57000732421875,242.8000030517578,3434400.0,-1,-4.356731084850862,3.2831659532409576,243.55339687565507,236.65871412091883,6.8946827547362375,50.91683781248356,49.70080521885553,72.83066662040024,-50.29919478114447,0.6967518117913851
2024-02-14,247.66000366210935,253.5399932861328,246.1000061035156,253.2700042724609,1586600.0,1,4.312191552349853,3.3051495974185774,245.04825955208673,237.88918005807008,7.159079494016652,58.8235315279405,81.02937067279323,71.17498214784686,-18.970629327206765,7.468072406441251
2024-02-15,255.0,255.0,247.0,253.16000366210935,1185300.0,1,-0.04343215086506369,3.243097504438518,246.2962201843979,239.0203521768878,7.275868007510098,59.78196033152909,80.70022445315787,70.47680011493554,-19.299775546842127,6.342941383841305
2024-02-16,253.41000366210935,254.67999267578125,248.6100006103516,252.75,1258400.0,1,-0.1619543593689321,3.06963747809157,247.28910938679823,240.03736312674798,7.251746260050254,55.08855282080924,79.47340257472793,80.40099923355966,-20.526597425272072,3.5860655737705027
2024-02-20,251.94000244140625,251.94000244140625,240.9600067138672,249.0399932861328,2061300.0,-1,-1.4678562666141204,3.1292436827085797,247.558476140542,240.70422462003575,6.854251520506267,55.249204344224914,68.37223976491774,76.18195559760117,-31.627760235082267,7.321693605229318
2024-02-21,213.0,216.5050048828125,202.44000244140625,213.9199981689453,7801300.0,-1,-14.10215068422228,6.952829781648891,242.3833256833733,238.7202078458809,3.6631178374923934,39.65369468597463,20.080460310054843,55.97536754990015,-79.91953968994515,-8.86550416962848
2024-02-22,224.50999450683597,229.33999633789065,218.91000366210935,226.1499938964844,3659900.0,1,5.717088552833816,7.3058978486858255,239.88589002385194,237.78908088666637,2.0968091371855735,44.8194843152367,41.472797870761774,43.308499315244774,-58.527202129238226,-7.565605120806107
2024-02-23,229.8800048828125,240.6999969482422,228.32000732421875,235.22999572753903,3217300.0,1,4.01503518731503,7.7887335950296945,239.16959859364994,237.59951902302728,1.570079570622653,46.286728055876964,57.355261654814385,39.63617327854366,-42.644738345185615,-5.685420683358322
2024-02-26,239.9900054931641,246.0,236.9149932861328,241.6999969482422,2728800.0,1,2.7505000800141177,7.992023035303932,239.55889064820258,237.90325812859874,1.6556325196038415,54.28469725236071,68.6723915389896,55.83348368818857,-31.327608461010406,-5.189658379806616
2024-02-27,244.0,251.5500030517578,242.0200042724609,242.4900054931641,2401800.0,1,0.32685500823199654,7.984581200320191,240.00983139358127,238.24301719264062,1.7668142009406438,53.50433963153445,70.05425052286128,65.36063457222174,-29.94574947713872,-4.478844674171123
2024-02-28,240.1000061035156,242.47000122070312,236.5,237.2899932861328,2010400.0,-1,-2.144423311985888,3.0954629488275347,239.5913947616661,238.1724228291956,1.4189719324704981,46.5232521964291,60.95854689950495,66.56172965378526,-39.04145310049505,-2.2693614894438108
2024-02-29,240.5,243.94000244140625,235.84100341796875,241.97000122070312,6757300.0,1,1.972273617508602,2.3823864645159256,239.95733421690255,238.45372493227023,1.5036092846323186,46.48791470061403,69.14467482248341,66.71915741494986,-30.855325177516594,-4.461642855899173
2024-03-01,227.0,227.3000030517578,215.0,219.22999572753903,11834200.0,-1,-9.397861461521718,4.900239354791821,236.76851291084662,237.02974499117906,-0.2612320803324337,35.50430880391271,31.10409386612629,53.73577186270487,-68.89590613387371,-13.402594186977668
2024-03-04,220.1199951171875,221.6199951171875,212.6300048828125,214.22000122070312,4141500.0,1,-2.285268715263933,4.346164571956644,233.299511112363,235.34013434151416,-2.0406232291511515,34.4035295486471,22.41247969268751,40.88708279376573,-77.58752030731249,-15.244312078851385
2024-03-05,209.94000244140625,210.05499267578125,199.2899932861328,206.3600006103516,5002100.0,-1,-3.6691254624042546,4.101576440232837,229.15497103513047,233.19345776883543,-4.038486733704957,35.29222149330637,12.69073141658576,22.069101658466508,-87.30926858341424,-17.137806708316262
2024-03-06,214.6199951171875,217.1699981689453,200.80999755859372,202.4199981689453,4348100.0,1,-1.909285922539694,4.116662116086107,225.0418982864866,230.91394224291764,-5.8720439564310425,28.334047620409834,5.618388988693817,13.573866699322352,-94.38161101130618,-5.375841482065535
2024-03-07,202.5800018310547,202.88999938964844,197.0200042724609,201.2700042724609,3349400.0,1,-0.5681226691468422,3.4421463360028,221.38468382279032,228.71809498584676,-7.333411163056439,28.0851481200272,7.370795793908388,8.559972066395979,-92.62920420609161,-11.001543354191645
2024-03-08,201.13999938964844,204.5500030517578,197.8800048828125,198.69000244140625,2845100.0,-1,-1.2818610703471234,1.1646013938853828,217.89319437950047,226.49379183440672,-8.60059745490625,27.57963463460804,3.040783366030128,5.343322716210769,-96.95921663396987,-15.533730370193155
2024-03-11,196.6999969482422,201.8500061035156,195.66099548339844,200.7400054931641,1825900.0,-1,1.0317595382598022,1.728794662767917,215.25424224314105,224.58610395727766,-9.331861714136608,29.688823433388563,9.087672568802331,6.49975057624694,-90.91232743119767,-16.946624729932992
2024-03-12,203.1999969482422,205.33999633789065,199.0,201.2400054931641,2305000.0,1,0.24907840306751527,1.1735999043223961,213.09820582006768,222.85676333030628,-9.758557510238603,42.477463058824924,9.982302875823683,7.370252936885372,-90.01769712417632,-17.011010377977353
2024-03-13,200.1699981689453,204.42999267578125,199.1100006103516,201.42999267578125,1753200.0,-1,0.09440825751896309,0.8741190907311076,211.30309610556208,221.26959513367478,-9.966499028112707,32.890369518592095,10.322239458853504,9.797404967826497,-89.6777605411465,-15.11231051665558
2024-03-14,201.42999267578125,202.1300048828125,197.16000366210935,198.8300018310547,1220700.0,0,-1.2907664892345294,1.0195565486459486,209.38415852486864,219.6074030371844,-10.223244512315773,22.323609724042484,5.670178243512647,8.658240192729936,-94.32982175648735,-17.828656102828234
2024-03-15,198.7899932861328,199.72999572753903,193.47000122070312,194.02999877929688,2665900.0,-1,-2.4141241299370675,1.3733267577489525,207.02198010247298,217.7127804995631,-10.690800397090129,12.810118939489385,0.964183093903289,5.652200265423137,-99.03581690609671,-11.494776006637764
2024-03-18,194.0,197.35299682617188,191.25,195.94000244140625,2591000.0,-1,0.9843857517527255,1.360514480956445,205.31706046230886,216.09998212488483,-10.782921662575973,14.307622865296565,8.90112397816218,5.178495105192696,-91.09887602183782,-8.533282921823748
2024-03-19,193.44000244140625,196.0,190.3500061035156,195.2400054931641,2085200.0,-1,-0.3572506581199453,1.305714126467145,203.76674431320964,214.55479867068328,-10.78805435747364,15.3681488128002,9.124836207893216,6.330047759986219,-90.87516379210679,-5.388638827436454
2024-03-20,196.25999450683597,197.88499450683597,193.8500061035156,197.3000030517578,1696800.0,1,1.0551103772970638,1.4904492623530288,202.77186104221704,213.276665661874,-10.504804619656966,11.551030539915416,18.809194918141504,12.27838503473229,-81.1908050818585,-2.5293919392856634
2024-03-21,199.5500030517578,202.6100006103516,196.42999267578125,198.07000732421875,1701900.0,1,0.39027078588484976,1.4288866874707427,202.04849893175577,212.15024652575138,-10.101747593995611,20.708748335029426,24.688212129936485,17.54074775199039,-75.31178787006351,-1.5899025589080296
2024-03-22,197.5,199.0,193.2700042724609,194.9499969482422,1633200.0,-1,-1.5752058669182833,1.0947628206568174,200.95642170352292,210.87615396445443,-9.91973226093151,21.852166699282307,17.15135050563964,20.21625251790587,-82.84864949436036,-1.8823319981925102
2024-03-25,194.83999633789065,195.7700042724609,192.66000366210935,194.07000732421875,1214000.0,-1,-0.45139247899401713,0.9876843553137548,199.8969733374761,209.63125421332586,-9.734280875849748,27.449540976171008,13.870254739926414,18.569939125167505,-86.12974526007359,-3.32270498476821
2024-03-26,195.83999633789065,196.00999450683597,192.50999450683597,195.6300048828125,1483300.0,1,0.8038323799244074,1.0708446289812201,199.24051665214324,208.59412463328783,-9.353607981144592,36.349017319690574,35.2234971253604,22.081700790308812,-64.77650287463959,-2.78771638700942
2024-03-27,197.38999938964844,197.7700042724609,192.5500030517578,193.47999572753903,1319800.0,1,-1.0990180962073715,0.9931236759682411,198.3542826637426,207.47455952915828,-9.12027686541569,34.94393116497659,20.88053144188008,23.32476110238896,-79.11946855811992,-3.946779147750068
2024-03-28,191.2899932861328,194.17999267578125,190.75,192.6300048828125,1628200.0,-1,-0.4393171715403099,0.8954439592591962,197.4736245435995,206.37496288868823,-8.901338345088732,37.44821552958902,15.210141858988063,23.77139014207617,-84.78985814101193,-3.1182401504529
2024-04-01,192.5,193.77999877929688,189.59100341796875,192.1300048828125,1336400.0,-1,-0.2595649625322771,0.6892468489478747,196.65152921117073,205.3197808141789,-8.668251603008173,30.942877773552212,16.12167506680383,17.404116122557312,-83.87832493319617,-0.9792268764818979
2024-04-02,186.80999755859372,190.0200042724609,185.6699981689453,188.7400054931641,1661900.0,-1,-1.7644299711105038,0.9625112849386519,195.43437171609278,204.09164930891856,-8.657277592825778,25.470938811490214,16.364649377163204,15.89882210098502,-83.6353506228368,-3.6745926602686607
2024-04-03,187.33999633789065,189.0800018310547,185.83999633789065,186.30999755859372,1614800.0,-1,-1.2874895961886512,0.61945671604734,194.0306218457083,202.77448992000564,-8.743868074297325,22.72728273566068,3.7780359941629347,12.08812014604331,-96.22196400583707,-4.5738617513422675
2024-04-04,188.0500030517578,188.67999267578125,181.125,182.00999450683597,2496800.0,1,-2.307982989697277,0.8683644431367685,192.18129456280488,201.23637914865975,-9.055084585854871,21.41400467825335,4.1191272129150915,8.087270861413732,-95.88087278708491,-7.7496240792813476
2024-04-05,182.17999267578125,185.25,181.3699951171875,183.33999633789065,1809700.0,1,0.7307301088923079,1.2164515847089634,190.821094835895,199.91072116267685,-9.089626326781854,29.40270248021355,10.309500930725857,6.068888045934616,-89.69049906927414,-7.4367700518214725
2024-04-08,183.32000732421875,184.3600006103516,181.2400054931641,183.7100067138672,1081000.0,-1,0.20181650669099938,1.2992332673542821,189.72708127865997,198.7106682405428,-8.983586961882821,24.94881964825413,12.031680895655722,8.820103013098878,-87.96831910434427,-5.765575999141537
2024-04-09,185.50999450683597,188.6199951171875,184.8300018310547,188.5,1782600.0,1,2.6073665620149677,1.894521994764409,189.53829954348151,197.95432244494702,-8.41602290146551,38.17543529018712,34.32627316960226,18.889151665327933,-65.67372683039774,-2.870102083787396
2024-04-10,184.0,185.3600006103516,181.7100067138672,183.9499969482422,1555100.0,-1,-2.413794722417939,2.1358187230101717,188.67856068267548,196.91696500074667,-8.23840431807119,28.460798380274923,13.148693823546314,19.835549296268084,-86.85130617645368,-5.9704583361672725
2024-04-11,185.3699951171875,185.72000122070312,182.8800048828125,184.77999877929688,1123300.0,1,0.45121057071189075,1.7962084618049452,188.07878192830952,196.01793046582446,-7.939148537514939,28.599032676886324,20.447545618444057,22.64083753719753,-79.55245438155595,-4.496587316703071
2024-04-12,182.4900054931641,183.8699951171875,180.4199981689453,181.41000366210935,1205600.0,-1,-1.8237878230601634,2.0002692708794534,187.0528160412018,194.93586181369741,-7.88304577249562,28.370619862651353,5.706081526757684,13.10077365624934,-94.29391847324231,-5.824638392927883
2024-04-15,181.72999572753903,181.75,173.74000549316406,174.85000610351562,2267700.0,1,-3.6161167665330285,2.481542840638634,185.17546066617317,193.44802064998026,-8.2725599838071,24.01298605913209,4.619228742149952,10.25761862911722,-95.38077125785006,-8.993909509259945
2024-04-16,174.07000732421875,176.2100067138672,173.0,174.32000732421875,1499200.0,-1,-0.3031162486680783,1.6316485713660296,183.50539092125712,192.03113077399792,-8.525739852740799,20.361626811317336,5.3290556985746,5.218121989160733,-94.67094430142541,-7.640138682452047
2024-04-17,175.3699951171875,176.1699981689453,172.72000122070312,172.9600067138672,1298400.0,1,-0.7801747092759603,1.575820833510879,181.8830241201202,190.61845491769193,-8.735430797571723,20.81913129066946,1.1183857815901854,3.6888900741049007,-98.88161421840981,-7.165472073246104
2024-04-18,178.36000061035156,178.36000061035156,172.7100067138672,172.97000122070312,1660500.0,1,0.005778507428289004,1.4669477620344629,180.5117898279022,189.31116205124832,-8.799372223346126,21.357809635087335,1.2339563585432956,2.560465946236015,-98.7660436414567,-4.966756529292304
2024-04-19,172.0,172.18499755859375,167.17999267578125,169.2100067138672,2285500.0,-1,-2.1737841708391548,1.5058178999228302,178.77305396420448,187.82218758181267,-9.049133617608192,19.50505980283758,8.88797288693605,3.746771675689832,-91.11202711306396,-7.706986967525776
2024-04-22,170.0,172.16000366210938,166.75999450683594,170.97000122070312,1307900.0,1,1.0401243644012625,1.175789648829253,177.57258431135813,186.57387748098975,-9.001293169631623,25.2851101795019,18.862031059008835,9.661320101496049,-81.13796894099116,-6.9348456956985105
2024-04-23,171.2100067138672,178.25,171.2100067138672,176.9199981689453,2180100.0,1,3.4801409052816368,2.1232635740114576,177.47218644329462,185.85877530972718,-8.386588866432561,38.10488633222576,46.35038554201771,24.700129829320854,-53.64961445798229,-6.14323704565235
2024-04-24,179.13999938964844,181.8000030517578,176.0399932861328,177.4600067138672,1372100.0,1,0.3052275325066356,2.0371135642508817,177.47031263876733,185.23664430262642,-7.766331663859091,43.629251075721335,48.947904429446254,38.05344034349093,-51.052095570553746,-3.5281273944250624
2024-04-25,173.67999267578125,176.4199981689453,172.25,174.80999755859375,1078700.0,-1,-1.493299366062939,2.234574986072835,177.06103339566369,184.46430009936472,-7.403266703701036,38.48231290779038,36.82526453336796,44.04118483494397,-63.17473546663204,-5.395606281289888
2024-04-26,176.50999450683594,179.89999389648438,175.08399963378906,177.0500030517578,1341800.0,1,1.2813943850169318,1.795917544779805,177.05933641967817,183.9150929106531,-6.855756490974926,41.43958263871183,47.072315908578496,44.281828290464226,-52.927684091421504,-2.4033959111055325
2024-04-29,177.83999633789062,179.97000122070312,177.10000610351562,179.0399932861328,1296200.0,1,1.1239707427699086,1.7976784857632888,177.3640528606712,183.55397441994788,-6.189921559276684,36.89749430331353,64.76790311638122,49.55516118610922,-35.23209688361878,2.3963323056086283
2024-04-30,177.9199981689453,178.52999877929688,172.0050048828125,172.94000244140625,1653800.0,-1,-3.407054889115113,1.9923227959342116,176.68342971924582,182.76775427338924,-6.084324554143421,35.37848505468648,32.59496701575695,48.145062013572215,-67.40503298424305,-0.7916503125460661
2024-05-01,173.0,177.01499938964844,170.95599365234375,172.30999755859375,1132700.0,1,-0.36429101070815095,1.9519771498111547,176.01059400222243,181.99310562784885,-5.982511625626415,33.35112507649771,32.4371879238862,43.26668601867478,-67.5628120761138,-0.37581471440896186
2024-05-02,175.19000244140625,176.39999389648438,171.3800048828125,176.3699951171875,1013500.0,1,2.356217060018917,2.2361606612226113,176.06588648144782,181.5765789233554,-5.510692441907594,43.392749551717905,63.89624435151198,42.9761330970517,-36.10375564848802,1.9656552422325113
2024-05-03,177.77000427246094,178.63999938964844,171.5,177.11000061035156,2492900.0,1,0.4195756158366759,2.163824479251401,176.2265194243561,181.24572127054032,-5.019201846184217,53.49627948896263,68.81649084574632,55.049974373714825,-31.183509154253688,4.668751009414707
2024-05-06,178.0,178.86000061035156,175.8800048828125,178.13999938964844,1303800.0,1,0.5815587915686926,2.1078701240407387,176.52090095747798,181.01566779788166,-4.494766840403685,55.81961150053629,75.66488309379889,69.45920609701905,-24.33511690620111,4.19371709525207
2024-05-07,176.8800048828125,178.88999938964844,173.5399932861328,176.88999938964844,1352300.0,-1,-0.7016952982389135,1.1875422659358588,176.57768533165805,180.71006273060513,-4.132377398947085,56.00732757937045,67.3537176029917,70.61169718084562,-32.64628239700831,-0.016956126841138897
2024-05-08,175.4600067138672,175.47999572753906,164.41000366210938,171.0,3862000.0,-1,-3.3297526202564542,2.0949200914346098,175.71957989601836,179.99079882463437,-4.271218928616008,47.44752344175681,37.89532242199723,60.30464103959593,-62.10467757800277,-3.6402606049052877
2024-05-09,171.83999633789062,174.13999938964844,169.57000732421875,171.9600067138672,2012500.0,1,0.5614074350100529,1.6725700280342806,175.14118402184127,179.39592533494792,-4.254741313106649,53.84185434958521,43.41577525443746,49.55493842647545,-56.58422474556254,-1.6303362991417547
2024-05-10,173.0,175.16600036621094,171.75,174.6199951171875,1405600.0,1,1.5468645612153331,1.8885060501277342,175.06100111343298,179.0421527262249,-3.9811516127919333,54.974098737542185,58.71185631642816,46.67431799762094,-41.28814368357184,-1.3724981037475215
2024-05-13,176.25999450683594,176.9499969482422,173.66000366210938,175.0,966900.0,1,0.21761819576129326,1.8542632856433388,175.051616326751,178.74273400576382,-3.6911176790128195,46.91517106557992,60.89704835869299,54.34155997651953,-39.10295164130701,-2.2564753337966814
2024-05-14,175.8699951171875,178.22999572753906,175.30999755859375,176.82000732421875,1228900.0,1,1.040004185267862,1.9315748710646914,175.32367648020758,178.60030980713086,-3.2766333269232746,49.01234689999421,79.75582011100869,66.45490826204328,-20.24417988899131,2.2435554689708592
2024-05-15,180.0,183.2749938964844,178.4250030517578,181.1300048828125,1506400.0,1,2.437505587640265,0.8721350128561967,176.21695777291603,178.7876946275517,-2.570736854635669,59.277756572569295,88.62978996001074,76.42755280990413,-11.370210039989262,5.118685769361431
2024-05-16,179.77000427246094,181.9900054931641,178.89999389648438,179.30999755859375,1736300.0,-1,-1.0048071965747751,1.3116858844200625,176.69281004763567,178.82638373355482,-2.1335736859191456,53.35908821022656,78.98225077972319,82.4559536169142,-21.01774922027681,1.6669515919943034
2024-05-17,179.92999267578125,180.5200042724609,177.85499572753906,178.86000061035156,1466400.0,1,-0.2509603225526402,1.3184197529148922,177.02622398036118,178.8288738725768,-1.8026498922156122,49.719637629973015,76.59689598943964,81.40297890972452,-23.40310401056035,0.9880864965101877
2024-05-20,178.86000061035156,181.1000061035156,178.0399932861328,180.6000061035156,1242500.0,0,0.9728309779863276,1.3229702628972384,177.57603661469264,178.96006885264634,-1.3840322379537042,63.80677348911145,85.82035951391828,80.46650209436037,-14.179640486081734,1.3809401158054069
2024-05-21,178.0500030517578,178.99000549316406,174.35000610351562,176.97999572753906,1788200.0,-1,-2.004435356387324,1.7301521074926929,177.484338016669,178.81339676930506,-1.3290587526360582,57.59842853972075,66.63132028833576,76.34952526389789,-33.36867971166424,0.050877007293315124
2024-05-22,176.3699951171875,176.85000610351562,172.75,174.16000366210938,1630000.0,-1,-1.5933959393755859,1.1793662084228027,176.97290196212137,178.46870098358684,-1.4957990214654728,46.2529842320783,51.68303762084086,68.0449058076983,-48.31696237915914,1.8479553579586971
2024-05-23,176.0,176.0,170.8300018310547,171.91000366210938,1300700.0,1,-1.2919154528529209,1.2000896033709185,176.19399453135028,177.9828715523663,-1.7888770210160203,41.612912276280404,39.7561827852622,52.690180231479594,-60.243817214737795,-0.02907830298065628
2024-05-24,171.0,173.77000427246094,170.82000732421875,171.63999938964844,1291100.0,-1,-0.15706140812586922,1.2121600185126717,175.49337989416537,177.51302916994277,-2.0196492757773967,39.2526528779247,38.324937557427695,43.25471932117691,-61.6750624425723,-1.7065604231286224
2024-05-28,170.4550018310547,172.69000244140625,161.2899932861328,164.16000366210938,4265100.0,-1,-4.357956044126032,1.5453356017825528,173.74978355077215,176.5239161693625,-2.7741326185903574,32.54731289373366,13.054402075500622,30.378507472730163,-86.94559792449937,-6.1942836216517865
2024-05-29,160.88999938964844,166.60000610351562,160.77000427246094,164.3699951171875,2026300.0,-1,0.12791876851461215,1.7792680288627254,172.30673917637452,175.62362572105323,-3.3168865446787095,39.23351243449722,15.996411928507046,22.458583853811778,-84.00358807149296,-7.041065315760786
2024-05-30,162.5,163.0,155.25,156.64999389648438,5120300.0,-1,-4.696721694977935,2.303794358655646,169.8980091333145,174.21817151182591,-4.320162378511412,29.61383279213058,4.995519005839988,11.34877766994921,-95.00448099416,-13.515160562252627
2024-05-31,183.0,183.6999969482422,163.44000244140625,169.9600067138672,10109800.0,1,8.496657092867931,5.3201559344817415,169.90754722263028,173.90275189716232,-3.995204674532033,45.16598988805057,51.704774312026984,24.232235082124664,-48.295225687973016,-5.214428069841026
2024-06-03,170.35000610351562,172.08999633789062,166.1699981689453,169.02000427246094,3573800.0,1,-0.5530727255081636,5.323839862057882,169.77100215337344,173.54106688792518,-3.770064734551738,43.867932056490034,48.40072319695532,35.03367217160743,-51.59927680304468,-5.50150749430397
2024-06-04,168.75,170.80999755859375,166.1199951171875,169.13999938964844,2314400.0,-1,0.07099462439610349,4.801171596161791,169.67392480510804,173.21506188805284,-3.5411370829448003,41.84019778705466,48.82249869804167,49.642665402341315,-51.17750130195833,-6.345518453248866
2024-06-05,172.10000610351562,176.8000030517578,170.88999938964844,174.57000732421875,2857500.0,1,3.210362985789761,4.907805125492369,170.42716826958662,173.31542821665775,-2.888259947071134,43.19220174275683,67.90864462785981,55.043955507618925,-32.091355372140185,-1.361729269691303
2024-06-06,174.38999938964844,180.17999267578125,173.6300048828125,178.92999267578125,2741700.0,-1,2.497556950584845,3.5842341331730903,171.73529510130888,173.73132188029652,-1.9960267789876411,49.62538951728437,83.23372659357823,66.65495663982655,-16.766273406421778,2.7388544518672564
2024-06-07,178.5,181.81399536132807,176.5,180.9900054931641,2128200.0,-1,1.1512954237446138,1.5848545774793885,173.15909670005584,174.26900214791635,-1.1099054478605126,52.035165476016935,90.47454570906189,80.53897231016663,-9.525454290938109,5.281834470146096
2024-06-10,181.0500030517578,188.2449951171875,181.00999450683597,183.91000366210935,2980300.0,1,1.613347743146809,1.2123487351531501,174.8130823865256,174.98315040822695,-0.17006802170135416,53.092876989830145,86.86166965722629,86.85664731995546,-13.138330342773722,7.148685805227806
2024-06-11,184.5,189.13999938964844,184.3350067138672,187.6499938964844,2385000.0,1,2.0335980424677658,0.7956490918267847,176.78799184959618,175.92143511106084,0.866556738535337,59.94779063332667,95.6034065506087,90.97987397229895,-4.396593449391298,14.30920425825799
2024-06-12,190.2899932861328,193.2700042724609,187.1000061035156,188.8300018310547,2785200.0,1,0.6288345179596533,0.7309507589149268,178.64060876982057,176.8776252384678,1.7629835313527735,64.10847914881853,88.32193071418918,90.26233564067472,-11.678069285810826,14.881065547534057
2024-06-13,189.1499938964844,189.16000366210935,179.77000427246094,181.0500030517578,2705600.0,1,-4.120107347272917,2.50464454694287,179.01128481319552,177.18669026167447,1.824594551521045,57.94506146622839,67.85902196872074,83.92811974450619,-32.14097803127926,15.576131570995887
2024-06-14,185.00999450683597,186.0,182.16000366210935,184.22000122070312,2529300.0,1,1.7508965012494881,2.5713696001095356,179.81262579896594,177.70767625863954,2.104949540326402,60.41046194331114,76.19673320680559,77.45922862990517,-23.80326679319441,8.390205897580994
2024-06-17,183.0,185.5800018310547,180.75999450683597,184.3800048828125,1790400.0,-1,0.08685466347255755,2.477424523694368,180.5152995041731,178.2019228233931,2.31337668078001,69.03954698355902,76.61757393307892,73.55777636953508,-23.382426066921084,9.087682062527458
2024-06-18,183.50999450683597,183.50999450683597,178.88999938964844,179.41000366210938,2294300.0,-1,-2.695520712162869,2.4457564108789898,180.34525399000947,178.29141029292762,2.053843697081845,62.99689286202166,63.54550485837065,72.1199373327517,-36.45449514162935,6.071895654204118
2024-06-20,179.61000061035156,179.90699768066406,175.0500030517578,178.5800018310547,2021000.0,1,-0.46262851240885805,2.324247409211921,180.07367673478566,178.3127874439,1.7608892908856717,71.51265533080007,50.75426905903463,63.6391159501614,-49.24573094096538,2.2970695644117134
2024-06-21,179.0,180.2400054931641,176.24099731445312,179.5500030517578,3194500.0,1,0.5431746056430153,1.637625013053108,179.9931115527814,178.40443304448206,1.5886785082993242,62.4126263599794,49.46594256290249,54.58857216010258,-50.53405743709751,0.3465100326137227
2024-06-24,177.9199981689453,181.4199981689453,177.02000427246094,181.05999755859372,1647500.0,-1,0.8409882936067925,1.4071618684497176,180.15724786136792,178.60114152700885,1.5561063343590718,65.35713548910454,55.027614745774,51.7492754559037,-44.972385254226,0.03867178479768363
2024-06-25,181.1499938964844,183.55999755859372,179.80999755859375,182.5200042724609,1490100.0,1,0.8063662507201252,1.4954201601002934,180.5207488476899,178.8914276563016,1.6293211913883,66.50222257351804,51.966051588059095,52.15320296557852,-48.03394841194091,-0.7558041226524148
2024-06-26,182.00999450683597,182.00999450683597,177.72000122070312,178.9199981689453,2047100.0,-1,-1.9723898856267907,1.1984279802549596,180.27447951249843,178.8935439905715,1.3809355219269435,55.618690377504194,26.934793536302205,44.642819956711755,-73.0652064636978,-4.652276051953896
2024-06-27,179.83999633789062,191.97000122070312,179.7100067138672,189.1999969482422,3186300.0,1,5.74558399536198,2.8036308948180233,181.64763604107438,179.65698495039894,1.990651090675442,61.50571323951503,77.66187128684692,52.1875721370694,-22.33812871315309,0.1959408534659257
2024-06-28,189.8800048828125,193.9600067138672,189.0,192.19000244140625,3002600.0,1,1.5803411952390212,2.7818398455845084,183.26953856420235,180.58535661639948,2.6841819478028697,62.29147695056066,90.63985230205134,65.07883904173347,-9.360147697948658,6.152995968999675
2024-07-01,193.0,199.2100067138672,191.7899932861328,198.6199951171875,3074200.0,1,3.3456436828661618,2.8797576169093926,185.63114726466162,181.921255764606,3.709891500055619,64.98878057821074,97.55789939053273,88.61987432647697,-2.4421006094672686,7.816737488364578
2024-07-02,197.6000061035156,199.375,194.7079925537109,196.66000366210935,1725000.0,-1,-0.9868047040892058,3.149226387552726,187.32789440273052,183.01301486812477,4.314879534605751,59.526335522932015,88.83865702566163,92.34546957274854,-11.161342974338375,6.660157530151767
2024-07-03,196.9900054931641,200.3600006103516,196.9900054931641,198.3999938964844,855400.0,1,0.8847707728942167,2.5551973729650186,189.0312943248465,184.1527910924477,4.878503232398799,59.99999362223953,92.25599801292084,92.88418480970506,-7.744001987079153,10.58468861643842
2024-07-05,198.0,203.75,197.50999450683597,201.6499938964844,1693400.0,-1,1.6381048891038308,1.563583008094337,190.9726327204831,185.448880189043,5.5237525314400955,73.77654041765837,92.68290478461455,91.25918660773233,-7.31709521538544,12.918575332558824
2024-07-08,200.7700042724609,201.9199981689453,195.4600067138672,201.6300048828125,1912100.0,-1,-0.009912727139560484,1.6497370707181922,192.61222843776454,186.64748201821112,5.964746419553421,71.6704145742959,92.61325664594767,92.51738648116101,-7.386743354052325,12.29741100293371
2024-07-09,201.32000732421875,202.88699340820312,194.58999633789065,197.3600006103516,1559300.0,-1,-2.1177424832889535,1.4878615169435694,193.34265492585487,187.44100191392522,5.901653011929653,64.65673053099437,77.73519139680681,87.677117609123,-22.264808603193188,9.002542401163428
2024-07-10,197.75,197.9499969482422,191.16000366210935,197.3699951171875,1909200.0,1,0.005064099516105536,1.4070464221815937,193.9622457245214,188.17648289194466,5.785762832576751,72.83825285986043,77.77001546614011,82.70615450296486,-22.229984533859895,8.136089468066698
2024-07-11,198.3000030517578,203.4199981689453,194.3800048828125,195.9199981689453,1472400.0,1,-0.7346592613437841,1.3611397658723234,194.26343840827892,188.75007661616692,5.5133617921119935,71.70757201702689,71.5365841482558,75.68059700373423,-28.4634158517442,9.501453260662206
2024-07-12,196.16000366210935,202.9900054931641,195.8000030517578,201.8999938964844,2406200.0,1,3.0522640789239164,1.8929732764489675,195.43829309877208,189.7241445628571,5.714148535914973,74.86096500116606,93.07891358317879,80.79517106585821,-6.921086416821213,6.712472068229713
2024-07-15,202.6499938964844,208.13999938964844,200.0200042724609,204.47000122070312,2555300.0,1,1.2729110460183435,1.97005081889517,196.82778665599224,190.81643024121607,6.0113564147761736,75.4401371666595,87.93557399785816,84.18369057643092,-12.064426002141849,6.389509664031934
2024-07-16,201.94000244140625,205.47999572753903,197.3300018310547,203.1199951171875,2058900.0,-1,-0.6602465376123523,1.5960151503511573,197.79581872694536,191.72780541721394,6.068013309731413,72.44008761673895,83.49768384409148,88.17072380837612,-16.502316155908517,2.265632922478411
2024-07-17,199.08999633789065,199.82000732421875,193.0800018310547,194.92999267578125,2055000.0,-1,-4.032100550554429,2.6423141703612054,197.35492241138164,191.96500447340412,5.389917937977515,65.85462709634677,53.53496265540568,74.98940683245176,-46.46503734459432,-0.8796964070541313
2024-07-18,194.9600067138672,196.7100067138672,188.3000030517578,190.3699951171875,1757400.0,1,-2.3393001230848087,2.8123702509558246,196.28031821227484,191.84685563220287,4.433462580071961,51.306677300450396,10.433429674966199,49.155358724821106,-89.56657032503381,-4.047378541496616
2024-07-19,188.9600067138672,191.97000122070312,186.5,188.5399932861328,1624900.0,-1,-0.9612869033947202,1.979818074925708,195.08949899286836,191.6019028658273,3.4875961270410585,45.815166637917194,9.426956301619166,24.46511621066367,-90.57304369838083,-6.501364248531305
2024-07-22,191.05999755859372,194.82000732421875,186.2700042724609,188.41000366210935,1615400.0,1,-0.06894538487979274,1.588720489091253,194.06188432659775,191.36546588777412,2.6964184388236276,36.31734055962302,9.785093129566462,9.881826368717265,-90.21490687043354,-6.556564450011604
2024-07-23,188.2700042724609,192.6300048828125,188.0850067138672,191.07000732421875,1293900.0,-1,1.411816575769409,2.0902530868325955,193.601595557001,191.3435800682515,2.2580154887494928,42.64667273111203,21.947892654011344,13.719980695065649,-78.05210734598866,-3.187065903263342
2024-07-24,189.6999969482422,190.3179931640625,181.3600006103516,181.82000732421875,1611100.0,-1,-4.8411575053242455,2.3762495311106697,191.78904352118832,190.6381302353602,1.1509132858281248,31.788235309892258,1.7177249247030673,11.150236902760284,-98.28227507529694,-7.878597647902874
2024-07-25,182.1100006103516,187.1000061035156,178.2899932861328,182.0,1776900.0,1,0.09899497774208399,2.375169967588763,190.28303682562088,189.99826873644463,0.2847680891762536,26.855120880574475,12.428830670926517,12.031482749880302,-87.57116932907348,-7.1049399239693
2024-07-26,184.77999877929688,184.77999877929688,179.60499572753906,181.3600006103516,1026900.0,1,-0.35164801629034015,2.3850750841482182,188.91026202327177,189.3583970234007,-0.4481350001289286,26.46853029173097,10.28477955271575,8.143778382781768,-89.71522044728425,-10.173350127322845
2024-07-29,182.50999450683597,183.7400054931641,180.6699981689453,181.1499938964844,927100.0,1,-0.11579549689040292,2.3818194726390587,187.71637461915063,188.75036716214763,-1.033992542996998,29.22326455207957,9.581239616613514,10.764949946751917,-90.41876038338648,-11.405099616078795
2024-07-30,182.2400054931641,183.0330047607422,173.64999389648438,176.75,1152500.0,1,-2.4289230166900877,2.1103265570837837,186.0292400623582,187.8614510760626,-1.8322110137043808,26.244241915829164,8.988128761330723,9.618049310219988,-91.01187123866927,-12.982471322911204
2024-07-31,180.1499938964844,181.66000366210935,177.6199951171875,179.35000610351562,1137500.0,1,1.4710076964727703,1.4016550376831227,185.00166560715166,187.23097367068874,-2.2293080635370757,31.40292824876039,16.526562189620396,11.698643522521534,-83.47343781037961,-7.992606144596303
2024-08-01,178.6199951171875,180.3800048828125,172.80999755859375,174.44000244140625,1187000.0,-1,-2.7376657346058098,1.7485175544031473,183.37679435088316,186.28349432037152,-2.9066999694883577,18.42228091465678,4.61365637796187,10.042782442970987,-95.38634362203813,-8.367911479944679
2024-08-02,168.25999450683594,169.74000549316406,164.47000122070312,169.52000427246094,2166300.0,-1,-2.82045293515627,1.9190150615922827,181.24498049266435,185.0417543168226,-3.7967738241582367,11.869959031335,12.31407883001797,11.151432465866735,-87.68592116998204,-10.088039509371727
2024-08-05,156.50999450683594,168.6199951171875,155.97000122070312,165.22999572753906,2147800.0,-1,-2.5306798235013916,1.8404505767900547,178.78113668264507,183.57421664354234,-4.793079960897273,11.15440222439777,21.117430371562772,12.681721859847528,-78.88256962843722,-12.302960290866949
2024-08-06,168.6199951171875,168.6199951171875,164.16000366210938,165.75,1328800.0,1,0.3147154184512724,2.0106756573121483,176.7763464237766,182.25390429957625,-5.477557875799647,14.501230726964295,24.005884783049186,19.145797994876634,-75.99411521695082,-13.251691188379077
2024-08-07,171.13999938964844,174.77000427246094,166.05999755859375,166.1999969482422,1362100.0,1,0.271491371488497,1.6408142573879703,175.14921573523287,181.0647259772552,-5.915510242022322,17.329015166796864,26.332031197836354,23.818448784149428,-73.66796880216364,-8.590919451522838
2024-08-08,168.42999267578125,173.5,168.02999877929688,171.7100067138672,1305500.0,1,3.3152887285196053,2.505139627631929,174.62010665502277,180.37178380959682,-5.751677154574054,29.309096366330905,40.5148082891542,30.28424142334657,-59.4851917108458,-5.653842464908143
2024-08-09,171.7100067138672,174.97999572753906,171.11000061035156,174.36000061035156,895900.0,0,1.5432961346861118,2.136093776624312,174.58009034045796,179.92646653557867,-5.346376195120712,33.734663934052705,50.16365944517284,39.00349964405446,-49.83634055482716,-3.8597264978176726
2024-08-12,175.0,175.82000732421875,171.8000030517578,172.5500030517578,787500.0,1,-1.0380807250847668,1.6385547765702202,174.2677692191195,179.38006183307343,-5.11229261395394,28.129429381269617,48.270658320857564,46.3163753517282,-51.729341679142436,-4.747441973219679
2024-08-13,174.33999633789062,180.2700042724609,173.0919952392578,178.49000549316406,1572600.0,1,3.442481794465402,1.9378617549681716,174.91734403051098,179.3141317338209,-4.396787703309911,45.7340499188583,72.34179486073484,56.925370875588406,-27.65820513926516,0.9844444091451576
2024-08-14,179.4499969482422,184.1999969482422,179.0,183.97999572753903,1514300.0,1,3.075797000065217,1.8962881828533549,176.31159813774605,179.65975128891114,-3.348153151165093,52.232741553553524,97.22317556559734,72.61187624906324,-2.7768244344026596,2.581538592951649
2024-08-15,186.80999755859372,191.6199951171875,184.97999572753903,190.33999633789065,1583700.0,1,3.4568979008839262,1.920481840849144,178.46981324546059,180.45088055179852,-1.981067306337934,58.96923035187562,96.4095399763222,88.65817013421811,-3.5904600236777986,9.114878281330663
2024-08-16,189.8000030517578,193.156005859375,188.3800048828125,192.8999938964844,1699700.0,-1,1.3449603907994545,1.9367333728404543,180.6898410379258,181.37303709584933,-0.6831960579235385,61.20969202344746,99.31153678547021,97.64808410912991,-0.6884632145297883,13.791876495263654
2024-08-19,193.1999969482422,196.6000061035156,192.6100006103516,195.5,1462100.0,1,1.347851832961089,1.0944616888154397,182.96832703209105,182.4194787924531,0.5488482396379482,68.52400130488081,97.29262620891063,97.67123432356767,-2.707373791089371,18.319920749968155
2024-08-20,196.3800048828125,199.552001953125,195.0800018310547,197.1499938964844,1429100.0,1,0.8439866478181068,1.1693658317526034,185.15012193430542,183.5106280594184,1.6394938748870231,67.92185509497875,94.48853192539718,97.03089830659268,-5.511468074602814,18.94418937947777
2024-08-21,197.2700042724609,200.6000061035156,195.8000030517578,200.47000122070312,1133600.0,1,1.6840007238153598,1.0079001991387615,187.50702643990508,184.76687792321727,2.7401485166878103,77.07509341919985,99.70870520145846,97.16328777858875,-0.2912947985415479,20.6197382080177
2024-08-22,200.5,202.63999938964844,197.42999267578125,197.77999877929688,1175500.0,1,-1.3418478700185865,1.2211774363965895,189.0874837228884,185.73081280144538,3.356670921443026,80.82459354011473,89.58645639376635,94.594564506874,-10.413543606233642,15.182570057708977
2024-08-23,199.5500030517578,199.97999572753903,196.27999877929688,199.42999267578125,937200.0,1,0.8342572083467337,1.1824125347878864,190.6786389464104,186.74556686621102,3.9330720801993664,89.58333259747347,91.65798578410477,93.65104912644318,-8.342014215895235,14.378293173704716
2024-08-26,200.1000061035156,201.9499969482422,197.55999755859372,197.82000732421875,1173000.0,1,-0.8072934917968455,1.2651197170397412,191.77731100453477,187.5658957890264,4.211415215508367,86.20458707884137,86.82342311602143,89.35595509796417,-13.176576883978564,14.645032643019418
2024-08-27,196.0,198.40499877929688,195.00999450683597,197.22000122070312,678200.0,-1,-0.30330910994874616,1.2324013456935454,192.61464796086835,188.28101470989134,4.333633250977016,84.90100497215545,84.33979175566893,87.60706688526504,-15.66020824433108,10.493582358176567
2024-08-28,196.44000244140625,197.5399932861328,193.22000122070312,193.97000122070312,905000.0,-1,-1.6479058816975756,0.9775445084261409,192.8231638469968,188.7024211180996,4.1207427288971985,76.38692084489892,72.50238342971907,81.2218661004698,-27.49761657028093,5.429941148579309
2024-08-29,195.94000244140625,200.9250030517578,195.8000030517578,197.25,1182700.0,1,1.6909825017554336,1.3232381720430286,193.50421556284346,189.33557510935148,4.1686404534919745,76.73441818936803,82.52269769881205,79.78829096140001,-17.47730230118795,3.63034769100381
2024-08-30,198.5,200.41000366210935,197.57000732421875,199.97999572753903,1435000.0,1,1.384028252237779,1.4330242740260473,194.5004894343351,190.12405071069873,4.376438723636369,81.36291439163008,90.99768753053246,82.00758955302119,-9.002312469467547,3.6702965552471545
2024-09-03,199.9900054931641,200.75,190.47000122070312,193.19000244140625,4816300.0,1,-3.395336249223524,2.1259630314244613,194.2988760508076,190.35115824630668,3.947717804500911,66.48722118378572,60.025392587868744,77.84859260573774,-39.974607412131256,-1.1815844289482125
2024-09-04,158.74000549316406,163.47999572753906,156.0,157.1300048828125,10904800.0,-1,-18.665560900093993,8.40046643099834,188.58058817880834,187.89033207123305,0.6902561075752942,32.135729556110235,2.4228235368787336,51.148634551759976,-97.57717646312126,-20.299259575267758
2024-09-05,156.74000549316406,163.49000549316406,155.8800048828125,162.25,4742700.0,-1,3.25844520975227,9.025705123707457,184.52972845899166,185.99104821410467,-1.46131975511301,30.997154279192756,13.622745649074568,25.356987257940673,-86.37725435092543,-19.065197280377944
2024-09-06,163.27000427246094,164.8800048828125,155.27999877929688,156.77999877929688,3611300.0,1,-3.371341276242301,8.622464089533208,180.26053927750016,183.82726677448926,-3.5667274969891025,26.49049334647468,3.1672296889120863,6.404266291621787,-96.83277031108791,-20.730104284079797
2024-09-09,158.0,161.1999969482422,157.2050018310547,159.16000366210938,2381400.0,1,1.5180538980376523,8.644180895707754,177.0143030289785,182.00006209949814,-4.985759070519634,26.279368198283038,8.192577771978407,8.327517703321677,-91.8074222280216,-20.192543996699573
2024-09-10,160.0,160.19000244140625,153.4499969482422,155.89999389648438,2478900.0,1,-2.0482594185822434,8.693697944139748,173.76594777782555,180.0667237140897,-6.300775936264159,23.628689101894963,4.980680680308067,5.446829380399511,-95.01931931969193,-21.19098770380148
2024-09-11,155.7100067138672,162.22999572753906,154.6649932861328,161.7100067138672,2635600.0,-1,3.7267562827748346,3.180809197503846,171.91118761413966,178.70696689925842,-6.795779285118755,25.985132606823328,16.792049920030177,9.98843612410554,-83.20795007996982,-18.005270402111872
2024-09-12,162.97999572753906,168.72000122070312,162.0,166.7100067138672,2851500.0,1,3.091954605411096,3.14693194595737,171.11100593717467,177.81830318182205,-6.707297244647378,31.28539084358627,27.34022632087629,16.370985640404836,-72.65977367912372,-14.053716726958697
2024-09-13,167.22000122070312,171.77999877929688,166.97999572753906,170.05999755859375,1992200.0,1,2.0094719631775337,2.24807928966721,170.9493123404699,177.24361387639772,-6.294301535927815,32.66438550359052,34.247423938869204,26.12656672659188,-65.7525760611308,-13.784538626821929
2024-09-16,170.0,172.38999938964844,168.74000549316406,171.77999877929688,1297300.0,-1,1.0114084707725013,2.2673892706268775,171.0771102541356,176.83890164698283,-5.761791392847243,34.64984302265755,38.60979352185341,33.39914792719963,-61.39020647814659,-14.101408916251302
2024-09-17,172.41000366210938,173.47000122070312,169.5500030517578,170.32000732421875,1692400.0,1,-0.849919353506301,1.807577303009671,170.96063288030223,176.35602058603735,-5.395387705735118,34.302056374890384,35.534509125060026,36.1305755285942,-64.46549087493997,-11.838084180429508
2024-09-18,170.0,171.22000122070312,166.13999938964844,168.52000427246094,1473400.0,-1,-1.056835940789591,1.7973697238123636,170.58515155601896,175.77557493317983,-5.190423377160869,34.89255714165891,31.743033990053103,35.29577887898884,-68.2569660099469,7.248774286071646
2024-09-19,172.77999877929688,174.77499389648438,169.3800048828125,172.5800018310547,1632100.0,1,2.4092080795521387,1.5985695132385436,170.89205159833213,175.5388658145039,-4.6468142161717765,35.48994249907784,40.443982343678876,35.907175152930655,-59.556017656321124,6.36671915627407
2024-09-20,171.5399932861328,173.6300048828125,169.72000122070312,172.7100067138672,2181600.0,-1,0.07533021290599962,1.4289038206373652,171.17173700072215,175.3293206959382,-4.157583695216061,33.45468523124815,40.71883408664863,37.63528347346019,-59.28116591335137,10.160739927671125
2024-09-23,173.0,174.89999389648438,171.64500427246094,174.7899932861328,1536400.0,1,1.2043231378663366,1.454685282900647,171.72839181386223,175.2893705174341,-3.5609787035718625,38.15958180311762,99.48717656875668,60.21666433302804,-0.5128234312433176,9.820299864534633
2024-09-24,175.0,175.69000244140625,171.97000122070312,174.14999389648438,696400.0,1,-0.3661533349914148,1.3678895768919692,172.10094598041948,175.2049722492156,-3.1040262687961047,70.12770755093541,93.07550285724871,77.76050450421799,-6.924497142751288,11.706222395440102
2024-09-25,173.88999938964844,174.08999633789062,171.3000030517578,171.75,1341100.0,-1,-1.3781188519081722,1.4609369255324798,172.0469542911242,174.94904837890334,-2.9020940877791475,62.0070785974256,82.28416606004305,91.61561516201614,-17.715833939956955,6.208640695870948
2024-09-26,174.5399932861328,174.5399932861328,169.33999633789062,170.92999267578125,1401500.0,1,-0.4774424012918499,0.940718351530948,171.87511404260988,174.65134054904246,-2.776226506432579,70.2663884447576,78.59708367838267,84.6522508652248,-21.402916321617322,2.531333328512808
2024-09-27,171.3300018310547,173.8300018310547,171.3000030517578,171.77000427246094,953300.0,1,0.4914360455587241,0.9871434636079096,171.8589433087408,174.43790823225862,-2.578964923517816,68.89421140160873,82.37411330608616,81.08512101483728,-17.625886693913845,1.0055314232719548
2024-09-30,170.0,172.7100067138672,169.30999755859375,170.94000244140625,1181400.0,-1,-0.48320533877274086,0.6626321922653949,171.71756779068934,174.17880409960287,-2.461236308913527,74.30511854904412,77.40785763791871,79.45968487412917,-22.59214236208129,-0.48899542662697026
2024-10-01,170.64999389648438,171.39999389648438,165.4199981689453,166.99000549316406,1393300.0,-1,-2.3107504924695155,1.058749245110982,170.990250514147,173.64630049912594,-2.6560499849789494,59.0784064947481,36.44999710205665,65.41065601535384,-63.55000289794335,-1.9551442507372285
2024-10-02,166.77999877929688,170.1300048828125,165.9199981689453,169.69000244140625,1257600.0,-1,1.616861404530412,1.4479464757655442,170.79021234910996,173.3532413837393,-2.5630290346293236,55.5638490689455,41.57743423642942,51.81176299213492,-58.42256576357058,0.6942785065763957
2024-10-03,167.58999633789062,170.91000366210938,167.00100708007812,169.6300048828125,1491500.0,-1,-0.03535715583153909,1.4427476281175076,170.6117188927565,173.07744608737434,-2.465727194617841,49.0847321103778,40.99323235099658,39.67355456316087,-59.00676764900342,-1.7093503980432523
2024-10-04,174.8800048828125,176.55999755859375,171.66000366210938,173.92999267578125,1747900.0,1,2.5349216938002073,1.8884245234096881,171.1222225516834,173.1405976865156,-2.018375134832212,54.12350557967647,76.3913372808946,52.98733462277352,-23.608662719105403,0.7063782725312828
2024-10-07,173.38999938964844,173.82000732421875,169.94000244140625,172.1300048828125,2047000.0,-1,-1.0348921225587948,1.9578730219187057,171.27726598724172,173.06573896031537,-1.7884729730736524,53.42673116077846,60.233456745987716,59.206008792626285,-39.766543254012284,-1.5218196152487318
2024-10-08,172.97000122070312,177.39999389648438,172.81300354003906,176.92999267578125,1765900.0,1,2.7885828483166675,1.6580757665964727,172.14691624701703,173.3519799762758,-1.205063729258768,64.29785863004828,96.07678306910654,77.5671923653296,-3.923216930893455,1.596324362175583
2024-10-09,177.3800048828125,186.4199981689453,177.03900146484375,185.97000122070312,2669600.0,1,5.109370326763885,2.44173031249878,174.2735447045072,174.28664821660377,-0.013103512096563463,69.46788530030203,97.85715738932292,84.72246573480572,-2.1428426106770835,8.279476693276933
2024-10-10,185.57000732421875,196.19000244140625,185.0989990234375,195.5,3374400.0,-1,5.124481753369992,2.5228261607091405,177.53915321150612,175.85800760796644,1.681145603539676,76.02193727200218,97.7575484380943,97.23049629884126,-2.242451561905697,14.37431017201467
2024-10-11,195.3300018310547,203.02999877929688,195.3000030517578,198.25999450683597,2827700.0,-1,1.4117618960797884,2.6123730943274968,180.72697494924918,177.51741404491975,3.209560904329436,76.38859532580472,87.31719171749218,94.31063251496978,-12.682808282507818,15.421778876104986
2024-10-14,199.2899932861328,199.406005859375,195.08999633789065,196.7400054931641,1245100.0,1,-0.7666645091223723,2.5180712301675277,183.1905181098515,178.94130970775265,4.249208402098844,74.90631902841638,83.27574266403612,89.4501609398742,-16.724257335963888,15.093016662733106
2024-10-15,196.3800048828125,198.5850067138672,194.2700042724609,195.16000366210935,1389300.0,-1,-0.8030912813559166,2.9701513626323677,185.03197742558348,180.1426944451124,4.88928298047108,76.28567297030196,79.07472749409784,83.22255395854204,-20.925272505902157,16.869271957775013
2024-10-16,195.1999969482422,195.75,190.41000366210935,191.5500030517578,1397000.0,1,-1.849764573996271,2.782307996060675,186.03475059884107,180.98768026782687,5.047070331014197,71.78785622545877,69.47621499272357,77.27556171695251,-30.523785007276427,12.882314983700827
2024-10-17,192.94000244140625,193.22000122070312,188.6699981689453,188.75999450683597,1128200.0,1,-1.4565432004550627,1.261811355790231,186.45401889237877,181.56340724849423,4.89061164388454,67.24173386072775,62.057952563464426,70.20296501676194,-37.942047436535574,11.27747985224623
2024-10-18,189.2899932861328,191.6100006103516,187.5399932861328,190.00999450683597,1131100.0,1,0.6622165905788568,0.956962211627232,187.0010920638337,182.18908037874178,4.812011685091932,69.18898037482793,65.3815366626786,65.63856807295552,-34.6184633373214,9.245100044952604
2024-10-21,188.55999755859372,192.25,186.83999633789065,187.9600067138672,1562100.0,-1,-1.0788841914813219,0.9609329731390631,187.1486173946081,182.61655640356588,4.532060991042215,71.93976172124691,59.39102177964927,62.27683700193075,-40.60897822035073,9.196538303610623
2024-10-22,186.3300018310547,188.30999755859372,185.42999267578125,186.16000366210935,907800.0,-1,-0.9576521533636639,0.9593111877532278,186.99652297422367,182.8790339782728,4.117488995950879,67.56239871395186,53.17661049739193,59.31638964657325,-46.82338950260807,5.21675881332444
2024-10-23,185.5,186.6199951171875,180.77999877929688,181.00999450683597,1079300.0,-1,-2.766442336679864,1.2276375228712124,186.07551859462555,182.74058661001823,3.334931984607323,60.946515237223274,33.45419549881821,48.67394259195313,-66.54580450118179,-2.6671004362584183
2024-10-24,182.50999450683597,185.4600067138672,182.0,183.92999267578125,1085300.0,1,1.6131695804427082,1.6953903736247666,185.74543768403413,182.8286907630377,2.9167469209964167,59.88142769260461,42.27860919511608,42.9698050637754,-57.72139080488392,-5.918162314178388
2024-10-25,185.3800048828125,188.6300048828125,183.8600006103516,184.9600067138672,926800.0,1,0.5600033051170517,1.678320294204475,185.6246021501623,182.9865660186547,2.63803613150759,62.87377218503218,40.19924243839699,38.64401571077709,-59.80075756160301,-6.708356784762348
2024-10-28,186.6499938964844,188.55999755859372,185.5,187.0,905100.0,1,1.1029375065327862,1.77922411734285,185.8362018193681,183.2838574246803,2.5523443946878217,60.696840617483254,38.3248030640868,40.26755156586662,-61.6751969359132,-4.9506990043784
2024-10-29,186.97999572753903,190.44000244140625,185.02999877929688,189.8500061035156,1294600.0,-1,1.5240674350350814,1.8221662712285733,186.45371017077542,183.7702388082977,2.683471362477718,54.74560227418634,40.76407786165718,39.76270778804698,-59.23592213834282,-2.720843133302675
2024-10-30,189.32000732421875,192.1000061035156,186.22000122070312,186.77999877929688,708500.0,-1,-1.6170699107298403,1.3269940072923985,186.50390841824026,183.9931839913347,2.5107244269055684,37.33294913000109,26.96629213483146,35.351724353525135,-73.03370786516854,-2.490213623840065
2024-10-31,186.5,187.0,180.6499938964844,180.7899932861328,1786600.0,-1,-3.2069844374728707,2.0134880606968553,185.62484455176218,183.7559106057642,1.8689339459979806,26.79948221470734,0.7464240795186237,22.825598025335747,-99.25357592048138,-4.222293628226669
2024-11-01,181.1499938964844,183.93800354003903,179.6300048828125,182.58999633789065,1239000.0,1,0.9956320142725072,2.0701158980804806,185.1579448265512,183.66954658592172,1.488398240629465,31.34722540141273,15.615885883106003,14.442867365818685,-84.384114116894,-3.9050567777782708
2024-11-04,181.94000244140625,186.1999969482422,180.4199981689453,184.8999938964844,832900.0,-1,1.2651282134422015,2.0975151911521146,185.1182600680794,183.7606908311486,1.3575692369308001,36.73046987240415,32.69224944152076,16.351519801381784,-67.30775055847926,-1.6280127197702554
2024-11-05,185.8500061035156,188.02999877929688,183.69000244140625,186.91000366210935,992100.0,1,1.0870794115602989,2.014782646859211,185.39391292869936,183.99397326307164,1.399939665627727,43.73988941714041,53.56880604153874,33.95898045538849,-46.43119395846126,0.4028792357359867
2024-11-06,192.3300018310547,196.1529998779297,190.8500061035156,193.02999877929688,1745600.0,1,3.274300464008917,2.3688979092495672,186.56869536725281,184.66330848649574,1.905386880757078,55.285963246708235,81.09906164375339,55.78670570893761,-18.900938356246613,6.640519660369892
2024-11-07,193.58999633789065,197.7100067138672,192.8999938964844,196.7100067138672,1876000.0,1,1.9064435361562104,0.9462817838130464,188.1288971128858,185.55565650333807,2.5732406095477245,57.82345432737021,94.46902710882267,76.37896493137158,-5.530972891177332,6.948303456203386
2024-11-08,196.6499938964844,197.1000061035156,192.5,195.72999572753903,1062300.0,-1,-0.49820088093112114,1.368258202944512,189.29829689975554,186.3093112606863,2.9889856390692557,59.30536246058303,89.0486129103857,88.20556722098725,-10.951387089614308,5.8228744716326775
2024-11-11,196.75,200.42999267578125,195.0500030517578,199.5399932861328,1712100.0,1,1.9465578305623676,1.3844417434372183,190.87394249765973,187.28936178108975,3.584580716569974,65.28790292688734,95.72115426938234,93.07959809619689,-4.278845730617658,6.705878762637862
2024-11-12,200.0,209.30999755859372,199.5399932861328,209.0399932861328,2260900.0,1,4.7609503456168545,1.9437628765904862,193.6687195420402,188.9005196703522,4.768199871688012,79.13112840713745,99.0902818763792,94.62001635204906,-0.9097181236208043,10.107972907914409
2024-11-13,210.0,217.83999633789065,208.5399932861328,209.8500061035156,2711200.0,1,0.3874917926705246,2.001723602303498,196.15814824380567,190.45233348021614,5.7058147635895295,78.17389025628096,79.08926453498808,91.30023356024985,-20.910735465011935,12.351433491269436
2024-11-14,209.8500061035156,210.4600067138672,205.6699981689453,208.5,1165200.0,0,-0.6433195445558648,2.2460613242997267,198.0568946678356,191.7891976668668,6.267697000968781,75.41015360562601,75.55614125464727,84.57856255533817,-24.443858745352735,15.32717945844
2024-11-15,204.6699981689453,205.53500366210935,198.3300018310547,201.47000122070312,1347400.0,-1,-3.3717020524205665,3.020383538683579,198.58198798366135,192.50629422641026,6.075693757251088,64.10055027930304,57.15781528914229,70.60107369292587,-42.8421847108577,10.340109130554008
2024-11-18,203.2700042724609,204.6300048828125,200.6699981689453,202.8500061035156,1131300.0,1,0.6849679229915306,2.932870035631754,199.2386061559466,193.27249510619583,5.966111049750765,63.041718534447675,60.76944887046587,64.49446847141847,-39.23055112953413,9.707957165796577
2024-11-19,199.6300048828125,204.97000122070312,198.67999267578125,204.3600006103516,1096200.0,-1,0.7443896777924897,1.7312776710247528,200.02651299508582,194.09379181020736,5.93272118487846,68.20628169759246,64.72128044470537,60.88284820143783,-35.27871955529463,9.336042269726686
2024-11-20,204.0,205.9900054931641,198.83999633789065,200.94000244140625,1212300.0,-1,-1.6735164213794285,1.7304670945569087,200.16704983298126,194.6009185236295,5.566131309351761,72.04112091754283,55.770746726407936,60.42049201385972,-44.229253273592064,4.097810553868042
2024-11-21,202.42999267578125,210.7100067138672,202.3500061035156,207.3000030517578,1836300.0,1,3.1651241828794863,2.508471016931248,201.26442725125457,195.541591451639,5.722835799615581,74.57727234233326,71.83326081806192,64.10842932972507,-28.16673918193808,5.383557509250014
2024-11-22,210.0,212.97999572753903,207.5399932861328,210.9600067138672,2035700.0,1,1.7655589041142283,1.7724602715995759,202.75605486088728,196.6836962858781,6.0723585750091615,75.24214662200765,79.85361389850283,69.15254048099088,-20.14638610149717,7.781132845641459
2024-11-25,214.16000366210935,216.3000030517578,208.75,210.4199981689453,1758200.0,1,-0.2559767385930667,1.854024899878473,203.93512306212696,197.70120012906827,6.233922933058693,73.43965693766233,72.5083332579533,74.731735991506,-27.491666742046704,5.4525434744357115
2024-11-26,210.69000244140625,211.9900054931641,207.81500244140625,210.3000030517578,1277400.0,1,-0.0570264795322184,1.888850376454854,204.91433536822402,198.63444479000825,6.27989057821577,69.55831115943535,70.24469464954751,74.20221393533454,-29.755305350452485,0.6027601445147024
2024-11-27,209.55999755859372,209.55999755859372,202.25,204.9600067138672,1559100.0,-1,-2.5392278936754775,2.1672373670410985,204.92136172909218,199.1030049325163,5.81835679657587,59.00457863317839,49.171304319550586,63.97477740901712,-50.82869568044941,-2.3302355241468287
2024-11-29,206.0,207.8500061035156,204.4750061035156,206.58999633789065,943500.0,1,0.7952720387538914,1.600712923506121,205.1780747458304,199.65759688846995,5.520477857360447,61.68747206305306,50.63622942423,56.68407613110935,-49.36377057576999,-0.9160689026903368
2024-12-02,207.5500030517578,212.34500122070312,206.1699981689453,208.50999450683597,5485600.0,1,0.9293761571131709,1.392691945178576,205.6906777859851,200.31333004538595,5.377347740599134,60.062822242154944,52.178347216932245,50.6619603202376,-47.821652783067755,3.49431341811568
2024-12-03,195.8999938964844,202.73399353027344,194.63999938964844,198.63999938964844,7979700.0,-1,-4.733583702081933,2.453075208802257,204.60595803270252,200.18937962644245,4.416578406260072,38.42902388574178,17.241381578298295,40.01865273982017,-82.7586184217017,-2.0754284383500465
2024-12-04,201.0,208.68499755859372,196.3000030517578,206.3600006103516,3586100.0,1,3.886428334889258,3.3504754563587174,204.87581073695623,200.64646266228755,4.229348074668678,46.63451677010377,54.10895308944649,41.17622729489233,-45.89104691055351,0.978665097879583
2024-12-05,205.6300048828125,212.0,202.5500030517578,205.6100006103516,2577500.0,-1,-0.36344252654667564,3.1259629896785,204.9887630251709,201.0141321399219,3.9746308852489847,47.18048756088262,50.64634979676098,40.66556148816857,-49.35365020323902,2.324075899375533
2024-12-06,207.47999572753903,215.14100646972656,206.2700042724609,211.9900054931641,2458500.0,1,3.10296428377681,3.4111182742714026,206.06587725101602,201.82715979571762,4.238717455298399,60.39526301965459,80.10158434952919,61.61896241191221,-19.898415650470806,2.262422755601845
2024-12-09,213.66000366210935,216.6999969482422,204.7400054931641,206.1300048828125,2027000.0,1,-2.764281550311365,3.700027802712823,206.07574304052318,202.14588906142833,3.929853979094844,52.977486908964195,52.08525278683898,60.94439564437638,-47.91474721316102,-2.2895343559624526
2024-12-10,205.27999877929688,207.0500030517578,200.1499938964844,201.38999938964844,1806500.0,-1,-2.2995223309963175,3.0539236361637707,205.3548594019271,202.08989723388908,3.2649621680380108,47.45326586772817,30.59837147339326,54.2617362032538,-69.40162852660674,-4.2914166228852135
2024-12-11,204.5500030517578,209.3699951171875,204.0,207.9199981689453,1543400.0,1,3.2424642728473563,2.87378218231946,205.7494961353145,202.52175656241175,3.227739572902749,55.68218490363634,60.19945715779775,47.62769380600998,-39.80054284220225,-1.1317189007490125
2024-12-12,207.6199951171875,209.38999938964844,205.1100006103516,206.3600006103516,937500.0,-1,-0.750287404930694,2.897304120999636,205.84341990070482,202.8060709363332,3.0373489643716027,49.169902399796506,53.127844595510744,47.97522440890057,-46.872155404489256,0.6830571090089999
2024-12-13,206.3600006103516,206.77999877929688,197.4600067138672,198.5399932861328,1888000.0,0,-3.7894976260367863,2.7510485325100524,204.71981580615528,202.49006518446652,2.2297506216887655,39.782812045757304,17.679031405717826,43.668777719675425,-82.32096859428218,-3.8966083520286077
2024-12-16,200.0,204.6499938964844,197.8600006103516,204.41000366210935,1484700.0,1,2.9565883824307138,3.137834866767841,204.67215239937897,202.6322828494771,2.03986954990188,45.454549651074345,44.28832889265158,38.365068297960036,-55.711671107348415,-1.9663282109923963
2024-12-17,201.75999450683597,202.5,198.0,200.4499969482422,2355800.0,-1,-1.9372861615975845,3.0787916331758383,204.022590022281,202.4706320419782,1.5519579803028023,42.95925347778173,26.337253860349556,29.43487138623964,-73.66274613965045,0.911194907448265
2024-12-18,200.0,200.8000030517578,185.5,185.69000244140625,4302200.0,-1,-7.3634296490645905,3.8061102879317588,201.20219193291567,201.22762244193584,-0.0254305090201683,37.860651535020146,0.6089822435606193,23.744854998853906,-99.39101775643938,-10.016475144315573
2024-12-19,190.1100006103516,190.8000030517578,182.55999755859372,183.2100067138672,2708300.0,1,-1.335556947026062,3.7599922271359274,198.43416343767743,199.89298423985667,-1.4588208021792468,35.4275836318231,1.9039518655368053,9.616729323148983,-98.09604813446319,-10.894408749569672
2024-12-20,180.83999633789065,188.6699981689453,179.11000061035156,187.3800048828125,3264800.0,-1,2.2760755505336183,4.118222411918907,196.7335236600059,198.9660968800756,-2.2325732200697246,37.18928980129533,22.00054556569561,8.171159891597666,-77.9994544343044,-11.609038149274998
2024-12-23,187.82000732421875,188.05999755859372,184.31500244140625,185.94000244140625,1265600.0,1,-0.7684931176658027,3.4950461514024735,195.07298193406749,198.00120099572973,-2.928219061662247,41.42355965341704,18.169732632216466,14.02474335448295,-81.83026736778353,-9.794790648205009
2024-12-24,185.97999572753903,187.58999633789065,184.67999267578125,187.25999450683597,654200.0,1,0.7099021448306653,3.6700441929035508,193.87098386833955,197.2055560706265,-3.3345722022869495,35.88113396871002,21.681284092781965,20.617187430231336,-78.31871590721803,-7.016239597614682
2024-12-26,186.0,188.5,185.8699951171875,187.6300048828125,806500.0,-1,0.19759179046809905,1.4022076412890596,192.91083325518156,196.4962559826403,-3.5854227274587345,36.63396592477276,22.665616127961133,20.838877617653175,-77.33438387203887,-9.758557841870596
2024-12-27,185.25999450683597,185.92999267578125,181.25999450683597,184.55999755859372,1256100.0,-1,-1.636202763058181,1.4891218736074259,191.62608930186033,195.61208869197017,-3.985999390109839,28.5535604740506,14.498530138851265,19.61514345319811,-85.50146986114873,-10.56406425047487
2024-12-30,181.52999877929688,184.40499877929688,180.10000610351562,183.1300048828125,1032400.0,-1,-0.7748118198404486,0.919057774420013,190.31899939123758,194.68748989129182,-4.368490500054236,30.678769781044636,13.276104473324834,16.81341691337907,-86.72389552667516,-7.761654540358364
2024-12-31,184.1150054931641,184.1999969482422,179.72300720214844,180.41000366210935,920800.0,1,-1.485284305236445,1.0295599626856409,188.79453850983322,193.62989831875979,-4.835359808926569,31.75653029558785,4.29327313132729,10.689302581167786,-95.7067268686727,-11.74110834598492
2025-01-02,184.0500030517578,184.47999572753903,180.17999267578125,181.66000366210935,855100.0,1,0.6928662350349057,1.0241646086449347,187.69691776402954,192.7432394553042,-5.04632169127467,24.85639006151139,8.421410682160527,8.663596095604206,-91.57858931783947,-9.37390549872873
2025-01-03,182.6199951171875,186.57000732421875,182.6199951171875,185.83999633789065,1051900.0,1,2.3009977934142167,1.665483340890754,187.41123754462356,192.23188811327356,-4.820650568649995,31.29102850727395,24.32235696745482,12.345680260314198,-75.67764303254519,0.08077650628053323
2025-01-06,187.0,190.25,185.15499877929688,188.7100067138672,1155800.0,1,1.5443448302475904,1.575444280019996,187.61104818604565,191.97100800961383,-4.359959823568175,40.14834266783133,37.588130881491,23.443966177035435,-62.411869118509,3.002019430406855
2025-01-07,188.8999938964844,190.5749969482422,182.0200042724609,183.8999938964844,2198600.0,1,-2.5488912332434,2.050107405013812,187.04011675688238,191.37315511234496,-4.333038355462577,28.99856380565258,20.478808940254687,27.46309892973349,-79.52119105974532,-1.857194415436425
2025-01-08,181.8800048828125,190.0,181.8800048828125,187.27999877929688,1686800.0,-1,1.8379581266952272,1.943256550063201,187.07702168340768,191.069958346934,-3.992936663526308,36.35233781967943,37.66711502691569,31.911351616220443,-62.33288497308431,0.7206606003530069
2025-01-10,183.77999877929688,192.6150054931641,183.3600006103516,189.97999572753903,2212000.0,-1,1.4416899646737091,1.9649975225937013,187.5236330748125,190.98922037512693,-3.4655873003144393,55.92703949701251,80.48864262923323,46.211522198801184,-19.511357370766788,1.4525265943035048
2025-01-13,187.8699951171875,189.19000244140625,185.30999755859372,186.4900054931641,1357000.0,-1,-1.837030378387905,2.102064866978233,187.36461344686657,190.65594519868523,-3.2913317518186602,54.40859906314353,54.64644364701319,57.60073376772069,-45.35355635298681,-0.6075784042964827
2025-01-14,187.8000030517578,189.1000061035156,183.3329925537109,184.69000244140625,1121200.0,1,-0.9652008143802737,1.9622371536090208,186.95313483064191,190.21402351296086,-3.2608886823189493,46.13838483847508,38.52773733858837,57.88760787161158,-61.47226266141163,0.07044044458834886
2025-01-15,187.22999572753903,191.13999938964844,186.1999969482422,189.9900054931641,1710800.0,1,2.869675121391202,1.9847722512418762,187.4203457017992,190.1974295855685,-2.7770838837693077,55.233912120615805,79.63853282675855,57.604237937453355,-20.361467173241444,3.7459730396127044
2025-01-16,190.8699951171875,193.13499450683597,187.50999450683597,187.5500030517578,1962100.0,1,-1.2842793677871,2.0161262400187088,187.4402929864082,190.00132391639733,-2.56103092998913,50.36424056818919,58.35821099289154,58.8414937194128,-41.64178900710846,3.9576515962058245
2025-01-17,192.80999755859372,192.80999755859372,187.0500030517578,187.5800018310547,1304400.0,1,0.015995083342446037,1.8643064629180883,187.46178665481534,189.82196672489047,-2.360180070075131,49.93665691553006,58.581882389347385,65.52620873633248,-41.418117610652615,3.258834112960085
2025-01-21,190.0200042724609,192.22999572753903,188.3999938964844,191.80999755859372,1203600.0,1,2.255035550830642,1.8861087935140293,188.13074217847355,189.96922826812775,-1.8384860896541966,58.92197776115324,90.12080075725129,69.02029804649673,-9.879199242748717,3.212441529458787
2025-01-22,193.32000732421875,194.1300048828125,190.6999969482422,192.92999267578125,1194300.0,1,0.5839086238689895,1.6857849991142646,188.8690884088286,190.18854415017614,-1.3194557413475536,62.15276043251393,91.67062955356887,80.1244375667225,-8.329370446431124,2.236227975081695
2025-01-23,191.2100067138672,193.1100006103516,188.97999572753903,192.6999969482422,1049200.0,-1,-0.11921201278723981,1.2911850438206884,189.45845895335376,190.37457769077363,-0.9161187374198789,66.24371225385983,89.74905603416215,90.51349544832742,-10.250943965837843,4.785211171192971
2025-01-24,193.6199951171875,196.9499969482422,193.3249969482422,193.47000122070312,1183700.0,1,0.3995870703971782,0.9531831694989867,190.07561930217673,190.60386832262026,-0.5282490204435248,65.80990043999236,76.90777996146318,86.10915518306471,-23.092220038536816,3.3052127732555947
2025-01-27,188.2899932861328,198.0,188.17999267578125,191.2400054931641,1725400.0,-1,-1.1526312676222839,1.2404638725464032,190.2547556392517,190.65098959451237,-0.3962339552606693,57.627129602689706,58.06453750331319,74.90712449964616,-41.93546249668681,0.6632328634390117
2025-01-28,191.7400054931641,205.57000732421875,189.1999969482422,204.67999267578125,2830700.0,1,7.027811543907103,3.246130375540431,192.47402287564086,191.6901750079397,0.7838478677011551,67.37001396426918,96.24307911897088,77.07179886124908,-3.7569208810291213,9.75386704210479
2025-01-29,203.8699951171875,204.0,199.9199981689453,201.6300048828125,1758700.0,-1,-1.490125025458655,3.491410884782794,193.8826354921288,192.42645870237473,1.4561767897540676,70.05205457135915,83.36850132813929,79.22537265014111,-16.631498671860708,9.172127466282621
2025-01-30,200.0,205.0,199.5749969482422,202.8300018310547,804500.0,-1,0.595148003363688,3.451978009515156,195.25915339042507,193.1970915267214,2.0620618637036614,68.49871572622735,87.67817748271663,89.09658597660892,-12.321822517283364,6.758248311305293
2025-01-31,204.8600006103516,208.1300048828125,200.7539978027344,202.58999633789065,1105500.0,1,-0.11832839865768552,3.484960683456057,196.38697538234285,193.89286225347468,2.494113128868179,65.93380447830671,77.65856438108017,82.90174773064535,-22.34143561891984,8.019191171104524
2025-02-03,198.8800048828125,202.3699951171875,196.9600067138672,200.0,1149300.0,-1,-1.2784423637438258,3.5045386763018835,196.94282532352088,194.34524282729137,2.5975824962295064,67.46832920657778,67.2137724701972,77.51683811133131,-32.7862275298028,6.621173924569779
2025-02-04,199.05999755859372,203.8600006103516,198.1999969482422,203.72999572753903,1073900.0,-1,1.8649978637695241,1.3842763594786978,197.98700538567752,195.0404097087912,2.946595676886318,73.448290506581,79.9361260223836,74.9361542912203,-20.063873977616407,6.214482206697292
2025-02-05,203.16000366210935,205.31500244140625,201.16000366210935,204.9900054931641,1244200.0,-1,0.6184704226422033,1.1508279034254039,199.06439001759853,195.77741680392992,3.2869732136686025,70.51424168841825,85.10436851564872,77.41808900274316,-14.895631484351284,6.250978735924018
2025-02-06,204.97999572753903,205.6199951171875,201.72999572753903,204.22999572753903,1268200.0,-1,-0.37075454668954455,1.1772938511081021,199.8590985883586,196.4035337612343,3.4555648271242774,73.91055753241395,81.49900940934435,82.17983464912554,-18.500990590655647,5.983393337776599
2025-02-07,207.0200042724609,210.22999572753903,204.4199981689453,205.52999877929688,1479900.0,1,0.6365387450196991,1.183756900545784,200.73154477157988,197.0795682070167,3.6519765645631708,74.82711971719513,78.68482404646431,81.76273399048578,-21.315175953535682,6.233523276219022
2025-02-10,209.2899932861328,212.69000244140625,207.47999572753903,212.52999877929688,1356400.0,1,3.405828853002024,1.451381077150541,202.54669154199786,198.22404454570415,4.322646996293713,76.61871829252036,99.34719054117319,86.51034133232726,-0.6528094588268106,11.132604410479274
2025-02-11,210.0,211.30099487304688,207.05999755859372,209.2400054931641,1682400.0,-1,-1.5480136004467293,1.831486624052498,203.5764321498696,199.0400416529234,4.536390496946183,69.84670275946918,85.92413066648085,87.98538175137276,-14.075869333519153,2.2278742332212387
2025-02-12,206.7700042724609,211.3699951171875,204.63999938964844,211.13999938964844,1368100.0,-1,0.9080452335136435,1.838819528836981,204.74005787906634,199.93633481860675,4.803723060459589,71.56222098990906,93.67604066020539,92.98245395595313,-6.323959339794607,4.716557197111193
2025-02-13,212.58999633789065,215.0,207.6300048828125,214.83999633789065,2100700.0,1,1.7523903376612582,1.8015441154074687,206.2938945650393,201.0403097459611,5.253584819078185,73.38587026581503,99.40341678443592,93.0011960370407,-0.5965832155640822,5.921212048718294
2025-02-14,214.5,215.0,210.2700042724609,212.6999969482422,1761900.0,-1,-0.9960898464561385,2.0250003529006473,207.27944877783972,201.90399027946341,5.375458498376304,73.53070498320186,91.08526054379243,94.72157266281124,-8.914739456207576,4.9903750397870095
2025-02-18,213.25999450683597,217.1000061035156,210.72000122070312,216.8699951171875,1924500.0,1,1.9605069246710016,1.60194369795386,208.7549174454317,203.01258323040594,5.74233421502575,66.77677807168814,98.85793945730545,96.4488722618446,-1.1420605426945445,8.43499755859376
2025-02-19,214.7700042724609,215.88999938964844,210.31500244140625,214.6699981689453,1613900.0,-1,-1.0144312250541576,1.448914346447888,209.6649298644338,203.87609544807552,5.78883441635827,68.37654292051016,87.93441902575596,92.62587300895126,-12.065580974244039,5.369853566402183
2025-02-20,212.6999969482422,212.97000122070312,201.3370056152344,206.97000122070312,2558500.0,-1,-3.5868994335120363,2.296262559327133,209.25032545770597,204.10527365345533,5.145051804250642,54.930919260352105,49.702059633531526,78.83147270553097,-50.297940366468474,0.9658986655352031
2025-02-21,207.3000030517578,207.3000030517578,196.9499969482422,198.55999755859372,1989600.0,1,-4.063392575014468,2.4177942882821655,207.60565962707332,203.69451246124336,3.9111471658299592,45.98205456653163,7.990073840389223,48.54218416655888,-92.00992615961077,-2.7762808047597454
2025-02-24,200.08999633789065,200.97999572753903,190.7550048828125,197.0500030517578,1312000.0,1,-0.7604726658955174,2.4332934088554734,205.98171246164014,203.20232657905925,2.779385882580897,46.99409269894657,23.894469072935237,27.195534182285314,-76.10553092706476,-4.125916303169486
2025-02-25,194.5399932861328,195.6100006103516,189.0200042724609,193.0399932861328,1491400.0,-1,-2.03502141767119,1.4881525568538123,203.9906787423313,202.44956114995358,1.5411175923777307,39.16919846070227,14.316199257601374,15.400247390308598,-85.68380074239863,-9.170472688612573
2025-02-26,194.8000030517578,198.1999969482422,194.3350067138672,195.82000732421875,1018600.0,1,1.4401233603263064,2.233282374446671,202.733652370314,201.95848308878806,0.7751692815259332,40.98683281055918,24.216533505483863,20.809067278673478,-75.78346649451613,-6.4136865879521165
2025-02-27,197.8000030517578,199.9900054931641,191.6699981689453,192.02999877929688,1188200.0,1,-1.9354552155882443,2.0145611345446888,201.08693643323443,201.2230398066035,-0.13610337336908174,38.682750578857245,10.71935295783031,16.417361906971834,-89.28064704216969,-9.050867038739074
2025-02-28,191.72999572753903,196.50900268554688,191.0,196.22999572753903,2542800.0,-1,2.1871566812169174,1.9416236898928292,200.33971478620435,200.85318468963575,-0.5134699034313996,41.81337803513548,25.676606071671745,20.204164178328625,-74.32339392832826,-8.662260718475645
2025-03-03,198.3999938964844,199.6999969482422,187.3999938964844,188.7899932861328,1812800.0,1,-3.7914705210188693,2.534810791173863,198.5628345554241,199.95961495604294,-1.3967804006188373,29.26275051109205,4.680130701492911,13.692029910331641,-95.31986929850709,-11.241186650288281
2025-03-04,187.1499938964844,196.7539978027344,183.8350067138672,193.82000732421875,2558600.0,-1,2.6643435653193714,2.829036723938758,197.83316882754636,199.50482920553745,-1.6716603779910884,36.927779495332175,30.016536280048005,20.12442435107087,-69.983463719952,-10.628481722662231
2025-03-05,191.4199981689453,197.30999755859372,189.55999755859372,196.4499969482422,3504700.0,-1,1.356923704797941,2.8195075110752383,197.62037315380724,199.27854533462667,-1.6581721808194345,37.69888039219495,37.922712959076755,24.206459980205878,-62.07728704092325,-8.487446488150606
2025-03-06,200.7100067138672,211.22000122070312,199.1199951171875,202.16000366210935,6523500.0,1,2.9065954708930475,2.7784498504270614,198.3187778473922,199.49198669221798,-1.1732088448257798,39.72781419689657,55.08792209370861,41.00905711094445,-44.912077906291394,-2.324007117081972
2025-03-07,204.9250030517578,209.13999938964844,198.0,208.75999450683597,4346500.0,1,3.264736211500008,2.925197771487509,199.92511887192202,200.1785057895971,-0.2533869176750727,47.02326906875309,74.92856831593713,55.97973445624083,-25.07143168406287,5.136984827587088
2025-03-10,203.47000122070312,204.6000061035156,192.7400054931641,194.69000244140625,3057300.0,-1,-6.739793272493588,4.215661522227419,199.11971634415036,199.7719499860274,-0.6522336418770465,35.42324678398229,33.86366622301686,54.62671887755419,-66.13633377698315,-1.1976658583109367
2025-03-11,196.40499877929688,204.4149932861328,195.1999969482422,199.3600006103516,2431700.0,1,2.398684118539074,4.186136653789881,199.15668315433516,199.74143521745884,-0.5847520631236875,40.25461872073297,53.28641435934294,54.02621629943229,-46.71358564065706,3.2739367716672962
2025-03-12,202.94000244140625,203.97000122070312,195.16000366210935,197.7899932861328,2217000.0,1,-0.7875237356601672,4.203809227900111,198.9464231746117,199.59688396328653,-0.6504607886748204,43.66196886340188,50.958515141502524,46.036198574620755,-49.041484858497476,1.006018735691483
2025-03-13,196.17999267578125,196.4949951171875,186.6699981689453,189.5800018310547,2491900.0,-1,-4.150862901947294,4.255919151339745,197.50543527560296,198.85489269423232,-1.3494574186293562,43.78289000384747,20.978624318341254,41.741184606395564,-79.02137568165875,-1.2758407352061685
2025-03-14,192.7700042724609,198.0,192.0,197.80999755859372,1581000.0,1,4.341172933880033,4.555127090268269,197.5522910114477,198.7774930545554,-1.2252020431077142,50.481374674706984,51.031563439744524,40.98956763319608,-48.968436560255476,0.8051785483644824
2025-03-17,197.7100067138672,204.4600067138672,196.66000366210935,202.6499938964844,1850800.0,-1,2.446790555394962,3.347632154790469,198.33655299376105,199.06434496877236,-0.7277919750113142,56.023567817251106,68.7054626865839,46.905216814889876,-31.2945373134161,7.341491129429278
2025-03-18,199.6999969482422,202.927001953125,196.75,201.58999633789065,1611400.0,-1,-0.5230681423732064,3.2635907425415605,198.83708273901175,199.25143025537372,-0.4143475163619712,53.69634203465673,64.83473867263841,61.5239215996556,-35.165261327361584,4.0088683933823255
2025-03-19,199.5659942626953,206.6699981689453,199.5659942626953,203.9499969482422,1925100.0,-1,1.1706933147594745,3.2229050463078854,199.6236849250472,199.59947223262324,0.024212692423958515,57.77864872254906,73.45259912085733,68.99760016002654,-26.54740087914268,3.8177653939979406
2025-03-20,202.6100006103516,205.38999938964844,200.8999938964844,203.5500030517578,952300.0,-1,-0.1961235118752569,2.00207285603745,200.22773386761804,199.89210414515173,0.33562972246630807,55.02609836285421,71.99196747316965,70.09310175555511,-28.008032526830345,0.6875738842841095
2025-03-21,200.52999877929688,206.5,197.22999572753903,205.1999969482422,1826400.0,-1,0.8106086326438611,1.180600358621668,200.99269741848332,200.2852813898251,0.7074160286582298,62.24079623463078,78.01714266928846,74.48723642110512,-21.982857330711543,-1.7053064055705391
2025-03-24,208.0,210.17999267578125,206.6000061035156,209.8699951171875,1573800.0,1,2.275827601558511,1.119783937715326,202.35843552597626,200.99526018444453,1.3631753415317291,62.03689759553169,94.50099415193775,81.50336809813194,-5.499005848062258,7.7970067725227965
2025-03-25,211.67999267578125,216.38999938964844,211.1999969482422,215.72999572753903,2311600.0,1,2.7922050539332277,1.1883363905119493,204.41559863390898,202.0867220765256,2.3288765573833814,63.79113653807361,97.7792609858655,90.0991326023639,-2.220739014134498,8.21127360908398
2025-03-26,215.25,216.0,209.6300048828125,211.5500030517578,1675700.0,-1,-1.937603837465618,1.9118566677197861,205.51319931357804,202.78770585246872,2.7254934611093233,56.86705159224255,83.71468324665123,91.99831279481816,-16.28531675334877,6.956878625158303
2025-03-27,210.3500061035156,212.0,205.1199951171875,209.4499969482422,1624800.0,-1,-0.9926759977412214,2.0392421329118955,206.11886048814173,203.28120889660008,2.8376515915416576,50.54016191000867,76.64871414415755,86.04755279222475,-23.35128585584244,10.481060726486735
2025-03-28,208.5200042724609,209.88299560546875,203.5039978027344,207.13999938964844,2428400.0,-1,-1.102887367988159,2.163197046519057,206.2759587806812,203.56704522941848,2.708913551262725,61.94588763539584,68.87617893650557,76.41319210910477,-31.123821063494425,4.716648271678503
2025-03-31,202.32000732421875,203.4949951171875,192.20599365234372,198.4199981689453,3491000.0,-1,-4.20971383914125,2.526469905741886,205.06734945579876,203.18578248419826,1.8815669716005061,49.163102839288115,39.535664594168594,61.686852558277224,-60.464335405831406,-2.087340663676418
2025-04-01,200.0,201.6699981689453,195.7169952392578,201.07000732421875,1911000.0,1,1.3355554781414147,1.9949464006970017,204.452373743248,203.02905839827386,1.423315344974128,52.86514279529729,48.45224954177427,52.28803102414946,-51.54775045822573,-0.25794385788883156
2025-04-02,198.0399932861328,208.16000366210935,198.0,207.0399932861328,1717400.0,-1,2.9691081436564737,2.7259070716269056,204.85046905753796,203.3261646862634,1.5243043712745532,65.87272831183878,61.664590662171406,49.884168266038074,-38.335409337828594,1.5150754518887366
2025-04-03,202.82000732421875,202.82000732421875,188.66000366210935,192.2100067138672,3898100.0,-1,-7.162860825526751,4.1076620062249125,202.90578254312706,202.50274557719703,0.4030369659300277,45.454549958323184,12.802032451206898,40.97295755171751,-87.1979675487931,-5.5711108660642665
2025-04-04,184.57000732421875,186.33999633789065,172.85000610351562,174.6699981689453,5710500.0,-1,-9.125439848213912,5.254909780963409,198.56181571632985,200.4410605839932,-1.8792448676633455,31.170924582328965,4.180046729610641,26.215556614329632,-95.81995327038936,-14.878167267710774
2025-04-07,166.8800048828125,186.2350006103516,164.77999877929688,180.05499267578125,5738300.0,-1,3.0829533195663172,5.891513095610995,195.71461217163005,198.9309814796812,-3.2163693080511564,36.305238778551136,29.59696515372764,15.526348111515047,-70.40303484627236,-14.206414987887195
2025-04-08,186.5800018310547,189.21499633789065,174.7899932861328,177.0399932861328,2975300.0,1,-1.6744880799153594,5.6420576339876325,192.84159388155356,197.3094267986776,-4.467832917124042,33.028497455199414,23.755075299063098,19.17736239413378,-76.2449247009369,-17.934456592800665
2025-04-09,177.75,203.16000366210935,177.27499389648438,202.1199951171875,4509500.0,1,14.166291675418385,9.320283391930205,194.26904022549724,197.66576519264132,-3.396724967144081,49.31223150153945,72.35031175411619,41.90078406896897,-27.64968824588381,-4.457578727740863
2025-04-10,195.6300048828125,198.8300018310547,189.26800537109372,195.3600006103516,3911100.0,-1,-3.344545156413903,8.73962305160984,194.43688028470558,197.4949678161754,-3.0580875314698233,45.489136137190634,59.25208577680427,51.785824276661174,-40.74791422319573,-6.7271408656894955
2025-04-11,195.1750030517578,199.13999938964844,190.75999450683597,198.0800018310547,2313800.0,-1,1.3923020127995178,6.873904317068885,194.99736052260545,197.53830366912942,-2.540943146523972,44.49682808859842,64.52238453389737,65.37492735493926,-35.477615466102634,-4.37385226672281
2025-04-14,202.0,202.4750061035156,196.2899932861328,199.44000244140625,1745900.0,1,0.6865915780390308,6.926007642866278,195.68084389472864,197.67917024485362,-1.9983263501249837,42.062952405267104,67.66888488104877,63.81445173058345,-32.331115118951224,0.5140632405371104
2025-04-15,199.67999267578125,205.0,199.2749938964844,204.63999938964844,1771200.0,1,2.6072988791553398,6.576064327052792,197.0591755093317,198.19478721854213,-1.1356117092104228,46.666342763337084,84.41338326962041,72.2015508948555,-15.586616730379596,1.7754970584315855
2025-04-16,203.1199951171875,206.7949981689453,199.3999938964844,202.8699951171875,1664800.0,-1,-0.8649356322029345,2.296549884110836,197.95314775669414,198.5410989147381,-0.5879511580439498,46.81540849946156,84.45114297990101,78.8444703768567,-15.548857020098989,-2.014102735785117
2025-04-17,202.8699951171875,203.0,199.1000061035156,201.08999633789065,1785100.0,0,-0.8774085976926416,1.4993858191054044,198.435739846109,198.7299061312679,-0.29416628515892285,47.05681843656327,83.70215184779777,84.18889269910638,-16.29784815220224,4.619941373417991
2025-04-21,198.8800048828125,199.2899932861328,191.4600067138672,193.6999969482422,1581700.0,-1,-3.6749711692425913,2.312520342255845,197.70716401566796,198.3573202658586,-0.6501562501906335,47.67372988042943,66.6666549417648,78.27331658982119,-33.3333450582352,10.894829666678408
2025-04-22,196.9499969482422,198.6929931640625,194.3500061035156,196.5200042724609,1445700.0,1,1.4558633808199106,2.427662047831178,197.52452405517457,198.22122278486617,-0.6966987296916045,47.76126552175172,73.16736265684399,74.5120564821355,-26.832637343156005,9.144434904022702
2025-04-23,202.0,207.22999572753903,199.52999877929688,200.58999633789065,2186000.0,1,2.071031944303736,2.2758155942768536,197.99613517559243,198.39668749249762,-0.4005523169051912,46.765945719895306,84.35806862896997,74.7306954091929,-15.64193137103003,13.302080854519826
2025-04-24,202.2400054931641,212.35499572753903,201.69700622558597,210.13999938964844,2642900.0,1,4.760956790522575,3.1843338890431276,199.8644219777549,199.26656244784212,0.5978595299127676,59.49279553804842,95.34420077777338,84.2898773545291,-4.65579922222662,3.967942047401607
2025-04-25,209.8999938964844,217.1499938964844,209.375,215.5800018310547,2885000.0,-1,2.5887515262238203,3.118884679027576,202.28220349364716,200.4749653651171,1.8072381285300594,74.84212137575949,97.00211531065342,92.23479490579892,-2.997884689346579,10.350123442634596
2025-04-28,219.33999633789065,221.5,216.42999267578125,219.8600006103516,2910800.0,1,1.9853412853438224,1.2877024191211797,204.98647997314015,201.91089390180113,3.0755860713390177,74.49991237489947,96.4889763349969,96.27843080780788,-3.5110236650030897,10.995556632654612
2025-04-29,220.7400054931641,224.6999969482422,219.8800048828125,223.8500061035156,2386600.0,1,1.814793724227859,1.2180173476386955,207.88856091627483,203.53601332415036,4.352547592124466,78.46977800421887,98.20771578275084,97.23293580946704,-1.7922842172491666,12.239271642247807
2025-04-30,218.9199981689453,226.6000061035156,217.75999450683597,226.1699981689453,2247000.0,-1,1.036404736284391,1.4121443548087436,210.701089724378,205.21260479413516,5.488484930242834,70.22708518614057,98.84815191756697,97.8482813451049,-1.1518480824330246,10.52091421203647
2025-05-01,228.5,230.7899932861328,226.5449981689453,227.05999755859372,3165000.0,1,0.39350904048007784,0.8571678980964319,213.21784477579578,206.83093018409505,6.38691459170073,79.58192969850649,90.68199889761624,95.91262219931133,-9.318001102383773,11.923893638106954
2025-05-02,230.9199981689453,231.92999267578125,228.8300018310547,230.47000122070312,1748100.0,1,1.5018073191115144,0.6434066214234099,215.87202269039693,208.58197248310304,7.290050207293888,79.84153016373043,96.39240928708968,95.30752003409096,-3.6075907129103277,14.610376158864401
2025-05-05,228.66000366210935,235.6699981689453,227.94000244140625,232.97999572753903,2214500.0,-1,1.0890764496643834,0.5369236554717147,218.50401854226496,210.38923346417238,8.11478507809258,80.25982893746016,93.91539705647853,93.66326841372813,-6.08460294352148,20.278781310354233
2025-05-06,229.6000061035156,235.0,228.67999267578125,233.1000061035156,1992700.0,-1,0.051511021623040776,0.5823252637900879,220.74955509014967,212.07151291893854,8.678042171211132,78.26777925866065,94.18685238145524,94.83155290834112,-5.81314761854476,18.613882065837494
2025-05-07,232.5,235.0,230.0500030517578,233.5399932861328,1657500.0,-1,0.1887546851551125,0.6234900378916001,222.7173148126086,213.66177072391588,9.055544088692727,81.28953438738648,95.18207352521928,94.42810765438435,-4.817926474780713,16.4265404804826
2025-05-08,233.94000244140625,234.5399932861328,230.6450042724609,233.1499938964844,2185300.0,1,-0.16699469078539364,0.7225194697681803,224.32234236397412,215.1053428107728,9.216999553201305,83.66232764167412,94.2999213763217,94.5562824276654,-5.700078623678295,10.949840379589082
2025-05-09,233.33999633789065,235.0,227.69000244140625,233.05999755859372,2579600.0,1,-0.038600188825499426,0.5002961229663515,225.6665970093002,216.43531723653734,9.23127977276286,98.80953417163333,93.6834435829061,94.38847949481567,-6.3165564170939,8.108356795189998
2025-05-12,237.25999450683597,241.7400054931641,236.6199951171875,241.47999572753903,2553400.0,1,3.612802822083805,1.6170335760819037,228.09942758133695,218.29047860624115,9.808948975095802,98.95471274787228,99.38400918202262,95.78912471375013,-0.615990817977378,9.833528180282158
2025-05-13,240.0200042724609,247.27999877929688,240.0200042724609,245.0,2870700.0,-1,1.4576794495360978,1.5917222977435146,230.69951564574666,220.26896167244553,10.43055397330113,98.94204148292435,94.99813713061877,96.02186329851581,-5.001862869381226,9.448288282245553
2025-05-14,244.22000122070312,247.0,243.47000122070312,244.4499969482422,2692900.0,-1,-0.22449104153380306,1.6545612243139052,232.81497430766905,222.0601494706527,10.754824837016344,97.16799857690893,92.53396142410539,95.63870257891558,-7.466038575894615,8.082415407565247
2025-05-15,243.42999267578125,246.5,241.5800018310547,245.9199981689453,3097700.0,-1,0.6013504761934518,1.5604314504212122,234.83113182478849,223.82754567052623,11.003586154262251,96.82099082306104,95.59157101691277,94.37455652387898,-4.408428983087231,8.306174937522703
2025-05-16,247.7700042724609,253.58999633789065,246.67999267578125,251.5,3083700.0,1,2.269031340518013,1.485699570622175,237.39557308251335,225.8773571023391,11.518215980174261,96.94362352353083,94.16690976532632,94.09748073544814,-5.833090234673684,9.12483128733015
2025-05-19,248.47999572753903,253.72000122070312,247.3000030517578,252.57000732421875,2046900.0,-1,0.42545022831759205,0.970045600575039,239.7301014273911,227.85459045210797,11.875510975283134,96.65367504825993,96.80201979483807,95.52016685902571,-3.197980205161936,8.408452208742201
2025-05-20,250.7899932861328,252.27999877929688,248.9499969482422,251.9499969482422,1985100.0,-1,-0.24548060260404236,1.0252674125764922,241.61008535367588,229.63943537774753,11.970649975928353,94.3259691004455,93.48664554300227,94.81852503438887,-6.5133544569977335,8.086653947300038
2025-05-21,249.60499572753903,253.94000244140625,247.7100067138672,248.72000122070312,2566700.0,-1,-1.2819987166749591,1.3009132061290603,242.70391856398777,231.05281062537387,11.651107938613904,84.46848250387778,80.1142810639881,90.13431546727615,-19.885718936011905,6.499960765166168
2025-05-22,249.1000061035156,254.58999633789065,247.6999969482422,252.82000732421875,2173300.0,1,1.6484424587460023,1.4287502682006872,244.26023991171562,232.66519556602904,11.595044345686574,84.80223459651899,93.42011369785766,89.00701343494933,-6.579886302142342,8.436634759882345
2025-05-23,249.8999938964844,255.86700439453125,248.6100006103516,254.1000061035156,2004000.0,-1,0.5062885619077528,1.076666581368858,245.77405009506944,234.25295930954655,11.521090785522887,84.19688568713666,93.72893434881676,89.08777637022082,-6.271065651183243,9.02772194513226
2025-05-27,257.70001220703125,259.3999938964844,256.1400146484375,257.29998779296875,1758700.0,1,1.259339477602972,1.1780877246682586,247.54727127936167,235.96014660461486,11.587124674746804,85.63013512748456,93.3774624112069,93.50883681929376,-6.6225375887930875,6.5512640157900925
2025-05-28,256.0,256.0,252.5,253.6499938964844,2223400.0,-1,-1.4185752311116517,1.4242267637158001,248.48615168199592,237.27050566327188,11.215646018724044,77.05138767958431,81.86691406667298,89.65777027556554,-18.13308593332702,3.530609753667102
2025-05-29,255.0,255.16000366210935,248.7400054931641,251.1100006103516,4203600.0,1,-1.0013772313234859,1.3580394397321247,248.8898207478968,238.29565343712966,10.594167310767148,72.83826340043655,73.85684162710425,83.03373936832803,-26.14315837289575,2.724485066579696
2025-05-30,262.8299865722656,276.489990234375,262.6099853515625,275.70001220703125,9946300.0,1,9.792525800211394,4.583928248209723,253.01446558776365,241.0663466793446,11.948118908419048,83.4064632990541,98.01861518913705,84.58079029430473,-1.9813848108629426,12.109634946250814
2025-06-02,276.6199951171875,293.5299987792969,276.3500061035156,293.17999267578125,5827300.0,1,6.3402175171554775,4.8954067844091265,259.1937774474587,244.92661675315472,14.267160694303954,85.46926750055434,99.34590517763759,90.40712066462629,-0.6540948223624118,16.572561700111834
2025-06-03,292.7200012207031,298.0,290.2200012207031,295.0299987792969,4123600.0,-1,0.6310137627847823,4.958736329574455,264.7070422677415,248.6379783847208,16.069063883020675,85.12849654732628,94.7359069175974,97.36680909479067,-5.264093082402602,16.811177188023407
2025-06-04,295.4800109863281,303.4200134277344,294.125,296.8500061035156,3231500.0,1,0.6168889034163128,4.5884996836764484,269.65211362709135,252.20923969722412,17.442873929867233,86.14791131628328,89.37579868666857,94.48587026063451,-10.624201313331426,17.82100007903442
2025-06-05,299.3099975585937,303.7269897460937,298.3299865722656,300.8800048828125,2503900.0,1,1.3575875682790395,4.13791658559793,274.45640458951,255.81448156282326,18.641923026686726,86.62047683313405,95.00940450945703,93.04037003790766,-4.990595490542971,20.971374801427768
2025-06-06,302.6300048828125,306.7749938964844,302.1019897460937,303.0299987792969,3016200.0,1,0.7145685527762957,2.4832716836601483,278.8523421571695,259.311927282562,19.540414874607507,85.97961829367456,93.70324389462338,92.69614903024966,-6.296756105376611,19.859975476817525
2025-06-09,303.6050109863281,305.5,299.5899963378906,299.8999938964844,2294100.0,1,-1.0329026483916315,0.8878420116340409,282.0904424247564,262.31845073544514,19.771991689311278,82.12297919899522,88.36225077417534,92.35829972608524,-11.637749225824665,18.024394605606876
2025-06-10,300.0,303.9599914550781,296.2049865722656,297.9700012207031,1637000.0,1,-0.6435454201600965,1.0012707190311305,284.5334514702867,264.95930632694575,19.574145143340957,80.6882006037176,85.09522957149599,89.05357474676491,-14.904770428504014,15.806457581513245
2025-06-11,297.3999938964844,302.9800109863281,296.2200012207031,299.8599853515625,2007400.0,-1,0.6342867144734754,1.0030992726524461,286.89137975971374,267.5445418102507,19.346837949463065,84.72298774074467,88.29452576869302,87.2506687047881,-11.705474231306981,18.21801402208454
2025-06-12,300.1000061035156,306.489990234375,300.1000061035156,301.42999267578125,1827400.0,1,0.5235801377026172,0.8155397591516474,289.12808943910875,270.0545752076974,19.073514231411366,84.17945171322988,90.81062178687222,88.06679237568706,-9.189378213127785,20.039023512851408
2025-06-13,301.95001220703125,305.6099853515625,300.5,301.95001220703125,2066600.0,1,0.17251751447617814,0.735408842288449,291.10069294186604,272.417200170611,18.683492771255032,84.00854492484044,91.68608141019793,90.26374298858771,-8.313918589802078,9.521218294429424
2025-06-16,304.0599975585937,309.1849975585937,303.54998779296875,305.0199890136719,2567400.0,1,1.0167169009868138,0.6272283374139843,293.2421231067592,274.8322215663933,18.409901540365922,83.97893842939149,93.10942329115812,91.86870882940941,-6.890576708841886,4.038473508996954
2025-06-17,303.135009765625,307.989990234375,299.5199890136719,307.3099975585937,2885300.0,-1,0.7507732697541902,0.3099300400892375,295.4064114839645,277.23798275100074,18.168428732963775,88.96312451139067,96.89800604495014,93.89783691543539,-3.10199395504987,4.162288184288387
2025-06-18,306.32501220703125,308.6600036621094,302.385009765625,305.4100036621094,2019900.0,-1,-0.6182662170377551,0.632946080252967,296.94542566521756,279.3247991147866,17.620626550430984,89.79772370671006,91.89480857309485,93.96741263640104,-8.105191426905147,2.883610369746381
2025-06-20,305.489990234375,308.3999938964844,300.260009765625,302.94000244140625,3365500.0,1,-0.8087492849238265,0.8079035179260626,297.86766824616967,281.0740734352769,16.793594810892785,79.54447360128803,80.98067080135746,89.9244951398008,-19.01932919864253,0.6846575130162291
2025-06-23,302.4599914550781,311.71099853515625,298.42999267578125,310.4599914550781,3054900.0,-1,2.4823360906674585,1.3418310838761394,299.8049487398479,283.2508081034103,16.55414063643758,73.90703703234584,94.17892496205005,89.01813477883411,-5.82107503794995,2.451900044784905
2025-06-24,311.8800048828125,314.6400146484375,306.3500061035156,308.4599914550781,2257100.0,1,-0.6442053904035405,1.4059680929155955,301.1364937729602,285.1181550183486,16.01833875461159,68.50372114535598,69.87560916106844,81.67840164149197,-30.124390838931564,2.85428400560368
2025-06-25,310.92999267578125,316.44000244140625,310.9129943847656,311.9800109863281,2047200.0,1,1.1411591871753668,1.4520377672397786,302.8047271904014,287.1079221270878,15.696805063313604,69.91314658080941,77.95904147582198,80.67119186631348,-22.040958524178016,4.70181887714527
2025-06-26,314.3299865722656,317.17999267578125,311.6619873046875,313.8500061035156,1878600.0,1,0.5993958110570796,1.3562889201475794,304.50400086934206,289.0888172364529,15.415183632889182,68.09936656624743,84.12402572932989,77.3195587887401,-15.875974270670106,4.665517720062229
2025-06-27,314.7049865722656,317.260009765625,312.54998779296875,315.32000732421875,2548900.0,1,0.46837699286781387,1.1382164120592462,306.16800186240005,291.0318683540651,15.136133508334922,67.48223425175493,90.78603512525166,84.28970077680117,-9.213964874748344,4.608040004624758
2025-06-30,306.5849914550781,314.3299865722656,306.1099853515625,313.94000244140625,2523100.0,-1,-0.43765217897941966,0.7472244141835518,307.36369425917025,292.7287671753497,14.634927083820571,71.01798070448113,84.23175650898423,86.38060578785525,-15.768243491015768,3.970852707286565
2025-07-01,314.5,316.82000732421875,301.8500061035156,307.32000732421875,4228500.0,1,-2.1086816161387523,1.2743828142253149,307.3569731922546,293.80959977896964,13.547373413284959,62.27357180685075,52.75666157557086,75.92481773660224,-47.24333842442914,0.7540549450494538
2025-07-02,307.0799865722656,312.4549865722656,305.5299987792969,309.3299865722656,1632800.0,-1,0.6540346219393367,1.173512087042972,307.66051371225626,294.95925805995455,12.701255652301711,62.39204833614872,57.88626661610121,64.95822823355208,-42.11373338389879,0.6573131462430881
2025-07-03,310.489990234375,316.45001220703125,308.1050109863281,314.7699890136719,1367900.0,1,1.7586405061105648,1.4453049021190711,308.75427914324325,296.4267196120818,12.327559531161455,65.8507611628884,86.77632240017374,65.80641686394858,-13.223677599826262,3.064727821397084
2025-07-07,312.8599853515625,316.0150146484375,309.677001953125,315.45001220703125,1733400.0,-1,0.21603812850463644,1.4321287042606767,309.78439192228757,297.83585239689285,11.948539525394722,65.9801173308673,90.38770092476443,78.35009664701312,-9.612299075235567,4.129533790455642
2025-07-08,316.7799987792969,318.4599914550781,307.1600036621094,312.44000244140625,1815300.0,1,-0.9541954823731325,1.490518174820924,310.19294738676734,298.91764128907903,11.275306097688315,58.79564882375713,69.94513539414605,82.36971957302806,-30.05486460585395,0.6377668752254095
2025-07-09,315.0,317.2799987792969,311.5,316.5,1681500.0,1,1.2994487027489843,1.048500216722912,311.1632631734185,300.22003823062875,10.943224942789755,60.455062444710855,90.21472004729235,83.5158521220676,-9.785279952707654,2.606499632900605
2025-07-10,315.94000244140625,316.0,296.0599975585937,296.17999267578125,3561200.0,-1,-6.420223483165477,3.3013382187732505,308.85814463532046,299.9207755969363,8.937369038384134,42.60060350112857,0.5356926334091077,53.565182691615824,-99.46430736659089,-5.064432897670256
2025-07-11,297.3900146484375,298.70001220703125,289.0,289.739990234375,2273500.0,1,-2.174354311790372,2.9868912118068565,305.9168901120981,299.1666433478577,6.750246764240387,40.051245957595576,2.5118480957585114,31.087420258819975,-97.48815190424149,-7.682018607700314
2025-07-14,288.20001220703125,295.0,286.70001220703125,291.1400146484375,1780600.0,-1,0.4832002696383064,3.029731314541988,303.6435246561503,298.5720782590118,5.071446397138516,33.95885350918846,13.979865687976778,5.675802139048119,-86.02013431202322,-7.6683978542848585
2025-07-15,291.6000061035156,292.1700134277344,287.3299865722656,288.8999938964844,1534800.0,1,-0.7693963863600217,3.039975661632913,301.3752891546632,297.8556275654912,3.519661589172017,33.824040105877586,6.9268990142316165,7.806204265988954,-93.07310098576838,-7.97604903809458
2025-07-16,289.82501220703125,291.6499938964844,284.5400085449219,287.760009765625,1666100.0,1,-0.39459472306802024,2.7258829707225933,299.28063078711887,297.10780402476036,2.172826762358511,29.14946507584463,9.492932909877732,10.133232537362028,-90.50706709012226,-6.364700342453855
2025-07-17,287.5899963378906,289.04998779296875,285.5400085449219,286.2900085449219,2163300.0,-1,-0.5108427755129763,0.962283789329226,297.28207351908856,296.30648584106865,0.975587678019906,26.109594404410444,5.159200712557018,7.193010878888775,-94.84079928744298,-7.448349344547345
2025-07-18,286.635009765625,289.6700134277344,284.6099853515625,288.7200012207031,1819100.0,1,0.848787105121751,0.6962487774857273,295.9648316270293,295.7445240173379,0.22030760969141738,27.31924828143596,12.323097823642138,8.99174381535895,-87.67690217635786,-8.27588038954924
2025-07-21,290.2149963378906,293.6499938964844,285.79998779296875,288.42999267578125,1348300.0,1,-0.10044629526728688,0.6259966574447208,294.80562563452963,295.20270688092626,-0.397081246396624,27.836674090571634,11.468119371294389,9.650139302497834,-88.53188062870561,-8.565547150309394
2025-07-22,288.489990234375,289.239990234375,283.4700012207031,285.7099914550781,1160100.0,1,-0.9430368858208915,0.669786185373759,293.40629729922944,294.4995427753079,-1.0932454760784367,29.860210864019166,6.4018029709947735,10.064340055310419,-93.59819702900522,-8.555246056029898
2025-07-23,285.07501220703125,286.3099975585937,280.0,283.3699951171875,1249100.0,-1,-0.8190110279214902,0.7222770441920218,291.8622508096845,293.6751318376693,-1.8128810279848153,25.954097055719103,8.762339744988521,8.877420695759215,-91.23766025501148,-10.467616076718011
2025-07-24,283.6000061035156,286.3349914550781,281.19000244140625,284.29998779296875,1036700.0,1,0.32819024307659816,0.7590040846874392,290.69882573018975,292.98067672324703,-2.281850993057276,19.203595233909198,11.180417962367994,8.781520226117083,-88.819582037632,-4.011076094467048
2025-07-25,284.2449951171875,289.3099975585937,283.989990234375,286.1849975585937,1005400.0,-1,0.6630354718824893,0.7010153716197365,290.0043906268673,292.47729308142084,-2.472902454553548,21.12482836701747,16.081640490788637,12.008132732715035,-83.91835950921136,-1.2269596174506736
2025-07-28,288.1099853515625,290.0,285.6499938964844,289.0400085449219,1166600.0,1,0.9976102907852891,0.8792556836675371,289.85602415272183,292.2226794120506,-2.366655259328752,26.840884090704535,24.248950753566454,17.170336402241016,-75.75104924643354,-0.7213045262951745
2025-07-29,290.8399963378906,293.6340026855469,286.54998779296875,290.07000732421875,1963100.0,1,0.3563516291333002,0.6845571022976449,289.88894464064447,292.06322222035936,-2.1742775797148965,22.173126824208907,27.972242567274307,22.767611270543117,-72.02775743272569,0.4049890801152367
2025-07-30,290.760009765625,290.8599853515625,283.3999938964844,287.7300109863281,1056900.0,1,-0.8067005477319644,0.6795062396218059,289.55680100151886,291.74224361043116,-2.1854426089122967,35.68286995144702,41.336930162118406,31.186041160986377,-58.663069837881594,-0.010424929899499613
2025-07-31,291.1000061035156,292.0,282.25,285.5599975585937,1779900.0,1,-0.7541839032694897,0.8276140621614995,288.94190816414573,291.2842994584432,-2.3423912942974425,41.7195241975851,37.06665039062462,35.45860770667243,-62.93334960937538,-0.2549900326729859
2025-08-01,281.45001220703125,283.69500732421875,274.29998779296875,280.2699890136719,3244100.0,-1,-1.8525033583656536,1.1096501254289821,287.6077667563805,290.46842461068235,-2.8606578543018486,31.342237513003738,30.852709755055113,36.418763435932696,-69.14729024494488,-2.9267152158855447
2025-08-04,281.94000244140625,286.17999267578125,278.1099853515625,285.8599853515625,2271400.0,1,1.9945040700086958,1.4603566258137983,287.3388773094854,290.1270587396364,-2.7881814301510417,45.32018547314914,59.7415706059827,42.553643583887464,-40.2584293940173,-0.8910333146621263
2025-08-05,286.3500061035156,287.1199951171875,281.67999267578125,281.9599914550781,999800.0,1,-1.3643021396254507,1.4951145367906196,286.51135640880733,289.5220907926321,-3.010734383824797,41.77069396273637,39.586569746443956,43.39361670249391,-60.413430253556044,-1.3125197270497324
2025-08-06,283.3500061035156,289.44000244140625,282.1099853515625,289.32000732421875,996500.0,1,2.6103050404983508,2.03551441814224,286.94345654963985,289.5071216468237,-2.5636650971838435,53.68343808824937,77.62281547043581,58.98365194095414,-22.37718452956419,2.099732614446581
2025-08-07,291.07000732421875,291.07000732421875,265.8800048828125,272.5,3192400.0,1,-5.813634348961516,3.3899089505112676,284.7213863112337,288.24733485817006,-3.5259485469363767,35.39266336536248,23.83866667692345,47.01601729793439,-76.16133332307655,-4.150541083231307
2025-08-08,273.6300048828125,274.8299865722656,268.260009765625,269.69500732421875,1673600.0,1,-1.0293551103784382,3.350947608090745,282.4096356978468,286.8730883741737,-4.463452676326881,33.858900389758176,13.745776260854171,38.402419469404464,-86.25422373914583,-5.762003730121723
2025-08-11,268.8299865722656,276.2300109863281,267.1099853515625,271.17999267578125,1281000.0,-1,0.5506165524886031,3.1121912521466104,280.68199830983673,285.7106368409594,-5.028638531122681,37.209512240070104,19.096304001460233,18.893582313079268,-80.90369599853976,-6.179080868095421
2025-08-12,272.6099853515625,275.6300048828125,269.510009765625,275.42999267578125,1123800.0,1,1.567224763915842,3.2991085337579693,279.87399744305895,284.9491076435388,-5.075110200479855,43.23794969357681,34.40941323425437,22.41716449885624,-65.59058676574563,-5.047062529313473
2025-08-13,279.04998779296875,280.0,274.81298828125,277.7699890136719,1269300.0,1,0.8495793486968273,2.9721653179605236,279.55030383853784,284.4173210783635,-4.867017239825657,44.569198274326105,42.84061782871494,32.115445021476496,-57.15938217128506,-3.4615860676172283
2025-08-14,274.7099914550781,276.82000732421875,269.7200012207031,270.989990234375,1014800.0,-1,-2.4408680013891515,1.6161685866293796,278.2333325148205,283.4227039788088,-5.189371463988266,38.314232176687014,18.41170914504812,31.887246736005796,-81.58829085495188,-5.1022578263011376
2025-08-15,271.4200134277344,275.5599975585937,270.5180053710937,274.9700012207031,877400.0,1,1.468692988580833,1.6431563962805449,277.73128154649476,282.79657784857875,-5.065296302083993,39.36346824308487,32.75202514066302,31.334784038142015,-67.24797485933698,-1.891029364799457
2025-08-18,275.4700012207031,277.3349914550781,273.8999938964844,277.0299987792969,969800.0,1,0.7491717458081304,1.6501197001998231,277.6233918900028,282.3694238434467,-4.746031953443946,40.29328127278766,42.6875803248043,31.28377153683847,-57.3124196751957,-3.088920109404658
2025-08-19,280.3500061035156,282.54998779296875,273.9100036621094,274.9200134277344,1151200.0,1,-0.7616450784607931,1.5791131663157743,277.20748751119226,281.81761566450507,-4.6101281533128144,40.43173207992742,34.60953382404487,36.68304642983738,-65.39046617595514,-2.4968003407197403
2025-08-20,274.260009765625,277.5,270.3599853515625,273.80499267578125,1043600.0,-1,-0.4055800587417835,1.5028477472827313,276.68402676728283,281.2240880357107,-4.5400612684278485,41.079150686454376,31.460845672416426,36.252653273755186,-68.53915432758357,-5.36257923948239
2025-08-21,273.5,273.5,268.7799987792969,270.3500061035156,805900.0,-1,-1.2618420644932349,1.123191870107389,275.7095620497802,280.4186004851777,-4.709038435397531,42.2560618260998,17.745140085240834,27.93850652723403,-82.25485991475917,-0.7889885858658241
2025-08-22,270.3999938964844,276.7900085449219,269.1400146484375,272.5150146484375,882600.0,1,0.8008169025499834,0.91989863583661,275.21809321880437,279.8331496824562,-4.615056463651854,38.99383859536082,26.339853602866885,25.181946453508033,-73.66014639713312,1.0456283014644852
2025-08-25,273.95001220703125,275.4649963378906,269.1300048828125,269.6600036621094,820500.0,1,-1.0476527284235204,0.8129631531485544,274.36300251777436,279.0795833105787,-4.716580792804336,39.67775741451956,15.005948443591551,19.69698071056641,-84.99405155640845,-0.5605092760250785
2025-08-26,269.1000061035156,271.7699890136719,265.8599853515625,267.67999267578125,1246400.0,-1,-0.7342620186303717,0.8111463552678333,273.3348471574677,278.2351691894826,-4.900322032014856,30.036891351815797,7.219380158386214,16.188394068281536,-92.78061984161378,-2.8137821610164315
2025-08-27,269.5599975585937,273.7699890136719,267.510009765625,273.07000732421875,1031500.0,1,2.013603853824808,1.4066228646485401,273.2941025677371,277.85256460687043,-4.558462039133303,50.66636317970613,43.19964600345951,21.80832486847908,-56.80035399654049,-1.6920408522685282
2025-08-28,272.92999267578125,283.6499938964844,272.92999267578125,280.4200134277344,1698900.0,-1,2.691619696918557,1.6434429774553612,274.39039654619825,278.04274600100854,-3.6523494548102917,61.33361368765475,81.84385094254499,44.08762570146356,-18.156149057455018,3.4798418883308146
2025-08-29,282.94000244140625,284.70001220703125,274.6700134277344,277.04998779296875,1494200.0,1,-1.2017778594230366,1.8565876150440863,274.7995644303168,277.96920835596853,-3.1696439256517124,55.965433311747766,59.39483275289544,61.47944323296664,-40.60516724710456,0.7564412710592938
2025-09-02,279.7099914550781,280.9800109863281,268.5400085449219,274.57000732421875,5561400.0,1,-0.8951382703554667,1.8290496916044445,274.7642479524556,277.71741568695006,-2.953167734494457,49.09341726998279,46.23147323236414,62.49005230926817,-53.76852676763586,-0.8879873897837065
2025-09-03,272.5,274.5,260.3999938964844,270.5799865722656,6038300.0,-1,-1.4531888573108498,1.9614954559739046,274.1205154324264,277.1887172340105,-3.0682018015841095,42.67523329619165,41.89294240721973,49.173082797493095,-58.10705759278027,-1.5786507505789804
2025-09-04,269.8699951171875,270.0,262.8999938964844,268.25,2091400.0,-1,-0.8611082444722307,1.7140758456182315,273.2173592120531,276.5265900314912,-3.309230819438085,46.93033140550232,32.304527524197404,40.14298105459375,-67.69547247580259,-2.0288135075604896
2025-09-05,269.6199951171875,274.20001220703125,267.0,274.20001220703125,1621100.0,1,2.218084699732059,1.5047213192087436,273.3685365958959,276.35425093338307,-2.9857143374871953,49.17383272069056,56.7901560162911,43.6625419825694,-43.2098439837089,1.4240821219147604
2025-09-08,275.0,281.760009765625,273.7340087890625,281.6000061035156,1839700.0,1,2.698757683094888,1.9541419353507092,274.63491652014505,276.7428253904299,-2.1079088702848594,54.39930856676843,87.2427828493852,58.779155463291225,-12.75721715061481,3.33375812954686
2025-09-09,281.3500061035156,284.3399963378906,279.0,282.2900085449219,1634400.0,-1,0.24502927075669145,1.8367608179125143,275.8126229854953,277.1537278463182,-1.3411048608228953,57.29412446947703,90.08229692953208,78.03841193173612,-9.917703070467923,4.683677486943227
2025-09-10,284.29998779296875,288.8900146484375,276.3099975585937,278.7900085449219,1836000.0,1,-1.2398596811983964,1.7796183033326027,276.27068230233016,277.2749338239925,-1.0042515216623542,54.71128459794197,64.54896894793163,80.62468290894962,-35.45103105206837,4.150484224869677
2025-09-11,282.04998779296875,292.94000244140625,281.45001220703125,286.6600036621094,1946700.0,1,2.8229114659679144,1.779783332788147,277.86903943460385,277.97012418237153,-0.10108474776768617,64.22712675108505,80.70068491030892,78.4439835959242,-19.29931508969108,4.9767444147592155
2025-09-12,286.8999938964844,288.5299987792969,282.4599914550781,283.19000244140625,1357300.0,1,-1.210493677657687,2.0071795871520544,278.687649127958,278.3567818311889,0.33086729676909954,59.10445772207143,70.03688555723639,71.76217980515896,-29.96311444276361,0.9878000431612355
2025-09-15,284.6700134277344,289.5799865722656,283.6099853515625,285.6600036621094,1268500.0,1,0.8722063630103527,1.6843591008551682,279.760319056289,278.8977612260719,0.8625578302170993,63.73625164403876,77.62754496746136,76.12170514500222,-22.37245503253863,3.1077481496135873
2025-09-16,285.6000061035156,285.6499938964844,277.0719909667969,281.9599914550781,1846000.0,-1,-1.2952503534263693,1.830934445184198,280.09873019456427,279.1245930948872,0.9741370996770797,61.9079271833715,66.25688966501012,71.30710672990261,-33.743110334989886,2.6914753737589114
2025-09-17,281.9599914550781,286.7900085449219,277.0599975585937,279.4599914550781,1297800.0,0,-0.8866506156063325,1.7776643774349863,280.0004626961818,279.1494374178643,0.8510252783174792,55.598370329254884,58.57403980789124,67.48615814678756,-41.42596019210876,3.2818409799280746
2025-09-18,282.45001220703125,291.7300109863281,281.94000244140625,291.1099853515625,2161300.0,1,4.168751969047801,2.3197414839820145,281.70962002777884,280.03540393147154,1.6742160963073047,58.70944065385264,94.37610138510753,73.06901028600295,-5.623898614892462,8.521895750815478
2025-09-19,292.6700134277344,294.6499938964844,289.2449951171875,294.2699890136719,2050000.0,1,1.0855016389400562,2.1604087793439626,283.641984487147,281.0898176412642,2.552166845882823,64.07782880118717,98.89049669251825,83.94687929517232,-1.1095033074817517,7.319466051477441
2025-09-22,293.82000732421875,294.4599914550781,286.510009765625,291.57000732421875,1070700.0,-1,-0.9175185340859482,2.287673918868098,284.86168030823495,281.8661279881497,2.9955523200852667,63.84815790782081,91.00733847513686,94.75797885092088,-8.992661524863138,3.540483311295861
2025-09-23,290.9700012207031,293.57000732421875,287.3299865722656,289.2900085449219,1011300.0,-1,-0.7819730157504035,2.2007109320354488,285.54296157541756,282.41604506642915,3.1269165089884154,65.67791799172082,83.1181563730315,91.00533051356219,-16.881843626968504,2.479719362396793
2025-09-24,289.2900085449219,291.25,283.0799865722656,284.4200134277344,1031200.0,0,-1.683430112807116,2.352854072191199,285.3702003219278,282.5644871672666,2.805713154661248,62.9963154225883,63.00187078865607,79.0424552122748,-36.99812921134393,2.0194428459602953
2025-09-25,281.57000732421875,287.75,279.4200134277344,286.6600036621094,852600.0,-1,0.7875642108933878,1.1863702290795504,285.5686316050327,282.86785875947714,2.700772845555548,60.649570901760995,61.799598759803025,69.30654197383018,-38.200401240196975,0.0
2025-09-26,287.0,296.8800048828125,285.70001220703125,294.6499938964844,1541600.0,1,2.7872706803537595,1.7796789104242832,286.96576426525604,283.74060951036654,3.225154754889502,61.04247363473913,89.15891982351147,71.32012979065685,-10.841080176488536,4.046750011045774
2025-09-29,297.1099853515625,300.8099975585937,293.510009765625,296.8999938964844,1418600.0,1,0.7636178675063832,1.7114323853169575,288.494107285445,284.715378724153,3.7787285612919845,62.04451292104471,84.04080137914563,78.33310665415337,-15.95919862085436,3.934744132983403
2025-09-30,295.8399963378906,300.2099914550781,291.57000732421875,299.6600036621094,1886200.0,-1,0.9296092362289787,1.5890595182419254,290.21193749723955,285.8223879788165,4.389549518423053,67.41779708934203,95.15792043585549,89.45254721283753,-4.842079564144497,6.277490687841514
2025-10-01,298.6099853515625,305.9100036621094,297.135009765625,304.5299987792969,1921100.0,-1,1.625173549246428,0.862303691141196,292.41471615601756,287.2081369270002,5.206579229017336,65.70023154975317,95.2166218687755,91.47178122792553,-4.783378131224491,8.970875291910474
2025-10-02,306.0,307.7900085449219,302.1499938964844,307.5799865722656,1247400.0,1,1.0015393574342557,0.8303530595894649,294.7478346815942,288.71716282664954,6.030671854944671,71.58789301066469,99.31655744363485,96.5636999160886,-0.683442556365141,5.657655885906121
2025-10-03,308.07000732421875,309.7900085449219,301.7099914550781,305.4100036621094,977600.0,1,-0.7055019848134392,0.862620474442328,296.3881683709042,289.9536695552021,6.4344988157021135,67.57431980326217,86.61777142500168,93.71698357913733,-13.382228574998322,3.7856441582019285
2025-10-06,307.3999938964844,311.0,303.7699890136719,305.239990234375,981200.0,1,-0.05566727536615579,0.9282644356940662,297.7499871191305,291.08598960551126,6.663997513619222,72.10408672889571,83.02884693196759,89.65439193353468,-16.971153068032407,4.688405037132504
2025-10-07,305.489990234375,305.5,287.7439880371094,292.75,1782900.0,1,-4.091859072851067,2.2303092073934,296.98075833157196,291.2092496347326,5.771508696839362,60.60656247975437,42.210235085952725,70.61895114764066,-57.789764914047275,1.1960286746442783
2025-10-08,297.29998779296875,315.0,294.9200134277344,313.8900146484375,2129600.0,1,7.2211834836678035,4.126794953166956,299.58218238032055,292.8893063024144,6.692876077906135,65.78877456658158,96.88030980757107,74.03979727516379,-3.1196901924289273,10.361437251036087
2025-10-09,312.5450134277344,316.0400085449219,309.70001220703125,315.2099914550781,1026100.0,-1,0.42052207621801063,4.123442983553402,301.986460699514,294.54269038779694,7.44377031171706,64.893331620064,97.73343200296009,78.94132563216128,-2.2665679970399113,9.959529557050129
2025-10-10,315.44000244140625,319.8900146484375,309.52099609375,309.8800048828125,1511000.0,1,-1.6909319871686979,4.22130460028948,303.20085211232913,295.6787877577981,7.5220643545310395,62.55314323398756,75.26560547642335,89.95978242898484,-24.734394523576658,5.168848227323797
2025-10-13,315.0,319.8900146484375,312.4200134277344,313.0400085449219,1125500.0,1,1.019750746197512,4.2221866444793354,304.7145684865742,296.96480411239986,7.749764374174333,66.08861971616685,83.0738673167833,85.35763493205557,-16.92613268321669,5.436178841440054
2025-10-14,306.6600036621094,307.3290100097656,299.4800109863281,301.79998779296875,1537500.0,-1,-3.5906019822191992,4.087453971767811,304.2661714567887,297.3229658665161,6.943205590272612,60.83810337235003,55.300157376287686,71.2132100564981,-44.699842623712314,0.7141373906116577
2025-10-15,305.79998779296875,306.2049865722656,298.6400146484375,302.3500061035156,1103100.0,1,0.18224596845384244,1.8923490136993455,303.9713767870544,297.695339217405,6.276037569649418,59.994906608189865,48.69842850996753,62.35748440101283,-51.30157149003247,-0.7158548203854198
2025-10-16,303.7799987792969,309.6700134277344,296.2200012207031,299.239990234375,1090900.0,1,-1.02861445555118,1.7793386184507156,303.24347116356523,297.8097578112546,5.433713352310633,53.11777975027912,35.76181385109189,46.58679991244903,-64.23818614890811,-2.7114886214910316
2025-10-17,296.9700012207031,301.1199951171875,295.239990234375,300.25,836800.0,-1,0.3375249961858229,1.8193813970071953,302.78293713840134,297.99051649190244,4.792420646498897,52.31449835351884,38.90375664183504,41.1213330009648,-61.09624335816496,-1.6895332832051357
2025-10-20,301.2699890136719,307.19000244140625,301.2699890136719,305.8999938964844,880700.0,1,1.8817631628590847,2.0405279123420583,303.2624843319526,298.57640370705667,4.686080624895908,54.145621462053754,56.47978233483108,43.71511760925265,-43.52021766516892,0.21622450636387125
2025-10-21,305.739990234375,311.2900085449219,303.7799987792969,310.3699951171875,748500.0,-1,1.46126227848693,1.1483669923227011,304.35594752968103,299.45000307077004,4.905944458910994,53.900611207523156,70.38508165766532,55.25620687811047,-29.61491834233468,6.018785693317685
2025-10-22,308.9800109863281,311.3399963378906,302.5799865722656,307.9200134277344,1171400.0,-1,-0.7893745297537835,1.3016889014277677,304.90426536015076,300.07741124536,4.826854114790763,50.22894344920094,62.76366791631739,63.20951063627126,-37.23633208368261,-1.901940470259822
2025-10-23,308.0,319.2059936523437,307.9949951171875,318.7699890136719,1397100.0,1,3.5236344221853733,1.6278357216120527,307.03745361453866,301.4620466356053,5.5754069789333585,58.054005882746864,96.51581936297242,76.55485631231836,-3.484180637027572,1.1294050490468388
2025-10-24,321.3800048828125,327.3949890136719,321.0,323.0,1063900.0,1,1.3269790545265892,1.542050495430203,309.4932299815327,303.0574505885234,6.435779393009284,60.2069021641523,88.91581825066729,82.73176850998568,-11.084181749332709,4.233895349959438
2025-10-27,325.79998779296875,327.7099914550781,321.739990234375,326.3299865722656,1295800.0,1,1.0309555951286686,1.5336706561723705,312.08350022626087,304.7813421428747,7.302158083386189,71.56987933716005,95.79138210564915,93.74100657309629,-4.208617894350847,4.245456703479689
2025-10-28,327.0950012207031,329.29998779296875,323.79901123046875,328.9800109863281,1086700.0,1,0.8120689250467272,1.5451735388681949,314.68296342011735,306.57383613127865,8.109127288838692,62.712716753197405,99.06054953148436,94.58924996260026,-0.9394504685156414,9.005972263989804
2025-10-29,321.3699951171875,323.0,317.17999267578125,320.9599914550781,1210700.0,-1,-2.4378440219528397,2.1342402239713363,315.64866004088054,307.6394772663749,8.009182774505632,54.35275984046781,75.51380817469747,90.12191327061032,-24.486191825302534,6.1551132713359324
2025-10-30,320.9599914550781,327.8500061035156,319.17999267578125,322.0400085449219,913200.0,0,0.33649586197566084,1.5257053164618337,316.6319444261177,308.70618328700806,7.925761139109625,59.83817803379151,78.68473350428913,84.41969707015699,-21.315266495710873,7.619308599993313
2025-10-31,326.0849914550781,333.2699890136719,324.4200134277344,331.1400146484375,1632000.0,1,2.8257377537133754,1.9003360969148388,318.8639552295515,310.3679485730398,8.496006656511668,63.359893895906076,94.39922578595004,82.86592248831221,-5.600774214049963,10.288098134367196
2025-11-03,331.7300109863281,336.989990234375,329.6099853515625,336.2699890136719,1088000.0,1,1.5491858846115925,1.9491215560173063,321.54180658095464,312.2866182353089,9.255188345645763,77.96526157802973,98.27544617795658,90.45313515606524,-1.7245538220434131,9.928079674125323
2025-11-04,329.2300109863281,335.70001220703125,325.1000061035156,328.29998779296875,1067500.0,-1,-2.3701196898600063,2.348227357265769,322.5815267674183,313.4727937580985,9.108733009319849,68.79071311230156,79.18562289483533,90.62009828624731,-20.81437710516467,5.776973598563018
2025-11-05,327.2099914550781,328.0,317.3999938964844,323.8999938964844,1419100.0,-1,-1.3402357782782093,2.1042382035613723,322.78436786419775,314.2451789535345,8.539188910663256,67.52914767272,68.6467153583458,82.03592814371257,-31.35328464165419,5.189653082585477
2025-11-06,319.8500061035156,322.3699951171875,309.5799865722656,317.9200134277344,1242500.0,-1,-1.8462428470008452,2.287346261785528,322.0360056432034,314.5173889145863,7.518616728617076,61.73152380886773,46.612608748770796,64.81498233398396,-53.387391251229204,-0.2666422860469031
2025-11-07,315.95001220703125,320.6300048828125,313.0,320.010009765625,1503100.0,-1,0.6573969079067377,1.688930041104863,321.7243139697298,314.924249718367,6.800064251362812,59.832767854066795,50.65394169821746,55.30442193511134,-49.34605830178254,-0.9256935710139302
2025-11-10,323.9800109863281,331.6600036621094,321.5799865722656,328.8999938964844,1027900.0,1,2.778033142579006,2.125563443544969,322.82826472769204,315.95949002785716,6.868774699834887,62.163588263646076,76.48940576313005,57.91865207003943,-23.51059423686995,0.7875486256147646
2025-11-11,328.8999938964844,333.260009765625,328.2099914550781,331.2900085449219,1457300.0,0,0.7266691069595099,1.850146232985643,324.1300714688043,317.0950839920842,7.034987476720119,65.35277861980808,80.34149801917256,69.16161516017335,-19.65850198082744,0.7021695791388893
2025-11-12,332.0,333.8999938964844,315.8999938964844,317.0799865722656,1080400.0,1,-4.289299890168408,2.7251374787444966,323.04544302318294,317.09396566469024,5.951477358492696,48.936704563695194,27.362272885675445,61.39772555599268,-72.63772711432456,-1.2088749333592719
2025-11-13,315.29998779296875,316.8500061035156,307.20001220703125,308.6000061035156,1169100.0,-1,-2.6743978894477882,2.8573761336991224,320.8230681124649,316.4647834749736,4.358284637491295,41.39990821397444,4.699546589793865,37.467772498213954,-95.30045341020613,-4.173395256736079
2025-11-14,303.760009765625,307.0,292.17999267578125,299.45001220703125,2170400.0,-1,-2.965001203990625,2.9297482435765647,317.53490566547515,315.20443004771863,2.3304756177565196,34.989964373440515,16.22410160086193,16.09530702544374,-83.77589839913807,-9.56997071919885
2025-11-17,299.2250061035156,304.79998779296875,292.19000244140625,294.9200134277344,1053300.0,-1,-1.5127729486165364,1.883936027759837,314.0556914750535,313.70188066846055,0.3538108065929464,31.371688948976015,6.114753182858941,9.01280045783824,-93.88524681714105,-12.29665951077672
2025-11-18,294.9200134277344,297.9989929199219,289.67999267578125,293.1099853515625,1184100.0,0,-0.6137352481219049,1.4090137220047578,310.83327514836253,312.176555089431,-1.343279941068488,33.65801613875418,7.25003773575169,9.862964173157515,-92.74996226424831,-10.718855848266928
2025-11-19,292.69000244140625,297.1700134277344,289.42999267578125,291.8099975585937,1409300.0,-1,-0.44351535530581243,1.1539682616477167,307.90661705762886,310.6679211982579,-2.761304140629022,32.30713778712271,5.004215737985027,6.1230022188652145,-94.99578426201496,-9.907377876686951
2025-11-20,295.0,298.4849853515625,278.3800048828125,279.7300109863281,1455100.0,1,-4.139675361821682,1.5866662051368645,303.571754585121,308.3762241455224,-4.804469560401344,20.92521376298447,2.3033721906221816,4.852541888119628,-97.69662780937782,-12.012456224334912
2025-11-21,278.0199890136719,280.0,269.0899963378906,275.010009765625,1525100.0,-1,-1.6873417350038333,1.4784987926483129,299.1776399975063,305.9046527099744,-6.727012712468138,15.193181538384707,8.887572462622733,5.398386797076642,-91.11242753737727,-14.06206013148087
2025-11-24,279.0,285.2900085449219,277.75,280.3500061035156,2162400.0,1,1.9417461722362805,2.204659012384365,296.2810809368923,304.0117159243108,-7.730634987418512,21.916363141099083,17.37387778088557,9.52160747804349,-82.62612221911444,-14.761322193350068
2025-11-25,278.79998779296875,291.79998779296875,278.07000732421875,289.7300109863281,3319500.0,-1,3.345819396682681,2.956026934766706,295.2732240214209,302.95381185483063,-7.6805878334097315,31.0902091071098,31.846961002856343,19.369470415454877,-68.15303899714365,-12.544899177953429
2025-11-26,270.0899963378906,270.0899963378906,251.52999877929688,251.97000122070312,9823400.0,-1,-13.032826539811515,6.480010437721041,288.6111897443874,299.1772332893397,-10.566043544952322,23.00007796187664,0.5341780593531177,16.585005614365006,-99.46582194064688,-20.534246281331704
2025-11-28,252.4149932861328,256.3299865722656,249.67999267578125,251.5,2888200.0,1,-0.18653062603728454,6.503764752876976,282.90177593755857,295.64558637901825,-12.743810441459686,21.57497128293852,2.1610155519344167,11.514051538047953,-97.83898444806559,-18.50291800848578
2025-12-01,247.1000061035156,248.32000732421875,241.91000366210935,243.27999877929688,3585000.0,-1,-3.2683901473968713,6.527783062768869,276.80611791321064,291.7666539642241,-14.960536051013435,14.277379868894627,1.4892871645023673,1.3948269252632948,-98.51071283549763,-18.75772621071059
2025-12-02,244.3999938964844,245.4199981689453,240.1999969482422,241.67999267578125,3212800.0,1,-0.6576809074087309,6.207111774390856,271.40209864591384,288.0565309058209,-16.654432259907082,12.364551832579636,1.579504563224884,1.7432690932205501,-98.42049543677511,-18.052359395066542
2025-12-03,240.72999572753903,243.92999267578125,237.7700042724609,243.66000366210935,2226800.0,-1,0.8192697146363725,5.664953489999529,267.1340840330208,284.7678992581386,-17.633815225117758,15.633786802076841,7.448152824062575,3.5056481839299365,-92.55184717593743,-16.870793954747654
2025-12-04,243.4199981689453,244.3789978027344,240.0200042724609,241.8500061035156,1695600.0,-1,-0.7428373682139999,1.5095189339432613,263.24422589002,281.5887960614998,-18.344570171479802,16.674995642523584,5.8934018241340125,4.973686403807151,-94.10659817586598,-17.120726456620606
2025-12-05,243.72000122070312,245.75999450683597,241.17999267578125,242.67999267578125,1772600.0,1,0.3431823656478983,1.5808743998098147,260.08049770321406,278.7066624773725,-18.62616477415844,19.089617245901252,7.325062823293293,6.888872490496621,-92.6749371767067,-13.244920764814793
2025-12-08,243.5,249.63999938964844,243.4600067138672,244.8800048828125,2077300.0,1,0.9065486539594714,0.7914836125113299,257.74196034622923,276.2009841370347,-18.459023790805475,22.044697495888656,11.710455119945495,8.309639922457594,-88.2895448800545,-10.955966624084168
2025-12-09,244.00999450683597,244.72000122070312,241.2899932861328,243.00999450683597,1518200.0,-1,-0.7636435554921772,0.8189140051644703,255.47550406324567,273.74239231257553,-18.266888249329867,22.02993318743553,8.630473305341585,9.221997082860119,-91.36952669465842,-13.319069300427389
2025-12-10,242.2400054931641,245.1199951171875,238.8500061035156,243.2899932861328,1692700.0,-1,0.11522109609733988,0.7217744200638699,253.600810097536,271.48665905135755,-17.88584895382155,22.59995977636764,9.091642483558168,9.810856969615076,-90.90835751644184,-16.02872189253005
2025-12-11,241.1999969482422,243.4900054931641,237.8699951171875,242.0800018310547,1294300.0,-1,-0.497345344432254,0.6673122770673539,251.82837805653887,269.3083881461499,-17.480010089611056,25.762845854461403,7.977047701593057,8.566387830164265,-92.02295229840695,-3.9250701836468616
2025-12-12,241.8000030517578,243.06500244140625,233.93800354003903,236.27999877929688,1880900.0,-1,-2.395903423615131,1.2264979875941173,249.43631970619396,266.8618407856423,-17.425521079448345,25.409526363495786,4.047554313070864,7.038748166074025,-95.95244568692914,-6.051690346204031
2025-12-15,237.5,237.6699981689453,230.05999755859372,230.30999755859372,1820000.0,1,-2.5266638105409744,1.1835566074975181,246.49380860656314,264.15429684289796,-17.660488236334828,18.480734297659637,0.4049239383598206,4.143175317674575,-99.59507606164017,-5.331306020134241
2025-12-16,233.0,233.9830017089844,228.66000366210935,232.77999877929688,2247800.0,1,1.0724680851402324,1.577407393163699,244.38399171006063,261.8302747641127,-17.44628305405206,10.707887908272966,9.944474645287478,4.798984298906048,-90.05552535471253,-3.682553031364866
2025-12-17,232.7899932861328,234.82000732421875,226.2400054931641,226.42999267578125,1730100.0,1,-2.72790022201872,1.6546345869113852,241.62183801247917,259.2080316464585,-17.58619363397932,18.899182804330138,0.6313968164942162,3.6602651333804985,-99.36860318350578,-7.071333303524641
2025-12-18,228.5850067138672,231.6450042724609,228.22999572753903,231.08999633789065,1505900.0,1,2.0580328635093625,2.2839379623348313,240.0015546779271,257.1252142161942,-17.123659538267106,27.447524975501693,20.726462007561604,10.434111156447761,-79.2735379924384,-4.449042585932162
2025-12-19,231.1100006103516,233.41000366210935,229.1300048828125,232.5500030517578,3695000.0,1,0.631791395994652,2.1888891077243993,238.8551621200549,255.30482820401372,-16.449666083958817,36.06133321810296,26.965808566051575,16.10788913003579,-73.03419143394842,-4.174217047038164
2025-12-22,233.82000732421875,234.93099975585935,228.40499877929688,232.0500030517578,1553000.0,1,-0.21500752244183463,1.812335307026157,237.80821457108613,253.58224856310588,-15.774033992019753,37.122249369794964,24.829055871961682,24.173775481858282,-75.17094412803831,-5.239301525330542
2025-12-23,230.0,231.69000244140625,227.6999969482422,229.32000732421875,1093100.0,-1,-1.1764687315820255,1.8095360081911749,236.50233653310653,251.78504550837349,-15.282708975266956,31.20085103522888,13.162404420615697,21.65242295287631,-86.8375955793843,-5.633507877072974
2025-12-24,229.25999450683597,229.92999267578125,226.77999877929688,229.6000061035156,606800.0,-1,0.12209958588609293,1.191253602653946,235.44043954393868,250.1417092561618,-14.701269712223109,33.2696057223977,14.358980712624534,17.450147001733963,-85.64101928737546,-5.627024357930111
2025-12-26,229.42999267578125,231.05999755859372,228.625,230.5200042724609,553900.0,-1,0.4006960559620021,0.705993912356549,234.6834495021729,248.68824962773948,-14.00480012556659,33.433270704435756,18.290597844727866,15.270660992656024,-81.70940215527213,-4.775279854244796
2025-12-29,229.1300048828125,230.75999450683597,227.3500061035156,228.0200042724609,1223100.0,-1,-1.0845045781992746,0.7104463828799537,233.65830408221723,247.15726849031142,-13.498964408094196,27.216224787438904,9.427964817480088,14.02584779161082,-90.57203518251991,-3.4958500717411245
2025-12-30,227.6499938964844,228.75,226.5,227.4199981689453,736100.0,-1,-0.2631374845509793,0.7077929362683688,232.69856471094465,245.69524846650654,-12.99668375556189,28.183611049187633,6.249964641292848,11.32284243450026,-93.75003535870715,-1.2548301942095108
2025-12-31,226.8800048828125,227.3999938964844,224.8780059814453,224.9199981689453,993700.0,-1,-1.099287670446114,0.6871739474370829,231.50186216602168,244.15634103705756,-12.654478871035877,25.79711566761503,0.22561889427065707,5.301182784347856,-99.77438110572933,-3.376579023786219
2026-01-02,226.72000122070312,226.72000122070312,217.23399353027344,220.57000732421875,1694800.0,1,-1.9340169305261723,0.8925139683802527,229.82003834420584,242.4092052064769,-12.589166862271071,23.82576242863111,12.914763822900994,6.463449119488158,-87.085236177099,-2.587989904655985
2026-01-05,221.6999969482422,227.70399475097656,221.6300048828125,222.75999450683597,1312700.0,1,0.9928762342552355,1.1050164427973792,228.73387775384126,240.9537081176146,-12.219830363773355,31.96370622512258,27.04051537601168,13.393632697727767,-72.95948462398833,-3.6046570440352976
2026-01-06,222.6100006103516,223.4290008544922,218.88999938964844,222.02999877929688,1535200.0,-1,-0.32770503929810957,1.0870341203424223,227.70251175775752,239.5519518703318,-11.849440112574285,37.158806936503794,27.100658653153932,22.351979284022196,-72.89934134684607,-4.523760109398722
2026-01-07,223.01499938964844,231.47999572753903,222.17999267578125,231.16000366210935,2135400.0,1,4.112059151019465,2.363409811054359,228.23443358919627,238.93032607713016,-10.69589248793389,47.9177437386,78.69133317985738,44.27750240300765,-21.30866682014263,-0.38353776252696425
2026-01-08,230.6499938964844,230.7899932861328,219.3800048828125,220.32000732421875,2006600.0,-1,-4.689390969960183,3.280676725729155,227.0168295484305,237.5517839472849,-10.534954398854381,42.95922149552363,17.438055649681736,41.076682494231,-82.56194435031827,-3.924646656440911
2026-01-09,220.7400054931641,221.50999450683597,215.3280029296875,216.72999572753903,1592800.0,1,-1.6294532849196575,3.2470146003239577,225.43423972983183,236.00942926434075,-10.575189534508922,33.034022562964964,7.151930953637363,34.42710659439215,-92.84806904636264,-5.6054050670077515
2026-01-12,215.0800018310547,217.01499938964844,213.4900054931641,216.6300048828125,1380900.0,-1,-0.046136135605445716,3.1753790669785764,224.07974206105962,234.5739163471905,-10.494174286130885,30.566397191427484,14.644840398617285,13.078275667312118,-85.35515960138272,-6.025507171703525
2026-01-13,216.52999877929688,219.5800018310547,212.5,216.84500122070312,1505700.0,-1,0.09924587224512393,3.1874304269683287,222.96670500869706,233.26066337485813,-10.293958366161064,31.309143087585667,22.642004522771295,14.812925291675304,-77.35799547722871,-4.900887133746734
2026-01-14,216.92999267578125,221.7899932861328,209.41000366210935,214.2700042724609,2184000.0,1,-1.1874827336330496,1.9337469925638047,221.6287510492761,231.85394788579165,-10.22519683651555,31.428908193771633,22.020853455422127,19.769232792270227,-77.97914654457787,-5.782250462738792
2026-01-15,214.2899932861328,218.00999450683597,210.40899658203125,210.5800018310547,1570700.0,1,-1.7221273943291204,0.8686452414246788,219.92894347724206,230.27810002988522,-10.349156552643166,28.35190752328505,5.30130761024613,16.654721862813172,-94.69869238975387,-6.375598637129343
2026-01-16,211.3999938964844,215.1999969482422,208.8800048828125,213.97999572753903,1875100.0,1,1.614585367518484,1.2928874288657515,219.01372074651852,229.07083304452624,-10.057112298007723,32.1805450162484,22.566340312994253,16.629500459554162,-77.43365968700574,-2.9877188093814455
2026-01-20,209.2700042724609,210.4600067138672,205.58999633789065,206.32000732421875,1697700.0,-1,-3.579768462596733,1.9523156380950777,217.06084175847238,227.38558669487384,-10.324744936401459,28.96062329995452,2.819663976585405,10.229103966608585,-97.1803360234146,-7.380134489145318
2026-01-21,206.32000732421875,211.63499450683597,204.6699981689453,208.66000366210935,1679800.0,0,1.134158712108535,2.138066465007521,215.76840512826269,225.99850647022464,-10.230101341961955,32.40479133851838,14.882528371902335,13.422844220493987,-85.11747162809766,-6.021706612032018
2026-01-22,211.2100067138672,211.3650054931641,207.3699951171875,208.30999755859372,1236700.0,1,-0.1677399105591948,2.134312141155832,214.62095780985206,224.68824655084458,-10.067288740992524,33.766600582972075,13.577022458480744,10.426404935656151,-86.42297754151926,-9.884930672053404
2026-01-23,209.13999938964844,210.6499938964844,207.32000732421875,209.6199951171875,1510300.0,1,0.6288692688526831,2.0678607852140467,213.8515789340575,223.5720797779811,-9.720500843923588,38.62217345945414,18.46325027603558,15.640933702139543,-81.53674972396442,-4.856577637674686
2026-01-26,212.1999969482422,216.6999969482422,211.00799560546875,214.5500030517578,1420900.0,1,2.3518786611049114,2.2376890089954666,213.95902879831908,222.90377779826085,-8.944748999941766,41.92883029917552,36.851942493540236,22.96407174268551,-63.148057506459764,-1.0058564659973457
2026-01-27,224.0,229.0,219.125,219.6699981689453,3415600.0,1,2.386387809070478,1.1083012459729071,214.83763947072313,222.66423856645972,-7.826599095736583,47.86425225146601,55.94927775437964,37.08815684131847,-44.05072224562037,1.403311276190622
2026-01-28,221.16000366210935,221.9459991455078,213.22000122070312,213.9499969482422,1425000.0,1,-2.6039064361915942,2.066567742544245,214.70107908264916,222.0187391873325,-7.317660104683341,33.400836231395616,35.52833274915294,42.776517665690925,-64.47166725084706,-1.3350569559657188
2026-01-29,209.50999450683597,210.66000366210935,197.47000122070312,200.6300048828125,3090400.0,-1,-6.225750060960267,3.7001398324606307,212.53629843652044,220.4343884981088,-7.898090061588363,31.875910485478002,10.022213081036611,33.83327452818972,-89.97778691896339,-6.365799746895084
2026-01-30,200.4949951171875,203.5,199.0,200.00999450683597,1569100.0,-1,-0.3090317304924928,3.6396851115020032,210.60917475503052,218.9214704246812,-8.312295669650666,33.719562638621795,8.055798872407959,17.868781567532494,-91.94420112759204,-5.019473469612223
2026-02-02,199.75999450683597,203.1999969482422,198.0,200.6100006103516,1418200.0,-1,0.2999880605941918,3.282307337043166,209.07084027123378,217.56506525324937,-8.494224982015595,34.5515842804722,9.958767875722984,9.345593276389176,-90.04123212427702,-6.248245342621406
2026-02-03,198.22999572753903,198.5,183.91000366210935,188.0500030517578,3162800.0,-1,-6.260903006021767,3.135485977121428,205.83686531439133,215.3787643494352,-9.541899035043855,27.57223948279602,9.181636118629454,9.065400955586789,-90.81836388137054,-8.85517818141155
2026-02-04,186.5,188.22999572753903,177.66000366210938,185.7899932861328,2407500.0,-1,-1.201813203376001,3.2428522546684846,202.7527311561977,213.1870035299313,-10.434272373733592,27.70819598513296,15.835586684729144,11.658663559693851,-84.16441331527086,-10.960418851046683
2026-02-05,187.1100006103516,188.22999572753903,169.17999267578125,169.38999938964844,3189500.0,1,-8.827167495090515,4.050204752504749,197.62000319211322,209.94278100102144,-12.322777808908228,23.11006370878441,0.351064339943944,8.456095714434172,-99.64893566005605,-18.68369191353757
2026-02-06,171.60000610351562,172.50999450683594,162.94000244140625,167.3300018310547,4527200.0,1,-1.2161270240370725,3.9026164933997736,192.9600029827196,206.7862788402832,-13.826275857563587,19.00332631462834,6.645473133350642,7.610708052674568,-93.35452686664935,-20.174598927211452
2026-02-09,167.98500061035156,171.27999877929688,162.8730010986328,170.17999267578125,2651700.0,1,1.7032156896789274,4.271896236719928,189.45538601242137,204.0747020873571,-14.619316074935739,24.34695244474213,11.049936786103512,6.015491419799356,-88.95006321389648,-20.680498599327812
2026-02-10,171.75999450683594,176.83900451660156,169.3300018310547,174.33999633789062,2409200.0,1,2.4444728176918007,4.462172257984885,187.12994144710896,201.87213129110035,-14.742189843991383,26.25241995155031,17.340867466799146,11.678759128751091,-82.65913253320085,-20.635499708154036
2026-02-11,175.6199951171875,175.8699951171875,165.36000061035156,171.0,2670100.0,1,-1.9157946587410324,4.464888437979944,184.64841199370758,199.58530675101883,-14.93689475731125,25.209303947778267,12.289985991182128,13.560263414694921,-87.71001400881786,-20.07478268795323
2026-02-12,171.99000549316406,173.99000549316406,163.0,170.89999389648438,2499300.0,1,-0.05848310147112956,1.8604950284066475,182.53327074798094,197.46046876179406,-14.927198013813125,23.851974100454925,12.138752599107598,13.923202019029612,-87.8612474008924,-14.818327400078246
2026-02-13,174.33999633789062,179.89999389648438,172.42999267578125,177.72000122070312,2434100.0,1,3.9906422280796994,2.2845238051859407,181.79276774378434,195.99821190689843,-14.205444163114095,25.74740024866618,22.452251529236342,15.626996706508677,-77.54774847076366,-11.14443972717124
2026-02-17,175.8249969482422,176.85000610351562,169.61000061035156,172.58999633789062,2038100.0,-1,-2.886565860666268,2.890110662271528,180.37695675826222,194.26427001289787,-13.887313254635643,19.00184958020256,16.449131685422977,17.01337860458896,-83.55086831457702,-13.967401518972489
2026-02-18,167.34500122070312,172.64999389648438,164.38999938964844,172.1300048828125,2542100.0,-1,-0.26652266344427966,2.6336183912175026,179.10819493126996,192.62469481807673,-13.51649988680677,20.415968187112284,19.37138403247495,19.424255749044747,-80.62861596752505,-8.465832443812072
2026-02-19,169.63999938964844,172.10000610351562,166.3000030517578,168.99000549316406,3337100.0,-1,-1.8242022312066841,2.619217259977583,177.55155040233058,190.8739770903054,-13.322426687974826,23.85124676885765,15.05650075060159,16.959005489499827,-84.94349924939841,-9.042461058220342
2026-02-20,167.0,172.60000610351562,159.66000366210938,159.75,3268400.0,-1,-5.467782231380447,3.5078819541571886,174.81285034043356,188.56849730583835,-13.755646965404793,20.87674445660329,0.20669809776770962,11.544860960281405,-99.79330190223229,-5.69100857452246
2026-02-23,157.44000244140625,157.61000061035156,141.55999755859375,143.27999877929688,5737100.0,-1,-10.30985991906299,3.9296124705372844,169.961642407951,185.21379371127972,-15.25215130332873,16.27250375006396,3.0207255829907655,6.094641477120011,-96.97927441700924,-14.372797937359728
2026-02-24,143.8300018310547,151.14999389648438,142.0,149.36000061035156,4687100.0,1,4.243440733427217,5.487888210628182,166.79215905447415,182.55795718528503,-15.765798130810879,25.35982828373919,16.713099116742665,6.646840932500369,-83.28690088325733,-12.234100929299563
2026-02-25,149.8000030517578,155.7899932861328,147.1699981689453,155.6999969482422,3414400.0,1,4.244775249051003,6.30338856319098,165.0856725765923,180.56847864920778,-15.482806072615489,31.7835103086898,30.29783574977156,16.677220149834984,-69.70216425022844,-10.691751623948653
2026-02-26,159.51499938964844,167.58999633789062,158.0,167.36000061035156,6407900.0,1,7.488762935548032,7.554607592870433,165.43556919717065,179.59007286855177,-14.154503671381121,48.69621154775658,67.29265914472768,38.10119800374729,-32.70734085527232,-2.128654613829495
2026-02-27,144.9499969482422,151.0,140.55999755859375,146.99000549316406,11093300.0,-1,-12.17136415087201,9.193486176670296,162.597790165785,177.1752530629675,-14.5774628971825,39.4238791788309,16.34470903185418,37.97840130878446,-83.65529096814582,-13.990631513891572
2026-03-02,146.19000244140625,152.64999389648438,145.25,148.5800018310547,4407800.0,-1,1.0817037066949142,7.69157799653536,160.44120734505725,175.05708630504802,-14.615878959990766,38.61960550004526,20.38638794873605,34.674585375105956,-79.61361205126396,-16.3965784320813
2026-03-03,146.1750030517578,156.13999938964844,144.39999389648438,154.6699981689453,3123900.0,-1,4.098799476941295,7.676480885414857,159.5533290102708,173.54693162829966,-13.99360261802886,39.843024993810914,35.86680712718167,24.199301369257284,-64.13319287281833,-10.382987745049931
2026-03-04,154.9499969482422,159.24000549316406,153.8000030517578,156.2100067138672,1996000.0,1,0.9956737332082577,7.462223666022553,159.038971733901,172.2627149679713,-13.223743234070298,42.21825155144915,39.781419959615015,32.01153834517756,-60.218580040384985,-9.248822237461606
2026-03-05,155.92999267578125,163.77000427246094,155.61399841308594,161.9600067138672,2918700.0,-1,3.6809421630282557,6.700408582601792,159.48836173081887,171.49955139359324,-12.01118966277437,45.560197418524695,54.39758807161314,43.348605052803265,-45.60241192838686,-4.160008610438948
2026-03-06,161.28500366210938,166.10000610351562,158.3300018310547,164.05999755859375,2534900.0,-1,1.2966107419571715,1.525696814597745,160.1916903197073,170.94847333174144,-10.756783012034134,42.88244847932065,64.75611591799527,52.978374649741134,-35.243884082004726,2.6979640429381835
2026-03-09,163.1199951171875,166.3000030517578,160.6999969482422,162.6199951171875,2421800.0,-1,-0.8777291617915295,2.054595285396855,160.5652756731658,170.33154901955226,-9.76627334638647,44.59737595762266,68.74415729535674,62.63262042832171,-31.255842704643257,13.498043343566213
2026-03-10,163.52000427246094,164.11000061035156,154.44000244140625,156.61000061035156,3082100.0,1,-3.6957291152942218,2.750402365512157,159.95677181734823,169.3151380262781,-9.35836620892988,42.067059123210754,50.09362912389619,61.197967445749384,-49.90637087610381,4.854043900892657
2026-03-11,157.97000122070312,160.5,151.82000732421875,153.80999755859375,2514200.0,1,-1.787882664482121,2.8492502239505186,159.0111142390783,168.16660910274592,-9.155494863667627,42.213783032470005,41.35454577492625,53.39744406472638,-58.64545422507375,-1.213872464157284
2026-03-12,152.25999450683594,157.49000549316406,150.3300018310547,151.61000061035156,2298100.0,-1,-1.430334167584979,1.796888255941708,157.87248137312034,166.94019365886487,-9.067712285744534,45.49977855856388,40.88051628112302,44.109563726648474,-59.11948371887698,-9.410850826099859
2026-03-13,152.57000732421875,156.1999969482422,151.0,153.75999450683594,2106100.0,1,1.4181082302149761,1.8410433474360324,157.23979108599966,165.96388261056643,-8.724091524566774,56.88386659260446,48.8346191060596,43.68989372070294,-51.1653808939404,4.60574784724852
2026-03-16,155.25999450683594,155.4499969482422,151.74000549316406,153.69000244140625,2032300.0,1,-0.04552033554252599,1.921754874228328,156.6936697560622,165.05470630173974,-8.361036545677536,53.08800718736935,48.57567693591308,46.09693744103188,-51.42432306408692,3.439225028521653
2026-03-17,153.3699951171875,158.77999877929688,152.6699981689453,156.0,2314400.0,-1,1.5030239585521743,1.5403805286474035,156.58695133205262,164.38398731642567,-7.7970359843730535,50.22699998637607,57.121728223059456,51.51067475501069,-42.878271776940544,0.8598964549038968
2026-03-18,153.82000732421875,158.67999267578125,153.42999267578125,155.99000549316406,1517700.0,-1,-0.006406735151243126,1.2149085385655043,156.49511351068514,163.762210885073,-7.267097374387845,39.55538947083952,59.94562797847171,55.214344379148066,-40.05437202152829,-0.14083682942674924
2026-03-19,156.35000610351562,161.89999389648438,153.85000610351562,155.39999389648438,1857700.0,1,-0.37823679460383675,0.8908287650938864,156.32663357003887,163.14278740443677,-6.816153834397909,62.13563288343731,50.22828950439613,55.765215235309086,-49.77171049560387,-4.050390556584937
2026-03-20,152.75,153.75,148.27999877929688,151.47000122070312,5082800.0,-1,-2.5289529151456103,1.4470503468960603,155.57945936244874,162.27813657601206,-6.698677213563315,53.906463023502845,32.28312497082367,47.48568081789716,-67.71687502917632,-7.67401958139986
2026-03-23,152.38499450683594,154.50999450683594,150.1699981689453,151.8000030517578,1603400.0,1,0.21786613084782136,1.462937451408373,154.99800454541938,161.50197853717842,-6.50397399175904,45.40506418174144,19.533870354516964,34.01509494324557,-80.46612964548304,-6.653543469628421
2026-03-24,149.97000122070312,149.97000122070312,139.3000030517578,139.41000366210938,3419300.0,-1,-8.162054769803884,3.52232207843332,152.5998505633717,159.86553595383995,-7.2656853904682634,30.038005579179867,0.40740966796875,17.408134997769782,-99.59259033203125,-10.982693877280603
2026-03-25,142.08999633789062,144.94000244140625,138.85000610351562,139.44000244140625,2996900.0,1,0.021518383551288878,3.5266329304282946,150.57525854460778,158.35253347143745,-7.777274926829676,19.031871842852823,2.149349375167805,7.363543132551158,-97.8506506248322,-9.342692507171558
2026-03-26,139.17999267578125,145.0,137.60000610351562,141.5,1936700.0,-1,1.4773361463898294,3.84504961525627,149.17906492236042,157.10419765873837,-7.925132736377947,18.942714805824224,13.588830352552497,5.381863131896336,-86.41116964744751,-6.668425941330202
2026-03-27,133.7899932861328,135.7100067138672,128.0,133.16000366210938,4301800.0,-1,-5.893990344799027,4.276006473211752,146.71459395924487,155.33055365898807,-8.6159596997432,15.918543007077943,14.289680351404286,10.009286693041515,-85.71031964859571,-13.39749712582795
2026-03-30,135.25999450683594,141.4199981689453,134.66000366210938,137.25999450683594,2936700.0,1,3.078995743444257,4.874787807655177,145.2600401973358,153.9919937217916,-8.731953524455804,26.579494623775076,27.315622932298677,18.398044545418472,-72.68437706770132,-10.690355698858289
2026-03-31,139.4199981689453,142.61000061035156,136.11000061035156,140.2899932861328,1937500.0,1,2.207488635114263,3.5747876763784476,144.49541759561225,152.97703072655764,-8.48161313094539,33.726508918906106,36.253674037998444,25.95299244056712,-63.746325962001556,-10.070517124273836
2026-04-01,139.4499969482422,139.5,132.5800018310547,136.6699981689453,2734900.0,-1,-2.580365878130897,3.786422015786434,143.29150691458656,151.76910238895672,-8.477595474370162,32.6117131913346,25.575220442279907,29.71483913752566,-74.4247795577201,-12.385413580272875
2026-04-02,136.3800048828125,139.16000366210938,134.10000610351562,138.55999755859375,1562900.0,-1,1.3828926721079604,3.775295792783052,142.56358239827998,150.79065017930023,-8.227067781020253,32.20139473303351,31.150440884559814,30.99311178827938,-68.84955911544019,-10.836548905599152
2026-04-06,139.6199951171875,140.73500061035156,137.65499877929688,139.52000427246094,1365700.0,1,0.6928455043175186,2.1697180293276905,142.09533960969242,149.95578751953434,-7.860447909841923,33.746267125889105,33.982319606422195,30.235993644420628,-66.0176803935778,-7.889348948264773
2026-04-07,138.71499633789062,142.6999969482422,136.2550048828125,142.08999633789062,1986000.0,-1,1.8420240730575799,1.9237679121007003,142.09451756787675,149.37313632089408,-7.2786187530173265,34.13909759784421,41.56341850949961,35.56539300016053,-58.43658149050039,-6.3965787342945335
2026-04-08,148.50999450683594,150.5,136.97000122070312,137.85000610351562,2564600.0,1,-2.98401741407065,2.2806718057395297,141.44151580412887,148.51957111960678,-7.078055315477911,31.13559670057053,29.056070433502725,34.867269516474835,-70.94392956649727,-1.1189997257117557
2026-04-09,133.10000610351562,133.5,120.76499938964844,122.2300033569336,7343500.0,-1,-11.331158545508158,5.5105297218209515,138.48589850456037,146.57219572977914,-8.086297225218772,23.72047990141138,4.341396293576522,24.986961745526273,-95.65860370642348,-12.34222517437521
2026-04-10,122.66000366210938,123.37999725341795,114.625,118.0500030517578,5478000.0,1,-3.4197825332373144,5.163791568621557,135.3419145887446,144.45944071659235,-9.117526127847754,23.626882935699925,8.587197000041664,13.994887909040292,-91.41280299995833,-16.572436005824876
2026-04-13,119.0500030517578,122.95999908447266,117.95999908447266,122.62000274658205,3786200.0,1,3.871240640985474,5.88365870461521,133.38469738225805,142.84170457066568,-9.45700718840763,28.41714930698319,22.28572194169211,11.738105078436753,-77.71427805830788,-7.915290346696258
2026-04-14,123.54000091552734,126.0,120.79000091552734,122.68000030517578,2905400.0,1,0.04892966665295262,5.608334204065982,131.73782090886078,141.34824499544422,-9.610424086583436,34.865194851984555,22.452962523138066,17.775293821623933,-77.54703747686193,-10.622173091325626
2026-04-15,125.1999969482422,131.32000732421875,122.7699966430664,131.00999450683594,3860500.0,1,6.790018080321714,7.034162598352625,131.62584761624157,140.5824486629547,-8.956601046713132,43.36950367020065,45.67245855564025,30.137047673490127,-54.32754144435975,-6.614868645955074
2026-04-16,134.9600067138672,138.0,132.7899932861328,134.3300018310547,2968800.0,1,2.5341633947213893,3.8699388962278176,132.04187134159744,140.11930445318433,-8.077433111586885,44.47015167238332,54.926834372277874,41.01741848368538,-45.073165627722126,-1.7121507055250174
2026-04-17,138.13999938964844,139.0,133.5,134.67999267578125,2457100.0,1,0.26054555196592943,2.788667308756707,132.4477361622411,139.716392469673,-7.268656307431883,51.33707769853082,55.90241860844948,52.167237178789186,-44.09758139155052,-2.800234520191691
2026-04-20,133.88999938964844,137.1999969482422,132.60000610351562,134.8000030517578,1944600.0,-1,0.08910779811628355,2.9025040080221145,132.80962337601292,139.35221547575335,-6.542592099740432,47.67310618919287,56.23694230455139,55.68873176175956,-43.76305769544861,-3.38302829426933
2026-04-21,135.9499969482422,144.71499633789062,135.5800018310547,139.61000061035156,2855600.0,1,3.5682473662459024,2.7506360601091213,133.85583525821886,139.3713106709088,-5.515475412689938,49.37775176311114,69.64460100446429,60.59465397248837,-30.355398995535715,-1.7453696892507642
2026-04-22,137.38999938964844,142.75,136.75,142.66000366210938,2465200.0,-1,2.1846594358740035,1.5070115865312401,135.21032270497125,139.61491755914585,-4.404594854174604,55.53912185331524,78.14635167138502,68.00929832680022,-21.853648328614984,3.4892980381747485
2026-04-23,136.69000244140625,137.99000549316406,130.33999633789062,132.97000122070312,3054800.0,-1,-6.792375012380514,3.9881743850524822,134.8656578612377,139.12270153407604,-4.257043672838336,45.482465832345184,51.13589190439895,66.30894819341607,-48.86410809560105,8.786711583740047
2026-04-24,133.32000732421875,135.6999969482422,130.4199981689453,135.5,2319000.0,1,1.9026838806277757,4.095370757875477,134.96324895950883,138.85435327229263,-3.8911043127837956,46.83164794714647,58.18815331010453,62.490132295296156,-41.81184668989547,14.781869120826219
2026-04-27,135.35000610351562,138.0,133.68499755859375,134.11000061035156,2045700.0,-1,-1.0258298078586248,4.132454733540188,134.8319799827154,138.50291974177847,-3.67093975906306,43.59139380693096,54.313590551502614,54.54587858866869,-45.686409448497386,9.370410704944954
2026-04-28,135.27000427246094,138.35499572753906,134.5,136.07000732421875,2168800.0,1,1.4614918387495068,3.7645576952450344,135.0224457275621,138.3227040071444,-3.300258279582323,48.51617334673163,71.26955777397112,61.25710054519274,-28.73044222602889,10.914580197044588
2026-04-29,135.1199951171875,135.71499633789062,131.74000549316406,134.72999572753906,1339200.0,-1,-0.9847957114360928,3.4640478119291265,134.97745341986624,138.0565774679144,-3.0791240480481576,63.67613451301194,66.81621194556938,64.13312009034769,-33.18378805443063,2.839478953271013
2026-04-30,132.89999389648438,132.89999389648438,127.79000091552734,130.67999267578125,2376900.0,-1,-3.006014384464195,2.016699570818562,134.31630561308393,137.51016377960823,-3.1938581665243078,63.85778293286707,47.542496344990674,61.87608868817705,-52.457503655009326,-2.717195790605298
2026-05-01,135.35000610351562,140.99000549316406,131.96499633789062,139.80999755859375,2867500.0,1,6.986536114571229,3.8617040394482607,135.1614889893162,137.68052183731086,-2.5190328479946515,67.14540723031214,79.49843378146667,64.61904735734224,-20.501566218533327,3.8090326416649667
2026-05-04,140.39999389648438,144.97000122070312,139.4199981689453,142.1999969482422,2166600.0,1,1.7094624357223198,3.750675372495817,136.2443363676125,138.01529777145393,-1.7709614038414259,68.6046374650762,87.52250585006044,71.52114532550593,-12.477494149939567,5.489609591212741
2026-05-05,143.52000427246094,144.0,138.9550018310547,141.36000061035156,2043500.0,1,-0.5907147369323518,3.830896072667462,137.0313616357262,138.26305353729822,-1.2316919015720202,61.50767044567713,78.9871912326801,82.00271028806907,-21.012808767319903,1.2534918647298054
2026-05-06,138.69000244140625,139.86000061035156,134.74000549316406,138.8300018310547,2268700.0,-1,-1.7897557784189777,3.941182078553095,137.30807551193058,138.3050497072061,-0.9969741952755271,55.092799499340686,64.26077252281158,76.92348986851736,-35.73922747718842,-2.6847061073446032
2026-05-07,148.0,153.4600067138672,147.16000366210938,152.7899932861328,3379000.0,1,10.055457228954268,5.069430607261339,139.689909015654,139.37800849083033,0.31190052482367037,65.66879490469137,97.38989763774146,80.21262046441105,-2.6101023622585497,14.905611704502086
2026-05-08,149.33999633789062,152.19500732421875,145.11000061035156,152.1300048828125,3522200.0,-1,-0.43195787179880485,4.7891496932508515,141.60376991829378,140.32260081616232,1.2811691021314573,64.85513568236189,94.81884873146113,85.48983963067138,-5.1811512685388745,12.273066334178973
2026-05-11,150.72999572753906,153.4499969482422,147.66000366210938,148.8699951171875,2541200.0,-1,-2.142910445665358,5.104919220231739,142.72165071812358,140.95574113475678,1.7659095833668061,58.15427282267372,82.11916416093472,91.44263684337909,-17.880835839065284,11.005886540646737
2026-05-12,149.35000610351562,150.5850067138672,145.67999267578125,146.1699981689453,2323700.0,1,-1.8136609369247325,5.229172299639682,143.2521657105577,141.34198239654853,1.9101833140091742,53.11004254235239,71.60106389460441,82.84635892900009,-28.398936105395588,7.422642978669769
2026-05-13,144.69000244140625,153.9499969482422,143.02999877929688,152.42999267578125,4811400.0,-1,4.2826808409756945,5.18947615197834,144.66413908982287,142.16331649130652,2.5008225985163506,68.35848250479069,94.18958523326965,82.63660442960293,-5.810414766730352,13.13738403438862
2026-05-14,153.5,158.03799438476562,146.38999938964844,153.6999969482422,3996800.0,1,0.8331721665579606,2.597967948786449,146.05427106804123,143.0178854140425,3.0363856539987353,67.58793488207765,85.65856131602544,83.81640348129984,-14.34143868397456,17.61555369043666
2026-05-15,156.88999938964844,162.72999572753906,152.1199951171875,161.0500030517578,4162600.0,1,4.7820470068003385,3.268220410645048,148.36130675784378,144.35359783165103,4.007708926192748,73.34488452510533,95.19177754656191,91.679974698619,-4.808222453438087,15.192050542925205
2026-05-18,163.36000061035156,178.25999450683594,162.10000610351562,174.69000244140625,6203300.0,1,8.46941889548729,3.9407869957874753,152.4118753245457,146.60073891385514,5.811136410690551,77.83222283020827,92.92650580790945,91.25894822349892,-7.0734941920905525,22.848105619151138
2026-05-19,178.11000061035156,182.97000122070312,173.9499969482422,175.25,4323700.0,1,0.3205664610266279,3.3124730933404267,155.92543296692327,148.7229064017177,7.202526565205574,79.5335347523416,86.00942156939604,91.37590164128913,-13.990578430603966,23.974249606197805
2026-05-20,168.1199951171875,174.86000061035156,168.08999633789062,174.4499969482422,2647100.0,-1,-0.45649246890602235,3.7646726437954183,158.77536588712616,150.62861681257135,8.146749074554805,83.48891385192366,83.29574854068491,87.41055863933013,-16.704251459315085,25.657274830648102
2026-05-21,171.25999450683594,174.3730010986328,168.67999267578125,171.00999450683594,2596000.0,-1,-1.9719131565401393,4.300073730616098,160.6576164440046,152.13834849362797,8.519267950376616,76.14817550526526,75.2021402169893,81.50243677569007,-24.7978597830107,11.92486551562455
2026-05-22,174.7830047607422,183.0200042724609,173.79200744628906,182.3699951171875,4003800.0,1,6.64288695120534,4.64314985927388,163.99798239372504,154.37772972500275,9.620252668722287,79.26563036728487,98.65366782993345,85.71718552920255,-1.3463321700665458,19.877729089451623
2026-05-26,184.9600067138672,191.25,181.875,184.6000061035156,10720400.0,1,1.2227948928194676,3.2860391681636196,167.16752450292358,156.61641686415183,10.551107638771754,80.8768943550111,88.23218095397273,87.36266300029848,-11.76781904602727,24.0008142394323
2026-05-27,137.16000366210938,139.60000610351562,125.66000366210938,126.41000366210938,31831500.0,-1,-31.5222104644871,15.0605859357484,160.89713668125987,154.37890477511164,6.51823190614823,45.058880734869454,1.1434670557630953,62.67643861322309,-98.8565329442369,-13.518502260632903
2026-05-28,126.5500030517578,133.25,122.30999755859376,130.0399932861328,16251700.0,1,2.8715999674569392,15.393445723788735,156.1498838512403,152.5760224425947,3.573861408645598,40.138708800941,11.212642085571375,33.52943003176906,-88.78735791442863,-14.688709876980699
2026-05-29,131.6999969482422,139.89999389648438,130.36500549316406,139.72999572753906,11010100.0,1,7.451555630339746,16.336224528763193,153.62374721682474,151.62446490814617,1.9992823086785734,45.01527289465118,25.268345738384582,12.541484959906347,-74.73165426161542,-9.089135652622993
2026-06-01,144.5,157.6999969482422,143.75,155.7100067138672,10359600.0,1,11.436349728005224,17.140017716605698,153.94471021636974,151.92709763449588,2.0176125818738626,52.49453338107223,48.447937296870414,28.30964170694212,-51.552062703129586,-3.315738116549105
2026-06-02,149.05999755859375,151.0399932861328,140.0,144.14999389648438,8572200.0,-1,-7.4240654543323625,17.206476589794757,152.43783078254123,151.35101587612468,1.0868149064165493,49.30802831008537,31.67971506304043,35.13199936609847,-68.32028493695957,-17.482402036811163
2026-06-03,141.89999389648438,142.47000122070312,133.52999877929688,134.3699951171875,7737700.0,-1,-6.784598816091513,8.430693204345607,149.6581637571022,150.09316248657376,-0.43499872947157314,43.95906056190056,17.493468424002188,32.54037359463767,-82.50653157599781,-23.326678963088444
2026-06-04,135.69000244140625,137.5,132.5,135.25999450683594,4378800.0,1,0.6623497968220038,8.399337682165342,147.44306079552277,148.99440930288947,-1.551348507366697,43.816231417746856,18.78444515468169,22.652542880574767,-81.21555484531831,-22.46489144567517
2026-06-05,133.7550048828125,137.2100067138672,128.97999572753906,130.77999877929688,4617900.0,-1,-3.312136558834955,7.704977991425156,144.87951279302646,147.64519370854927,-2.7656809155228075,39.64986704518501,12.286047172542485,16.18798691707545,-87.71395282745752,-23.524938319281052
2026-06-08,130.8000030517578,132.07000732421875,127.73699951171876,129.25,3460500.0,1,-1.169902732511019,3.4971720472389416,142.4749723633301,146.28258676717525,-3.8076144038451503,33.059948644377656,10.06672787298595,13.71240673340337,-89.93327212701405,-29.127595843303933
2026-06-09,128.11000061035156,130.14500427246094,120.85099792480467,125.83999633789062,4774100.0,-1,-2.638300705693908,2.770189848153806,139.91574528249325,144.76832080945047,-4.852575526957224,31.963206463834098,7.086745928240645,9.813173657923022,-92.91325407175935,-31.830990153204507
2026-06-10,124.0,128.8300018310547,122.21499633789062,124.7300033569336,3928400.0,-1,-0.8820669208989829,1.5605298138465216,137.57947729394562,143.28400099815295,-5.7045237042073325,31.891030833408394,5.510029002947565,7.554500934724715,-94.48997099705244,-1.3290089838667973
2026-06-11,122.0,126.3499984741211,119.9000015258789,126.11000061035156,3810600.0,-1,1.1063875701733838,1.7168772918441164,135.81494241954653,142.01185282127878,-6.196910401732254,33.397430696477514,8.703572834307833,7.10011592183201,-91.29642716569217,-3.022141555432034
2026-06-12,124.68000030517578,130.0,119.5,129.52000427246094,4752000.0,-1,2.703991472211187,2.0909427695135068,134.84649039691797,141.08653070655154,-6.240040309633571,29.237061862888396,13.965162749074477,9.39292152877662,-86.03483725092552,-7.30694322426424
2026-06-15,129.69000244140625,132.80799865722656,127.4499969482422,130.4199981689453,3498100.0,1,0.694868643295532,2.0348943884826047,134.16549159261447,140.29641718524738,-6.130925592632906,28.489754294002964,28.586384924954313,17.085040169445534,-71.41361507504568,-16.241736211208835
2026-06-16,128.47999572753906,128.86000061035156,123.61000061035156,127.2300033569336,3815800.0,-1,-2.4459399300707063,1.9686283782456815,133.09849340250972,139.32853467944634,-6.230041276936618,50.577953027059834,20.23561249862691,20.929053390885226,-79.7643875013731,-11.737767087039352
2026-06-17,126.24500274658205,128.11000061035156,123.37999725341795,124.37999725341795,3125900.0,-1,-2.240042465078129,2.2367602211952984,131.75718630264944,138.22123561085164,-6.464049308202192,45.96636607625499,12.77486294051265,20.532286788031286,-87.22513705948735,-7.43469392482824
