Date,Open,High,Low,Close,Volume
,ASML,ASML,ASML,ASML,ASML
2007-01-03,22.958124359350453,23.24944527098131,22.60101639909965,22.901737213134766,2934829
2007-01-04,22.760772733066712,23.240045015707437,22.75137528543928,23.155467987060547,2469065
2007-01-05,23.155470532994265,23.268239916922397,23.02390625174478,23.25884246826172,2578439
2007-01-08,23.48438476723129,23.719320994527184,23.409205174496606,23.521974563598633,1631373
2007-01-09,23.531376778527182,23.55956913151252,23.03330942214368,23.268245697021484,1988106
2007-01-10,22.98631605435216,23.221252266752714,22.864146770261968,23.19305992126465,2843114
2007-01-11,22.920535833517253,23.296436298706126,22.854753681496618,22.9769229888916,2810671
2007-01-12,23.089690058014607,23.258844146109247,23.023907912644468,23.221254348754883,2160996
2007-01-16,23.38101456518491,23.428001814136756,22.685598373413086,22.685598373413086,2960017
2007-01-17,24.151606597198047,24.969189509025668,24.0952219072295,24.706058502197266,10000007
2007-01-18,24.320757650929547,24.339552545254854,23.568956970634215,23.662931442260742,5993475
2007-01-19,23.74752005522298,23.82269966144322,23.409209373589405,23.681737899780273,4760037
2007-01-22,23.559564934810524,23.68173422962733,23.315231252461146,23.615949630737305,3119561
2007-01-23,23.46558871953215,23.785104426644416,23.409204027743268,23.644140243530273,4334518
2007-01-24,23.794497908185512,24.010639190673828,23.62534140737921,24.010639190673828,2884660
2007-01-25,23.803898323072765,24.010642184272786,23.399805595267253,23.48438262939453,2204732
2007-01-26,23.597151663078126,23.916667352082843,23.409202701099943,23.82269287109375,1998304
2007-01-29,23.625347903495832,23.653540252441836,23.324627061096233,23.43739891052246,1630347
2007-01-30,23.80390352328738,23.822698423866058,23.5219775609649,23.794506072998047,1665459
2007-01-31,23.54077147394028,24.010646422336894,23.493784224464846,23.94486427307129,2010008
2007-02-01,23.850885215390477,23.926064800181752,23.625344007374856,23.82269287109375,1959291
2007-02-02,23.644144638644438,23.850891000610183,23.6065548371311,23.832096099853516,2391038
2007-02-05,23.58775186495952,23.756908367528826,23.531367181983605,23.662931442260742,1328986
2007-02-06,23.775706954414474,23.832091646147394,23.47498614486365,23.72871971130371,1781335
2007-02-07,23.897877495769695,24.21739325215791,23.879082595608175,24.11402130126953,1624392
2007-02-08,23.991846654090317,24.264375099388282,23.91666707018516,24.170400619506836,1171564
2007-02-09,24.29257112491601,24.339558371977695,23.521975365820047,23.653539657592773,3553156
2007-02-12,23.531376778527182,23.55017168051741,23.2024635400557,23.268245697021484,2176260
2007-02-13,23.456195379809223,23.55956733286355,23.15547451728153,23.38101577758789,2470776
2007-02-14,23.982454028129712,24.4523314292963,23.926069328863864,24.433536529541016,2678231
2007-02-15,24.189198059918137,24.34895469252122,24.09522357015162,24.273775100708008,1066159
2007-02-16,24.17979373063053,24.51810425116646,24.17979373063053,24.47111701965332,1313723
2007-02-20,24.02004129580717,24.320762113836466,23.82269486917801,24.23618507385254,2047858
2007-02-21,23.72872315035487,24.020044099863334,23.681735900434152,23.982454299926758,1291068
2007-02-22,23.78510400918477,24.076424911647596,23.78510400918477,23.973052978515625,2819706
2007-02-23,24.076427713574816,24.339558754902143,24.076427713574816,24.20799446105957,2321978
2007-02-26,24.067033174487694,24.12341787291907,23.72872253025722,23.87908172607422,1558412
2007-02-27,23.183665636835713,23.446796684277913,22.7983677422721,22.99571418762207,2948587
2007-02-28,23.315228617728806,23.399805652061364,22.90173598704149,23.099084854125977,2475704
2007-03-01,21.99018115427304,22.60101781575137,21.811627162955713,22.422466278076172,3777517
2007-03-02,22.22511480066965,22.328489185141805,21.802227175449254,21.91499900817871,2820596
2007-03-05,21.398138294704125,21.87741069565439,21.332356145073618,21.529705047607422,2903140
2007-03-06,21.689463110974284,21.8492197704939,21.576693704254556,21.7646427154541,1948408
2007-03-07,21.764638203532485,21.896204937740148,21.62367647435492,21.65186882019043,2432310
2007-03-08,21.971381963518358,22.149933466313986,21.896202383393884,21.94318962097168,1758680
2007-03-09,21.93379935078989,22.02777385669649,21.7552453359249,21.868017196655273,1753478
2007-03-12,21.868011596282404,22.319091562755467,21.858611694456595,22.28150177001953,2035948
2007-03-13,21.9431951831123,22.04656713198608,21.454522881151718,21.510910034179688,2060999
2007-03-14,21.745850913764425,21.783440721362,21.28537331705134,21.642478942871094,3736724
2007-03-15,21.764642786515562,22.01837640610583,21.698860632380942,21.868017196655273,2884317
2007-03-16,22.084158408809405,22.394276729817154,22.037171156178296,22.253314971923828,3446862
2007-03-19,22.225118180866428,22.347287480433796,22.093553885254725,22.149938583374023,2092894
2007-03-20,21.990176416179352,22.59161795235942,21.990176416179352,22.56342315673828,1953268
2007-03-21,22.413070310719462,23.27764061549275,22.366083060855946,23.164871215820312,3234479
2007-03-22,23.01450737089039,23.04269971511801,22.81715850765524,22.9393253326416,2193097
2007-03-23,22.95812731642084,23.19306356573842,22.91113761291503,23.164871215820312,1782772
2007-03-26,23.164868130669944,23.381011904897886,23.04270129729526,23.371614456176758,2616220
2007-03-27,22.854748299958736,23.070892059345635,22.81715850765524,22.9393253326416,1666691
2007-03-28,22.901740290879367,23.02390959484928,22.751381090476155,22.779573440551758,1397088
2007-03-29,23.27764061549275,23.29643551543816,22.93932996283314,23.164871215820312,2319172
2007-03-30,23.108483289690877,23.390409203153155,23.080290943708846,23.25884246826172,2049432
2007-04-02,23.418601699782407,23.48438384083031,23.174265579391076,23.371614456176758,1542464
2007-04-03,23.45619247739372,23.625346561460976,23.334023185258637,23.5313720703125,1489214
2007-04-04,23.634748303812277,23.766315068961227,23.55017124641528,23.700532913208008,896075
2007-04-05,24.11401760272119,24.217389537754638,24.048233008603418,24.1328125,1707415
2007-04-09,24.067027868512913,24.226784478847485,23.78510198486904,24.038835525512695,694848
2007-04-10,23.86967936483623,24.1610027004303,23.860281917031315,24.0952205657959,1639860
2007-04-11,23.916668800757773,23.97305349276655,23.68173258405454,23.747514724731445,1459304
2007-04-12,23.738118449570372,24.386544893368566,23.653538953734024,24.339557647705078,2642640
2007-04-13,24.43353197217791,24.43353197217791,23.935462314278777,24.22678565979004,2115070
2007-04-16,24.50870495579946,24.50870495579946,24.301958699098332,24.480512619018555,1305578
2007-04-17,24.452330094414073,24.60268928424804,24.14221181173938,24.527509689331055,2423686
2007-04-18,25.476657132605126,25.890147360727838,25.28870814420487,25.758583068847656,4120698
2007-04-19,25.3544918885121,25.918343796542832,25.33569698848723,25.711597442626953,3273561
2007-04-20,26.24725458839153,26.378821342415517,25.974728537600903,26.12508773803711,3307304
2007-04-23,25.73038927738788,25.890145908567458,25.683402032923297,25.83376121520996,1895911
2007-04-24,26.172069900640672,26.35062387009225,26.021710729432463,26.22845458984375,1534867
2007-04-25,26.059303226153133,26.106290472031105,25.730390051365248,26.04990577697754,2117329
2007-04-26,25.711594066537703,25.94653273964201,25.5800297836388,25.871353149414062,1584420
2007-04-27,25.580029057753958,25.90894220930962,25.495449567505652,25.66460609436035,2203500
2007-04-30,25.580030614174948,25.965328480245052,25.457861322445947,25.60822296142578,2104735
2007-05-01,25.739788170007632,25.890147360727838,25.39208008782501,25.758583068847656,1756421
2007-05-02,25.56123554324399,25.68340238050523,25.47665604842109,25.58003044128418,1380251
2007-05-03,25.75858237829822,25.75858237829822,25.457861551277546,25.64581298828125,1112838
2007-05-04,25.899545520733305,25.918340418308425,25.60822215467702,25.786773681640625,589444
2007-05-07,25.720998209140973,25.80557527015838,25.54244663588201,25.627023696899414,940084
2007-05-08,25.32628916178718,25.32628916178718,25.01617098479613,25.17593002319336,1917471
2007-05-09,24.743648005772837,25.05376625061035,24.715455661118686,25.05376625061035,2527996
2007-05-10,24.734253829278007,24.80943587860895,24.076427459716793,24.076427459716797,2239776
2007-05-11,24.367748470403992,24.536904997850428,24.217389293688864,24.489917755126953,1199557
2007-05-14,24.508714417303477,24.649676155625798,24.161006342466322,24.377147674560547,1935677
2007-05-15,24.207998108543602,24.565103699278826,24.179805755615234,24.179805755615234,2247852
2007-05-16,23.88847917581278,23.982453673198403,23.606553230013677,23.87908172607422,3540084
2007-05-17,24.057626126582004,24.114013261910014,23.86967718762698,23.963651657104492,1428025
2007-05-18,24.095222262222578,24.13281205608875,23.869681045383654,23.973052978515625,1160818
2007-05-21,23.897878026180752,24.123419286767216,23.74751882155136,23.794506072998047,1906931
2007-05-22,23.91667315325852,23.944865504393526,23.700531794556838,23.832096099853516,1626924
2007-05-23,23.78510336735001,23.81329571198888,23.46558767446771,23.474985122680664,3991817
2007-05-24,23.625351288478306,23.672338543453865,23.211860991050813,23.268245697021484,1631442
2007-05-25,23.446795760110085,23.465590658926416,23.193062172447497,23.249446868896484,1878732
2007-05-29,23.597150942908076,23.625343286344393,23.17426333772162,23.315227508544922,1864221
2007-05-30,23.042704591577095,23.25884594306355,22.87354803677147,23.20246124267578,2443330
2007-05-31,24.959787528784716,25.110146674733674,24.151602212026237,24.217384338378906,6107640
2007-06-01,24.724857045323155,24.75304939446529,24.471125903043944,24.67786979675293,1514265
2007-06-04,24.452329084906424,24.621483166486158,24.226787855824746,24.273775100708008,1937252
2007-06-05,24.095226935899206,24.13281673705655,23.662939315304953,23.794506072998047,3937404
2007-06-06,23.879079907029354,23.90727225409742,23.456192247366275,23.49378204345703,2827851
2007-06-07,23.85088609684755,24.048232514217972,23.568960189819336,23.568960189819336,4210976
2007-06-08,24.04823116652781,24.22678513064134,23.785102624779935,24.142208099365234,1580724
2007-06-11,24.18920065322022,24.236187903140937,23.888479800085317,23.982454299926758,2301718
2007-06-12,23.56896186677189,23.907272488548468,23.41860268093433,23.5313720703125,2969804
2007-06-13,23.82269765019631,24.085828703394633,23.540771697029697,23.982454299926758,1389901
2007-06-14,23.91666872765176,24.236184435033444,23.62534536618829,24.1328125,2084339
2007-06-15,24.91280826380878,25.175939307020922,24.91280826380878,25.04437255859375,3152688
2007-06-18,25.589424015066957,25.655206148245643,25.44845984747096,25.570629119873047,2333819
2007-06-19,25.429665202062456,25.62701405717866,25.354485620548356,25.523639678955078,1384152
2007-06-20,25.730391721716934,25.730391721716934,25.204132080078125,25.204132080078125,2374132
2007-06-21,25.185334505594913,25.8149660280033,25.128949812869564,25.786773681640625,2033621
2007-06-22,26.3882136628943,26.407008559295328,26.021710729432463,26.22845458984375,2140532
2007-06-25,26.313035957117624,26.313035957117624,25.74918411752109,25.824363708496094,1825550
2007-06-26,25.99352395403849,26.00292140425244,25.401479683274857,25.486059188842773,2323278
2007-06-27,25.514251626984898,25.908946990966797,25.49545427285018,25.908946990966797,1142269
2007-06-28,25.767982839771843,26.181473105146964,25.608226185238735,25.918344497680664,2720188
2007-06-29,26.040503460192348,26.143875381801134,25.645808214953533,25.796167373657227,1286687
2007-07-02,26.4258027010886,26.594959217509277,26.369418013495626,26.5009822845459,1619327
2007-07-03,26.557366913211204,26.5949591584982,26.444597538275477,26.49158477783203,814352
2007-07-05,26.388216133943473,26.519780421070617,26.190867249610694,26.407011032104492,1118519
2007-07-06,26.425806218125196,26.529178159136855,26.26604958201627,26.453998565673828,1157327
2007-07-09,26.594955324020965,26.764109362035818,26.435196278921094,26.576160430908203,2090293
2007-07-10,26.444602025192317,26.68893816598522,26.14388118736463,26.200265884399414,2726005
2007-07-11,26.1250850813393,26.350626312700303,25.9183412017636,26.002918243408203,3392312
2007-07-12,26.369428763678506,26.848701257248425,26.331838956625393,26.811111450195312,4255807
2007-07-13,27.008453341399967,27.08363293588359,26.8392968001697,26.91447639465332,1202021
2007-07-16,26.952064223711826,27.074233509468378,26.82049994297301,26.90507698059082,1363482
2007-07-17,26.942662666354735,28.371084453967942,26.91447032478144,28.107955932617188,7989041
2007-07-18,28.27711675748558,28.305309105813993,26.999056272337757,27.468931198120117,5449752
2007-07-19,28.549638629271552,28.653010549188423,28.28650765220521,28.53084373474121,2728059
2007-07-20,28.324102605996668,28.681208120830767,28.324102605996668,28.446271896362305,3396966
2007-07-23,28.51205288470464,28.634219716481468,28.333498907696576,28.568437576293945,2968436
2007-07-24,28.54024214355823,28.78457578068452,28.211329024554257,28.38048553466797,3528653
2007-07-25,28.934945533179842,28.991330234527926,28.23952930926877,28.756391525268555,2569473
2007-07-26,28.42748372635844,28.74699952089762,27.741464881265866,28.201942443847656,3286360
2007-07-27,28.023385797631356,28.079770494640496,27.497123718261722,27.49712371826172,2356542
2007-07-30,28.01397882891468,28.305302143627674,27.73205541497457,28.079763412475586,1244183
2007-07-31,28.060978177358706,28.267724557133704,27.722669934596617,27.779054641723633,1318788
2007-08-01,27.694466551812482,28.01398224690363,27.431338000030706,27.929405212402344,1983862
2007-08-02,27.741453051739782,27.81663262930439,27.384347604666345,27.722658157348633,1694342
2007-08-03,27.581699050772546,27.64748119319771,27.093029253400744,27.130619049072266,1483396
2007-08-06,27.23398559487743,27.60048848374972,26.95205972951993,27.572296142578125,1740063
2007-08-07,27.374954860574395,27.7226629201896,27.017849352149103,27.47832679748535,1558480
2007-08-08,27.440736293963543,28.07976770383919,27.42194139682849,27.760251998901367,3713043
2007-08-09,27.290369260976973,27.5441027757143,26.79230213185101,27.027240753173828,2972748
2007-08-10,26.162674902369165,26.698334407242374,25.974725920758956,26.407011032104492,2959332
2007-08-13,26.61375171874276,26.858087819162503,26.463392551494767,26.510379791259766,1482507
2007-08-14,27.074231695659538,27.205795967584347,26.41640542875195,26.5291748046875,1920962
2007-08-15,25.918342970837514,25.984125118828878,25.025577887170904,25.08196258544922,4240955
2007-08-16,25.063159762711958,25.26050859793964,24.330154009537328,25.03496742248535,2123078
2007-08-17,25.429670620661696,26.08749700636426,24.771844234959133,25.07256507873535,2579260
2007-08-20,25.55183946525996,25.89954755130251,25.37328547065543,25.805570602416992,2090636
2007-08-21,26.115679634513548,26.491579935903534,26.012307726382662,26.247243881225586,1543148
2007-08-22,26.529177034682366,26.75471825915383,26.425805098052187,26.670141220092773,949188
2007-08-23,26.829895989588135,26.829895989588135,26.566764988218605,26.679536819458008,1231042
2007-08-24,26.792308434386552,27.20579864041531,26.75471863871503,27.130619049072266,1325564
2007-08-27,27.07423821867206,27.365561630336064,27.008456066860724,27.1400203704834,1109211
2007-08-28,27.008443919610883,27.12121327199717,26.435194804364723,26.557361602783203,1317966
2007-08-29,27.074235980699292,27.52531600947571,26.82989984052608,27.48772621154785,839950
2007-08-30,27.243389957850667,27.835434180031633,27.224595058965058,27.468931198120117,1158901
2007-08-31,28.09856144060206,28.11735633696095,27.722661059782446,27.882417678833008,974444
2007-09-04,28.295914010616855,28.94434298340452,28.295914010616855,28.756391525268555,1664569
2007-09-05,28.74699248406529,28.84096697309015,28.42747676773876,28.71879768371582,1321936
2007-09-06,29.602161171056427,29.808905018482985,29.282645498664614,29.564571380615234,1360402
2007-09-07,28.925547647375605,29.047714498456784,28.568442090572916,28.775188446044922,1731165
2007-09-10,29.282651586489457,29.40481843082166,28.418078865673472,28.737594604492188,1531718
2007-09-11,28.916143711051703,29.038310534729384,28.699999953980186,28.963130950927734,992376
2007-09-12,28.850367104844672,29.25445989887096,28.784582502767822,28.93494415283203,2429983
2007-09-13,28.653017612348183,28.662415061929888,28.295912074601244,28.342899322509766,3314764
2007-09-14,28.117356108619298,28.43687179776745,28.070368868103657,28.23952293395996,960139
2007-09-17,28.07037808218915,28.16435259406751,27.64748787145132,27.779054641723633,1362524
2007-09-18,28.136151228424783,29.245057474331812,27.995187052115813,29.15108299255371,1644241
2007-09-19,29.16049199817086,29.423620651437673,29.028925217894656,29.169889450073242,1079711
2007-09-20,29.12289187595324,29.56457690342963,29.07590462912429,29.442407608032227,2069349
2007-09-21,30.119023864364944,30.29757782628434,29.987459595107715,30.053241729736328,1211672
2007-09-24,30.278781653644643,30.532512733653707,30.09083025184816,30.241191864013672,1586337
2007-09-25,30.184808565577782,31.077573543802224,30.184808565577782,31.03998374938965,1957511
2007-09-26,31.256115974252406,31.256115974252406,30.617087201502553,30.739253997802734,1382372
2007-09-27,30.64528592864656,30.77685019824711,30.316372801003457,30.457334518432617,1964698
2007-09-28,30.992994148858184,31.13395586718293,30.73926060223189,30.88022232055664,2221364
2007-10-01,30.74676174019488,31.0906048904446,30.393871344962164,30.927730560302734,1130052
2007-10-02,30.665317342151535,30.93677184896338,30.647222855669316,30.72865867614746,1242472
2007-10-03,30.39387110182638,30.484354182242715,29.769523494685025,29.88715362548828,1480479
2007-10-04,29.353292547679438,29.498067061835073,29.181370984863314,29.407581329345703,1168013
2007-10-05,28.955158223001472,29.62474733332847,28.928013831942927,29.434728622436523,1032570
2007-10-08,29.09089127804474,29.461878871353733,29.045649731342735,29.271860122680664,1335103
2007-10-09,29.118023837678503,29.136120978916317,28.566065016665043,28.882761001586914,2881109
2007-10-10,28.46653678694622,28.65655547252456,28.086499415789547,28.475584030151367,1729189
2007-10-11,28.566081451704335,28.629420153564304,27.64313469105286,27.77886199951172,1406790
2007-10-12,27.824096130448126,28.258422297084547,27.796949083891377,28.195083618164062,1948177
2007-10-15,28.457492622603226,28.819432922485404,28.267476556546956,28.52083396911621,1891890
2007-10-16,28.557028630712928,29.434731012006264,28.484640038243658,29.181373596191406,2056978
2007-10-17,31.307758119062242,31.80542288165181,30.991059461603378,31.497774124145508,2953104
2007-10-18,31.74209577443655,32.08593894133467,31.74209577443655,32.07688903808594,1039962
2007-10-19,31.886879050501424,31.886879050501424,30.891543657152663,30.94583511352539,897127
2007-10-22,31.280618875050468,31.606364855841168,31.15394150674859,31.479684829711914,729806
2007-10-23,32.18546832606371,32.22166261935033,31.85972234431152,32.05878829956055,2090858
2007-10-24,32.52026402439309,32.54741107533545,31.3349127893699,32.38453674316406,1958341
2007-10-25,32.538351845621676,32.538351845621676,31.44348666452576,31.81447410583496,1930313
2007-10-26,31.425392583789026,31.488731260958225,30.855336515785005,31.172035217285156,853468
2007-10-29,31.60636619259886,32.203566739668545,31.60636619259886,31.895917892456055,786247
2007-10-30,31.71495773398365,31.968315208289418,31.506841811501985,31.75115203857422,980518
2007-10-31,31.497788714885303,31.6606630690394,31.15394817177142,31.59732437133789,1293138
2007-11-01,31.063460208227884,31.380156332019542,30.692472636916232,30.891538619995117,1014937
2007-11-02,31.407297110288997,31.49778018025161,30.936773983609083,31.36205291748047,990605
2007-11-05,31.117749350294638,31.543028337618196,31.063457906796994,31.244426727294922,902979
2007-11-06,31.497783036016987,31.506832938530096,30.828196563145422,31.117748260498047,1684221
2007-11-07,31.38014948153464,31.642556758348896,30.81914329528809,30.819143295288086,1354353
2007-11-08,31.009176122501632,31.19014765719884,30.104326422500748,30.810110092163086,1617693
2007-11-09,30.68342905282503,31.02727230010684,30.35768561627205,30.421024322509766,1025871
2007-11-12,30.529600758556096,30.873441275013136,30.022883242744342,30.11336898803711,1201816
2007-11-13,30.21291639864526,30.339596502515665,29.660959733496707,30.240060806274414,3494799
2007-11-14,30.9005905525881,30.991073646568587,30.37577850775514,30.45721435546875,725032
2007-11-15,29.84191299889191,30.140511957496987,29.62474987828571,29.860010147094727,1728265
2007-11-16,29.841912085280114,29.9414450684346,29.28090582382323,29.88715362548828,1127665
2007-11-19,29.606653045887985,29.71523327843547,29.045646761271776,29.145179748535156,842072
2007-11-20,30.104313343812457,30.212896217457423,29.389482736884503,29.850955963134766,1073072
2007-11-21,30.402922399450667,30.50245539587291,29.588558620183694,30.086223602294922,1664047
2007-11-23,30.203861460551842,30.330538874348488,30.05003698820711,30.140520095825195,449372
2007-11-26,30.87344824763837,30.909642553929793,29.923357009887695,29.923357009887695,1130822
2007-11-27,30.08622520311112,30.294341110973466,29.570463043496293,30.004789352416992,2237466
2007-11-28,30.529609261258386,31.506844951276054,30.529609261258386,31.443506240844727,1236620
2007-11-29,30.68342364449469,30.963928136096424,30.592940553769086,30.864395141601562,2569182
2007-11-30,31.841638315359898,31.932124085853562,31.217293143524806,31.443506240844727,1191267
2007-12-03,31.199193597965692,31.298726608965147,30.538654168564374,30.65628433227539,743743
2007-12-04,30.47530510514667,30.52959654482897,30.24909210205078,30.24909210205078,1310540
2007-12-05,31.371117624449795,31.570183661707382,31.199195989426073,31.443506240844727,1015861
2007-12-06,31.036318091892166,31.705904686979398,31.036318091892166,31.651613235473633,1376375
2007-12-07,31.669711911825217,31.696858967800022,31.362062996297958,31.470645904541016,1441132
2007-12-10,31.84162925344059,31.97735654163975,31.642563272835883,31.823532104492188,1432970
2007-12-11,31.80543911239957,31.850683319597692,30.348633049706333,30.37578010559082,1629705
2007-12-12,31.172046355011567,31.22633780819503,30.6653287831273,31.09061050415039,2029874
2007-12-13,31.47063894577876,31.60636622215664,30.954874232411814,31.41634750366211,1362977
2007-12-14,31.22634133581889,31.33492159662404,30.963933944702152,30.96393394470215,793562
2007-12-17,30.782956827973,30.88249248090677,29.841915668551334,29.905254364013672,2463461
2007-12-18,30.194803533597337,30.3033864232871,29.452828427533504,29.742380142211914,3109722
2007-12-19,29.850960524889977,30.131464995758574,28.97325813119334,29.362342834472656,2897664
2007-12-20,29.27186248694616,29.27186248694616,28.719906004420146,28.91897201538086,2459611
2007-12-21,29.03659328944645,29.1180317761325,28.84657458355786,28.909915924072266,1663970
2007-12-24,28.909915121662323,29.09088392052855,28.701799275378452,29.036592483520508,604450
2007-12-26,28.828484898937464,29.136136463483506,28.774196104198516,29.02755355834961,919765
2007-12-27,28.982306926677804,29.000404074359245,28.339862170727955,28.43939781188965,1042811
2007-12-28,28.819435394728593,28.891823992480315,28.502739266306488,28.58417510986328,523600
2007-12-31,28.611322166550085,28.719905073278124,28.24033455530468,28.31272315979004,869330
2008-01-02,28.42129958880412,28.430346833388743,27.534547359449018,27.570741653442383,3233230
2008-01-03,27.416922343825565,27.489308287478725,27.091176294988593,27.100223541259766,2813580
2008-01-04,27.163560543157555,27.172607787978787,25.471491872766602,25.543880462646484,4516435
2008-01-07,25.16384933487662,25.534836964316085,25.028122023724222,25.489595413208008,3543848
2008-01-08,25.869631298653612,26.14108590365608,25.136703333581348,25.209089279174805,1725878
2008-01-09,25.272430895267462,25.66151565590611,24.928587683317204,25.598176956176758,2934162
2008-01-10,24.83809759889177,25.263376587487244,24.69332307362595,25.127649307250977,1520981
2008-01-11,24.322341918945312,24.648085350833483,24.222808908331896,24.322341918945312,1332177
2008-01-14,25.335769594996815,25.68866005355354,25.154800742415222,25.598176956176758,2335564
2008-01-15,25.14574673063982,25.281474012363145,24.58474045566158,24.937633514404297,2262645
2008-01-16,22.521688990658443,23.97849493277958,22.268330222150748,23.16413116455078,11054967
2008-01-17,23.67084510735088,24.240901317257073,23.164130248208313,23.191274642944336,3155768
2008-01-18,23.173176338295043,23.652746778787417,22.983160268962695,23.49892234802246,4578189
2008-01-22,22.23213327682714,23.30890153814173,22.223084703536905,23.082691192626953,2986060
2008-01-23,22.50358882918054,23.906103134155273,22.28642438936769,23.906103134155273,2657886
2008-01-24,24.684276619886138,26.041549611899637,24.684276619886138,25.987260818481445,5623695
2008-01-25,26.10489134960735,26.213474253689938,24.82000694043656,24.910490036010742,1572186
2008-01-28,24.711421787001512,25.06431220640619,24.53045029667009,25.046215057373047,1567643
2008-01-29,24.937632380918124,25.000971067422725,24.503303504448414,24.72046661376953,1094247
2008-01-30,23.969446952400002,24.593794684405506,23.661800696499338,24.059932708740234,3070067
2008-01-31,23.03745296449383,24.249951468140686,23.03745296449383,24.059932708740234,3470467
2008-02-01,24.177560064634996,25.326719734748146,24.105174125769185,25.290525436401367,2113881
2008-02-04,24.286145392381947,24.521405697373936,24.13232093791364,24.195659637451172,2520210
2008-02-05,23.38129230214767,23.625602474824817,22.775044479805832,22.802188873291016,3378067
2008-02-06,22.992207601170172,23.39034220519448,22.720753035007842,22.802188873291016,1394239
2008-02-07,22.186896112491876,22.85648406348734,22.10546026086414,22.702659606933594,2315929
2008-02-08,22.35880909581438,22.68455505386437,22.21403459102949,22.467391967773438,3108105
2008-02-11,22.413107306477865,22.71170896570833,22.340718703291326,22.59407615661621,2678445
2008-02-12,22.259273282281324,22.449291955025224,22.014964509405903,22.06020736694336,2470622
2008-02-13,22.729804576681794,23.86086446462217,22.729804576681794,23.66179847717285,3406711
2008-02-14,23.68893814086914,23.72513243278081,22.98315742207342,22.992204666137695,789327
2008-02-15,22.557879998575217,22.612171446497094,22.204990902738583,22.376911163330078,1584429
2008-02-19,22.874580975205806,22.919822523896823,22.34976891064349,22.40406036376953,1086085
2008-02-20,22.19593799114503,22.648361319771233,22.0330650081176,22.530731201171875,1351427
2008-02-21,22.793146284916972,22.974115146722887,22.259284288738684,22.313575744628906,2353043
2008-02-22,22.385957355978192,22.4764404296875,21.933531356122327,22.4764404296875,1622852
2008-02-25,22.32262185516646,22.485496214544572,22.014974274194284,22.40406036376953,1639561
2008-02-26,22.47644265875701,23.136981919914202,22.422151214450746,22.865530014038086,1708938
2008-02-27,22.919820437208397,23.23651922269641,22.811240198669815,23.100791931152344,1830752
2008-02-28,22.99220841726297,23.01030556617131,22.46739641457646,22.630268096923828,1521751
2008-02-29,22.10545414691452,22.17784140290556,21.698271014652903,21.788755416870117,1536535
2008-03-03,21.598737709046265,21.996870933193094,21.472059016313803,21.815900802612305,3274194
2008-03-04,21.23679746692358,21.39062320763175,20.802471279402127,21.272993087768555,1959111
2008-03-05,21.417773147669205,21.824955050669132,21.32728872330722,21.607791900634766,2147915
2008-03-06,21.770658943352554,21.82494905148102,21.372525725118102,21.408720016479492,1456378
2008-03-07,21.381578846240473,22.005923860466837,21.30014167335405,21.56254768371582,971355
2008-03-10,21.743518219335492,21.779712519010744,21.390627784243556,21.426820755004883,1345036
2008-03-11,21.951636925574768,22.03307278136215,21.43587207587435,21.978782653808594,911141
2008-03-12,21.897342406850257,21.951633855725465,21.526354826278062,21.553499221801758,908908
2008-03-13,20.947251244254613,21.698274976279283,20.76628107786536,21.56254768371582,2437435
2008-03-14,21.490159914857042,21.526354213076146,20.304807279492344,20.549116134643555,3567718
2008-03-17,20.09669090794444,20.54006570543878,19.76189633747549,20.114788055419922,1783782
2008-03-18,20.431488962680426,21.218707089831632,20.42244038681105,21.08298110961914,2866325
2008-03-19,20.485775578787386,20.902005983715306,20.223369598388672,20.223369598388672,3026639
2008-03-20,20.31385396271588,20.838667251288282,20.187175259657366,20.811521530151367,1345575
2008-03-24,21.001540398122046,21.90638985954258,20.838668717667083,21.535402297973633,1126587
2008-03-25,21.598737712841455,21.86114367132721,21.372526046260948,21.707319259643555,1003926
2008-03-26,21.68923221839215,21.815910970164676,21.481117600806655,21.662086486816406,1496957
2008-03-27,21.815903910591377,21.824952484855192,21.291091918945312,21.291091918945312,2404017
2008-03-28,21.6168387933278,21.85209907570492,21.472062928269448,21.589693069458008,2931467
2008-03-31,22.051165576619116,22.539784601543705,21.99687413087844,22.449298858642578,1851080
2008-04-01,22.910776070418454,23.58036270866869,22.82029031207594,23.489879608154297,2747976
2008-04-02,23.51701462236968,24.177553750114154,23.390337269068386,24.068973541259766,2959341
2008-04-03,23.336046884452944,23.942294606101555,23.31794973919275,23.716081619262695,2241162
2008-04-04,23.53512085675027,23.906108474457263,23.345102095580618,23.725139617919922,2021173
2008-04-07,23.854546401126726,24.40524760889238,23.854546401126726,24.12071990966797,1604141
2008-04-08,22.74397362319396,22.80822410111702,22.48698114741448,22.73479652404785,5870480
2008-04-09,22.716432636859523,22.79903728764617,22.33094201987664,22.670541763305664,4057284
2008-04-10,22.4227254946352,23.193708043293274,22.22997817248685,22.808216094970703,2182719
2008-04-11,22.496150416096352,22.560398171831192,21.89955698777022,22.00969696044922,1238776
2008-04-14,22.110657359383914,22.349295527306744,21.96380496864406,22.046409606933594,1348424
2008-04-15,22.376838526083198,22.523692315146445,21.954634051024787,22.48697853088379,1969814
2008-04-16,23.404809146694326,25.093626718264712,23.404809146694326,24.983488082885742,6750590
2008-04-17,24.754025598223873,25.644325159388327,24.717311825148688,25.497472763061523,5242006
2008-04-18,25.80036281784335,25.947217941284183,25.53419195056861,25.94721794128418,3475472
2008-04-21,25.36897948077342,25.52501169863788,25.249661043109356,25.460763931274414,2244935
2008-04-22,25.14869992152191,25.43323037490723,24.928419932562814,25.341445922851562,3527832
2008-04-23,26.057359103841915,27.22301232279163,26.057359103841915,27.05780029296875,4170551
2008-04-24,26.507091696331145,27.112863582007996,26.268454858695364,26.837512969970703,4750438
2008-04-25,27.241358882276288,27.241358882276288,26.48873197939494,26.97518539428711,2880416
2008-04-28,26.69065934817618,26.77326398881629,26.20420590355542,26.222562789916992,2855622
2008-04-29,25.993108405316914,26.05735617281159,25.607616408399906,25.83707618713379,3166625
2008-04-30,26.02981948852539,26.396954557264188,25.846253302143086,26.02981948852539,1331407
2008-05-01,26.250102342601515,26.782446768120117,25.88296992940043,26.54380989074707,1195271
2008-05-02,26.89258919528375,27.26890141679206,26.89258919528375,27.15876007080078,1290597
2008-05-05,26.681483660720577,26.754911217460293,26.396955922315666,26.470380783081055,1859242
2008-05-06,26.736553139217065,27.369859047996204,26.681482474111444,27.241363525390625,3037573
2008-05-07,27.64520918036368,27.792064284670882,27.048617059051058,27.177112579345703,5066908
2008-05-08,26.97519153397631,27.149580635458687,26.754911556936495,27.0853328704834,3444672
2008-05-09,26.837519903183253,27.048622812541304,26.681487669654437,26.754915237426758,1334179
2008-05-12,26.764089157299296,27.00272602824758,26.690664294220568,26.883407592773438,2912063
2008-05-13,26.56216676348551,26.846697214301894,26.49791899561387,26.773269653320312,3516205
2008-05-14,27.030261217072805,27.333145837466688,26.883406107082365,26.993547439575195,2464000
2008-05-15,27.31479161248963,27.700283617833914,27.213830062512443,27.681926727294922,3213056
2008-05-16,27.663569681201352,27.893029463661204,27.149582140948848,27.8104248046875,2211517
2008-05-19,27.70945315221469,27.856308236444608,27.26889329147251,27.36067771911621,1611841
2008-05-20,27.167940802504702,27.544253037008573,27.15876100870112,27.480005264282227,2184182
2008-05-21,27.323969736941063,27.599320382234424,27.066975981065553,27.0853328704834,1611302
2008-05-22,27.415752829800795,27.764528319563063,26.966013105240418,27.29643440246582,2014012
2008-05-23,26.5805232423314,26.809983018860137,26.33270657584138,26.663127899169922,4148144
2008-05-27,26.626413264814616,27.158757664660005,26.626413264814616,27.131223678588867,1657579
2008-05-28,27.259721479541998,27.323969243356707,26.883406601261104,27.25054168701172,1159312
2008-05-29,26.782440045300085,27.2688934710546,26.764083159650454,27.186288833618164,1078847
2008-05-30,27.34232556680907,27.553428438946636,27.259720915616967,27.49835777282715,805035
2008-06-02,26.809985637584525,26.96601786950895,26.57134874075298,26.74573516845703,1213135
2008-06-03,27.13122588675438,27.241367231951862,26.727379679646088,26.910945892333984,1013166
2008-06-04,26.764089637889256,27.35150472891346,26.745732747796346,26.94765853881836,1412180
2008-06-05,26.855874809942016,26.910945481700434,26.48873969419375,26.800804138183594,1519287
2008-06-06,26.286816462228725,26.295993559488622,25.67186737060547,25.67186737060547,1235773
2008-06-09,26.03899584083029,26.084889408095517,25.148696222743116,25.48829460144043,1170400
2008-06-10,24.7448523413299,24.937598352886,24.561286123453666,24.754032135009766,2511740
2008-06-11,24.955950245995187,24.98348692554499,24.51539033293944,24.561281204223633,1228150
2008-06-12,24.799919837695594,25.258839367543537,24.77238585213341,24.882524490356445,1413720
2008-06-13,24.900879834048236,25.231301120160108,24.772384314766704,25.038555145263672,1058827
2008-06-16,25.28637885326674,25.745295786961595,25.27720175474129,25.662691116333008,1007930
2008-06-17,26.103242842203095,26.121599727485645,25.56171877032845,25.598432540893555,1084622
2008-06-18,25.01102185004769,25.222124718650164,24.689780347024865,24.698957443237305,2090704
2008-06-19,24.09318975162151,24.15743752432072,23.22124683535827,23.927980422973633,5727183
2008-06-20,23.35892240912432,23.41399308455152,22.707259489839213,22.771507263183594,3318469
2008-06-23,22.808221028739073,22.945896369210693,22.349302777837895,22.39519500732422,2362437
2008-06-24,23.487412726334256,23.652624715831365,22.83574995214204,22.89999771118164,7311843
2008-06-25,22.734789463458835,23.239599855071226,22.67054170146384,22.945892333984375,5355658
2008-06-26,22.77150438150491,22.817395257232846,22.193267754643163,22.239158630371094,2171400
2008-06-27,22.257515930372104,22.698077242201343,22.018879058626467,22.560401916503906,3105718
2008-06-30,22.5420487936931,22.698079677971897,22.37683811552969,22.39519500732422,1441209
2008-07-01,22.08312643865656,22.597113921429717,21.89955890281453,22.450260162353516,3435894
2008-07-02,22.532872697541794,22.5787635838263,21.532430078337097,21.5507869720459,2773155
2008-07-03,22.08312876708007,22.220804096481167,21.651745888558327,21.890382766723633,1719718
2008-07-07,22.07394704431752,22.28504990364724,21.5874949150575,21.87202262878418,1271578
2008-07-08,21.22954258039651,21.45900102556427,20.871587244176332,21.03679656982422,4000381
2008-07-09,21.532422807695042,21.559959486947697,20.77979850769043,20.77979850769043,2507967
2008-07-10,20.65130416536166,21.009260819559803,20.559519716599464,20.926654815673828,2059596
2008-07-11,20.733906507494165,21.09186312174673,20.51362655102109,20.816511154174805,2747976
2008-07-14,21.009262084960938,21.18364985213818,20.83487162180912,21.009262084960938,1979285
2008-07-15,21.60585614157413,22.39519577589099,21.036797868363973,21.660926818847656,4115034
2008-07-16,20.07306630570626,21.413105696023482,19.761001894924288,20.86240577697754,11241076
2008-07-17,20.926661711786213,21.47736319388715,20.60541873123145,21.38558006286621,5050507
2008-07-18,21.495710524111487,21.780239586447564,20.972544618521617,21.59667205810547,1886962
2008-07-21,22.028056315869932,22.101482523222337,21.679279471968506,21.780241012573242,2516206
2008-07-22,21.101044260379815,21.578319357672935,20.981725823053342,21.29378890991211,2666048
2008-07-23,21.293785788686538,21.6517423961842,21.07350583637031,21.1652889251709,2535995
2008-07-24,20.917476386666117,20.945011721315662,20.348418195857633,20.486093521118164,2926847
2008-07-25,20.88994229438338,21.202006742996268,20.761445406364064,21.009262084960938,1666126
2008-07-28,21.18364894864212,21.202005838717273,20.587055413148565,20.642126083374023,1628627
2008-07-29,20.85322984403608,21.257077398630273,20.779802280662253,21.22036361694336,1951796
2008-07-30,21.37639210248459,21.780239586447564,21.35803521485168,21.59667205810547,2384459
2008-07-31,21.082689238487962,21.514072148885663,20.862409234364065,20.917478561401367,3346035
2008-08-01,21.04596309019412,21.082676851973783,20.52279737678017,20.60540199279785,2003463
2008-08-04,20.926659576454533,21.045978039002932,20.80734111390613,20.834875106811523,1917377
2008-08-05,21.596668572895204,22.129012836393294,21.486528612858844,22.092300415039062,1957340
2008-08-06,22.26669863688497,22.30341107335085,21.93627727278037,22.211627960205078,2695385
2008-08-07,22.220801246863502,22.56957807422475,22.083125935118023,22.193265914916992,1074150
2008-08-08,21.11939738764142,22.092302950948707,21.082683614086093,22.00969696044922,2463538
2008-08-11,22.239162116522966,22.67054639109336,22.211628125964925,22.477800369262695,1888810
2008-08-12,22.72561010876961,22.936710262342505,22.496150372480674,22.789857864379883,1992606
2008-08-13,22.918354612811964,23.230419008299556,22.835749966000336,23.129457473754883,1700776
2008-08-14,22.505333083717446,22.762325502881044,22.45944085815935,22.606294631958008,2348423
2008-08-15,22.57875246212579,22.725607539459247,22.386007869099295,22.624643325805664,932932
2008-08-18,22.220796469377653,22.404363961566855,21.76187841289805,22.055585861206055,1010317
2008-08-19,21.6517469832347,21.816957656466244,21.37639631051123,21.477357864379883,1901977
2008-08-20,21.44064139815273,21.532424494909588,21.06432921866376,21.22953987121582,1812349
2008-08-21,21.413103348657163,21.81695215833165,21.32132026354222,21.697633743286133,2339183
2008-08-22,21.587499262375665,21.807779261874987,21.49571480592818,21.642568588256836,980749
2008-08-25,21.72516747663947,21.771059692665307,21.413103103637695,21.413103103637695,1083852
2008-08-26,21.844490123495344,21.982164093782718,21.624208805463848,21.780241012573242,1201354
2008-08-27,21.807772608392806,22.24833247297804,21.6976326422465,22.22079849243164,2194654
2008-08-28,22.54204318853405,22.597112502237103,22.38601099506586,22.496150970458984,1074458
2008-08-29,22.110665784703265,22.165736463205704,21.670105748633464,21.706819534301758,1287440
2008-09-02,22.587935169590263,22.643004486001853,21.890380160475786,22.018877029418945,1944943
2008-09-03,21.660923873954513,21.79859920043339,21.110222568039006,21.192827224731445,2047892
2008-09-04,20.55952017226833,20.733909280794347,20.06388952991644,20.15567398071289,1962345
2008-09-05,19.549902072194854,20.201564935406456,19.522366736850582,20.0914249420166,3091011
2008-09-08,20.155671280623398,20.284168146537525,19.494828715365546,19.889497756958008,2583350
2008-09-09,19.614151262307594,19.770183492585726,19.146054571473197,19.228660583496094,2509122
2008-09-10,19.311260158553882,19.5774336680528,19.109337100573022,19.37550926208496,4072453
2008-09-11,18.89823514310741,19.329617957499096,18.824808940736528,19.28372573852539,3307150
2008-09-12,18.705487727295953,18.705487727295953,18.191500306419716,18.402603149414062,4132359
2008-09-15,18.182321605694984,18.6320598852532,18.063001856111892,18.118072509765625,4127508
2008-09-16,18.16397156495633,18.99920203881479,18.16397156495633,18.898239135742188,4056899
2008-09-17,17.842727176905107,18.026294728334502,17.181884530954182,17.58573341369629,4416258
2008-09-18,17.861078018071986,18.613703567663414,17.438875052480608,18.37506675720215,3129742
2008-09-19,19.32961654663086,19.907853071545883,19.136871936983816,19.32961654663086,3518438
2008-09-22,18.990022281992427,19.090983830107223,18.219039633513095,18.22821807861328,3211439
2008-09-23,18.365887877010238,18.365887877010238,17.420517752260523,17.457231521606445,2673055
2008-09-24,17.594910651398408,17.604089095739464,17.13599247830705,17.22777557373047,3763914
2008-09-25,17.613263092486687,17.640798420664147,17.200237213785474,17.26448631286621,3050971
2008-09-26,16.833104770403292,17.273666009256413,16.805569440227412,17.117633819580078,5506963
2008-09-29,16.227331372948388,16.291580470652043,14.804686260807497,14.951539993286133,5112184
2008-09-30,16.17227201507028,16.291590493367305,15.841850576718754,16.16309356689453,3232999
2008-10-01,16.25486876734467,16.48432716377396,15.97033970873858,16.383365631103516,1906289
2008-10-02,16.4751463640288,16.484324806412356,15.603203773498537,15.603203773498535,3099943
2008-10-03,15.685813614012497,16.208979611597744,15.38292761078295,15.392106056213379,2720949
2008-10-06,15.419641857577869,15.483890977528688,14.070423818483944,14.758800506591797,3930927
2008-10-07,15.410459041669219,15.456351257191097,13.960278511047363,13.960278511047363,2493876
2008-10-08,14.53851677515115,15.14428870061202,13.877675532458358,14.272344589233398,5473545
2008-10-09,14.740443174918719,14.777156956651213,13.308619167224302,13.455472946166992,2692921
2008-10-10,13.483007185106665,14.20809622738591,12.767095239526347,13.565611839294434,3991218
2008-10-13,14.400840966536993,14.841402229228727,13.840961281280489,14.804688453674316,2072994
2008-10-14,14.244810045344101,14.373306923316129,13.134229019165534,13.427936553955078,3803107
2008-10-15,13.042444200620677,14.41919873623375,13.042444200620677,13.620680809020996,8365049
2008-10-16,13.804252584655094,14.47427108168984,13.051625374321754,14.391666412353516,4248244
2008-10-17,13.758357613039733,15.098398515514326,13.45547295745443,14.06124496459961,3512509
2008-10-20,14.5293362841339,15.832663045494641,14.474265626672928,15.64909553527832,6019706
2008-10-21,14.887296340637917,15.355392994483966,14.501805692287354,14.520162582397461,2646644
2008-10-22,14.079600877760074,14.327416215204785,13.125051962722699,13.38204574584961,2466772
2008-10-23,13.914390035018267,14.189740679500936,13.271904299233919,14.006173133850098,4435200
2008-10-24,13.03326490234462,14.777152877386674,12.978194244948249,14.382482528686523,3636325
2008-10-27,14.95154059650135,15.135108106502333,14.263164118981305,14.382482528686523,3375757
2008-10-28,14.593587188708023,15.52977904537738,14.042885937962861,15.511422157287598,2732422
2008-10-29,15.135110049739735,15.685811302461783,14.951542516170024,15.236071586608887,3624775
2008-10-30,15.465532096785134,15.75005983314945,15.024970803467976,15.621562957763672,1769152
2008-10-31,15.180994939749255,16.438430498997516,15.107568764048763,16.108009338378906,2531683
2008-11-03,15.961162223742278,16.319117505430828,15.805130019523029,16.245691299438477,3595900
2008-11-04,16.686252140611042,17.5031255692313,16.54857682850665,17.292022705078125,3115420
2008-11-05,16.58528684402111,16.952421854886815,15.878553498289532,15.924447059631348,2670052
2008-11-06,15.54813731069315,15.704169525290276,14.382485597637258,14.437556266784668,3243240
2008-11-07,15.05250922089844,15.520605985614985,14.804693841690437,15.208542823791504,3196347
2008-11-10,16.016231796097557,16.02541023971855,14.905649553866681,15.061681747436523,2271038
2008-11-11,14.89647483755196,14.93318726991275,14.253989073410441,14.364129066467285,2352119
2008-11-12,13.648217532442096,14.02453109724463,13.437115984566091,13.501363754272461,2550702
2008-11-13,13.382041670001,14.667011542251899,12.858875817408741,14.657833099365234,2997148
2008-11-14,13.68492859204306,14.43755422396328,13.620679487128584,13.831782341003418,1798489
2008-11-17,13.694106537621218,13.822603394790418,13.271902193211863,13.299437522888184,1175559
2008-11-18,13.26272491333238,13.620680186561867,12.913946736146347,13.354509353637695,1999074
2008-11-19,13.024088975614093,13.216834965751739,12.170501708984375,12.170501708984375,2267419
2008-11-20,12.097078276076786,12.730385782463063,11.601447486720252,11.619804382324219,2694461
2008-11-21,12.666134054906045,12.684490946752087,11.86761734752741,12.647778511047363,3247860
2008-11-24,13.17094303272104,13.99699498354192,12.95984014858475,13.767535209655762,1719949
2008-11-25,13.978638926512753,13.978638926512753,13.326976041508251,13.666574478149414,1955415
2008-11-26,13.52890054156336,14.410023305092126,13.446295872227035,14.391666412353516,1696772
2008-11-28,13.767535780770478,14.070423126220703,13.740001792990695,14.070423126220703,471394
2008-12-01,13.161763996503465,13.253547093141899,12.620241165161133,12.620241165161133,1895663
2008-12-02,12.767094449055618,13.20765572274992,12.58352691468622,13.014909744262695,2228534
2008-12-03,12.52845797816809,13.317796108332528,12.52845797816809,13.244368553161621,2242317
2008-12-04,12.913947948039919,13.281083047740358,12.721203301285035,12.904770851135254,2399474
2008-12-05,12.748737837734554,13.079159137179115,12.44585187124156,13.005731582641602,3379068
2008-12-08,12.886414293927709,13.40040182918881,12.840522068283953,13.271904945373535,2620772
2008-12-09,13.024088994762938,13.914390041392075,12.932304547901886,13.565611839294434,2692998
2008-12-10,14.272342861251046,15.00661156866976,14.06124136611082,14.740439414978027,3235386
2008-12-11,14.868941036589538,15.217719289911102,14.345773656607193,14.575233459472656,1655038
2008-12-12,14.446729215583973,15.171817995584979,14.446729215583973,15.089213371276855,2239468
2008-12-15,15.511423642325655,15.538958977096517,15.015793008398985,15.41964054107666,2463538
2008-12-16,15.373749722972795,16.025413980220502,15.181003709930017,15.979521751403809,2881417
2008-12-17,15.465527389700474,16.21815152389334,15.465527389700474,15.915266990661621,2859703
2008-12-18,16.21815550872884,16.511863020378776,15.419638969673308,15.713346481323242,4435816
2008-12-19,16.034592141026025,16.153910585841633,15.786775457807275,15.988699913024902,1892121
2008-12-22,16.163090142158165,16.163090142158165,15.493068959247632,15.786776542663574,1735503
2008-12-23,16.1906192011162,16.264045394497213,15.83266263292148,15.924447059631348,1618771
2008-12-24,15.851022581786982,16.09883788582507,15.851022581786982,15.961162567138672,466928
2008-12-26,15.91527512661383,16.117198251992217,15.91527512661383,16.03459358215332,375760
2008-12-29,16.016234991291242,16.07130431601635,15.630742978279056,15.768418312072754,1222606
2008-12-30,16.144729279344723,16.502684550360748,15.961161747856288,16.429258346557617,874797
2008-12-31,16.355836243696654,16.649543852731696,16.30994535652635,16.585294723510742,1101331
2009-01-02,16.24569261890165,16.778037036540937,16.071303512023782,16.70461082458496,2020865
2009-01-05,16.337474749936604,16.76885894299205,16.309940764581423,16.631183624267578,1298528
2009-01-06,16.778033127574332,17.19105901206587,16.6770716041618,17.025848388671875,2097403
2009-01-07,16.392546126648142,16.576112327573668,16.062126156189876,16.27322769165039,1948485
2009-01-08,16.328296306112005,16.401723861694336,15.924450142357763,16.401723861694336,1676675
2009-01-09,15.951986954828973,15.988700739126793,15.43799936660901,15.49306869506836,1437128
2009-01-12,15.052503609600747,15.162643587303076,14.777154339338448,14.914828300476074,1547931
2009-01-13,14.777158620174252,15.272789337408886,14.74962328077512,15.034151077270508,2116422
2009-01-14,14.593588811001743,14.657836578470992,14.1713843819637,14.290702819824219,2965347
2009-01-15,14.83222108812941,15.364565344914334,14.61194117083455,15.180997848510742,3920994
2009-01-16,15.594036686437436,15.594036686437436,14.859767501004075,15.337042808532715,2281356
2009-01-20,15.153469094039133,15.26360909065763,14.593589317575555,14.639481544494629,1737813
2009-01-21,15.125932337622867,15.263607657465643,14.611944836339742,15.199359893798828,2150610
2009-01-22,14.437561421242084,14.868944439613003,14.336598491759666,14.621129035949707,1610840
2009-01-23,13.905210687965742,15.015791638507814,13.896032243879471,14.88729476928711,2391235
2009-01-26,14.859754906371872,15.327851368090421,14.78632737606935,14.924002647399902,1600445
2009-01-27,15.217716790540218,15.667455180396862,15.171823219919876,15.621562957763672,1541463
2009-01-28,16.759683449339764,16.76886189540321,16.25487295981243,16.47515296936035,2903747
2009-01-29,15.82348950225565,15.82348950225565,15.16264680004474,15.300323486328125,2091012
2009-01-30,15.4838850937681,15.60320349463505,15.061679447643792,15.180997848510742,1245090
2009-02-02,15.043324985609049,15.49306468282602,15.015791002503546,15.318676948547363,1916222
2009-02-03,15.373743731942659,15.878552660256775,15.080036277946034,15.795948028564453,2512818
2009-02-04,15.483884926732998,16.062121388377697,15.42881427400996,15.6307373046875,2183258
2009-02-05,15.667452785144517,16.126370897355194,15.38292374429207,15.942803382873535,2656577
2009-02-06,16.392550525259175,16.9432519717798,16.31912294679639,16.796398162841797,2264493
2009-02-09,17.053386688232422,17.1176357994072,16.750502065227042,17.053386688232422,2663584
2009-02-10,16.447618368193456,16.70461352149858,15.77759851547505,15.970344543457031,2845304
2009-02-11,15.979513312254145,16.208971639180707,15.60320127865833,15.805124282836914,1859781
2009-02-12,15.548130633162376,15.851016487416876,15.25442321982387,15.805124282836914,1956262
2009-02-13,16.30994309790168,16.640364449305753,16.14473242219964,16.282407760620117,2395085
2009-02-17,15.465528845508276,15.493062825312641,14.896470796436894,14.97907543182373,2455838
2009-02-18,15.052503346548175,15.052503346548175,14.611943443437937,14.786331176757812,1493646
2009-02-19,14.79551400864068,14.859763133225817,14.27234795753997,14.391666412353516,2429119
2009-02-20,13.951105553240888,14.419202291649546,13.914393114375729,14.208099365234375,2743741
2009-02-23,14.0428876930696,14.088778571042505,13.45547259272862,13.510541915893555,1737967
2009-02-24,13.675751684294964,14.19891763397439,13.556433252612564,14.116312980651855,1599983
2009-02-25,14.006174932043661,14.611946966872916,13.740002698070166,14.281525611877441,2762760
2009-02-26,14.529339739330903,14.795511951049715,14.070422876636252,14.153027534484863,2696463
2009-02-27,13.850139443271454,14.235630034785524,13.767533449955348,13.886853218078613,2631398
2009-03-02,13.483008349512692,13.657396117634638,13.042445662506568,13.106696128845215,2884035
2009-03-03,13.33615410554984,13.372866538199485,12.877235891550429,13.13422966003418,2057209
2009-03-04,13.556435961938305,14.520164748568106,13.556435961938305,14.327417373657227,4253865
2009-03-05,13.730823323763637,13.99699553973919,13.345332667659795,13.464651107788086,3644718
2009-03-06,13.749178074891555,14.00617317882279,13.11587212974279,13.427936553955078,2336180
2009-03-09,13.308617231280575,13.666572507140417,13.12504969730812,13.15258502960205,1533994
2009-03-10,14.033708736998602,14.685371581973609,13.877676522401476,14.437556266784668,2951872
2009-03-11,15.32785464174544,15.493063924237424,14.657833676581532,15.006611824035645,5079844
2009-03-12,14.703730008031693,15.061685350929777,14.584411560398998,15.024972915649414,5065368
2009-03-13,14.997434115108522,15.373746262745401,14.93318500922594,15.318676948547363,2176944
2009-03-16,15.841844270402733,15.878556700503562,15.061683225968899,15.199359893798828,3445904
2009-03-17,15.024973593418238,15.795954988894534,14.859762909248346,15.786776542663574,2190342
2009-03-18,15.557310696257208,16.46596700578073,15.45634918364054,16.365005493164062,2578114
2009-03-19,16.8514639623225,16.869820851617487,16.245692007536693,16.328296661376953,3959494
2009-03-20,16.172264736571456,16.392544697674687,15.346212860453715,15.511422157287598,3687915
2009-03-23,15.860203823046433,16.47515296936035,15.759240916348539,16.47515296936035,1797180
2009-03-24,15.915275053216831,16.245695079036047,15.658279902485319,15.704172134399414,2195732
2009-03-25,16.45678976042635,16.49350353058784,15.538954942297059,16.007051467895508,4282509
2009-03-26,16.108013342456086,16.778032922718896,16.09883489971366,16.71378517150879,3251171
2009-03-27,15.933625275559384,16.09883454531238,15.786770194913412,16.007051467895508,2005696
2009-03-30,15.951118047123181,16.044344439637175,15.718051381246026,15.913826942443848,3616844
2009-03-31,16.286738272722957,16.613031391654793,16.230801605325425,16.32402801513672,2732345
2009-04-01,16.007049638577982,16.696929439099872,15.960437137677006,16.5664119720459,3294753
2009-04-02,16.81812656902282,17.377487614356113,16.58505855401113,17.153743743896484,2061136
2009-04-03,17.00458135748019,17.731751018058556,16.911353600236637,17.694459915161133,2844842
2009-04-06,17.797006285720606,17.797006285720606,17.256290855309885,17.72242546081543,3974432
2009-04-07,17.023224438100613,17.246968284641397,16.74354257614852,16.818124771118164,1765995
2009-04-08,17.200358313587305,17.33087581519966,16.920677757391626,17.17238998413086,1892352
2009-04-09,17.302908194002597,18.113982935517267,17.293585417135507,17.871593475341797,2680909
2009-04-13,17.80633237738189,18.216530413742255,17.554618794619397,18.113981246948242,2040423
2009-04-14,17.908882674854436,18.37501739663243,17.89023712168119,18.263145446777344,3641484
2009-04-15,18.095336837402513,18.6360524026891,17.703784328317514,18.263145446777344,3435355
2009-04-16,17.880911040698187,18.80385609725057,17.880911040698187,18.691984176635742,4558862
2009-04-17,18.859797863194615,19.493741246811197,18.757248681439407,19.28864288330078,4234076
2009-04-20,18.40298678544017,18.44027789393268,17.843625634790442,17.899560928344727,2770614
2009-04-21,17.759720324892232,18.225855065206705,17.713107809289905,18.179241180419922,2566795
2009-04-22,17.83429982330017,18.943699158720847,17.81565427222631,18.664018630981445,4663197
2009-04-23,18.915727937896776,19.03692400133318,18.47756166225573,18.99030876159668,2785013
2009-04-24,18.71995368957161,18.934374770287363,18.617403167400994,18.738597869873047,1775620
2009-04-27,18.300439064147856,18.49621604479279,18.0394040027444,18.160598754882812,2174788
2009-04-28,17.84363126506602,18.17924723984348,17.797017364742103,18.002117156982422,1380456
2009-04-29,18.337733139877102,18.738607176169364,18.281795094455337,18.375022888183594,1009778
2009-04-30,19.02760810926443,19.997167383144564,18.934380334440217,19.717485427856445,4476241
2009-05-01,19.680195346959,20.04377955493566,19.325932547119113,19.745454788208008,1849540
2009-05-04,19.87597450961524,20.668402454851257,19.87597450961524,20.621789932250977,2875796
2009-05-05,20.41668597954092,20.4632998617412,19.661547933818277,20.034456253051758,1951026
2009-05-06,19.73613240378574,19.969200488442212,19.335257050732928,19.68951988220215,1934548
2009-05-07,19.41915866672349,19.465771180176198,18.18856311857915,18.496212005615234,3311770
2009-05-08,18.56147428994252,18.691991812172578,17.815658899210334,18.40298843383789,2530451
2009-05-11,17.731753191519882,18.086014604915995,17.57326598477934,17.871593475341797,1610455
2009-05-12,18.113981540985254,18.207207933294544,17.45206991111785,17.834300994873047,1395548
2009-05-13,17.629197825096714,17.666488922367442,17.079159617089733,17.2189998626709,2161544
2009-05-14,17.76903931757592,17.964816222801332,17.58258518732239,17.824975967407227,1489026
2009-05-15,17.927528422855772,18.272467052756287,17.82497924847285,17.86227035522461,1509585
2009-05-18,17.93685316786838,18.794540502171795,17.93685316786838,18.626731872558594,2603986
2009-05-19,18.785219083466508,19.26999945195529,18.710638225567667,18.953027725219727,2234925
2009-05-20,19.279318893129165,19.614934749356504,18.82250693886993,18.915733337402344,1469006
2009-05-21,18.701310835072753,18.88776361842928,18.356370858249832,18.524179458618164,2001769
2009-05-22,18.654699069262985,18.72927991722291,18.21653265109302,18.477567672729492,1519826
2009-05-26,18.430952169928045,19.139476272079083,18.402983843030455,19.074216842651367,1854468
2009-05-27,18.96234834231145,19.158125296906686,18.673344983672276,18.775894165039062,1790404
2009-05-28,18.8691229722052,19.018286059183232,18.272470624293078,18.841156005859375,2244242
2009-05-29,19.148795361799287,19.353893647867494,18.9623412542231,19.297958374023438,1236158
2009-06-01,19.614936734422486,20.50991517997097,19.58696840127699,20.36075210571289,2735964
2009-06-02,20.63110962238605,20.705691843027573,20.220911516411324,20.286170959472656,2690072
2009-06-03,19.8200331011313,19.866646981772337,19.344575626145716,19.558998107910156,1576421
2009-06-04,19.736128353183435,19.894615549267805,19.437803621048268,19.801387786865234,2183104
2009-06-05,19.66154639475527,19.773419703278744,19.046250043797524,19.13015365600586,2490565
2009-06-08,18.785211997979147,19.195409984664177,18.710631168211027,19.083538055419922,1144220
2009-06-09,19.148799235806276,19.59628699382629,19.148799235806276,19.48441505432129,1841147
2009-06-10,19.894619475983617,20.071749521140976,19.596291946597123,19.92258644104004,3117422
2009-06-11,19.736129912236432,20.043778814098893,19.736129912236432,19.79206657409668,1451065
2009-06-12,19.829357490447336,19.885294151767223,19.447126376463647,19.838680267333984,1510278
2009-06-15,19.381869048175243,19.52170933763492,19.036930397739777,19.400514602661133,2119964
2009-06-16,19.484414267768653,19.633577304148623,19.176766788845164,19.279315948486328,1927695
2009-06-17,18.980993821597853,19.34457802819176,18.65469935496277,19.23270606994629,1910755
2009-06-18,18.962350503605165,19.167450258900136,18.841155753779137,18.953027725219727,1552628
2009-06-19,19.036926527812955,19.4284789848663,19.00895683258545,19.279315948486328,1225224
2009-06-22,18.99031004955993,19.26066914791651,18.69198536534326,18.738597869873047,1231153
2009-06-23,18.971664662764834,18.971664662764834,18.328400092341543,18.691984176635742,3724875
2009-06-24,19.05557191864832,19.48441410431087,19.018279448385904,19.223379135131836,943635
2009-06-25,18.887760992805067,19.78273915756731,18.85979266843422,19.6522216796875,1308923
2009-06-26,19.978521540549604,20.06242516749891,19.792067362770076,19.931907653808594,1371986
2009-06-29,19.969196817971365,20.08106876606766,19.79206543479468,20.034456253051758,765457
2009-06-30,20.304813273718228,20.398041040926245,19.922583535718623,20.183618545532227,997843
2009-07-01,20.854858805154446,21.115893887721192,20.715018484551916,20.76163101196289,1678908
2009-07-02,20.528560443751456,20.603142664413188,20.276848187387206,20.57517433166504,2280124
2009-07-06,20.286171253176132,20.528560735401303,19.95055399379931,20.36075210571289,1843149
2009-07-07,20.47262438769015,20.556528013636346,19.98784407893298,20.043779373168945,1911525
2009-07-08,19.83867839673117,19.903937828784347,19.47509287080351,19.773420333862305,1850464
2009-07-09,20.137010518061803,20.323463355654606,19.885298228882213,20.202268600463867,1271963
2009-07-10,19.568321119227512,19.98784194248602,19.512384461785974,19.801387786865234,1948870
2009-07-13,20.183621469369278,20.519238741567438,19.903942234783635,20.500593185424805,1478477
2009-07-14,20.398042439060173,20.659077466765783,20.314137442821895,20.50991439819336,2696925
2009-07-15,21.395565240224432,21.94560350452098,21.218433879245346,21.805763244628906,5605369
2009-07-16,21.591345739942273,21.917640190310994,21.320987950499994,21.852380752563477,3267495
2009-07-17,21.871024585635332,22.225287360775596,21.703217343920908,22.19731903076172,2216445
2009-07-20,22.271900635947084,22.421063689430103,22.001542858231186,22.40241813659668,2354968
2009-07-21,22.36512622458696,22.393094552828735,21.787119584327517,22.262577056884766,2019479
2009-07-22,22.421062186176602,22.961777705355328,22.327834428260076,22.700742721557617,2264339
2009-07-23,22.4769994717681,22.98974807838103,22.43038695784649,22.82193946838379,1985368
2009-07-24,22.691417141484433,22.840580166532526,22.40241386602776,22.79396629333496,1018479
2009-07-27,22.728709022892208,22.747354572813446,22.141379677109843,22.47699546813965,1913989
2009-07-28,22.253255797492983,22.7660044093194,22.253255797492983,22.710067749023438,1527218
2009-07-29,22.756678071252487,22.999066120382086,22.542255609525505,22.95245361328125,1112650
2009-07-30,23.241457052076747,23.894045885824195,23.16687758353281,23.567752838134766,4213363
2009-07-31,23.987271313949996,24.43475903521173,23.8194613647006,24.248306274414062,3501344
2009-08-03,24.425442007998875,24.63986450129348,24.211019514704272,24.60257339477539,2388925
2009-08-04,24.66783199762231,24.770381173589346,24.434763946007944,24.565282821655273,2349732
2009-08-05,24.033890149056262,24.11779651496247,23.44656201792708,23.68895149230957,2389926
2009-08-06,23.95930627427793,24.0245670808479,23.306720115529117,23.47452735900879,1701315
2009-08-07,23.949983596801758,24.192373041584204,23.754206664210184,23.949983596801758,2886037
2009-08-10,23.744888453837667,23.81014652736416,23.567757049949396,23.800825119018555,2518593
2009-08-11,23.381301269379144,23.63301212318396,23.14823322989877,23.549108505249023,1596364
2009-08-12,23.968623735891477,24.285595319284305,23.940656782567206,24.12710952758789,1857856
2009-08-13,24.22965970165292,24.322887447300346,23.968624752208328,24.25762939453125,1494955
2009-08-14,24.229663830160874,24.229663830160874,23.67030273770283,23.838109970092773,1143758
2009-08-17,23.455882427539414,23.50249768180693,23.204171555644326,23.306720733642578,1212211
2009-08-18,23.726241530579642,23.86608181628329,23.558434283082835,23.763532638549805,1233848
2009-08-19,23.819464627178657,24.266955148100106,23.670302945783977,24.2203426361084,1772309
2009-08-20,24.360186112973903,24.60257558858653,24.229667228522228,24.388153076171875,2004233
2009-08-21,24.938191256064204,25.105998501339997,24.65851068835863,25.078031539916992,2187031
2009-08-24,25.52552453919326,25.59078262135204,24.928872175077245,24.99413299560547,1521597
2009-08-25,25.385678487211734,25.450936554615634,24.9288665386468,25.180580139160156,1604295
2009-08-26,25.30177583605836,25.7492636559311,25.217872212128338,25.628068923950195,2415105
2009-08-27,25.823846386425547,26.000977784011106,25.47890773763734,25.982332229614258,1866634
2009-08-28,26.616269368164318,26.867980186011234,25.898422537946058,26.07555389404297,1714097
2009-08-31,25.656043669176206,25.730623161574353,25.357717484475224,25.60942840576172,1055824
2009-09-01,25.385675993797,25.89842455193193,24.77970241663285,24.82631492614746,2194115
2009-09-02,24.061855806776588,24.667829390896184,24.033886110051938,24.546634674072266,2429196
2009-09-03,25.12463983418212,25.255155950054835,24.85428345794954,25.236513137817383,1677291
2009-09-04,25.180576759850254,25.9823272295171,25.171252615261697,25.935714721679688,1523599
2009-09-08,26.895958891576917,26.905280300530627,26.355243236291884,26.513729095458984,2831059
2009-09-09,26.849336263858103,27.492603671327686,26.746787101661983,27.399375915527344,2556477
2009-09-10,28.033320791502746,28.145191366532607,27.464635555946565,27.74431610107422,6689914
2009-09-11,27.84687241933531,27.87483938293143,27.1197012437761,27.390060424804688,3327016
2009-09-14,26.99849944319595,27.57650602608939,26.99849944319595,27.483278274536133,1748516
2009-09-15,27.818897036109465,28.01467395640744,27.734993424087058,27.968061447143555,2114112
2009-09-16,27.968068529373397,28.322328618549992,27.66974237012995,28.257070541381836,4198733
2009-09-17,27.501931906028855,27.734999984212656,26.970540411951877,27.073089599609375,4280430
2009-09-18,27.073088384954936,27.399381489077527,27.035797275049088,27.34344482421875,1464155
2009-09-21,27.175634239903285,27.557863962074265,27.156988687233817,27.51125144958496,891429
2009-09-22,27.893482699902872,28.070614090782605,27.81890048513901,27.921449661254883,1802955
2009-09-23,27.940089246467696,28.173157248633036,27.60447209009273,27.61379623413086,2241239
2009-09-24,27.781607923072027,27.893481239359968,27.22224681836978,27.306150436401367,1880802
2009-09-25,27.073083683658783,27.315473117586325,26.933243414979927,27.08240509033203,1738275
2009-09-28,27.35276232205282,27.874832257093402,27.324792627237688,27.539215087890625,1231923
2009-09-29,27.511254612787333,27.576512685449377,27.03579707260163,27.101055145263672,1054746
2009-09-30,27.324793119427824,27.604473642406507,26.886626784203326,27.567182540893555,2033801
2009-10-01,27.520572117477503,27.613799878320552,26.364558836498304,26.392528533935547,2118116
2009-10-02,26.0569103048934,26.606947226237708,26.047586159992758,26.327266693115234,1144066
2009-10-05,26.392532557440088,26.970539286046,26.2433681173513,26.886632919311523,1187956
2009-10-06,27.362093658015258,27.99603712564304,27.315481134231824,27.89348793029785,2041501
2009-10-07,27.49260539029531,27.567184861230135,27.138342634472345,27.40869903564453,1198967
2009-10-08,27.734994041895188,27.92144682147257,27.39937684796102,27.660411834716797,1727110
2009-10-09,27.837547376913008,28.41555409237855,27.71635264128064,28.350296020507812,2004387
2009-10-12,29.086788431835295,29.4224056743175,29.040173176421465,29.263919830322266,1162161
2009-10-13,30.03770291183086,30.17754321136412,29.45969615786876,29.506311416625977,2958648
2009-10-14,29.65546957187289,29.664793717854884,28.452843687647054,28.900331497192383,4846842
2009-10-15,28.620647084165274,28.65793818634249,27.921445764263673,28.191804885864258,2900051
2009-10-16,27.977383389256904,27.977383389256904,27.30614900349025,27.47395896911621,3109029
2009-10-19,27.790928445095105,28.042639266370575,27.50192378488414,27.688379287719727,3317160
2009-10-20,27.902801721674734,27.94009282586801,27.324795083416273,27.436668395996094,2607759
2009-10-21,27.921450497845235,28.415553577906955,27.874837981405644,27.99603271484375,2955568
2009-10-22,28.518094797591477,28.779129745861514,28.098574051618037,28.73251724243164,1400938
2009-10-23,28.723202871536596,28.74184842692617,27.884161094113292,28.005355834960938,1370677
2009-10-26,28.033323673995717,28.41555342652334,27.1942819523393,27.296831130981445,1821512
2009-10-27,27.101049522103665,27.334117539726485,26.28997764030477,26.30862045288086,2044350
2009-10-28,25.76791107262467,26.000979145605864,24.83564425743815,24.863611221313477,2495108
2009-10-29,25.91706773317932,26.178102691651716,25.777227479055952,26.02893829345703,2675134
2009-10-30,25.95436182723379,25.99165019271633,24.966155790283825,25.115320205688477,2177560
2009-11-02,25.46958866745234,25.73062374266463,24.947518517027756,25.32042694091797,1564871
2009-11-03,25.18990251190571,25.73061810190566,25.068707779924807,25.628068923950195,1802031
2009-11-04,26.383203828514254,26.560335201170975,25.917070510932984,26.038265228271484,1634864
2009-11-05,26.513727295827692,27.0078303960682,26.327271745716708,26.886632919311523,2500113
2009-11-06,26.877306195255343,27.175632278061567,26.588301518926567,26.72814178466797,1408022
2009-11-09,27.12902529622111,27.52057647705078,27.09173418597655,27.52057647705078,1274350
2009-11-10,26.951891130366622,27.212926136964885,26.662886424766054,26.867984771728516,2108568
2009-11-11,27.585830507246865,28.098579090396903,27.445990233512187,27.669736862182617,1846306
2009-11-12,27.81889633536708,27.996027699823948,27.35276303936426,27.492603302001953,1188418
2009-11-13,27.679062345431067,28.443524629231774,27.60448012489069,28.42487907409668,2271423
2009-11-16,28.937623466687395,29.46901765243011,28.891010950495012,29.301210403442383,2344573
2009-11-17,29.739376361338085,29.860573841799305,29.42240739319902,29.85124969482422,2577036
2009-11-18,30.093645224532764,30.1122907838595,29.459701684163154,29.702091217041016,3440668
2009-11-19,28.257062415908898,28.350290169604712,27.65108886280723,28.229095458984375,2144989
2009-11-20,27.734995430504075,28.19180736479005,27.68838291786813,28.089258193969727,1179409
2009-11-23,28.452843132382586,28.96559173868888,28.452843132382586,28.685911178588867,1455762
2009-11-24,28.797783349665842,28.984236153904497,28.518102774123378,28.965593338012695,1652882
2009-11-25,29.33849229327847,29.422398637608588,29.198652037219393,29.413074493408203,978439
2009-11-27,28.303676041836937,29.133396236590393,28.201126877904098,28.863037109375,475860
2009-11-30,28.825748409504452,28.96558867476241,28.452840122693715,28.891006469726562,934626
2009-12-01,29.627509413648283,29.93515701105575,29.46902354088306,29.795316696166992,1389465
2009-12-02,29.888535147547532,30.55976954464924,29.888535147547532,30.494508743286133,1555092
2009-12-03,30.764866277647783,30.9979315586032,30.503831300887143,30.606380462646484,1299144
2009-12-04,30.69961215579732,31.128454408921655,30.29873412532811,30.72757911682129,1540539
2009-12-07,30.3826380124359,30.634348856272595,30.28008610750026,30.43857192993164,941017
2009-12-08,30.065666924407747,30.158891947539644,29.767340825974593,30.019054412841797,1111033
2009-12-09,29.869889994440886,30.019054412841797,29.487660279841553,30.019054412841797,1053822
2009-12-10,30.186863254525083,30.31737938921541,29.907182693481445,29.907182693481445,760144
2009-12-11,30.62503137790511,30.69028944893353,30.214831920650084,30.308059692382812,779009
2009-12-14,31.09117099976816,31.33356051655138,30.942009273428305,31.24033546447754,855701
2009-12-15,30.960648074166453,31.193713391852647,30.8580988962455,30.988615036010742,628474
2009-12-16,31.398801612354138,31.66915792723085,31.30557388048227,31.408123016357422,443905
2009-12-17,30.92335935686996,31.063199653640552,30.643678763328765,30.764873504638672,596057
2009-12-18,31.109801528464374,31.193705130144142,30.690280781697336,31.156414031982422,411257
2009-12-21,31.04453723324911,31.631865065272383,31.035213091399534,31.594573974609375,709632
2009-12-22,32.237854650399676,32.396340482751135,31.920882985696768,32.32175827026367,580349
2009-12-23,32.331076992621284,32.39633779231246,31.986138396066302,32.11665725708008,697697
2009-12-24,32.07936817473305,32.23785400390625,32.0700440291747,32.23785400390625,146300
2009-12-28,32.25650055355962,32.275146106883824,31.87426807959791,31.97681999206543,363440
2009-12-29,32.25650055355962,32.28446751436151,31.892913632922113,31.97681999206543,438977
2009-12-30,31.883589231596904,32.13530280865347,31.538650635041922,32.11665725708008,661199
2009-12-31,32.070036360538026,32.18190965027441,31.771710326275752,31.781034469604492,383229
2010-01-04,32.43361456408062,32.72261914098273,32.23784045008994,32.31241989135742,1390235
2010-01-05,32.620076966473995,32.75059580865681,32.396333118243064,32.56414031982422,1094016
2010-01-06,32.55482502739115,32.99299140087005,32.52685532963031,32.86247253417969,1051204
2010-01-07,32.303105696269256,32.52684954673355,31.846293851621873,31.948843002319336,2057440
2010-01-08,31.36152049207753,31.445424108258347,31.04454884128897,31.184389114379883,3027178
2010-01-11,30.876732323501663,30.979284208609567,30.298725801394294,30.522472381591797,3055206
2010-01-12,30.74622893227658,31.007263978703577,30.419933070465913,30.5690975189209,2536765
2010-01-13,31.60390653045638,31.622552080751944,31.091158004880988,31.41745376586914,2992913
2010-01-14,31.436099551169665,31.464066507637888,30.960642122631047,31.203031539916992,1229459
2010-01-15,30.914022524479158,30.988604715717337,30.363985710017634,30.513147354125977,1860243
2010-01-19,30.15889478834396,30.597063939485466,30.04702420237435,30.531803131103516,2002924
2010-01-20,30.755538035070078,31.02589712053278,30.429245042186523,30.95131492614746,2977744
2010-01-21,31.426779553979944,31.538652871352923,30.736902311952857,30.923355102539062,2970814
2010-01-22,31.147101631947184,31.184392740890594,29.375790387349184,29.580888748168945,4554011
2010-01-25,30.196191160057275,30.37332258528522,29.86989801474598,30.112287521362305,2263261
2010-01-26,30.363991524542765,30.60638095411497,30.16821460423643,30.177536010742188,2387539
2010-01-27,29.907189299157316,30.429259429967203,29.84193121739844,30.354677200317383,1984136
2010-01-28,30.839446447849152,30.867413403441226,29.413074206918722,29.758012771606445,2451218
2010-01-29,30.130927510651592,30.205509726095617,28.891010501554728,29.133399963378906,2704240
2010-02-01,29.441053834883615,29.841931960042906,29.41308686725366,29.795316696166992,1041579
2010-02-02,30.23347747499663,30.541127752530144,29.897860235127787,30.308059692382812,2741662
2010-02-03,30.317375504384774,30.69028378411523,30.1029557765306,30.429248809814453,1726956
2010-02-04,30.130918781098664,30.14956432955767,28.90964767969041,28.928293228149414,2286361
2010-02-05,28.69524153287448,29.086795534444168,28.070622150800155,28.97492218017578,3222527
2010-02-08,28.555386307813553,28.91897041189772,28.30367276124931,28.508773803710938,1990373
2010-02-09,29.347825123522544,29.860573793619604,28.816430897874547,29.3385009765625,1836835
2010-02-10,29.263912668778318,29.48765652955492,28.835067758785538,29.35713768005371,1039731
2010-02-11,28.835071138201947,29.730049424566452,28.611327251202983,29.450368881225586,2490411
2010-02-12,28.816424601149322,29.534271487079618,28.76048794671932,29.319849014282227,1403941
2010-02-16,29.217304517445577,30.037700698361345,29.06814282017407,29.972442626953125,1232539
2010-02-17,29.981757834848796,30.009724789009056,29.469009347754717,29.599525451660156,952490
2010-02-18,29.62750193962449,30.04702277845974,29.403758039919452,29.91650390625,1406328
2010-02-19,29.45038120842406,29.86058078826206,29.347831998057003,29.64615821838379,1575959
2010-02-22,30.000414139472394,30.04702665924037,29.813958583662174,29.85124969482422,893662
2010-02-23,29.66479415523954,29.66479415523954,28.676588015234035,28.741846084594727,3065216
2010-02-24,28.73252133796365,29.105429633661544,28.648617724482985,28.909652709960938,1191883
2010-02-25,28.27570782661591,28.713874159263597,27.790928986535388,28.62997055053711,1800568
2010-02-26,28.480811068783044,28.807106892324327,28.154517983610667,28.741846084594727,1543465
2010-03-01,28.835075590306733,29.43172787333888,28.835075590306733,29.40376091003418,1697388
2010-03-02,30.074985137824978,31.119127740651813,30.06566373184906,30.690282821655273,4362974
2010-03-03,31.091161234066195,31.31490786085168,30.8860628978815,31.063194274902344,3193883
2010-03-04,30.92335935686996,31.063199653640552,30.42925624471541,30.764873504638672,1848924
2010-03-05,31.240329415698262,31.529331402561592,31.053873870913222,31.520009994506836,1596056
2010-03-08,31.79037218270749,32.12598948571687,31.687822983693135,32.03276443481445,2529681
2010-03-09,31.566623934231536,31.958177857558535,31.52001141511894,31.743755340576172,1588664
2010-03-10,31.781041428475852,32.31243282515851,31.725104771359604,32.15394973754883,1593592
2010-03-11,31.920886508343933,32.144630432128906,31.687818437784664,32.144630432128906,705936
2010-03-12,32.11666209803657,32.20988713158683,31.87426989104655,32.107337951660156,1500037
2010-03-15,31.613226939930595,31.613226939930595,30.960640915261397,31.221675872802734,1512819
2010-03-16,31.426783543264214,31.9302080586093,31.314912950059256,31.874271392822266,1113420
2010-03-17,32.181921200786704,32.405665122196005,32.03275949930352,32.17259979248047,1325709
2010-03-18,31.995471926406506,32.060730006871545,31.52001432936973,31.734434127807617,1328019
2010-03-19,31.70645868455165,31.71578009139623,31.09116094338158,31.34287452697754,798875
2010-03-22,30.886061111594252,32.2098815516689,30.85809415404786,32.16326904296875,1912449
2010-03-23,32.620082002972644,33.08621532028816,32.49888728570324,33.00231170654297,2327556
2010-03-24,32.5641559813924,32.81586964319274,32.27515394226006,32.47092819213867,1220835
2010-03-25,32.90908964673543,33.26335245319605,32.71331542688316,32.750606536865234,1341109
2010-03-26,33.32672884161202,33.552289846225875,33.025979915257516,33.185752868652344,1522290
2010-03-29,33.28912401375616,33.524084812190445,33.23273309085907,33.42070007324219,583506
2010-03-30,33.02597612352957,33.20454603685786,32.68763327515004,33.04477310180664,1621774
2010-03-31,33.26093904170356,33.721460897241016,33.063572137814944,33.27033615112305,1756909
2010-04-01,33.86243848044644,33.92822653134946,33.260940630626685,33.50529861450195,1327249
2010-04-05,33.646274882307424,33.91882695878985,33.44890796725679,33.81544494628906,546623
2010-04-06,33.60868278558282,33.81544682205374,33.48650378579472,33.693267822265625,941787
2010-04-07,33.56167744375872,33.928217078052064,33.392507428398176,33.73085021972656,714098
2010-04-08,32.91319652071501,33.37371837930939,32.65004156731937,33.336124420166016,955647
2010-04-09,33.58988589582537,33.83424389606937,33.53349495101331,33.79664993286133,1135750
2010-04-12,34.1067904724385,34.15378153474125,33.646268675805736,33.702659606933594,1082466
2010-04-13,33.420714434265285,33.909433215437424,33.20455327785185,33.82484817504883,1674827
2010-04-14,33.25152204375031,33.317310057623,32.58423651862486,32.931976318359375,3483557
2010-04-15,32.9413836814161,33.166944609324744,32.772210915029255,32.8286018371582,1201970
2010-04-16,32.52786787517165,32.77222588877129,32.1425338721408,32.518470764160156,1826363
2010-04-19,32.33049907295988,32.659444869730734,32.26471101784901,32.640647888183594,2144835
2010-04-20,33.260937176022864,33.90942602904632,33.24214019763032,33.67446517944336,2453913
2010-04-21,33.83423965653423,33.890630594280324,33.129359836227756,33.38311767578125,1943018
2010-04-22,32.6030554317864,33.56169049255939,32.46207944397199,33.54289627075195,1942633
2010-04-23,33.11995756586804,33.54288539214764,33.11995756586804,33.49589157104492,1286054
2010-04-26,33.56167600018132,33.77783982431657,33.373709017798205,33.42070007324219,958265
2010-04-27,32.81921072316313,33.04477169225876,31.541027297275132,31.606815338134766,3087623
2010-04-28,31.597425586558863,31.700807606439575,30.7327727032013,31.03352165222168,2878183
2010-04-29,31.212083932637853,31.390651075454578,31.024114160292438,31.315465927124023,2059904
2010-04-30,31.42824519026548,31.42824519026548,30.629383315848443,30.695171356201172,1822205
2010-05-03,30.74217362144817,31.45645349906806,30.7139795254826,31.277883529663086,976283
2010-05-04,30.36622681744245,30.41321787802531,29.92450201401958,30.30043601989746,2002770
2010-05-05,29.059854419335704,29.915107329553244,29.031657569613742,29.36060333251953,2868019
2010-05-06,29.03164814217614,29.661342613785283,26.484684457602224,28.599323272705078,4525290
2010-05-07,28.674517532032777,28.787296637509225,27.227164053658218,27.828659057617188,3390079
2010-05-10,29.82112505756954,29.839922038836807,29.191433086636614,29.68014907836914,2148300
2010-05-11,28.787296579758937,29.633152291869976,28.740305515955324,28.975263595581055,1530683
2010-05-12,29.557956269008503,30.15005676134668,29.482771139679095,29.868104934692383,1328866
2010-05-13,29.106847998019525,29.473384991148748,28.693317171503953,28.768505096435547,1328019
2010-05-14,28.46775610933264,28.477155980237345,27.565509293498916,28.12001609802246,2045659
2010-05-17,28.24218957858976,28.58053241351026,27.584300886278104,28.32677459716797,2200044
2010-05-18,28.19519284394418,28.42075376831974,26.76663664208948,26.804227828979492,3942708
2010-05-19,27.057987558259278,27.25535441664124,26.50348369394652,27.086181640625,3149762
2010-05-20,25.98657656158513,27.255360229576144,25.7140217446219,26.38130760192871,3533607
2010-05-21,26.099351733245218,27.264753220329,25.939578815147886,27.1613712310791,4113956
2010-05-24,26.66325731270262,26.95460908457935,26.32491447722963,26.334314346313477,2865401
2010-05-25,25.159517455949587,26.146349185714346,25.06553256148366,26.0711612701416,3042039
2010-05-26,26.230935867656985,26.888824649267104,25.779813866935097,25.883195877075195,3631474
2010-05-27,26.776040612744787,27.21776546816212,26.58807358768066,27.189571380615234,2855083
2010-05-28,27.123779297515735,27.1425762751974,26.381305580609304,26.55987548828125,2103948
2010-06-01,26.550474144542513,27.3963297234675,26.39070124003842,26.40949821472168,1736581
2010-06-02,26.926413943445603,27.53731161192934,26.682055980295242,27.51851463317871,1560020
2010-06-03,28.04482403521738,28.10121497050057,27.621896161505145,27.950841903686523,1957340
2010-06-04,27.462124128814903,27.64069404945029,26.108755440524686,26.277925491333008,3922996
2010-06-07,26.428301146825923,26.541080259740713,25.441469415630237,25.50725746154785,1730421
2010-06-08,25.75161140350117,26.146345138549805,25.366277536748058,26.146345138549805,3105795
2010-06-09,26.51288659679559,26.94521159768232,25.96777972057776,26.0617618560791,1560097
2010-06-10,27.527910118675404,27.6406919845274,26.973406179755603,27.424528121948242,2038575
2010-06-11,27.556107078983366,27.91324689504523,27.349343084677106,27.668886184692383,1426502
2010-06-14,28.712108321517604,28.806093208594454,28.204595452517893,28.242189407348633,2203509
2010-06-15,28.843691015658443,29.116243083670675,28.683918066593066,29.069252014160156,2416799
2010-06-16,28.599329450465774,28.98466334970648,28.477150476575005,28.730905532836914,1913450
2010-06-17,29.07864317862646,29.153831082957367,28.45835124971881,29.144433975219727,2475319
2010-06-18,29.012861133455623,29.294813072308845,28.909479123957176,29.05045509338379,1065372
2010-06-21,29.482781062767497,29.520375020388748,28.693313473936982,28.871883392333984,834526
2010-06-22,28.918880897553603,29.12564493015877,28.00723421081517,28.12001609802246,2302685
2010-06-23,28.505346539689267,28.730907525546797,27.932045585609384,28.289182662963867,2198196
2010-06-24,28.044822460000773,28.12001036948855,27.52790972318375,27.69708251953125,1179486
2010-06-25,27.725276551109552,27.95084027913213,27.330545548285297,27.856855392456055,1423884
2010-06-28,27.53731576487762,27.84746182012491,27.274160783289787,27.54671287536621,1877029
2010-06-29,26.62566646524552,26.635063573844192,25.83619891864892,26.080556869506836,2135287
2010-06-30,26.277929524433674,26.559881492793068,25.770416533508428,25.817407608032227,1579886
2010-07-01,26.193336718912583,26.37190661400314,25.59183899669413,26.259124755859375,2885113
2010-07-02,26.776040940422575,26.898219922300623,26.061761267343684,26.39070701599121,2062830
2010-07-06,27.46212373025218,27.631293778605308,26.653861924817747,26.95461082458496,3046967
2010-07-07,27.020396967473566,27.81926160757689,26.982803012573687,27.800464630126953,2204972
2010-07-08,28.10121345703718,28.260986384764003,27.67828560610281,28.242189407348633,2388232
2010-07-09,27.960237621516917,28.486547470092773,27.838058648119222,28.486547470092773,2027872
2010-07-12,27.913254094487577,28.552343219960964,27.87566012935237,28.467758178710938,2601137
2010-07-13,28.8812810770371,29.510972918034213,28.8812810770371,29.3887939453125,1649571
2010-07-14,30.291040816927865,30.497804809224153,29.783527944651677,30.01848602294922,7097783
2010-07-15,29.915103738041495,29.990291647462623,29.29480900653245,29.689542770385742,3716867
2010-07-16,29.351193919046636,29.39818773310083,28.965860103201802,29.059844970703125,3285359
2010-07-19,29.200832771451886,29.510978819472648,28.92827792511785,29.473384857177734,2584659
2010-07-20,28.636926997082544,29.097446103744865,28.552339207112396,29.069252014160156,2075073
2010-07-21,29.200832720448982,29.313611846528556,28.66512289959442,28.82489585876465,3409868
2010-07-22,29.294810717791844,29.9714964208954,29.294810717791844,29.745935440063477,2076767
2010-07-23,29.52977567266312,30.178264617919922,29.370002713906146,30.178264617919922,2091705
2010-07-26,29.792923179537087,30.300436019897457,29.689541189890296,30.30043601989746,1884575
2010-07-27,30.25344686185442,30.26284673092661,29.858713094190907,30.01848602294922,1285130
2010-07-28,29.943299784713176,30.3098394868415,29.849317652389644,30.09367561340332,2447214
2010-07-29,30.817361814275788,30.8737527672842,29.82112992628646,30.06549072265625,3189879
2010-07-30,29.774127797186274,30.309837511062398,29.604957761545197,30.253446578979492,2378068
2010-08-02,30.845554594312052,31.1181066902506,30.601193830238753,31.03352165222168,1694154
2010-08-03,31.146295497111673,31.193289324070317,30.77036144508946,31.02411651611328,2723413
2010-08-04,31.202684456321776,31.240278411263883,30.61058656750273,30.901935577392578,2400706
2010-08-05,30.723371470684246,30.836153356797873,30.3850313335597,30.601192474365234,813120
2010-08-06,30.206470753769494,30.64819580367241,29.821133903787317,30.131282806396484,1858703
2010-08-09,30.178258897056175,30.46021079898875,30.04668281514505,30.31923484802246,852313
2010-08-10,29.66134696958911,29.68954105368799,28.937670284774,29.191425323486328,3200736
2010-08-11,27.49971808275086,27.509115191968625,27.039196237099294,27.104984283447266,4515049
2010-08-12,26.230928167983826,26.93580781258555,26.202731325835423,26.766637802124023,4305917
2010-08-13,26.32491436386466,26.71025102188217,26.306120146993223,26.37190818786621,3391157
2010-08-16,26.249727676826854,26.7290464335533,26.20273385557824,26.682052612304688,2696155
2010-08-17,27.170769334931833,27.2365573673442,26.898214576840566,26.96400260925293,2359126
2010-08-18,27.123776812182275,27.21776169197881,26.860621909359402,27.029794692993164,780087
2010-08-19,27.37753457760995,27.45272248136556,27.04858887898287,27.330543518066406,2304841
2010-08-20,26.428297617934685,26.672655550664185,26.315515759471456,26.522279739379883,2008622
2010-08-23,26.296720216399937,26.531681054034777,25.883192234043168,25.967777252197266,1407021
2010-08-24,24.764781952377444,25.093724919417234,24.652000086794143,24.905757904052734,3260642
2010-08-25,24.70839487985893,25.25350179412671,24.51102796455671,25.15011978149414,1968274
2010-08-26,25.103129178707285,25.24410515503731,24.652004398086312,24.736589431762695,1165549
2010-08-27,24.65199816483698,24.783576997759145,23.64636960391509,24.48282814025879,4711168
2010-08-30,24.144483358870637,24.341850211833297,23.918922424316406,23.918922424316406,1608684
2010-08-31,23.34562290373587,23.824941698476874,23.157655885656297,23.24224090576172,2987369
2010-09-01,24.078701218429995,24.689596140750044,23.90013129638077,24.426441192626953,2439899
2010-09-02,24.877562904391795,25.056135585127343,24.65200191708605,24.924556732177734,1674365
2010-09-03,25.309886987861823,25.507253858342093,24.962147067867875,25.29109001159668,1859935
2010-09-07,24.943351625131292,25.046733620641817,24.39824480114366,24.417041778564453,1366134
2010-09-08,24.29485908678088,24.66139594946845,24.210271321031485,24.539216995239258,1446984
2010-09-09,25.21590803600145,25.23470501668666,24.877565144275753,24.9527530670166,1082235
2010-09-10,25.065527048485162,25.168909029355564,24.72718426343195,24.8869571685791,1094786
2010-09-13,25.723420973598067,25.958379065855777,25.71402110396738,25.90199089050293,1291829
2010-09-14,25.99597167904676,26.71025130973454,25.901989551246132,26.55987548828125,2243318
2010-09-15,26.259124545043566,26.57867037994468,26.146345448412703,26.47528839111328,1276352
2010-09-16,26.40009889377185,26.700847734324704,26.306116779016598,26.663253784179688,1135134
2010-09-17,26.757236774911654,26.88881559115154,26.61626085210104,26.804227828979492,1425655
2010-09-20,26.982810710727094,27.386941700287267,26.945216745101714,27.32115364074707,1398936
2010-09-21,27.82865848140148,27.82865848140148,27.170772558022524,27.45272445678711,1471778
2010-09-22,27.26475275157337,27.339940655410597,26.794833873805537,27.029794692993164,2368058
2010-09-23,26.541074321300894,26.98279908618566,26.494083264817746,26.691450119018555,2115652
2010-09-24,27.18956606628183,27.650085049647867,27.10497829895865,27.640687942504883,1411718
2010-09-27,27.697082687038886,27.697082687038886,27.3023489204484,27.358739852905273,777546
2010-09-28,27.678287645965252,28.24219148877023,27.245959894157252,28.185800552368164,1346961
2010-09-29,28.52414471415738,28.994063684441315,28.392565856537416,28.655723571777344,2388540
2010-09-30,28.655720204198143,28.79669615477683,27.91324649640271,27.94144058227539,1759835
2010-10-01,28.32678013062763,28.43016214693021,27.894455084216077,28.12001609802246,877492
2010-10-04,28.777900903642717,28.787298012628106,27.75347523323709,28.016630172729492,2319240
2010-10-05,28.223392545804845,28.608726443490465,28.18579859081976,28.486547470092773,2235926
2010-10-06,28.298585970365664,28.317382951521203,27.725282186034008,27.87565803527832,1831984
2010-10-07,27.913244858726443,27.950838811422802,27.53730809237036,27.706478118896484,927773
2010-10-08,27.593700864403726,27.84745592114126,27.39633397986942,27.725276947021484,2433662
2010-10-11,28.110614438825216,28.317381218884847,27.988435449093988,28.082420349121094,677908
2010-10-12,28.84368739824731,28.84368739824731,28.392562697213375,28.730905532836914,2434663
2010-10-13,30.131263915270857,30.864337660722057,30.09366996515429,30.215848922729492,4633860
2010-10-14,30.197055424807733,30.544795362516673,30.159461470362288,30.4696102142334,2272347
2010-10-15,30.86434139404372,30.920732326039563,30.516601454314106,30.83614730834961,1618001
2010-10-18,30.836152649570508,31.146298688357533,30.71397365605367,31.08991050720215,1399090
2010-10-19,30.432014094743504,30.930129814796455,29.933898374690553,30.121868133544922,3196809
2010-10-20,30.394419097685347,30.864337957445567,30.37562212244635,30.704565048217773,1183259
2010-10-21,30.450815276998966,30.535400299864005,29.86811446527299,30.009090423583984,2397318
2010-10-22,30.206463039436876,30.43202406334158,30.046690072377647,30.413227081298828,1590435
2010-10-25,31.12749851844978,31.343662392757636,30.911337404749748,31.02411651611328,1664817
2010-10-26,30.375621300069763,31.03350989440853,30.30043340114939,30.845542907714844,1443134
2010-10-27,31.14630110951364,31.597425918081598,31.089912923974925,31.58802604675293,1710632
2010-10-28,31.926368408610347,31.94516539033294,31.014724457193534,31.23088836669922,1941324
2010-10-29,30.901937527666473,31.32486540654539,30.798555525354892,31.16509246826172,1110186
2010-11-01,31.50342774586009,31.635006564812524,31.061702994573363,31.26846694946289,1210594
2010-11-02,31.55982021422262,31.945154061976694,31.41884428160004,31.841772079467773,992915
2010-11-03,31.94515424445131,31.99214530205816,31.32485958524731,31.92635726928711,1573649
2010-11-04,32.42447674133213,32.75341970405214,32.321094746208914,32.6688346862793,3430350
2010-11-05,32.21770498111209,32.27409589956335,31.8981592038286,32.14251708984375,1803571
2010-11-08,31.390654781673796,31.606818665089165,31.2778756655586,31.353063583374023,2779777
2010-11-09,32.30230176175422,32.32109874142809,31.60681903503703,31.644412994384766,1894123
2010-11-10,31.46584459774252,31.46584459774252,30.77036459781716,31.08991050720215,3246628
2010-11-11,30.03728873449881,30.469616539765624,29.8775157752404,30.281646728515625,2762760
2010-11-12,30.432010514944157,30.74215643965944,30.074870775739583,30.328628540039062,1069376
2010-11-15,30.42261288776332,30.59178566328788,30.206451815503996,30.215848922729492,826056
2010-11-16,30.50719902552655,30.601181135188277,29.66134347492811,29.96208953857422,2682988
2010-11-17,29.858718631086308,30.26285234276314,29.802327688019204,29.93390655517578,1725878
2010-11-18,30.958326054137235,31.061708048402547,30.713968111217845,30.911334991455078,2732884
2010-11-19,31.541015795205148,32.6124320781515,31.541015795205148,32.60303497314453,2984366
2010-11-22,32.142532557564905,32.79102153030467,32.123735575702284,32.7346305847168,2878106
2010-11-23,31.691395154573147,32.12372000666696,31.456434375470256,31.719589233398438,3736579
2010-11-24,31.86996970542989,32.302297419201004,31.86996970542989,32.21771240234375,1345729
2010-11-26,32.52786451609066,32.68763747165385,32.38688854121773,32.50906753540039,950180
2010-11-29,31.409436873757024,31.588006713626573,30.695160274885456,31.202672958374023,1992606
2010-11-30,30.074878997620335,30.986525568532322,30.06548188851775,30.666976928710938,3348191
2010-12-01,31.663211708392435,32.480873467472726,31.64441472768897,32.36809158325195,2000152
2010-12-02,32.076736469116554,32.91319229042002,32.04853962307916,32.7816162109375,1479863
2010-12-03,32.94139347209385,33.52409431939948,32.90379951283439,33.43950653076172,1225532
2010-12-06,33.21394117190705,33.34552001202729,32.78161621844146,33.063568115234375,1541540
2010-12-07,33.15755486880248,33.22334291226465,32.62184513047632,32.65943908691406,1091090
2010-12-08,32.48086779142127,33.11995950244107,32.48086779142127,33.054168701171875,1801107
2010-12-09,34.83986309343627,35.70451572574673,34.83986309343627,35.46955490112305,7579572
2010-12-10,35.5353468577072,35.56354094291422,35.103019147148885,35.1500129699707,2639560
2010-12-13,35.121811020084294,35.32857773711529,34.88685022194356,35.0842170715332,2027949
2010-12-14,34.92445721419835,35.10302715620534,34.670702107615945,34.896263122558594,1815737
2010-12-15,34.69889430188168,34.9808462452946,34.30416047686037,34.492130279541016,1117039
2010-12-16,34.811663212282156,34.95263913145944,34.57670242678434,34.924442291259766,1029567
2010-12-17,35.31919075412077,35.95828259141577,35.20640886732465,35.92068862915039,1931853
2010-12-20,35.826704357249156,35.977080208970754,35.4883614514838,35.59174346923828,1286131
2010-12-21,35.86429947254546,35.88309645461464,35.47896548103995,35.69512939453125,1037421
2010-12-22,35.96767795118536,36.01467178203405,35.69512587893837,36.005271911621094,685685
2010-12-23,35.59172971788176,35.78909656670683,35.46955076586761,35.582332611083984,453376
2010-12-27,35.873701078020574,36.1744500450572,35.61994318812426,36.13685607910156,503734
2010-12-28,36.165042548082006,36.53157949795465,35.88309062347107,35.995872497558594,685146
2010-12-29,35.713922778742116,35.94888089002434,35.55414982755403,35.76091384887695,558327
2010-12-30,36.29661569916697,36.44698874705294,36.05225777097262,36.118045806884766,896049
2010-12-31,36.07105753641112,36.23083047721471,35.89249037726155,36.03346633911133,480326
2011-01-03,36.47518539219712,36.86991915660382,36.2872183789884,36.33420944213867,1992452
2011-01-04,36.06165715935786,36.14624217668111,34.943246675082186,35.1406135559082,2291289
2011-01-05,34.153775825155854,34.7176795209498,34.03159687510764,34.42633056640625,3584504
2011-01-06,34.238376530398725,34.520328507609385,33.693269558498685,34.13499450683594,3064292
2011-01-07,34.21018777641143,34.2477817473216,33.59928989003445,34.12560272216797,887194
2011-01-10,33.072961167357214,33.749646740912794,33.03536721764777,33.74024963378906,2609299
2011-01-11,34.52031511583526,34.745876057978236,34.33234812415067,34.53911209106445,1540154
2011-01-12,35.15001930679782,35.2909952794632,34.98084648323452,35.22520446777344,1259566
2011-01-13,35.08422863501402,35.394377432479494,34.92445568131559,35.046634674072266,749441
2011-01-14,36.34361055359347,38.618022809664396,36.31541370625325,38.37366485595703,9672201
2011-01-18,37.90374504039671,38.15750287596903,37.47142004567512,37.687583923339844,2992913
2011-01-19,36.982706511915346,37.06729154238768,34.727090976076816,34.95265197753906,8495949
2011-01-20,34.67069289912551,36.35300433433596,34.5485139334568,36.2496223449707,5944169
2011-01-21,36.69135076848031,36.9920996584108,36.48458676934303,36.60676574707031,2000768
2011-01-24,36.12745800772103,37.42443885539169,36.12745800772103,37.3116569519043,3191881
2011-01-25,37.790965756250664,38.768400375600905,37.706380731645325,38.5710334777832,5847149
2011-01-26,38.90937651284741,39.75523228394341,38.589830631241206,39.34170150756836,3924921
2011-01-27,39.62366053212459,40.47891632626967,39.58606656747993,40.30034637451172,3183642
2011-01-28,39.98079348642038,40.04658153280947,38.7120098229331,39.548465728759766,3899588
2011-01-31,39.322908318213436,39.830421277659134,38.91877737267259,39.48268127441406,3023405
2011-02-01,40.450709833242826,41.97325123549428,40.403718768938965,41.305965423583984,6181021
2011-02-02,40.82664836496374,41.47513722659704,40.62928146952548,40.939430236816406,3228071
2011-02-03,40.57288719113508,40.75145709322033,39.88680442873823,40.50709915161133,2477244
2011-02-04,40.253340685573086,41.06160235017957,40.2251438420219,40.81724166870117,2167396
2011-02-07,41.230773582064316,41.644304294586455,40.958221570230975,41.202579498291016,1712865
2011-02-08,41.05220958881685,41.05220958881685,40.57289077154371,40.7232666015625,1868097
2011-02-09,40.44132081552766,40.845451779095015,40.44132081552766,40.45071792602539,2965809
2011-02-10,39.58606656747993,40.44132236162501,39.548472602835275,40.30034637451172,1527526
2011-02-11,40.525893857756145,40.99581273754774,40.36612094171767,40.92062759399414,1567027
2011-02-14,40.7514547609443,41.68189817230686,40.695063832890895,41.66310119628906,1548932
2011-02-15,41.033410743953254,41.211980653675674,40.601085773526115,40.84544372558594,2015860
2011-02-16,41.315360926706276,41.926258541955825,41.30596381845375,41.9168586730957,1560944
2011-02-17,41.47513032585384,42.21760395716295,41.437536374824596,42.123619079589844,1376452
2011-02-18,41.66310170366285,42.63113631824232,41.66310170366285,42.35858154296875,1796333
2011-02-22,40.80785033935451,41.86986994325924,40.76085927425874,40.7984504699707,3250093
2011-02-23,40.817246769986,40.958225484146546,39.85861194219126,40.31913375854492,1723260
2011-02-24,40.1969497269196,40.7420564947206,39.96198891368201,40.5352897644043,1652420
2011-02-25,40.6480732730535,41.07100109774417,40.554088391808634,40.91122817993164,1084160
2011-02-28,41.381148364194615,41.64430603994265,40.582286510657376,40.977020263671875,1405558
2011-03-01,41.52214033411635,41.58793115874667,40.525911219614144,40.68568420410156,1482250
2011-03-02,40.80785020821037,41.77588491820485,40.80785020821037,41.540924072265625,1540000
2011-03-03,42.922500570827495,43.15746147715115,42.67814255334294,43.0634765625,1309385
2011-03-04,42.83791178737253,42.884902860290666,42.49956888478067,42.78152084350586,920920
2011-03-07,42.39617909746402,42.555952028831726,40.86424058654386,41.16498947143555,1676829
2011-03-08,41.052200078428314,41.69129168673686,40.610475320992364,40.986412048339844,1204742
2011-03-09,41.19319152143496,41.20259139247787,40.35673550781164,40.6668815612793,1682835
2011-03-10,38.7683986338583,38.78719561188253,38.27028285712759,38.37366485595703,2793252
2011-03-11,37.75336795986202,38.98455752784457,37.734570982904515,38.74959945678711,2408329
2011-03-14,39.05033874511719,39.3416876755544,38.74019008172808,39.05033874511719,1616538
2011-03-15,37.21765644363719,38.46764568826509,37.114274455713144,38.3078727722168,1685299
2011-03-16,37.83794957266344,38.30787119372803,36.6537511732795,36.86991500854492,1780548
2011-03-17,38.23269256790412,38.80599631171625,37.93194365127979,38.55223846435547,1758449
2011-03-18,39.29470637145094,39.304103479650806,38.223289724464685,38.4300537109375,1166242
2011-03-21,39.5672562398497,39.595453084127094,39.22891343277294,39.510868072509766,1419726
2011-03-22,39.49206757955838,39.56725271618515,38.89996702975176,39.25710678100586,1444366
2011-03-23,39.63304561196419,40.40371331773027,39.44507585889393,40.22514343261719,1273734
2011-03-24,40.58229819027785,40.958235074648165,40.300346217152196,40.47891616821289,2814581
2011-03-25,40.403714967772075,41.04280663309608,40.27213613524936,40.460105895996094,1181411
2011-03-28,40.695063869386026,41.089797605506405,40.66686978563776,40.7796516418457,805035
2011-03-29,40.300335287759474,41.024012006562444,40.187553424852155,40.892433166503906,1013397
2011-03-30,41.86987469613656,41.992053687740956,41.51273483116616,41.681907653808594,1562407
2011-03-31,41.86047098779244,42.029643794924596,41.40934902332229,41.822879791259766,1714097
2011-04-01,41.484518508856134,41.879249362263515,41.30594867206918,41.634891510009766,1131823
2011-04-04,41.81347701139697,41.869867943182804,41.21197926022995,41.522125244140625,1226610
2011-04-05,41.64430860015876,42.0954305508173,41.569120688179765,41.75708770751953,902363
2011-04-06,41.399945466015645,41.50333021924683,41.00521447241705,41.221378326416016,1387771
2011-04-07,40.422521673048095,40.64808267962648,39.93380293808547,40.26274871826172,2048354
2011-04-08,40.59169816588716,40.59169816588716,39.49208704945627,39.81163024902344,1471778
2011-04-11,40.2815398028498,40.554091840727864,39.97139104866892,40.31913375854492,2411948
2011-04-12,40.196947208042694,40.30032918641891,39.57665257717825,39.858604431152344,1806574
2011-04-13,39.576656376862964,39.67064125741338,36.82292560250657,37.245853424072266,9794400
2011-04-14,37.4902209879997,37.75337596056506,36.992105133976345,37.3680419921875,7584885
2011-04-15,37.97892735743517,37.98832722583029,37.41502359316655,37.631187438964844,2466002
2011-04-18,36.4094024502791,36.77594218024579,35.99587441118974,36.40000534057617,3117037
2011-04-19,36.30601127304249,36.418793124647756,35.72331056096327,35.98646545410156,3357431
2011-04-20,38.53342811271185,39.22890784314322,38.29846732671386,39.17251968383789,4228378
2011-04-21,38.636821884119406,38.67441584220773,37.875551134350616,38.31727600097656,2355969
2011-04-25,38.279682253855064,38.76840095108877,38.23269118628963,38.52404022216797,1834910
2011-04-26,38.95165272219176,39.74211469114514,38.8183234054386,39.656402587890625,3003000
2011-04-27,39.74212128713297,40.0754474317303,39.21832066214327,39.97068786621094,1619079
2011-04-28,40.16115617569227,40.33258038431256,38.92308343294786,39.43735885620117,3311000
2011-04-29,39.65640142006444,39.83735074237994,39.342119987529834,39.77068328857422,1362669
2011-05-02,39.980189525223395,39.98971184495809,38.913541453202654,39.075443267822266,1951488
2011-05-03,39.561167345884044,39.761164128427886,39.16117378079637,39.59926223754883,2002000
2011-05-04,40.523047458093984,40.551620021229695,39.27545253249384,39.646873474121094,3047968
2011-05-05,39.30402819161987,39.523069606822965,38.799275109514696,39.161170959472656,2464000
2011-05-06,39.05640951789683,39.304026283859685,38.17071318436396,38.4088020324707,2380917
2011-05-09,38.85641877826774,39.37069420158084,38.751656431440445,39.24688720703125,1730344
2011-05-10,39.53260417397738,39.86593033558885,39.39927203089698,39.72307586669922,1889965
2011-05-11,38.132628813199126,38.28500560611299,37.285024335599786,37.64692306518555,3003000
2011-05-12,38.085009629702384,38.86594659765144,37.75168069175899,38.59928512573242,1771000
2011-05-13,38.08500738509494,38.14214692775845,37.418352345891485,37.751678466796875,1352582
2011-05-16,38.27547085336606,38.71355923586935,37.85643271085899,37.9707145690918,2099251
2011-05-17,37.39929439171118,37.76119297966402,37.294534863070496,37.74214553833008,2191266
2011-05-18,37.89452976262133,38.61832708160765,37.856437669815286,38.427852630615234,1450295
2011-05-19,38.02785280900329,38.3992737037692,37.808808641298356,38.26594161987305,1765071
2011-05-20,38.08500621072245,38.094528535075185,37.437398638173725,37.67548751831055,2083466
2011-05-23,36.38980204598602,36.63741605980075,35.85647632693193,35.95171356201172,3465000
2011-05-24,36.389795849974185,36.437413060710035,35.77075812344685,36.113609313964844,2919224
2011-05-25,35.82790325142528,36.38979869049476,35.818378130099255,36.23741912841797,1098482
2011-05-26,36.1231236521291,36.1993134103785,35.58980093916658,36.027889251708984,1905288
2011-05-27,36.25646209716797,36.485028614670064,36.15170255987085,36.25646209716797,1133440
2011-05-31,37.1897748748729,37.22786975707003,36.72311676404592,37.15167999267578,1033725
2011-06-01,36.904064879788216,37.18977368977029,36.34216958137397,36.38978958129883,1247477
2011-06-02,36.570748215825766,36.81836222706269,36.22789697050053,36.56122589111328,1106798
2011-06-03,36.570742230726545,36.72312178032969,36.199321274657215,36.418365478515625,1029182
2011-06-06,36.40884049635473,36.532650279573986,36.113609313964844,36.113609313964844,692923
2011-06-07,36.80883275658237,37.17073137846921,36.61836112277505,36.846927642822266,1315622
2011-06-08,36.28502694030819,36.418359022574954,35.627897242615624,35.875511169433594,1545621
2011-06-09,35.72313761327469,36.42788457559985,35.60885296119343,36.08503341674805,736505
2011-06-10,35.63743226631806,35.704096927283935,34.666020931990296,34.82792282104492,2358972
2011-06-13,34.98981135421106,35.17076061981366,34.65648258183091,34.77076721191406,847847
2011-06-14,35.932656172274406,36.17074779539654,35.827896641370415,35.923133850097656,1735580
2011-06-15,34.713630115937725,35.09457614276395,34.246972002358355,34.427921295166016,1355046
2011-06-16,34.05650241153102,34.12316706103496,33.399372644182954,33.685081481933594,1752212
2011-06-17,34.12317393870788,34.12317393870788,33.52318637745826,33.694610595703125,1406328
2011-06-20,33.16128426161761,33.50413545997778,33.12318937320067,33.399375915527344,924231
2011-06-21,33.627942308830384,34.06602792901929,33.475562755796126,33.89460372924805,1307768
2011-06-22,33.4755652044937,34.008888084340946,33.4279479893835,33.6184196472168,943173
2011-06-23,32.87556832120444,33.87554913608461,32.61842927842143,33.866024017333984,1358126
2011-06-24,33.62793723529201,33.76126652668894,33.11366191617609,33.313655853271484,1282820
2011-06-27,34.06602193121741,34.69458188203233,33.85650288007637,34.56125259399414,1446676
2011-06-28,34.01840472797403,34.68505956034037,33.970787524730646,34.56125259399414,1222298
2011-06-29,34.856483459472656,35.14219227149968,34.4088728008042,34.856483459472656,2056978
2011-06-30,34.999347850057646,35.40886374429647,34.97077807966131,35.199344635009766,2131129
2011-07-01,35.42790628548268,36.18027330727776,35.199339761778496,36.13265609741211,1136443
2011-07-05,36.0850428937307,36.246944794669986,35.827906555104356,35.95171356201172,1250711
2011-07-06,35.25647234540959,35.427896491449516,34.94219101448117,35.18028259277344,1633170
2011-07-07,36.246949776353624,36.942174694504125,36.17076277521157,36.799320220947266,2287208
2011-07-08,36.18026501844174,36.27550221374655,35.47551536796922,35.65646743774414,1238699
2011-07-11,35.28504676977025,35.7421825486438,35.03743283835164,35.1707649230957,1836989
2011-07-12,34.437447004864616,34.58982373977234,33.14223216988534,33.218421936035156,4492180
2011-07-13,32.58033956933397,33.7612698539955,32.38034561252838,33.027950286865234,8479009
2011-07-14,33.04699460423758,33.332703426812735,32.180345814542505,32.32320022583008,3640252
2011-07-15,32.72320307839884,32.751772849890784,32.20892481240232,32.68510818481445,2480940
2011-07-18,32.3041613771324,32.59939260020619,32.11368971054908,32.580345153808594,3022327
2011-07-19,33.342233115903745,33.970793171194934,33.342233115903745,33.80889129638672,2557709
2011-07-20,34.16126814793811,34.16126814793811,33.6660401518961,33.90412902832031,1250711
2011-07-21,34.99934373287593,35.32314748044218,34.65649254148859,35.304100036621094,2157848
2011-07-22,35.30409033098986,36.11359947735912,35.037428988196126,35.97074508666992,1994993
2011-07-25,35.351724024359385,35.87552463376287,35.294584479334794,35.62791061401367,1245475
2011-07-26,35.770748380226756,36.285023627229556,35.65646654611029,35.97074508666992,1428504
2011-07-27,35.627904455784865,35.63742957657108,34.81839507160972,35.47552490234375,4158000
2011-07-28,34.018405076892016,34.5993450330303,33.76126602247838,34.02792739868164,2386307
2011-07-29,34.380311214240564,34.49459308779268,33.93270044912968,33.95174789428711,1840762
2011-08-01,34.4088796108028,34.570781489486876,33.10414225782748,33.48508834838867,1988140
2011-08-02,33.35175044868619,33.71364903203437,32.72319328483959,32.73271560668945,1656578
2011-08-03,33.37079883635169,33.55174813315846,32.65652676863648,33.29460906982422,2553936
2011-08-04,31.26608064869601,31.97083046489286,31.113701100375735,31.627979278564453,5532758
2011-08-05,32.94223606523439,33.018425832847754,30.647043093713346,31.827970504760742,2847999
2011-08-08,29.456598504751927,30.608959369153677,29.189937018279114,29.59945297241211,3856699
2011-08-09,31.60892538811559,31.989871383826895,30.047049323351715,31.9517765045166,3505733
2011-08-10,30.589899788214808,32.07558622212943,30.199428640398988,30.95179557800293,5119422
2011-08-11,31.932741468392464,33.58033025287624,31.647032559979912,33.16128921508789,2959341
2011-08-12,34.09460149177463,34.24697825187629,33.12319020492729,33.77079772949219,3047737
2011-08-15,33.97080425226625,34.237465757040994,33.666047847181794,34.10413360595703,1350734
2011-08-16,33.46603740952628,34.1707871838669,33.01842670900811,33.38032531738281,2349501
2011-08-17,33.21842144438564,33.86602605489849,32.92318750362066,33.313655853271484,1997842
2011-08-18,31.63751074386223,31.7613177639526,30.789909052273785,31.475608825683594,2550240
2011-08-19,31.46607562643474,32.47557888735768,31.199414229357433,31.32322120666504,1885884
2011-08-22,32.123204468832064,32.123204468832064,31.304172858826014,31.38988494873047,793562
2011-08-23,32.075587708417174,33.00890118546622,31.789878873171304,32.98033142089844,1431045
2011-08-24,33.27557062157518,33.49461486084674,32.51368114256053,32.875579833984375,2390234
2011-08-25,32.380353285658884,32.647014755315574,31.332752057285703,31.447036743164062,2370522
2011-08-26,31.408941856721864,32.9422460070281,31.19942272994531,32.84701156616211,1754214
2011-08-29,33.685084822594085,34.170790454417606,33.60889504566671,34.094600677490234,945406
2011-08-30,33.08509463375318,33.808891922149456,32.999382533125285,33.285091400146484,2286977
2011-08-31,33.742228152995274,34.00888960484104,33.294617359291195,33.58985137939453,1755138
2011-09-01,33.48508916775744,33.6469910504032,32.90414629550134,32.9708137512207,1091167
2011-09-02,32.10416049410911,32.675578218373445,32.056543282884505,32.30415725708008,1454145
2011-09-06,30.542280305280272,32.01844444232816,30.542280305280272,31.856542587280273,1483020
2011-09-07,32.42796136881718,33.17080322553673,32.370819041979054,32.9898567199707,1116038
2011-09-08,32.44701798673949,33.18986005352622,32.266068632611045,32.53273010253906,1454376
2011-09-09,32.45653086598311,32.75176482018363,31.99939784983056,32.47557830810547,2149532
2011-09-12,32.38034694452709,33.33270795077204,32.37082182387282,33.30413818359375,1960882
2011-09-13,33.31365828778637,34.151740169492356,33.1136643360757,33.97079086303711,2822512
2011-09-14,33.656508433266616,35.18981493143974,33.45651448764542,34.780296325683594,3139367
2011-09-15,34.942200012960015,35.18029165256675,34.39935487910995,34.646968841552734,3869558
2011-09-16,34.55172720681771,35.05648018736993,34.523157444571716,34.856483459472656,3069374
2011-09-19,34.294593811035156,34.78982171382809,34.10411938889017,34.294593811035156,3897971
2011-09-20,33.818407999470615,34.51363259432407,33.72317359298119,33.94221496582031,2093707
2011-09-21,34.618395866123315,35.76123404419474,34.037455853060976,34.05650329589844,2987138
2011-09-22,33.20889959793023,33.646987992591185,32.52320003732789,33.027950286865234,2514204
2011-09-23,32.5327201748001,33.63746061271929,32.48510296886302,33.50413131713867,2547160
2011-09-26,33.99935806400846,34.49458594070825,33.380323218133725,34.427921295166016,2216214
2011-09-27,35.38029146835337,35.98027898332747,35.07553515034001,35.35171890258789,1784706
2011-09-28,35.02791859061662,35.15172558486334,34.2184091687016,34.25650405883789,1864170
2011-09-29,34.78982424424012,34.85648889814367,33.523181833111735,34.33269119262695,1266419
2011-09-30,33.23747400070519,33.646989854633794,32.866053035150266,32.894622802734375,2201353
2011-10-03,32.123203724103135,32.98985531749115,31.875589782389955,31.904159545898438,1793022
2011-10-04,31.55178919604167,33.44699162670349,31.475599422626154,33.42794418334961,2621619
2011-10-05,32.97080585867735,33.54222347301956,32.666049611202055,33.26603698730469,3615843
2011-10-06,32.9517685719486,33.913654812829385,32.90414855781889,33.88508224487305,1409485
2011-10-07,34.608863830566406,35.12313904806447,34.218395558069886,34.608863830566406,2888116
2011-10-10,35.199343972753645,35.818378964632366,34.856492747485234,35.21839141845703,2021250
2011-10-11,34.26602258391957,34.68506353157111,33.92317140809415,34.44697189331055,2645335
2011-10-12,36.22788717234294,38.03737734627187,35.989798347604456,36.91358947753906,7489097
2011-10-13,36.970734455416526,38.3611838098563,36.894544683285,38.15166473388672,2717330
2011-10-14,38.04691081077043,38.408806687018625,37.69453446135534,38.39928436279297,3329788
2011-10-17,37.55168167529657,38.04691249172415,37.20883322974482,37.751678466796875,3777389
2011-10-18,37.86595984479377,38.47547249078826,37.46596629667476,38.35166549682617,2684297
2011-10-19,37.78976737033291,38.35166276240029,37.46596362539812,37.60881805419922,1519287
2011-10-20,38.09452720422897,38.10405232564152,37.3040652122562,37.523109436035156,4182563
2011-10-21,37.94214539290772,38.665939830925474,37.91357282986189,38.57070541381836,2068143
2011-10-24,38.37070309674165,39.37068391307289,38.33260821646728,39.32306671142578,1451450
2011-10-25,39.25640684938254,39.59925804063609,38.846891003477324,39.008792877197266,2246321
2011-10-26,39.6659238859578,39.780208552270274,38.36118653382263,39.084983825683594,1346268
2011-10-27,40.151621120482936,41.789687007922254,40.132573680082956,41.40874099731445,3892658
2011-10-28,40.60875508097315,41.513501528453126,40.57066299664035,41.475406646728516,3912755
2011-10-31,40.23734683688519,40.52305574229756,39.90402071303498,39.93259048461914,3743278
2011-11-01,38.18975773555135,39.25640330319265,38.05642564090019,38.713558197021484,4198117
2011-11-02,38.59926885806502,38.970689737696176,38.37070237809136,38.5326042175293,1700930
2011-11-03,39.15165241368543,40.48495966758442,38.62785183657855,40.17068099975586,1994762
2011-11-04,39.78021694572996,40.53258416421921,39.67545737820253,40.34210968017578,1154230
2011-11-07,39.665920596499525,39.96115456129375,39.36116430899844,39.75163269042969,1018171
2011-11-08,41.11350645203426,41.17064877237556,40.38018700113344,40.932559967041016,2200737
2011-11-09,38.970698938680954,39.12307849290132,38.132619782645875,38.189762115478516,1934471
2011-11-10,38.74213126525161,38.93260290503257,38.04690656305006,38.618324279785156,1989757
2011-11-11,38.70403386282103,39.91353387201217,38.599274327879186,39.58020782470703,1950718
2011-11-14,39.03735682323314,39.10402426533606,38.04690108218216,38.25642013549805,2001153
2011-11-15,38.05642102040988,38.86593021759956,37.92309173933843,38.5326042175293,1126510
2011-11-16,37.95166857689981,38.29451975948523,37.58024762801235,37.627864837646484,1290289
2011-11-17,37.37074082779451,37.42788037917315,36.1802850192591,36.53266143798828,1586046
2011-11-18,37.23739561604989,37.24692073619987,36.170750002778696,36.25646209716797,806575
2011-11-21,35.751709530420186,36.50407654177964,35.37076346460229,36.22789001464844,1727495
2011-11-22,36.06598939728787,36.33265361078311,35.237435381943406,35.304100036621094,1363593
2011-11-23,35.36123631020471,35.37075863178782,34.751723807132485,34.970767974853516,1388618
2011-11-25,34.47554034039508,35.13267290117254,34.46601801797709,34.48506546020508,586509
2011-11-28,35.77075392739856,35.95170322331789,35.46599766017525,35.7136116027832,978285
2011-11-29,35.542195365658905,35.76123959358471,35.256486476153086,35.41838836669922,1165549
2011-11-30,36.532659899335194,37.69454028845995,36.41837520660506,37.64692306518555,3132437
2011-12-01,37.27548686594815,37.665955211383945,37.199297101748435,37.45643615722656,2859934
2011-12-02,37.98025281409284,38.91356663465707,37.970727690803095,38.72309494018555,3345265
2011-12-05,39.19926916686568,39.8278292924773,39.084987287822486,39.380218505859375,4074301
2011-12-06,39.02783939692541,39.8944882790537,38.95164962347478,39.637351989746094,3796870
2011-12-07,39.45640729107368,40.1421097375405,39.227840741382245,40.0087776184082,1840300
2011-12-08,39.47545072555702,39.856396801263095,38.99926743157637,39.11355209350586,4201967
2011-12-09,38.79927352023862,39.9611563951453,38.675466535015204,39.61830520629883,1886500
2011-12-12,38.694519550092444,38.7135669965149,37.90405751704201,38.16119384765625,1113959
2011-12-13,37.92310266758352,38.332618544785156,37.07549834658005,37.246925354003906,1641794
2011-12-14,37.37072966846499,37.40882175887832,36.951688699995785,37.199302673339844,1748208
2011-12-15,38.35166428979015,38.38023405773129,37.07549670289273,37.38977813720703,1282358
2011-12-16,37.43739550293791,37.88500625266768,37.32311083592047,37.465965270996094,1463924
2011-12-19,37.74214760846504,37.894524350102394,37.142157369624876,37.18977737426758,1053437
2011-12-20,38.55165366821247,39.38973267009224,38.532606227438485,39.28497314453125,2301376
2011-12-21,38.60879868964678,39.00879220545328,38.265947504297245,38.83736801147461,1816969
2011-12-22,38.83736112965608,39.39925361943732,38.79926624943503,39.199256896972656,1134210
2011-12-23,39.29450689650016,39.618310686456496,39.237364557556226,39.47545623779297,521444
2011-12-27,39.7897338984802,39.98973068102404,39.589739913328906,39.59926223754883,438977
2011-12-28,39.808782352210315,39.837354920378594,39.408791574388026,39.47545623779297,1516669
2011-12-29,39.92306797363956,40.294488989464355,39.63735906956008,40.23734664916992,720874
2011-12-30,39.97067957047568,40.31353076663184,39.79925537109375,39.79925537109375,434896
2012-01-03,40.923035138409425,40.961130018907035,40.04686127913962,40.208763122558594,1121890
2012-01-04,39.71354092317634,39.83734790371876,39.3516423043329,39.646873474121094,1075074
2012-01-05,38.9230801316989,39.58020993886568,38.72308337367627,39.21831130981445,2828210
2012-01-06,38.913550194988396,39.237353896968926,38.637366494552666,38.9611701965332,2052358
2012-01-09,39.2373529640856,39.70401106482187,39.16116320133884,39.275447845458984,2074380
2012-01-10,39.589741902877385,39.70402378622233,39.31355532312446,39.54212188720703,2127433
2012-01-11,39.59925266906913,39.98019869627535,39.35163873047224,39.846866607666016,1528065
2012-01-12,39.79925269614029,39.96115456129375,39.38021175180426,39.75163269042969,1152844
2012-01-13,39.3802175173298,39.42783753001229,38.76118252898992,39.31355285644531,1525370
2012-01-17,40.64686552987624,41.12304893641362,40.23734959058554,40.561153411865234,1808576
2012-01-18,41.43731043034368,41.456357870592484,39.246877180865035,40.208763122558594,5088314
2012-01-19,40.51351642658531,40.551611304316026,40.04685837047134,40.38970947265625,1537382
2012-01-20,40.4087552129484,41.20873921949169,40.29447058456018,41.14207458496094,2592590
2012-01-23,41.50399180153492,41.82779279967126,41.36113455302021,41.74208068847656,1369907
2012-01-24,41.3801792127582,41.751602998574725,41.18970755655439,41.427799224853516,1420958
2012-01-25,41.04685046274931,41.227799783277234,40.646856933435764,41.18970489501953,1609223
2012-01-26,41.36113176047372,41.827789975617776,40.751621901245066,40.92304611206055,1605681
2012-01-27,41.13256439340279,41.47541560558975,40.684953632540555,41.05637741088867,1815198
2012-01-30,41.00875123213845,41.0277986742504,40.58971310045965,40.90399169921875,1515283
2012-01-31,41.26589666393989,41.380178536838464,40.68495378604927,40.94209289550781,1270346
2012-02-01,42.06588646945654,42.34207306011136,41.95160178420775,41.99922180175781,1381996
2012-02-02,42.32301694180477,42.59920067848472,42.09444761813447,42.31349182128906,1002155
2012-02-03,42.865852699640534,43.380130767822266,42.70395086287806,43.380130767822266,1105181
2012-02-06,43.15158705215616,43.15158705215616,42.542074223033964,42.79921340942383,1452990
2012-02-07,42.90395473016974,43.04680915127873,42.618245887951765,42.98014450073242,1414567
2012-02-08,43.075384066662025,43.418232458135904,42.78015008830235,43.13252639770508,920920
2012-02-09,43.342043653347574,43.389660861846295,42.970622713316494,43.26585388183594,1341109
2012-02-10,43.503940984517385,43.503940984517385,42.91347591163302,43.094425201416016,2417877
2012-02-13,43.03729529517666,43.19919719077651,42.49444726921378,42.84682083129883,2103332
2012-02-14,43.065862416173616,43.47537829222407,42.85634331619256,43.42776107788086,2482788
2012-02-15,43.61823573900204,43.78966275775949,43.180150063629405,43.2468147277832,1856162
2012-02-16,43.36109626563694,44.58964388946228,43.33252369921766,44.42774200439453,1870869
2012-02-17,44.92297787600542,44.95155044744462,44.094423657341494,44.43727493286133,1969044
2012-02-21,44.637254535807735,44.637254535807735,43.799175464755294,43.99917221069336,2234386
2012-02-22,43.90393629760336,43.95155630357319,43.53251535695609,43.770606994628906,1867712
2012-02-23,44.25630911751484,44.28487888093961,43.68489146988423,44.04678726196289,2487331
2012-02-24,44.24678967192525,44.54202365300157,44.01822314304205,44.10393524169922,1348655
2012-02-27,43.399179165779664,44.06583400998935,43.30394475760104,43.875362396240234,1681911
2012-02-28,44.38012044409128,45.49438328790509,44.361073000807885,45.45629119873047,2692767
2012-02-29,44.72296266189041,44.83724450129288,43.2944158915309,43.380130767822266,2369829
2012-03-01,43.30394244593607,43.58012613125938,43.11347084235477,43.227752685546875,1496033
2012-03-02,43.227755630003074,43.29442027618863,42.87538216028867,43.04680633544922,1596364
2012-03-05,42.9991877788554,43.03728266044721,42.46586503135368,42.89442825317383,1443519
2012-03-06,41.9992063694895,42.732525836901566,41.980158928946864,42.60871887207031,3244549
2012-03-07,42.83729080704655,43.62775269657705,42.7801484781542,43.465850830078125,1431738
2012-03-08,43.770620702511614,44.33251345083288,43.51348154139962,44.11347198486328,1171863
2012-03-09,44.18011995196371,44.63725295732073,44.018218096443114,44.45630645751953,1144374
2012-03-12,44.303917585362626,44.48486684441365,44.0848734509965,44.28487014770508,720104
2012-03-13,44.53249733470918,45.39914901338167,44.53249733470918,45.34200668334961,1170092
2012-03-14,44.91344584368199,45.45629381238323,44.82773374267451,45.06582260131836,956494
2012-03-15,45.24676511187912,45.9038976479142,45.199147906798046,45.86580276489258,1243011
2012-03-16,45.82771481735437,46.075328797076445,45.65628781781363,45.76104736328125,665126
2012-03-19,45.98008167527108,46.370550005177,45.73246774886205,46.046749114990234,733579
2012-03-20,45.55152291483345,46.40864941954979,45.446763381687056,46.218177795410156,1258180
2012-03-21,46.54198116971909,46.75150023445922,46.04675327219077,46.13246536254883,1998920
2012-03-22,45.33247761106029,45.713420826439716,45.18009808699511,45.52294921875,1412873
2012-03-23,45.26581823619228,45.68485920464581,45.18010613732905,45.494384765625,691614
2012-03-26,46.19913519341388,46.66579337896887,46.09437564929211,46.59912872314453,1093015
2012-03-27,46.72292906748464,46.894353243054496,46.50388488961836,46.66578674316406,1127511
2012-03-28,47.23720965184608,47.256259893927734,46.17056673620836,46.56103515625,1320550
2012-03-29,46.4848475018052,47.32292951164823,46.351515382887094,47.275306701660156,1371293
2012-03-30,47.70387814082194,47.92291959306463,47.132460305176494,47.751495361328125,1519826
2012-04-02,47.86577257664667,48.541947072913004,47.6562534822493,48.332427978515625,1467697
2012-04-03,48.17052524959713,48.35147736983685,47.37054377550021,47.58006286621094,1379763
2012-04-04,46.532458026780674,46.67531244924342,45.42771753272107,45.88485336303711,2407559
2012-04-05,45.6467494410662,45.941980529247495,45.570559690287276,45.70389175415039,1031954
2012-04-09,45.25630019800371,46.01818963404924,45.07535086249698,45.78009796142578,617848
2012-04-10,45.599143434104384,45.941994620376,44.808684318196626,44.932491302490234,1046122
2012-04-11,45.00867625979981,45.446764644099716,44.818204630369294,44.865821838378906,1766842
2012-04-12,45.65628413981947,47.218160467295746,45.62771437422705,46.580078125,3326246
2012-04-13,46.59912519014066,46.63722007554985,46.04675494649164,46.37055587768555,1659504
2012-04-16,46.56102923364753,47.256253882892096,46.36103248854605,46.98958969116211,1885961
2012-04-17,47.313393755384254,47.78005469559964,46.999117949189326,47.07530212402344,2459765
2012-04-18,45.53248153456495,47.19911476180292,45.4658168768496,46.941978454589844,3852002
2012-04-19,48.322905141035484,48.90384520497621,47.20864222572194,47.665775299072266,2637327
2012-04-20,47.69433727972722,48.16099257306942,47.141964309044496,47.22767639160156,2472547
2012-04-23,46.446745932781454,46.4848408184238,45.67533149200421,45.88485336303711,2218447
2012-04-24,46.58008862669893,46.66580074019251,45.618199538938036,46.008670806884766,2165856
2012-04-25,47.08484051524659,47.180074951062004,46.53246736003241,47.1324577331543,1408253
2012-04-26,47.76100560278562,49.2943121649099,47.72291071706168,49.08479309082031,2589433
2012-04-27,48.91337198107164,49.01812872731774,48.370521224034356,48.66575241088867,1331561
2012-04-30,48.65902247100244,49.48767053608721,48.63011443184464,49.13115692138672,1286978
2012-05-01,49.18896110302044,49.72854568953946,49.0155242110095,49.38167190551758,780934
2012-05-02,48.57228372400618,48.89025507755081,48.36993883179341,48.67827606201172,1519749
2012-05-03,48.475946079581874,48.68792516031952,47.88818512929014,47.926727294921875,935088
2012-05-04,47.33895311022121,47.68582969443326,46.616294739044534,46.82827377319336,768845
2012-05-07,47.290784757148714,47.64729552530161,46.982450278405565,47.39677429199219,1083621
2012-05-08,46.56812454684838,47.04989591388269,46.018902980844715,46.88609313964844,1405943
2012-05-09,45.768366581696014,46.471753733048565,45.57565583458869,46.201961517333984,1848385
2012-05-10,46.1345173624976,46.41394656715825,45.67201716954292,46.06707000732422,2193961
2012-05-11,45.912910857538186,47.51239634736865,45.912910857538186,46.66447448730469,2015552
2012-05-14,45.30587545204568,45.797283740163856,44.98790688162379,45.440773010253906,1831445
2012-05-15,45.3733303575621,46.09598884740874,45.30588015633616,45.73947525024414,1528527
2012-05-16,45.54675975886398,45.585301916003914,44.592851275477244,44.63139343261719,1751596
2012-05-17,44.35195941319802,44.61211753064657,43.51367466162906,43.523311614990234,1166781
2012-05-18,43.94727617579614,43.976184209944726,43.21498365106824,43.24388885498047,1974896
2012-05-21,43.88945870906085,44.68919846778296,43.600395395484306,44.59284591674805,1216831
2012-05-22,45.08425748742189,45.33477866722489,44.7373809191423,45.04571533203125,1152151
2012-05-23,44.52541761493019,44.73739955789581,43.72567746320859,44.6892204284668,991221
2012-05-24,44.72774594965186,44.99753821912029,44.168890332164665,44.535037994384766,555016
2012-05-25,43.793101127625775,44.51575937526081,43.735287901767826,44.32305145263672,1096557
2012-05-29,45.70092312980237,45.89363106309593,45.13243062274429,45.27696228027344,1059289
2012-05-30,44.44833342792026,44.59286514703659,44.120727820558294,44.188175201416016,1504118
2012-05-31,44.29415758157943,44.429055151696346,43.85092836881147,44.139991760253906,695387
2012-06-01,42.90664577894622,43.19570911588772,42.14544528096877,42.2032585144043,2147376
2012-06-04,42.59830788491125,42.762110617815004,42.232160266628036,42.36705780029297,1189265
2012-06-05,43.01263834862302,43.706391538680855,42.97409619026021,43.48477554321289,838838
2012-06-06,43.966546530171144,45.63347930047138,43.956912405771384,45.61420822143555,1174712
2012-06-07,46.539209159861116,46.54884611400755,45.488945311597355,45.556392669677734,1640947
2012-06-08,45.30587631512161,46.24051662492096,45.28660523501046,46.144161224365234,1555015
2012-06-11,46.78972302594265,47.03061004885602,45.83581471716399,45.912899017333984,1216908
2012-06-12,45.941811571864285,47.223325531350305,45.787645777072036,47.146244049072266,1138830
2012-06-13,47.74364858546229,48.427767751303435,47.338961523819684,47.93635940551758,1935010
2012-06-14,47.589482757455855,47.72437749322913,46.770466066322335,47.24260330200195,1326094
2012-06-15,47.56056833220438,48.20614520889014,47.51239205164785,48.10978698730469,948640
2012-06-18,48.03269969121571,48.85171339123015,47.77254439608361,48.63010025024414,1648955
2012-06-19,48.66864086822531,49.468380635687886,48.61082480859504,48.996246337890625,1091244
2012-06-20,49.054069085193454,49.09261124782505,48.196513042232155,48.70719528198242,1288210
2012-06-21,50.364489479600465,50.50901833890806,48.51448272134087,48.68791961669922,1985060
2012-06-22,48.30250713338587,48.70719702526522,47.897817241506516,47.93635940551758,4729648
2012-06-25,47.64728439006112,47.65691851359687,46.664467938083604,46.75118637084961,2054052
2012-06-26,46.92463897211465,47.04026263752348,45.778019462790674,46.51031494140625,1809962
2012-06-27,47.242596189061544,47.52202540432081,46.90535657016726,47.290775299072266,1786477
2012-06-28,46.38504946023069,46.96317621742023,46.30796513787568,46.91499710083008,763224
2012-06-29,48.697547542114386,49.83452687069885,48.524105028524744,49.54546356201172,3151841
2012-07-02,50.046512227434924,50.36448360548831,49.56474375879282,50.28739929199219,821436
2012-07-03,50.09468649240614,50.94260824627005,49.96942590313363,50.70172119140625,408408
2012-07-05,49.62256356995699,50.16214820623916,49.42021862379199,49.89235305786133,667898
2012-07-06,48.52410985352626,48.73608887957876,47.58947531413445,47.618377685546875,1251327
2012-07-09,47.175149746284355,47.25223405960762,46.577751978501425,46.69337844848633,2043734
2012-07-10,50.2199399807045,51.35692490754369,50.10431919193391,50.65353775024414,7052507
2012-07-11,50.18141225989396,50.2970330688676,49.082969290865314,49.323856353759766,2272039
2012-07-12,49.67073856021982,49.67073856021982,48.40849262630869,48.64937973022461,3336102
2012-07-13,48.80354007148885,49.42984303873099,48.70718751052002,49.323856353759766,1472933
2012-07-16,49.37204403992972,49.41058620531555,48.851727637457884,49.13115692138672,1034649
2012-07-17,49.67073487886792,49.83453764455261,48.56265767926398,49.62255859375,1230845
2012-07-18,50.01760522082701,52.821520294524376,49.87307637541121,52.58063888549805,2684836
2012-07-19,54.04522637350312,54.07413440810339,53.12985999573159,53.717620849609375,2339337
2012-07-20,53.77543187868684,54.12230561948802,53.06240482852755,53.44782638549805,1498266
2012-07-23,52.36866263940169,53.85252163251905,52.137409681848524,53.47673416137695,1536997
2012-07-24,52.47465214052523,52.927518294608994,52.253038956367575,52.59027862548828,2759757
2012-07-25,53.736892290714586,53.74652641498113,52.33975181599918,52.58063888549805,2183027
2012-07-26,54.29574623333445,55.20147846395286,53.96814071755874,55.056949615478516,1889580
2012-07-27,55.54836103700128,56.94550162045754,55.297839823737554,56.71424865722656,1511818
2012-07-30,55.91449804159404,57.04184906034244,55.91449804159404,56.646793365478516,2209438
2012-07-31,56.63716550906375,56.98404496109383,55.38455941680454,55.40382766723633,2476243
2012-08-01,55.789237198563896,55.827779355464216,54.41137065567676,54.469181060791016,1874950
2012-08-02,53.833234891526544,54.526987938359625,53.45745317042352,53.82360076904297,2058133
2012-08-03,55.46163617844569,56.42517875955753,55.30746755411665,56.001220703125,2156924
2012-08-06,55.87596265509077,56.03012562596675,54.074132342504015,54.13194274902344,3008467
2012-08-07,56.039765302083254,56.10720983281299,55.48090684476498,55.74106216430664,1412026
2012-08-08,54.632997536173065,55.55799811735523,54.27648394734593,55.4134635925293,1517901
2012-08-09,55.29783442736734,55.789237020450756,55.24001836196523,55.49053955078125,876106
2012-08-10,55.09548947517129,55.58689772833261,54.93168672411752,55.500179290771484,486101
2012-08-13,55.2207605050336,55.326747210760914,54.55591525110836,55.00878143310547,530607
2012-08-14,55.63508361752398,55.769978359196706,55.02804878928662,55.29784393310547,1136135
2012-08-15,55.336380859738654,55.769973081394106,55.00877533205548,55.44236755371094,945098
2012-08-16,55.028038103686534,55.837417717500585,54.84496710842837,55.62543869018555,767151
2012-08-17,55.77961000869037,55.953046906066355,55.40382817755134,55.94341278076172,562023
2012-08-20,55.70251902365531,56.12648275156055,55.50981389871632,55.84705352783203,654423
2012-08-21,56.7046064017744,56.964761702752845,55.95303720927193,56.367366790771484,1233848
2012-08-22,56.07831149905086,56.79133297830356,55.991587392484504,56.71424865722656,781473
2012-08-23,56.24210851753672,56.48298992068984,55.38455260879993,55.519447326660156,643104
2012-08-24,55.34602043236704,55.94341547666674,55.14367548885303,55.66398620605469,847770
2012-08-27,56.03976947203249,56.04940359707182,55.403826651868606,55.904869079589844,863940
2012-08-28,54.893152844960724,54.893152844960724,53.89106793939217,54.23794174194336,2645258
2012-08-29,54.95095670874554,55.259293972459815,54.526998631611,54.91241455078125,937937
2012-08-30,54.700430752255926,54.7100648757905,53.74652233147476,53.8043327331543,1444058
2012-08-31,54.63298348720143,54.873864865846095,54.025948827884484,54.7004280090332,826133
2012-09-04,54.71970199775911,54.78714651969214,53.765787962912434,54.08375930786133,832524
2012-09-05,54.53663170781638,54.854603089792334,53.93923676156051,54.02595520019531,822052
2012-09-06,54.26683731051197,55.924132938313974,54.22829515680922,55.76033020019531,1092784
2012-09-07,54.66188920178424,54.96058665796204,53.862149390605715,54.74860763549805,2894045
2012-09-10,54.32463935528849,54.38244974671494,53.351457199567,53.39963912963867,1666973
2012-09-11,53.48636961796439,54.06449630458652,53.29365883559955,53.5345458984375,964810
2012-09-12,54.3631912540867,54.459543810570395,53.35146676911942,53.59235382080078,973973
2012-09-13,53.71761143517342,54.3535541220886,53.341829693119806,54.112667083740234,1322475
2012-09-14,55.066587600950456,56.0494042171879,54.7871583484073,55.04731369018555,1253175
2012-09-17,55.45199011455406,55.60615872142467,54.9798558316024,55.2496452331543,870485
2012-09-18,55.01840659173282,55.01840659173282,54.13194262399856,54.34392166137695,1299298
2012-09-19,52.99495903333337,53.39000904418493,52.52281905246008,52.57099533081055,3381917
2012-09-20,52.64808749539303,52.87934045854452,52.20485547958917,52.551734924316406,2815505
2012-09-21,52.041056302973686,52.33975378980869,51.84834550801267,51.97360610961914,1918378
2012-09-24,51.02932111513358,51.27984226635699,50.44156038806877,50.4801025390625,2045274
2012-09-25,52.041057353832585,52.416839166240116,51.32803022831514,51.46292495727539,2774772
2012-09-26,50.711356860181475,50.95224392238472,49.94052505369795,50.740264892578125,2172016
2012-09-27,52.06995982465667,52.445741637759554,51.39548051813452,52.25303649902344,1871408
2012-09-28,51.732717620460924,52.050689008358404,51.43402014177038,51.72308349609375,2119964
2012-10-01,51.86761117401578,52.513188059627765,51.16422388303109,51.44365310668945,1310001
2012-10-02,52.49392424413028,52.908248222293786,51.51110764649417,51.98324203491211,1757140
2012-10-03,52.840802084157964,53.091323315285884,52.48428848887283,52.9467887878418,1886808
2012-10-04,53.80432875750044,53.82360266361753,53.19729977306682,53.62125778198242,1498420
2012-10-05,54.69080961632073,54.84497827137324,53.84288767400537,54.06450653076172,2326632
2012-10-08,53.53455098136843,53.57309314150085,52.792621474410495,53.004600524902344,1343111
2012-10-09,52.696258267947954,52.72516630043583,51.83870802204069,52.330116271972656,1849001
2012-10-10,51.68454555313385,52.00251696696257,51.356940014152286,51.482200622558594,1011395
2012-10-11,51.35693215871809,51.97360098127254,50.91370020427878,51.10641098022461,1791944
2012-10-12,51.395486303773296,51.867620739392855,50.94262012000725,51.05824661254883,3357508
2012-10-15,50.54755845958973,50.98115634095472,49.99833975963542,50.884803771972656,1904441
2012-10-16,51.98324541759332,52.13741406893456,51.51111099845239,51.63637161254883,2953489
2012-10-17,50.60536698588613,50.72098778724048,46.953530447584065,48.25431823730469,18503870
2012-10-18,48.53374733915523,50.26813314434564,48.53374733915523,49.468387603759766,13391840
2012-10-19,49.988703824446134,50.634275070002566,49.85380344018936,50.277767181396484,8227373
2012-10-22,51.81943177736794,52.012142551145104,51.10641040510063,51.3665657043457,5877487
2012-10-23,50.58609457168492,51.164221237407666,50.28739711517167,50.92333984375,4052048
2012-10-24,52.407202641776784,52.426470890543335,51.53037279250161,51.915794372558594,5489638
2012-10-25,52.464995484380076,52.62879818594847,51.915776992256355,52.349369049072266,5069603
2012-10-26,52.50356616818313,53.01424279278629,52.13741842092143,52.36867141723633,4113186
2012-10-31,53.64053021382776,53.64053021382776,52.570995324776,52.975685119628906,3339798
2012-11-01,53.43819611421414,54.38247060618192,53.21658292485903,54.23794174194336,3074841
2012-11-02,55.02805327892362,55.08586369850761,54.12232085577341,54.247581481933594,3710091
2012-11-05,53.72725689828661,54.64262896931033,53.669446487488685,54.507728576660156,1177638
2012-11-06,54.71007442364927,55.44236982857301,54.64262988666491,55.40382766723633,1232385
2012-11-07,53.73689021871585,54.083763962716965,53.3225662865046,53.794700622558594,2290057
2012-11-08,53.8236003045797,53.997037149673446,52.85041809082031,52.85041809082031,1744974
2012-11-09,52.73479827024921,53.76579100849577,52.67698786810737,53.361106872558594,2095786
2012-11-12,53.4767289156928,53.55381322731577,53.06240498607356,53.2262077331543,604450
2012-11-13,52.6480850880928,53.447830637069096,52.53246427227673,52.80225372314453,1736427
2012-11-14,53.968132401827496,54.035582583672664,52.975681882952635,53.120216369628906,3376527
2012-11-15,52.63844533460561,52.82151632379823,51.40510770702472,51.58818435668945,2303840
2012-11-16,52.821524794163004,53.01423559827281,51.96397445193866,52.90824890136719,2164855
2012-11-19,53.18767173646849,53.65981178471486,52.99496659556812,53.3803825378418,913528
2012-11-20,53.852512969251165,53.98740767588688,53.18766223835874,53.58271789550781,1719641
2012-11-21,53.409286318134455,53.524912789746665,52.83115962054589,53.02386474609375,1287902
2012-11-23,54.73898220278516,55.93377787766666,54.47882686033878,55.432735443115234,1444520
2012-11-26,56.14574607675076,56.17465410714581,55.220745708828886,55.76033020019531,1537536
2012-11-27,56.35772941413682,56.9936721687686,56.06866606943303,56.511898040771484,1878800
2012-11-28,56.107206565767626,57.09965716453296,55.818143229617796,57.090023040771484,1248324
2012-11-29,54.93369559752819,55.617956629061666,54.31961655752084,54.7933349609375,3158400
2012-11-30,55.02141727525293,55.33722951083944,54.48629135900481,54.889827728271484,2942400
2012-12-03,55.28459817435599,55.451275382464324,54.74947220824306,54.837196350097656,3635300
2012-12-04,54.14416436277134,54.33715813261218,53.424815733868655,53.880985260009766,4463300
2012-12-05,53.86344028916544,54.62665094640723,53.8458947934694,54.55646896362305,2156300
2012-12-06,54.67051194397997,55.02141515812086,54.424881701957986,54.87228012084961,2015600
2012-12-07,54.95123364348478,55.72321871327563,54.872280586955476,55.70567321777344,1720300
2012-12-10,55.38109445579525,55.99517346285325,55.38109445579525,55.81094741821289,1577300
2012-12-11,56.26713205616732,56.46890363990751,56.00395623999855,56.03904724121094,1059900
2012-12-12,55.63548242692643,55.960069022633064,55.345990163128725,55.565303802490234,1953900
2012-12-13,55.617950894415614,55.679358457438596,54.94246435470163,55.00387191772461,2274500
2012-12-14,54.75823561392326,55.96007693705204,54.75823561392326,55.828487396240234,3746900
2012-12-17,56.14429536601841,56.14429536601841,55.55653638020658,55.793392181396484,2016600
2012-12-18,55.96885937784476,56.22326074383903,55.86358973169328,56.17062759399414,2380000
2012-12-19,56.66187786720104,56.775925261684954,55.92498713171522,56.2758903503418,2832900
2012-12-20,56.60924754701238,56.99524177602277,56.34607513962374,56.74083709716797,1146900
2012-12-21,55.793398645721396,55.89867162118156,55.22318508772076,55.653038024902344,2110400
2012-12-24,55.77585258313687,55.87234778418033,55.39863281368927,55.503902435302734,350500
2012-12-26,55.97761873105414,56.0214807929376,54.91613809329388,55.293357849121094,841400
2012-12-27,55.97762864843966,56.030261793440346,54.88106017477344,55.767086029052734,1147500
2012-12-28,55.60917682901227,55.767082948213634,55.22318595233184,55.3810920715332,769000
2012-12-31,55.4161867729183,56.60047947124906,55.346008125705595,56.4864387512207,1710600
2013-01-02,57.88127662879849,58.58307647705078,57.70582164704302,58.58307647705078,1824000
2013-01-03,57.89004157490683,58.153220688425094,57.07419435450768,57.354915618896484,1725400
2013-01-04,56.70576237042808,57.06544013116616,56.45135761859677,56.76716995239258,3170800
2013-01-07,55.57407344901729,56.03024620875439,55.34598874237898,55.84602355957031,2066100
2013-01-08,55.61795016001579,55.76708185497064,55.091595324176026,55.389862060546875,1182400
2013-01-09,55.63549123576468,55.96884895738408,55.52145053469209,55.70567321777344,879100
2013-01-10,56.635557118736386,56.74960450480636,56.091660181806574,56.7320556640625,1648300
2013-01-11,57.22333315936515,57.68827712933258,56.96892846594613,57.39000701904297,1518000
2013-01-14,57.19700081896568,57.25840837708821,56.36361157402817,56.495201110839844,1477000
2013-01-15,55.09159328147377,55.51267512665589,55.021414647173934,55.33722686767578,1561300
2013-01-16,55.41618365038961,56.135535659171936,55.38986707747541,55.98640060424805,1615100
2013-01-17,57.442637295066,61.074471002297905,57.3461387483537,59.96035385131836,8003800
2013-01-18,60.48670566420724,60.811292295360474,60.03931060995504,60.67970275878906,2758200
2013-01-22,61.19729682585133,61.442927099400414,60.82884472260472,61.33765411376953,1369100
2013-01-23,60.74989762187446,60.93412033497773,60.100730914807244,60.74112319946289,1824800
2013-01-24,61.837695966709525,62.54827698620508,61.714880816263125,62.451778411865234,2386500
2013-01-25,63.76765736111612,65.1273983665485,63.61851894959004,64.95195007324219,3443000
2013-01-28,66.8555721687164,67.05734367131775,65.53091585056352,66.20640563964844,3454400
2013-01-29,65.53970715228999,66.06605870854224,65.43443416387026,66.03096771240234,1665900
2013-01-30,66.2941518258124,66.65382954362084,65.8116589587337,65.98711395263672,1658400
2013-01-31,66.39940500670531,66.58362767563351,65.52215037775869,65.873046875,1844600
2013-02-01,68.11004208323676,68.68903329337006,67.31174393059601,68.61007690429688,3894800
2013-02-04,67.51351258841825,68.12759481849149,66.86434606444038,67.04856872558594,1302300
2013-02-05,66.66260631079557,67.63635990696311,66.60119872783567,67.1100082397461,4528800
2013-02-06,66.56608384557944,67.1977082968321,66.10991434907595,66.66258239746094,1089800
2013-02-07,66.06604983968316,66.13623182254159,65.3028425280952,66.04850769042969,1396400
2013-02-08,65.68003822312332,66.18007295492293,65.42563364828916,65.60108184814453,1612900
2013-02-11,65.68883329061276,65.87305598501833,65.34670447344207,65.71515655517578,645600
2013-02-12,65.67130142355201,66.18887859465144,65.52216969895628,65.75902557373047,771400
2013-02-13,65.07476124709444,65.77656776335101,64.88176412047774,65.14494323730469,1644300
2013-02-14,64.57471976606463,65.73269571604143,64.41681365048042,65.66251373291016,939600
2013-02-15,64.79404116006953,64.8291321558142,63.60974849861003,63.72378921508789,1554000
2013-02-19,64.76769608907048,64.96069313428701,64.30275231264164,64.8817367553711,1050900
2013-02-20,64.92564395073683,65.24145628386863,63.28517470324237,63.293949127197266,1005900
2013-02-21,62.21489738200999,62.25876279112194,61.72363692598051,61.951725006103516,1237700
2013-02-22,62.14473512791968,63.013222314937764,61.846471668645975,62.855316162109375,1217700
2013-02-25,63.82028104793061,64.00450373646467,61.11833489691959,61.17097473144531,1522300
2013-02-26,61.96926558188812,63.10969926064959,61.78504291555063,62.76757049560547,1599900
2013-02-27,61.99559868378329,63.01321752305268,61.97805653165808,62.978126525878906,1356600
2013-02-28,62.51318553593651,63.013220557123475,62.258780813869635,62.267555236816406,1357900
2013-03-01,61.68855924225502,63.05707463231079,61.32011382076665,62.83776092529297,2732100
2013-03-04,62.51316038102918,62.53947694635619,61.54818172582005,62.285072326660156,1286500
2013-03-05,62.793875909596146,63.88166956695712,62.68860296485009,63.40795135498047,1644300
2013-03-06,64.1711790400376,64.25012874600151,63.109701715795765,63.197425842285156,1582000
2013-03-07,63.13603574185821,63.20621773962411,62.06578370116121,62.14473342895508,1399900
2013-03-08,61.65346081296146,61.73241721828885,60.89902121634251,61.17097473144531,2322000
2013-03-11,60.84639274233149,61.881553661780515,60.75866860195572,61.39029312133789,1121500
2013-03-12,61.75871866885401,61.75871866885401,60.73233250134226,60.93409729003906,1690700
2013-03-13,61.249927856798664,61.767511652120845,60.80252604947317,61.135887145996094,1676700
2013-03-14,62.17980195927973,63.03951438894721,62.17980195927973,62.986881256103516,1576200
2013-03-15,63.05706991326541,63.07461875655051,61.3376513820738,62.12718200683594,3375000
2013-03-18,61.355204538308016,61.93418924188471,60.916577126265025,61.2060661315918,960900
2013-03-19,61.20605336184106,61.61836411400654,60.284940004481555,61.07447052001953,1220500
2013-03-20,61.26747571796874,61.56574584829455,61.135892844363774,61.38152313232422,1173600
2013-03-21,60.91656122975218,61.43413822829522,60.670931013974375,60.72356414794922,1206100
2013-03-22,60.109499807759505,60.293729217351945,59.59192265515461,59.934051513671875,2700200
2013-03-25,60.14459348869202,60.85517450517544,59.79369688486045,60.2498664855957,1240100
2013-03-26,59.29363478150955,59.495406282966144,58.07425143157834,58.740966796875,2013900
2013-03-27,57.135597600496325,58.17953286079188,56.960149333369415,58.12689971923828,3850400
2013-03-28,58.50411938911595,59.8112270472404,58.46025397596907,59.64454650878906,2376400
2013-04-01,59.55681509151755,60.04807553265337,58.67956047924842,58.84624099731445,1395800
2013-04-02,58.319887106836724,59.258549234626614,58.31111268706638,58.63569259643555,1308100
2013-04-03,59.021690095516576,59.18837061599129,57.84617211069098,58.109344482421875,2014400
2013-04-04,57.39000658305897,57.99531452807553,57.07419432417406,57.968997955322266,2196200
2013-04-05,57.5215825360325,58.59183419437244,57.12682065224803,58.52165222167969,1459700
2013-04-08,58.460249594908845,58.8286949432106,57.73212662593976,58.81992721557617,2124700
2013-04-09,58.688337154778374,59.22346302426112,58.44270692477091,58.855010986328125,1689000
2013-04-10,59.17959409113354,60.74110619713872,59.11818653728799,60.232303619384766,1842800
2013-04-11,60.714811239362,61.58329172225835,60.49549751286831,60.811309814453125,1677700
2013-04-12,60.653376501049436,60.83759914565222,59.811212971613536,60.62705993652344,1383500
2013-04-15,59.85508917529224,60.05685400168057,58.24971152030792,58.311119079589844,1339400
2013-04-16,59.434002950227715,59.89017242650989,58.88133492634168,59.46031951904297,1621500
2013-04-17,63.2412887903801,63.2412887903801,60.01299788487421,60.95166015625,5779200
2013-04-18,63.16234487468391,63.25006901509195,62.39036306900113,62.64476776123047,3104500
2013-04-19,63.43429335482334,63.72378904927125,62.59212953791192,63.15357208251953,2394200
2013-04-22,62.732479406981916,62.864068937846255,61.93417449454741,62.4956169128418,1054700
2013-04-23,63.443048231040905,64.0746725723605,62.94301340964973,63.583412170410156,1660500
2013-04-24,64.2413740676179,64.8115843520855,63.94310394546076,64.51332092285156,1173200
2013-04-25,65.90814958371304,66.5046831051948,65.46075446229386,65.6098861694336,1375300
2013-04-26,65.33176750812554,65.60631255068475,64.6498474328102,65.28749084472656,1687000
2013-04-29,65.81887985409426,66.51851623134442,65.64175962856156,66.03142547607422,761200
2013-04-30,65.88974180113357,66.11114549888153,65.25209807054671,65.86317443847656,888600
2013-05-01,65.53549044630104,65.97829781418146,65.31408676236084,65.5531997680664,1569600
2013-05-02,66.34141333422343,67.49270861431195,66.11115157552362,67.21817016601562,1372900
2013-05-03,68.17462279283697,68.9539612988686,68.13033935501646,68.63513946533203,1810900
2013-05-06,67.97977379880895,68.35173028299644,67.45725770813374,67.50154113769531,888300
2013-05-07,68.35176143921471,68.35176143921471,67.65212482478903,68.21891784667969,674700
2013-05-08,68.36060457959393,68.60857562803135,67.51926651473346,67.85580444335938,1458900
2013-05-09,68.03292768616221,68.58201128666994,67.54583685049369,67.67868041992188,1237000
2013-05-10,68.63515500599752,69.44106781122207,68.22777296128271,69.35250091552734,1472800
2013-05-13,68.93625043792767,69.11337744591013,68.48459177015746,68.67942810058594,1759200
2013-05-14,68.67056494867845,68.96281942256363,68.42259391266822,68.7502670288086,675300
2013-05-15,68.70598628859497,69.60931026022294,68.70598628859497,69.54731750488281,1928200
2013-05-16,69.51189193180848,69.83071374609335,68.7148373960963,68.82111358642578,951500
2013-05-17,69.0248218970519,69.94586212951806,68.9716804127813,69.93700408935547,738200
2013-05-20,70.49491999359606,70.89345061301015,70.38865056711478,70.8403091430664,1122100
2013-05-21,71.40711000199623,71.62851367443332,71.06172081353068,71.44253540039062,1072500
2013-05-22,71.21229848858545,71.86765163316568,70.53922926196745,70.9200439453125,2192300
2013-05-23,70.62775962813228,71.30082857101068,70.49491609567299,70.90229797363281,1495500
2013-05-24,70.89346223320274,72.3458698579388,70.88460419397633,72.00048065185547,2015300
2013-05-28,73.66543922631152,74.90530129583544,73.60344646067055,74.46249389648438,1875900
2013-05-29,73.93112442417159,74.28536492897194,73.50602635902483,73.6477279663086,1252300
2013-05-30,74.33851919619933,74.52449752021894,73.79829354974468,74.0462646484375,889200
2013-05-31,74.24108581616339,74.87872951467708,71.92077274806175,71.97390747070312,9219500
2013-06-03,73.0986409594255,73.93997225409285,72.23073554710504,72.35472106933594,9078500
2013-06-04,71.89420399956961,72.0447568819515,70.62777466631917,70.67205810546875,4085700
2013-06-05,70.7340502182089,70.7340502182089,68.66170825701073,68.97167205810547,3580400
2013-06-06,70.17612193830114,70.85804918683705,69.33479049612376,70.45951843261719,4877600
2013-06-07,70.63661864007892,71.52223319309049,70.41521500182603,71.37167358398438,1357200
2013-06-10,71.49567687633416,71.82334998725058,71.1945643683337,71.44253540039062,781900
2013-06-11,70.63661625861876,71.05285616557343,69.82184576222335,70.32665252685547,1445800
2013-06-12,70.88460474118386,70.9731648640189,69.59160802902043,69.68016815185547,599100
2013-06-13,69.55616063339276,71.20340407270682,69.42331711279606,71.0085678100586,1435600
2013-06-14,70.93773941048727,71.29198665826671,70.62777560244434,70.6454849243164,676900
2013-06-17,71.24770049047086,71.31855128865475,69.67130739275156,70.20267486572266,1387900
2013-06-18,70.68976681907742,71.2477016613606,70.45065381715723,71.15914154052734,567500
2013-06-19,72.1156227280498,72.46987004504378,70.88461853794254,70.9200439453125,784300
2013-06-20,69.4587624205517,69.51189714134681,67.90007862908895,68.25432586669922,880500
2013-06-21,67.73182190171593,68.15691321584063,67.38642591852076,67.67868041992188,803000
2013-06-24,65.49120328123745,66.44766876305776,65.43806856225983,65.98715209960938,1024300
2013-06-25,66.25283946451599,67.37757401776473,65.64176986147588,67.08531951904297,1064900
2013-06-26,68.05062984656668,68.34288431720775,67.55468778005135,68.04177856445312,654400
2013-06-27,69.01594671495087,69.44989598126585,68.9008192482519,69.12222290039062,572400
2013-06-28,70.04327329961957,70.70748441868808,69.34364353343439,70.06098937988281,1582500
2013-07-01,70.59235072813873,70.72519429163417,69.23736124523471,69.43219757080078,1265500
2013-07-02,69.41448675254597,70.07869786365492,69.21079912889392,69.59161376953125,503500
2013-07-03,69.45874722839653,70.81373636593864,69.29047830707735,70.56576538085938,426600
2013-07-05,71.92963057406362,72.9392308414811,71.46910712352327,72.70896911621094,1093200
2013-07-08,73.70968821760772,73.7273975323545,72.04472884994544,72.20413970947266,1402600
2013-07-09,72.06246478544195,72.82409390682625,71.77021033629842,72.73552703857422,1221600
2013-07-10,73.16064379177043,74.41821526563089,73.1340764271643,74.25880432128906,824100
2013-07-11,76.61451628971713,77.40271269536144,76.33997118581547,77.34957122802734,1250600
2013-07-12,77.72156104769785,77.74812841209763,76.67653525550772,77.18133544921875,908700
2013-07-15,77.87207251112099,77.93406524729964,76.22482922785785,76.97760009765625,1235800
2013-07-16,77.34074360154926,77.97838735095544,76.94221287981797,77.70384216308594,1583600
2013-07-17,80.37837985020731,80.44037259951921,77.8100962591228,78.79312896728516,1890800
2013-07-18,78.25291269270211,79.20052011825581,77.66840376794937,78.89055633544922,2103200
2013-07-19,78.3060492051501,78.96140894004928,77.96066001686447,78.8639907836914,1182700
2013-07-22,78.41233220140344,78.78428878155688,78.10236838460892,78.50975036621094,867000
2013-07-23,77.77467756848985,78.81970311602666,77.7303941337208,78.43888854980469,1306700
2013-07-24,78.73115239833089,79.05882553059116,78.19092686185907,78.29720306396484,1081200
2013-07-25,78.917128595421,79.42192871782801,78.69572491442312,79.41307067871094,1040400
2013-07-26,78.73112449864784,79.0676555510043,78.43001207773781,78.97909545898438,820700
2013-07-29,79.56362924244256,79.91787650867956,78.48318487764136,79.20938873291016,697500
2013-07-30,79.79387695909176,80.08613140914056,79.35992768146693,79.78501892089844,793800
2013-07-31,79.26249456527547,80.26323647765332,79.15621839713272,79.66101837158203,490800
2013-08-01,80.22784201971345,80.900911164045,79.55477963208665,80.75921630859375,1398800
2013-08-02,80.47580146355558,81.4676854953223,80.11269623285297,81.41455078125,923600
2013-08-05,80.72378222139196,81.5031207342955,80.51123658272807,81.4942626953125,534800
2013-08-06,81.49425294973496,81.75994003382036,81.0603036853185,81.52967834472656,1258500
2013-08-07,80.79463942354555,81.11345452845829,80.3252579141001,81.03375244140625,349300
2013-08-08,81.36141849391672,81.62709882890579,80.95403657490408,81.37026977539062,512800
2013-08-09,80.77692483771271,81.23744831598799,80.70607403233117,81.01604461669922,1005000
2013-08-12,80.45809202543505,81.12230303294834,80.42266662756323,80.94518280029297,330500
2013-08-13,80.83004199622471,81.71565660090505,80.62635442090203,81.52967834472656,645500
2013-08-14,82.23819738942166,82.80499036582779,82.10535380754719,82.35332489013672,652100
2013-08-15,80.9274775800132,81.47656118563442,80.45810281947305,80.64408111572266,832900
2013-08-16,80.69721177189395,81.25514658579175,80.51123350059468,80.94518280029297,740900
2013-08-19,81.11344096622479,81.23743323097064,80.21011701381529,80.3960952758789,287100
2013-08-20,80.2366809959984,80.74148104513407,79.87358252535148,79.97100067138672,481200
2013-08-21,80.41384294170861,80.54667978343464,79.54593728776403,79.90018463134766,451200
2013-08-22,80.95403619228604,81.6270984431066,79.44848727431679,80.41381072998047,773800
2013-08-23,80.8743332173386,80.98060941254779,80.3518237934771,80.44038391113281,849400
2013-08-26,80.70607088912593,80.87433985617744,80.13042669875809,80.21012878417969,621900
2013-08-27,78.86401522453923,79.0942702502857,77.4736000017214,77.86326599121094,834600
2013-08-28,77.27873627140879,78.5274494147547,77.01304917365677,78.18206024169922,1181200
2013-08-29,77.19905476839912,78.41234970114952,77.16362935904444,77.86326599121094,1204000
2013-08-30,77.65954213838563,77.9252224496607,76.89791308399872,77.10160064697266,1467700
2013-09-03,77.92524035672176,78.42118921380164,77.60641850456481,78.27948760986328,1217700
2013-09-04,77.80125600440458,79.66990370510739,77.65070311547892,79.35108184814453,1536300
2013-09-05,79.12968669800745,79.67877034576094,78.81086480662866,79.46622467041016,1308100
2013-09-06,79.6256118024067,79.8470154520541,78.59829562482525,78.61600494384766,923000
2013-09-09,78.88170882921762,79.73189821416366,78.45661075839229,79.20938873291016,597000
2013-09-10,79.45736141533091,80.11271447939819,79.35108520627753,80.03301239013672,599800
2013-09-11,79.10312045835218,79.32452417736422,78.72230579138326,79.2005386352539,525000
2013-09-12,81.37027175652204,83.25663528871864,81.11344269675384,82.06990814208984,1236200
2013-09-13,81.84850521874158,82.34445402267677,81.34370513303699,82.30902862548828,565400
2013-09-16,82.89355409602175,82.92897950317143,82.15849210025311,82.18506622314453,354800
2013-09-17,81.67138678304093,82.3444558309958,81.49425979320871,82.28246307373047,684600
2013-09-18,82.55701299629477,84.07141349824529,82.09648951509412,83.91200256347656,714900
2013-09-19,85.34668937419879,85.36439869489689,84.25738034191119,84.70018768310547,615700
2013-09-20,85.86033082169355,86.66624333264882,85.70091992703773,86.32085418701172,952000
2013-09-23,86.10830476182265,86.27656692999118,84.84187569840337,84.9127197265625,456200
2013-09-24,85.86033261718642,86.7813726103803,85.47951806958417,86.2942886352539,736700
2013-09-25,86.39171617456552,87.11791995398414,86.05517826627383,86.6219711303711,552000
2013-09-26,86.17030512573083,86.55997096350701,85.86919264180484,86.49797821044922,441500
2013-09-27,86.61310715882118,87.21532533328332,86.20571851302665,87.18875122070312,737200
2013-09-30,87.4101458905124,88.11864017246943,87.19760030860618,87.46328735351562,673700
2013-10-01,88.01238964844008,89.40280450764403,87.9503968874579,89.36738586425781,537700
2013-10-02,88.31349327902025,89.2699587150473,87.70241701321905,89.1459732055664,417400
2013-10-03,90.093602153938,90.1998716122253,88.44635798343366,89.04857635498047,1604200
2013-10-04,88.6411644561806,89.47364436472827,88.53489502561087,89.41165161132812,729100
2013-10-07,87.61385439863665,88.41976018725154,87.57842900312453,88.0832290649414,1070600
2013-10-08,88.5260347692837,88.65887831087058,86.15258736661626,86.28543090820312,963900
2013-10-09,84.97472359506202,85.50609779436599,83.3363378317511,85.09870910644531,1256500
2013-10-10,85.64780199460454,86.63083491146187,85.50610714754002,86.53341674804688,1060400
2013-10-11,86.39171226001052,86.83451958731615,86.28543606904388,86.6839599609375,817700
2013-10-14,85.99318112794765,86.25001018714542,85.54151576475822,85.96661376953125,1105700
2013-10-15,86.17915948327348,86.34742842902389,84.05368972730652,84.2662353515625,1899600
2013-10-16,84.11569213867188,85.33783806431997,83.21236130765448,84.11569213867188,2244400
2013-10-17,82.17618773292902,83.20349725780561,81.99906074125799,83.1060791015625,1599200
2013-10-18,81.81307706548647,82.30016781453983,80.78576760844221,82.220458984375,2663800
2013-10-21,81.52082832866603,82.85810153766079,81.52082832866603,82.48614501953125,1394400
2013-10-22,83.3451919555664,83.73486454829921,83.05293751101681,83.3451919555664,1774700
2013-10-23,83.72602766133542,83.72602766133542,82.40646344355245,82.64557647705078,1399800
2013-10-24,83.53118613346749,83.76144786912097,83.07952070187535,83.3274917602539,622500
2013-10-25,83.64632441236951,83.66404049408435,82.75185823022865,83.5223388671875,599900
2013-10-28,83.21234398120589,83.796852839182,83.09721651980284,83.54002380371094,536500
2013-10-29,83.78803213562587,84.0625706118319,83.2035230172061,83.4249267578125,1004000
2013-10-30,83.88541835752378,84.05368729841175,82.73411664239113,83.81456756591797,698600
2013-10-31,83.87657959777971,84.17769215296111,83.30092860790447,83.86772155761719,472800
2013-11-01,83.2123688445123,83.56661612882611,81.82195382786215,82.05221557617188,762300
2013-11-04,81.63593994409379,81.83963423972634,81.0957145912227,81.27283477783203,1016300
2013-11-05,79.75845819530181,80.63522161835513,79.50162911996637,80.16584014892578,792500
2013-11-06,80.22782465031706,80.69720607143378,79.88243549134478,80.18354797363281,884800
2013-11-07,78.7045779663005,79.0056837101596,77.27873781048844,77.31416320800781,1502200
2013-11-08,76.7473740344875,77.76582554592511,76.46397084076793,77.37615966796875,1012900
2013-11-11,77.63298755633356,77.98722802965221,77.24331492763832,77.385009765625,1508700
2013-11-12,76.7650767432309,77.18131670227177,76.26027667213323,76.9953384399414,1965600
2013-11-13,76.7562381606537,77.77469659921755,76.68538735036809,77.65071105957031,2201500
2013-11-14,78.46544544753637,78.89054339185641,77.82780190940763,78.73113250732422,3110800
2013-11-15,78.85514441487693,79.64334106445312,78.28835147038855,79.64334106445312,1255900
2013-11-18,79.20937496684823,79.5547641333092,78.56287331157053,78.69571685791016,969900
2013-11-19,79.64333301347631,79.74960921358897,78.40347103897867,78.92598724365234,1573500
2013-11-20,79.20050825681798,79.43076992814798,78.19090822590539,78.22633361816406,911600
2013-11-21,79.17393626086103,79.86471447765696,79.08537616375683,79.63445281982422,1385700
2013-11-22,80.37838740820533,81.3348460937104,80.22782778283103,81.22857666015625,1235300
2013-11-25,81.6005208781931,81.91048460712777,81.1488555836297,81.5473861694336,760800
2013-11-26,81.94594092664721,82.35332294653051,81.41457336839532,82.1496353149414,1075600
2013-11-27,82.9378308158209,83.10609304024977,82.53930008524675,82.88468933105469,601600
2013-11-29,83.25664154791546,83.3274855902747,82.61013983069476,82.69869995117188,424000
2013-12-02,82.88467353829758,83.31862959046201,82.73412066634029,83.01751708984375,381100
2013-12-03,82.90239511610021,83.45147867912848,82.70755879513197,83.05294799804688,566100
2013-12-04,81.60054686933515,82.38874349826682,80.54666309857507,81.01604461669922,872000
2013-12-05,81.42338369331715,81.66249658955961,80.48462790860329,80.71488952636719,757300
2013-12-06,80.54665644415763,81.53854736743929,80.43152896245249,80.98946380615234,541300
2013-12-09,81.83965634596285,82.22932221309894,81.1754453317105,81.29943084716797,871000
2013-12-10,81.30829372326941,81.51198810296874,80.50238775787858,80.62637329101562,672800
2013-12-11,81.37027514104382,81.45884201525047,80.59979468639538,80.67949676513672,820500
2013-12-12,80.18355217476035,80.28097032795442,79.05881777213924,79.14738464355469,1969600
2013-12-13,79.12081971646221,79.17396119682356,77.77468824908628,78.02265930175781,1036800
2013-12-16,78.5717288111452,79.11195426055595,77.907517857611,78.12892150878906,1298100
2013-12-17,78.26175962570544,78.32375237346982,77.7215342137433,77.85437774658203,607400
2013-12-18,78.80199511683158,79.68760977342724,78.41232250578433,79.51048278808594,874100
2013-12-19,80.08614309969526,80.66179404563006,79.65219375872478,80.4492416381836,721000
2013-12-20,80.98947049715262,81.28172500182293,80.80349220055462,81.01604461669922,732300
2013-12-23,81.98135666026025,82.06106550078275,81.19316007788237,81.68910217285156,495500
2013-12-24,81.44999721984986,82.2293358399763,81.44999721984986,82.05221557617188,135800
2013-12-26,82.27359656164484,82.95551682133201,81.981342126049,82.77839660644531,273500
2013-12-27,83.93856963251449,83.98285307518033,83.15923104121056,83.30978393554688,925000
2013-12-30,83.47801936959095,83.50458672183427,82.74295775958333,82.75181579589844,664100
2013-12-31,82.73413038532236,83.22122121264354,82.65442829905406,82.98210144042969,240300
2014-01-02,82.02562606602378,82.2027462820072,81.49425190466724,81.79536437988281,647100
2014-01-03,81.79535927252489,81.98133751470581,81.39683543309472,81.511962890625,1084100
2014-01-06,80.64407113386571,80.67063849336942,79.69646369024487,79.83816528320312,745100
2014-01-07,78.79313593947684,79.35107073265416,78.65143435325201,79.16509246826172,840200
2014-01-08,79.06769118916627,79.46622191793844,78.78429471294616,79.37765502929688,785000
2014-01-09,80.37837573221128,80.37837573221128,79.40420111148957,79.82929229736328,824000
2014-01-10,79.95330234624028,80.65293884277344,79.77618209050985,80.65293884277344,759800
2014-01-13,79.7761759919433,80.38724555719278,79.74960863128517,80.0241470336914,1158100
2014-01-14,79.8824527859641,80.95405264695589,79.82046001982204,80.75921630859375,1124600
2014-01-15,79.96215995072342,80.36954194204937,78.90827619176208,79.20938873291016,1521800
2014-01-16,76.66765476078125,76.75621486841145,75.13553854763647,75.47207641601562,2774700
2014-01-17,74.1170869515642,74.81672328613057,73.75398172766012,74.7458724975586,3130400
2014-01-21,75.54294932974997,77.29646294718616,75.17098595803783,77.18133544921875,3920300
2014-01-22,80.9717562143888,81.73338543382643,79.83817042453866,80.84777069091797,3541200
2014-01-23,79.8558807918035,79.8558807918035,77.29645469183012,78.27948760986328,2320300
2014-01-24,79.74075167426143,79.78502835705778,77.47358011127962,77.57099151611328,2351400
2014-01-27,78.32376850206228,78.38576126259233,77.09276457389119,77.59756469726562,1931700
2014-01-28,77.82780881404135,78.02264510761067,76.47281955365874,76.55252838134766,1367900
2014-01-29,75.80861420797405,76.80050506826626,75.58721054103678,75.85289764404297,1255500
2014-01-30,77.23444723971667,77.3584327412292,75.30380717183203,75.4809341430664,1619700
2014-01-31,74.2145297446631,75.40125044221129,74.1791043386117,74.9495849609375,828300
2014-02-03,75.68462778491777,75.93259880783305,74.32963844062813,74.8875732421875,1136900
2014-02-04,74.68388875610295,75.1178380642247,74.32078348839626,74.4713363647461,1074500
2014-02-05,75.07356457872389,75.71120832391375,74.55991312328078,75.41896057128906,854400
2014-02-06,76.36656525935066,77.1016203897975,76.33113985743564,76.90678405761719,568400
2014-02-07,76.76506475242076,77.58868650363488,76.5082357378806,77.54440307617188,761400
2014-02-10,77.42042669646534,77.63297906525341,77.09275361881433,77.52670288085938,299000
2014-02-11,77.8721065007956,79.35993957519531,77.86324846127471,79.35993957519531,375000
2014-02-12,78.52746920331023,78.73116359714396,77.81012331799697,77.87211608886719,1205000
2014-02-13,77.62413793707697,78.47432732732554,77.51786172953166,78.350341796875,1823900
2014-02-14,78.83739390639097,79.00566281092016,78.46543746588617,78.97909545898438,1176200
2014-02-18,79.66102610262189,79.6876002147632,78.85512037527549,79.42191314697266,3076900
2014-02-19,79.22709009577005,79.26251549450502,78.08464632420679,78.11121368408203,1898900
2014-02-20,78.7577081161238,78.87283558385636,78.02264636281524,78.71342468261719,1397400
2014-02-21,79.37764239564507,79.43078387171306,78.42118366357163,78.74000549316406,605000
2014-02-24,79.16507963130367,79.90014128806862,79.11194492343715,79.12079620361328,490800
2014-02-25,78.22634363637674,78.32376178838845,76.66765996089292,76.72079467773438,1349600
2014-02-26,76.77393757477272,77.12817803588861,75.68462856240065,76.09201049804688,1408100
2014-02-27,76.39313255045228,76.4994019993938,75.29496536222328,76.18058013916016,1547100
2014-02-28,77.08389685051621,77.28758442808055,75.85289307699918,76.2868423461914,1534500
2014-03-03,75.28607785208003,76.31338698550556,75.11780896328652,76.16283416748047,4305500
2014-03-04,78.52747185881762,79.20054107724444,78.19094062795696,79.15625762939453,3451000
2014-03-05,79.067670941734,79.59903835398748,78.98796887041243,79.5901870727539,926400
2014-03-06,79.99757545327711,81.29057207183428,79.9798593759701,81.06031036376953,1347800
2014-03-07,80.84777154987796,80.90090627287162,80.28983668833145,80.70606994628906,1267400
2014-03-10,80.34296629219475,80.57322800500319,79.74960606755752,80.30754089355469,1500400
2014-03-11,79.90014988214234,80.7503390829654,79.54590269262361,79.97100067138672,1096700
2014-03-12,79.81159986013135,80.55551297109987,79.5990474655369,80.53780364990234,1046900
2014-03-13,80.95403653024067,81.10458939565508,79.21822591042672,79.55476379394531,1543000
2014-03-14,78.90825888330673,79.91785897876933,78.90825888330673,79.24479675292969,2437500
2014-03-17,80.0861472583914,80.52009662189592,80.05957989525712,80.26326751708984,1192000
2014-03-18,80.23668582119507,81.24628598018076,80.18355110441799,81.22857666015625,519600
2014-03-19,81.24628802964978,81.72452076281769,80.10384429319927,80.58207702636719,570200
2014-03-20,79.97102408041304,81.95479946302196,79.92674063499692,81.90166473388672,868800
2014-03-21,83.06181492129514,83.09724032496057,81.6536838415896,81.82195281982422,1046500
2014-03-24,81.77765677100092,81.95478376202607,80.34296530556823,80.6883544921875,851900
2014-03-25,81.11345867695535,81.70682574552107,80.37840350640916,81.45885467529297,1166200
2014-03-26,82.55699774523798,82.67212521591786,81.69795046416284,81.72451782226562,675200
2014-03-27,82.06105796946046,82.29131291716159,81.32599617708985,81.44998168945312,544200
2014-03-28,81.56512468944449,81.88394656955398,81.07804058578633,81.32601165771484,340800
2014-03-31,82.27361775133568,82.84926873303182,82.02564668394776,82.68099975585938,625600
2014-04-01,82.78725654664443,83.05293687507978,82.41529327610974,82.86695861816406,862600
2014-04-02,82.1319090999924,82.68985071051212,81.87508001457454,82.54814910888672,442200
2014-04-03,82.26476475935085,82.45074307130407,81.520851511538,81.62712097167969,547100
2014-04-04,81.82195650501457,82.10535299039714,80.14814495748851,80.4315414428711,665400
2014-04-07,80.70606626622572,80.76805902579301,79.54591315573613,79.67875671386719,753400
2014-04-08,79.62562915174318,80.32525889116992,79.04112014610001,79.31565856933594,1193900
2014-04-09,80.71491893343513,81.91049736363777,80.28982768375151,81.83079528808594,864300
2014-04-10,82.01678338211366,82.03449270434601,79.33337174306997,79.60791015625,1505600
2014-04-11,77.72155099528138,78.3149112458155,76.8182201822942,77.34073638916016,2109700
2014-04-14,76.67653687356302,77.31418065943382,76.11859518257347,76.66767883300781,1415100
2014-04-15,76.24257649219922,76.6765326181529,75.03814655503781,75.4012451171875,2003400
2014-04-16,71.12369648986574,72.93035083385519,70.7960234576461,72.82408142089844,5649200
2014-04-17,72.46100058293452,72.9569426945338,72.04476055782604,72.3104476928711,1790400
2014-04-21,72.45214254331181,72.89494993058388,71.7702221398628,72.3104476928711,856700
2014-04-22,72.48755848565102,72.85951502081107,72.25729678244086,72.33700561523438,820100
2014-04-23,72.17759974409894,73.47945446472774,72.13331630537797,72.62040710449219,1469100
2014-04-24,74.05509892245662,74.79015394147264,73.73627711025787,74.54218292236328,1352400
2014-04-25,74.46616765650464,74.47511445234201,72.82925206295474,73.06182098388672,1680300
2014-04-28,73.50903084133174,73.947328090617,72.83816477992669,73.65214538574219,816000
2014-04-29,73.80424086528308,74.063643323974,73.42855054528637,73.45539093017578,975400
2014-04-30,73.47327257400039,73.92946354365002,72.70401204651455,72.80240631103516,729300
2014-05-01,72.6771922223878,73.07970932647255,72.27467511830307,72.76663970947266,812600
2014-05-02,72.31937310964328,72.9455189746277,72.16731174613135,72.34620666503906,1185900
2014-05-05,71.62168377540016,72.19415578834577,71.46962238980002,71.7826919555664,492000
2014-05-06,71.7916437631893,72.0420994332912,71.25495206662735,71.4696273803711,1033100
2014-05-07,72.37306682185843,72.68613642769972,71.71114042733046,71.97054290771484,989800
2014-05-08,72.09577880670938,73.09760848176093,71.92583061563568,72.36412811279297,1007800
2014-05-09,72.3998993370634,72.3998993370634,71.65747226509193,71.8453140258789,534500
2014-05-12,72.98129268033586,73.56271140483705,72.7845109988096,73.49115753173828,619100
2014-05-13,73.08863705478198,73.09758384847814,72.45355119043627,72.65928649902344,393700
2014-05-14,72.77558141098957,72.87397568721676,72.40883786788729,72.44461822509766,487100
2014-05-15,72.0152588700316,72.39988913297742,71.666408959965,72.16732025146484,1081100
2014-05-16,72.08681688165991,72.5877350262648,71.92581552108555,72.51617431640625,340500
2014-05-19,72.35517230400048,72.9634247408779,72.28361158803713,72.63246154785156,322300
2014-05-20,72.8113622922902,73.00815084616103,72.34622446961271,72.50723266601562,270500
2014-05-21,72.9723640979991,74.29620308634725,72.95447050862951,74.23358917236328,655200
2014-05-22,74.27831479598488,74.7792260975698,74.13519338158653,74.52877044677734,675800
2014-05-23,74.16204801838859,75.00286260415983,74.0547069369598,74.70767974853516,470600
2014-05-27,75.42326354123574,76.53242727472896,75.39642998045522,76.23725128173828,867900
2014-05-28,76.06730398171997,76.25514575056393,75.71845400752323,75.90629577636719,344900
2014-05-29,76.21038552960175,76.29983980163499,75.7720882591307,76.22827911376953,239400
2014-05-30,77.19434721434813,77.21223397858223,76.4071930999571,76.81865692138672,637200
2014-06-02,77.47163892490723,77.50741927893749,76.54137019333447,76.82760620117188,601200
2014-06-03,76.8812876526804,77.65949514300613,76.87234768080974,77.00651550292969,1104800
2014-06-04,77.28379120852229,77.61474751500252,77.24801085725876,77.49846649169922,748400
2014-06-05,78.52713155137474,78.59869225585209,77.83837171348794,78.41085052490234,1551300
2014-06-06,79.38584498050166,79.69891455357197,79.14433611682024,79.67208099365234,1169400
2014-06-09,79.19799715209308,80.11931903537653,79.18010356391814,79.70785522460938,545200
2014-06-10,79.77047775076078,79.89570558389437,79.52896887954742,79.6810302734375,560900
2014-06-11,80.37871454015806,80.6112833955548,79.9761975581747,80.40554809570312,695400
2014-06-12,80.30716486437616,80.50395339792027,79.70785929360433,79.90464782714844,1400900
2014-06-13,80.47714608582967,80.53081322178866,79.68999169492756,79.94939422607422,1062300
2014-06-16,80.60235199949103,81.22849116316456,80.46817737173097,81.0406494140625,1249700
2014-06-17,81.42527663150936,81.83674046986708,81.3626627175072,81.63101196289062,744700
2014-06-18,82.80280306089254,83.63467766789167,82.67757521247599,83.4378890991211,1113800
2014-06-19,83.84935287566859,84.06403503640064,83.04431183393812,83.61679077148438,923000
2014-06-20,84.42180271101854,84.89588723922616,84.18924066820436,84.79749298095703,1044000
2014-06-23,82.74017385069833,83.39315336058242,82.51655175920995,83.13375091552734,1050400
2014-06-24,83.14271381272133,83.5899581190284,82.409233423354,82.49868774414062,428000
2014-06-25,82.57915773241537,83.12479612913988,82.54337738228871,83.0442886352539,353100
2014-06-26,82.49865988426399,82.60599411391063,81.57733119190353,82.48076629638672,576400
2014-06-27,81.67571896086604,82.70438180112052,81.67571896086604,82.60598754882812,457300
2014-06-30,82.75805830481123,83.5630991765749,82.73122474648652,83.42892456054688,305200
2014-07-01,84.17136285824637,84.86012279523545,84.16241606279829,84.68122100830078,407200
2014-07-02,83.6614928960286,84.0461231531255,83.5094315169077,84.02823638916016,449800
2014-07-03,85.09267168140941,85.59358978271484,85.056891329573,85.59358978271484,232600
2014-07-07,85.79933916405922,86.08557522403349,85.62044418572754,85.97824096679688,972100
2014-07-08,84.97639716512852,85.12845855377736,84.10874233374821,84.65438079833984,523800
2014-07-09,83.80460613500327,83.94772070598661,83.20529382232449,83.63465118408203,989000
2014-07-10,82.64178831958336,83.58100393286982,82.47183332827876,83.08008575439453,835000
2014-07-11,81.75622975333933,82.14085998481698,81.27320526559501,81.77411651611328,1323100
2014-07-14,81.67574142785438,81.88147678225948,81.0317086263843,81.18377685546875,986900
2014-07-15,81.44317231269599,81.59523370426328,80.87964024779785,81.0674819946289,1578400
2014-07-16,78.33930166874086,79.14434265485733,77.82049671942075,79.06383514404297,2130800
2014-07-17,77.69525697582577,78.17828149348941,76.75604149852353,77.11383819580078,1573000
2014-07-18,76.40718400778864,77.1227773312813,76.30878975519832,76.78286743164062,1515600
2014-07-21,78.24091090724409,78.58976087950339,77.85628057572669,78.23196411132812,1540100
2014-07-22,78.6076071037444,78.80439556596414,77.78467973846385,77.9814682006836,926200
2014-07-23,78.41981311391316,78.44664667973089,77.53427131989633,77.83839416503906,911900
2014-07-24,77.1585866902487,77.74894560335217,77.06913919728227,77.56110382080078,767400
2014-07-25,76.80970999516941,76.80970999516941,75.65581931104337,76.00466918945312,1080400
2014-07-28,75.11913157564108,75.825771337879,74.72555453386461,75.56637573242188,1087100
2014-07-29,74.60926879806902,74.88655797395205,74.4750941946275,74.49298095703125,1190200
2014-07-30,82.56127982337473,86.47018965834604,82.13192240021483,85.10162353515625,6992400
2014-07-31,84.81537240705114,85.49518536235597,83.50942043002048,84.22501373291016,2520500
2014-08-01,84.03718741392011,84.44865810770007,82.30188445601925,82.56128692626953,1395400
2014-08-04,82.14983572789093,82.31979075807186,81.20167992668566,81.4610824584961,1204100
2014-08-05,81.3447779377404,82.29293346559969,80.66496483740859,81.24638366699219,1016600
2014-08-06,81.68467515104032,82.57916349339706,81.60417447594236,82.4002685546875,628700
2014-08-07,83.32161992959185,83.46473456630396,81.73837118189567,82.03355407714844,576500
2014-08-08,81.01383141813018,81.89043324009482,80.66498141357445,81.76520538330078,892000
2014-08-11,82.45396726900596,82.99960591289276,82.28401223501945,82.82965087890625,386300
2014-08-12,81.76518861939492,82.43605492513566,81.41633186195718,81.72940826416016,518300
2014-08-13,81.38949530129118,82.02458122838533,81.09431932419439,81.65784454345703,635300
2014-08-14,81.6310340124193,81.74731507714515,81.3090175607406,81.47896575927734,682600
2014-08-15,82.29292386147081,82.68650089853065,81.04063887261107,82.11402893066406,839200
2014-08-18,82.62390500051455,83.08008922083121,82.28399500372295,83.06220245361328,666500
2014-08-19,83.28582515280713,83.65256189075359,83.16059730820047,83.2768783569336,530600
2014-08-20,82.91907442044865,83.04430225422688,82.46289023643018,82.70439910888672,471500
2014-08-21,83.48261071002644,84.34131882401627,83.37526963662566,84.1713638305664,437900
2014-08-22,83.28582163211742,84.06402905448132,83.2142609169656,83.62572479248047,1139700
2014-08-25,84.53810186120857,85.46837063007253,84.43076079481484,84.90483856201172,450900
2014-08-26,85.28946179663546,86.01400199214217,85.26262823835826,85.45046997070312,369700
2014-08-27,85.32524223143434,85.79037999003596,85.04795302976322,85.60253143310547,318600
2014-08-28,85.21789500528577,86.07660975525272,84.97638617363528,85.81720733642578,771600
2014-08-29,85.53993666839409,86.52387952243627,84.95852457661314,85.97824096679688,793700
2014-09-02,85.9424465195133,90.59378343780101,85.9424465195133,89.69929504394531,3084500
2014-09-03,89.13575710299806,89.18047742167138,87.53462228736883,87.68668365478516,1536400
2014-09-04,88.07131388227602,89.12681030950183,85.70091861166507,87.68668365478516,2120900
2014-09-05,87.55251303449292,87.7045812332338,87.12316246878889,87.40045166015625,557700
2014-09-08,87.35573881490923,87.66880838427687,86.73853964643817,87.0963363647461,813200
2014-09-09,87.2662784710173,87.43623343592976,86.53279832028542,86.95320892333984,453100
2014-09-10,86.86378124663605,87.33785907318816,86.45231734388507,87.21263122558594,903500
2014-09-11,87.41835255447243,88.22338663855408,87.24839757812398,88.12499237060547,1365900
2014-09-12,88.82269803478418,89.23416186681544,88.34861346530879,88.4827880859375,1436100
2014-09-15,89.35043947107454,89.71718296509862,88.86741494998168,89.31465911865234,1009300
2014-09-16,88.91214921007641,90.97841525083827,88.87636885479161,90.54906463623047,1625400
2014-09-17,90.13759848856367,90.50434203034385,89.69930105702603,89.84242248535156,1418200
2014-09-18,90.58482734389128,91.62243704996065,90.58482734389128,91.35408782958984,887400
2014-09-19,90.3880498189318,91.27359136795286,89.98552596980988,90.1912612915039,756900
2014-09-22,89.94081561033639,89.98553593781187,88.59908294677734,88.59908294677734,1037600
2014-09-23,88.54538304745186,88.84951257741054,87.97291115807427,88.196533203125,1023800
2014-09-24,87.79405669200338,89.69036813990544,87.69566240090586,89.62775421142578,728600
2014-09-25,89.07315162469142,89.16259909490473,88.31283789127137,88.7153549194336,1425800
2014-09-26,89.07314426072178,89.60088906843316,88.77796149145746,89.50249481201172,213400
2014-09-29,88.47384877304751,89.62773277557416,88.28600020812901,89.18048858642578,249900
2014-09-30,88.60801636391106,89.2967762352622,88.16971897039971,88.39334106445312,733500
2014-10-01,88.31283752884859,88.31283752884859,86.55963436272057,86.63119506835938,915700
2014-10-02,87.10529115919817,87.1947454723027,85.4952158894058,86.70277404785156,822600
2014-10-03,87.32891592912353,87.75827344200498,87.01584629702566,87.16790771484375,539400
2014-10-06,87.91927076519103,88.14289287818895,86.99794875154444,87.606201171875,528300
2014-10-07,86.44336172160078,86.66698383011577,84.8511734008789,84.8511734008789,1041400
2014-10-08,84.44864546685902,86.21972851669423,84.19818300505617,86.16606140136719,1289100
2014-10-09,85.01216869763334,85.4683596406439,84.22502145183823,84.37708282470703,1083800
2014-10-10,83.28580144856916,83.3573621463789,80.52182920920059,80.55760955810547,1524500
2014-10-13,81.32686583295806,82.67754493121876,80.82595462275422,80.87068176269531,1440300
2014-10-14,81.62206445032109,84.30552958293438,81.5773373016823,82.92801666259766,1599600
2014-10-15,81.22849226377424,82.74912669165037,79.34112112775023,82.13192749023438,1298600
2014-10-16,79.28744650336621,82.21242721866169,79.20694582787957,81.1658706665039,1165600
2014-10-17,83.49155049238232,83.59889156554037,82.48972777386221,82.74913024902344,1013600
2014-10-20,81.35372359559047,82.84752452665029,81.33583682893351,82.74913024902344,443400
2014-10-21,82.23030299180016,83.88510484708506,82.13190874086506,83.68831634521484,684800
2014-10-22,83.45578976932914,83.91197404536182,82.38239934620208,82.43607330322266,762700
2014-10-23,83.74199942094096,84.53809348402619,83.58099124950775,84.05506896972656,630200
2014-10-24,84.28765480088717,85.49521291735486,84.17136692765615,85.03007507324219,821200
2014-10-27,84.5470478751039,85.86194702869336,84.33237255137668,85.68305206298828,492600
2014-10-28,87.28416251540301,87.91924833536635,86.64907669543969,87.66879272460938,938200
2014-10-29,87.49885912775902,87.72248123826999,86.13029290333668,86.33602142333984,566700
2014-10-30,86.70275372747246,87.56146170165562,86.04977424663919,87.1947250366211,516800
2014-10-31,88.76008822953473,89.37728059394276,88.30389722804662,89.16260528564453,688700
2014-11-03,89.05528854477818,89.31469107434673,88.59015744568046,89.04634857177734,412900
2014-11-04,88.79587446899903,88.95688267936737,87.94611308474762,88.51858520507812,551900
2014-11-05,89.26995462242233,89.79769955929952,88.6706421436087,89.52935028076172,422500
2014-11-06,90.03025536482443,91.21992652895999,90.00342180576048,91.0768051147461,532100
2014-11-07,89.55617176496222,89.55617176496222,88.5722291676143,89.24309539794922,524600
2014-11-10,90.06603676181815,91.23781435055002,89.91396855135298,91.20203399658203,721300
2014-11-11,90.71901796782161,91.66718037593866,90.54906980103135,91.50617218017578,833200
2014-11-12,91.33620240146182,91.74766620748223,90.87106465594013,91.08574676513672,582200
2014-11-13,91.11260026817422,91.89080772945994,90.70113637208011,91.16626739501953,574000
2014-11-14,90.58482831254213,91.53299056342827,90.35226626509834,91.32725524902344,278500
2014-11-17,91.37198504698691,91.86394953800415,91.12152940437386,91.64032745361328,576100
2014-11-18,91.98919111870055,93.22358957679351,91.98919111870055,92.90157318115234,649700
2014-11-19,95.57609754731928,95.66554503495303,93.99285586054363,94.4043197631836,1016800
2014-11-20,93.50086930665059,94.88732902596344,93.3219743603414,94.73526763916016,584200
2014-11-21,94.81577705072645,94.99467201351283,93.78711395369126,94.529541015625,1133700
2014-11-24,92.53482604913322,92.7316145971169,91.81029259919802,92.6153335571289,1282300
2014-11-25,92.3290872813627,92.93733962379085,92.19491266586742,92.30225372314453,765000
2014-11-26,92.19491837609688,92.95523214512211,92.06969054705294,92.83895111083984,470800
2014-11-28,94.37747961481602,94.75316313131067,94.21647141854613,94.529541015625,344700
2014-12-01,94.96784153323728,95.09306937613246,94.11808019581915,94.2701416015625,660200
2014-12-02,94.91418199799736,94.98574272091905,93.95707950823976,94.60111236572266,496700
2014-12-03,95.03939789159124,97.34717973236903,94.71738150337083,96.39901733398438,907100
2014-12-04,96.81048486705951,96.92676590507516,95.74604146160578,96.02333068847656,606500
2014-12-05,96.77469569432738,97.9554200302234,96.63157428420448,97.74073791503906,627700
2014-12-08,97.46346433731769,98.00015606250402,96.02333733301764,96.53319549560547,776500
2014-12-09,96.30063340348158,97.08778081212782,95.43297848263434,96.53319549560547,599500
2014-12-10,96.97149291692756,97.05199359903722,95.45085850782957,95.71920776367188,644600
2014-12-11,95.84441436236953,96.76573613922291,95.61184551379182,95.7281265258789,369600
2014-12-12,96.65842900192052,96.72998972264728,94.81578480184551,94.83367156982422,482000
2014-12-15,95.27198370496478,95.46877229095215,92.36489572420311,92.44539642333984,632900
2014-12-16,92.6958309241054,95.15567403707897,92.66899736386866,93.75132751464844,752200
2014-12-17,93.09837079977186,94.79790042567957,92.8747486601631,94.53849792480469,503600
2014-12-18,94.9231102759165,96.71208705351037,94.86943633199341,96.70314025878906,547200
2014-12-19,95.2093487665634,95.88021507563015,94.88733239225895,95.567138671875,734900
2014-12-22,96.10384744753493,98.33112192079174,96.10384744753493,97.9643783569336,771500
2014-12-23,97.35612181671655,98.03593496487319,97.27562113011659,97.61552429199219,796700
2014-12-24,97.72287394993185,98.17906502062336,97.37402396187542,98.07172393798828,66700
2014-12-26,98.25955795208917,98.31323190136965,97.6602523096336,97.76759338378906,196900
2014-12-29,97.65130009465987,98.02698359674638,97.55290582157934,97.83914184570312,190400
2014-12-30,97.2577302314276,97.37401127082248,96.57791711215303,96.78364562988281,387000
2014-12-31,96.63157743920723,97.78546825448065,96.35428822854627,96.45268249511719,388900
2015-01-02,96.30956306114795,96.97148938158544,95.33457399431639,96.06805419921875,394000
2015-01-05,94.65476145638164,94.89627031970782,92.71372328179592,92.83895111083984,678700
2015-01-06,91.7834629199788,91.86396360697407,89.93187205062742,90.09288024902344,1081300
2015-01-07,89.87819638563,90.7100708608961,89.63668069878236,90.60272979736328,855100
2015-01-08,91.1841473198106,93.2504132865226,91.10363981720371,92.4990463256836,481600
2015-01-09,92.34696886445208,92.34696886445208,90.31648345514127,91.31830596923828,440600
2015-01-12,93.42930123712533,93.50980873370466,91.77449922872958,92.5348129272461,1115500
2015-01-13,93.11623169354844,94.2075085235058,92.00706810013136,92.5348129272461,809200
2015-01-14,92.08759145008477,92.89263249210886,91.47933897660056,92.230712890625,592800
2015-01-15,90.78162336796396,91.98024134047536,90.58483483334233,91.20203399658203,1283000
2015-01-16,91.04102592499238,92.23964389893969,90.54906141225368,92.16808319091797,633700
2015-01-20,92.23071044565984,93.11625215620835,91.93552760067509,92.85684967041016,947000
2015-01-21,93.97493983450806,95.73708290029515,93.25040648590893,95.343505859375,1569100
2015-01-22,95.49557370949913,96.56001015583207,95.17355737254343,96.24694061279297,589400
2015-01-23,95.25406682558646,95.37929465434624,94.17173669164559,94.19857025146484,974600
2015-01-26,95.71023926313072,96.02330877434437,95.13776734993904,95.99647521972656,995200
2015-01-27,95.64764596585192,96.01438266530572,94.92311253747384,95.11095428466797,911900
2015-01-28,95.69235686636546,95.80863788314778,93.54558368177348,93.59925079345703,753700
2015-01-29,95.05727529305045,95.2182834712985,93.86761095731134,94.94099426269531,632600
2015-01-30,94.77104609689377,95.0483421498183,92.85684140934883,92.97312927246094,1073800
2015-02-02,92.11441093138512,92.32013942496037,90.77267844067848,92.1770248413086,1177900
2015-02-03,92.4006532588405,92.96417848679165,91.97129582963619,92.92839813232422,716800
2015-02-04,91.74768326850734,92.05181290088842,90.92475550343823,91.0947036743164,789900
2015-02-05,91.73872381976487,92.36486976505604,90.90684937378435,92.22174835205078,569900
2015-02-06,90.81740656869154,91.46143931149389,89.84241748401932,90.15548706054688,964800
2015-02-09,88.43806813655236,89.32360971740478,88.16971889415844,88.24127960205078,798800
2015-02-10,90.61166869438955,91.5687709148206,90.4059333799847,91.32725524902344,679400
2015-02-11,92.0875697446925,92.83894348161529,91.83711410718634,92.50798034667969,715300
2015-02-12,92.86578013583294,93.11623578169036,92.21280063821506,93.06256866455078,443500
2015-02-13,93.50087419634251,93.60821526438434,92.87473502711121,93.4561538696289,359100
2015-02-17,91.69401251315034,92.42749276591698,91.21098793336665,92.10547637939453,493700
2015-02-18,92.66005395026235,93.08941140293275,92.36487795248196,92.76739501953125,311900
2015-02-19,92.85685268869278,94.0733576429547,92.7674052000218,93.5634994506836,275400
2015-02-20,91.77449550073686,93.97493583472671,91.77449550073686,93.78709411621094,582500
2015-02-23,94.48480200405854,94.55636270995375,93.93022359438193,94.02861785888672,452200
2015-02-24,97.07882511110779,99.15403792935973,96.49740628532237,99.06459045410156,2153800
2015-02-25,98.11645259561662,98.34007473622152,96.98044829967628,97.47241973876953,1152300
2015-02-26,96.24694256462129,97.20404480098125,96.16644189095197,96.52423858642578,608300
2015-02-27,96.18434495569254,96.98938595084275,95.48664503469752,96.31851959228516,686800
2015-03-02,97.73179493236283,98.63522321439625,97.49027926632694,98.33110046386719,600500
2015-03-03,98.28637565247053,98.35793635702525,96.65840715807461,97.04303741455078,651300
2015-03-04,96.81048792946386,97.38295999141225,95.99650016439037,97.06094360351562,536600
2015-03-05,97.68708142985271,98.21483315661118,97.2487840063587,97.81230926513672,402500
2015-03-06,96.83729632790337,96.94463054637463,95.42400330653489,95.99647521972656,652500
2015-03-09,96.11280248047824,96.77472899345159,95.77289925108607,96.54216003417969,506000
2015-03-10,95.70132589057181,95.88916766289738,94.78000379680101,94.94995880126953,626000
2015-03-11,95.45980684557537,96.58686418416018,95.09306331162433,95.42402648925781,551100
2015-03-12,95.37037774436281,95.40615810757507,93.22360372247361,93.7424087524414,1529800
2015-03-13,94.01072178206344,94.58319376526471,93.63503832266343,94.35063171386719,1429100
2015-03-16,95.58503032047727,96.60474654359618,95.31668107253867,96.4347915649414,420100
2015-03-17,95.3703640480818,95.93388933283133,95.08412800789712,95.50453186035156,694400
2015-03-18,94.79788835340798,96.02333315478671,93.38459497320257,95.54925537109375,1703300
2015-03-19,95.22721981413326,96.13065487205813,95.10199200306295,95.8354721069336,641200
2015-03-20,97.83913568345389,99.00197329694507,97.24877690655867,98.5368423461914,747800
2015-03-23,98.70679470496104,99.46710848878294,98.33111121051797,99.03775787353516,562600
2015-03-24,99.48502668932211,99.6460349159716,98.5815912606552,98.74259948730469,628600
2015-03-25,98.12538058661903,98.1611609436758,93.4293162073027,93.59032440185547,1733200
2015-03-26,90.35227069698493,90.35227069698493,88.035542307624,88.62590789794922,4330300
2015-03-27,89.43989124693454,91.34515586483907,89.40411089278935,91.11258697509766,1260200
2015-03-30,90.8531871521365,92.51693613375602,90.8531871521365,92.2396469116211,990600
2015-03-31,90.76371706018291,91.43458319772316,90.31647296848942,90.3701400756836,1224100
2015-04-01,90.45067455826218,90.45067455826218,89.04632796415653,89.75296783447266,641600
2015-04-02,90.88897864480334,91.24677541603762,89.87820907864187,90.11077117919922,498700
2015-04-06,90.2717792262699,90.52223491837167,89.44885143096243,89.65458679199219,916400
2015-04-07,90.2807118174225,91.11258627781903,89.55617841864009,89.60089874267578,1161800
2015-04-08,89.26992807968179,89.60983115028095,88.73322968218343,89.42198944091797,630400
2015-04-09,89.72614084439338,90.21811225789125,88.99266053434573,90.11077117919922,1609700
2015-04-10,89.20733257573542,89.96764636313605,89.08209791925995,89.46672821044922,846300
2015-04-13,89.79768979678255,90.33438147110509,89.08209634808257,89.27888488769531,1037700
2015-04-14,90.21808341962931,90.31647767087709,89.0641927840536,89.42198944091797,1137300
2015-04-15,89.50250962651539,89.52040321668322,85.77249453192154,85.9961166381836,4129100
2015-04-16,84.82433016974647,85.98716090681803,84.22502462510468,85.08373260498047,2293600
2015-04-17,84.75276636194299,85.07478269565574,84.03717299271375,84.52914428710938,1671200
2015-04-20,84.96747060849735,86.08558136383122,84.92275027292787,85.94246673583984,1129100
2015-04-21,87.811932302435,88.32179046223831,86.84588310773225,87.43624877929688,2396700
2015-04-22,98.23271514755837,99.46710667438524,95.15567288865648,96.4347915649414,4849300
2015-04-23,97.35611451724904,97.46345558240633,96.1217229777624,97.2219467163086,1357000
2015-04-24,97.38507608009206,97.51124535197907,96.06930590490639,96.57398986816406,1748100
2015-04-27,98.74589343194853,99.9535222475045,98.45750558991715,98.87206268310547,4075600
2015-04-28,98.90811874865145,99.169471322594,98.11505384806327,98.94416809082031,1076200
2015-04-29,98.04294212396742,98.40342862200225,96.51087622624642,97.00654602050781,2160600
2015-04-30,97.34902041718563,97.9438242680912,95.92510917318984,96.46583557128906,1989500
2015-05-01,96.8803787071679,97.8266549238933,96.79927285324138,97.66443634033203,637400
2015-05-04,98.65577530369411,98.65577530369411,97.1147021003867,97.23185729980469,676900
2015-05-05,96.72715611762,96.72715611762,94.6453502046492,95.02386474609375,1636800
2015-05-06,96.60102074816432,96.72719001429108,95.13203920214511,95.34833526611328,1305500
2015-05-07,95.28526753660475,96.04228326765956,94.9067527953668,95.72686004638672,1104600
2015-05-08,96.67310850795488,97.61037078539941,96.55595330166521,97.0966796875,951900
2015-05-11,96.89840037747412,98.12405037533387,96.8533438614357,97.88973999023438,459800
2015-05-12,97.64640419527876,98.16910926243845,97.21382590747675,97.89874267578125,483600
2015-05-13,98.13306487920252,98.51157261906182,97.24086609933181,97.85369110107422,468900
2015-05-14,99.04328769435,100.08869096275147,98.59268129617344,99.65611267089844,729100
2015-05-15,100.11574675328167,100.47623332080313,99.6741543178153,100.07970428466797,795100
2015-05-18,99.09737456003545,100.25994008361822,98.78195140457711,100.05265808105469,554700
2015-05-19,100.00759929581173,100.70153022211453,99.6561268054402,100.23290252685547,476500
2015-05-20,100.44018700596233,101.1881954528817,100.16982722894866,100.61141967773438,531600
2015-05-21,100.33204347810562,100.77363591647196,100.0797049418963,100.51228332519531,365900
2015-05-22,100.02562400033295,100.3680893238583,99.53896817930419,100.01661682128906,253200
2015-05-26,99.47586854856121,99.60203779324394,97.69147101621492,98.20516204833984,541400
2015-05-27,98.78193531720721,101.75594030023922,98.70082259003682,101.4134750366211,588500
2015-05-28,102.45891045132991,102.86445356007495,101.38646475722638,102.55804443359375,588100
2015-05-29,102.08037028170008,102.63011063680021,100.48522665959028,101.2061996459961,542600
2015-06-01,101.10708567392463,101.25127617428261,99.50292768157729,100.60240173339844,856200
2015-06-02,100.36805964184519,100.40410897448741,99.17845916748047,99.17845916748047,735800
2015-06-03,101.1611515803336,101.76496259438457,100.43117130590507,100.68350982666016,1029300
2015-06-04,100.99893645473666,102.44988987474005,99.46687716843073,99.6651382446289,1372200
2015-06-05,98.77293311311362,99.1424337048789,98.00690351822786,98.32232666015625,997100
2015-06-08,97.48420122037884,97.87172305623123,96.54693894585887,97.1507568359375,803100
2015-06-09,97.79959881685106,97.94379614865704,96.65506171739679,97.5562744140625,844100
2015-06-10,98.16911210960619,99.1964941675677,97.64640702728666,98.22318267822266,497000
2015-06-11,100.03462808782403,100.7556011306323,98.6557735034836,99.13341522216797,872700
2015-06-12,97.01556067316099,97.90775943263563,96.39372163210176,97.2498779296875,583600
2015-06-15,95.96116272428405,97.8176592935901,95.69981013067242,97.6734619140625,841800
2015-06-16,97.5833271504499,98.72787133034623,97.08766420404444,98.42145538330078,538400
2015-06-17,97.30396077994493,97.71851790107382,96.664100427178,97.16877746582031,557600
2015-06-18,96.56497044258022,99.36774330994666,96.51990704410827,98.16912841796875,1387500
2015-06-19,98.19614979225021,98.36738243132866,97.6644375193135,98.06096649169922,479900
2015-06-22,100.90879926701342,101.83704735964737,100.30498833549342,100.85472869873047,709000
2015-06-23,100.88175297338893,101.0529787128347,100.00757554443918,100.04362487792969,479800
2015-06-24,99.62911242138976,100.03465557207346,98.94418853011179,99.10640716552734,404900
2015-06-25,99.89043507569343,100.11573830191148,99.04329962059556,99.36773681640625,395600
2015-06-26,99.71921386072536,100.16080627911413,97.50223083841294,98.03394317626953,869400
2015-06-29,95.36634989434188,96.05127363137858,93.75317795979572,94.23081970214844,1043600
2015-06-30,95.2672179443836,95.33931662890772,93.023199675315,93.84329986572266,754300
2015-07-01,97.09667401878298,97.24087138029851,94.86166992096119,95.21314239501953,1305400
2015-07-02,94.91574298373409,94.92475703799245,93.46478965503508,94.2668685913086,942800
2015-07-06,91.10361512572561,92.92406916131078,90.97744586096735,91.85162353515625,720300
2015-07-07,89.46339429992148,90.69805834801384,87.69701798430476,90.2654800415039,1286700
2015-07-08,88.40898682764963,88.80552271604395,87.21938603817559,87.5438232421875,784400
2015-07-09,91.69841248172587,92.03186372964184,89.40031683877994,89.7788314819336,1683600
2015-07-10,93.70810831006767,93.8522987801464,91.59926682003974,92.55455017089844,2272000
2015-07-13,93.53686051690455,93.62698040555723,92.77983832566721,93.09526824951172,859000
2015-07-14,93.05924840275657,93.59096072726383,92.32926125926342,92.88801574707031,1238200
2015-07-15,95.60968395241301,97.48420864420576,95.30327483248838,96.14140319824219,2298700
2015-07-16,93.86130626614894,93.9424121106984,89.46338378726973,90.44570922851562,4115500
2015-07-17,91.02249400384997,91.10359985658283,89.58956893323817,90.61695098876953,2782500
2015-07-20,91.96878304879992,92.26617809272219,90.80621753400307,91.02250671386719,1112300
2015-07-21,91.02251586275105,91.88767954487619,90.49981065614115,90.9323959350586,1525300
2015-07-22,90.17533587033283,91.10358380292686,89.73374359550503,90.87828063964844,1894400
2015-07-23,91.18473172864996,92.19409276516312,90.99547782349929,91.86064147949219,897100
2015-07-24,90.91436560830691,91.0765842244836,87.82320472139689,88.79651641845703,1994700
2015-07-27,89.66166315713579,90.06721305889054,88.61625984240953,88.8866195678711,844600
2015-07-28,88.08456149063849,89.95007222717939,87.61593373043586,89.29219055175781,1558700
2015-07-29,89.16599871499086,89.51747116514402,88.42700447675756,89.23809051513672,568000
2015-07-30,88.2016965419894,89.58956503707303,88.03046391494489,89.3011703491211,1170500
2015-07-31,90.36462393444675,90.58092000364056,89.13898058756261,89.373291015625,714400
2015-08-03,89.5264674570944,89.56251679063809,87.69700675292339,88.44501495361328,817900
2015-08-04,88.48107114121721,88.65230376988715,86.87691349064993,87.22838592529297,786500
2015-08-05,88.74242908943326,89.40932466308836,88.64329512738486,88.8866195678711,1052100
2015-08-06,88.34590534020076,88.41800402714773,86.7327333172358,86.84088134765625,1421400
2015-08-07,86.56151069690746,87.40864623454138,86.21904535923615,87.390625,501400
2015-08-10,87.73308403356022,89.89599660521866,87.73308403356022,89.59859466552734,777400
2015-08-11,90.18439193322091,90.19340598914906,88.85960761589808,89.39132690429688,637800
2015-08-12,86.84989336186979,87.77814158844735,85.57917981819514,87.48975372314453,1103800
2015-08-13,86.63359884136295,86.84088084621128,85.29079346434825,85.3628921508789,895800
2015-08-14,83.13688850844805,83.93896742476014,82.10049231721185,83.5334243774414,2399900
2015-08-17,82.66825401872147,84.08315785423117,82.4429508164065,83.96599578857422,2569500
2015-08-18,84.72302251799042,84.74104374979875,83.47033719820365,83.6776123046875,2575200
2015-08-19,82.11851726404615,82.68627888357754,81.20829036149179,81.93827056884766,1624600
2015-08-20,80.67658852009023,80.73967315802183,78.40553467884298,78.80207061767578,1952200
2015-08-21,79.73933507722249,80.58647068348463,77.31506973029954,77.4232177734375,2453900
2015-08-24,76.0984077087028,76.87345123291016,73.96253099073024,76.87345123291016,4016800
2015-08-25,82.14554834642287,82.25368948230054,77.82873819613289,78.4145278930664,2027500
2015-08-26,80.45130270324886,80.47834487597709,77.72964175073888,79.66725158691406,2111500
2015-08-27,82.16356483803769,82.84848845382524,81.53271866277785,82.8304672241211,2061700
2015-08-28,83.35318359905853,83.92995933547087,82.39790007482105,82.89356994628906,1150100
2015-08-31,82.33481257331907,82.98368697309043,81.75803685701317,82.02839660644531,1173300
2015-09-01,80.89288403924947,81.63187845376565,79.81142427058761,80.35215759277344,1096100
2015-09-02,82.0464339260347,82.0464339260347,80.39721245408562,81.67693328857422,1415200
2015-09-03,84.16427441338715,84.65994427181822,83.1368922301927,83.5244140625,1240200
2015-09-04,81.51472029401879,82.77641998051541,81.36151572066758,82.34384155273438,775100
2015-09-08,84.46169783752349,85.13760770257957,83.73171738349032,84.60588836669922,993400
2015-09-09,84.64191111536442,85.16461623022794,81.83913853910659,82.07345581054688,1031200
2015-09-10,82.70431703147335,83.76774868567803,81.74903341650824,83.1008529663086,846900
2015-09-11,82.56010721095579,82.80343164769465,81.97431750124822,82.6231918334961,568800
2015-09-14,82.4519655322834,82.57813478705835,81.53273140810751,81.9472885131836,588500
2015-09-15,83.34416940872705,84.41660805067889,83.05578156478164,84.11019897460938,809000
2015-09-16,84.39858140892395,84.63289866576966,83.55143916351042,84.45265197753906,702200
2015-09-17,83.06480348947125,85.06549752014794,82.83049305171814,83.6235580444336,629100
2015-09-18,80.99200244118089,82.18160314484423,80.64052997480593,81.11817169189453,1448100
2015-09-21,81.65891019950827,82.06445329783118,79.9105547852879,80.56844329833984,1378600
2015-09-22,79.66720581378027,79.73029042914456,77.405159961648,78.11711883544922,1712700
2015-09-23,77.2249425416888,77.34209775396278,75.44053781400656,75.59374237060547,1660300
2015-09-24,74.69254008308512,76.54002970890738,73.98959495738428,75.88214111328125,2316700
2015-09-25,78.4145503057067,78.49565618079684,76.37780686413107,76.91853332519531,1236500
2015-09-28,75.0349831740424,75.56669545065193,74.28697486477391,74.87276458740234,1638200
2015-09-29,74.71053631469772,77.08072330736864,74.45819785168575,76.7923355102539,1351400
2015-09-30,78.37848462142829,79.36981740603645,78.07206866940987,79.28871154785156,2466400
2015-10-01,77.72058883149359,78.04502598489448,76.10741711755801,77.47726440429688,1323200
2015-10-02,77.40515632758213,79.94657580333906,77.00862054921917,79.67621612548828,950800
2015-10-05,79.92858660656056,81.16324406918753,79.78438922002057,80.55943298339844,951000
2015-10-06,81.0821219022732,81.8301302242871,80.46929688404748,81.15422058105469,732200
2015-10-07,82.01038092417504,82.56012139031691,80.07277164807738,81.16323852539062,873800
2015-10-08,82.25368739425433,82.41590596966087,81.001002180279,82.35282135009766,974000
2015-10-09,81.74903686120085,82.1005094089023,81.36151496556718,81.89323425292969,542600
2015-10-12,81.31646065907951,81.43361588627742,80.76672012058648,80.9830093383789,742300
2015-10-13,79.83842659800996,80.09077191950671,78.51364975761359,78.68487548828125,1047500
2015-10-14,76.61210578130797,79.0814270482722,76.25161926862432,78.64884185791016,3118200
2015-10-15,79.15354364442686,80.46931386922913,78.54071849684814,79.75735473632812,2230100
2015-10-16,79.5050104907663,80.27104015146725,79.08143928848088,79.89253234863281,892700
2015-10-19,79.85646192631071,80.19892029433525,79.33375688376726,80.0096664428711,502800
2015-10-20,79.37883952587315,81.53273795995503,78.89218370018767,80.2259750366211,1108000
2015-10-21,81.8932153038261,82.2266596625514,81.07310829847887,81.11817169189453,943900
2015-10-22,82.93860628497876,83.73167788633212,82.8124370530739,83.19995880126953,1644800
2015-10-23,84.93029080922928,85.08350220799363,84.02907802554478,84.38956451416016,1585100
2015-10-26,83.36219700768024,83.72268355907148,83.01072451089378,83.17294311523438,614500
2015-10-27,83.38923496959592,83.58750292300387,82.2537047028018,82.50605010986328,544700
2015-10-28,84.30847769686821,84.79512665929741,83.14591211837747,84.11921691894531,618600
2015-10-29,83.14589916058283,83.42527294282925,82.6231940593341,82.96565246582031,517600
2015-10-30,83.23603616573756,84.13724919752276,82.99270479675809,83.6235580444336,464800
2015-11-02,84.96635304485041,85.24572684997929,84.29945740887716,84.81314849853516,528100
2015-11-03,84.72302270015746,86.02076454010961,84.40759957502007,85.71435546875,538200
2015-11-04,85.94868928218267,86.34521834052667,85.41697001827329,86.1289291381836,429800
2015-11-05,86.83186368770396,87.07519502711983,85.25474107369274,85.80448150634766,792400
2015-11-06,86.03879154608087,86.87691976826275,85.39893125022068,86.81383514404297,736200
2015-11-09,87.0391504562003,87.08420697935932,85.76843686577386,86.26410675048828,480300
2015-11-10,84.7050119650804,84.72304007633339,83.94799630949142,84.28144073486328,2305700
2015-11-11,85.04745227513648,85.46200932763918,84.18228883395156,84.66893768310547,1442600
2015-11-12,84.3445318917126,84.57884922614257,83.38924819276718,83.60553741455078,788300
2015-11-13,82.46999120397938,83.1819501924371,81.72198287583547,82.37085723876953,1588300
2015-11-16,81.64989104535364,83.34417577417976,81.47866526211733,83.17294311523438,3582100
2015-11-17,83.10084507384177,83.58750089063516,82.74937257433142,82.89356994628906,2380300
2015-11-18,83.24502269704034,84.03808742753611,83.00169140851615,83.94796752929688,2181100
2015-11-19,83.74971662480142,84.62389425412263,83.37120884995375,84.06513977050781,3388500
2015-11-20,83.65057739961505,83.79477475757139,82.14555357341517,82.40690612792969,1829900
2015-11-23,81.22631640048627,82.15457146535286,81.07311185728152,81.35248565673828,476800
2015-11-24,79.90155389091997,81.65891662283344,79.87451172328973,81.40657806396484,1024700
2015-11-25,81.60483723427431,82.43395151701708,81.5237244915553,81.98334503173828,424800
2015-11-27,83.18193892716685,83.4072421129114,82.96564291834265,83.35316467285156,200300
2015-11-30,83.61451825791174,83.71365221095803,83.05577075060462,83.5604476928711,368500
2015-12-01,83.92994928952531,84.27241456907899,83.56946965419684,84.02908325195312,495900
2015-12-02,84.12820681130134,84.20931953221587,82.92959223249771,83.19995880126953,485800
2015-12-03,83.79478502775765,83.88490494967155,81.42459051473722,81.98334503173828,854400
2015-12-04,82.34381374426859,83.14589256413012,82.07344716142879,82.91157531738281,899900
2015-12-07,83.13689541622266,83.15491665007943,82.13654848229592,82.29876708984375,880900
2015-12-08,81.22631682300907,81.85716998325944,80.78472442382997,81.57778930664062,631500
2015-12-09,81.08212430782757,82.02839371100191,80.46929927142048,80.99200439453125,1041200
2015-12-10,80.83879499237422,81.34347889568106,80.14486407942694,80.34313201904297,472500
2015-12-11,79.21661426832917,79.55907269067826,78.54070460200504,78.6578598022461,486700
2015-12-14,78.71194162789001,78.80206843018459,77.21593159459333,77.91887664794922,649100
2015-12-15,79.6762514569712,80.62252106262149,79.53205406427584,80.06376647949219,505800
2015-12-16,79.79339246317993,80.72164066719162,79.06341220093945,80.53238677978516,627400
2015-12-17,80.84781802534133,80.91090266079705,79.24365997314453,79.24365997314453,662900
2015-12-18,78.6668795203277,79.25266931512708,78.39651288404824,78.7840347290039,500600
2015-12-21,80.64051771999657,80.99199013295882,79.71226283694226,80.41521453857422,1048100
2015-12-22,80.96495877000756,81.68593179696363,80.46028177656332,81.46964263916016,1691100
2015-12-23,82.04642856159363,82.56011967287688,81.91124524268557,82.29876708984375,418400
2015-12-24,81.92025035838974,82.75837859331268,81.92025035838974,82.40690612792969,94600
2015-12-28,82.61419066089645,82.69530340292825,81.87519630632872,82.5240707397461,348700
2015-12-29,82.46999146798085,83.10083772523703,82.41591402042424,82.83948516845703,632500
2015-12-30,83.01974729229539,83.13690251163621,82.29877411372628,82.3167953491211,281600
2015-12-31,81.100129094639,81.24432642723956,80.00064849853516,80.00064849853516,433800
2016-01-04,78.66688163594378,78.7840368477707,77.42321020217194,78.67589569091797,2275300
2016-01-05,77.66653855857525,78.48663883372869,77.19791081216039,77.88282775878906,813100
2016-01-06,75.61176471837652,76.80136548760406,75.46756735206584,76.25162506103516,2323900
2016-01-07,74.2960079249092,75.83708145437525,74.11576118491574,74.341064453125,811200
2016-01-08,73.69217043222586,74.00760042478389,72.21418193409417,72.349365234375,899400
2016-01-11,74.78266627081685,75.03500483940338,73.53898778891134,74.17884826660156,1117900
2016-01-12,75.11609100690107,75.65681735136616,73.60205311697374,74.48524475097656,875800
2016-01-13,74.53932074907037,74.89079324234481,71.97987932361453,72.10604858398438,945700
2016-01-14,74.16082314587703,75.24227606195531,73.06134211829514,74.71056365966797,1442700
2016-01-15,70.85335938712994,71.60136085501361,69.54659658042495,69.81696319580078,1550300
2016-01-19,71.90776484540348,72.87206219541267,71.47517970792583,72.38540649414062,1487400
2016-01-20,73.52995356843697,77.7476300065475,72.97120599856751,76.83740997314453,4539200
2016-01-21,78.18023232711379,79.37884733745778,77.12581470555249,78.72997283935547,1254100
2016-01-22,82.20863735176043,82.65924377716958,81.17224119817767,81.43359375,1700700
2016-01-25,81.36150383280194,81.67692698941157,80.58646014758453,80.85682678222656,881600
2016-01-26,80.75769794403364,81.5237276232928,80.3521548419875,81.28040313720703,674500
2016-01-27,80.97396281186278,82.14554211688262,80.57743388420218,80.84779357910156,907200
2016-01-28,81.06409650031816,81.39754774403045,80.14486238015344,80.93792724609375,1846200
2016-01-29,80.33410796545785,82.84849248762924,80.24398806113398,82.76737976074219,1172600
2016-02-01,82.02841049648283,83.57849807492525,81.8481706330077,83.12789154052734,528400
2016-02-02,81.3705153183053,81.4516211807116,79.68524468375978,79.766357421875,740200
2016-02-03,81.40655041762184,82.20862922550867,80.03670316938951,81.99234008789062,889300
2016-02-04,81.5597746413509,83.07381272187618,81.48767595282366,82.43395233154297,666800
2016-02-05,81.03705433608127,81.03705433608127,79.35179077952499,79.63116455078125,893000
2016-02-08,76.56705111010075,78.30639237188652,76.26964918758344,77.82875061035156,1281100
2016-02-09,76.43186769188588,77.82875050740682,76.323726538902,76.57606506347656,1202400
2016-02-10,76.07138971742305,76.35977759135174,73.58404000746971,73.66514587402344,2413100
2016-02-11,74.29599423976799,74.29599423976799,72.89009742962219,73.72822570800781,1099900
2016-02-12,72.98022523375006,73.98056524856916,72.31332272292543,73.93550872802734,1143300
2016-02-16,74.854732156858,75.90915634697332,74.54832310851724,75.68385314941406,758300
2016-02-17,76.61211540192114,77.88282209595806,76.55803794901736,77.75665283203125,812100
2016-02-18,77.97293920919498,78.18022120715992,77.3511069667181,77.43221282958984,672500
2016-02-19,78.51365607786582,79.80239056606828,78.1802048901115,79.31573486328125,1254600
2016-02-22,79.15353616250768,79.73031190856726,79.000331609022,79.2346420288086,810800
2016-02-23,78.78401197283829,80.4512540797669,78.66685679800146,79.82942199707031,1526600
2016-02-24,79.18958707391852,80.55041372399933,79.054403751698,80.39720916748047,807300
2016-02-25,80.58644955453961,81.08211936099144,80.17189247810182,81.03705596923828,315800
2016-02-26,82.10049066284331,82.19962462809404,81.6859335698441,81.84815216064453,279300
2016-02-29,82.30777728594674,83.08282094392821,82.02839660644531,82.02839660644531,359700
2016-03-01,83.77675660173871,84.6599483348637,83.479354672407,84.52476501464844,593300
2016-03-02,83.39825065466208,84.12823097401531,82.99270068502516,84.11921691894531,458300
2016-03-03,83.6505860153601,85.35387794632938,83.5965154384116,85.34486389160156,562000
2016-03-04,85.47102071004917,86.08384570383609,85.32683023394482,85.9306411743164,1181800
2016-03-07,85.020424134816,86.72372289053445,84.9933888471506,86.552490234375,1015400
2016-03-08,85.263759372688,85.59721064579107,84.46168038197588,84.52476501464844,619200
2016-03-09,84.79512038972811,85.1285716455692,84.59685932281309,84.81314849853516,169000
2016-03-10,86.9039642424025,88.15664968129785,85.72337748901268,86.46237182617188,1123000
2016-03-11,87.67900216426817,88.11158049747507,87.23740977703777,88.09355926513672,656100
2016-03-14,87.84122322153509,88.21071693835674,87.06617957078664,87.40863800048828,378800
2016-03-15,86.9850644820759,87.34555101058433,86.77778936928688,87.04814910888672,299700
2016-03-16,86.51644664709752,87.80518149197329,86.25509405609928,87.66999816894531,520700
2016-03-17,87.16532249342387,88.29183874385437,87.02112511302819,88.10258483886719,302000
2016-03-18,88.12058796730265,88.92266682274816,88.00343277658536,88.30083465576172,312800
2016-03-21,87.83220953031665,88.29183004038333,87.62493441106717,88.15664672851562,567400
2016-03-22,87.44468189519758,88.80551522638294,87.39962537804027,88.53514862060547,757100
2016-03-23,88.85960469323679,88.90466809568524,88.02147628794884,88.05752563476562,892300
2016-03-24,86.66063755938345,87.35456848144531,86.49841895899499,87.35456848144531,292900
2016-03-28,87.75111237485459,88.00345091499871,87.13828725920047,87.84123229980469,182600
2016-03-29,88.62526359499763,90.28349872504774,88.47205906891978,90.1483154296875,409000
2016-03-30,91.17571318939038,91.815573563634,90.63498679045159,91.1576919555664,460400
2016-03-31,91.4551041286601,91.85163319859979,90.4277149171396,90.4727783203125,637900
2016-04-01,89.58055428586904,90.68904218678234,89.49043438041636,90.63497161865234,367600
2016-04-04,92.04989153263139,92.46444867071484,91.52718636368343,91.59027099609375,861500
2016-04-05,89.7427752602222,90.22943101349988,89.47240866094296,89.6886978149414,1059400
2016-04-06,89.55352311714444,91.17570211696246,89.48142443918584,91.11261749267578,753000
2016-04-07,90.79720405052338,90.97744388892563,90.07623094549612,90.20240020751953,452200
2016-04-08,90.91436743038031,91.34695270742439,90.46376091815966,90.70709228515625,424200
2016-04-11,90.88732214421533,91.52718249611334,90.24746179231734,90.34659576416016,188400
2016-04-12,90.72511048755736,91.2297944398564,89.85093278295794,90.8873291015625,295100
2016-04-13,91.55422412199776,92.1039645945629,91.274850296032,91.96878814697266,363100
2016-04-14,90.8332502044224,90.84226425873878,89.9140091839994,90.45474243164062,547800
2016-04-15,90.00414716995634,90.5899301349093,89.49946320110203,89.71575927734375,540400
2016-04-18,89.09390928103464,90.14832674087103,89.03082465204551,89.42736053466797,342600
2016-04-19,90.33760386907186,90.78821044226754,89.53552471884039,89.89601135253906,833800
2016-04-20,89.22907647244465,89.724739360463,85.73236659533974,86.90394592285156,2104400
2016-04-21,87.63393816343219,87.63393816343219,86.07484373787949,86.35421752929688,626600
2016-04-22,86.2731074868958,86.94000305779664,85.9036069252036,86.39927673339844,275500
2016-04-25,86.78682504030733,86.98508614844692,86.45337371513148,86.63361358642578,367000
2016-04-26,86.92199065034163,87.39963931346826,86.77780014645602,86.88594818115234,348200
2016-04-27,88.07553673814162,89.59858181171008,88.03948739828617,89.43636322021484,600200
2016-04-28,88.58924108513756,89.74279263068642,88.09357118242067,88.32788848876953,902200
2016-04-29,88.62525231478841,88.81451302962847,86.5614813127501,87.05714416503906,786700
2016-05-02,87.14729814979832,87.9313559692428,87.0031076388798,87.83222198486328,461300
2016-05-03,86.75155472975834,86.80627504406642,85.83962834234703,86.10408782958984,604700
2016-05-04,85.35634545455518,85.57520593427978,85.00981578187049,85.52049255371094,1430900
2016-05-05,84.60854573847597,85.64814146783512,84.53558994335837,84.71797943115234,464400
2016-05-06,84.24378857303381,84.56296849358475,83.73311183207038,84.19819641113281,336300
2016-05-09,85.0462652438376,85.37455933234918,84.38967706681443,84.80004119873047,456800
2016-05-10,84.3714636565404,85.274276189149,84.31675027545477,85.12836456298828,367700
2016-05-11,83.72398293725466,85.03715953065297,83.68750503661046,84.4261703491211,897100
2016-05-12,84.63591589578343,84.75447082108458,82.46553282638072,83.4686508178711,1099600
2016-05-13,83.5780994060592,84.24380212800656,83.12213596899117,83.25892639160156,770000
2016-05-16,85.86702991387965,87.90062276006891,85.5204932807995,87.38994598388672,1553600
2016-05-17,86.79718292664435,87.13459830776928,85.87613501853744,85.99468994140625,710300
2016-05-18,85.88524554372651,87.13458746244076,85.79405427725742,86.19529724121094,349400
2016-05-19,85.26513381325505,85.60254914692979,84.62678800084072,85.09186553955078,573700
2016-05-20,86.7698175564884,87.16194627357717,86.58742806165186,87.07075500488281,571700
2016-05-23,86.92484034228998,87.76381111659552,86.8245278630309,87.27136993408203,387200
2016-05-24,87.11633664978575,89.05874453011533,87.11633664978575,88.93106842041016,785500
2016-05-25,89.68798103930713,90.49048091189181,89.5055984996004,90.20777893066406,1000800
2016-05-26,90.45400759006019,90.98291976495554,89.74270590878001,90.65463256835938,748900
2016-05-27,90.62726456513579,91.63950366517594,90.62726456513579,91.26561737060547,765500
2016-05-31,91.23825780055729,91.41151912100048,90.59078380131683,91.17442321777344,509600
2016-06-01,90.19865622152598,91.25648737610375,90.17129258143105,91.05586242675781,1335700
2016-06-02,90.92819145190575,91.39327591996154,90.54518398759963,91.32032012939453,614600
2016-06-03,91.9677963256836,92.16842129110904,91.33857170201485,91.9677963256836,279900
2016-06-06,92.16843460634053,92.36905960074951,91.19267328053672,91.25650787353516,389000
2016-06-07,92.25962011914137,92.45112388616192,91.79454252385507,92.27786254882812,444400
2016-06-08,91.96780385353426,92.31434044306978,91.50271930083828,92.19578552246094,527300
2016-06-09,90.70022544133201,91.71246459803454,90.6455120677097,91.69422912597656,624600
2016-06-10,89.04050861501317,89.58766315862164,88.26537243178055,88.80340576171875,1514900
2016-06-13,87.21665468459143,88.62102240647204,87.20753347100624,87.84588623046875,1055100
2016-06-14,85.26513924734004,86.3594484119203,85.11011339122331,86.26825714111328,1624300
2016-06-15,86.3685509103122,86.84275654766591,85.83963191382016,85.8852310180664,740100
2016-06-16,85.52960366331801,87.19843114796879,85.000684522153,87.15283203125,501300
2016-06-17,86.27736487932276,86.59653775601808,85.05537977754324,86.3138427734375,702400
2016-06-20,88.7578267511252,89.0222863271429,88.19242969645472,88.32009887695312,949900
2016-06-21,89.51471283888768,90.10745952613426,89.20465419626191,89.81564331054688,691700
2016-06-22,90.46312913948883,90.78230906202919,89.9980515149764,90.05276489257812,501700
2016-06-23,91.68509939246483,92.47847802351447,90.57254784919327,92.46023559570312,888700
2016-06-24,85.7940739459531,88.09212639207271,85.6846402266334,86.64216613769531,2063600
2016-06-27,84.26201155961655,84.71797481810208,83.12210341340271,84.35320281982422,2285900
2016-06-28,85.35633236768354,86.24090232431965,84.85477688865299,86.08587646484375,707900
2016-06-29,87.41728202814573,88.08298453166452,87.20753585463785,87.645263671875,556100
2016-06-30,88.79428755058309,90.47222900390625,88.38391644306911,90.47222900390625,669800
2016-07-01,89.70620022193853,89.97977396060676,89.45997620394641,89.77003479003906,957500
2016-07-05,88.1377133764735,88.56632002130456,86.65126846291483,86.94308471679688,1007800
2016-07-06,85.19218913470546,86.6056782776395,84.66326998828963,86.53272247314453,1257500
2016-07-07,85.81228217554806,86.85187782794722,85.7940467068424,86.2773666381836,827900
2016-07-08,87.63614851096524,88.69398675050753,87.49935812379022,88.65750885009766,588200
2016-07-11,90.39016818475005,91.1470619842008,90.28073448675153,90.97380065917969,493000
2016-07-12,91.98604107759422,92.86148980183596,91.19266240994641,91.99515533447266,1280100
2016-07-13,92.18666022004942,92.8432485106368,91.97692099010783,92.20490264892578,547200
2016-07-14,94.59413570574904,94.70356242928054,93.56365434284855,93.90106964111328,1023800
2016-07-15,92.33256403668176,92.96179558835198,92.27785066956174,92.66085815429688,538600
2016-07-18,93.70045983138098,94.2658568382078,93.43600027774173,94.04698944091797,802800
2016-07-19,94.17464284502914,96.93778587429563,94.07433733487316,96.32678985595703,3330400
2016-07-20,98.10507590119813,98.8072563978143,97.63087012177417,98.63399505615234,1642100
2016-07-21,96.12618311856978,97.00163179119751,95.71581198745055,96.19001770019531,2199400
2016-07-22,96.25384102652058,96.53653600388462,95.92554694299281,96.32678985595703,397800
2016-07-25,96.83747682163931,97.18400638538476,96.60037398463083,97.10193634033203,500300
2016-07-26,98.02297418573436,99.31791505912305,97.85882714304829,99.19023895263672,926600
2016-07-27,99.98361557593903,100.22983961398972,98.83458629907801,99.91065979003906,876300
2016-07-28,100.19336870327561,100.50342037878718,99.84683217482484,100.38487243652344,530000
2016-07-29,100.74963509437643,101.08704342086706,99.68267588312251,99.96537780761719,1399700
2016-08-01,99.96539649650155,100.44871648179253,99.66445904841359,100.03834533691406,419800
2016-08-02,99.91979690521526,99.93803237586914,99.19937405905041,99.74652862548828,358600
2016-08-03,98.44247419763495,99.17201826439818,98.38776082773445,98.8984375,414200
2016-08-04,100.03834637094737,100.521673318682,99.89244173116641,100.39399719238281,288500
2016-08-05,100.266331747459,100.91380578739957,99.76477626761465,99.94715881347656,599800
2016-08-08,99.62800598144531,99.91070107180515,99.43650218241612,99.62800598144531,352200
2016-08-09,99.81948018854075,100.41223384263971,99.81948018854075,100.21160888671875,558600
2016-08-10,100.59463479971193,100.67671182282822,99.59151679378799,99.84685516357422,840300
2016-08-11,100.90467658220716,101.26032738868753,100.42135661224395,100.94115447998047,879600
2016-08-12,101.16912437688845,101.34238567438598,100.30279005961363,100.5581283569336,540400
2016-08-15,101.47918128667739,101.75276202364583,101.03233924324627,101.06881713867188,329400
2016-08-16,101.06883527703471,101.16914776809595,97.58527564935336,98.4424819946289,1531000
2016-08-17,96.03498952200479,96.47271735812973,95.50607737339074,96.16265869140625,2084100
2016-08-18,96.77365874256591,97.13842383713462,96.40888669054901,96.69158172607422,679500
2016-08-19,97.39375248408997,97.54877831850858,96.91042559731024,97.32991790771484,525400
2016-08-22,97.55792931844033,97.89533777196517,97.21139269164294,97.72207641601562,486300
2016-08-23,99.08995408430437,99.52767498435523,98.6795829133774,98.93492126464844,723200
2016-08-24,98.23273679679522,98.3512847529278,97.08370730543703,97.28433227539062,473600
2016-08-25,97.1748892623742,97.38463542652653,96.89219426314253,97.09281921386719,271700
2016-08-26,97.36640773659478,98.46984513259156,96.23562061107012,96.9469223022461,870400
2016-08-29,96.88308687080472,97.68558678818593,96.88308687080472,97.64910888671875,280400
2016-08-30,99.1264200562158,99.15378369886373,97.87708504909565,98.05034637451172,602800
2016-08-31,97.42112509040268,97.52143757788188,96.5730330328183,97.16578674316406,346400
2016-09-01,96.95601983082469,98.05944999980655,96.91042072537184,98.0229721069336,455400
2016-09-02,98.53366560816367,98.71604813351455,98.03210322727773,98.36039733886719,259200
2016-09-06,98.2874344905977,98.52453732249231,98.01386072220875,98.42422485351562,346300
2016-09-07,98.49718576375251,98.76164529049456,96.71892486823472,96.96514892578125,992100
2016-09-08,94.96803581849183,95.5151903884489,94.5120725172863,94.91332244873047,919700
2016-09-09,94.0743422942763,94.36615849974639,92.74292346453143,92.75204467773438,818200
2016-09-12,92.13194093388574,94.17465451767661,92.04074966770223,94.05610656738281,502100
2016-09-13,93.47248517371045,93.91021304360613,92.533201801742,92.7794189453125,516200
2016-09-14,92.08636428534115,93.28098607562939,91.9495738843088,92.998291015625,1069200
2016-09-15,93.30834196556559,94.70358873776385,93.10771697342882,94.5120849609375,1072000
2016-09-16,93.052993673266,93.46335787163987,92.44200450415006,93.19889831542969,1040000
2016-09-19,94.12908337097299,95.00453224512258,94.11084093919636,94.23851013183594,550000
2016-09-20,95.47872096069653,96.00764010681016,95.13219132571611,95.64286804199219,773900
2016-09-21,96.38152161270278,97.45759524586735,96.12618328575655,97.31168365478516,832500
2016-09-22,99.43647774477228,99.91067651762157,99.11730482483065,99.20849609375,579500
2016-09-23,99.18114946327604,99.63711281154374,98.87109076858076,99.00788116455078,664700
2016-09-26,98.93490065455768,99.5458966763289,98.7433969309984,99.19023895263672,663300
2016-09-27,98.45157659354118,100.12952484339114,98.3421429172097,99.96537780761719,591600
2016-09-28,99.65534599508996,100.34841221662256,99.28145967597196,100.18426513671875,316300
2016-09-29,99.64621996402855,100.07482659403082,98.07771200208444,99.1537857055664,551900
2016-09-30,99.57328892604755,100.43961659791425,99.41825608330831,99.92893981933594,338000
2016-10-03,99.72831042333681,99.95629211194951,98.98053076298511,99.336181640625,416800
2016-10-04,99.75565412227253,100.17513953979926,99.04435245962075,99.363525390625,324300
2016-10-05,99.49117459405653,99.67356405905717,99.13552383411366,99.22671508789062,280100
2016-10-06,98.73429618962622,99.39088449650642,98.31481076188571,99.16290283203125,473500
2016-10-07,97.61261703954736,97.73116498429275,96.08058018404638,97.0107421875,861900
2016-10-10,98.15066436887767,98.25097685854138,97.56703186035156,97.56703186035156,686400
2016-10-11,96.30857490568133,96.33593159222896,93.39041238313015,93.66398620605469,959100
2016-10-12,93.2992013549846,93.62749546342569,92.48758729729617,93.54542541503906,794500
2016-10-13,91.73071479400335,91.78543513385726,91.22915922124696,91.54833221435547,1161200
2016-10-14,92.63349751002455,93.11681745211284,92.05897935003891,92.2140121459961,331200
2016-10-17,91.75806990128427,92.41465130136791,91.65775740458076,92.2505111694336,399000
2016-10-18,93.48160618762215,93.54544077711046,92.86149576511502,93.31745910644531,955700
2016-10-19,95.52429913501764,95.52429913501764,94.11081030278562,94.92242431640625,1109900
2016-10-20,93.4907123826413,94.4938372130193,93.44512022690911,94.45735931396484,739900
2016-10-21,94.35706070429947,96.04412377829293,94.2932261109305,95.98941040039062,1638300
2016-10-24,95.679327665264,96.13529091981532,95.54253729740917,96.00762176513672,971000
2016-10-25,95.46048625773477,95.8799717005496,94.95892379488635,95.33281707763672,567100
2016-10-26,95.26897980062289,95.50608268159567,94.59415601664467,94.70358276367188,376200
2016-10-27,95.91642254624512,95.99849258567929,94.71267993241814,94.88594818115234,606800
2016-10-28,95.62462885004584,96.61862555662616,95.46960298969907,96.17178344726562,915500
2016-10-31,96.21737550777712,96.99251171012455,95.69757763491377,96.31768798828125,794000
2016-11-01,96.34504398875897,96.37240067280274,94.19289671631313,94.74005126953125,936100
2016-11-02,94.84950897097181,95.50609738400486,94.53945023928426,94.86774444580078,564400
2016-11-03,94.24761966986722,94.4756013366823,92.8158950805664,92.8158950805664,707000
2016-11-04,93.21716172330231,93.93758475426344,92.54233781684425,93.46337890625,791600
2016-11-07,94.65797980113048,95.53342846467055,94.47559031448827,95.52430725097656,413000
2016-11-08,94.46648123756077,95.95292617551678,94.41176786326245,95.57903289794922,516600
2016-11-09,93.31745040963106,94.67621909207796,93.31745040963106,94.5394287109375,495700
2016-11-10,93.7278088450642,94.3023270191158,91.84012118199617,92.46935272216797,934900
2016-11-11,90.91908422697387,91.65774954457888,90.02540000609616,91.42064666748047,1212200
2016-11-14,90.22603120024075,90.98292508428283,90.01628499499742,90.46312713623047,687800
2016-11-15,90.39018606554042,91.4480175256591,90.0527706480508,91.2109146118164,491100
2016-11-16,90.4630964180943,91.89482059287793,90.41750427240025,91.83098602294922,1036300
2016-11-17,92.32346337417287,93.79166601659294,92.27787121057322,93.52720642089844,1344700
2016-11-18,94.45738449194184,95.52433723325566,94.27499494805292,95.37842559814453,1914300
2016-11-21,94.92246188856258,95.85263116596893,94.85862728775625,95.83438873291016,1408200
2016-11-22,96.16266875615527,96.30858036928454,95.56992196080137,96.04412078857422,876300
2016-11-23,95.278100523999,96.07147226564796,95.06835433086471,95.84349060058594,432300
2016-11-25,94.83125007776273,95.25985671506396,94.63062510222188,94.9680404663086,251900
2016-11-28,94.20202208049619,94.75829787205316,94.12906628153345,94.5029525756836,453200
2016-11-29,93.8190081821311,94.84948971573078,93.66398232648356,94.64886474609375,1194200
2016-11-30,94.63062191879496,94.67622103259232,93.86460690062438,94.04698944091797,434200
2016-12-01,93.62751178618623,93.69134637632034,90.90085292553157,91.18354797363281,837900
2016-12-02,90.28985449233328,91.4662406396407,90.13482168288199,90.99203491210938,701100
2016-12-05,93.28097275543001,93.94667527730589,92.73381818688124,93.85548400878906,818600
2016-12-06,92.91620662481043,93.837254497454,92.82501535050226,93.66398620605469,399900
2016-12-07,92.99827585039934,94.7674086875924,92.8614854716734,94.43000030517578,566600
2016-12-08,94.10171862334411,94.59415987740994,93.60927736927827,94.02876281738281,478800
2016-12-09,93.85549651196995,94.02876481544773,93.0985956632971,93.61840057373047,362500
2016-12-12,94.08347452920802,94.2385003960476,93.39041525717869,93.8372573852539,308500
2016-12-13,94.9406608200344,95.62460563991317,94.84034835652312,95.42398071289062,308400
2016-12-14,95.36928703410821,95.69758117199258,94.41176130570413,94.5029525756836,390800
2016-12-15,95.26896357872016,96.10793429783192,95.1321732107798,95.7796401977539,655400
2016-12-16,96.90133721854608,97.32082268352434,96.6277564139108,96.88309478759766,865800
2016-12-19,98.81635883107622,100.74964556925573,98.81635883107622,100.51254272460938,1709400
2016-12-20,99.7374183770627,100.12954710763385,99.5003155043469,100.04747009277344,810500
2016-12-21,100.33925574567228,100.58547975773669,100.05656080195365,100.35749816894531,659500
2016-12-22,100.64022315621031,100.69493652747082,100.10218282817267,100.29369354248047,324200
2016-12-23,100.69494386785728,101.08707262452135,100.55815347228638,100.97764587402344,183900
2016-12-27,101.03233849884849,101.78923916909687,101.03233849884849,101.68892669677734,308500
2016-12-28,101.0505881922044,101.5065515096784,100.70405857560547,101.02323150634766,509900
2016-12-29,101.19649795148173,101.56126999031129,100.9502738683564,101.36976623535156,754900
2016-12-30,102.19049946411907,102.73766102699275,101.47007656662045,102.31816864013672,858700
2017-01-03,101.20562464661369,101.47919847246547,100.44872384260525,100.72229766845703,874700
2017-01-04,100.16601972324092,100.63110426202229,99.96540170484427,100.23897552490234,846200
2017-01-05,101.04148311050575,102.04460110854922,100.9958839916384,101.4427261352539,493800
2017-01-06,100.82259886292017,101.76188211226459,100.5855029652345,101.33328247070312,360200
2017-01-09,101.24208553180473,102.80148610125264,101.23297127539573,102.5826187133789,554800
2017-01-10,102.66470392598202,103.16625940900917,102.66470392598202,102.7285385131836,816100
2017-01-11,102.36374759303972,103.51277690831621,102.30903423050886,103.48542022705078,419900
2017-01-12,103.90489532278764,104.70738804300463,103.04768228799146,104.66178894042969,713900
2017-01-13,104.66179946220673,105.36398675075378,104.64356399381126,105.14512634277344,1474200
2017-01-17,105.44607833319735,106.07530996179595,104.7712545455739,105.70142364501953,1381400
2017-01-18,111.31888256790486,114.79332077442092,111.20033461162106,112.13961791992188,4392000
2017-01-19,110.21544616870477,111.24592069150735,109.85067414801746,111.12737274169922,1936700
2017-01-20,110.81730938408127,111.5377321810539,110.81730938408127,111.3006362915039,786900
2017-01-23,111.2276669368382,111.54683979342857,109.97832523253138,111.41004943847656,1570600
2017-01-24,111.51039059130649,112.16697889804776,111.31888682808166,111.7566146850586,975100
2017-01-25,111.72012200758931,112.13960737975933,111.50125462932445,111.96633911132812,649500
2017-01-26,110.61669509616073,111.40095249850539,110.40694892497423,110.46166229248047,611200
2017-01-27,110.74437284266894,111.32800533279924,110.37960079697548,111.04530334472656,663500
2017-01-30,110.2610406444997,111.12736806944136,109.44941962780676,110.9905776977539,1161000
2017-01-31,110.92676910186803,111.25506328783788,110.3340153240086,110.7079086303711,1435700
2017-02-01,110.93586736394896,111.35535274646037,110.34311370873485,110.62580871582031,1324600
2017-02-02,112.24905117989009,112.34024941342493,111.51951401375003,111.92987823486328,632800
2017-02-03,112.08490278581901,112.686770729532,112.04842488658673,112.17609405517578,358300
2017-02-06,111.4739122308096,111.82956306925439,111.13650382161482,111.46479797363281,260700
2017-02-07,111.28240283371701,112.68677064458585,111.13649819434575,112.4040756225586,1117200
2017-02-08,112.54085398850049,113.31599013085425,112.1578395664711,113.16095733642578,853100
2017-02-09,113.45279505777272,114.49239085644369,113.37071804343131,113.5531005859375,820400
2017-02-10,113.80844989471416,114.21881410853197,113.21569617451755,113.85404205322266,791500
2017-02-13,115.03042472817054,115.48638804387043,114.67477389852048,115.35871887207031,1052600
2017-02-14,114.97572668525805,115.35873425172107,114.55624121378203,115.13075256347656,1825300
2017-02-15,114.40118130790523,116.0700085407561,114.26439789328411,116.05177307128906,900800
2017-02-16,115.40429374652497,116.21590772139946,115.34045917403304,116.06087493896484,1023500
2017-02-17,114.7568263270333,115.70523071289062,114.73859085848373,115.70523071289062,808100
2017-02-21,114.24616626492995,116.36183575289355,114.21880957941998,116.35271453857422,3895800
2017-02-22,114.08201763597242,114.4559108860291,112.69589224863445,112.92387390136719,2312100
2017-02-23,113.56224098454771,113.64431801275451,112.39497581744482,112.8782958984375,764500
2017-02-24,111.51951235189864,112.121380331059,110.92675862999722,111.73837280273438,1442500
2017-02-27,111.51949179908955,112.18519424361645,111.32798807022098,112.07576751708984,736500
2017-02-28,110.79908279243985,111.45567106292005,110.71701273735376,110.97235107421875,1033500
2017-03-01,111.71099597984609,113.00592993692722,111.64716140329834,112.59556579589844,1274400
2017-03-02,111.05444171539376,111.7566292293844,110.78086785694673,110.8629379272461,961800
2017-03-03,111.94811769923622,112.1578569329346,111.10002563494473,112.14874267578125,783800
2017-03-06,110.57109351937511,111.17296837831306,110.14248693027338,110.89026641845703,495300
2017-03-07,110.57109224527835,110.69876140344,109.27615823681172,109.41294860839844,1234500
2017-03-08,110.17896214173722,110.49813503304046,109.74123434977332,110.11512756347656,575800
2017-03-09,110.50727137003439,110.83556551957484,110.03307257483607,110.57110595703125,405700
2017-03-10,113.50750946402177,114.09114195430092,113.02418946027011,113.99082946777344,1016100
2017-03-13,112.67764853693701,113.49838386891693,112.5591005835474,113.25216674804688,838100
2017-03-14,113.78108776248506,113.8358080938499,112.95123810914218,113.06978607177734,412900
2017-03-15,113.8540166040054,115.18542839444957,113.60779952224003,114.96656799316406,838900
2017-03-16,113.89051948103902,115.13074028946596,113.81756367879079,115.0760269165039,424200
2017-03-17,115.98793948210013,117.11871949233985,115.75083663232066,116.63540649414062,1030300
2017-03-20,117.49263799157806,117.78446122790045,116.70838739503279,116.97284698486328,577600
2017-03-21,118.26777555146658,118.38633047483479,115.03955420943424,115.194580078125,1398800
2017-03-22,115.87851936112027,117.8574054831048,115.82380598839796,117.56558227539062,529900
2017-03-23,117.82091467620697,118.27687797906759,117.45614959987675,117.83915710449219,266000
2017-03-24,121.54155226239435,121.78777629220338,120.33781662257013,120.59315490722656,1709800
2017-03-27,121.08560532939816,121.46861280787023,120.7025978509261,121.01264953613281,2238000
2017-03-28,121.62361491074034,122.46258549719101,121.3956333193714,122.00662231445312,1370300
2017-03-29,121.43215188171837,121.70573265029864,120.86674791601352,121.20417022705078,358300
2017-03-30,120.72084038541276,121.45949865990166,120.68435553130023,120.94882202148438,361100
2017-03-31,120.62052375034786,121.45949447237912,120.48372642448435,121.10384368896484,535400
2017-04-03,120.69348427741788,121.05824933091279,119.62651797041084,120.53844451904297,564100
2017-04-04,120.64789100298522,121.0856118713315,120.2375268192296,121.04914093017578,584000
2017-04-05,120.00957394357167,120.38345336091434,119.38945647608584,119.4897689819336,557200
2017-04-06,119.41677326183992,119.68123974110696,119.05200822514065,119.44412994384766,370000
2017-04-07,119.04288581362128,120.05512484156039,119.03377155747584,119.62651824951172,546900
2017-04-10,119.12497970289645,119.27087738785275,118.27688070428884,118.46839141845703,1180800
2017-04-11,118.22215616472401,118.41366686080033,117.00929219595982,118.37718200683594,613200
2017-04-12,118.32249007338909,118.52311506184982,117.00019913300504,117.64765930175781,485300
2017-04-13,117.64763197564514,118.44101748751305,117.03664289448322,117.07312774658203,575600
2017-04-17,117.53822511593907,118.81491685730886,117.53822511593907,118.70549011230469,334800
2017-04-18,118.89700118774789,119.42592031501582,118.36808206047996,119.1432113647461,915700
2017-04-19,121.38653152818583,121.93369296960677,114.93921174060478,115.71434783935547,3355400
2017-04-20,118.64166845361625,119.29825678647838,117.90299614297356,118.5960693359375,2259500
2017-04-21,118.86962773167554,118.99729688818448,118.29510956993806,118.57780456542969,1298800
2017-04-24,121.86076011035752,122.4626211112844,121.02178927992068,121.70573425292969,685100
2017-04-25,123.01890664178798,123.06450575990742,122.07050899343054,122.41704559326172,681300
2017-04-26,121.3227285112657,121.678379386624,120.37433081527617,120.7938232421875,633600
2017-04-27,120.97621659237669,122.09788269696585,120.6935215014956,121.24066925048828,453100
2017-04-28,122.61015134183772,122.64698438236617,121.2102568999294,121.4312973022461,753400
2017-05-01,121.61547352403639,122.49960690298524,121.31154828344565,122.36146545410156,264200
2017-05-02,123.39295142649358,124.37840721089152,123.16270632393844,124.32315063476562,850700
2017-05-03,123.23640907579252,124.29554517388658,123.17194774282243,123.56796264648438,1008300
2017-05-04,123.1811519719381,124.69155955362162,123.17194722528059,124.38763427734375,871400
2017-05-05,123.97319303079051,125.17967530896472,123.84425631525392,125.10599517822266,481000
2017-05-08,122.99699399435792,123.20881565270626,122.5549271260063,122.73912048339844,957800
2017-05-09,123.68766655060182,124.47049143358478,123.63240997686717,124.29551696777344,438200
2017-05-10,123.45744086853746,123.87187928975243,122.96010352064157,123.2271957397461,703900
2017-05-11,122.70221959514089,123.66004711861238,122.32462829656764,123.5587387084961,639900
2017-05-12,123.51271913548383,124.76525341813205,123.50351438781321,124.73762512207031,443300
2017-05-15,124.70998310992836,125.38229499523695,124.52578980542512,125.01390838623047,577500
2017-05-16,126.06380956510306,126.42299138153592,125.71383249415177,126.41377258300781,729100
2017-05-17,124.94022998545734,125.2257317193516,122.30622494071417,122.3154296875,645700
2017-05-18,122.1220477277347,123.66928857457025,121.85495545221285,123.41141510009766,689500
2017-05-19,124.33237822106403,124.72839312474937,123.89951622449497,124.1942367553711,619200
2017-05-22,123.39297696568205,123.8903143598429,123.10747522790946,123.60481262207031,548800
2017-05-23,124.00082599452861,124.15739100836058,123.15352553864756,123.3285140991211,687200
2017-05-24,123.38377054393555,123.66927227783269,122.64698326265516,122.94170379638672,938000
2017-05-25,122.94168916437968,124.35078817258842,122.94168916437968,124.2310562133789,457600
2017-05-26,123.28245105547994,123.96398168879692,122.99694934719967,123.5955810546875,731800
2017-05-30,122.54567028882664,123.23640570445107,122.49041370406437,122.8680191040039,1020200
2017-05-31,122.54565292740257,122.80352632179145,121.21943886880487,121.56021118164062,1436000
2017-06-01,122.39831632817437,123.25483559522499,122.14044288397712,123.23641204833984,707400
2017-06-02,123.98243404448242,124.13899909821458,122.99699187027365,124.05611419677734,334300
2017-06-05,122.3983076730177,123.25482687950125,122.28779450561895,122.63777160644531,519500
2017-06-06,121.9009843847214,122.78513188318551,121.8825608391363,122.14043426513672,614500
2017-06-07,123.21796095235679,123.83503018413084,122.5824962839079,123.40216827392578,413400
2017-06-08,123.88109296119299,124.41526338484056,123.09826789872982,124.34158325195312,312400
2017-06-09,123.62320395068924,123.8258207773454,118.4933500653772,119.75508880615234,1203900
2017-06-12,119.00912472149756,119.33147358106329,116.07119410065825,118.88018798828125,1941400
2017-06-13,120.83266999087729,121.65234228541169,120.049844795564,121.5049819946289,1373900
2017-06-14,121.94704869362363,122.07598541981012,118.8433344118391,119.8656234741211,857700
2017-06-15,117.7658035053317,118.0236699480812,116.96454777449284,117.49871826171875,1551700
2017-06-16,118.99067457931031,119.81034664007565,118.60386446611118,119.38670349121094,925300
2017-06-19,120.82343160365885,121.40365380391732,120.44582623355264,121.06288146972656,388000
2017-06-20,120.30769749796673,120.70371240136232,118.2815289822969,118.33679962158203,604100
2017-06-21,118.4196611882759,120.30767381362227,118.3459810701158,120.12346649169922,710600
2017-06-22,119.98534527032459,120.45504029306052,119.43275131753691,119.74589538574219,660400
2017-06-23,122.43513720955326,124.71916467761488,122.39829012367163,124.00080108642578,1276100
2017-06-26,125.0783832870969,125.31784725667102,123.09828045605627,123.20879364013672,978400
2017-06-27,124.07452766718356,124.2402974565894,121.83653713884776,121.91021728515625,1783600
2017-06-28,122.69301137382247,124.59022877038943,122.02990435422002,124.32315063476562,773900
2017-06-29,122.18651149859281,122.65620661077918,118.20788206118011,119.3591079711914,1988500
2017-06-30,120.74976487758532,121.09052319654087,119.616962694614,120.01297760009766,899500
2017-07-03,120.74058618126182,120.96161257506179,119.11044626172949,119.42357635498047,427900
2017-07-05,119.25778040521999,121.17342169865921,119.21172856559413,121.09052276611328,796200
2017-07-06,120.45503004843393,121.35760103142721,119.81956532573636,120.85105895996094,832000
2017-07-07,121.41285446276133,122.98772316324145,121.41285446276133,122.38909149169922,588700
2017-07-10,123.4113720256057,124.37840424387812,122.96008657626643,124.15736389160156,439700
2017-07-11,123.13511965178218,125.30863471660612,123.10749135438171,125.08760833740234,1100900
2017-07-12,125.81514389164013,126.68086779102981,125.51121864697906,126.2111587524414,841300
2017-07-13,125.95329491786683,126.69930096768405,125.59411306560577,126.03619384765625,484300
2017-07-14,127.13213863513248,128.9833183845528,126.99399718504745,128.86358642578125,1164700
2017-07-17,129.3240553146025,129.66481353725766,128.10836859539972,129.13986206054688,869900
2017-07-18,130.11613286422147,132.0501976684516,129.97799140093994,131.9304656982422,1252200
2017-07-19,136.87608504313297,138.90225290640132,136.26824873719636,138.72726440429688,2528800
2017-07-20,140.21008644591507,142.15335600256003,139.39961905074995,141.6652374267578,2971500
2017-07-21,140.99289450176857,142.15333886917102,140.58766085302784,142.0980682373047,938400
2017-07-24,141.7205047200415,142.291508217206,140.9652938532956,141.59156799316406,1272100
2017-07-25,142.1533598074658,142.18098810094517,140.5047966802699,140.66136169433594,974600
2017-07-26,140.91002320663065,142.4756873205392,140.82713833041706,142.31912231445312,768800
2017-07-27,142.65989012234124,143.4243057110128,139.51013813896546,141.13107299804688,1019400
2017-07-28,139.71274207480002,140.79950639599568,139.66669023819006,140.47715759277344,539100
2017-07-31,139.74960534338436,140.3021852875307,138.06420911029218,138.45101928710938,868100
2017-08-01,139.94297825755243,140.08113375854936,138.67203477726963,138.99436950683594,391600
2017-08-02,140.51400948177948,140.80871595066188,138.43258444152823,139.08648681640625,855200
2017-08-03,140.59688486407163,140.75344986088118,139.49171108756187,140.14559936523438,924000
2017-08-04,140.5508568052553,140.965295284924,139.94300620678158,140.8547821044922,491200
2017-08-07,141.2323924557366,142.43887489426012,141.2231736550136,142.21783447265625,476000
2017-08-08,142.27308532960743,142.9361925146386,140.82715303242088,141.02976989746094,490700
2017-08-09,140.59687397748226,141.58231571710843,140.3113722964041,141.42575073242188,547100
2017-08-10,140.41273049608725,140.44956354252648,138.2299965754501,138.31288146972656,844800
2017-08-11,137.58530446024895,139.38121399178783,137.1800707089171,139.24307250976562,416900
2017-08-14,138.93912632279918,141.18632111308756,138.9207027769474,140.55084228515625,552600
2017-08-15,139.48252025196877,140.56928475476,139.38121181571748,140.4127197265625,376800
2017-08-16,140.17321154514423,141.95071099271865,140.02585131106693,141.5270538330078,518900
2017-08-17,140.78108545042028,141.08501071400136,138.69967449586082,138.74571228027344,486000
2017-08-18,139.9890657032898,140.5508644896158,139.04966145911104,140.228515625,688800
2017-08-21,140.13641589937353,140.26535262532812,139.01281840760527,139.6114501953125,562600
2017-08-22,139.89694502281876,142.5770018937344,139.86931672955558,142.17176818847656,839100
2017-08-23,141.73888683534904,142.01518378330059,141.0297420010308,141.2783966064453,532300
2017-08-24,141.17711787245537,141.73891663194206,140.64296146131673,141.32447814941406,400200
2017-08-25,141.591578825775,142.56781612582785,141.4165902431145,142.0336456298828,535300
2017-08-28,141.5270594244332,142.16253816258313,141.26918603113262,141.94149780273438,261400
2017-08-29,141.49024119360212,143.24009855307438,141.37050922952702,142.89012145996094,575500
2017-08-30,141.6836284339939,143.02826606843817,141.29681833305563,142.5769805908203,834200
2017-08-31,142.67830319109734,144.2900191318123,142.37437792733965,143.95846557617188,787400
2017-09-01,144.7412934816247,145.1188988456046,144.02292984202944,144.851806640625,739700
2017-09-05,143.59006470259658,144.09660675848468,141.34287016596298,142.5769805908203,493400
2017-09-06,143.95847099982558,144.8518232791514,143.56245609922146,144.1150360107422,496400
2017-09-07,146.4451212954567,148.22262117498278,145.80965648103373,148.14894104003906,1027800
2017-09-08,147.5871481579493,148.3699873263407,146.51880723848907,147.09902954101562,659400
2017-09-11,148.37917005016786,150.00930948246906,148.22260505033796,149.91720581054688,698200
2017-09-12,149.07910419401867,149.29093982032947,148.14891897834002,148.60020446777344,439400
2017-09-13,147.90945943533393,148.2778459780362,147.35686556823472,147.4213409423828,613300
2017-09-14,148.0015468880716,149.09751580825417,147.62394155282382,148.67385864257812,525500
2017-09-15,150.15667001071213,150.23956894457095,149.33699784336457,149.5764617919922,632300
2017-09-18,151.7867654669536,153.99712668390902,151.65782878327622,153.7945098876953,1294000
2017-09-19,155.31417012506216,155.3602219663548,154.42081780557055,154.9918212890625,992800
2017-09-20,154.65105275977132,154.7247328903706,150.79214199455356,152.13677978515625,990200
2017-09-21,152.44993430411907,152.97490004912504,151.19739998870415,152.6709747314453,1066000
2017-09-22,152.1459626346158,153.29718816007906,152.03544948114603,152.84591674804688,303600
2017-09-25,151.85126178977873,152.13676348210137,148.4159945773218,149.20803833007812,849400
2017-09-26,148.90415646042922,150.0461776153668,148.2318444678941,149.9909210205078,1180700
2017-09-27,150.30401719564247,154.63262280433068,150.18429928479796,153.7484893798828,1253600
2017-09-28,154.97336684243714,157.48763925356252,154.85363490041624,157.0179443359375,1477700
2017-09-29,156.65878961692363,157.97578499441133,156.21670885606093,157.67185974121094,1677100
2017-10-02,156.92586304647006,158.18760180405093,156.36406439290363,157.21136474609375,585700
2017-10-03,156.99032592773438,157.1468909101272,156.16143513189218,156.99032592773438,454400
2017-10-04,156.53907647408457,157.88370030415223,156.12463800736643,157.6626739501953,861200
2017-10-05,156.152267978332,156.4009366822526,154.59580847161087,155.2036590576172,422300
2017-10-06,154.72473483531783,157.4139963972802,154.4484378553594,156.0509490966797,1224200
2017-10-09,156.06934249955404,157.16529735507078,155.92198226496433,156.6956024169922,352800
2017-10-10,156.81534559250773,157.65342712402344,155.57201636033108,157.65342712402344,522200
2017-10-11,157.81924480989366,159.3849091049164,157.5613713520334,159.237548828125,859100
2017-10-12,158.46395642155983,161.07033380847375,158.36264797001715,159.8914794921875,1302000
2017-10-13,162.61751935603309,162.89380223934347,161.705743681971,162.3688507080078,809400
2017-10-16,161.91757689735556,162.6451593505623,161.54919032439687,162.6359405517578,743200
2017-10-17,162.10179065743475,162.7280647742198,160.70191026094813,162.4057159423828,1055300
2017-10-18,161.9452190854556,162.06495105581342,155.29573828566515,158.1599884033203,2715900
2017-10-19,160.278236167518,162.35964704980685,159.71643749732294,162.11099243164062,1120100
2017-10-20,162.10180561975525,162.29521774731953,160.88611842080138,161.37423706054688,1091300
2017-10-23,163.8885114570898,165.1134174647598,163.28066082716936,163.99903869628906,1240700
2017-10-24,163.75954770914726,164.38582178446842,163.24380085479325,164.33055114746094,614400
2017-10-25,164.39504063547315,164.8371073981266,161.8347156366548,163.34512329101562,560000
2017-10-26,163.50167608107242,164.43186137840715,162.8938255447319,163.76876831054688,427700
2017-10-27,164.16480130314994,165.09498670304893,163.13330746935702,164.7910614013672,703800
2017-10-30,164.2016096995902,164.70815179302883,163.28062918535534,163.87005615234375,1268300
2017-10-31,165.46335875638664,166.66984095381133,165.43573046583853,166.46722412109375,526400
2017-11-01,168.24475694770095,168.52105398377617,165.35287794995577,167.06590270996094,941900
2017-11-02,167.0105982312961,168.0236823887696,166.59615982252853,167.84869384765625,553700
2017-11-03,169.04600468220482,170.0590749867343,168.16185705622206,169.99461364746094,470100
2017-11-06,169.44203038388898,170.74061658295784,168.47499780898556,170.30775451660156,503200
2017-11-07,168.64995566737585,169.44199951117832,168.60391788180965,169.0183563232422,611700
2017-11-08,167.66448205345165,168.3459985450269,166.8540148169347,167.16714477539062,677200
2017-11-09,164.3766028227134,164.83709309265282,162.29519186168454,163.94374084472656,685100
2017-11-10,164.58845463217023,165.50021646225963,164.10954076953743,165.4081268310547,692000
2017-11-13,163.94372718085924,165.0212726363438,163.74111035472916,164.7173614501953,415300
2017-11-14,165.68444209843042,166.21861265459873,164.5332160859259,166.0896759033203,382800
2017-11-15,163.78717866836627,164.5700177620041,162.59911993474262,163.85165405273438,494400
2017-11-16,165.47258963030083,167.54479606689293,165.31602460812425,167.42506408691406,1853700
2017-11-17,166.9461837443618,167.03827338712136,165.56471262551003,166.08045959472656,553700
2017-11-20,165.7212672477525,167.95003882635382,165.58311171272203,167.1856231689453,996700
2017-11-21,168.23553821565247,170.79586336790496,168.23553821565247,170.72218322753906,845900
2017-11-22,170.28009668139032,170.55639366244213,167.94081222165445,168.53944396972656,526600
2017-11-24,170.8511140437899,171.64315795898438,170.7221773158768,171.64315795898438,311400
2017-11-27,171.14582416995015,171.2471325966429,169.96697014282455,170.12353515625,863900
2017-11-28,170.26164836552002,170.4274321512522,168.97228137891952,169.72747802734375,787700
2017-11-29,168.05130621082523,168.09735804458538,158.49152450774127,158.81387329101562,2544800
2017-11-30,161.96362742631823,162.59910620463796,160.04798634567575,161.65049743652344,1584600
2017-12-01,160.25982322177697,160.45323532396756,157.68108887955688,158.80467224121094,1143300
2017-12-04,161.3466086372464,161.45712182259615,155.04710411740973,155.9496612548828,1446200
2017-12-05,156.14305878204874,159.31123457943934,155.36943838121152,157.02720642089844,737800
2017-12-06,155.90358395541935,157.81002040973684,155.00102696530774,157.18374633789062,869500
2017-12-07,156.96271998873817,159.17308190388673,156.96271998873817,158.5652313232422,989700
2017-12-08,160.0940170344114,160.7479052177299,158.19679974877343,158.39019775390625,487000
2017-12-11,158.8968410209603,161.54927063460244,158.64817223141787,161.29139709472656,1571600
2017-12-12,159.60593228054572,159.8638057105522,158.22446145420466,158.55601501464844,1129300
2017-12-13,159.65197384304795,160.74792882351284,158.75862164193558,159.6611785888672,828900
2017-12-14,159.6980118279974,160.59136403024428,158.0494629292499,158.3257598876953,935500
2017-12-15,158.34416323920075,160.37953623267384,157.3495167122422,160.06640625,3118500
2017-12-18,161.60445748066257,163.0596084292563,161.13476246144572,162.43333435058594,1207900
2017-12-19,162.22154171936822,163.46487129925768,161.73342306724578,163.0412139892578,708700
2017-12-20,163.06880813302917,163.46483706302462,160.76635683994326,161.32815551757812,528400
2017-12-21,161.84392453644432,162.06496494996713,160.29668380093278,160.74795532226562,393400
2017-12-22,160.49008941790314,161.5308020909322,159.98356128261818,161.37423706054688,285900
2017-12-26,159.92826822613787,159.97432006463328,157.8376524783175,159.4125213623047,281400
2017-12-27,159.5138551670918,160.88612147553619,159.25598169414323,160.2874755859375,334800
2017-12-28,160.35192957353897,160.90452354354272,159.93749112256037,160.434814453125,402100
2017-12-29,160.81240728617186,161.05185715948565,159.99273519504135,160.0848388671875,194400
2018-01-02,160.3795206451744,163.78714519454584,160.2321604136336,163.6858367919922,818600
2018-01-03,163.68586985021832,165.3896894955324,163.6398180119305,164.92919921875,1054200
2018-01-04,166.22777425199436,167.40662815887094,165.22389483424018,166.46722412109375,915600
2018-01-05,166.55016413267955,168.95392457751078,166.4672792335944,168.4197540283203,516100
2018-01-08,168.71445171565054,169.88410110507786,168.3644745629755,169.3038787841797,763900
2018-01-09,169.5248907406084,169.6169803606054,166.91851418758185,168.39207458496094,854300
2018-01-10,167.05671065261882,167.20407095679386,165.15949240878473,166.43045043945312,668700
2018-01-11,165.85015420332215,165.9882956438405,163.8516283965635,164.44105529785156,831900
2018-01-12,166.79881447406834,167.13036808686837,165.7212687457307,166.57777404785156,710300
2018-01-16,172.86801529067952,173.604802408593,170.62082090491393,171.65232849121094,1518900
2018-01-17,179.58202087406175,185.30130280491275,179.37018520769738,183.44091796875,2653200
2018-01-18,186.20385446048357,189.33519699113685,185.8630961290578,187.29061889648438,3618500
2018-01-19,189.0036255157057,189.7496174966162,187.1156126183478,189.27992248535156,1122900
2018-01-22,188.34052623596455,189.29833984375,187.23535236450496,189.29833984375,1002300
2018-01-23,188.26688176954954,189.64835288384305,187.92612339166678,189.1970672607422,559900
2018-01-24,187.42877165302497,187.88926198940186,184.62899659119537,186.26834106445312,669800
2018-01-25,190.77187905733157,192.0980930787841,184.7947112159128,184.9604949951172,1380200
2018-01-26,187.91684283784278,190.33902589257934,187.63134114986397,190.19166564941406,1069200
2018-01-29,188.1931592225191,188.42340435635884,185.97359275957254,187.89845275878906,1064500
2018-01-30,186.8301272284396,187.3458741218878,184.2237504140757,184.40794372558594,744900
2018-01-31,186.3972298406986,187.56687892902542,186.038048032856,186.9221954345703,701800
2018-02-01,186.11175680393507,187.32744385875685,184.57372092574062,185.50390625,741500
2018-02-02,183.5882731205623,183.73563339225524,179.1031020054062,179.19520568847656,917300
2018-02-05,178.06236820511643,181.03714536684234,171.81812147946982,171.9286346435547,912600
2018-02-06,171.93784167125224,178.93728462735638,171.1550026711203,178.77151489257812,2881200
2018-02-07,175.99934904891524,176.45983922010228,172.22332402396336,172.36146545410156,1275500
2018-02-08,172.11282539847994,172.56409681036175,164.1187080447431,165.6843719482422,1767200
2018-02-09,167.6829185821937,170.29849970782206,161.9820473038311,169.15647888183594,2070900
2018-02-12,168.84336268980022,172.58254140282432,168.60391281047544,171.61550903320312,1563400
2018-02-13,170.63925002541677,171.52339740642358,169.30383123538363,170.6024169921875,496300
2018-02-14,169.19338519256283,176.90198982033283,169.04602489510413,176.220458984375,930600
2018-02-15,177.9426393133433,179.77538141886413,175.8796380417772,179.49908447265625,1125900
2018-02-16,177.62030707463165,179.86750183525515,176.8743150875332,177.0400848388672,738800
2018-02-20,176.8190540436954,181.79234320093798,176.80063049855153,180.0701141357422,764000
2018-02-21,181.1937536053103,182.335760714831,178.91893008140607,179.04786682128906,703400
2018-02-22,180.26353717873863,180.5398341820327,177.30719718672538,178.01634216308594,796500
2018-02-23,178.62420140969087,181.51608020437084,178.3571231938378,181.26742553710938,741700
2018-02-26,184.28822516575028,185.1171020912078,182.68571384974373,184.96974182128906,1172200
2018-02-27,183.25671334507564,184.68423606614815,181.83840942382812,181.83840942382812,861100
2018-02-28,182.55677038587825,183.03568421890577,179.59121181524924,179.9503936767578,623700
2018-03-01,177.89662552048384,179.50834165611525,174.09297094341784,176.76380920410156,901900
2018-03-02,175.44678358580978,178.55970214325745,174.14819772039613,178.27420043945312,696000
2018-03-05,179.33330454773576,183.8184745971478,179.02017458457937,182.6764678955078,730700
2018-03-06,184.22372314121824,187.31821809684087,183.54219253117185,186.81167602539062,1538800
2018-03-07,188.23003040174132,190.10882475096494,186.81171232607733,189.76806640625,1308300
2018-03-08,190.5969285258085,190.85480196437786,188.15633560611698,188.81944274902344,458100
2018-03-09,191.01133862262364,193.30458498918014,190.57847668934133,192.86251831054688,645100
2018-03-12,194.234764074697,195.93858346517777,193.70060780020324,194.60316467285156,788800
2018-03-13,195.9570555190516,196.72147113978272,190.7535064496757,191.5823974609375,656900
2018-03-14,195.57024382655007,195.6807570059795,192.75203127365666,194.81503295898438,733400
2018-03-15,197.36614994506846,198.45290033268313,195.9386271715169,197.49508666992188,700500
2018-03-16,196.6661820005992,197.62400964979145,195.76362498939918,197.1450958251953,822000
2018-03-19,197.08985493858327,197.18195862285836,193.43356071103946,195.93862915039062,1063300
2018-03-20,193.91246308285344,197.3661402427723,193.84798769707174,195.80047607421875,790400
2018-03-21,196.25172905494117,198.93178565102656,195.57021248693866,196.84115600585938,465400
2018-03-22,193.47957717719666,195.2662815222769,188.30367147682549,188.54312133789062,1008300
2018-03-23,189.27992291023153,189.9706583093729,183.30275419723108,183.37643432617188,1149000
2018-03-26,188.8102541145087,191.1311294854757,186.12099207331545,191.0574493408203,776800
2018-03-27,190.80873570675405,191.49026634464556,183.16460870055113,184.4631805419922,681900
2018-03-28,181.88444899220477,183.42248478301912,177.9150111237849,179.15834045410156,2776600
2018-03-29,180.3740389866027,184.58291262096245,179.43463492903976,182.86988830566406,1193200
2018-04-02,181.86605142015225,183.42251097861174,175.56654710045484,177.79531860351562,705200
2018-04-03,181.98577567325694,184.2790084173095,180.88058768961105,183.67115783691406,1165600
2018-04-04,176.51513425960454,182.63964924987297,176.35856925364655,182.59359741210938,1704900
2018-04-05,183.6803619221517,185.052613938599,181.6818358282735,182.98040771484375,861200
2018-04-06,181.88449379442287,183.53304315736747,178.67947065886358,179.25048828125,837900
2018-04-09,182.36334085142002,186.563023669322,181.33184720476703,182.84225463867188,774100
2018-04-10,188.2668891514939,190.70749664760578,186.03811735274303,189.30760192871094,885800
2018-04-11,188.0090156576253,190.36672420331044,187.76956571419058,189.30760192871094,855500
2018-04-12,189.60229703426663,190.9377303256715,188.86552369796811,189.9430694580078,1044500
2018-04-13,189.56541147742593,190.78109838800322,188.6444310091217,189.39962768554688,526000
2018-04-16,191.2324539422142,191.53637929447538,189.31681217990393,190.36672973632812,828600
2018-04-17,192.00602376756098,196.4912086637659,191.41659676958338,195.89256286621094,1233000
2018-04-18,192.25473061641304,192.25473061641304,186.95909132997292,190.01675415039062,1700600
2018-04-19,187.42875518896614,187.53006361619194,178.8452233804787,179.68331909179688,2623900
2018-04-20,179.4346422245768,180.5029830351994,177.10456255755813,177.76766967773438,1729200
2018-04-23,179.07548152534324,179.84910190591597,175.5849569591775,176.2020263671875,808200
2018-04-24,180.53062629292285,181.49765876109808,176.5243549475036,178.71629333496094,1147600
2018-04-25,178.3478944482832,178.51367827026337,175.2810412986668,176.51515197753906,830300
2018-04-26,178.61497108992697,180.4937652388357,178.02554409683324,180.21746826171875,875600
2018-04-27,180.69874354750843,180.85669529683295,177.63258549395215,178.16220092773438,1109600
2018-04-30,176.18314384089132,176.7313460383514,174.33416828592317,175.09605407714844,645900
2018-05-01,175.142523137661,178.1715080890783,174.659367379989,177.8741912841797,484200
2018-05-02,177.66047146363724,178.57102267368703,176.50833531595802,176.85211181640625,509500
2018-05-03,178.87765659401182,180.06695213215124,176.48976506386677,179.0913543701172,1588200
2018-05-04,177.69762409385572,182.38977334334112,177.22376886684572,181.65574645996094,788000
2018-05-07,181.03326110749424,181.69295538605854,180.2527885185758,181.0704345703125,570300
2018-05-08,179.0913432795528,180.60584270375577,178.52456855213796,180.13197326660156,843800
2018-05-09,181.06110501883416,184.05293030641573,180.84740726329824,183.9228515625,518200
2018-05-10,185.20508730821334,186.86823816254548,184.89847005355563,186.82179260253906,414200
2018-05-11,185.7160865925549,186.39435328475014,184.2387465677472,184.71261596679688,405000
2018-05-14,187.14697123123517,189.23753169741633,187.0354792098454,187.630126953125,406800
2018-05-15,186.84034614449317,186.9982978939989,183.63482306653805,185.76254272460938,569700
2018-05-16,186.71959660942898,188.58715906446983,186.58951784406577,188.5035400390625,490900
2018-05-17,189.07031479292965,189.69283561112007,186.9611673616574,188.03897094726562,524400
2018-05-18,186.5616332350653,186.89612351883704,182.74287506930534,183.35610961914062,1002100
2018-05-21,187.98320469515534,188.5128059764492,186.6731167283708,188.15972900390625,1089000
2018-05-22,188.60574555185218,189.2003933609604,187.2677844369782,188.1876220703125,463600
2018-05-23,184.08083406247263,186.01344299316406,183.6441380254763,186.01344299316406,719300
2018-05-24,186.16208940815696,186.83106989934385,184.55468464510656,186.59878540039062,325300
2018-05-25,185.32589968608792,186.98905071896894,184.71266511093825,186.8496856689453,309800
2018-05-29,182.12036152125182,184.5082533436898,180.68020874782195,181.7394256591797,654000
2018-05-30,183.0401676964865,184.57323957217523,182.21323552627828,183.13308715820312,583200
2018-05-31,184.31311495724523,184.7683977168071,181.00538568661145,182.71499633789062,785700
2018-06-01,186.1900009054899,187.90891222410798,184.71267458934005,187.83457946777344,518000
2018-06-04,189.1353278701522,189.6835158842389,188.0017783827916,189.46981811523438,441300
2018-06-05,193.84609030545738,194.9703394900445,192.76828668480263,194.48719787597656,611000
2018-06-06,195.2119206772468,198.65901509229954,194.3664016027915,198.4731903076172,569900
2018-06-07,196.09456417545445,196.35472166326275,191.31879575280234,192.85186767578125,923400
2018-06-08,192.70326559422224,193.52091178345728,190.74278333777875,192.74972534179688,837500
2018-06-11,194.89600263818602,195.82514073764298,194.4035605796756,194.98892211914062,528100
2018-06-12,193.8925028479754,195.2676372377274,192.63817510744994,194.5057373046875,363900
2018-06-13,198.20373367324297,200.238534073524,197.54403942615033,198.60325622558594,998900
2018-06-14,199.84834609808908,201.53008409002385,199.40236370041336,200.59165954589844,710700
2018-06-15,199.7646501275283,200.22921908131326,198.65897374911702,199.597412109375,821300
2018-06-18,194.97032920429123,196.3175765702737,193.77174733211254,196.14105224609375,599700
2018-06-19,189.3211442267871,191.8112413134981,187.48145504928632,191.5696563720703,749300
2018-06-20,191.02150049696195,191.9227655972252,189.9344106103348,190.93788146972656,542300
2018-06-21,192.1829166337666,192.28512238943836,189.09818558739326,189.7671661376953,893400
2018-06-22,192.35940441628026,192.9075923351017,189.63703737101847,191.7461700439453,730900
2018-06-25,187.0912428987153,187.21203538498153,181.91593702821334,182.71499633789062,1060000
2018-06-26,184.6383055302775,185.1679068209385,183.27247152841161,183.9414520263672,1106500
2018-06-27,185.58602772531867,186.18996174943368,180.00189931679668,180.15985107421875,663000
2018-06-28,177.1773403798497,179.93688157483595,176.5733921293939,179.862548828125,887500
2018-06-29,183.98791176213203,185.40019132224194,183.59767550124477,183.9414520263672,894300
2018-07-02,179.899700307806,181.53499230945653,176.35968669222027,181.41419982910156,1963200
2018-07-03,179.73245682555097,181.08899036491022,177.71622906868032,177.9020538330078,434600
2018-07-05,181.81370094184712,182.73355258433543,180.73591173216164,182.10174560546875,540800
2018-07-06,180.4294079195694,183.8207577798766,180.40153489871975,183.33761596679688,380300
2018-07-09,185.80903225127622,186.0320304979637,183.4490277283034,185.0006866455078,1242600
2018-07-10,186.26433105045797,186.4687425831313,184.4803874560097,185.2980194091797,977300
2018-07-11,182.76144598571707,183.49547296208243,179.63025539020293,179.871826171875,842500
2018-07-12,182.854330003137,185.24220688296577,182.36188808145002,185.20504760742188,625100
2018-07-13,186.1249274049655,186.1249274049655,184.49893593606788,185.0749969482422,422900
2018-07-16,185.6975507535917,186.8868464483637,185.2422679573419,185.90196228027344,1153300
2018-07-17,185.65105258333773,190.36178882200076,185.2608163434073,189.86004638671875,1383900
2018-07-18,197.99001590372018,202.99806922962742,197.67411238171988,202.45916748046875,3615000
2018-07-19,200.46153886231355,201.3442171944532,199.43948131298015,200.00625610351562,843000
2018-07-20,201.35350633126833,205.7669119214234,201.35350633126833,204.23382568359375,1371300
2018-07-23,204.0108370214275,205.95273203459834,201.62294556141188,205.1350860595703,930500
2018-07-24,203.90866865349878,204.28960452758454,198.05509535769636,198.55682373046875,918500
2018-07-25,200.4336402769778,203.54625808931857,199.66245407498698,203.45333862304688,2240200
2018-07-26,200.75887239784817,201.47429851393812,199.0492475502214,201.29776000976562,1511000
2018-07-27,201.49287935687647,202.09681342216476,197.37679039718765,198.18515014648438,920600
2018-07-30,201.0933240817378,201.25129001288695,198.47316237812916,199.3000946044922,692600
2018-07-31,199.90405918839912,200.97257652404724,198.7983967438917,198.83555603027344,1162300
2018-08-01,198.84484317133015,200.1084715766364,197.66484797141052,198.75193786621094,802500
2018-08-02,197.59977240966205,200.80529560360654,197.16307642507178,200.5265655517578,613900
2018-08-03,198.89127646899476,199.69962198591858,197.30245844072925,199.5602569580078,456100
2018-08-06,197.89713334517717,198.61255948998675,197.33035852469737,198.43603515625,501000
2018-08-07,199.33726332030616,199.7646730449301,197.878524010382,198.4267120361328,537600
2018-08-08,198.51035194844226,199.17933252325255,197.8042120872636,197.9064178466797,491500
2018-08-09,198.11080531112833,198.26875706967988,194.2177148263226,194.34779357910156,1016800
2018-08-10,190.23174389864414,191.03080324939003,188.28983445184556,189.4419708251953,842500
2018-08-13,190.38969005699389,191.43960646146672,190.00874003622303,190.19456481933594,914400
2018-08-14,192.46163424950615,192.63817272827507,190.40823314345926,191.04005432128906,408800
2018-08-15,187.0076174731074,187.31423472792574,181.9438179853964,183.17027282714844,1281400
2018-08-16,184.22021393730617,185.45596930409988,183.291075842952,183.83926391601562,1250600
2018-08-17,180.94034874016455,183.65343014155206,180.15986200420036,183.38397216796875,730900
2018-08-20,184.74054044156122,185.78117063487048,183.52337173098923,185.35377502441406,538300
2018-08-21,185.65107668526784,187.3235280574651,185.35375987327825,186.28289794921875,699000
2018-08-22,185.95769464221223,186.89611899848924,185.09360303358918,186.58021545410156,385600
2018-08-23,187.52792624286397,187.8902894996308,185.23295422416714,185.4001922607422,374400
2018-08-24,187.3978233887536,188.78222977187858,187.23987164868322,188.59640502929688,301900
2018-08-27,191.55108522948112,194.40353139427052,190.9192640443928,193.8088836669922,546200
2018-08-28,192.9076248502521,193.31644783405036,190.41754184351072,192.0435333251953,437600
2018-08-29,191.01221604648214,192.8612060056627,190.94716957299542,192.1643524169922,401500
2018-08-30,190.8264014124142,192.1922356530877,190.22245309691615,190.65914916992188,352800
2018-08-31,189.82292179678768,191.08655021404692,189.26543325070878,190.519775390625,388400
2018-09-04,184.9448989012558,185.7346575972357,183.34678060436607,185.34442138671875,693000
2018-09-05,183.78349312562125,184.10868290829785,180.43859076581424,181.29339599609375,633900
2018-09-06,177.98567309289163,178.51528855834349,170.43177661263476,171.37950134277344,2100300
2018-09-07,168.35983996530268,171.36095239872296,167.50503451772727,168.05322265625,889600
2018-09-10,174.33419377505047,174.40852652756604,171.50031961205752,172.51307678222656,1003600
2018-09-11,169.5305783066627,170.82207996018695,168.43418775425047,170.37608337402344,610500
2018-09-12,164.81052408044786,164.90342938583174,160.45286403405532,162.9429473876953,3094700
2018-09-13,169.3911646977937,171.54677189443424,168.3133610994734,169.10313415527344,2444700
2018-09-14,170.44110198713207,171.89984148877573,169.35401206899024,171.28662109375,1095400
2018-09-17,171.0078539739254,171.9276915323524,169.79997172261056,170.11587524414062,574900
2018-09-18,171.62110674541123,174.31560159668675,171.62110674541123,173.34930419921875,687000
2018-09-19,173.45149746761325,175.86726225105716,173.07984789055538,175.653564453125,1053800
2018-09-20,177.64189480522293,178.4502403207571,176.38755284609968,177.92063903808594,561200
2018-09-21,176.01590733821172,176.62914182900337,174.6407870495597,175.0774688720703,1116700
2018-09-24,177.2423596154964,178.00425958001603,176.01590482891848,177.9020538330078,509400
2018-09-25,178.50599665062066,178.7197086087646,175.75575597710957,176.73135375976562,515600
2018-09-26,173.5629734727613,177.74409428575734,173.3678482633793,175.42124938964844,701000
2018-09-27,174.7801627715649,176.3875676616415,174.43638622275364,175.3655242919922,298700
2018-09-28,172.3829744464613,174.92881770641378,172.31794215785132,174.696533203125,609800
2018-10-01,177.34462398577617,178.87771069767868,176.08099532211352,176.61061096191406,513900
2018-10-02,174.92882044184765,178.71040484221214,174.92882044184765,176.6848907470703,421000
2018-10-03,177.70692781024206,178.71039854609063,176.48047302921873,178.21795654296875,826600
2018-10-04,177.40963571642342,177.53971448672024,171.79763350642293,174.17623901367188,610400
2018-10-05,172.72674760576263,173.73021834170154,168.72216511557053,170.76626586914062,691200
2018-10-08,168.17399429559117,169.92077844165632,166.95682566605424,168.80580139160156,603900
2018-10-09,167.87664684012273,170.9242325199079,167.60720305854431,169.9857940673828,596000
2018-10-10,162.23679511636172,164.0114521905154,159.67237920797942,159.73741149902344,1515900
2018-10-11,163.61191297979872,167.41208413568094,157.57251575970886,159.60733032226562,1665300
2018-10-12,163.02659676025567,163.8442287453201,159.20783814547423,161.93020629882812,906100
2018-10-15,161.13114863618614,162.7106807768878,160.58296048822612,161.0661163330078,672600
2018-10-16,165.7396390614372,169.32611226709096,165.1821505968715,168.84295654296875,823600
2018-10-17,174.28771765078307,175.83937649770326,170.32029419550136,171.8998260498047,1709500
2018-10-18,169.45620077258022,169.84643704923042,163.38893048765922,163.93711853027344,847700
2018-10-19,163.70483458363046,165.60957041332406,161.40057619939034,163.3052978515625,740400
2018-10-22,163.955677105175,164.47599205135631,161.9115624201498,163.8348846435547,518600
2018-10-23,155.6584860364606,162.06024620836692,155.40761480992873,160.6944122314453,1260800
2018-10-24,155.44480573027494,155.81645529631274,146.75735889330014,146.95248413085938,1942800
2018-10-25,153.4471314915556,158.22290013435838,152.0905979822396,157.0614776611328,1067700
2018-10-26,152.7503007119861,157.17300722102058,150.76194570938137,154.4320526123047,876000
2018-10-29,156.57832749975458,157.67470344890938,149.01514533759712,151.7932586669922,745500
2018-10-30,154.32986676033028,157.40531205487432,153.9210436678487,156.7827911376953,1307500
2018-10-31,158.8454374569221,160.8244917404949,157.9348720163368,160.14622497558594,731400
2018-11-01,158.91045318295377,163.58401566458156,157.6282383499559,163.2681121826172,1352600
2018-11-02,165.45165224917844,166.01841296189102,160.5736765172706,162.58990478515625,948400
2018-11-05,160.26698709445725,161.20541118534732,157.6839850984266,160.6107635498047,567400
2018-11-06,161.95805781423113,165.07996235630563,161.71648701531373,164.85696411132812,1493800
2018-11-07,165.62814406997873,165.86972903714806,163.61191619814468,164.84767150878906,1039400
2018-11-08,162.90580838233112,164.79195786446687,161.85587764036984,162.58990478515625,1891400
2018-11-09,160.32278141230373,163.3982262438086,159.57946809948,163.06373596191406,1748000
2018-11-12,158.0742683507965,158.2136333937834,155.21252132211427,157.0243377685547,2888200
2018-11-13,157.79548114774272,161.3819537790445,157.4795776845885,158.78036499023438,1433100
2018-11-14,161.28909542334299,162.20894733776876,159.83964211153776,160.4900360107422,1166700
2018-11-15,157.4517442374673,164.2716142971262,156.98717520052833,164.26231384277344,2028800
2018-11-16,158.03707316285212,158.91975139464884,155.99297247408077,157.01502990722656,3096800
2018-11-19,156.3274828015656,156.59692660810643,151.8118711413556,151.99769592285156,1476500
2018-11-20,145.911847110297,151.53313568674568,145.48445150577024,149.89785766601562,2125600
2018-11-21,152.65737668169268,154.70147745216303,152.2857129740939,152.29501342773438,1074000
2018-11-23,150.63187864908133,152.87110508695713,150.63187864908133,152.06275939941406,742800
2018-11-26,153.43784725547545,155.77927896233086,152.64807429217464,155.56556701660156,1056800
2018-11-27,154.91517585358352,156.25313685134293,153.89313255294903,155.5469970703125,544300
2018-11-28,158.2136581389856,162.0602898797951,155.86293952946448,161.9580841064453,613300
2018-11-29,160.30419279528772,160.9731733512088,158.8454533730168,159.3657684326172,1079700
2018-11-30,156.98718513700877,159.30073001378634,156.42969658638708,159.20782470703125,1360900
2018-12-03,161.53995108554412,165.57240704823295,160.86168424035066,165.0706787109375,2413300
2018-12-04,163.1473569429103,163.81633751471546,157.37741723299402,157.61898803710938,1625300
2018-12-06,152.87108049329967,154.70148356517947,150.76193317408644,154.56211853027344,1097300
2018-12-07,153.16842442505853,154.16259483901817,147.64004128087734,148.22540283203125,1412200
2018-12-10,150.0743584466535,151.5238113106429,147.55638848496568,149.97215270996094,915800
2018-12-11,152.21141917542352,153.16843033972805,149.08951441125316,150.02793884277344,1475500
2018-12-12,154.5621069564147,155.48194447295833,153.0661942578471,153.51217651367188,917700
2018-12-13,153.3263861515619,153.87457427414893,152.10921740640225,152.4622802734375,698200
2018-12-14,150.90134063748158,152.54590506734502,149.4240142808148,149.61912536621094,692500
2018-12-17,149.59126940768726,152.56450919394985,148.30905399024175,149.21961975097656,686500
2018-12-18,151.6167394574986,153.05690626350906,150.306665588277,151.05926513671875,710200
2018-12-19,148.61562968828423,151.43091687260127,142.4740265517414,142.97576904296875,1580600
2018-12-20,145.14066450577926,145.65167910350453,140.9409564494598,141.8607940673828,2719400
2018-12-21,141.01528715258777,141.77717298848606,137.51243270123535,137.9305419921875,1805700
2018-12-24,138.57164325206867,139.8259852456993,134.54847393820745,134.7342987060547,321500
2018-12-26,136.10942065895154,142.16738976316472,134.26043107177227,142.08377075195312,634500
2018-12-27,139.22204954546208,143.4682174690168,138.97119246619872,143.4496307373047,725800
2018-12-28,146.3764223216524,146.51580155486423,143.79341932105586,144.10003662109375,676500
2018-12-31,144.9827045669408,145.90255640051436,143.0408093180302,144.59246826171875,356500
2019-01-02,143.34744105641735,146.10698265799118,142.9386179780325,145.22430419921875,602500
2019-01-03,140.47637122197344,141.43338219189363,136.93635784309112,137.215087890625,1078600
2019-01-04,139.97463354832647,143.97923022369235,139.4078588031719,143.1522979736328,589500
2019-01-07,145.41010971533385,147.9745257156708,144.77830262529568,146.42286682128906,971900
2019-01-08,147.26838487617195,147.5192561261088,144.52743039063716,145.34506225585938,531700
2019-01-09,150.4274582389854,152.0348774187863,149.5633665794879,151.37518310546875,779900
2019-01-10,149.86067388011338,151.49596596574347,149.135947315808,151.08714294433594,1028100
2019-01-11,150.05579991717948,151.7932835899398,149.47043838998346,150.53895568847656,639600
2019-01-14,148.75498839777813,148.98727288048704,147.04536383012578,147.4449005126953,680200
2019-01-15,147.65862473165848,149.48902791766577,147.0639769164469,147.9466552734375,482700
2019-01-16,147.89088150881005,148.09529298608018,146.05119239089836,146.1348114013672,537600
2019-01-17,144.74112592607145,147.3891750694243,144.2208108806108,146.37640380859375,953000
2019-01-18,147.90022099060022,152.38796047462571,147.60290412057947,151.17079162597656,1664700
2019-01-22,149.49832806922495,149.59124755859375,146.77595999650657,148.19754028320312,968500
2019-01-23,151.75612981075636,152.425110386817,149.27533274849915,150.63186645507812,1458900
2019-01-24,155.65852741527348,157.52609016419373,155.4355291349075,156.9314422607422,1385700
2019-01-25,160.9359869888521,164.30874803184753,160.39708528849985,164.14151000976562,1352900
2019-01-28,159.5701752610974,162.99868278763796,159.10560623187536,161.80938720703125,2261100
2019-01-29,162.0788646186767,162.3947681938233,160.11838251317243,162.23681640625,966800
2019-01-30,162.73852262014142,165.00562171429652,161.4284487539471,164.63397216796875,687600
2019-01-31,162.32974308131702,164.0021805190916,161.91161954434938,162.62705993652344,562100
2019-02-01,164.2623189811503,165.97194386548202,163.69554417125426,165.7675323486328,795000
2019-02-04,165.78606817462534,166.98466400129712,165.25646694558742,166.83599853515625,543000
2019-02-05,167.06833214920178,169.22393950971494,166.83604760660458,168.74078369140625,650800
2019-02-06,171.00783807585927,173.79525185320816,170.97996507228734,173.61871337890625,1554900
2019-02-07,170.55257840475264,170.9706876922758,167.53287973844323,168.26690673828125,1474500
2019-02-08,165.4887741395568,168.7035979429948,165.23790290319226,168.23902893066406,633100
2019-02-11,166.70595432736766,167.14265036366214,165.45162641297634,165.86973571777344,653300
2019-02-12,167.54216988368054,170.27382367692954,167.54216988368054,169.83712768554688,901600
2019-02-13,169.67915902107714,170.58972437228562,169.18671706752446,169.39112854003906,653800
2019-02-14,170.19948818872697,171.76973364164687,169.71634664745966,171.26800537109375,1060100
2019-02-15,171.9741563037958,171.98345675780314,170.4968302238077,171.30517578125,824400
2019-02-19,168.11826931125213,170.58978034254127,168.10896885557412,169.5305633544922,900500
2019-02-20,168.98236337901855,171.21230361148002,168.92661735427373,170.8220672607422,600400
2019-02-21,168.92663086676762,170.3017515713912,168.304109911448,169.59561157226562,712700
2019-02-22,171.24947395131497,172.01137414538363,170.3203356722215,171.7883758544922,495600
2019-02-25,174.49208606285612,174.92878197403763,173.0890788759682,173.73948669433594,737200
2019-02-26,172.17857688117252,173.2563804662478,171.60251580321116,172.22503662109375,660600
2019-02-27,172.01134507102068,172.01134507102068,169.35400947487074,171.07290649414062,387900
2019-02-28,170.32962255773586,170.8313509503605,169.6327689039371,169.9114990234375,318500
2019-03-01,171.34235824895447,172.14141757191382,170.18093563869508,171.9927520751953,389800
2019-03-04,172.22503991235536,173.49795458089454,170.55258848588488,172.5037841796875,558300
2019-03-05,171.56537999771814,172.61531080479787,171.10081085158023,171.45388793945312,258700
2019-03-06,171.24015543349938,171.31448818313544,168.21115614030037,168.32266235351562,499300
2019-03-07,167.36563303051443,167.38420558276093,164.3923800786612,164.94058227539062,648300
2019-03-08,163.4911001151562,166.28779990196293,163.12873692565287,166.16700744628906,415700
2019-03-11,165.7024693487142,169.1960373409379,165.67459634260783,168.25759887695312,609900
2019-03-12,169.10314050485013,170.52472071665062,167.99746385622248,169.57699584960938,509000
2019-03-13,170.72916142449697,170.95215971883803,169.4655327782813,169.59561157226562,418500
2019-03-14,170.26453749567207,171.22154849582535,169.7813817688162,170.30169677734375,524100
2019-03-15,174.34348268819608,179.28650447378544,174.31560967777173,179.14712524414062,1445100
2019-03-18,177.0286688827179,177.86488744419367,175.96016581221875,177.13087463378906,589500
2019-03-19,178.01356018162764,178.90553897071,175.9694592544862,177.28883361816406,683400
2019-03-20,176.9915096728828,179.0356105176334,175.04031412526737,177.59544372558594,584100
2019-03-21,176.48974805667908,181.60930715617184,176.48046178122888,180.58724975585938,770100
2019-03-22,177.79986782742046,178.29230988744928,174.16693444473646,174.4456787109375,937000
2019-03-25,173.12631225585938,174.62222523638184,172.05779488261592,173.12631225585938,1028700
2019-03-26,172.99619105064676,174.6314686808111,172.88469903740267,174.0182342529297,414800
2019-03-27,173.869611558735,174.64079785806146,170.12518627120656,171.01715087890625,786700
2019-03-28,170.58977292145582,171.86268767186576,169.81858654249578,171.14724731445312,312100
2019-03-29,173.07981759739178,175.06817225943857,172.35509112470783,174.72439575195312,687400
2019-04-01,177.688392852832,179.32367096602297,177.24239631307873,178.84051513671875,647500
2019-04-02,180.2341894737063,180.42001424253596,178.72899041540876,180.10411071777344,498300
2019-04-03,183.18886615985616,184.61044627955275,182.6499643753764,183.72776794433594,691700
2019-04-04,184.2016409735781,184.9170813294115,183.43974087405,184.3224334716797,437500
2019-04-05,186.35722428368004,187.42572736323356,186.29217781539205,187.11911010742188,503300
2019-04-08,187.68589232134187,189.24683749187318,187.3421157682534,189.13534545898438,503600
2019-04-09,187.77881902068137,188.62432393180188,186.8218078948626,187.286376953125,708300
2019-04-10,185.91122104518513,186.49658252837648,184.51751402998354,185.63247680664062,611600
2019-04-11,183.7092036633783,185.13078395679952,183.30966687023079,183.8857421875,453300
2019-04-12,187.5279174743246,188.50351517462414,186.45011403061235,188.44776916503906,430900
2019-04-15,187.01694695216534,187.43505633167862,184.90779914225547,185.67898559570312,389400
2019-04-16,187.1098558321786,189.97160319834262,186.83111153581072,189.1911163330078,755200
2019-04-17,193.61381677671832,194.09695841823805,186.36653620116516,188.9495391845703,1280500
2019-04-18,191.44891116628,192.35946254801345,190.08307700491858,191.31883239746094,1007900
2019-04-22,190.1202113092432,191.28163379877287,189.29327906379888,190.9471435546875,357500
2019-04-23,189.64637593525663,191.50465211347577,189.5720431868252,190.7427520751953,438200
2019-04-24,190.99362835168665,193.0841891071605,190.65913806370995,190.85426330566406,485700
2019-04-25,192.20151406932698,192.6196233921711,189.56276518368762,191.5975799560547,756700
2019-04-26,192.58082099748307,194.827455720048,190.9921937440505,194.77105712890625,637900
2019-04-29,193.55840457774153,194.82741564788176,192.75938645161003,194.02841186523438,365800
2019-04-30,194.24468999042202,196.4725208468712,193.91567901833062,196.29393005371094,337500
2019-05-01,197.32786343304986,198.2208744358114,193.990808728903,194.00961303710938,391200
2019-05-02,194.15064958934082,195.03426579224134,191.8476162086137,193.57723999023438,405500
2019-05-03,194.36689013287213,196.1717170683447,193.84987905522624,196.1623077392578,345200
2019-05-06,190.10857212781468,193.2106090657128,188.9899523749488,192.86280822753906,413200
2019-05-07,190.82301279916547,190.82301279916547,186.50834811969048,188.65158081054688,623100
2019-05-08,189.59156570995106,191.35879792255577,188.8489460701923,189.34715270996094,573400
2019-05-09,186.48013351092186,187.94655424810816,183.05848034299152,187.0535430908203,688000
2019-05-10,186.22632857934425,188.00295593923047,183.7070815111452,186.81854248046875,780200
2019-05-13,181.79888518806357,182.34409557906915,178.52763718551992,179.01644897460938,994000
2019-05-14,183.6224703491437,187.03472834268084,183.04906080124195,186.16050720214844,1036700
2019-05-15,183.43446794309688,189.97697656476254,183.26527218200812,188.59515380859375,711300
2019-05-16,188.51052773818193,191.4527781223245,188.0593247316008,190.01455688476562,708600
2019-05-17,189.75137936840585,192.19542347331338,188.70796241468975,189.13096618652344,700300
2019-05-20,182.2406191387363,183.55664813591406,177.54054631342422,179.05397033691406,1287300
2019-05-21,182.83287975680443,183.4532929711669,181.4980604535774,182.12786865234375,736600
2019-05-22,179.9940425305791,182.2124781881412,179.9940425305791,180.04104614257812,505300
2019-05-23,178.1986038927357,179.97523120497428,177.47478851560535,179.18560791015625,835500
2019-05-24,180.45459425595686,181.1032065902165,178.29255792291934,178.41476440429688,432200
2019-05-28,181.06561560086794,181.78003590802163,179.4393942877423,179.5334014892578,665700
2019-05-29,177.24916076660156,178.67798705607808,175.6887329993762,177.24916076660156,1154100
2019-05-30,177.80375841198105,179.77779483778988,177.48415688581687,178.49937438964844,465300
2019-05-31,177.3055610307879,178.49938366820388,176.42194495318014,176.76976013183594,777300
2019-06-03,177.2679450285072,178.4617675196018,175.13410799023214,175.763916015625,527300
2019-06-04,177.63460527020405,179.1292254217508,176.82619193493866,179.0352325439453,922600
2019-06-05,180.32300023288192,180.6802103664263,177.4841521594409,178.03875732421875,356400
2019-06-06,179.23262284756987,181.51686630399203,178.80961905000657,181.19725036621094,399300
2019-06-07,183.89507823130737,186.55532152286327,183.265270110785,184.82568359375,482300
2019-06-10,184.49668949401226,187.4671250499352,184.39328730309973,186.3673095703125,755900
2019-06-11,190.22139791579733,190.50340522807372,187.11934616773237,188.0969696044922,520400
2019-06-12,187.5799385386621,187.5799385386621,184.92909016749806,185.01370239257812,464500
2019-06-13,185.89731286026478,186.25452305722493,185.1923017937299,186.05711364746094,268300
2019-06-14,180.05985506219434,181.5544752949732,179.07283655891985,180.5016632080078,482300
2019-06-17,180.4828243275178,180.88702376796127,178.17038182968756,178.26438903808594,476400
2019-06-18,178.1233700385052,184.0548598136322,178.1233700385052,183.03964233398438,1358900
2019-06-19,184.68469150617594,186.32971725121448,183.60368032540225,185.01370239257812,358200
2019-06-20,190.9264035794924,191.39641097205245,188.46356943239354,189.56338500976562,431100
2019-06-21,189.22493399593932,190.634955837424,188.38832161039778,190.13674926757812,562900
2019-06-24,191.18959976788284,191.63140784864544,189.77018265652038,190.63499450683594,476800
2019-06-25,190.63498945477693,190.9075874144021,186.23571307494677,187.10052490234375,535400
2019-06-26,192.12962341308594,192.6748337155088,190.89820632635823,192.12962341308594,784500
2019-06-27,192.41161149533963,193.2012204019592,191.84759693719076,192.69361877441406,345100
2019-06-28,196.71690615532785,197.1869135671383,195.1658730902606,195.457275390625,405000
2019-07-01,203.01501181450615,203.59781644167347,200.19496721571429,202.0749969482422,634200
2019-07-02,201.65197535538533,202.35698644295016,200.56155476418144,201.55796813964844,572400
2019-07-03,201.00332641601562,201.90573241213076,200.58971769134425,201.00332641601562,297100
2019-07-05,196.96125594540294,197.76027408450025,194.76162524667876,197.16806030273438,428600
2019-07-08,196.05891613120374,196.94251809567348,194.41389004317057,195.55130004882812,425300
2019-07-09,193.53960375162993,194.87442275090342,192.9849985848478,194.21641540527344,530000
2019-07-10,195.05302927881033,196.7544534079234,194.55482268885405,195.63583374023438,986500
2019-07-11,197.0365125501781,197.16811405494963,194.86508054970386,196.2187042236328,269600
2019-07-12,195.5606440044356,196.51946297601376,194.94024522845956,195.69224548339844,427400
2019-07-15,195.82390288422445,196.6417112240289,193.69006513187963,194.3574676513672,681300
2019-07-16,193.0790336287921,194.51725512118782,192.10142455073074,192.70303344726562,639200
2019-07-17,204.594187023447,206.40842279369937,202.3005632790208,204.6129913330078,2050400
2019-07-18,208.39188636262747,213.37396774437772,208.27908917488955,213.05435180664062,1750500
2019-07-19,209.80190099343687,211.4375175304174,209.72669808983622,210.2061004638672,790500
2019-07-22,211.77590152749778,214.43614480041978,211.77590152749778,214.07894897460938,787500
2019-07-23,217.0212167508065,217.45362987883695,215.56420525562183,216.40081787109375,831100
2019-07-24,216.38198415912467,220.4334451850521,216.2127740560203,220.01983642578125,786500
2019-07-25,218.79782867599394,218.9952380851962,215.9401901389045,216.25039672851562,521700
2019-07-26,218.29019580824456,218.4688008806784,216.9835760625521,217.00238037109375,399700
2019-07-29,216.77681321507507,217.3878170965902,215.62999401364164,217.11521911621094,325900
2019-07-30,214.00381731781872,215.64884355994255,213.69361064808507,214.6430206298828,462000
2019-07-31,213.4397496293575,213.72175692674023,207.94067187608545,209.44468688964844,519500
2019-08-01,212.4245364092781,216.17520055292096,206.03243302330878,208.15687561035156,834200
2019-08-02,209.19088762172237,209.19088762172237,205.10183184115215,206.71865844726562,555700
2019-08-05,203.40042830848898,203.43802259329033,197.68513600492017,199.40536499023438,693900
2019-08-06,202.6483529816819,203.55075898221867,199.8001098378572,201.99974060058594,481400
2019-08-07,200.7589478612307,203.26878540773197,199.65911803175993,202.76116943359375,428700
2019-08-08,203.8891855155738,207.32024782417054,203.6729861477565,206.83143615722656,627600
2019-08-09,203.8233918752128,204.3215985254631,200.42993818863877,203.03378295898438,415100
2019-08-12,203.09019576483982,203.61660174584503,200.8811552979567,201.58616638183594,292000
2019-08-13,199.95990277005467,207.55522230393927,198.70968165640508,206.0511932373047,587600
2019-08-14,198.17392695344208,199.51814123211065,194.64887145464152,196.19989013671875,914100
2019-08-15,196.78268793863037,198.6533224891603,195.1282671118841,197.27149963378906,671500
2019-08-16,196.73567362364145,200.53334110908034,196.54767354911658,200.08213806152344,574500
2019-08-19,203.81397586642686,204.38737101227395,202.2253488708936,202.7517547607422,329200
2019-08-20,202.70474806314024,203.24995825314613,201.238327579979,201.81173706054688,275200
2019-08-21,205.4966386989312,205.4966386989312,203.52260185562648,204.01141357421875,298100
2019-08-22,203.33458302798078,203.83278968513946,200.84354974218738,202.34756469726562,376100
2019-08-23,200.8153432270251,203.5131808029501,197.0270851660241,197.8730926513672,591500
2019-08-26,201.03152581013865,201.57673600716862,199.57450029056537,201.1537322998047,296800
2019-08-27,202.39458255080615,202.73298844963261,200.3171578930419,201.22897338867188,359700
2019-08-28,200.39233697687092,202.986786859669,199.61213735875438,202.8081817626953,317500
2019-08-29,206.85025543657855,208.56107487945823,206.36144373426126,206.55885314941406,370300
2019-08-30,209.87709652490668,210.57269825767634,206.91604146652594,209.25668334960938,357600
2019-09-03,207.41426685106669,208.28848810305126,205.76924089579902,206.8220672607422,598700
2019-09-04,211.25890994020574,213.80634175810027,210.7324896569401,213.63714599609375,432700
2019-09-05,222.1725012628607,223.75171922453967,221.56148304351862,222.86810302734375,982300
2019-09-06,223.90206188674634,225.70688805257748,222.94324305557615,224.24986267089844,872100
2019-09-09,224.73874170931776,227.784394846712,224.56013660108493,226.85377502441406,536700
2019-09-10,225.66932500256206,227.17333984375,223.82688996851158,227.17333984375,735500
2019-09-11,227.1827560497093,230.5292205810547,226.76916161159784,230.5292205810547,782500
2019-09-12,230.39761278491125,233.32105912738908,229.92760542659317,232.02383422851562,828000
2019-09-13,235.34209111788053,236.15989935259094,233.47145661973562,234.0542755126953,934000
2019-09-16,231.31880302905773,232.4938213224371,230.6701906361547,231.44100952148438,398900
2019-09-17,230.9239981096712,233.51843333224784,230.49158506749924,233.21763610839844,730000
2019-09-18,233.7910559294135,235.5112701609174,231.81701937621614,234.80625915527344,519400
2019-09-19,235.40789510771282,236.98712740100075,234.6182861328125,234.6182861328125,394700
2019-09-20,235.66172585983642,235.83093599563895,229.99343732150354,231.04624938964844,819500
2019-09-23,231.42224728425296,234.29869029441394,231.09323636489987,233.5748748779297,296100
2019-09-24,233.81922363918102,234.94723822714838,230.43516553179518,231.6101837158203,605600
2019-09-25,228.11330710833997,233.1517851837335,226.7032854194442,232.68177795410156,518300
2019-09-26,234.5900659826501,234.66526887978685,231.68542400523654,233.16123962402344,615100
2019-09-27,232.2494690537409,233.17067956351033,226.84438382497584,229.0910186767578,564500
2019-09-30,230.2848251381473,234.44909822315353,230.13443366894455,233.5184783935547,495000
2019-10-01,234.2234817834143,235.1634965665127,230.00281024364696,230.67022705078125,655300
2019-10-02,228.88420316976993,228.91240246559533,223.99611485555437,225.8761444091797,710100
2019-10-03,226.45898872206186,230.19084895202036,224.2311436975887,229.69264221191406,531000
2019-10-04,229.80540380456975,231.58203108300808,229.53279149860268,231.28121948242188,518000
2019-10-07,232.56905045081803,234.46786989981794,232.35283673313566,232.5784454345703,515900
2019-10-08,229.41060709669554,230.86763285641283,227.022961552607,227.55877685546875,576700
2019-10-09,230.83003495452928,233.07666978161348,230.15322314236695,231.49745178222656,431300
2019-10-10,234.19524152491226,238.98932181758886,233.48083557836782,236.40428161621094,835700
2019-10-11,242.8998249135213,246.71628280603505,242.2794116869139,244.4038543701172,1034300
2019-10-14,244.23461626012818,246.28384133752925,243.54839522985532,245.94544982910156,731800
2019-10-15,247.6375406349888,253.2306410602938,247.2333410915075,251.49160766601562,1265400
2019-10-16,244.64821329226186,245.06182201851686,238.3219045953353,239.2055206298828,1720200
2019-10-17,240.8223595518271,241.74358425171846,238.06810912212822,238.53811645507812,1543900
2019-10-18,238.75433938127676,239.98575634623114,237.19391153314993,239.15853881835938,1640900
2019-10-21,242.31699587845452,245.34384445561577,241.67779274712183,244.8080291748047,790400
2019-10-22,243.28518920138575,244.65760255763826,239.76954359123013,239.97633361816406,797300
2019-10-23,239.56273898822914,242.47679013695378,238.37831135089004,242.2041778564453,917100
2019-10-24,245.1558098709774,249.5551002463043,245.01481341051164,249.07568359375,642300
2019-10-25,246.70683243812945,248.82186519548333,246.17101725472756,248.15443420410156,550500
2019-10-28,251.35056353615093,252.26235032506517,249.93113205126937,250.52334594726562,683000
2019-10-29,252.75113619114336,253.10834633747203,248.38945457466443,248.72787475585938,501900
2019-10-30,247.37424707920806,250.0626750817731,245.41900063464334,249.71487426757812,494700
2019-10-31,249.38588199991096,249.38588199991096,245.64464195011425,246.25564575195312,630600
2019-11-01,251.1813173868614,254.59357530289395,250.1943134367402,254.36798095703125,617600
2019-11-04,257.3607617957252,259.62658807479636,256.8698130807045,257.9083251953125,664600
2019-11-05,256.62439964300944,258.61643006575315,255.85023335057198,256.6054992675781,382700
2019-11-06,254.48119227714804,255.02878436488328,252.83847363701796,253.7164764404297,909500
2019-11-07,254.0375514944948,255.63307737400595,252.26267373156503,252.6875,560900
2019-11-08,250.93149579540875,253.20677253405,249.8929835561776,252.34764099121094,743400
2019-11-11,251.27132148745588,252.53640756046582,250.30835326184808,251.80946350097656,451700
2019-11-12,253.20680399242733,254.10367877426765,251.70566454421362,252.63088989257812,336100
2019-11-13,253.0462857662362,255.36875602538348,252.36653485971135,254.8306427001953,422800
2019-11-14,253.63155882610118,255.3403714547531,253.1595105019091,254.6511993408203,539200
2019-11-15,258.9751897764655,260.11753883226265,258.2859887433065,259.5982971191406,667900
2019-11-18,257.8045264568127,260.78787587586714,256.614955239743,258.1821594238281,430700
2019-11-19,257.69117354705935,257.9649408114931,255.28370997635653,256.3694152832031,465200
2019-11-20,256.133442674383,256.79432193928676,252.0738380801087,253.83929443359375,408800
2019-11-21,254.3868844374137,254.44352793829722,251.68675271192976,252.10215759277344,652100
2019-11-22,254.78341110291043,255.1233009493196,250.006283369273,251.33746337890625,616000
2019-11-25,253.35781356195025,256.55831567162926,253.14068972864806,255.99185180664062,409800
2019-11-26,258.4181629953382,258.53144999524216,256.0484709383439,256.2939453125,445600
2019-11-27,256.03902932807375,256.46385554413985,254.98161685226225,256.3033752441406,383300
2019-11-29,258.1443800288877,258.1443800288877,255.31208964074094,255.49147033691406,267600
2019-12-02,255.0099210435411,255.10433646668145,249.1659895446643,250.74261474609375,764600
2019-12-03,248.42964441059027,250.1856506193568,246.51310025808073,250.0345916748047,929800
2019-12-04,253.92424026547783,255.29319200456044,253.15010286855457,254.67953491210938,447100
2019-12-05,257.5589842683006,259.7964885407477,256.22780464043717,258.5314025878906,639200
2019-12-06,265.1023991232895,266.20700517807154,263.0254032213832,264.4320983886719,724600
2019-12-09,266.34858840900307,266.707349807973,261.9207720488601,262.0057373046875,427200
2019-12-10,262.3550351517194,264.61141119120003,261.7319278976065,263.5068054199219,380000
2019-12-11,262.87427728737566,268.4633134007783,262.87427728737566,268.1612243652344,465600
2019-12-12,265.9520672539424,271.22011446670797,265.57440550292415,271.1823425292969,856800
2019-12-13,272.400217617369,275.51572517894823,271.05958763653183,273.6842041015625,723000
2019-12-16,274.94926112847986,277.51720501368607,274.94926112847986,276.59197998046875,552800
2019-12-17,280.37780231087254,280.481639101285,276.6769311773339,278.357421875,401100
2019-12-18,278.34799233550876,279.13160866045655,275.5912463540522,275.8272705078125,478500
2019-12-19,274.40171127756736,275.51573851420545,272.97614479431036,275.5063171386719,410100
2019-12-20,276.3842999017604,277.90428170959535,275.9688950623987,277.1773376464844,824600
2019-12-23,278.98057263686127,280.7932509635611,278.9333793268535,279.5848083496094,424900
2019-12-24,277.55492976894857,278.6878571301111,275.0153077970998,278.4423828125,219500
2019-12-26,278.5463367687619,279.9719033900978,277.7816206414453,279.7736511230469,191300
2019-12-27,280.8215688180325,281.81285880680565,279.5942258478603,280.0851745605469,317000
2019-12-30,279.84916042234545,280.1135063495971,277.2339940872194,278.4046936035156,338900
2019-12-31,278.48967127581284,279.9152377845935,276.96021033038903,279.39599609375,298900
2020-01-02,284.4280595458808,286.36347545641115,283.8049521413845,285.9008483886719,573600
2020-01-03,281.37860538742206,283.9370995304216,281.01984401008815,281.29364013671875,410800
2020-01-06,276.7808133355841,279.18824814476415,276.0821622586339,279.0560607910156,617600
2020-01-07,281.97341342948545,284.38084882594484,280.78384220172734,282.0867004394531,477700
2020-01-08,283.8521781721046,286.24074218304384,283.17242724982077,285.013427734375,536900
2020-01-09,286.3256996906243,286.92048533295434,283.483958871292,284.53192138671875,579700
2020-01-10,283.276208276961,283.7105135108877,279.0372232393347,279.62255859375,447700
2020-01-13,281.98279513027643,284.7584417301392,280.8687679402757,284.59796142578125,405700
2020-01-14,282.42649091036265,288.79914293289494,281.7845121398998,285.63641357421875,609600
2020-01-15,284.7396417297308,286.01417835595373,282.9930566353921,283.3045959472656,505300
2020-01-16,285.6364193680365,286.0046308774582,282.80412952279454,284.24859619140625,547500
2020-01-17,284.07872461330857,284.2203333726219,282.5398422018249,283.2668151855469,743900
2020-01-21,281.44467920646645,284.4091569457508,280.8404722450843,281.7184753417969,573000
2020-01-22,283.7576833573261,284.7961954219652,279.4620551768486,279.6886291503906,1108600
2020-01-23,280.3306867556093,280.4911959063521,275.2608909915985,277.8666076660156,713000
2020-01-24,280.2929445209163,282.59651446714037,278.02708889510063,279.29217529296875,977800
2020-01-27,271.1068205763857,272.48519373562505,267.9063188305831,268.3878173828125,889100
2020-01-28,270.2288125650722,274.03352116643583,269.2186221672758,273.9579772949219,1636100
2020-01-29,279.51871466636294,281.6146104761981,277.2906314900349,279.5848083496094,965500
2020-01-30,274.5338233169797,278.2252440088858,274.29779919712536,277.9231262207031,794100
2020-01-31,271.89991330554864,272.1359375358486,264.5076470896367,264.9702453613281,1272600
2020-02-03,267.77417654149184,272.70236292641573,267.481508842189,272.0509338378906,823200
2020-02-04,278.423600479528,282.5304274654189,277.7816215478548,282.5021057128906,795300
2020-02-05,290.1681583011803,290.1681583011803,286.1085247594374,289.19573974609375,1042000
2020-02-06,290.3381432121028,292.3018522541306,289.4790115026052,292.2452087402344,698000
2020-02-07,287.6379860965579,288.5443109616207,286.2501626415173,287.92120361328125,1775900
2020-02-10,287.0431385235744,292.38672874054004,287.0053665923174,292.3678283691406,373000
2020-02-11,295.53996545213465,298.58937859450765,295.51164371064795,298.34393310546875,789900
2020-02-12,297.9852788863867,299.9489875618234,297.62651749098285,299.694091796875,656100
2020-02-13,297.3432983596486,300.572093277653,296.4652664398318,299.51470947265625,742200
2020-02-14,299.6279270720705,301.37451150788775,296.9278246820234,298.61773681640625,661400
2020-02-18,290.21538268586136,292.8682926826268,289.733912856413,291.8958740234375,757100
2020-02-19,293.7556678781741,299.8734245630095,293.61405914250406,299.6468505859375,1093900
2020-02-20,298.19290781876674,298.8820798764558,293.08534191045436,295.9459533691406,1118400
2020-02-21,292.85883373758617,293.453590509433,287.6946231798859,288.89361572265625,1134600
2020-02-24,272.8911739813803,278.7257142190222,272.15477961509225,274.16571044921875,1347400
2020-02-25,279.0277412046095,279.38650252579816,268.53884171044234,268.6804504394531,1166700
2020-02-26,273.26877825188814,275.9688807562224,269.62455031577565,270.3137512207031,861100
2020-02-27,263.2708483781413,270.8142022202986,260.44800785961417,261.73199462890625,1373900
2020-02-28,252.8384535966736,261.9489780589675,251.11076986846217,261.24090576171875,1647400
2020-03-02,263.9883286647486,271.4183654785156,260.0703329139702,271.4183654785156,1081300
2020-03-03,276.5543620604731,280.25523544278826,266.44308998663496,268.40679931640625,1916300
2020-03-04,276.04447855720696,285.10778483313555,273.7692018004824,284.7490234375,1289500
2020-03-05,274.76984040000366,279.3959072683675,270.0493581238084,272.13580322265625,1453900
2020-03-06,268.55774535546885,272.12642981060674,265.56497488250284,272.0036926269531,1148400
2020-03-09,250.6105028077807,260.9200235533749,249.10936356723656,249.15658569335938,1759600
2020-03-10,262.44944424230926,264.67752753673574,250.18563677625477,264.1205139160156,1699200
2020-03-11,257.2758188395366,258.9940530563279,245.9938509648496,249.3737335205078,1175900
2020-03-12,231.70022033279722,240.61249586834785,224.27018359465367,227.29129028320312,2779800
2020-03-13,242.6895301817164,243.4447961253506,220.767600513189,242.585693359375,2637200
2020-03-16,208.3149361087966,234.33425388817582,197.90155040950995,216.53802490234375,1496800
2020-03-17,218.60559614549445,226.56432449834782,212.44064577985588,225.01600646972656,1642500
2020-03-18,201.43247382842415,213.63963732587146,180.55849507631214,185.9776153564453,3131900
2020-03-19,194.30454159109732,206.9837678981117,189.37635561215853,202.0650177001953,1634600
2020-03-20,212.5633659674841,224.05303546868808,203.53780383209312,204.01930236816406,2316700
2020-03-23,212.73332086193855,222.145966543573,210.2220200677828,220.11614990234375,1731500
2020-03-24,240.112112383856,245.96550896820705,236.77945222773158,245.66339111328125,1427600
2020-03-25,246.09773430651774,257.1153282208305,237.8651943587901,247.41946411132812,1211300
2020-03-26,248.19366686004946,261.64704871437897,246.98519507649942,260.4763488769531,1018600
2020-03-27,247.55161119764364,248.96775638240896,237.73301034558023,238.4977264404297,1518300
2020-03-30,248.83558597451815,255.0288583162991,246.11658273928825,253.04624938964844,1142400
2020-03-31,253.13120166489503,253.57492826472787,244.52104440235053,247.0134735107422,881800
2020-04-01,238.97922717939937,243.27485608733056,233.5506705888138,235.08953857421875,715700
2020-04-02,230.23686449247455,237.87461797187345,228.7074324026632,233.45623779296875,788600
2020-04-03,232.30443847240437,234.13598842874646,228.9245704591354,230.9355010986328,571700
2020-04-06,245.46518904847468,257.5307460346262,244.91762553460254,255.97299194335938,807600
2020-04-07,264.781386245429,265.55555255311367,255.85023838954422,257.3513488769531,768200
2020-04-08,262.4871975620271,265.61215525330886,259.0695722062357,263.0064392089844,891700
2020-04-09,266.4429855689941,269.1903105650803,259.73989289095465,261.3354187011719,728900
2020-04-13,259.4850196444117,260.7123339995329,256.8037881029794,258.7769470214844,789400
2020-04-14,270.94634289188247,278.2819937780733,269.1147927173587,272.77789306640625,1700600
2020-04-15,261.43930900429865,268.63332229858696,259.6738237158869,266.6979064941406,1487600
2020-04-16,273.6275583918788,276.1955027983432,270.1721895145517,276.05389404296875,1212000
2020-04-17,284.4091398316181,284.5790703281988,277.1962269869274,279.1221923828125,899100
2020-04-20,275.3457872850042,281.3502570716732,275.14753505208233,275.2796936035156,510100
2020-04-21,270.07774093272366,271.47498556302685,262.9970159173965,265.3761291503906,663700
2020-04-22,273.78806252332373,278.9522729930359,272.11702161732103,278.480224609375,596100
2020-04-23,274.6755051674494,280.5477879855636,272.19252615556576,273.2215881347656,730500
2020-04-24,275.0700557514423,277.5086484168015,271.3504439758488,276.92034912109375,464200
2020-04-27,278.77065045118565,279.6910625256912,275.4400820962592,276.02838134765625,689100
2020-04-28,282.37634530261954,282.37634530261954,276.20864387765965,276.52178955078125,532000
2020-04-29,281.1522885096016,289.1798100635875,280.2508725898055,288.1834716796875,968000
2020-04-30,285.9536060335757,286.11492789147945,272.3846742762118,273.68463134765625,846300
2020-05-01,269.34830070029057,269.34830070029057,263.97768058065424,264.793701171875,862800
2020-05-04,265.3060357452258,268.750464157857,261.8521092954747,268.7030029296875,1036900
2020-05-05,269.79425951742996,278.02103813104367,269.79425951742996,273.6087646484375,821600
2020-05-06,278.86548837786864,280.65885093327563,275.92396374980194,276.9772033691406,552400
2020-05-07,282.70846734219066,284.77701263029286,279.4917598249924,284.27410888671875,570800
2020-05-08,284.8718361059174,288.94252628689424,284.13171325096033,288.838134765625,680600
2020-05-11,283.33478830951526,290.1666879950979,283.09756896715254,288.82879638671875,513600
2020-05-12,289.7680669321334,290.2614725543367,281.0953171316825,281.46539306640625,481700
2020-05-13,283.230399851491,286.05806486818653,275.8860981976655,279.1882019042969,1142300
2020-05-14,271.5402094951814,288.2309564864501,268.82640556106617,287.0827941894531,1296800
2020-05-15,277.78382032726853,281.07642560695155,275.2693013574671,277.5845642089844,957200
2020-05-18,282.47123471261017,290.887770209599,282.4427695570512,289.30316162109375,997000
2020-05-19,288.28789367451355,296.04020460778355,288.20249819671926,290.5936584472656,687400
2020-05-20,301.9707459658594,309.58076153533176,301.316018218425,308.9924621582031,1084900
2020-05-21,306.1076809831871,307.87257804412144,301.0786162481748,302.6822204589844,639200
2020-05-22,299.81670781876664,303.16624292818926,298.25106634630464,303.03338623046875,365400
2020-05-26,305.9748987286739,308.74563257632354,303.0523700289672,303.5078125,540400
2020-05-27,302.6823250078805,303.2611551505678,295.2051681314196,302.245849609375,808100
2020-05-28,304.8363340084322,312.25653256817947,303.08090519268774,303.6122741699219,797900
2020-05-29,308.81205119367763,313.1104631232173,307.6638891001157,312.66448974609375,649500
2020-06-01,307.3223664263376,310.43468262842526,306.9617884404204,310.02667236328125,526100
2020-06-02,314.7331112237652,317.89285986408686,311.96237679052473,317.6177062988281,717200
2020-06-03,323.10218278159687,329.6968619092385,321.5270431637567,328.5961608886719,693900
2020-06-04,330.06696960217204,335.32375787271286,329.2604181178887,335.05804443359375,884600
2020-06-05,340.64688585638146,345.54309526725916,337.9520783122423,338.9578857421875,899200
2020-06-08,333.0274864687913,333.59681867332375,325.5692954000376,331.3954162597656,1001700
2020-06-09,328.89977311168315,335.08647028645765,327.5333877821275,331.4712219238281,737200
2020-06-10,333.0654196217429,335.35221731604895,329.9341072580424,330.1333923339844,997900
2020-06-11,324.13647796731186,327.1918639043158,315.78634070073304,315.87176513671875,919300
2020-06-12,328.5582932510884,329.51663972078876,320.0088987288242,325.5313720703125,845000
2020-06-15,320.2555511820328,332.11651611328125,319.4205346176835,332.11651611328125,598200
2020-06-16,333.2931253789234,336.85141497371615,329.29836036858444,334.0522155761719,863900
2020-06-17,342.9053477852109,347.0519377327227,341.98493547284414,343.8826904296875,710400
2020-06-18,341.19724719556467,343.30375571539435,338.2936853111284,340.5330505371094,494700
2020-06-19,346.08403752725087,349.31971268371547,341.20679417217326,342.2315979003906,786900
2020-06-22,343.85420558644074,346.2738314349749,341.42508169728427,345.66656494140625,554500
2020-06-23,351.6633462692679,352.7925123931017,347.8109073611641,347.8963317871094,604100
2020-06-24,346.89997715854,348.76926621269837,341.14978422187653,343.094970703125,613500
2020-06-25,343.9395371737031,348.1715215908749,340.2483907801348,347.8109436035156,465100
2020-06-26,348.6459873381235,349.37664140854173,342.5447131098032,343.265869140625,493000
2020-06-29,344.3759878608641,346.4350640819769,339.8023929051634,346.1598815917969,612800
2020-06-30,343.7022668042673,350.0502569657394,343.67380164935884,349.2152404785156,678600
2020-07-01,349.2152988407312,351.2648772089689,346.5963883217437,348.79779052734375,516600
2020-07-02,354.4626294806737,356.6640319379269,353.37142629216675,354.1400146484375,449400
2020-07-06,366.5322671268952,369.57815469344246,363.8943897881623,365.7541809082031,752900
2020-07-07,365.6973223586024,368.7432105228647,362.34778649466375,362.4901123046875,410900
2020-07-08,368.9519377932003,372.1022172933912,367.1111425220573,371.8934631347656,599300
2020-07-09,375.23349276868396,375.45171598753285,366.3614853358105,374.5408020019531,644200
2020-07-10,378.6779226314648,378.7823141875047,371.9124521195687,375.6130676269531,667200
2020-07-13,377.5203023863668,382.27418684651457,368.0410275837361,368.752685546875,1083600
2020-07-14,366.8644375993736,377.226161568892,365.706806127291,376.54296875,880100
2020-07-15,367.376807286751,367.870213018191,353.46626371826494,356.2369689941406,1640300
2020-07-16,354.9749494117624,373.724742300063,353.7603878118829,365.5264587402344,2240900
2020-07-17,365.7257585796801,367.2629351211724,360.67772456242074,363.9798278808594,1048700
2020-07-20,364.2834836682847,372.4058709493961,362.54702201242355,371.46649169921875,972600
2020-07-21,372.0927556282503,372.2350814307327,363.57182711125,364.1980895996094,823700
2020-07-22,372.5481724421398,374.3794985415006,369.82489943229996,372.5292053222656,710100
2020-07-23,370.1095714469872,374.05690440631656,362.36675832544347,364.5871276855469,990800
2020-07-24,352.0429561549359,355.980790932672,348.0196969425529,348.8831787109375,1628900
2020-07-27,358.6661066911453,364.1696121805137,357.0245675620441,362.2623596191406,1080300
2020-07-28,361.6265820613362,362.2243793408887,356.95812237257013,357.1194152832031,502000
2020-07-29,346.34019224182924,347.44089331398317,343.1994108972721,345.9796142578125,1446700
2020-07-30,337.6579388513706,344.2716137301327,336.7185307839521,344.18621826171875,1010400
2020-07-31,343.44607929141137,343.6453353751217,332.8091461088337,335.6368103027344,954900
2020-08-03,342.56357867107414,348.3801995614146,341.4249435971496,347.8677978515625,862400
2020-08-04,349.59487442572333,352.8590148199227,349.3766511684117,351.3977355957031,833400
2020-08-05,352.0428466731368,354.13035858979134,347.96265841151063,349.670654296875,591300
2020-08-06,349.2342457550104,350.66705960929966,345.5620955834234,350.35394287109375,402100
2020-08-07,351.7867397758771,352.194778997986,343.80667868798014,347.3554992675781,572500
2020-08-10,346.1124531471831,348.0291746466193,341.15931305627856,346.7292175292969,547900
2020-08-11,347.32697465015195,350.4867225869098,342.22201132393405,342.8387756347656,627000
2020-08-12,347.84893929428716,356.80634366696955,346.94752319912266,355.6487121582031,565400
2020-08-13,357.32819195939254,358.80846715122726,353.93122405159033,355.60125732421875,470700
2020-08-14,352.10936085563714,355.02242099325866,350.77146940174754,352.12835693359375,543900
2020-08-17,357.4041171517593,361.04780240547944,357.0150739949057,359.1595458984375,428200
2020-08-18,363.9987965523896,364.34990546741113,357.71723364252273,357.93548583984375,466500
2020-08-19,360.94345717915076,360.98139142254564,354.8421540119311,355.7720642089844,354400
2020-08-20,350.6481551326624,354.291840797171,349.5474538969088,353.1437072753906,498200
2020-08-21,347.43142319338887,353.10571996336085,346.85262193064625,353.0962219238281,605400
2020-08-24,360.81054835727116,361.33241922425566,355.38296971941145,358.66607666015625,590700
2020-08-25,359.9091198828595,361.36090087890625,357.03402304922054,361.36090087890625,378200
2020-08-26,360.6587640711131,366.9023928276042,360.6492660318757,366.19073486328125,417600
2020-08-27,366.94978261230233,367.0256800451016,354.1589078568444,356.986572265625,636100
2020-08-28,356.8916598901084,360.468945186804,355.63913513438314,360.0704040527344,490200
2020-08-31,356.7019082044127,359.09306817920265,354.22532380424417,355.05084228515625,533300
2020-09-01,364.47326010734827,367.1206359863281,362.78425960536015,367.1206359863281,634500
2020-09-02,375.4327324291044,380.64205865774363,370.52702487740794,378.1180419921875,904300
2020-09-03,369.20813047188835,369.4073865791315,351.16046729399727,356.9296569824219,1258500
2020-09-04,346.81464799675143,352.03347306920597,334.8208252033954,348.6365051269531,1206300
2020-09-08,327.7137115124849,335.3237251330855,325.70209649651883,329.5924987792969,1541000
2020-09-09,339.66962438334923,343.05712345513757,335.437639532291,340.998046875,847300
2020-09-10,345.6475343019532,348.05769082633594,336.87991704604474,338.74920654296875,678600
2020-09-11,345.3913072436069,348.38026468788195,339.3090008032435,340.86517333984375,678700
2020-09-14,350.8663153647754,351.0656004281417,346.68176339559903,349.1298828125,575700
2020-09-15,355.401937651602,355.6012227095759,350.2305743737369,351.32177734375,717100
2020-09-16,352.9822887223242,353.9121987248165,343.83509938382366,343.8540954589844,973900
2020-09-17,337.33533864054294,348.83572553505985,336.9842587138931,347.9912109375,901000
2020-09-18,351.35974027497025,351.9480394953645,341.5293575991595,347.6116638183594,912200
2020-09-21,337.14552817607307,344.44239556679616,334.5456141260517,344.0818176269531,657900
2020-09-22,345.38180284530955,346.4350715954305,340.3907284631553,345.99859619140625,971200
2020-09-23,346.5394221155192,347.8393792013582,338.68272032961613,339.280517578125,709800
2020-09-24,336.51926688166486,345.0022307031176,335.59885491131917,341.7475891113281,768400
2020-09-25,334.782806837594,342.6489767117581,333.14123912079907,342.05120849609375,724100
2020-09-28,347.1941528466263,352.49837278465327,345.72340480705503,352.0903625488281,821900
2020-09-29,351.15098554406933,356.66395965256396,350.6765469532699,354.88006591796875,608800
2020-09-30,349.92693565509944,354.1684179337284,348.71237398699316,350.3918762207031,867800
2020-10-01,356.3318860991421,363.0878877431417,355.27864621111615,362.4806213378906,891600
2020-10-02,353.3618944143826,356.512173943876,351.0845947265625,351.0845947265625,711600
2020-10-05,355.9713224192435,362.85068302041054,355.7436011277919,362.57550048828125,649900
2020-10-06,355.0698059325321,358.087228020781,349.71812543721086,351.1888732910156,686600
2020-10-07,355.2880556646877,357.2807034226041,352.63121129242046,356.5880126953125,550900
2020-10-08,357.5084483339301,361.47477699447404,357.195331602604,361.4178466796875,686700
2020-10-09,366.076808692266,370.0431373581596,366.0483435348343,369.1037292480469,539300
2020-10-12,375.21446173394645,380.4997140889049,375.21446173394645,378.6399230957031,840300
2020-10-13,380.9837238481178,388.1951679702094,377.91883982602343,384.4376220703125,1027900
2020-10-14,382.0559492813976,385.24416293717064,375.28095182672655,377.6816101074219,954800
2020-10-15,364.1790562339882,368.08845460566863,361.2565272116421,366.8074645996094,786200
2020-10-16,370.783317565939,372.32049421907624,366.1432934872693,367.1206359863281,594500
2020-10-19,372.14018837711626,372.21608581938983,364.16962489629077,365.6119079589844,392700
2020-10-20,367.0447119334426,369.369443866695,364.6155884427934,365.27978515625,356800
2020-10-21,365.9345018046011,369.38842885767644,363.40101579003345,363.41998291015625,359100
2020-10-22,361.6170931564453,362.5564722828542,356.20848173621084,356.3033752441406,611700
2020-10-23,359.4727463075675,360.1559392614607,355.0130394607854,359.2070617675781,467600
2020-10-26,352.5553509167677,355.71512855703196,345.39133885050813,348.7029113769531,900400
2020-10-27,349.57585432367347,351.5969674020949,345.82777778357945,347.64013671875,968700
2020-10-28,341.09289163041404,346.4066097946827,339.1097417376073,344.3095703125,953100
2020-10-29,344.7650278293671,354.6902749297477,343.7022900310576,351.90057373046875,808800
2020-10-30,345.2109827884174,347.12770414657405,340.65638419436345,342.743896484375,821100
2020-11-02,347.18859243011116,350.8464142126589,344.55952121430545,347.8839416503906,893200
2020-11-03,350.97965847195525,358.5334686457236,350.4081176203655,354.40887451171875,813500
2020-11-04,355.9331214669411,366.6970241813636,354.6566961748968,364.83001708984375,2451500
2020-11-05,378.35632312348883,380.71865006895035,374.7937338570591,379.2993469238281,1115500
2020-11-06,383.023859834699,388.16767101082417,379.2993518220247,386.9674377441406,710700
2020-11-09,397.25505484946785,400.6937775126587,387.0436252847716,387.0531311035156,1273700
2020-11-10,389.7107293589003,390.6537529727571,379.0992427718411,380.3565979003906,1323100
2020-11-11,388.0723590053233,398.77913719341416,387.95805662708636,398.21710205078125,933300
2020-11-12,399.1220819211227,401.19865284076616,392.4637061336476,393.1400146484375,800800
2020-11-13,399.66501080717296,401.3891395132016,396.62634660819856,399.6840515136719,582700
2020-11-16,400.0270351641776,406.4091609719629,399.7222094053563,406.27581787109375,547300
2020-11-17,404.7612033282796,407.1711753652908,402.217859136994,406.2471923828125,524600
2020-11-18,403.9991482619132,407.0854288196189,401.04621079174984,403.703857421875,543600
2020-11-19,397.5123296821212,403.2943688538498,397.09320146431554,403.2752990722656,914100
2020-11-20,403.92298676008784,408.0761286097838,403.4276376467887,403.49432373046875,484000
2020-11-23,407.6855522421915,409.25729721242266,401.9321191390951,406.8854064941406,596000
2020-11-24,405.23752506027927,407.32360181819456,402.95136098021504,404.1420593261719,610400
2020-11-25,403.1799928141337,404.53260984929847,400.7890612450765,403.3895568847656,308200
2020-11-27,408.96189984942623,417.9064375019169,408.43800433841784,417.0014953613281,432500
2020-11-30,419.64018841027706,420.35460738517844,413.0961152513456,416.9635009765625,508500
2020-12-01,425.8889688493999,430.2993199529339,423.39326989252913,427.92742919921875,685100
2020-12-02,425.94609095621854,430.66123840603524,423.18367693464205,429.6039123535156,1050700
2020-12-03,435.32888042684664,437.4340271092693,430.8518427069754,431.4138488769531,677900
2020-12-04,432.46163560912794,442.46350163092495,431.9567806774857,442.3587341308594,660800
2020-12-07,442.5206628332554,448.6646780135079,442.08249397526384,447.4454040527344,632900
2020-12-08,443.8161489190176,448.5122561917385,442.88263095602946,446.3404235839844,738800
2020-12-09,441.79668606687744,443.8542162198067,429.14670847721766,431.404296875,868800
2020-12-10,429.73731444898954,437.1101089455578,427.81312741102454,436.0813293457031,539300
2020-12-11,432.28059781748874,435.462139919732,430.4040562913696,431.1565856933594,512100
2020-12-14,430.8803544415482,435.1478274426515,430.718435758323,431.49951171875,546100
2020-12-15,442.4730617657755,447.3406228872785,439.97736256244025,447.0357971191406,639200
2020-12-16,445.78790742849026,449.83628163756737,442.94930129361006,449.15997314453125,524900
2020-12-17,456.0183697983914,458.4854929799009,453.42740935294296,454.65618896484375,477300
2020-12-18,455.7898195117265,456.70429682697807,451.81766586843685,454.59912109375,730700
2020-12-21,438.4246134087164,449.8743568682441,437.6816188925371,449.8553161621094,622800
2020-12-22,451.0174646435714,455.91360082084987,450.5126097391273,453.58935546875,431300
2020-12-23,456.21839241561895,457.5996139354392,451.70327420922763,452.10333251953125,389200
2020-12-24,456.22799200023826,461.6099427351981,454.4466828477305,460.17156982421875,271900
2020-12-28,464.0294345300102,465.5344644057073,455.732627761565,457.4567565917969,449300
2020-12-29,466.2298338793071,466.2298338793071,459.61907465021096,461.04791259765625,377200
2020-12-30,464.9724460785763,469.2875354852361,464.8486088062127,466.6679992675781,381900
2020-12-31,466.75377241427947,467.2490924831475,460.51452443134957,464.5819396972656,312700
2021-01-04,476.26979250369965,480.8039810028076,467.43004935008474,476.2793273925781,1527600
2021-01-05,470.71631099175085,481.38494873046875,470.45913066233913,481.38494873046875,1029900
2021-01-06,468.51599317264987,476.12692773327717,466.5060792389853,466.96331787109375,977900
2021-01-07,472.4405173744219,479.34656762450624,472.0118543516758,477.6414794921875,936200
2021-01-08,488.2720917049906,489.88191824046595,477.9082192836667,484.6047058105469,734500
2021-01-11,476.75556928514425,484.7665904312364,475.7363246278072,483.8521423339844,703000
2021-01-12,483.04246898805764,490.36761783409514,479.6132522345889,489.5484313964844,651700
2021-01-13,486.9575649489495,491.14881775980257,485.21439517524595,489.67236328125,513700
2021-01-14,505.00841299222805,520.4780126111765,504.75126171979707,518.81103515625,1450300
2021-01-15,507.05656741937685,511.3811633977774,500.43627219782763,502.4747619628906,869200
2021-01-19,507.7138109840622,524.3645192386889,505.4371816304676,523.4310302734375,1504000
2021-01-20,529.2129904735472,531.6800846991575,517.3917056425994,523.316650390625,1121900
2021-01-21,541.0532678630017,546.5780959421412,538.7766389267736,543.6632690429688,1272100
2021-01-22,536.7573598536549,543.6348647624599,536.0905570521443,542.4346313476562,901600
2021-01-25,535.4808904957298,541.2628705774995,527.8318163129451,540.6818237304688,966500
2021-01-26,536.4618617085051,536.9095944132526,522.4211594365224,522.95458984375,887700
2021-01-27,509.59026852122514,513.9244568515746,497.71189016906214,499.7408447265625,1506800
2021-01-28,516.3916546289984,527.5652092668838,511.88606995684614,521.2592163085938,968600
2021-01-29,515.2961093942017,517.7155872525917,503.23668523601447,508.81866455078125,867300
2021-02-01,521.4306137815985,529.1177107107493,518.696775183204,528.0889892578125,849600
2021-02-02,527.507955265562,530.3751079548342,523.3833600463583,527.2412109375,721600
2021-02-03,525.1358862256291,525.5454793506028,516.2390235510755,517.1534423828125,635400
2021-02-04,521.0114937154582,529.6035330977006,518.4586435416569,529.0891723632812,554500
2021-02-05,528.6319476090023,529.7559597930607,524.8788643566605,526.5839233398438,461700
2021-02-08,531.4990254344933,540.0339703175259,531.4990254344933,537.2429809570312,716900
2021-02-09,539.662637284103,544.7969431283329,538.6719970703125,538.6719970703125,483300
2021-02-10,544.3205668973335,545.8732421037981,533.1470728555755,539.9959716796875,458600
2021-02-11,547.3686841781629,563.7145621184737,546.6066490218449,563.4478759765625,975400
2021-02-12,563.8861831099739,572.9260146094294,561.2000185607385,569.62060546875,732400
2021-02-16,576.8506131412473,579.832127036739,570.744678264832,574.5263671875,621600
2021-02-17,569.9633613230933,570.0871985805841,553.874692271858,559.704345703125,825100
2021-02-18,556.6371282917034,561.4952120245248,548.7213686690732,554.8463134765625,716800
2021-02-19,563.7622581865406,572.2495289901577,561.428478192377,566.2008056640625,821500
2021-02-22,559.7425059669473,562.1239025779294,549.1500584924643,551.05517578125,753400
2021-02-23,544.5969345771526,551.7030447471197,533.5568097240124,548.7406005859375,1004800
2021-02-24,546.1401685305285,567.687047113584,538.7196971746613,566.7821044921875,1023000
2021-02-25,554.9893477739084,558.5805131159066,533.1090415316324,533.2138671875,1288900
2021-02-26,545.1875180708136,546.2829257847608,534.0997199111156,540.1865844726562,946500
2021-03-01,545.2160016256607,556.6371707835203,541.8725113896129,555.8656005859375,679500
2021-03-02,551.56005997879,552.3601766822264,536.2905169963949,536.4238891601562,696100
2021-03-03,537.8052334714778,539.1006995702832,515.5248677360688,517.8109741210938,1006900
2021-03-04,512.333612534306,515.6485559504943,478.27013724578416,486.2811584472656,1702500
2021-03-05,502.9224021786006,505.6657759580245,484.2141639341278,502.0365295410156,1370100
2021-03-08,501.4649321100555,504.0653983817573,477.3366074360224,478.3653869628906,1180700
2021-03-09,502.60809726050894,517.4394435161032,500.045711976667,513.9244995117188,1240500
2021-03-10,514.4579532831691,516.1153962293694,496.3878833065392,498.5025939941406,876500
2021-03-11,521.0399699587239,522.4688077233843,514.3911301651626,518.5728759765625,1009700
2021-03-12,508.78053384958423,513.5052448699984,503.52239240263594,512.1240234375,714900
2021-03-15,513.1146520241487,521.8115154601135,510.580872088842,521.23046875,582400
2021-03-16,520.4589745793133,529.3653742687427,520.0589162448075,523.316650390625,651600
2021-03-17,522.2116787595148,539.1958158839909,517.10597831417,533.0232543945312,841400
2021-03-18,521.9829530724452,526.2694660337704,513.4480666965428,513.6099853515625,790000
2021-03-19,518.8492401866475,530.6609922230258,515.6295868840094,521.44970703125,1404600
2021-03-22,540.7104643117673,550.5694241459391,537.0812177897266,548.664306640625,1216800
2021-03-23,542.5012181381959,544.1777306558288,529.1463273298192,532.3564453125,866300
2021-03-24,559.3233280124477,566.267458981234,550.5788474126413,551.13134765625,2121400
2021-03-25,543.8251725362027,558.046922754726,542.091567149692,556.294189453125,1088900
2021-03-26,560.7618222008982,597.5401021973335,560.7618222008982,595.9874267578125,1933600
2021-03-29,585.5949452073852,587.5952950490296,572.9068574409711,579.1556396484375,1214900
2021-03-30,571.4589763347627,577.4982238343808,567.2677531049195,572.7639770507812,1071600
2021-03-31,577.4029257298641,591.4817704845209,576.4885066351433,588.0715942382812,1579600
2021-04-01,590.3957494990059,609.1516287793945,590.3481332016893,606.875,1908300
2021-04-05,620.7347724760282,622.020703200789,607.7609303008609,610.1041870117188,1529800
2021-04-06,603.3602881188783,605.5893014555525,589.0433585388337,598.2069702148438,1281900
2021-04-07,597.4067781630287,601.4456764930294,592.6725886221501,596.8352661132812,820600
2021-04-08,605.7892406383006,611.1521506718113,602.731506337305,609.5232543945312,865900
2021-04-09,604.2461205602032,608.40879749156,598.7307683937147,604.22705078125,631100
2021-04-12,601.5977579069292,601.6168276788605,591.1767670815316,600.5213623046875,739500
2021-04-13,605.4747859677243,606.5321119875816,594.1297812630705,599.2736206054688,710500
2021-04-14,605.5128988371814,610.675808223159,597.2923136057574,601.054931640625,718000
2021-04-15,603.712597553595,612.3999270486275,597.7495716114411,611.6283569335938,980400
2021-04-16,609.8852305253499,617.2008742201926,608.1896481658271,615.0576171875,605200
2021-04-19,607.3893453128603,608.9324852523778,592.9199810536655,600.216552734375,1138900
2021-04-20,596.3303540346087,598.0068085182729,583.7089511925869,587.6715698242188,988000
2021-04-21,607.465772676045,624.7261916956668,605.7607133468623,624.3927612304688,2160900
2021-04-22,632.66083345639,634.280194715497,610.0947177408121,616.3911743164062,1233400
2021-04-23,627.9456425031533,639.4335548523508,627.1359909617198,639.0810546875,1109600
2021-04-26,635.31859807662,643.5963358517081,635.31859807662,638.6334838867188,801000
2021-04-27,638.5287251434431,642.8247744215751,630.3938361839316,640.8910522460938,678200
2021-04-28,632.9275994825651,639.033474778797,629.9080048751971,633.775390625,571300
2021-04-29,634.6802100752283,635.0041055609431,623.0304377101941,631.0509643554688,504300
2021-04-30,623.2307237684041,629.6890428121303,615.0672871016897,617.3533935546875,575200
2021-05-03,628.3202286612432,628.6736905348171,618.7670789802221,625.186767578125,672000
2021-05-04,607.2652471322086,610.6661671934522,588.3882078881626,600.893310546875,1505800
2021-05-05,613.3122039312848,622.8462285675469,607.4083644791624,613.1975708007812,948200
2021-05-06,609.8061557385662,615.8341902205858,601.7814875279083,615.547607421875,618200
2021-05-07,622.6553378460982,631.740335964339,618.7671981799728,629.1419067382812,573700
2021-05-10,619.3308287623422,619.6556615838201,598.5240941519207,599.2310180664062,882700
2021-05-11,588.5885642609456,605.3447652706519,587.1460295485311,602.4788208007812,891200
2021-05-12,587.518775601595,592.0183306299391,573.4374406180511,574.9850463867188,1107700
2021-05-13,593.8620958892596,600.6543722922012,584.4713320805571,595.247314453125,1436100
2021-05-14,601.9822933859347,622.0439112283717,597.4636131463998,618.81494140625,1331000
2021-05-17,603.6540587674634,607.6568312774986,595.4478765901581,606.9594116210938,929400
2021-05-18,612.7392090827285,614.993739021489,603.3866357061913,603.9407348632812,644700
2021-05-19,580.8410865680648,602.7846442847919,579.5323096734758,602.5936279296875,1049600
2021-05-20,604.4182427705737,623.104201624581,603.5202443485306,619.7797241210938,1086900
2021-05-21,616.9997387699066,618.4327112858476,607.75229646397,610.6564331054688,847500
2021-05-24,618.566573473702,632.667034732638,616.9043344047367,629.5049438476562,794000
2021-05-25,641.1788919634689,649.0793673938084,637.4627601174968,642.2488403320312,1088800
2021-05-26,637.4053018259604,639.6216398159245,630.3741968074706,636.0201416015625,597100
2021-05-27,631.4632800258057,638.016727606784,629.4857707752329,635.3705444335938,652600
2021-05-28,639.1343877678075,645.7737800114124,637.1377538706831,645.2865600585938,610700
2021-06-01,654.1424809524145,657.3428216625483,638.6472973381407,641.7807006835938,1292000
2021-06-02,640.5579018725497,648.4010015554749,638.8861004413849,643.9683837890625,596800
2021-06-03,637.529488309479,640.4527500898449,630.6130165355285,636.134765625,612100
2021-06-04,644.6561086643154,653.4545807484369,643.0129948626457,652.7667236328125,531000
2021-06-07,649.786060132968,653.8270233674433,646.2513834586473,651.505615234375,594300
2021-06-08,659.807480169849,661.1926987607969,646.318435287622,650.3116455078125,562800
2021-06-09,654.3907845045694,657.3140461147158,650.38801226412,652.0885009765625,440700
2021-06-10,658.5560788353007,673.2870813476007,655.8812079102297,668.663330078125,800100
2021-06-11,667.001003102997,667.7079269356883,660.4570597949482,665.88330078125,445100
2021-06-14,668.2525260310333,677.9203109176973,664.4598944739543,677.6337280273438,636600
2021-06-15,675.9809027608359,679.200309799014,665.7303909828139,670.4210205078125,510700
2021-06-16,674.5001937738467,678.2450125235155,662.7020759778873,667.81298828125,590900
2021-06-17,660.4666707543066,673.0482133117997,660.2182794850627,667.6029052734375,746700
2021-06-18,654.72505766736,656.4924252555718,638.6949036158951,641.0831909179688,1669900
2021-06-21,648.1812179142862,651.4770662771052,642.3538198235856,650.2351684570312,565500
2021-06-22,650.0823893174239,656.8460368246982,646.0414249397643,655.1646728515625,542200
2021-06-23,655.8524940425665,658.4317981287708,649.1843550923357,651.1905517578125,523400
2021-06-24,660.762693493363,666.7716620127557,659.8073785168286,663.9439086914062,469400
2021-06-25,662.9216953102609,664.478863341162,655.3173673283089,655.5466918945312,431200
2021-06-28,667.6982651501208,674.2612741344324,667.449873936052,672.6467895507812,623900
2021-06-29,668.6728382360373,673.7551217346904,667.0010367552096,672.2361450195312,400000
2021-06-30,663.5618454671995,665.4438465351957,655.9098204909477,659.9699096679688,767500
2021-07-01,656.5306578884912,660.7722587343453,644.3886418029776,648.9550170898438,997500
2021-07-02,657.7248827824046,659.0432222828497,653.1489444517798,656.8173217773438,449700
2021-07-06,658.6324668811619,662.5587980794668,646.4617614297888,655.2219848632812,788700
2021-07-07,663.026796310251,664.6317185004884,653.7889166602647,659.3392944335938,442900
2021-07-08,640.9970745627007,645.4106240586816,635.1219238141007,643.5859985351562,849400
2021-07-09,653.4067610152634,662.0332833005598,648.591994491158,660.466552734375,583600
2021-07-12,668.7205709802196,676.8503118223853,667.9276431198715,676.1815795898438,618500
2021-07-13,674.6913725048028,678.9042869594479,672.1597638547566,674.853759765625,623300
2021-07-14,687.8075904357452,690.7022225174268,681.0248780931925,684.49267578125,852000
2021-07-15,680.7289326259369,681.3976649015303,665.7018437719895,672.4845581054688,729400
2021-07-16,671.4717031479961,675.3980331684198,656.1771031450659,656.7025146484375,578300
2021-07-19,643.7390148832806,653.7411936488688,641.5800518764574,653.4354858398438,855300
2021-07-20,646.6145585302679,657.8872649430276,642.8601772194011,653.4832763671875,805600
2021-07-21,674.395003383708,688.8680474535303,669.3796001546519,688.7820434570312,1281300
2021-07-22,700.2459757326045,706.9904980778805,691.8392144249342,697.3035888671875,946000
2021-07-23,714.3750773773264,722.9634093421909,709.8851429295086,714.70947265625,1069800
2021-07-26,724.3199469331693,725.0841873795175,714.9387453116383,720.3936157226562,691800
2021-07-27,717.604009924008,718.5402583485928,700.3032678767839,712.2828979492188,881200
2021-07-28,716.4861875284448,727.0328432180572,712.0917622347218,725.9055786132812,716500
2021-07-29,727.5966826260086,733.5769647964518,725.9057561513894,731.494384765625,634000
2021-07-30,726.7750079128249,734.350648831536,722.9728145807624,732.4782104492188,488200
2021-08-02,736.3664406580067,741.1717036689652,734.0736610613834,735.25830078125,499900
2021-08-03,736.0989417964279,745.5756508735134,733.2138716542736,744.69677734375,533700
2021-08-04,756.619105657042,762.885970248014,752.5972081804049,759.9340209960938,629700
2021-08-05,769.5158325316546,769.6400281523395,755.0045946411936,759.2366333007812,723700
2021-08-06,749.4445700079325,752.0143695273972,745.050144609526,748.2791137695312,556900
2021-08-09,754.9090915506298,756.8484092458806,750.4955403292136,753.4379272460938,477100
2021-08-10,760.0391001015604,761.4242602300989,748.8045861713413,754.0205688476562,589500
2021-08-11,755.7880434604566,757.8897484567335,746.5023498615635,753.9537963867188,421300
2021-08-12,753.4570892257603,753.4570892257603,743.7415502345544,746.1680297851562,764600
2021-08-13,744.3242427825603,754.3072975311688,741.840388465213,753.7054443359375,454700
2021-08-16,752.6258882463846,755.6255332535369,744.897363671343,752.1672973632812,426000
2021-08-17,746.8270243999544,748.3841924325751,735.9746605653321,741.859375,483600
2021-08-18,741.5346648101361,750.2853838478478,737.5319504849128,737.9331665039062,452500
2021-08-19,727.8259151940788,748.9766056362595,727.19543287951,746.5883178710938,514000
2021-08-20,749.9988733523123,755.539689849347,743.2447878930847,752.9603271484375,507700
2021-08-23,759.5040198668657,776.1933428949714,759.0645540296213,775.3526611328125,724300
2021-08-24,770.0794231609386,771.6175246747682,765.7614388701523,769.611328125,453800
2021-08-25,772.295675218982,777.0244957585359,769.0285145021865,771.770263671875,471100
2021-08-26,772.1525720217355,779.3747520089773,768.2261825578853,774.7032470703125,450000
2021-08-27,777.8652135875112,797.4682954118841,777.40668106084,795.700927734375,658900
2021-08-30,802.4072739346412,805.340097946863,799.3693792675352,802.0729370117188,491000
2021-08-31,806.075745209098,806.438711277864,790.2461681413401,795.8156127929688,579300
2021-09-01,801.2417493248499,812.7055290460336,799.3024902420718,804.53759765625,581900
2021-09-02,814.0812958242508,823.5293762251772,810.9383301134228,822.7938232421875,746800
2021-09-03,810.6040025654911,824.4178218544613,810.6040025654911,819.7654418945312,698000
2021-09-07,826.6244487462327,830.0540550582709,819.4309575219264,823.2617797851562,780900
2021-09-08,819.2877324494717,821.4754412480899,811.941357325157,819.6507568359375,714900
2021-09-09,817.2528331099579,824.2075540897926,814.023863841863,815.361328125,641900
2021-09-10,832.0221150482648,836.2445913601538,819.0871699034349,820.491455078125,1137400
2021-09-13,830.3789606657834,833.2354017845055,822.5644901688913,832.3087158203125,636000
2021-09-14,844.3265079410163,855.8953585648637,840.37148985818,848.3865966796875,978300
2021-09-15,847.3549300799783,850.2400003365957,840.1423127462413,849.5903930664062,799700
2021-09-16,837.9451062275969,850.0203031635713,836.3210588855314,847.66064453125,811400
2021-09-17,835.9960424024878,836.1966795215102,814.3199450738167,821.427490234375,1670500
2021-09-20,801.3948196164598,807.7094390943944,792.6250330776618,803.1716918945312,1122600
2021-09-21,821.5707214620845,823.8348128554443,806.7537797027491,816.5361938476562,905700
2021-09-22,813.7659694180321,832.7003191714809,811.5018775976441,826.0990600585938,669400
2021-09-23,838.1838242197612,849.0075009605604,838.0596286077486,840.467041015625,744500
2021-09-24,828.6019842797892,834.3338741405644,826.4620880610144,829.9967651367188,510400
2021-09-27,805.5980829704608,809.9925087661624,795.825170606905,797.9841918945312,1063900
2021-09-28,759.3225566605976,763.6214739137847,738.5253316461284,745.3080444335938,2390100
2021-09-29,749.9223233636828,751.0973422309656,715.6456142884994,716.8875122070312,2216000
2021-09-30,720.5464751174692,728.2558756234525,709.1208845643039,711.8148803710938,1078800
2021-10-01,711.7098112814783,711.7098112814783,695.8229151247581,708.662353515625,1180400
2021-10-04,696.3291861148431,697.5328341387802,677.34708011316,681.0823364257812,1663500
2021-10-05,692.6416316580443,709.4456497416115,690.3297854671133,700.1217651367188,1201500
2021-10-06,692.9662903758141,701.8698317724131,686.8809394475339,699.7681274414062,973000
2021-10-07,712.1014592783632,719.9923719568479,709.0635640173626,713.448486328125,1267500
2021-10-08,715.8748710851561,716.2378954683802,696.7399409748026,697.637939453125,1039700
2021-10-11,690.4827518505351,702.949603614094,689.1261622778238,689.6325073242188,702500
2021-10-12,701.2011420952841,701.2011420952841,690.1195124915556,692.6510620117188,868400
2021-10-13,709.9425510011788,715.9705878933141,706.9332846420762,711.15576171875,1170000
2021-10-14,735.2104556925675,743.8465412557966,731.4656369385274,743.5121459960938,1370500
2021-10-15,746.0629313578958,754.3550597609617,741.1717225146847,754.1257934570312,877400
2021-10-18,739.4998049099823,753.1034810134164,738.4489234382274,752.9983520507812,1014600
2021-10-19,752.9601746500118,765.799610666679,751.1641777735881,765.1691284179688,956600
2021-10-20,747.2855835803385,750.0560203564111,724.3580239696947,733.3953247070312,1894900
2021-10-21,730.3670445972658,752.367919921875,729.7365040106588,752.367919921875,1083100
2021-10-22,762.522904444863,772.6587828969172,760.6887159174963,765.1786499023438,1294600
2021-10-25,763.9559127306842,767.2995154847442,751.8425246071973,753.2086181640625,786000
2021-10-26,760.8128606776879,762.3317788181308,749.1484439760578,755.8738403320312,741400
2021-10-27,762.3986471036958,782.3551904145586,761.5770902400941,765.207275390625,949800
2021-10-28,777.7409749376598,785.1924196227054,774.4928808993551,776.8525390625,687500
2021-10-29,771.1588438656885,778.0658103834777,768.7896815236503,776.556396484375,583800
2021-11-01,770.8531721921281,771.894491158652,760.88924411136,771.3690795898438,573600
2021-11-02,778.0296340122408,783.1729461281583,777.0430852264866,777.7423095703125,503800
2021-11-03,783.852820726342,796.4764450272581,776.2671064037471,794.9822998046875,566900
2021-11-04,796.5340549394059,817.1360642206,794.5801318981067,814.5883178710938,1058200
2021-11-05,816.2547514616317,818.5630507416838,806.1118204257019,811.2455444335938,735300
2021-11-08,819.3962861571198,820.7755016415402,812.2032971321958,814.0518188476562,728100
2021-11-09,816.0441537802127,819.3485307942723,806.4566960568367,814.1668701171875,676500
2021-11-10,794.5896339220212,800.1735483239374,780.7017228610341,783.3260498046875,737700
2021-11-11,798.0952753028516,803.6216671164158,794.1970747918884,798.210205078125,416000
2021-11-12,804.5411681098101,818.9079746831995,799.847987912362,815.6802368164062,531200
2021-11-15,818.9079321768247,825.2293033575237,816.9827708425286,820.5552978515625,638000
2021-11-16,815.5749065586236,826.1967329751285,811.475549627722,824.2236938476562,690900
2021-11-17,822.9307755444339,831.3592912292129,821.3982809462158,823.1798095703125,549400
2021-11-18,840.3815159117044,843.9253397680105,833.8111106312624,842.009765625,865800
2021-11-19,830.2576999667733,830.9281626088996,818.4002913389036,820.986328125,778200
2021-11-22,818.9077833627811,823.3710445070128,789.9059685421214,790.8925170898438,880800
2021-11-23,777.3974026729073,784.7723745679793,759.6400520076636,773.3938598632812,1193000
2021-11-24,748.9894465067816,769.5626929035406,744.6219400521992,768.5187377929688,1246700
2021-11-26,753.7400146389368,762.3217480175483,743.2522361866903,749.008544921875,786300
2021-11-29,761.4502774322295,781.2955966690697,756.6421678262733,780.6060180664062,1410700
2021-11-30,773.001124093873,786.6782914004993,753.9220243358075,758.0979614257812,1144500
2021-12-01,778.259445855255,797.530116695021,768.5666455505091,770.060791015625,1201200
2021-12-02,751.3265128003351,762.8295451900926,745.4648604426775,756.0579833984375,957100
2021-12-03,752.7918186132156,757.3604812995749,727.7648981422702,738.9518432617188,1115600
2021-12-06,726.8453904886896,729.2590323931346,710.1032927291035,724.4605102539062,1222900
2021-12-07,754.7361478419721,775.232812803893,750.6367914661165,771.9859008789062,983200
2021-12-08,769.3040785020805,771.01849610046,762.5803953945274,769.9840698242188,551500
2021-12-09,752.9737905313982,756.6613054994704,739.7563418279288,739.9957885742188,709100
2021-12-10,744.4687361257241,750.5698348742787,739.8713115815112,748.8362426757812,602700
2021-12-13,747.6199323144979,748.8363407174368,732.0750653766723,732.1995239257812,615100
2021-12-14,722.5735640478299,728.2149428199008,711.8751009310249,722.5448608398438,842400
2021-12-15,732.2952387524921,759.1419788859118,728.550258717027,758.7780151367188,910700
2021-12-16,765.2718409658268,766.0764077970474,721.8074606407853,723.1292114257812,1006900
2021-12-17,719.4512835074005,726.0025725487898,712.5552636221671,718.2157592773438,1656700
2021-12-20,716.0414897319381,724.7765019086584,713.0244959597469,721.0986328125,647100
2021-12-21,742.9841138194255,751.3360471166653,732.7262521452116,749.9855346679688,838100
2021-12-22,744.9667937420962,758.6823120117188,742.2850015572394,758.6823120117188,534800
2021-12-23,761.0958996826668,771.7081378866762,760.55954128412,767.580078125,496600
2021-12-27,760.8660412740704,779.2459767485211,760.8276923792512,777.1771240234375,527500
2021-12-28,782.7994437418372,782.7994437418372,769.1893254454865,770.7984008789062,548500
2021-12-29,764.4192849195092,771.2483101591713,760.8659329517677,768.1259155273438,404900
2021-12-30,769.7638590034305,774.1696559495123,766.1529832004745,766.4403076171875,411900
2021-12-31,767.6759659802051,771.2868421391478,762.2836198033306,762.5326538085938,236400
2022-01-03,762.149373336564,765.6165573965649,751.8244604804977,763.8255004882812,720600
2022-01-04,760.128605244489,760.128605244489,731.0693179760683,746.2981567382812,874100
2022-01-05,733.5787174566698,734.1821280272719,713.5897046637729,714.193115234375,1193200
2022-01-06,708.3122698216764,731.5194308342897,699.0025494985861,730.9064331054688,2041200
2022-01-07,726.3759864975012,731.1361591034388,712.2102815081756,724.1826171875,1363300
2022-01-10,686.2736019247079,696.9433053287553,672.6538395531022,696.4739990234375,1973400
2022-01-11,677.1458224063392,700.5637262698531,671.1309504392588,698.3799438476562,2120700
2022-01-12,708.1015024956896,717.8134766764769,703.973442876489,710.8407592773438,959700
2022-01-13,739.8042522190399,745.0816680941648,697.8819537755913,699.2611694335938,1628700
2022-01-14,704.5481670811614,715.0838251767445,697.4318159461869,713.1012573242188,1313600
2022-01-18,709.748914749461,709.7872051835856,684.0897641091738,685.0379638671875,1178500
2022-01-19,705.8316410408303,707.6897503880018,669.2154582283601,669.32080078125,1593200
2022-01-20,694.290252534241,699.1653557683354,676.3987978719831,676.6382446289062,1536500
2022-01-21,677.4331844080735,690.7560350666566,665.3842653584795,665.4033813476562,1689600
2022-01-24,637.9340131978798,659.5704470305857,621.249380195276,658.4019165039062,2833100
2022-01-25,625.0900330482203,639.9548454279151,616.6423458913864,621.1918334960938,2095300
2022-01-26,633.7006326662735,650.7013523235064,617.4469564884218,625.6839599609375,1376700
2022-01-27,636.736858108419,636.9284272218771,604.746803756246,607.869140625,1465300
2022-01-28,606.8538022511254,617.7534226723299,594.4696237146273,617.7438354492188,1339700
2022-01-31,623.2321637352492,648.948727538445,620.6748881935002,648.613525390625,1357400
2022-02-01,653.7376689516578,654.8487348868948,638.1449230834223,652.7128295898438,945000
2022-02-02,658.9096100533013,662.0607083898308,645.634695624498,657.76025390625,713600
2022-02-03,631.2677770525687,636.6121857238685,617.2648791605973,618.6632690429688,1212000
2022-02-04,620.6938542100584,633.2983638781241,616.1443659560139,625.2529296875,863100
2022-02-07,626.5363485016005,633.4898325620361,621.1727065768019,622.5902709960938,520300
2022-02-08,609.9665953432562,627.6952411300772,608.7693616565036,625.885009765625,745300
2022-02-09,642.4739203097399,653.4310059216893,635.8556378654231,651.6495361328125,842000
2022-02-10,626.957872705957,649.0156788403009,625.434965521381,629.1511840820312,961200
2022-02-11,629.7833039350252,632.4459801130952,598.8563797546003,601.7201538085938,1116300
2022-02-14,599.7185183265055,608.1470345521963,593.8281032734601,601.4041748046875,890200
2022-02-15,620.1478969919724,630.55903681958,615.1961546587241,628.700927734375,821400
2022-02-16,623.5192997276191,637.8861038688085,617.456492011608,635.83642578125,610000
2022-02-17,631.4785418713924,634.2656763073907,622.5615472787167,622.973388671875,1020600
2022-02-18,624.5919779478414,630.0034972244414,613.9318052551214,620.4830932617188,899400
2022-02-22,611.5470078503866,625.4349195400196,603.2717140273083,613.2423095703125,934000
2022-02-23,623.5959570941928,626.8236945079419,604.3731655820604,605.062744140625,997000
2022-02-24,574.9499510781529,631.0475440387548,574.3657150241182,629.1128540039062,2047800
2022-02-25,629.1797758343274,638.9779757145833,622.561493981662,638.9588012695312,1295400
2022-02-28,620.3107846860242,644.178820771326,620.3107846860242,638.3746337890625,1979000
2022-03-01,632.3406992637656,637.0242341758086,601.0880987004977,607.438232421875,1097300
2022-03-02,615.4645265945543,630.6262564721363,611.1640127933824,627.7050170898438,1035700
2022-03-03,624.4962714331068,626.1053465084619,600.7144048834026,604.1624145507812,1020200
2022-03-04,578.2158556507443,583.6943676393615,557.0774956852734,569.2318115234375,2025300
2022-03-07,591.327984386468,594.412029707069,549.5301559662091,550.0952758789062,1607200
2022-03-08,549.8463555807177,568.4273875705868,535.1826395290492,548.8502197265625,1441800
2022-03-09,583.4359635103962,600.5324377568446,569.883254330658,595.1113891601562,1593200
2022-03-10,574.2314806748024,582.8611491510107,571.0133310364384,574.7391357421875,735500
2022-03-11,588.0812350511524,589.039022078923,560.1904814791668,561.1195068359375,819000
2022-03-14,574.2411744848871,576.1088707951607,552.9400013171046,553.1698608398438,1621700
2022-03-15,566.9332250094986,572.9385677861483,559.2134646679124,571.511474609375,1542500
2022-03-16,595.2072889657733,623.5194766903547,591.0984028603624,623.1651000976562,1815200
2022-03-17,615.9816288520296,628.6914825110066,612.4760952918767,626.488525390625,854900
2022-03-18,621.833579507772,654.5516139011781,620.071284286549,651.1610107421875,1689800
2022-03-21,649.5903127691456,654.5421139671906,640.7595441225718,654.0823364257812,1293000
2022-03-22,658.9573847453404,668.6310090158362,656.3713484332388,659.6661376953125,1111100
2022-03-23,640.567983231418,650.6917996159842,635.5970659803147,637.273193359375,999100
2022-03-24,638.0776365973034,661.3997239410194,635.2042759327632,661.39013671875,1176700
2022-03-25,661.3135959954906,661.5913331647976,643.9201523136118,658.3444213867188,768600
2022-03-28,651.4004309828949,665.6618918763415,647.4639408754056,665.4990844726562,687100
2022-03-29,680.0287609038994,684.4537321080164,668.219230983434,679.205078125,1076200
2022-03-30,670.4509545480847,673.0848690123809,651.4101427622245,655.6627197265625,1031900
2022-03-31,655.5957560578881,660.0111410526907,639.3229607620691,639.7348022460938,780700
2022-04-01,646.7840198830636,648.6038387288772,633.892243126571,639.5431518554688,739400
2022-04-04,644.1023000844357,652.7702624895797,641.7078321018715,652.0902709960938,731200
2022-04-05,645.5676921850385,646.6499963054152,618.5293220834519,619.1710815429688,1251500
2022-04-06,599.6608098280283,612.3227242455995,591.3376395523513,601.9786376953125,1110700
2022-04-07,598.1667185968848,605.4171144453936,586.9127218092101,598.9041748046875,713500
2022-04-08,595.1879223540442,596.1361220369528,584.250012263378,585.1407470703125,840800
2022-04-11,581.4149753994105,584.8534563090839,571.9233323436101,572.507568359375,859600
2022-04-12,587.1904181227816,596.2223415182094,567.0098412510522,568.9254150390625,1067900
2022-04-13,576.0227572824417,591.1558413641494,571.2434086484502,586.8936767578125,934200
2022-04-14,588.5793816756205,590.4853687622291,570.8411448438272,572.6322021484375,814200
2022-04-18,571.8467716766017,587.9471703573009,570.6208345971654,580.0167236328125,576800
2022-04-19,572.3064904600782,592.9850789191648,570.8410482994121,591.0982666015625,1230800
2022-04-20,623.289440878441,625.0038584626585,602.4384004058826,607.1506958007812,1857900
2022-04-21,617.8300916411081,621.4217929594706,591.6633432880224,593.8087768554688,940700
2022-04-22,589.1156984813465,594.6612646759836,581.826894312746,581.9609985351562,1093400
2022-04-25,567.7090208926077,575.0457014173809,559.0314737585635,574.499755859375,2074700
2022-04-26,560.4492364543654,562.6808386714711,536.2651082307648,536.772705078125,1803100
2022-04-27,528.7846577758854,543.4292001608294,521.036135118209,533.3724365234375,1904400
2022-04-28,550.679585284866,570.3238037945197,540.7664558767832,565.6114501953125,1513500
2022-04-29,552.1164761294539,564.0409391738679,538.7170417540158,539.9717407226562,1225300
2022-05-02,535.1539601396141,547.3945074576145,530.1734554791194,546.982666015625,1146700
2022-05-03,546.440689842056,554.9367827103122,542.9593301031987,550.3463745117188,825300
2022-05-04,558.4470783752088,573.076546471436,544.5408285070623,571.52392578125,1112800
2022-05-05,561.571564474025,563.7413955019379,538.2049140621062,544.0682373046875,1231800
2022-05-06,535.3697103728995,541.6670121170729,525.6295438543124,531.3675537109375,1214600
2022-05-09,511.3182519505414,516.709043209204,492.1754866205128,494.3935241699219,1714700
2022-05-10,510.3443364016406,511.51118579218587,494.0754281163327,504.7220458984375,1232900
2022-05-11,512.3502781248377,524.790609890611,501.92538687796815,502.725830078125,1302800
2022-05-12,496.36097220182535,510.19965039102146,491.3944459449754,503.7480163574219,1134800
2022-05-13,521.299624633424,531.6472915269162,519.0333796349413,528.7831420898438,946800
2022-05-16,514.2500254431994,521.7045826916385,509.1870856709035,515.8894653320312,757800
2022-05-17,537.1055328221138,543.306420812909,529.2941056026204,541.6187744140625,895800
2022-05-18,527.6835532701118,533.1322630160508,508.0972163753411,509.47625732421875,1037900
2022-05-19,505.1077150935343,517.9145084857842,503.70936786967684,507.25823974609375,905500
2022-05-20,522.1481675094664,523.0643302066743,495.8497952761912,513.8546142578125,1205700
2022-05-23,529.6701577513792,537.9444624019706,526.2755591541256,534.8488159179688,977000
2022-05-24,535.7746769715445,537.6841094140259,523.2957354580413,526.9603271484375,1085500
2022-05-25,522.3893007007066,532.1969217323489,518.8597343381414,528.5516357421875,832600
2022-05-26,523.0738707532555,542.4383616553845,522.0612360182172,540.1142578125,933800
2022-05-27,552.2268402476628,563.0566895000957,551.7156962255959,562.5938110351562,843900
2022-05-31,563.7607216320404,563.9728546425858,552.4389756704993,555.7564086914062,822300
2022-06-01,556.865454256176,559.0931451580155,537.1537418766964,543.576416015625,542100
2022-06-02,544.3094100625678,560.6072779577335,542.7664424255861,559.8550415039062,669200
2022-06-03,546.9517206326425,549.5458766618061,540.9051645459706,543.5668334960938,531000
2022-06-06,558.9581012218162,562.6709585116292,549.1408283653878,551.3203125,483300
2022-06-07,544.5987276160974,557.4248893330462,543.0750661525213,556.4508666992188,479000
2022-06-08,553.1622299593192,557.3572719051821,542.4770600500957,547.2217407226562,605700
2022-06-09,539.4778362009504,544.5215279640922,523.0256973218928,523.0835571289062,658600
2022-06-10,513.1023804905768,516.1208614207118,500.8934897880008,502.9476013183594,928900
2022-06-13,480.304201939009,484.5956578452492,474.1033133207794,475.99346923828125,1395100
2022-06-14,476.1959852182899,480.8538765781186,467.1887783467632,473.6693420410156,965400
2022-06-15,481.58678788739417,493.9500104585746,476.39847589052084,487.32476806640625,841700
2022-06-16,462.66585658571455,466.80297997731304,448.91394000484604,451.4695129394531,1223100
2022-06-17,450.8427162984496,461.5664998361144,445.39403481104705,456.4842834472656,1328700
2022-06-21,471.557333748648,480.10163203398565,471.065495964157,476.7359924316406,1081400
2022-06-22,469.1078340160621,478.94441326399146,465.25035657455527,468.2013244628906,845800
2022-06-23,466.65832760024443,470.04327347283623,459.0976753465171,468.2013244628906,739100
2022-06-24,481.2685217986697,497.18061638622106,480.54524477196287,496.9009704589844,907800
2022-06-27,496.6212757913625,498.6271806005607,487.64302856818585,489.938232421875,696500
2022-06-28,489.9478306779071,493.1977800702004,472.0973742339061,472.9363708496094,847200
2022-06-29,473.6017231500171,476.10908897270457,464.8452342749688,467.35260009765625,847400
2022-06-30,457.2557635765753,467.3623658913073,447.59279239350343,458.92413330078125,866400
2022-07-01,439.0773475465416,441.64257351565396,427.65921812334096,433.80224609375,1570200
2022-07-05,404.25400530087416,417.6201508652922,397.9663274985798,416.9933166503906,2778300
2022-07-06,417.81298281429446,421.9983418802776,410.1944715295746,413.59869384765625,1464700
2022-07-07,423.12666516445813,436.66638836043853,423.02056924234,435.7984619140625,1400900
2022-07-08,428.768200191311,439.077309878126,424.95895929350195,436.8110656738281,739100
2022-07-11,433.54189406708963,434.1301746898195,422.30699672929086,423.416015625,745600
2022-07-12,424.87220157069174,428.61395926926434,416.4918297624541,419.0088195800781,848000
2022-07-13,415.1417390827205,435.8370976266609,414.00376085342543,431.082763671875,1052500
2022-07-14,426.4441787166678,442.529853934364,419.0667289465173,440.6203918457031,1075900
2022-07-15,448.8078808610038,458.8276634372867,444.1017535675316,458.6830139160156,1630500
2022-07-18,466.3786872915359,469.4839580425047,453.7358181534468,456.6096496582031,1039500
2022-07-19,467.5938148310863,483.06230919240585,466.80302481153024,480.6031494140625,1415000
2022-07-20,475.33766282766555,498.3475316016753,473.11962501963194,496.09088134765625,2294900
2022-07-21,511.1157174835602,523.8839573101978,505.90809983672574,522.9485473632812,2281900
2022-07-22,523.0836981575195,527.3655016122292,510.3733136663044,515.22412109375,1459900
2022-07-25,516.342553274034,524.2985993695821,513.1601466079001,519.7660522460938,1194600
2022-07-26,509.23531928166847,510.76869273518423,500.0641556204195,505.4935607910156,1029500
2022-07-27,514.6067021115413,530.258395827636,513.6134324153294,526.7191772460938,1110900
2022-07-28,528.2816451890322,540.953475621617,521.4925045222651,540.731689453125,1216800
2022-07-29,541.4451425438708,556.363907011569,539.5646106809397,553.9722900390625,1210700
2022-08-01,552.8150843631106,562.2755454620277,548.6683078732874,557.5501708984375,895500
2022-08-02,542.0526649773242,552.4388814002604,538.8412990096895,545.4472045898438,876600
2022-08-03,549.6904963661783,566.7308852726093,548.9672193972755,563.056640625,825900
2022-08-04,563.7391874617254,573.0000054193773,561.7381512609738,568.8529663085938,680100
2022-08-05,552.5836024270646,560.2687245290807,547.1218337692707,558.0743408203125,767900
2022-08-08,558.7414556109505,563.1495173297585,546.1649300158674,553.6663818359375,700600
2022-08-09,532.7377590807998,533.8977878276053,515.9561947484227,523.0806274414062,1138500
2022-08-10,540.1037292000403,547.22821914316,532.1286146533151,547.1895141601562,1074800
2022-08-11,546.8899004813234,555.2226829488226,542.423840606687,543.6708374023438,833300
2022-08-12,543.8739825732997,558.7318627216506,543.3906421416643,556.76953125,811600
2022-08-15,550.1476214094166,558.3740833433737,548.9682993138839,555.7833862304688,783100
2022-08-16,547.527944082998,553.2700295074392,540.3841599149305,547.798583984375,697000
2022-08-17,540.471159993768,547.1316042291885,533.5207233463825,538.7118530273438,667700
2022-08-18,538.7118232469423,547.07357550415,536.7977554307679,542.5978393554688,580600
2022-08-19,538.6248402619448,540.2295043188996,526.2899846621741,527.0923461914062,794400
2022-08-22,511.65446802440516,513.1624877377889,501.3303239863915,502.74169921875,795800
2022-08-23,502.6739470027936,511.71238764156857,502.1519606829866,508.23236083984375,592900
2022-08-24,505.4386863846256,512.901492508565,504.3366561614139,507.9327392578125,485200
2022-08-25,504.95531049275775,522.2202134361266,504.37532568002126,521.7562255859375,758300
2022-08-26,521.572591324443,521.7465867807504,491.81815876491316,492.9491882324219,1229700
2022-08-29,489.44982237032565,494.3122255411198,482.76037835466377,483.2243957519531,754100
2022-08-30,489.672115208461,490.7354699186201,471.21818349122793,476.5929260253906,1006400
2022-08-31,484.16206061440494,484.86771868299087,470.4835338716356,473.6155700683594,936000
2022-09-01,461.9960803327917,463.05940556481136,445.53350822228714,454.26263427734375,1665500
2022-09-02,463.871331124031,470.67677069921234,450.48282862912663,451.6235046386719,1145400
2022-09-06,453.7212659127673,461.967081090114,446.89650212889495,454.26263427734375,996900
2022-09-07,453.266941635338,464.9444318730266,450.08655377353,460.79736328125,745400
2022-09-08,449.94150664452087,467.28375933760344,448.7041566302216,466.6650695800781,943300
2022-09-09,479.00961642446714,486.4143942282861,478.7969454875153,484.3070373535156,1012800
2022-09-12,489.8847680506773,493.9738380347194,483.01168242938184,488.1060791015625,1041400
2022-09-13,467.8734337392519,472.1461751847223,452.9962044027605,455.40325927734375,1188200
2022-09-14,461.0777204905717,465.48578236946986,455.40330918378754,462.1700744628906,663700
2022-09-15,456.7953012889317,462.4213604814017,447.47648528153724,450.1348571777344,853500
2022-09-16,446.6355350809267,456.45701568616767,444.58617647642984,451.6816101074219,914000
2022-09-19,444.3347807164744,457.2302977974343,444.3347807164744,455.4129333496094,646500
2022-09-20,443.6581211981184,450.9855479590122,442.121072917066,446.56781005859375,906700
2022-09-21,446.1714273343666,460.3043227468877,439.70433164138285,439.7623596191406,783900
2022-09-22,435.6830185801944,437.1233634335008,424.4695161665162,426.3448791503906,952900
2022-09-23,419.152716264595,422.38142594548566,413.1109624828197,421.60809326171875,1362300
2022-09-26,419.6264613284607,426.0838819368274,414.82205661368715,416.45574951171875,1164000
2022-09-27,424.2278616150956,427.76591677172206,412.28934821106026,418.8531188964844,876400
2022-09-28,411.9413257791808,428.64556701894975,409.07028293324765,426.5285339355469,957100
2022-09-29,411.42902297073533,414.4257395099848,405.2616239199389,413.5267333984375,1141800
2022-09-30,400.2058088980248,413.78766090211286,400.1574866634353,401.5108337402344,1084700
2022-10-03,409.4859552444202,420.9991260571506,406.9919024886149,417.2967224121094,1452400
2022-10-04,445.8428353704452,452.1842589426435,440.5937658024307,449.6128845214844,1954600
2022-10-05,441.71508239903886,458.9316633442138,437.95468030732576,453.6535949707031,1193800
2022-10-06,449.7868287894651,458.38060406246643,446.1134247750788,446.7417907714844,926100
2022-10-07,431.62290246996594,433.76893465443794,418.32136752471587,419.7907409667969,1412400
2022-10-10,419.4523757415423,419.6070481750716,402.4871137919726,407.8328857421875,1383700
2022-10-11,398.7847669212031,398.9007638789538,380.88185192337374,386.2469177246094,2044200
2022-10-12,390.35528151134616,391.43795903766875,384.2652056754067,385.057861328125,1277100
2022-10-13,352.7514434692028,397.0447584268106,351.0500760659705,391.892333984375,2782200
2022-10-14,390.90633726440086,392.1050118648021,365.9853105672077,366.4976501464844,1727900
2022-10-17,381.31687518562484,386.28562833323963,375.87445791721,379.1515197753906,1417900
2022-10-18,393.8063880806935,395.53675479300193,380.0891865947887,385.6959228515625,1324800
2022-10-19,402.03293779149476,417.4611568537778,396.7161927868752,409.89202880859375,2435200
2022-10-20,416.8810927243208,433.96235534741027,414.4933899813246,422.70050048828125,2090900
2022-10-21,425.80352185231504,447.4571634539755,423.1161507084597,446.8288269042969,2756600
2022-10-24,454.75562115368535,460.22703777500743,444.28648154219167,457.21099853515625,2389300
2022-10-25,462.54707008265893,479.23198953683055,462.4117501158706,469.8165283203125,2047200
2022-10-26,460.09168378396157,479.66696765342084,458.4483148193106,467.96044921875,1879400
2022-10-27,466.03680482037663,473.2869105907597,458.19700844027597,458.60302734375,1075700
2022-10-28,454.2046104187712,473.5479019809823,453.26695839675267,472.8808898925781,1436100
2022-10-31,463.07874297130365,464.85743196600856,455.9349582499967,456.6793212890625,1063600
2022-11-01,467.2740945685737,467.5544402156353,457.1045953099101,459.5406494140625,760700
2022-11-02,454.3882552322414,461.1066979566493,431.3909424174621,431.4585876464844,1887400
2022-11-03,427.3959708905724,433.17475820471583,423.8278808586044,426.5427551269531,1615700
2022-11-04,448.29074231690663,455.32995815631034,440.51459770438726,454.5058288574219,1587800
2022-11-07,460.3911862918821,470.6785689987574,455.32991673771335,468.69091796875,1429400
2022-11-08,483.09905632392713,490.60368648585984,476.1276897521056,488.27667236328125,2316100
2022-11-09,479.47281092016516,488.88753823616764,474.0430913703115,474.57635498046875,1302600
2022-11-10,515.3380431265491,544.7360736854306,504.53677624164436,543.7373657226562,3518000
2022-11-11,543.7277174888338,561.0252020439091,541.5073143942824,558.9114990234375,1982800
2022-11-14,557.301974105191,572.3499978134682,556.4293178590902,560.24951171875,1806400
2022-11-15,588.2997805535385,589.8220466669384,568.7043104398247,579.3019409179688,1669400
2022-11-16,565.7761970571195,566.1931144082351,556.3517344712823,559.16357421875,1418900
2022-11-17,551.6588800197761,572.4953948652795,551.6491746347215,571.1185913085938,917900
2022-11-18,581.3865695166198,581.6871405759857,567.0172134434375,575.1229858398438,1115300
2022-11-21,563.5267097347833,566.0379191057259,557.612164837764,562.6443481445312,849800
2022-11-22,564.0309475596243,578.3906597970256,556.7687140076275,578.0803833007812,1082400
2022-11-23,577.08151154543,591.4508659138879,577.08151154543,585.4878540039062,874700
2022-11-25,578.7783279332688,579.7188625929664,573.8431396484375,573.8431396484375,408900
2022-11-28,575.7241628068072,579.9418628453374,562.7703732861964,565.6016235351562,1056200
2022-11-29,566.3288837834427,569.1503697993132,559.2314649154482,561.2191162109375,562900
2022-11-30,567.5021401020765,589.909395216147,559.3963658372872,589.6282348632812,1569700
2022-12-01,593.1089355046088,597.8114313828394,583.073626318445,592.672607421875,1245900
2022-12-02,582.0459183393665,588.9785230551059,578.8462773856345,587.2914428710938,719800
2022-12-05,586.6999340967394,588.697290699995,575.3363473894672,582.52099609375,873900
2022-12-06,585.1485406159874,586.0696644875892,568.9757595526588,575.0162963867188,839200
2022-12-07,574.2019413821956,585.6334066073262,572.7281430110108,583.06396484375,878600
2022-12-08,573.8819058241751,590.9273434613843,569.7901983215997,588.4354858398438,1019300
2022-12-09,584.6540821006066,592.5853350018192,578.2645060211569,579.5249633789062,870700
2022-12-12,578.7201849570388,591.4509285300612,577.6827147513943,591.4412231445312,819600
2022-12-13,623.4280615159464,623.7965111017106,598.790762094713,609.1654052734375,1334000
2022-12-14,603.5707930923417,607.7012629281961,591.3830191327348,597.1326904296875,1167500
2022-12-15,584.663871850536,586.4091253038043,566.4937304759574,568.510498046875,1420500
2022-12-16,559.7063751828758,567.9381972024704,548.5366626360293,556.8557739257812,2097300
2022-12-19,556.5941002266501,558.3393534403958,545.5601420121814,551.3195190429688,906800
2022-12-20,545.1432095214637,551.6588962985029,544.0863877445101,546.0352172851562,845700
2022-12-21,551.7559612000059,566.2029041019064,550.0494699967584,563.2941284179688,797700
2022-12-22,553.685367700287,553.685367700287,530.1727673084631,539.0445556640625,1351800
2022-12-23,530.2404761324175,535.2823635520405,526.032482343203,534.6036376953125,602600
2022-12-27,529.4454877047367,529.8818157658135,520.1956050341148,520.84521484375,802600
2022-12-28,520.3798866060821,525.3247806935452,512.9237239315117,515.4737548828125,609900
2022-12-29,524.7430175011806,538.482114734185,523.724958095426,534.70068359375,841000
2022-12-30,524.4133363834104,529.8624368339587,520.4477395938271,529.784912109375,703200
2023-01-03,544.2125230154434,546.9952467936672,529.1741444771604,532.8585815429688,675100
2023-01-04,553.4429297414719,558.0097279465185,543.9991160654964,553.4720458984375,1087300
2023-01-05,548.1877507705635,556.1092982548628,545.443789735993,548.1295776367188,710900
2023-01-06,557.8352193716115,580.475162302434,550.0300178819623,577.731201171875,1025800
2023-01-09,595.3195725594338,613.1600827362878,594.1657561193771,602.4364013671875,1348800
2023-01-10,603.6968235711555,614.5077935994588,602.707821200298,614.129638671875,873900
2023-01-11,616.2239782386138,625.5223884562175,614.0423969662237,625.0763549804688,806500
2023-01-12,631.6307369767551,636.3332324363281,615.5355405291207,632.7166748046875,1322200
2023-01-13,629.5849881500427,640.6480032855313,629.0031976289854,639.6299438476562,649700
2023-01-17,631.3011665783174,642.8199213359511,631.3011665783174,638.1755981445312,902600
2023-01-18,653.0394913489413,655.5507009831925,631.7278232361962,632.4550170898438,1152700
2023-01-19,634.7043826902424,635.7418528685006,607.953381916825,611.0851440429688,1534100
2023-01-20,618.68681060773,630.816353391938,614.9150845898207,629.1195678710938,1033200
2023-01-23,638.0399038933426,655.7156035284643,636.876381839626,655.4732055664062,1780900
2023-01-24,646.4461140074745,652.5739403135193,639.8529026485481,649.6361083984375,1066900
2023-01-25,636.9830312842778,662.2505904734803,635.1020208810644,660.805908203125,1569200
2023-01-26,661.1646981594811,664.1122360431866,647.5128285070551,663.1038818359375,1593300
2023-01-27,646.9116614211232,657.4995873171848,646.407454747296,647.0958862304688,1249700
2023-01-30,630.2346462056717,638.2240728673632,627.9270130744608,630.5352172851562,1209900
2023-01-31,631.4176491031261,640.7645298200429,627.616865182168,640.7451782226562,801800
2023-02-01,639.4748521431976,664.2576140092307,635.9455240979072,657.8970947265625,1274200
2023-02-02,675.7084721887294,677.347084511405,664.1218396615764,675.3690795898438,1318600
2023-02-03,657.8195127174793,672.2955099614162,657.3153060869308,658.9539184570312,1015800
2023-02-06,647.071915456256,650.3951591543454,640.8239160210915,643.2337036132812,783100
2023-02-07,640.5811383444211,664.3391276717172,640.5811383444211,659.509765625,1236100
2023-02-08,652.4648336675078,655.7880774479814,642.6409990976897,644.030517578125,763900
2023-02-09,654.0682433470811,662.9690151386907,643.2824375689811,645.3327026367188,686500
2023-02-10,634.6050863744917,638.5695641004119,630.2810264977735,637.7727661132812,731800
2023-02-13,640.4742674763477,653.9711450138457,638.715499324562,649.812255859375,596000
2023-02-14,642.981139186585,661.7056853691552,638.6085061143007,658.3047485351562,1013400
2023-02-15,643.0880897007362,658.3048285463901,642.2912915715824,657.65380859375,683500
2023-02-16,640.0563835286722,649.2874986506364,636.8983704606318,637.7048950195312,946300
2023-02-17,632.3314327079273,639.376231612472,629.066547035655,633.47802734375,1149600
2023-02-21,619.9518125421594,625.7139630593007,611.7118489342922,611.9547729492188,1022700
2023-02-22,614.6561196694514,617.4157628550415,602.8694405218337,606.54248046875,1017300
2023-02-23,623.9554172816637,624.6841895854071,608.94269596302,620.02978515625,1093000
2023-02-24,601.8978938700802,606.9895735163077,595.3777896760334,600.8776245117188,995700
2023-02-27,613.5386791372331,621.2734023356722,608.5344792298996,614.1897583007812,804500
2023-02-28,595.115324727353,607.5530237070107,592.8707089712883,600.245849609375,1381700
2023-03-01,603.4913313212274,605.483296555068,594.6391936824808,597.5445556640625,794300
2023-03-02,589.1588476122179,607.3976042804878,586.1562802562552,606.5036010742188,795800
2023-03-03,607.6503677080416,619.62167541252,604.1717370245251,619.3399047851562,1024100
2023-03-06,609.5645331958165,615.1906334512603,602.3059309571827,603.3942260742188,1403000
2023-03-07,601.8200949573649,604.1424634071439,588.1677734573683,591.8699340820312,1033000
2023-03-08,594.483725610452,602.986067393518,591.7921674551724,601.86865234375,1081800
2023-03-09,599.604565595568,606.2315406234569,587.4486369617321,587.62353515625,983800
2023-03-10,596.7187248131447,599.8767380564971,582.4639554869831,584.193603515625,1043500
2023-03-13,576.3324643099068,595.6206107897342,573.1939044593663,587.6624755859375,966900
2023-03-14,600.0127000083237,602.8889422211299,593.9785043323074,602.7431640625,844600
2023-03-15,583.7174352811072,591.8505887447524,579.7237772949261,589.5184936523438,1047200
2023-03-16,583.7465646429541,613.1598312481016,582.0363696293517,612.7128295898438,1063200
2023-03-17,615.7736032925307,620.3308607173155,609.0688759741467,615.754150390625,1109300
2023-03-20,628.0072586338555,629.9798304391411,621.0110339492336,628.0364379882812,935600
2023-03-21,633.2643129055198,637.2676975230565,617.2215950742899,623.9554443359375,848500
2023-03-22,624.8006830462812,642.6799176061171,621.4385927012255,622.2451171875,955500
2023-03-23,639.1234216064177,654.8649112308118,636.402684224978,645.3616943359375,1171500
2023-03-24,637.4910529977287,640.2992694539481,621.6426891945544,629.2025146484375,842700
2023-03-27,636.8204687936334,638.8707333323532,624.8491657156719,625.8208618164062,800300
2023-03-28,625.8696451132159,626.3749462338678,614.4813914527042,621.6039428710938,793200
2023-03-29,631.1847293380577,646.3431668534395,630.1158278969225,640.4644165039062,1101800
2023-03-30,656.0893742295848,661.3656781873996,654.4472050586982,657.5274658203125,892500
2023-03-31,655.9824918605393,663.8434818422671,654.5637938888698,661.4434204101562,681600
2023-04-03,655.7005847342919,656.6139815357614,648.5003419784707,654.9135131835938,657200
2023-04-04,656.7501318105194,662.3082064481631,647.2080665652558,649.75390625,877900
2023-04-05,644.8759349660694,645.9642893759864,638.7056872357587,645.1091918945312,850300
2023-04-06,639.6675904818705,646.3723179208107,636.7719548120006,638.52099609375,679600
2023-04-10,631.5346220311426,643.2532780182381,627.220287725525,642.9132080078125,688700
2023-04-11,650.5604434866647,653.6990037703845,640.3187258321859,641.0961303710938,787400
2023-04-12,650.0746785623284,652.9800415795376,635.1882812117819,636.1307983398438,897300
2023-04-13,643.5836948327749,651.8916872120898,641.1738474255327,646.5764770507812,1118600
2023-04-14,646.5764381423168,653.601843038377,640.7074135755187,647.3441162109375,645900
2023-04-17,620.6612617715801,623.9261469826495,614.3841418671371,620.9527587890625,1536500
2023-04-18,626.4429528276003,629.9216425365178,618.7374075129446,625.1214599609375,910300
2023-04-19,607.0770300965163,610.17674387118,599.4200580006254,605.9498291015625,2266100
2023-04-20,607.6598657844085,621.768912295573,607.6598657844085,615.6375122070312,1692900
2023-04-21,617.5226870074806,619.1065566233831,610.030887645898,616.5120849609375,982000
2023-04-24,622.692253945709,623.1586492642259,609.1856495397554,609.6229248046875,1431400
2023-04-25,608.738538028372,608.738538028372,588.61474609375,588.61474609375,1404900
2023-04-26,596.3494004352444,597.7195253746145,589.0131055311174,591.8601684570312,844200
2023-04-27,604.1620269900297,613.4319902747591,595.4264849202399,611.4302978515625,1127000
2023-04-28,613.0043554928203,619.300988276488,608.787226474788,618.8345336914062,823000
2023-05-01,618.8326680674388,622.9355013429687,617.8873931726954,619.027587890625,469300
2023-05-02,616.7567279242671,621.2883597989211,612.5272603570087,617.9066772460938,738100
2023-05-03,617.799542931846,628.2368818819284,614.6614949644122,618.5791625976562,582900
2023-05-04,616.0356479862053,623.0620990700191,613.8136694145849,618.8812866210938,614000
2023-05-05,620.4696601149836,637.5630576306054,617.7604718534994,633.7623901367188,801400
2023-05-08,635.1561002635641,638.3233535445102,632.6807914202917,638.3135986328125,518900
2023-05-09,624.1924876878501,627.476680717816,622.0290387639192,626.6775512695312,746100
2023-05-10,637.7190753084595,643.5858213278389,635.3022367138917,640.4088134765625,813600
2023-05-11,634.2108687566458,635.6726780628761,628.7242064021011,633.6358642578125,560600
2023-05-12,632.8074716971471,634.4251810100366,625.75175612542,631.0240478515625,375300
2023-05-15,630.410037992768,639.0054824498347,628.4609592355511,638.9957275390625,893400
2023-05-16,636.1599406296335,641.1203135098282,634.9904813016543,635.448486328125,709600
2023-05-17,640.2626134499652,654.3057591309195,636.1500858449385,653.4286499023438,1162700
2023-05-18,658.0772242792788,679.4975807562753,657.8823045076051,678.211181640625,1459000
2023-05-19,680.228663903492,682.0510482588938,676.1746052015164,676.3305053710938,949700
2023-05-22,673.2704093677601,681.7878758989465,671.2921249229381,680.8523559570312,856000
2023-05-23,673.260487738473,675.7261008507294,661.5757704214776,664.099853515625,958600
2023-05-24,651.0508555849218,653.760103944195,644.3460190706077,649.8131713867188,1159300
2023-05-25,683.171745368896,692.8878762877891,676.0965786050513,690.4417724609375,1929800
2023-05-26,698.4036609629941,723.4103149416989,697.419366685606,717.1927490234375,2349100
2023-05-30,724.2094748481996,728.1076324792451,707.0770554050285,709.7180786132812,1411100
2023-05-31,708.5583499605807,711.4527033510915,695.1194734031405,704.5237426757812,1347600
2023-06-01,705.7614179126592,714.064452830368,700.2552467244573,708.2659912109375,992100
2023-06-02,711.413835780439,713.8988996119309,701.4345608064787,706.2000732421875,813800
2023-06-05,706.1903177246603,708.1296418131376,700.1092007601908,703.8124389648438,663700
2023-06-06,689.7303614448391,699.3685717990058,685.0525835354429,698.38427734375,845400
2023-06-07,695.1976330492467,701.8147957461922,687.6059901237662,692.1278686523438,921200
2023-06-08,692.9949622886696,702.0776768800393,690.3344886886932,701.7171020507812,762400
2023-06-09,702.2141363255488,707.1355486000426,694.466535883319,697.6337890625,864500
2023-06-12,703.6078024022422,712.1642882291386,701.6684782086256,711.5795288085938,1058900
2023-06-13,718.4499437043576,720.57449204561,705.3716409596292,718.4987182617188,876100
2023-06-14,716.685993862258,722.8353350959816,709.6205832134414,721.3638305664062,821400
2023-06-15,704.8552460457732,725.4862318601635,703.92942156826,719.8826293945312,820400
2023-06-16,712.7781839986752,714.493323482078,701.6684103752663,703.5005493164062,1337400
2023-06-20,702.2726068246226,706.2877045608178,692.4882522556406,702.0679321289062,799300
2023-06-21,700.323603881972,701.2299185221327,686.9139302102253,689.2918090820312,820300
2023-06-22,684.1072706998985,699.4757788063598,682.5187664367659,699.1444091796875,699800
2023-06-23,680.3259531032229,683.7661058461923,678.2014642810251,680.121337890625,916900
2023-06-26,685.1792785323702,695.9381736736354,682.4018051461762,682.4115600585938,714000
2023-06-27,688.9019595634635,708.158809091198,686.5825509187981,706.6190795898438,1115800
2023-06-28,701.1129524356446,711.413842192529,699.0566883453363,705.7517700195312,866400
2023-06-29,709.0944080610919,710.8096070541276,703.2179659568835,704.93310546875,768100
2023-06-30,704.1340362654345,708.9287538334455,697.4388953414959,706.2974853515625,963600
2023-07-03,715.3021923868896,718.4012206611502,707.6618365044925,715.1950073242188,531900
2023-07-05,702.8379014359627,704.2119759634309,696.2500048789192,697.4486694335938,954800
2023-07-06,683.863556828813,685.7639206737056,675.5799714115817,681.5051879882812,1218700
2023-07-07,680.1310482920264,687.7714036228915,675.998951410128,679.0005493164062,1352000
2023-07-10,685.7932688217248,694.6810650272153,685.520369188533,691.7574462890625,930900
2023-07-11,690.8705322253419,691.7086814089658,677.9773935522646,687.0503540039062,623200
2023-07-12,710.9460503071876,711.9010799499432,703.841619531731,706.4046630859375,1311700
2023-07-13,722.2994430653526,732.366453012994,721.354168277097,731.6257934570312,1209100
2023-07-14,741.2834054575056,752.3248938402506,732.8243512698004,734.8222045898438,1843900
2023-07-17,725.5446336725677,737.6483972061726,716.7542686403041,735.2802734375,1355200
2023-07-18,729.7350548850286,740.6499075237157,723.5467537922622,737.7555541992188,1220600
2023-07-19,720.3796695509121,723.9172529853889,694.9734155583856,697.5559692382812,2406200
2023-07-20,679.2539772194878,680.0433517721605,656.1964006637788,658.9153442382812,2918800
2023-07-21,677.6069676735967,680.0920311734246,671.7207712859507,675.7066040039062,2524100
2023-07-24,667.5595749974141,671.2140982182028,663.515212173939,667.0527954101562,1145300
2023-07-25,667.4815556634978,677.616789921581,667.4718007518323,669.8009643554688,1061900
2023-07-26,662.6186474352894,672.5979225841172,660.1920535520932,666.8773803710938,752200
2023-07-27,696.7371860151497,702.0776427782021,685.6566780341958,690.0908203125,1488800
2023-07-28,696.2402072342607,703.1302082350944,691.6208997907008,700.0798950195312,949800
2023-07-31,702.9254957549799,704.3093845163108,694.0572110914422,698.1697387695312,789100
2023-08-01,694.8811962438119,695.9067310826632,689.1087996591478,692.2050170898438,555100
2023-08-02,679.4002806243859,679.7323886593679,666.1951858591959,667.15234375,1025400
2023-08-03,658.1079764310949,666.9472006238191,657.0628883223602,665.1500854492188,920200
2023-08-04,669.38914774293,673.1006988293153,659.5243862480238,662.2493896484375,891600
2023-08-07,674.3604768571587,677.2808337790079,668.4806564130533,677.2710571289062,663500
2023-08-08,659.5828337472362,664.8473213878875,654.8458083038953,663.5482788085938,746700
2023-08-09,663.919485602568,668.0607318480496,655.0216602425734,656.8285522460938,685200
2023-08-10,672.1629258731834,679.1268819413034,660.374013785568,662.024658203125,913900
2023-08-11,651.2710307529818,654.406295235801,645.8698486957335,646.3679809570312,806000
2023-08-14,637.743487067089,651.2123108810446,633.6022417854465,651.0267333984375,957400
2023-08-15,642.5783264800212,643.5257077355604,635.5948175093816,636.522705078125,633100
2023-08-16,640.3223099271981,643.6430932144171,631.2291283687032,631.3853759765625,665300
2023-08-17,640.4685781024373,640.4979080523525,627.9080866649857,629.3341064453125,797100
2023-08-18,629.9982860423486,642.9983099101902,627.9764866766474,640.0681762695312,937600
2023-08-21,638.6324666687367,649.1614435978311,634.7744449275965,647.0908203125,1104300
2023-08-22,663.4017158797068,664.6812647099583,648.2529760828663,651.9742431640625,760200
2023-08-23,652.6775676891423,665.0915901176403,650.9976528211045,661.3507690429688,908100
2023-08-24,662.2199445968346,662.3761921527447,631.8051446997632,632.7330322265625,1336800
2023-08-25,628.68950558891,637.6850378818779,621.0613929248024,635.8488159179688,986200
2023-08-28,641.7578378994885,644.4437936124845,637.2942607064272,643.6428833007812,535800
2023-08-29,637.3041527789004,652.9705812958483,637.1673988832696,651.964599609375,757900
2023-08-30,651.8473501066703,655.5881113564294,648.0772589041641,653.966796875,564100
2023-08-31,644.6295311345536,653.7324886369502,641.3282417969174,645.147216796875,1100100
2023-09-01,658.3034474931109,658.8308501592398,642.1877102770333,647.0908203125,592800
2023-09-05,649.6400113236906,651.8864354586713,645.7722129981411,648.1065673828125,592100
2023-09-06,650.6361700586164,654.1913534127256,641.7773925887453,650.5286865234375,870800
2023-09-07,622.7803369182969,624.7728062083966,614.2145610347487,622.9365844726562,1236200
2023-09-08,613.7360473179436,618.2777785049753,610.6593830152804,613.2379150390625,873200
2023-09-11,616.1387649475745,616.8224747346867,603.9786981514349,613.0914306640625,1066300
2023-09-12,596.770580107214,608.4813385812693,595.9892230216352,604.388916015625,1311300
2023-09-13,600.062047635379,605.5218894048155,599.5150917548001,602.6796264648438,1077000
2023-09-14,606.3521065581464,610.249174893505,601.0290183419501,607.416748046875,1237000
2023-09-15,588.5856854148151,591.1348872825249,580.1859931281107,582.7644653320312,2841400
2023-09-18,574.4820502743171,584.4249642411035,574.3160260437173,583.8096313476562,1071700
2023-09-19,582.1589886711178,584.2198948449063,575.4099397383961,579.94189453125,893500
2023-09-20,581.7488309067716,586.8375186883076,576.0155398405768,576.1425170898438,1094500
2023-09-21,573.3197506000965,577.2168191091444,568.5631713867188,568.5631713867188,1313800
2023-09-22,580.0493163411605,580.9186037125406,572.3918734567038,573.4271850585938,837300
2023-09-25,570.0380191204248,574.2964660686721,567.0102379447734,572.4797973632812,607300
2023-09-26,562.9763813051028,565.2911821695568,554.6938294713493,559.372314453125,1471000
2023-09-27,564.5391229244351,568.6217689434941,551.1386727042083,561.1499633789062,1477600
2023-09-28,553.0432810275643,574.5993089383152,550.8652336658829,567.1275024414062,1112500
2023-09-29,586.4467159024039,586.8666945771037,573.0950900977416,574.9508056640625,1017400
2023-10-02,569.7742772920528,573.9350768779266,562.9275216894858,568.6217651367188,811300
2023-10-03,561.5600079649765,566.1798319728226,554.3518759312625,557.311279296875,1101300
2023-10-04,570.5654085636925,578.056826961395,566.9418478878856,577.099609375,1325900
2023-10-05,570.106448939248,572.9388761954183,561.9997563438568,568.1432495117188,865500
2023-10-06,570.1942031730858,586.5052919409081,564.1483585327866,583.4481811523438,1042100
2023-10-09,573.9643194605372,577.9297642642761,568.8463030631864,577.59765625,738500
2023-10-10,586.2025568032677,592.6683805745989,584.415158505838,588.126708984375,1087000
2023-10-11,587.3452623141336,592.0725708007812,584.0733036059767,592.0725708007812,981800
2023-10-12,595.4421235411783,609.6532570310619,595.4421235411783,602.3963012695312,1618400
2023-10-13,597.1027650034405,597.9427224881838,583.4288055981544,585.7826538085938,1098500
2023-10-16,587.0426092331896,591.935942975729,584.0734279833157,589.7383422851562,1154100
2023-10-17,577.1289021553573,596.1356641811593,573.270880946621,594.4557495117188,1535700
2023-10-18,568.2310722283779,578.0079012937202,560.4954765796584,569.6668090820312,2401700
2023-10-19,586.456501843288,590.4609940989592,571.2393239670355,574.04248046875,1475500
2023-10-20,575.2340789002297,578.4962609570838,564.8320806709901,566.5901489257812,1035000
2023-10-23,564.1582209979395,579.6879551000978,560.4955534845748,574.1011352539062,905100
2023-10-24,576.8652477208719,588.7225377134268,575.8983130310285,586.7593383789062,1333900
2023-10-25,583.536204537235,584.2589613937737,568.0260236216506,569.7548217773438,1322700
2023-10-26,579.2874364186212,585.0500568170675,571.9328314781383,574.5015869140625,1093000
2023-10-27,581.016161084112,582.0905195111188,573.6517804226822,576.2595825195312,819400
2023-10-30,578.9651314184732,580.6059991214062,568.9147347691409,575.1657104492188,746700
2023-10-31,585.6849045695158,588.1071293090101,579.7367070335342,584.8644409179688,1020300
2023-11-01,587.2048884871641,596.1451116964063,584.3750071564621,595.6261596679688,1005800
2023-11-02,623.7294085646795,624.2386185582221,614.054837052386,618.2654418945312,1527400
2023-11-03,629.7320560592595,633.5510118766831,625.6194079684186,629.056396484375,906900
2023-11-06,623.6412792540477,625.5213517780015,618.0499506202475,624.1896362304688,651300
2023-11-07,620.6448986518642,628.0575495215776,620.3609483484463,623.0831298828125,529000
2023-11-08,626.2558257122294,629.3011645934275,623.9057497584752,626.001220703125,727000
2023-11-09,632.9536671708689,635.881505226477,620.6742947622585,621.0758056640625,1221600
2023-11-10,631.0638648015533,649.4338572691868,627.4701087311128,647.5342407226562,1246700
2023-11-13,640.5425201122596,644.0774653271628,634.7945435610458,640.992919921875,641200
2023-11-14,660.6261485332051,664.3862934062086,655.5831771104012,661.3703002929688,1166800
2023-11-15,666.1392512188285,668.019324016859,660.9787780118112,663.9066162109375,918500
2023-11-16,662.6434181335462,670.3498216089157,660.968941964653,666.7169189453125,854700
2023-11-17,666.9029589490007,673.2972500183935,665.0816366881053,671.8284301757812,627600
2023-11-20,671.0745059819232,682.4823057479504,671.0745059819232,679.8776245117188,674700
2023-11-21,679.4466923919322,680.14195531473,665.7866556132938,670.193115234375,705400
2023-11-22,675.1380944435913,679.622907621753,669.6936714573488,670.565185546875,522300
2023-11-24,675.7256487453573,677.6546700290675,673.6007728716507,676.8125610351562,352100
2023-11-27,673.3657361847066,675.9606751228025,670.810004025905,674.07080078125,545500
2023-11-28,665.8650705797162,668.6558046895408,658.6678764439964,661.9384155273438,644300
2023-11-29,672.2396618501447,678.7024450477627,670.4378832693228,673.3167724609375,795500
2023-11-30,668.9103014908485,670.1049726497866,662.320215910322,669.5468139648438,753600
2023-12-01,673.8651434112592,681.1211468249236,668.8515765170476,677.8114013671875,857600
2023-12-04,672.4649197352794,676.3621694724799,665.0033193075631,675.9705200195312,748500
2023-12-05,675.9705688820433,682.932761476559,673.6302346248877,680.0930786132812,610000
2023-12-06,684.8910403391978,688.6512450995214,676.8516789321346,677.69384765625,657100
2023-12-07,680.915566688831,685.9291341437745,677.7037780535258,685.1066284179688,780600
2023-12-08,680.8861822146566,688.2204800524663,679.6034152201904,681.9534912109375,920600
2023-12-11,690.0711639210679,698.6588836354701,687.9952365189184,695.4764404296875,1585000
2023-12-12,700.0590714532216,705.993100946437,696.5241262095772,705.5818481445312,880100
2023-12-13,709.5868928973443,723.3252234719291,705.7581356887451,720.0056762695312,1037200
2023-12-14,728.8284767198894,740.2754830506107,728.8284767198894,738.0429077148438,1446600
2023-12-15,738.0428205625169,744.5252073239556,734.0378121792052,737.3084106445312,1507000
2023-12-18,731.834629931836,732.2556844735085,721.0143350577415,726.635009765625,808900
2023-12-19,727.5554669051949,729.5922472618195,725.1368387919321,729.2396850585938,571000
2023-12-20,724.2260558512983,734.2727928048354,714.4437255859375,714.4437255859375,1007600
2023-12-21,728.7010711428659,740.2068262560258,728.093963739486,739.5703735351562,868200
2023-12-22,737.1909438595042,740.1089802763729,733.5384377243228,736.8873901367188,597300
2023-12-26,734.5077755218581,749.8814342569414,734.4098781113481,746.8262939453125,509000
2023-12-27,745.0050802131644,748.5889746426883,742.5863922507131,748.1483764648438,486900
2023-12-28,746.2291744836091,747.2279912923619,742.0577157722811,742.0968627929688,468000
2023-12-29,742.2730683503394,744.5447905563682,736.6915407234299,741.1860961914062,517900
2024-01-02,714.825704747405,715.579718109179,699.2953962457417,702.017578125,1368700
2024-01-03,686.0367059689742,691.9511916194995,685.0574928232768,688.7491455078125,952000
2024-01-04,683.49083853813,694.7615924439883,683.0110336152525,685.7332153320312,752100
2024-01-05,686.1934618046213,695.035726053643,685.0575410065186,688.7198486328125,579200
2024-01-08,697.8362601508205,705.8560180664062,697.1115922317053,705.8560180664062,835300
2024-01-09,695.8974742963976,704.122889628894,695.8974742963976,701.0677490234375,587000
2024-01-10,701.5769380826885,705.033589787174,693.3221769742362,702.8695068359375,506400
2024-01-11,705.5133359058718,709.1364368378166,693.8998812533599,703.5941162109375,603900
2024-01-12,697.7971034721752,700.675992668209,694.8692655694722,698.3944091796875,580500
2024-01-16,693.273166101302,696.5143595064153,687.8972950238162,691.8141479492188,913100
2024-01-17,691.275598551277,698.3454894543481,681.6107686563084,697.4642333984375,835100
2024-01-18,709.616172150201,732.7158364534592,709.616172150201,729.0535888671875,2230400
2024-01-19,732.941012357398,743.6829514792142,729.2983682784558,742.0770874023438,1796100
2024-01-22,750.4690764597165,760.388511698186,749.6171656933784,750.7432250976562,1418600
2024-01-23,750.1262606350689,762.4839264497534,746.6892127371027,762.2097778320312,1800700
2024-01-24,809.6722214332428,846.6179765313656,809.3197190211698,829.6971435546875,7754300
2024-01-25,850.9363556742405,864.9195502528414,845.0512741926208,851.0147094726562,3449500
2024-01-26,845.599512014698,855.0489429113579,835.4744814136889,849.7122192382812,1614800
2024-01-29,849.5459076001855,865.056613096045,847.2153751208367,864.2732543945312,1034500
2024-01-30,855.881334389976,859.4848319998164,844.6791323515102,849.9865112304688,895600
2024-01-31,843.3179277536067,865.6244321941887,841.5945627982867,851.7391967773438,1251200
2024-02-01,863.9794600569687,875.2012656535612,858.4370794763666,872.028564453125,1040200
2024-02-02,860.9634584179659,874.4863911676706,860.8166122886119,872.1460571289062,896400
2024-02-05,868.7087818882078,884.7175150339473,864.2946111268428,881.4019775390625,950100
2024-02-06,881.6570494915535,888.4843219883818,873.8586689830221,887.6309204101562,1409500
2024-02-07,888.0232936376941,910.0941489346745,887.7976996089425,904.6401977539062,1492200
2024-02-08,900.0887956688648,910.0353495423782,893.536150888836,905.3367309570312,1150800
2024-02-09,918.8244794644286,936.118226613629,913.939482346902,931.4882202148438,1588800
2024-02-12,921.7376982404824,928.4276265471782,909.6624911024862,911.487060546875,1033600
2024-02-13,873.8586919531829,898.4211394822642,872.0538200117325,886.0908813476562,1297200
2024-02-14,897.3323171464368,908.0930562474313,895.9786332666965,906.8080444335938,1206400
2024-02-15,911.3595885095682,916.9214273144131,901.8053700043725,912.1051025390625,884300
2024-02-16,914.9399203691996,930.4287943037651,908.073432128556,911.2222290039062,1161300
2024-02-20,901.0794800239361,902.4331640161896,881.3726909577607,892.2217407226562,1044100
2024-02-21,880.3328513383956,891.3388223302782,875.6047765336871,890.8876342773438,867500
2024-02-22,928.8592890031125,941.1601507209818,923.2484158392631,933.6952514648438,1780800
2024-02-23,934.1172040604952,936.3536865157199,914.9988862980899,915.4501342773438,879000
2024-02-26,923.5524882562863,933.5677135125477,918.3437688512798,929.5165405273438,671300
2024-02-27,934.8234076831019,939.4926296660047,922.4244763433153,923.4152221679688,807500
2024-02-28,921.129501619912,925.5044568007521,917.2646475453732,921.5807495117188,519700
2024-02-29,921.5808209808351,934.2838362884112,920.5214031667516,933.5285034179688,777600
2024-03-01,933.4304057008629,972.5399551335452,932.1453938987815,972.0396728515625,1698200
2024-03-04,973.6679669690914,988.4603606250149,968.9104956969186,979.0042114257812,1433000
2024-03-05,970.8332695474733,973.1187863193107,940.4048952617151,950.361328125,1259500
2024-03-06,968.1161031789363,990.3733393739997,962.7504013149628,984.7820434570312,1304500
2024-03-07,996.298170523637,1036.192457300251,995.4644064708363,1027.4132080078125,1580300
2024-03-08,1019.0653322435691,1020.3699219000928,974.2859957679467,975.3650512695312,1638500
2024-03-11,960.8179157115427,962.3187626334427,939.2375235260869,944.3088989257812,1432100
2024-03-12,948.3600782543224,966.2031402698262,932.3513446811673,965.5164794921875,1165200
2024-03-13,964.4081654491874,964.4081654491874,940.7678486369941,950.302490234375,851100
2024-03-14,950.1160237559129,952.941038180291,932.4298827996984,941.4740600585938,876600
2024-03-15,936.5693945303746,936.5693945303746,914.0178352842269,922.2772827148438,1727400
2024-03-18,931.2527966644053,939.93403611113,921.8261030259196,923.3858032226562,821400
2024-03-19,920.6391016281146,938.3448798863792,910.3001537628687,933.7540893554688,817600
2024-03-20,937.8348695521048,955.7171493264664,928.8299670160701,952.401611328125,838600
2024-03-21,985.8414522098963,986.4790188362163,969.234365312038,971.8926391601562,1112400
2024-03-22,955.1383717956808,972.177067588005,954.0201007390413,961.2691650390625,692800
2024-03-25,960.4549864220237,973.3541994550972,957.8359282919156,960.2587890625,860900
2024-03-26,967.9199298291181,970.5194104119367,952.3134070956268,952.7744140625,706000
2024-03-27,960.1116576481564,960.5236301812942,945.6822014297317,955.4326171875,572100
2024-03-28,951.0577689943107,953.3335268382612,943.30848155078,951.960205078125,685700
2024-04-01,961.0729848869116,1003.1547145402453,961.0729848869116,974.0114135742188,1108500
2024-04-02,949.66481112361,955.2659255512438,938.8647958448696,948.2719116210938,964000
2024-04-03,947.4578098477798,967.6550639811447,943.7498769154564,961.5733642578125,892100
2024-04-04,973.0697664103827,977.7880228916498,935.2060081097769,935.2255859375,1269700
2024-04-05,957.8750674109647,967.7824046308613,948.4777714399127,960.8668823242188,878400
2024-04-08,970.9704472186885,977.1993688228829,961.4358666930092,963.9666748046875,929000
2024-04-09,974.7863257184256,981.1231352910188,950.8713221820286,970.950927734375,717500
2024-04-10,944.4462534197531,964.7219962633554,944.4462534197531,956.0211791992188,722800
2024-04-11,962.8288451462065,973.2659223645851,944.9563846817806,973.256103515625,964700
2024-04-12,951.3225284394903,953.608104868598,938.2565750143078,943.4947509765625,1031000
2024-04-15,966.6249191866589,969.8619658155237,932.9595025302127,936.6085815429688,1077500
2024-04-16,940.0223147965502,959.9449394044367,938.9433190648544,958.2871704101562,1506500
2024-04-17,924.8277754112554,924.8474131098359,878.7536633112686,890.2991333007812,3774100
2024-04-18,883.9329829649776,886.3656629025169,869.4937654542416,872.0736083984375,1653700
2024-04-19,870.5137580907468,879.1165060395376,839.271260720629,843.1458740234375,2486800
2024-04-22,853.4064700696061,863.2157398405212,846.0103022159075,855.4173583984375,1143900
2024-04-23,862.5290064759363,890.7404735449242,858.3110328032228,884.374267578125,991300
2024-04-24,895.6353161954354,897.5481356718925,865.1480906264301,875.3007202148438,860600
2024-04-25,858.3110177075057,893.6832385109877,854.3873101979857,885.2963256835938,1114200
2024-04-26,896.7311867084229,910.6106738193319,896.0234193793283,903.3170166015625,865100
2024-04-29,896.3183316384849,897.6945092780788,885.7318190656996,894.2738037109375,650800
2024-04-30,880.8365815873557,891.7278712238339,856.3803612459552,857.6090698242188,1093000
2024-05-01,856.2723024965021,865.5908697300486,834.676547980896,838.3135375976562,1458200
2024-05-02,860.0959342766098,863.044834622701,847.6613804857127,855.4563598632812,876800
2024-05-03,879.3523349225135,889.5456962899403,873.5331280122228,886.2723999023438,1038000
2024-05-06,893.7135262088595,902.7174767027728,889.6145709945719,901.302001953125,642000
2024-05-07,909.0772470154475,910.6008336310435,892.1800444951444,892.7501220703125,655000
2024-05-08,889.0345374472757,901.1151783977898,887.9336193783445,895.9447631835938,555700
2024-05-09,899.1197673026026,902.5306333893021,891.9244429403293,897.9794921875,756000
2024-05-10,909.2442801149544,923.0058151653429,909.2442801149544,914.4441528320312,814100
2024-05-13,911.8786925661741,913.1762160252222,898.6872940591561,901.6165161132812,745700
2024-05-14,897.3504896111358,900.7711951582457,890.4500429083437,899.4442138671875,592000
2024-05-15,903.0026316166146,921.452880859375,895.1388958511467,921.452880859375,883000
2024-05-16,920.5485209391929,922.8191721254574,903.2876242170794,903.8773803710938,811100
2024-05-17,905.115827910181,915.1125835830625,900.6040438434923,909.2147827148438,703700
2024-05-20,910.0110540895946,930.5943217651228,910.0110540895946,923.4383544921875,669300
2024-05-21,905.2534415735106,917.6781562473263,899.7488515258868,909.5097045898438,746400
2024-05-22,915.3485622511619,917.5995346907363,897.9303588470356,906.6198120117188,668600
2024-05-23,951.0990943430913,952.9765346538647,911.6132722495153,918.3367919921875,1357200
2024-05-24,922.2785094794139,942.2425643052712,917.8256407390488,939.9325561523438,684900
2024-05-28,956.2302410335733,975.968234272391,948.8088525285731,974.9557495117188,1184000
2024-05-29,945.171802748604,949.0545339700645,939.6573728849003,941.5643310546875,902000
2024-05-30,940.6992874430393,952.6423588210165,936.5708146212982,949.6639404296875,846500
2024-05-31,955.2571326917936,963.3076346094226,917.0393719394824,943.9923095703125,1040400
2024-06-03,952.829148855495,955.6993953674257,932.2359805691366,949.0348510742188,752800
2024-06-04,945.8500504447335,947.2950429704235,926.9377770842102,934.61474609375,765400
2024-06-05,1001.987289549264,1023.8190660800577,991.7153333993554,1023.6027221679688,2586500
2024-06-06,1030.1492015348288,1036.4794501012216,1015.3948603372252,1034.6806640625,1370700
2024-06-07,1022.5313486482852,1025.9618936337454,1009.0352319017094,1010.9028930664062,936200
2024-06-10,998.8317811965873,1028.3011031996193,996.6495639593027,1023.9661865234375,1039500
2024-06-11,1009.9886889204721,1021.2142145424875,1002.3215588077795,1018.3635864257812,789500
2024-06-12,1041.1093609679451,1058.8715191137078,1037.6492984647114,1050.6539306640625,978400
2024-06-13,1035.7816981765986,1042.9278867784503,1021.047033861833,1034.779052734375,1106300
2024-06-14,1004.0614749048692,1013.4389583135652,999.2842097763418,1010.3917846679688,1047200
2024-06-17,1026.4042176222897,1036.4207133913421,1015.0805389776185,1034.543212890625,844400
2024-06-18,1024.4481539167716,1051.2046067066956,1024.25160851426,1043.301513671875,1025300
2024-06-20,1040.2050639947497,1045.0413044353427,1027.220109385664,1032.8426513671875,1150300
2024-06-21,1020.496584839176,1021.3025648661943,1005.7815397858218,1018.9434204101562,1626000
2024-06-24,1015.5718447873602,1017.0855320547565,984.9425659179688,984.9425659179688,1027000
2024-06-25,988.0389719512218,1006.0567718290263,985.5619361874009,1005.9093627929688,621600
2024-06-26,996.7284287307365,1006.1648868980194,986.8004871173338,999.2841186523438,885100
2024-06-27,1011.9054534927394,1023.9664773356393,1007.1872840617367,1010.4998779296875,784300
2024-06-28,1010.4899470101229,1030.9455452646716,998.1537247339608,1005.3096923828125,837600
2024-07-01,1017.9111994371237,1020.4275317573279,998.4975473978016,1015.88623046875,791000
2024-07-02,1009.2808828073739,1030.1394103812254,1008.3863493843205,1030.0411376953125,748700
2024-07-03,1040.3623957526306,1056.0014333914958,1037.433173465141,1053.16064453125,779800
2024-07-05,1061.3584772566671,1064.3467349368484,1051.1257585485005,1056.17822265625,771100
2024-07-08,1064.700595090668,1069.2615757914655,1057.5052103677187,1059.0386962890625,881900
2024-07-09,1061.3093231808461,1063.0983901494374,1041.3059705897706,1041.9154052734375,925400
2024-07-10,1050.978340266766,1081.833686186663,1046.8597664807426,1080.2314453125,925400
2024-07-11,1091.0734659967422,1091.1815779454707,1043.4782904863357,1044.4022216796875,1151400
2024-07-12,1054.487572060129,1081.8730152567096,1048.1376443385727,1066.774658203125,1053800
2024-07-15,1078.747109154904,1080.0151748201517,1042.3085799132837,1045.5130615234375,1365600
2024-07-16,1056.2177414287455,1058.7046767869715,1042.672427096569,1049.9954833984375,1197600
2024-07-17,961.9118473655875,963.2978044140722,912.8814494364362,916.1842041015625,5188400
2024-07-18,937.2588657334911,940.9056942452248,895.4827757558578,908.4088134765625,2242200
2024-07-19,899.640725682968,904.663731853796,876.4721899640521,880.1190185546875,2133600
2024-07-22,912.3800326444057,926.5151012078439,906.3053045128371,925.2274169921875,1926800
2024-07-23,919.4476189480009,924.3919114467493,913.3532119354012,916.92138671875,1056200
2024-07-24,902.520901893014,904.0051915760762,855.9283047969824,857.8843994140625,1912000
2024-07-25,858.1300680731293,871.2723301808608,835.6987571469424,847.9367065429688,2075900
2024-07-26,878.6937100550009,880.315629356272,867.2028251747334,873.2579345703125,1681600
2024-07-29,873.4972316029415,884.3397587521528,855.8006173976132,857.3073120117188,1231500
2024-07-30,878.9235144498024,880.3416119362081,842.9787432706228,847.1542358398438,1682100
2024-07-31,911.4410654602411,927.9066929891178,903.0900218303237,922.4509887695312,2406800
2024-08-01,908.9988252391237,913.6470565263083,858.5481479427417,870.2671508789062,1808500
2024-08-02,811.662471360772,815.9857061170045,783.783118967783,797.038330078125,3624100
2024-08-05,763.2107934205982,826.119063369402,755.7362251387325,807.8709106445312,2815600
2024-08-06,827.5765666210219,846.9276780757231,822.8200830683257,830.186279296875,1995700
2024-08-07,863.6592267045802,865.0280966890472,821.9337566722119,823.6275634765625,1521600
2024-08-08,847.8731037048979,865.2644977151186,836.341271861526,863.3146362304688,1447700
2024-08-09,842.220331566761,852.1371552296017,835.6320965854577,847.4594116210938,950500
2024-08-12,848.6411947199429,853.7817600508429,839.8470436863306,839.8864135742188,1151200
2024-08-13,847.705676843613,859.395108056019,843.2938449089438,856.2634887695312,1526600
2024-08-14,874.0881136278916,876.8455083417641,857.218688328578,866.199951171875,887700
2024-08-15,886.6933948816538,916.6506328341206,882.6655850007893,914.1295776367188,1459000
2024-08-16,902.2235153820933,908.4277290209848,899.1411836671545,904.6854858398438,804200
2024-08-19,903.188610365231,919.506557079877,895.6155871541336,918.955078125,1024600
2024-08-20,921.7419761208374,922.1359154161307,903.3953684217876,912.091064453125,921300
2024-08-21,919.516351300383,930.6740177330489,917.4975476389582,929.2559204101562,646500
2024-08-22,928.6552528082956,929.6301834884454,890.8295652993936,893.902099609375,1092600
2024-08-23,899.0229404276588,908.1027185964023,889.3917433955418,893.4589233398438,1395900
2024-08-26,889.7954752866825,890.8787783301581,869.0263265857748,869.8732299804688,1251500
2024-08-27,866.6136105901085,882.1338821422945,861.1775605258989,876.3433227539062,661600
2024-08-28,877.1509081378053,883.808086338854,867.0272560553339,874.6199951171875,727300
2024-08-29,892.2771371013275,900.6183238780919,869.5580675655053,874.206298828125,1173800
2024-08-30,886.3585245779437,893.1338715694726,875.4175431237462,890.1204223632812,991200
2024-09-03,879.0219660850141,879.149993365785,828.8470529368957,832.5301513671875,1870800
2024-09-04,792.7545168634181,810.2049352653929,787.0722696015689,799.1359252929688,2350900
2024-09-05,783.5860939048384,795.758061144134,778.4750409471037,783.4974365234375,1672000
2024-09-06,780.7400051235411,780.8778898851729,739.4478466969845,741.338623046875,3286800
2024-09-09,752.4569684404148,752.6539380975025,726.9214181785287,738.4138793945312,2539900
2024-09-10,738.5024644231229,740.5606981294997,723.0807082467887,739.9501342773438,1524000
2024-09-11,758.316427807574,789.406135981499,747.1882739234724,787.9683837890625,2559100
2024-09-12,789.1993976148334,796.3883391582765,781.6460291541902,787.9979248046875,1318700
2024-09-13,791.8877927715007,806.1672200521435,791.6415957494206,803.9415893554688,1069200
2024-09-16,796.6542076124698,796.9200595284512,780.0900644620629,790.82421875,1150100
2024-09-17,796.3981818832948,799.4214886898617,784.4231244254465,793.4339599609375,734600
2024-09-18,787.9191227510819,798.5744769014118,774.4077990143891,775.85546875,1249000
2024-09-19,820.0034766273963,826.8773383225214,809.7124291338672,815.5620727539062,1644300
2024-09-20,797.2450548779701,797.8654761918764,777.6477475704115,783.1823120117188,2748600
2024-09-23,795.3247476071675,795.3247476071675,785.870805359788,791.2772827148438,965600
2024-09-24,797.2352344242247,804.0795240847425,788.815307767151,801.6175537109375,881200
2024-09-25,803.9318295385897,814.6266751583036,801.6176012925268,805.7340087890625,878200
2024-09-26,847.2428325286074,848.8874119608829,826.9266475475041,839.4728393554688,1566400
2024-09-27,839.4827823033974,841.1569344027251,825.4495492967468,828.7387084960938,1038400
2024-09-30,823.824557106715,829.3492044859101,807.2308999709752,820.5747680664062,994700
2024-10-01,826.9069106909564,828.4727503041897,799.5495270034061,809.8405151367188,1244100
2024-10-02,808.3141319129047,826.5032009832838,804.079554729911,819.5308837890625,898400
2024-10-03,813.3463744269206,824.769953310542,811.2586283063571,819.7474975585938,651900
2024-10-04,823.3321441675515,826.5721357413495,813.3956651116217,820.3285522460938,862500
2024-10-07,799.372268538203,810.4807085589773,798.6731073672744,804.8181762695312,898200
2024-10-08,809.9882598071957,818.1915619917145,807.5952317964963,811.7214965820312,1265900
2024-10-09,817.2067953079817,833.2489731820098,813.7994065539743,833.0323486328125,1004900
2024-10-10,812.4503522601825,822.9186567590533,809.0035931899878,821.2838745117188,876300
2024-10-11,817.2954229613509,832.1460461533491,815.8083831316258,827.901611328125,964700
2024-10-14,839.5515941394419,859.9662327992918,839.2068822306143,859.0011596679688,1769200
2024-10-15,854.0280057579051,860.3602468653324,706.5855432670434,719.31884765625,9350700
2024-10-16,700.1547605126749,706.5657406049545,666.9674499168447,673.1223754882812,10296200
2024-10-17,682.1036905751135,693.1726999576957,666.8197589855753,689.9425659179688,7209100
2024-10-18,706.75288143367,715.4092075769834,702.3311923407449,712.2578735351562,4537800
2024-10-21,712.9867329514811,713.8237789682023,698.0080811912541,703.2373046875,2184800
2024-10-22,712.001837209832,713.0949376380319,706.7233871161525,709.943603515625,2067000
2024-10-23,703.1880301327277,705.4136611702446,689.4502221754591,697.8406372070312,1681400
2024-10-24,709.0376631283228,709.0475206276263,695.7036522260443,699.997314453125,1854700
2024-10-25,705.0984990686238,712.2480710721236,700.4108975838664,700.873779296875,1380100
2024-10-28,697.6141236749598,700.6768005348941,693.2810315755632,697.8701782226562,1182800
2024-10-29,698.5916860273783,706.6857042151282,694.594048703333,705.8960571289062,1445500
2024-10-30,684.5851752935955,686.6284257468452,673.7964634723778,674.9908447265625,3085200
2024-10-31,674.1517413642941,674.1715021219144,658.5954464050739,663.8565673828125,2398300
2024-11-01,669.7789913923474,673.9345942533198,664.7548189147398,666.0083618164062,1801700
2024-11-04,667.3113029357734,669.6605436546852,662.1489256797308,662.4844970703125,1232500
2024-11-05,664.8041842577168,676.6589520108226,664.7646627422265,667.716064453125,1282000
2024-11-06,659.9082717041184,664.3402240631577,646.3064241149079,652.8803100585938,3208600
2024-11-07,665.3963337674608,671.0523078546064,661.1519282923007,668.456298828125,1758300
2024-11-08,661.3395843916578,662.563546520391,653.3344286575909,660.81640625,1726800
2024-11-11,663.0866440358159,663.3037713726732,653.383690862247,662.632568359375,1520100
2024-11-12,663.9455103394157,667.7950630266229,654.262316218303,660.5302124023438,1711000
2024-11-13,656.0290859756869,664.9719735820976,648.290459920247,664.7054443359375,2453700
2024-11-14,696.5582975828129,702.796611816119,682.5912381445861,684.0027465820312,3925300
2024-11-15,669.5914657363386,671.0918374089839,649.020878495279,650.1165161132812,3063200
2024-11-18,642.6542243513187,660.2142477002308,639.6239001872443,656.6311645507812,2010600
2024-11-19,654.2523936889509,662.7313255822917,645.023215672546,653.6008911132812,1640700
2024-11-20,648.0436631013913,649.9684090290743,637.1068673087932,649.9190673828125,1677800
2024-11-21,645.4673989300819,664.3600093311744,640.6307725848219,663.4716186523438,2859000
2024-11-22,659.1680201438805,666.0775383010412,657.6084263194663,664.182373046875,1275600
2024-11-25,676.1456146032817,677.8335326437003,669.2360973737591,675.6224365234375,1511300
2024-11-26,670.8055548647883,673.0362911943407,658.2104826997128,663.2839965820312,1424100
2024-11-27,661.1025681930175,663.994687242382,651.0837448689634,661.813232421875,1231800
2024-11-29,670.0949201764225,690.606346772246,669.7691688881548,677.73486328125,1706500
2024-12-02,672.9377471320416,704.4550149533585,671.9013314079249,702.2735595703125,2325900
2024-12-03,693.5675969297421,712.0061327308482,691.5638077143291,708.7783813476562,1647200
2024-12-04,714.434167797756,715.5693268358061,707.6628555738622,710.6141967773438,1529800
2024-12-05,719.7250420830552,719.7940842474294,698.8484025688466,702.3031616210938,1801100
2024-12-06,702.5400688579924,707.9393951945694,697.9403303316279,699.8157348632812,1215400
2024-12-09,704.030500666746,713.8617789787837,696.528762683118,697.3875122070312,1267500
2024-12-10,707.3568901025993,709.0151670173279,691.5143661306544,696.1536254882812,1214700
2024-12-11,702.6880444433169,708.71905143867,697.3578213507263,705.1951904296875,1217600
2024-12-12,704.1193946562163,710.5748369366356,701.4444024238255,703.8824462890625,868700
2024-12-13,709.2916259765625,715.6088631989376,706.9620856342145,709.2916259765625,1455700
2024-12-16,710.7425204720585,721.5509912826474,704.109413054507,713.0424194335938,1542800
2024-12-17,730.4347743067389,735.4885884660287,723.209385255672,725.6869506835938,1753300
2024-12-18,738.8346608519186,747.4024546838488,706.2315825028035,710.1897583007812,2257000
2024-12-19,708.4723369411098,711.5125416160804,699.618312411209,701.0791625976562,1620800
2024-12-20,691.0998619014135,711.0881097276069,687.2798904698826,696.558349609375,2701800
2024-12-23,697.9598544525246,712.7166196969816,697.9401539440963,711.7196655273438,1232600
2024-12-24,707.1299505787226,710.8907000730266,705.7579032727092,710.4070434570312,586800
2024-12-26,704.9780537076653,711.1867266906252,701.9180885485026,706.606689453125,734000
2024-12-27,708.2155795501174,708.2254599276275,699.4306587733022,704.3660278320312,942300
2024-12-30,690.9517608793201,693.72543625243,685.4932130501915,687.1515502929688,1202600
2024-12-31,692.3237977633323,693.8932115731145,678.544224021021,684.1212158203125,965000
2025-01-02,696.2226573883618,702.7570810945194,687.3389932293459,691.3662109375,1115100
2025-01-03,694.0709189521947,708.294688858353,693.4984594163814,705.1261596679688,1062900
2025-01-06,741.3517799348684,770.9936404295058,739.9600321334192,758.5762329101562,2761100
2025-01-07,764.9823488052996,768.3285441191655,743.7503774590638,747.7875366210938,1490200
2025-01-08,743.2666460640125,743.5923973196725,727.4734636775262,734.3632202148438,1185400
2025-01-10,741.292464366358,741.5885744733215,725.894136342184,729.4574584960938,1515800
2025-01-13,711.877816038794,719.576981570136,708.3144931817435,718.0075073242188,1321800
2025-01-14,728.0065475973205,729.9609951151535,718.6491052105313,726.772705078125,1022600
2025-01-15,729.9016690933298,734.8468585988909,715.8161056222068,716.9117431640625,1864400
2025-01-16,748.9917386870542,761.5868125586511,738.7854272712539,740.5819091796875,2407600
2025-01-17,757.9839847198152,759.2573487640844,741.7861265486259,746.5537109375,1933600
2025-01-21,753.137451171875,757.8062918459603,745.7245158990589,753.137451171875,1332000
2025-01-22,767.6967124555706,774.6753320374922,755.9900306630077,756.7994384765625,1699900
2025-01-23,730.4445432173994,738.0844853217579,726.486367364512,736.593994140625,1751100
2025-01-24,739.6737332203642,740.3054750181376,719.8730318583943,722.784912109375,1505700
2025-01-27,664.0934165330704,681.6731999921091,663.2544278303998,681.2290649414062,4947800
2025-01-28,670.025793295985,684.4864509364673,657.9834789114273,674.5169677734375,2811900
2025-01-29,717.7606239714788,719.0438682265678,695.4922394034619,703.438232421875,4971500
2025-01-30,730.5334085818873,735.952495191159,721.1365055159151,727.463623046875,2745600
2025-01-31,738.4201388162894,744.8459392850455,728.2335289600308,729.7536010742188,2125700
2025-02-03,709.8344453139256,725.9434982916189,708.6400642285222,721.6102294921875,1647200
2025-02-04,727.3747132544414,733.0898489144481,719.8532156567562,721.9556274414062,1497000
2025-02-05,719.8138585135272,733.603314088854,713.0623058626126,732.9913330078125,1249700
2025-02-06,728.1545389256562,732.813498759329,725.5091881350812,729.575927734375,1120200
2025-02-07,729.4969660270006,732.7247170131276,714.3947471519933,718.293701171875,1312400
2025-02-10,727.1970653005328,735.9228252121848,726.3679569503125,734.4619750976562,985700
2025-02-11,736.5986157491432,745.3230243261177,735.8172001761136,744.8185424804688,1096700
2025-02-12,730.34707980227,748.5872130452354,725.6090198303558,747.9739379882812,1077800
2025-02-13,746.5891669647914,768.5682983398438,744.591042158476,768.5682983398438,1674100
2025-02-14,769.7849637899259,769.9234608410619,740.5651650541149,743.404052734375,2047300
2025-02-18,749.2301213556736,750.703961607735,730.5943012751796,736.1533813476562,1715400
2025-02-19,735.8963723057567,744.7097718443723,733.6509571103533,736.7272338867188,1457900
2025-02-20,743.2061867764663,747.3211308637862,732.3946629300361,735.0357666015625,1185900
2025-02-21,736.084201319041,737.6272901039688,725.2528760144522,729.2194213867188,1472300
2025-02-24,738.042721931748,742.7412368101658,726.7366186375662,727.9829711914062,1471200
2025-02-25,724.253834804025,730.9702166286079,718.3386710185266,722.2755126953125,1691200
2025-02-26,735.757769077712,745.5999334611047,730.9009545815035,738.8340454101562,1401400
2025-02-27,735.3621757962436,736.7272230327491,689.3562803888183,690.1377563476562,2342800
2025-02-28,699.1588344674338,705.7664231676048,689.9497473242974,701.3943481445312,1773400
2025-03-03,714.223779819689,724.4121273551232,684.9742780435668,692.2742919921875,2284100
2025-03-04,690.7015957402751,713.481946297063,685.1820594571616,700.543701171875,2044700
2025-03-05,723.6900489124022,732.5232504097019,711.5035767512129,731.73193359375,1754300
2025-03-06,711.0583427059564,723.2448131623876,703.2934532018994,707.0918579101562,1427900
2025-03-07,718.2892550075662,726.0443052134706,707.744823406319,724.2835693359375,1426400
2025-03-10,690.4146933333465,691.4236570451553,668.67295016098,675.7058715820312,2321500
2025-03-11,691.2455441337344,694.3910690821806,673.8758782109531,682.7288818359375,1616800
2025-03-12,696.5078891624995,700.6227726424801,689.1880731072182,695.7462158203125,1306300
2025-03-13,690.2762361054972,697.6553395665517,680.8000554851309,687.0614624023438,1399500
2025-03-14,700.0094812771393,712.2256564104757,697.7146204072637,706.260986328125,1367500
2025-03-17,710.267014868149,726.5881706992991,709.436153471412,722.4139404296875,1423300
2025-03-18,721.9887006004103,726.2321799235583,712.1860804319264,723.185546875,1007300
2025-03-19,721.2072138018938,738.6560295795159,717.2011235400929,726.9443359375,1080500
2025-03-20,717.1516810016807,727.4290790656988,716.3801063834692,726.1035766601562,1282400
2025-03-21,704.074932905427,713.5412115447772,703.5012629565696,708.4569091796875,1967200
2025-03-24,720.1389317796869,724.0164261026079,718.4672472283852,719.9509887695312,1104400
2025-03-25,724.1252592398869,727.033395235774,717.5572151660518,718.8629150390625,1244300
2025-03-26,708.1404596631565,712.1860947759269,694.628485151163,698.1103515625,1266500
2025-03-27,690.9191400467884,694.8658832500868,681.5320106913817,683.1443481445312,1285500
2025-03-28,677.7039480584541,679.9889077804154,664.7657039890306,667.268310546875,1393000
2025-03-31,653.103507998564,657.9503610935503,645.8034943573891,655.4478149414062,1685000
2025-04-01,657.366815888458,663.3710311602354,649.2358800491285,660.1068115234375,1212600
2025-04-02,657.1887476103661,669.0586806277933,653.6673365634734,661.7586669921875,1119000
2025-04-03,642.4897893015964,643.9141232183972,616.0692765994663,616.4649047851562,2877100
2025-04-04,615.2087779399056,619.5907545085353,591.2117192249166,598.9865112304688,4017000
2025-04-07,580.1429657590053,645.7737784008865,572.2395784939484,609.1649780273438,4179100
2025-04-08,625.1696504800941,630.9859228825657,576.5721582622791,588.9168701171875,2585200
2025-04-09,611.3213486774212,684.7863008782979,600.292178509502,679.8108520507812,3866700
2025-04-10,649.057824192936,654.4883089898179,620.8271880416352,642.5095825195312,2989900
2025-04-11,648.9489877886401,664.7162171399086,644.3296226485403,661.560791015625,2163600
2025-04-14,669.1081557329502,672.6592707462917,655.5467349357275,665.5768432617188,1574000
2025-04-15,672.0162515786062,680.0779384366955,669.3554058892737,675.7552490234375,2105600
2025-04-16,639.9872160987544,646.0507783238286,617.4046518316508,628.0480346679688,4028300
2025-04-17,637.3758019761949,640.6400213781919,630.026342593146,633.2213134765625,1439900
2025-04-21,625.149771063206,626.791751808894,607.4042197671325,617.9190063476562,1555100
2025-04-22,631.886028491862,638.6123122017503,624.1606823659534,631.767333984375,1967000
2025-04-23,657.0502650240104,659.2659762428998,647.6927792215764,650.8482055664062,1849700
2025-04-24,659.3055506174211,670.9677377859199,655.3785498130652,667.6837158203125,1770700
2025-04-25,659.6715427024978,674.3605604641581,657.3865830423817,669.9291381835938,1280900
2025-04-28,666.9434306102895,669.1957992852034,655.9396963799577,667.5288696289062,1007600
2025-04-29,660.4345517998129,668.3922118726996,657.844860323125,660.9306640625,1104000
2025-04-30,652.4769504247936,664.2943178416095,646.3946092567672,662.8853759765625,1042100
2025-05-01,669.9003944888156,669.9003944888156,657.3090631785044,661.535888671875,1066300
2025-05-02,680.9835721400984,689.5960741150133,680.2691389603042,684.96240234375,1215500
2025-05-05,679.6737714772105,685.0516112230323,677.4214025193542,678.0465087890625,903700
2025-05-06,671.0513190252158,681.0330946243557,670.2476196387455,674.7026977539062,765100
2025-05-07,680.4477072269099,696.5018914388236,678.1457392531081,694.944091796875,1041400
2025-05-08,705.5906589308769,711.2364185769526,700.2128192705801,702.5247192382812,1040500
2025-05-09,703.6955455113648,704.9854252237055,698.4268359431253,700.7188720703125,884000
2025-05-12,724.740591892713,744.6843403917577,723.7087002293858,744.3668212890625,2571500
2025-05-13,739.46524775396,758.9227558537239,738.7508146155091,757.9603271484375,1815600
2025-05-14,759.0517034652263,767.6840682834162,758.3273989968588,762.9312744140625,1156100
2025-05-15,757.7320272676933,761.0361516365834,749.3378471961538,752.4633178710938,1511000
2025-05-16,747.0260043830644,747.5915796289452,736.4389856702348,742.2831420898438,1095100
2025-05-19,733.978180595587,744.1683451816585,731.5373471821591,743.3051147460938,977900
2025-05-20,739.8323209103722,743.1562485910008,735.5359720883259,742.93798828125,777200
2025-05-21,743.1860129445907,749.9132629340726,729.7711195795384,731.4380493164062,1058700
2025-05-22,730.5947258236785,741.4000647892782,728.4416156901525,734.940673828125,863500
2025-05-23,718.9658290014197,730.2672802848402,716.9020457009364,726.7944946289062,1525200
2025-05-27,745.5277386294147,755.2912546298987,744.1187967568608,750.9055786132812,1385100
2025-05-28,746.2917340316775,750.5086880666481,739.0187116449903,740.7055053710938,1244000
2025-05-29,751.9375148145998,753.644111896922,739.048528163199,741.2611694335938,1166000
2025-05-30,739.2171181880728,740.1597434907128,717.3782492105203,731.0411987304688,1785400
2025-06-02,727.5882393131762,741.1420591055777,726.9631330698353,740.725341796875,812600
2025-06-03,726.9631761859326,742.7296380398415,726.5067916742862,741.4397583007812,1085100
2025-06-04,745.3391657646558,746.9168293094169,734.6528889056347,737.0045166015625,1160000
2025-06-05,748.2662659926427,750.5781660313999,738.2150269767291,741.94580078125,1506500
2025-06-06,750.181196407484,756.1742101331923,746.9465350920146,747.1648559570312,1345100
2025-06-09,751.1734595586265,776.1179974257984,751.1734595586265,764.2113037109375,1769400
2025-06-10,773.0519127464072,782.160525176536,770.4522897473333,778.8663330078125,1715500
2025-06-11,783.906966522817,791.0509951480287,774.619759590331,777.9933471679688,1365900
2025-06-12,779.3328305320848,783.4307226504247,776.2569587398924,780.0968627929688,999600
2025-06-13,760.9269798858172,766.9199934224849,753.9615452620501,755.082763671875,1742900
2025-06-16,760.4109939223738,773.1313177523936,760.0240118792977,769.2020874023438,1454500
2025-06-17,760.8178969913278,767.19789297237,752.3145261411619,753.95166015625,1422800
2025-06-18,758.7838353507913,762.0284289001027,748.3754098592832,755.7178955078125,1372500
2025-06-20,762.3954864375983,763.0305246123363,730.5252423398877,750.6475830078125,2303900
2025-06-23,755.3408017972351,774.6792468249538,753.9020642187145,773.6572265625,1302800
2025-06-24,779.9975879152422,807.1349643528487,779.9975879152422,807.0357055664062,2039600
2025-06-25,810.3992694932324,813.1675537359769,799.9511176108573,808.9010009765625,1400100
2025-06-26,793.5414583708429,794.6527449415751,780.3845521002864,791.8844604492188,1705800
2025-06-27,796.6967480121452,799.2269083926864,782.3194245965059,789.7611083984375,1201000
2025-06-30,790.286896564243,796.2005759833454,787.8658665266853,795.1587524414062,1080400
2025-07-01,781.9224422584158,789.3145263013221,776.455276013199,784.3236083984375,1065800
2025-07-02,770.2043246695829,794.2757003692154,766.8506010649018,793.372802734375,1383000
2025-07-03,780.8509079285055,792.3210816132415,780.4937216328742,788.3223876953125,910700
2025-07-07,779.3526528764896,787.3201838675226,777.7055263447587,778.9855346679688,1363700
2025-07-08,776.5743648579542,792.1820967073372,772.6749300193111,787.9254150390625,1327800
2025-07-09,786.7447245703969,794.6726494272644,786.3081433552538,793.6109619140625,1334300
2025-07-10,802.6401138160854,804.7932239068926,791.7951078888368,795.8533325195312,1498900
2025-07-11,790.8723835786598,796.944792628485,790.3266722198488,795.694580078125,932400
2025-07-14,791.4180641145248,806.4502888160928,783.7283245964145,800.4572143554688,1456900
2025-07-15,816.5808777310459,820.133058302743,807.879110280608,816.62060546875,2099600
2025-07-16,748.4944133881985,754.9835999790547,724.9191510241282,748.583740234375,10789600
2025-07-17,741.0130414244577,750.965020769034,736.2305124991755,739.1178588867188,4078500
2025-07-18,746.2322147867064,746.2421467213438,728.6202300091854,728.8682861328125,2567200
2025-07-21,725.3160948253351,727.2013455614235,713.7269201670777,714.0841064453125,2650300
2025-07-22,712.7247638724796,713.4689322325486,695.7378856181501,699.9945068359375,3425100
2025-07-23,709.6488717624876,714.3718092807675,702.6239056888735,711.35546875,3379400
2025-07-24,717.3881658822114,720.9800133290588,712.7742982446207,719.4420776367188,2037100
2025-07-25,703.6260863968379,707.6049162746,701.1057974441294,705.7196655273438,2312100
2025-07-28,729.4338157943392,729.691743275914,722.8255671598076,724.3139038085938,2253900
2025-07-29,718.9293633373032,723.0973318303609,711.9363635403377,714.711669921875,2292900
2025-07-30,713.1201099992725,720.2126203738521,711.7374050114223,717.6561279296875,1407000
2025-07-31,702.6852911281102,703.8192500875333,687.5751680832676,691.0567626953125,2892200
2025-08-01,686.3714899941258,689.7834453325968,679.8857573557855,686.1924438476562,1627100
2025-08-04,691.9221604880988,695.7718044065165,689.2562611281992,695.6822509765625,1025600
2025-08-05,691.0666784529191,691.9719270773378,680.6418085798671,686.0034790039062,1261200
2025-08-06,684.0338857449923,688.7887176328952,681.8354855939474,687.3264770507812,1218700
2025-08-07,710.2652255668406,713.1300854611995,702.9041154216311,709.3699340820312,1723800
2025-08-08,708.6635648977676,719.6952717273604,706.7139109662002,718.521484375,1042900
2025-08-11,720.192702232529,728.0113542903326,715.7362806306809,717.516845703125,1179700
2025-08-12,721.7147168929212,739.4409542252636,719.6754485651294,737.88916015625,1461800
2025-08-13,746.6827159491323,752.2234326399786,743.6089384158755,751.5967407226562,2011900
2025-08-14,743.3502953348344,753.0191514657981,740.644567472852,751.2385864257812,1577400
2025-08-15,734.6164755781649,743.2210124078517,732.7861248083158,738.2572021484375,1635100
2025-08-18,735.7802692663857,744.0664811703009,735.5514981993795,743.6188354492188,1086400
2025-08-19,747.5878764128677,751.7160772131951,737.8096128646732,739.6995849609375,1121300
2025-08-20,746.8517536901128,749.4778852857579,734.2981233783457,745.5486450195312,1368400
2025-08-21,735.4719125675261,737.6006735196901,728.2600381467336,731.5327758789062,952700
2025-08-22,737.7796734514963,757.5650912289507,736.4765648594541,750.9202270507812,1456000
2025-08-25,750.7810068349245,754.2725585617695,748.1350216535994,750.4925537109375,731100
2025-08-26,754.7799484095973,759.4850557837487,751.9349418744811,759.1866455078125,860100
2025-08-27,756.0033926034903,766.5277726215492,753.804992459995,765.9508056640625,1140700
2025-08-28,765.9507764662017,769.104089286226,756.8687838309672,759.4451904296875,985400
2025-08-29,749.040264201305,749.6370847476596,735.8997086256032,738.71484375,1317800
2025-09-02,713.4384401682114,723.3758961877257,712.4337417261006,722.032958984375,1867400
2025-09-03,728.3695266173087,734.4175713944842,725.7235411790305,732.9453735351562,1330300
2025-09-04,733.1741483311063,752.9198018621387,731.5626720947372,749.468017578125,1532700
2025-09-05,770.8051514113896,778.9818958395513,762.2105719186685,777.5892944335938,1887300
2025-09-08,785.497475978793,794.4998724192802,782.6127019813334,792.062744140625,1284500
2025-09-09,791.018283436309,801.6023452996695,788.949204559713,800.8960571289062,1324100
2025-09-10,802.5772317721636,805.3425811829995,786.8603304189487,788.9691772460938,1634300
2025-09-11,795.4846877907936,804.8949625253009,794.3109003201192,799.93115234375,1297800
2025-09-12,804.26824628101,811.4900777522547,802.0598890484076,809.590087890625,1019700
2025-09-15,830.5393640317703,864.1516514183313,829.534665583078,862.7391357421875,2702300
2025-09-16,875.3126854247781,876.8247116698689,863.0077400709183,873.8006591796875,1832400
2025-09-17,863.6642505797543,873.0148434222401,856.6513363049863,867.6830444335938,1553300
2025-09-18,923.7863795404029,933.7437495972807,911.2128957400749,922.9209594726562,3176100
2025-09-19,921.200124568274,933.71398768724,921.0011641564529,927.2481689453125,2410200
2025-09-22,955.8667715228939,959.4677300908647,948.5753616719096,952.76318359375,1885000
2025-09-23,959.3384680813189,972.3397446684373,950.9727201341327,958.4432373046875,1664800
2025-09-24,944.7257375998137,948.5853389432414,936.0018971368107,941.9603881835938,1400700
2025-09-25,933.2662902362529,947.6502104297263,932.1919526432921,944.5565795898438,1272600
2025-09-26,941.2639722882104,950.1967294896816,937.7923349603046,946.5162353515625,955200
2025-09-29,958.6620180016125,966.9581871957705,957.3091843988358,957.5479125976562,1213800
2025-09-30,962.9493598707529,970.5094302866358,958.0055246823517,962.9991455078125,1303600
2025-10-01,960.5321486234592,1000.0731159777698,959.7463248400675,997.994140625,1963800
2025-10-02,1033.5362074843292,1034.7597198509816,1016.5161984656899,1024.752685546875,1689100
2025-10-03,1025.5783148331363,1034.3817513488882,1020.0674089884918,1026.7918701171875,1352300
2025-10-06,1034.9685317900507,1053.4309877456997,1034.6303537637132,1037.8135986328125,1385400
2025-10-07,1037.346070895958,1039.3554678371459,995.7360842369202,997.0292358398438,1667800
2025-10-08,972.8072826706141,986.3755687998695,972.2800406300264,982.6154174804688,1947000
2025-10-09,980.1683091496377,982.336898597701,966.4011236491583,975.3836059570312,1496000
2025-10-10,965.5854833078719,971.066517859779,930.4909793425905,931.2669067382812,2933900
2025-10-13,966.6199962111515,979.999279561377,961.8850176532254,979.4819946289062,2223900
2025-10-14,962.3725212460947,988.2556507727762,960.9201769683075,978.0098266601562,2422100
2025-10-15,1024.7129072894331,1027.5678100944185,988.3152947365096,1004.499755859375,2900300
2025-10-16,1031.7158398952668,1043.8615918645412,1005.7828671580231,1014.228271484375,1938400
2025-10-17,1015.2230744692856,1027.3390165086362,1009.6624437544623,1023.857421875,1663700
2025-10-20,1026.3243438523195,1046.6370050625044,1026.0657013981395,1036.669677734375,1271700
2025-10-21,1030.8604290303358,1032.0241986531369,1018.7643406564506,1019.6297607421875,1072200
2025-10-22,1021.0521833235019,1027.7468944330456,992.4235595936651,1006.25048828125,1328600
2025-10-23,999.2375250346631,1035.0282966821671,999.2176107806217,1030.9598388671875,1318200
2025-10-24,1032.471914631551,1037.913120524609,1026.7521520252888,1027.667236328125,1032700
2025-10-27,1044.4883419823477,1055.1519397782447,1043.84173583938,1054.4058837890625,1265600
2025-10-28,1051.2426629508018,1055.0624355738837,1046.1992565189396,1046.9453125,856900
2025-10-29,1066.9193298224743,1073.9944992993178,1061.1195957936768,1067.0986328125,1530000
2025-10-30,1068.9322849907144,1082.315294646034,1066.8694491117226,1071.6925048828125,1283100
2025-10-31,1067.9358726873206,1069.5302583602927,1047.7266967207738,1055.529296875,1179400
2025-11-03,1059.306000933798,1069.6497397722576,1059.2760765543894,1063.0926513671875,868100
2025-11-04,1046.2816177774732,1059.5451734570925,1025.2354120664297,1026.5408935546875,1735100
2025-11-05,1027.4974446317535,1046.96921330609,1027.1985657795317,1040.103271484375,1169400
2025-11-06,1036.2468656493704,1037.891125197865,1022.8537591502354,1025.6041259765625,1073000
2025-11-07,1027.4974721951867,1031.7824973196452,993.3372728257399,1013.4069213867188,1841900
2025-11-10,1033.1476826801509,1039.1466690621185,1017.5025242321104,1035.16064453125,992900
2025-11-11,1028.1651471098974,1033.3569051105562,1014.2240361112204,1018.8477783203125,1026000
2025-11-12,1026.5609384065356,1035.0710192779943,1021.6481089470578,1033.705810546875,961900
2025-11-13,1037.3529328565705,1038.2198883459141,1005.9829385512718,1016.2967529296875,1406300
2025-11-14,985.8435697067855,1014.5130724917759,977.5725804261757,1003.4617919921875,1307800
2025-11-17,1001.2096360360291,1021.418810077742,1000.7612569232782,1016.436279296875,1691500
2025-11-18,1007.547494864725,1014.1642497367432,990.5171773286714,1000.552001953125,1414000
2025-11-19,1002.2560461225027,1041.0798882017332,1001.488716896297,1035.69873046875,1587800
2025-11-20,1038.5885791136777,1047.2780834958087,973.5865027963351,977.6123657226562,2055100
2025-11-21,959.9842116122073,975.121143036565,942.804454667404,963.1929931640625,2481800
2025-11-24,974.2043384743301,991.6631457028512,974.1744749171926,984.3687133789062,1628100
2025-11-25,990.3577579414194,1003.3621514791113,970.3379219418731,999.7149047851562,1193000
2025-11-26,1037.0341289451346,1051.3140186964108,1033.6759079881322,1037.3330078125,1572400
2025-11-28,1036.7650127666318,1056.575559702881,1031.8222595926163,1056.2965087890625,939700
2025-12-01,1052.3404229489468,1087.4872144617277,1050.7858149597544,1084.188720703125,2103100
2025-12-02,1085.803061074047,1109.320582092557,1084.8763784669172,1104.9061279296875,1426000
2025-12-03,1106.3609757541626,1137.7309698225404,1101.7571222172783,1136.933837890625,2059500
2025-12-04,1118.6081130309876,1125.5936310942916,1098.3192617744064,1106.2015380859375,1511800
2025-12-05,1118.010149915382,1125.4340717534508,1094.422806575865,1095.6285400390625,1054400
2025-12-08,1114.9109985846499,1130.2174406631016,1110.137816666853,1115.7779541015625,1118800
2025-12-09,1104.029213560164,1111.8417878973798,1101.7471754976311,1107.5567626953125,904700
2025-12-10,1105.524037791268,1120.0331052702206,1095.040772770634,1115.4093017578125,1093600
2025-12-11,1110.8552910563415,1123.8098717100597,1091.6426222461553,1118.9169921875,1403600
2025-12-12,1105.5140570960477,1110.66603807828,1073.4264836198781,1077.07373046875,1623000
2025-12-15,1085.5439707422804,1093.8747477168713,1075.8180608024916,1084.019287109375,1283400
2025-12-16,1077.7513617659674,1084.258576338321,1062.21574278265,1072.29052734375,956300
2025-12-17,1057.0638801520079,1061.3986577067783,1006.4812167174624,1011.8822631835938,2140900
2025-12-18,1044.3086284479293,1048.1353000418562,1031.533471811595,1032.689453125,1645400
2025-12-19,1038.9175104784988,1058.9672093574131,1038.9175104784988,1052.3304443359375,2319600
2025-12-22,1062.2756148094766,1063.4315960678514,1046.3315155252817,1053.287109375,703700
2025-12-23,1054.2437283796976,1061.029994103644,1052.0015893923924,1058.130126953125,543600
2025-12-24,1056.1170832295627,1063.0727982639987,1053.7453937518271,1061.7972412109375,229800
2025-12-26,1062.5246632668668,1072.3302495456803,1059.3656950365882,1069.001953125,363800
2025-12-29,1060.860552135792,1069.8989317078583,1057.3628055581064,1062.275634765625,424300
2025-12-30,1080.7906436988237,1082.2655750462116,1066.680203580531,1068.3941650390625,807300
2025-12-31,1076.4558343702645,1076.7648096702223,1065.185412907116,1066.1220703125,561300
2026-01-02,1129.7988543252966,1168.672570068307,1129.5198034008843,1159.7139892578125,2697900
2026-01-05,1206.9881239029075,1233.5350617663887,1206.9881239029075,1223.8988037109375,3290600
2026-01-06,1218.5476553982805,1242.0253998099452,1218.1491502341771,1237.8499755859375,1895800
2026-01-07,1223.1614007296037,1231.4424250597378,1217.7304909781028,1224.1778564453125,1351200
2026-01-08,1213.007132001847,1220.2617262441995,1171.8912769580213,1190.147216796875,1682300
2026-01-09,1228.542642761132,1277.5209467569025,1216.7240938415912,1269.4293212890625,2394500
2026-01-12,1251.6715583915086,1279.0754771932125,1250.8643300304996,1276.7535400390625,1488600
2026-01-13,1277.8398405215012,1286.9678718285218,1263.6895004340738,1265.722412109375,1374200
2026-01-14,1262.692955042844,1268.8214926169512,1245.2540962146347,1259.3048095703125,1536500
2026-01-15,1348.910667414011,1353.2554198495534,1325.353246244408,1326.9476318359375,2858400
2026-01-16,1350.9733711448657,1370.564716947318,1333.5644371585122,1353.8233642578125,2469100
2026-01-20,1314.5112203913432,1346.5389434455751,1306.7285704212084,1321.4368896484375,2970800
2026-01-21,1327.3461890598667,1366.2099288296376,1318.048830491334,1355.3380126953125,2387200
2026-01-22,1388.7808396403186,1393.912870713139,1368.4820139475407,1390.1260986328125,1844200
2026-01-23,1371.5113603986247,1388.491864981784,1358.507027467922,1384.18701171875,1556300
2026-01-26,1381.028016899876,1414.988903773872,1380.3205364370285,1408.4119873046875,2001300
2026-01-27,1412.677103958813,1468.4415525684983,1412.0493001804884,1449.5079345703125,3473900
2026-01-28,1487.783717255887,1488.2620207562265,1403.1305664620502,1417.9486083984375,5036800
2026-01-29,1454.2214281667987,1462.3629279143697,1394.2018769789643,1450.0760498046875,2818900
2026-01-30,1435.0088248591312,1461.3066380319676,1411.0627517172425,1418.0283203125,2358800
2026-02-02,1392.3582333686245,1448.0829006711476,1390.5246961259643,1436.35400390625,1766600
2026-02-03,1431.0227740170574,1440.7586588611439,1367.1168278116565,1391.0030517578125,2205100
2026-02-04,1390.883442442061,1401.1872820378842,1311.4619504428626,1334.4512939453125,2479400
2026-02-05,1324.4762211458667,1364.0773649758921,1314.9197614302143,1345.4427490234375,1790200
2026-02-06,1367.5750968674263,1411.0227393016842,1363.73857264028,1408.0731201171875,1971000
2026-02-09,1410.893271821639,1432.0690280864646,1403.6785768304467,1424.49560546875,1125100
2026-02-10,1436.1331836323307,1436.7518274930378,1407.7252621798193,1410.5390625,1200600
2026-02-11,1437.26072207045,1448.3265176914426,1406.268357806805,1432.5010986328125,1139300
2026-02-12,1432.1020100097699,1436.1132682257537,1389.1657612653646,1403.8038330078125,1518100
2026-02-13,1411.7663428902738,1433.5288669673369,1397.9465530047908,1403.5443115234375,1248900
2026-02-17,1389.5348893509054,1425.386634780744,1379.736345287416,1416.6856689453125,1097200
2026-02-18,1433.3392092163335,1473.2819937558563,1424.2690548195014,1465.5189208984375,1334400
2026-02-19,1435.9037011602354,1456.608477254225,1424.4685950062456,1455.7503662109375,1135200
2026-02-20,1446.2611221889601,1483.7691629928868,1445.1634221278275,1466.3870849609375,1102500
2026-02-23,1468.1931751187046,1489.7560624920507,1458.813637629454,1482.7513427734375,1284200
2026-02-24,1496.7507768836833,1504.0647575482915,1470.7176732570902,1494.53564453125,1538900
2026-02-25,1519.0820774956774,1543.8479307323335,1513.1749358042075,1523.18310546875,1306900
2026-02-26,1509.522801298568,1511.0295200439057,1423.4807564455737,1460.6097412109375,2177900
2026-02-27,1427.2226569048432,1458.5342716347366,1421.3954188121709,1447.398681640625,1358300
2026-03-02,1414.6600800573506,1439.5456660255334,1408.1342947046899,1420.4375,1492400
2026-03-03,1354.6212144325052,1370.5065618603583,1326.1335100552103,1357.973876953125,2012500
2026-03-04,1388.0981585343718,1402.4867752533096,1369.7182594660856,1396.3201904296875,1486700
2026-03-05,1378.1098852515224,1404.3126621085316,1336.530659925031,1365.377685546875,1804500
2026-03-06,1291.0400482919986,1335.0838608285183,1283.8657771920082,1289.982421875,1900100
2026-03-09,1281.9899555554916,1356.0381826054622,1273.3288192353316,1354.461669921875,1808900
2026-03-10,1371.5941520214087,1404.4724130966604,1366.9244199342036,1380.385009765625,1650900
2026-03-11,1380.9436724800764,1401.7183642869154,1369.0097778256663,1383.6578369140625,1164700
2026-03-12,1369.5486792433019,1369.5486792433019,1330.6635191977668,1348.63427734375,1780200
2026-03-13,1364.5595565814929,1383.7676022063956,1339.574090983475,1342.757080078125,1179000
2026-03-16,1376.513464303597,1387.130289878146,1365.2180671416106,1372.5621337890625,1310400
2026-03-17,1382.0314183949383,1388.0283297180936,1366.3257324902731,1386.1324462890625,1135600
2026-03-18,1370.3768384811872,1378.2796212862559,1351.0690347120487,1352.216552734375,1391400
2026-03-19,1312.3734436316327,1369.4687042332964,1307.5140625986141,1363.4119873046875,1619100
2026-03-20,1354.3019612791145,1367.0141856406576,1288.2861180337834,1314.379150390625,2645100
2026-03-23,1356.7665496717045,1397.3379683179937,1345.1718794733513,1366.635009765625,1983200
2026-03-24,1346.1796933897608,1410.1998957827925,1345.7407108014672,1396.3701171875,1801000
2026-03-25,1391.0515661623317,1402.7659692515529,1363.7112597197413,1390.85205078125,1610000
2026-03-26,1353.8529545917866,1356.457251602465,1323.9581681822713,1326.6024169921875,1721100
2026-03-27,1315.5566470141703,1330.873168627696,1295.6900050685902,1299.63134765625,1759700
2026-03-30,1315.8958607922098,1320.0368405443826,1245.3898247712086,1251.22705078125,2144500
2026-03-31,1281.530843297226,1319.5279283938517,1273.2290297844718,1317.9512939453125,1731500
2026-04-01,1342.7072872047179,1382.699891823817,1341.6296848380339,1356.7965087890625,1745000
2026-04-02,1302.6946672088832,1353.2441680832828,1295.350722648515,1314.359130859375,1883400
2026-04-06,1312.2437523545482,1317.1231093990611,1277.5694886790807,1301.16796875,1299200
2026-04-07,1287.6275437419702,1306.1471523591167,1269.4372938742695,1303.6026611328125,1368900
2026-04-08,1417.9030631783103,1426.1750348747119,1381.2131804714238,1417.9530029296875,2427300
2026-04-09,1409.0423618108182,1450.382121132025,1409.0423618108182,1445.4827880859375,1579700
2026-04-10,1479.119303681841,1499.2254126111575,1470.5081072550386,1475.0582275390625,1519600
2026-04-13,1461.966749599987,1497.5290876079605,1457.8457459734186,1496.9302978515625,1709400
2026-04-14,1523.0633008186835,1528.6410835033466,1493.7173647833106,1514.990966796875,1769200
2026-04-15,1470.318496025898,1482.9309619805308,1412.1654870471698,1478.54052734375,4251700
2026-04-16,1449.8332635230797,1450.7513022813846,1403.4346078081292,1407.755126953125,2626700
2026-04-17,1460.5698607897996,1469.2708270076114,1442.5391747128242,1456.6185302734375,1876500
2026-04-20,1458.3048076578168,1476.0760508722626,1448.8354999814808,1473.2821044921875,1091900
2026-04-21,1472.8729669050213,1476.944152884416,1443.0980344769132,1455.790283203125,1274600
2026-04-22,1473.7809754277337,1473.7809754277337,1375.2961343222796,1440.513671875,2621800
2026-04-23,1435.8138910695097,1446.8398573246232,1393.1870246439776,1414.7100830078125,1800500
2026-04-24,1456.3490387576403,1469.4404393413101,1438.5478326643472,1454.52294921875,1751800
2026-04-27,1457.8399658203125,1458.300048828125,1415.68994140625,1432.43994140625,1326200
2026-04-28,1389.72998046875,1398.6300048828125,1364.81005859375,1384.56005859375,1926900
2026-04-29,1386.7099609375,1399.699951171875,1374.9200439453125,1394.0799560546875,1256500
2026-04-30,1414.3399658203125,1446.6500244140625,1395.0,1438.989990234375,1414400
2026-05-01,1428.2900390625,1444.1500244140625,1414.0,1427.02001953125,707100
2026-05-04,1401.77001953125,1417.0699462890625,1366.7900390625,1386.2099609375,1755700
2026-05-05,1432.4200439453125,1454.800048828125,1414.3900146484375,1442.9200439453125,1621400
2026-05-06,1503.0899658203125,1545.52001953125,1496.0,1544.739990234375,2312400
2026-05-07,1548.739990234375,1550.0,1497.81005859375,1516.5999755859375,1726700
2026-05-08,1538.530029296875,1595.31005859375,1531.1600341796875,1592.02001953125,2288300
2026-05-11,1559.300048828125,1567.989990234375,1521.3599853515625,1565.81005859375,2191300
2026-05-12,1526.1400146484375,1535.1099853515625,1475.0,1520.93994140625,1846800
2026-05-13,1539.3900146484375,1602.5999755859375,1521.0799560546875,1581.5799560546875,1691200
2026-05-14,1573.739990234375,1603.489990234375,1563.280029296875,1584.510009765625,1412600
2026-05-15,1511.739990234375,1527.25,1486.6400146484375,1501.81005859375,1807400
2026-05-18,1521.25,1522.489990234375,1453.3399658203125,1472.3900146484375,1664400
2026-05-19,1449.9300537109375,1485.760009765625,1441.31005859375,1459.43994140625,1395400
2026-05-20,1502.3800048828125,1555.800048828125,1492.3199462890625,1550.1300048828125,1744500
2026-05-21,1548.6800537109375,1601.7900390625,1545.93994140625,1592.0,1358400
2026-05-22,1620.030029296875,1653.530029296875,1615.8499755859375,1632.9000244140625,1666700
2026-05-26,1641.8499755859375,1648.010009765625,1604.25,1632.030029296875,1651000
2026-05-27,1637.3499755859375,1639.1300048828125,1583.0,1597.8699951171875,1361600
2026-05-28,1617.0899658203125,1627.530029296875,1580.0,1605.77001953125,971600
2026-05-29,1633.469970703125,1654.199951171875,1604.8599853515625,1612.760009765625,1069400
2026-06-01,1594.469970703125,1646.530029296875,1585.6099853515625,1628.5699462890625,1058900
2026-06-02,1659.68994140625,1708.3199462890625,1647.5899658203125,1705.3699951171875,1484000
2026-06-03,1709.31005859375,1743.27001953125,1690.0,1726.3599853515625,1826900
2026-06-04,1679.800048828125,1779.2900390625,1672.4300537109375,1757.469970703125,2248200
2026-06-05,1685.3599853515625,1705.47998046875,1638.3800048828125,1641.739990234375,2744600
2026-06-08,1732.7900390625,1769.489990234375,1719.02001953125,1749.0400390625,2062100
2026-06-09,1776.6199951171875,1831.1099853515625,1676.280029296875,1777.77001953125,3151400
2026-06-10,1746.4599609375,1812.0,1723.2099609375,1734.18994140625,2586400
2026-06-11,1780.0,1903.5,1775.0999755859375,1899.47998046875,2965600
2026-06-12,1847.6199951171875,1892.800048828125,1839.0,1863.550048828125,2529600
2026-06-15,1894.5400390625,1913.699951171875,1865.0,1892.6600341796875,2339100
2026-06-16,1872.010009765625,1881.1600341796875,1802.6099853515625,1803.8900146484375,1797600
2026-06-17,1897.199951171875,1938.489990234375,1865.3199462890625,1867.8299560546875,2318300
