Date,Open,High,Low,Close,Volume
,AVGO,AVGO,AVGO,AVGO,AVGO
2009-08-06,1.159883254655372,1.1887046025846946,1.0938050689001202,1.1373885869979858,241978000
2009-08-07,1.135279791558387,1.1781603209494471,1.1268443009337257,1.1549626588821411,24543000
2009-08-10,1.1690218683915143,1.1690218683915143,1.0973199867107295,1.122626543045044,24210000
2009-08-11,1.1233294645905196,1.124735365676013,1.0895873357427952,1.1015377044677734,23054000
2009-08-12,1.1352801001014439,1.1387948958002365,1.100835051973672,1.124735713005066,14513000
2009-08-13,1.1247351740505778,1.175348274899703,1.1247351740505778,1.1633979082107544,11506000
2009-08-14,1.1598834425128195,1.195031476406737,1.142309467465522,1.1669130325317383,6378000
2009-08-17,1.1437148121819252,1.1507443987802723,1.1387941183229384,1.1402000188827515,2544000
2009-08-18,1.1584777259644001,1.2090908492092987,1.149339240722997,1.1999523639678955,14467000
2009-08-19,1.1837838235843885,1.2611093796108443,1.1809719379510917,1.2575945854187012,20708000
2009-08-20,1.261812666534279,1.261812666534279,1.2154173357662563,1.2484564781188965,18821000
2009-08-21,1.250564578756958,1.2632178503763833,1.2358024145677489,1.2526733875274658,8636000
2009-08-24,1.23158521095557,1.2547828725780619,1.2161201311403473,1.2301793098449707,10216000
2009-08-25,1.2407238538077374,1.2582978294538731,1.2336942635492834,1.254783034324646,5308000
2009-08-26,1.2435357401907148,1.254783034324646,1.2055759025154662,1.254783034324646,7086000
2009-08-27,1.2547826171690246,1.2800891672059642,1.2336938534046742,1.2765743732452393,11611000
2009-08-28,1.2723567622798426,1.3356231460891277,1.2653271733898452,1.2983663082122803,12950000
2009-08-31,1.2899309044247202,1.2934456991043797,1.25197107160481,1.2793865203857422,10048000
2009-09-01,1.2829014791577888,1.2962576671291215,1.190813729452982,1.254783034324646,13835000
2009-09-02,1.2484559900020493,1.2829010202260622,1.2287731275596556,1.2428323030471802,12934000
2009-09-03,1.263218352895547,1.263218352895547,1.1950312742097002,1.226664423942566,36577000
2009-09-04,1.2477534855499484,1.2653274617803616,1.229476516750587,1.2484564781188965,11586000
2009-09-08,1.2484560437557193,1.260406326674789,1.2266642872920692,1.244238257408142,5749000
2009-09-09,1.254782718290534,1.254782718290534,1.210496294056546,1.2133080959320068,5512000
2009-09-10,1.1957340472771059,1.227367277223667,1.1915163447370507,1.1985459327697754,4152000
2009-09-11,1.1950310116926925,1.2182286664940722,1.1626948766605525,1.1865954399108887,6203000
2009-09-14,1.169724652244166,1.1880016156478506,1.146526993708506,1.1704275608062744,16145000
2009-09-15,1.21260461371416,1.2196341988766204,1.1690211186674921,1.2076839208602905,19869000
2009-09-16,1.2231497303831886,1.247753293315227,1.2027638708170532,1.2358030080795288,20211000
2009-09-17,1.2414268278613012,1.2582978107105547,1.1619923585648149,1.169724941253662,14464000
2009-09-18,1.164803882742928,1.1964371146744186,1.1373885212147552,1.1387944221496582,8999000
2009-09-21,1.1444182293538194,1.1690217915848395,1.115596880077756,1.1676158905029297,5530000
2009-09-22,1.1922194974207119,1.221040847777057,1.1823781056791542,1.212605357170105,11141000
2009-09-23,1.2386144948319877,1.2505648608230857,1.2161198312122465,1.2231494188308716,5303000
2009-09-24,1.218228803603131,1.2547826448409396,1.1774570922004177,1.2294760942459106,7788000
2009-09-25,1.2287733109895835,1.2287733109895835,1.2020608568158218,1.204169750213623,4685000
2009-09-28,1.2175261838323068,1.2547830287978794,1.1971403218929846,1.2407238483428955,2336000
2009-09-29,1.2336945183895123,1.2540803846296666,1.1915169681263087,1.1971405744552612,3567000
2009-09-30,1.1950316669300127,1.2182293344507016,1.1922197801945535,1.1999523639678955,5126000
2009-10-01,1.195031264744809,1.2013578611215505,1.1394974631518093,1.1465270519256592,6605000
2009-10-02,1.1387946129285762,1.1500419898906487,1.1177058439741792,1.1310620307922363,6296000
2009-10-05,1.1317650708913307,1.1619923244241803,1.1247354809441248,1.1591805219650269,1889000
2009-10-06,1.1767544068401876,1.2090905516441415,1.1556656386113437,1.1577744483947754,4694000
2009-10-07,1.1648042235379903,1.1676161100297944,1.1191118850896333,1.1338740587234497,2917000
2009-10-08,1.1324676822404594,1.1373884609508518,1.120517399228007,1.1254380941390991,5573000
2009-10-09,1.1233293171809726,1.1563683654514114,1.1205174315796633,1.1423091888427734,8705000
2009-10-12,1.1402001378012838,1.156368205423607,1.1275468638447137,1.1486356258392334,12888000
2009-10-13,1.1380910718573056,1.1718331864790383,1.1352792708718005,1.1619917154312134,5573000
2009-10-14,1.1837838230521414,1.1950311979816644,1.1626950579087636,1.1851897239685059,6955000
2009-10-15,1.2231493842139989,1.261812115022226,1.202060621954966,1.2062783241271973,20920000
2009-10-16,1.2111994585782886,1.2111994585782886,1.139497578770376,1.1549626588821411,12638000
2009-10-19,1.157071614825136,1.1697248933434792,1.1289531715625285,1.1416064500808716,21429000
2009-10-20,1.1486354512518677,1.1760508879572962,1.1437147576275946,1.1619917154312134,4890000
2009-10-21,1.150744946988922,1.188704782983427,1.1324679796064578,1.1591805219650269,2338000
2009-10-22,1.1479332733802081,1.1479332733802081,1.0973201530397692,1.144418478012085,9834000
2009-10-23,1.1338739298245797,1.1535567978323418,1.1191117578689282,1.128250241279602,11341000
2009-10-26,1.118407936055669,1.133170097064902,1.111378351536845,1.1134872436523438,1624000
2009-10-27,1.121220594802476,1.124032397032998,1.0727163778311095,1.086072564125061,3288000
2009-10-28,1.0895873466481925,1.0895873466481925,1.0467068184159238,1.0495187044143677,6220000
2009-10-29,1.0509244995619251,1.0684984710329997,1.0347564290486755,1.0572510957717896,11833000
2009-10-30,1.0614687749262544,1.0677954542945827,1.045300706050701,1.0544391870498657,2781000
2009-11-02,1.0614687912463296,1.0614687912463296,1.0347563401454898,1.0453007221221924,2766000
2009-11-03,1.031944693181395,1.0417860843153604,1.0150736292097677,1.0185884237289429,3637000
2009-11-04,1.0263210080614489,1.072013336938525,1.007341050565368,1.0389742851257324,8053000
2009-11-05,1.0558450969678341,1.1064581971536112,1.0438948142348083,1.0769338607788086,2741000
2009-11-06,1.0769340966688037,1.1029436447722023,1.0453009440234649,1.0748252868652344,2575000
2009-11-09,1.072716137661627,1.10645817586999,1.0607657713591778,1.1008344888687134,2529000
2009-11-10,1.102943628906138,1.102943628906138,1.0670926895707504,1.086072564125061,1468000
2009-11-11,1.0916965346059164,1.0916965346059164,1.0628751771953804,1.0797462463378906,1535000
2009-11-12,1.0825578042108517,1.1212206308179924,1.0825578042108517,1.0966169834136963,1300000
2009-11-13,1.0973199225905839,1.1071613978341104,1.0832607440706725,1.0952110290527344,621000
2009-11-16,1.0987256425940701,1.13949735414112,1.09169605449271,1.1254380941390991,1556000
2009-11-17,1.1127847769246786,1.1380913266570551,1.095210807332555,1.1296558380126953,985000
2009-11-18,1.1352798975400686,1.1352798975400686,1.1113792407731298,1.1268444061279297,1155000
2009-11-19,1.11348804620232,1.1170028409950312,1.072013417368737,1.094508171081543,1166000
2009-11-20,1.0938048366313362,1.1001315155598066,1.0762308681621826,1.085369348526001,4237000
2009-11-23,1.092398830115829,1.097319524050769,1.0649833916795346,1.0677952766418457,4653000
2009-11-24,1.0614688610796754,1.0776369312674994,1.0551422649971507,1.072716236114502,5228000
2009-11-25,1.0811520771167913,1.1233297053152755,1.079746175730019,1.0895875692367554,1353000
2009-11-27,1.0635780078270618,1.1163000175422142,1.0586573115014493,1.1148940324783325,616000
2009-11-30,1.1155970250102734,1.124032516396941,1.0720134992137293,1.1148940324783325,2765000
2009-12-01,1.117705268478481,1.148635413499568,1.117705268478481,1.1219229698181152,4178000
2009-12-02,1.1268439362978062,1.132467539028292,1.0811515356179384,1.0973196029663086,8465000
2009-12-03,1.095210872423313,1.1205174236597126,1.095210872423313,1.1198145151138306,5079000
2009-12-04,1.1528534880729602,1.1746452437628894,1.0966167018989268,1.1612889766693115,9468000
2009-12-07,1.159883623811201,1.190110882377161,1.159883623811201,1.185893177986145,3084000
2009-12-08,1.1676164136660163,1.192922979676527,1.1633986247311476,1.1774578094482422,2495000
2009-12-09,1.1676158979769602,1.1816750764846802,1.148635939952087,1.1816750764846802,967000
2009-12-10,1.1809720967314161,1.1943283667368776,1.1774573020667127,1.178863286972046,2555000
2009-12-11,1.173239540358724,1.1739424489770933,1.1570714689458803,1.1655069589614868,774000
2009-12-14,1.176754368180363,1.1880017443859636,1.173239573591027,1.1844868659973145,2248000
2009-12-15,1.184486733171157,1.1880016111656542,1.1746453429443366,1.1767542362213135,1404000
2009-12-16,1.1865958299406922,1.2041698877297866,1.1767544380261448,1.1950314044952393,3157000
2009-12-17,1.188704584568759,1.1936252799505922,1.1345766839706677,1.1465270519256592,1490000
2009-12-18,1.1458240699267537,1.1809720141149664,1.1409033745002657,1.1521507501602173,4178000
2009-12-21,1.1802692918066444,1.1844869954953745,1.1500420382737948,1.1591805219650269,1443000
2009-12-22,1.1598833063448433,1.176051378250122,1.1409034322818261,1.176051378250122,3127000
2009-12-23,1.1774571324790042,1.183783812243835,1.1704275441620604,1.1795660257339478,2235000
2009-12-24,1.1753483230233632,1.1950311870706662,1.1753483230233632,1.1795660257339478,308000
2009-12-28,1.1774570787443577,1.251267836503128,1.1774570787443577,1.2217435836791992,7954000
2009-12-29,1.2315845340620917,1.2428319043638285,1.223149048235424,1.2322875261306763,2276000
2009-12-30,1.2168228632154068,1.2498619954162145,1.2168228632154068,1.2435353994369507,3025000
2009-12-31,1.2379119684785946,1.2857131958007812,1.2379119684785946,1.2857131958007812,5558000
2010-01-04,1.2864160889102467,1.3285936243830512,1.2660302298188029,1.3257818222045898,5387000
2010-01-05,1.3321083506610498,1.3524942087065832,1.272356761340859,1.3356231451034546,3011000
2010-01-06,1.33210826828261,1.3567118278579433,1.3068017163425454,1.3461674451828003,5331000
2010-01-07,1.3384350690731326,1.3475735516436307,1.3110196213616385,1.3377320766448975,2718000
2010-01-08,1.3285939142379128,1.3567122773542712,1.3250791188483682,1.3475738763809204,2899000
2010-01-11,1.3496823262086939,1.3742859711656426,1.3377320418348455,1.3560090065002441,5127000
2010-01-12,1.3454646198217737,1.3454646198217737,1.3173461804832258,1.3356231451034546,9167000
2010-01-13,1.3328112499142837,1.3328112499142837,1.2829011388008094,1.2948514223098755,9439000
2010-01-14,1.2990693131786208,1.3264846765949003,1.2758716528575247,1.295554518699646,10654000
2010-01-15,1.3046929788653274,1.3046929788653274,1.2758717130574357,1.2821983098983765,1587000
2010-01-19,1.2582978425909421,1.275871902219883,1.2161203005998684,1.2519712448120117,3813000
2010-01-20,1.2449415702507514,1.2660303398194785,1.22596161059944,1.2625155448913574,1938000
2010-01-21,1.2561890197276595,1.2997725492877776,1.2505654141838147,1.2646245956420898,3386000
2010-01-22,1.2568916007161464,1.2695448766447928,1.221743658580631,1.2343969345092773,9235000
2010-01-25,1.2421297496285286,1.2512682336841334,1.227367660430391,1.2407238483428955,2614000
2010-01-26,1.197140366966895,1.2653274617803616,1.1837841785515124,1.2484564781188965,7654000
2010-01-27,1.2400204640945514,1.261812135163825,1.212605022440616,1.2238523960113525,6963000
2010-01-28,1.2336939283366632,1.247050196478229,1.2126051632914252,1.245644211769104,144576000
2010-01-29,1.245644149346356,1.2554856228205316,1.2126051025243572,1.2217435836791992,33570000
2010-02-01,1.2217438193820598,1.2435355798939522,1.21541713868539,1.2301793098449707,5095000
2010-02-02,1.2308820736396466,1.2512678454545711,1.2196346992456402,1.244238257408142,17729000
2010-02-03,1.232991228030824,1.2435356968503297,1.2287735243023448,1.2386149168014526,12857000
2010-02-04,1.2217441629024048,1.2358033455600779,1.199249403610657,1.2104967832565308,13767000
2010-02-05,1.2126052657388553,1.2175259612386105,1.1669128538145286,1.2090904712677002,5387000
2010-02-08,1.2006549582150272,1.215417129260131,1.1858928709692378,1.1957342624664307,4983000
2010-02-09,1.1978433417178478,1.2217439993152832,1.1823782596249939,1.1943285465240479,1896000
2010-02-10,1.185190125700838,1.1908138150718064,1.1605865580272656,1.1809723377227783,5780000
2010-02-11,1.1781602046395894,1.2126052400055192,1.1598832402577237,1.204169750213623,3700000
2010-02-12,1.1936252941101548,1.2224466419445605,1.1802691088011235,1.2203377485275269,1632000
2010-02-16,1.2231502608045466,1.2308828460275918,1.2140117738498617,1.2287739515304565,4227000
2010-02-17,1.2372085788022205,1.2372085788022205,1.2069813356552477,1.2238523960113525,5077000
2010-02-18,1.2280703249486093,1.2301792183573288,1.2161200406982775,1.226664423942566,4619000
2010-02-19,1.230178633724192,1.23861411955086,1.220337163760355,1.2322875261306763,3746000
2010-02-22,1.230179154040044,1.2365057501361212,1.2111992819525084,1.219634771347046,8465000
2010-02-23,1.2196346905204973,1.229476080195374,1.204169613688849,1.2217435836791992,18202000
2010-02-24,1.2301788690317996,1.256188323555455,1.22385227440147,1.2470499277114868,8523000
2010-02-25,1.265327210145379,1.2927426578923247,1.2435355342329633,1.2716538906097412,23197000
2010-02-26,1.2688420803797955,1.2786835559783059,1.2625154833373593,1.275871753692627,2807000
2010-03-01,1.3145341663558843,1.321563754106507,1.2737625406424136,1.2864158153533936,8722000
2010-03-02,1.2786835393980425,1.317346281221045,1.2786835393980425,1.3159403800964355,9810000
2010-03-03,1.3180490946209062,1.401701247662158,1.3180490946209062,1.3292964696884155,10634000
2010-03-04,1.3363260946473874,1.3524941653237008,1.300475158965097,1.3398408889770508,3966000
2010-03-05,1.3391382026291196,1.3820187367703687,1.3391382026291196,1.3609299659729004,3767000
2010-03-08,1.3693652457046475,1.372177131655601,1.3419498814285573,1.357414960861206,2220000
2010-03-09,1.366553670382725,1.4059194098357586,1.3461678081019541,1.3602269887924194,9227000
2010-03-10,1.3679588095591237,1.4045127260284611,1.3609292231302943,1.3876416683197021,5449000
2010-03-11,1.3911569374802473,1.4038102141409674,1.3911569374802473,1.3960776329040527,3947000
2010-03-12,1.398889923751876,1.4059195146210344,1.3665537722340133,1.3813159465789795,4984000
2010-03-15,1.3749888622457758,1.3749888622457758,1.3377320247793545,1.3651474714279175,1792000
2010-03-16,1.3651473630895745,1.3834243260714867,1.3468704001076623,1.370771050453186,1623000
2010-03-17,1.3770974451351425,1.4052157940451215,1.3749885522070362,1.398186206817627,3094000
2010-03-18,1.401701591921981,1.4059193795580176,1.3693654435105682,1.4045134782791138,2112000
2010-03-19,1.4136518239974976,1.4256022777051458,1.3841275630813334,1.4136518239974976,6365000
2010-03-22,1.3967803980966627,1.4164633441887302,1.3848301157829672,1.4017010927200317,4734000
2010-03-23,1.404513388111771,1.427008058528088,1.4024044944291403,1.4213844537734985,2819000
2010-03-24,1.419978166796091,1.419978166796091,1.375691744076598,1.3792065382003784,1535000
2010-03-25,1.3883455374481382,1.3883455374481382,1.3574152873442407,1.3813159465789795,5835000
2010-03-26,1.3820183451136792,1.4199781720711033,1.3820183451136792,1.399592399597168,5250000
2010-03-29,1.4122459703483112,1.4340376482706445,1.4017015019351566,1.4213844537734985,2961000
2010-03-30,1.4256026162781292,1.4417706937004124,1.403107856143122,1.4326322078704834,3539000
2010-03-31,1.4333350320411016,1.453720896733745,1.4178698644124281,1.4452853202819824,6620000
2010-04-01,1.4544236097068715,1.4621561086805477,1.4122460683253906,1.4410673379898071,3246000
2010-04-05,1.4544234956659492,1.4551264043542635,1.3911571047551015,1.4241962432861328,6120000
2010-04-06,1.4094337916687123,1.464264509982038,1.4059189139365453,1.453720211982727,2358000
2010-04-07,1.446690733608031,1.4579379409655688,1.4340373739328898,1.4396611452102661,1446000
2010-04-08,1.4396611448626586,1.4396611448626586,1.411542623679781,1.4129486083984375,1402000
2010-04-09,1.4129489720757273,1.4157607746381593,1.3939690952809973,1.406622290611267,1983000
2010-04-12,1.4002951198269946,1.4164632712412435,1.382721151506234,1.4073247909545898,2867000
2010-04-13,1.3960775537595895,1.422790006573585,1.3883450567603435,1.4164634943008423,2367000
2010-04-14,1.4502056269262042,1.5155808240312394,1.4410671440965863,1.5148779153823853,4783000
2010-04-15,1.5183927109637079,1.5465110665669695,1.5183927109637079,1.5436992645263672,6148000
2010-04-16,1.5444022468842367,1.545105155528297,1.5233134791747722,1.538075566291809,3439000
2010-04-19,1.524016947658445,1.5493235117257613,1.4973045657865882,1.5394821166992188,4867000
2010-04-20,1.57954960423989,1.6083710266844393,1.5591637527739532,1.5725200176239014,8506000
2010-04-21,1.5816589768306049,1.6048566364609647,1.5085511197658994,1.5352636575698853,5402000
2010-04-22,1.535263877401499,1.536669862391993,1.4741062956925712,1.5134721994400024,6441000
2010-04-23,1.5064417899154685,1.51979805494771,1.4818383202229897,1.5106595754623413,1886000
2010-04-26,1.5008183812450087,1.548619677613378,1.497303671234802,1.5317485332489014,2550000
2010-04-27,1.5366699185623576,1.5366699185623576,1.4635620483571365,1.4762152433395386,2506000
2010-04-28,1.4888682656309136,1.4966007625973707,1.453720323603461,1.4769179821014404,3139000
2010-04-29,1.4994120390489714,1.5324512438166547,1.4994120390489714,1.5043329000473022,3185000
2010-04-30,1.5162837492652106,1.524719155007226,1.4403640919954004,1.441770076751709,3603000
2010-05-03,1.451611676732421,1.5092543784817103,1.4333347102559169,1.484650731086731,4239000
2010-05-04,1.4741064505238135,1.4741064505238135,1.4002957503416895,1.4094343185424805,5540000
2010-05-05,1.4017010435018789,1.4101366154735067,1.3496820461404397,1.377097487449646,6266000
2010-05-06,1.3756918771567028,1.3763947857698748,1.3039900030559284,1.349682331085205,9155000
2010-05-07,1.3524942120491528,1.3707711767145514,1.2920397139706592,1.3560090065002441,6025000
2010-05-10,1.40591926461314,1.4698886474661799,1.40591926461314,1.4579381942749023,8944000
2010-05-11,1.4291167177269337,1.4621557673361696,1.41786934246454,1.4523143768310547,2174000
2010-05-12,1.4452851006390148,1.4705916585497385,1.4410673130541196,1.4565324783325195,3533000
2010-05-13,1.4642646517101694,1.4642646517101694,1.4284138004044276,1.4382551908493042,2919000
2010-05-14,1.4347405057905176,1.440364277943156,1.3862363718166668,1.42208731174469,5049000
2010-05-17,1.4234928276894914,1.4424726963043213,1.4002950894501707,1.4424726963043213,2929000
2010-05-18,1.4480962146334693,1.4677791581380755,1.4017009084565881,1.411542296409607,3384000
2010-05-19,1.394671433204493,1.4256017515278971,1.3307021549972082,1.4073247909545898,5790000
2010-05-20,1.3897509499315537,1.4270077851905725,1.36655329146467,1.4129486083984375,11123000
2010-05-21,1.398889786068667,1.4234934354884852,1.3735832279107154,1.3925631046295166,8233000
2010-05-24,1.3883449710007687,1.405918941003452,1.3574147335164666,1.363038420677185,4802000
2010-05-25,1.3356229553106371,1.359523604402279,1.3018809166984533,1.3517910242080688,6804000
2010-05-26,1.374988571925383,1.4354431402678065,1.3693648853028815,1.4073247909545898,9462000
2010-05-27,1.4319288163558306,1.5148780794552885,1.426305211358661,1.500115990638733,10657000
2010-05-28,1.5064423684396282,1.510660155606272,1.4270079913294849,1.4516116380691528,7955000
2010-06-01,1.452314462555724,1.4755121230291155,1.4298197107031556,1.4333345890045166,4561000
2010-06-02,1.4298199953777149,1.483947992324829,1.4298199953777149,1.483947992324829,8618000
2010-06-03,1.48043312170677,1.5465114059544474,1.48043312170677,1.5226106643676758,6463000
2010-06-04,1.5043335403207414,1.507145342374724,1.446690844020303,1.4628589153289795,3157000
2010-06-07,1.4677795522358403,1.4832445467147617,1.4445818929188448,1.4600468873977661,7353000
2010-06-08,1.4719971441317288,1.4832443504101744,1.449502396377654,1.4825414419174194,11924000
2010-06-09,1.4937891581561498,1.5394815726293032,1.4734032988066943,1.4811359643936157,8025000
2010-06-10,1.5113628665021854,1.5444019119894885,1.5106597904119554,1.5324516296386719,10099000
2010-06-11,1.5113630846988366,1.5451050435491311,1.5064422217511624,1.5415903329849243,7929000
2010-06-14,1.5570557096600544,1.557758786024293,1.4980071833847501,1.51206636428833,13409000
2010-06-15,1.5289374106394191,1.5957186064731526,1.5162842143460504,1.5640853643417358,12082000
2010-06-16,1.5619761256435272,1.6512520591836921,1.5500258407819425,1.608371615409851,26923000
2010-06-17,1.6371923267751145,1.665310674016135,1.618915367548737,1.6414101123809814,20536000
2010-06-18,1.637192950186461,1.654063931435502,1.6034508200897453,1.6196188926696777,12720000
2010-06-21,1.6442222403877524,1.6449251489289158,1.5732232821735634,1.6161038875579834,7111000
2010-06-22,1.6090745319728288,1.6196188320090696,1.5535407268259878,1.5647881031036377,12008000
2010-06-23,1.5816590659724532,1.595718244262096,1.5120660831591333,1.5844708681106567,11441000
2010-06-24,1.592203035241018,1.5943117604858181,1.457234731257992,1.4930857419967651,17771000
2010-06-25,1.507144847562899,1.5514312600689393,1.4853530117021303,1.509253740310669,95883000
2010-06-28,1.5141743057250052,1.5366690480603624,1.4424724611797857,1.5289363861083984,9663000
2010-06-29,1.495898278567893,1.496601187328343,1.431225979844131,1.4741064310073853,13274000
2010-06-30,1.4684828195517443,1.4980071661490244,1.4530176536962824,1.4804331064224243,13444000
2010-07-01,1.4987097928514885,1.5148778644216372,1.4537204564643298,1.505036473274231,11503000
2010-07-02,1.5099576640827423,1.5247197556455114,1.495195572519973,1.5162843465805054,5534000
2010-07-06,1.5331546857181628,1.5612730392736012,1.4586410152765295,1.4670764207839966,10588000
2010-07-07,1.4586411183429349,1.524719220347519,1.4410670623297135,1.5233134031295776,9493000
2010-07-08,1.5296398078019307,1.5465107845678185,1.5008183812450087,1.5317485332489014,2914000
2010-07-09,1.5282343927535358,1.5472142696380615,1.511363409700474,1.5472142696380615,3255000
2010-07-12,1.5359661785613095,1.5732230062871126,1.5078478306624823,1.5535402297973633,4995000
2010-07-13,1.5683028391245437,1.5816591091438514,1.5563525540120267,1.5802531242370605,6589000
2010-07-14,1.5816594830905721,1.6069660442055467,1.561976527735072,1.5668973922729492,5384000
2010-07-15,1.564085450410045,1.616807467664033,1.5401848740970043,1.610480785369873,8355000
2010-07-16,1.595015123508307,1.6132920863739393,1.5451049298985258,1.5458078384399414,6599000
2010-07-19,1.5500254441488692,1.5725201908372592,1.5310455749549206,1.5654906034469604,5262000
2010-07-20,1.5486194699646292,1.5528372554902008,1.5183922304961206,1.5465105772018433,7122000
2010-07-21,1.5584611696387,1.5718174372760663,1.5268279394656958,1.5303428173065186,5036000
2010-07-22,1.5486197569803777,1.6125889573121537,1.5387781997305219,1.606262445449829,8397000
2010-07-23,1.6097774326884926,1.6259455045832547,1.5816590759321458,1.608371615409851,6317000
2010-07-26,1.6090741192964637,1.6132919052686827,1.5401840620131086,1.6027474403381348,6892000
2010-07-27,1.6062629933730765,1.6210250828855604,1.5626794659950927,1.576035737991333,9720000
2010-07-28,1.573223171329776,1.5851736212791836,1.530342736565164,1.5324516296386719,3550000
2010-07-29,1.540184207103062,1.5458078105300583,1.5015213888470125,1.5303428173065186,5103000
2010-07-30,1.5169865998084677,1.5401842580091045,1.482541566783491,1.5296399593353271,2775000
2010-08-02,1.545105459355396,1.6027481694688215,1.5183930820435123,1.5345611572265625,10105000
2010-08-03,1.5268288072661484,1.5394821735665571,1.5022253187909569,1.5183933973312378,4176000
2010-08-04,1.524719037630467,1.578143940278227,1.4937888837602689,1.5704114437103271,6168000
2010-08-05,1.5542443209470198,1.5992338458996362,1.5542443209470198,1.5985307693481445,4639000
2010-08-06,1.5858763842958477,1.5978266655504458,1.5739261030412497,1.5879852771759033,2716000
2010-08-09,1.5943125232624626,1.6118865828324467,1.5802533426459366,1.6097776889801025,2267000
2010-08-10,1.5872830373625102,1.6041541892910145,1.5605706594734852,1.5676002502441406,3722000
2010-08-11,1.4438789888897507,1.458641244141622,1.3553061277730563,1.42208731174469,23300000
2010-08-12,1.437552632757688,1.4684827963819393,1.4199785733083725,1.434740662574768,18324000
2010-08-13,1.4326313849545596,1.4445816670373475,1.4024040579110653,1.405215859413147,39578000
2010-08-16,1.4052159989714976,1.427007756074397,1.3855331351042501,1.4248988628387451,14858000
2010-08-17,1.4333348581664285,1.4558296142432237,1.4263052678422619,1.4319288730621338,7749000
2010-08-18,1.4284136879090914,1.4635616278717112,1.4122456187664265,1.4586409330368042,8339000
2010-08-19,1.4530172844077296,1.4656706444186705,1.4326315948322335,1.441770076751709,5891000
2010-08-20,1.4263047507324853,1.4445817124686988,1.4263047507324853,1.4361461400985718,4158000
2010-08-23,1.436848890629221,1.4459873704926423,1.4213838997823345,1.4340370893478394,5772000
2010-08-24,1.4059193068521432,1.4396614385968405,1.4024045119369857,1.422790288925171,10926000
2010-08-25,1.4234932534267262,1.4354435384398274,1.3855333372454663,1.4263050556182861,11221000
2010-08-26,1.4424730289593577,1.4776209729440306,1.4241960645676044,1.4480966329574585,7769000
2010-08-27,1.4495024930663176,1.4516113862838473,1.406621887774686,1.4277106523513794,10518000
2010-08-30,1.4206809200200041,1.431225385037834,1.4009981421181692,1.405918836593628,5904000
2010-08-31,1.3918598509779927,1.4234930827361407,1.3848302625426943,1.4164634943008423,6339000
2010-09-01,1.4270081132545263,1.5015218009029883,1.417166720757253,1.4762152433395386,11095000
2010-09-02,1.4909771464888624,1.4930860397527979,1.4642646102114159,1.4797297716140747,3047000
2010-09-03,1.4881650778857576,1.49097687920073,1.4572347606253326,1.4748088121414185,5240000
2010-09-07,1.4614531246679974,1.475512304404402,1.438958370050293,1.4466910362243652,4393000
2010-09-08,1.445284413446688,1.4544228930026537,1.391156528307232,1.411542296409607,10604000
2010-09-09,1.4150574437105037,1.4270077267344246,1.370068029539042,1.3827213048934937,15500000
2010-09-10,1.3735829290794457,1.381315510111918,1.2941484767983946,1.3110195398330688,25537000
2010-09-13,1.3194551013942384,1.3405438684879694,1.3187521927707009,1.3321083784103394,11641000
2010-09-14,1.3236727600334361,1.4185722027569325,1.3082075986242385,1.398889422416687,12115000
2010-09-15,1.3918597431876905,1.4136514153699131,1.329296360679069,1.3433555364608765,11064000
2010-09-16,1.3363262359411288,1.381315658397271,1.335623243481144,1.3531972169876099,8576000
2010-09-17,1.3637409539355145,1.4284132088149006,1.3567112845014644,1.4087302684783936,15408000
2010-09-20,1.4157600626969795,1.4748087248075932,1.3911565093504128,1.4502050876617432,12498000
2010-09-21,1.458641070226199,1.5408872407143588,1.436146319494987,1.4600468873977661,9719000
2010-09-22,1.4621561897827755,1.5078486126131525,1.4551265991626146,1.4593443870544434,14238000
2010-09-23,1.4516118650256944,1.5219077701316073,1.421384609070286,1.499413013458252,10337000
2010-09-24,1.5029274317938752,1.5310457852166228,1.4987096452607418,1.516986608505249,7934000
2010-09-27,1.5451051809113405,1.554243663828765,1.5275312913307293,1.5429962873458862,6663000
2010-09-28,1.5535410687028297,1.5760358262083927,1.5331552051883297,1.5676002502441406,6547000
2010-09-29,1.5676001686949392,1.5816593495048679,1.55494680540681,1.569709062576294,3880000
2010-09-30,1.5732234541407617,1.616806972830408,1.5704116520701508,1.5823619365692139,10464000
2010-10-01,1.5900941582665893,1.5929059595529576,1.5711141224868113,1.5907970666885376,6330000
2010-10-04,1.588688367274896,1.5907972603961105,1.540887069191689,1.5683025121688843,7856000
2010-10-05,1.57744080743368,1.590094164671164,1.5640845417714166,1.5781437158584595,4099000
2010-10-06,1.576035497359662,1.595015371720307,1.535263778837912,1.56619393825531,10263000
2010-10-07,1.5704116997098818,1.6146981283609907,1.564788095398063,1.608371615409851,8158000
2010-10-08,1.5922037170369951,1.5964213369311915,1.550026009707228,1.560570478439331,11144000
2010-10-11,1.5647878403152364,1.5788470164015627,1.5514315727536465,1.5704114437103271,3876000
2010-10-12,1.5739265190532303,1.5739265190532303,1.5282341072391394,1.5479168891906738,8550000
2010-10-13,1.5612726589427777,1.5633815517055636,1.514174444970549,1.5465105772018433,9490000
2010-10-14,1.5486202852407307,1.581659343253616,1.5317491342565723,1.576035737991333,8488000
2010-10-15,1.585174014887595,1.5971243002057405,1.5401845082797143,1.5950154066085815,8650000
2010-10-18,1.5999367548524268,1.601342740356709,1.5753330979190459,1.5985307693481445,4626000
2010-10-19,1.5725209404714413,1.5971245918655503,1.5535410622296224,1.5739269256591797,5217000
2010-10-20,1.5844703789663583,1.5922030419575373,1.5521342453629923,1.5535402297973633,3061000
2010-10-21,1.5605703445251278,1.5612732531807356,1.5394815764692162,1.5429962873458862,3467000
2010-10-22,1.5465111624603807,1.580956200489771,1.5429962839927187,1.5802531242370605,5244000
2010-10-25,1.5816595752957887,1.6252431090678277,1.5753328927485544,1.6069661378860474,6475000
2010-10-26,1.6027473274560373,1.6505486191102177,1.5914999548551376,1.6463308334350586,14787000
2010-10-27,1.645628149316498,1.6695287146018811,1.630162988932582,1.6660138368606567,11251000
2010-10-28,1.684291371072605,1.6906180525969774,1.623133952466295,1.6470345258712769,13518000
2010-10-29,1.6526581092490056,1.7538841640449259,1.6421136412501425,1.7349042892456055,13607000
2010-11-01,1.7222508135577121,1.7384188834457963,1.6709348020865329,1.6751524209976196,8575000
2010-11-02,1.6941321196739891,1.7180326816253957,1.6779640530366091,1.6927261352539062,4040000
2010-11-03,1.6955385547142383,1.7412309700449233,1.6842911780483287,1.7349042892456055,5849000
2010-11-04,1.7545871633894583,1.7834084286584373,1.7342013045511284,1.777784824371338,9831000
2010-11-05,1.7827053756080273,1.8066059432899904,1.767943289851276,1.783408284187317,6295000
2010-11-08,1.767943445650493,1.7981706960056605,1.7524782823529794,1.7749730348587036,3744000
2010-11-09,1.780596654885189,1.789032229048868,1.7419338300998317,1.7454487085342407,4079000
2010-11-10,1.746854067658121,1.7524778381584276,1.7138150235136882,1.7299830913543701,2680000
2010-11-11,1.7152214754460122,1.764428600840348,1.676558650265433,1.746854543685913,12118000
2010-11-12,1.7440422873634807,1.8143383300792455,1.7264684023834795,1.8080116510391235,10075000
2010-11-15,1.8241801123874988,1.8248830210106488,1.763022537010638,1.769349217414856,4987000
2010-11-16,1.7588046445226564,1.7623193546911784,1.7166269493102169,1.7503690719604492,5697000
2010-11-17,1.748260464781945,1.7714581255238475,1.7222510019255808,1.7292805910110474,6378000
2010-11-18,1.7412306807151459,1.7686461253580983,1.7349040009670942,1.7623194456100464,6640000
2010-11-19,1.7524782999817619,1.7805966570974556,1.7461516193511422,1.776378870010376,3454000
2010-11-22,1.780596797068878,1.828398108482361,1.780596797068878,1.8283981084823608,9078000
2010-11-23,1.8206650481064102,1.8319124229210832,1.8037940696837031,1.8262888193130493,6454000
2010-11-24,1.836130134045482,1.855813081062743,1.832615423834406,1.8487834930419922,8239000
2010-11-26,1.8452690054078913,1.9015057214649498,1.839645400841639,1.8986939191818237,6268000
2010-11-29,1.9029115919834703,1.9050204854686652,1.8530013921648947,1.8923671245574951,10205000
2010-11-30,1.8923678820105114,1.9155655520343018,1.834022252495931,1.835428237915039,54355000
2010-12-01,1.8614368433652306,1.897990771233466,1.8480805747058964,1.888149380683899,16522000
2010-12-02,1.8951794348411666,2.002029275165461,1.886040950629309,1.9971085786819458,19060000
2010-12-03,1.9682868108841778,1.9682868108841778,1.859328094966511,1.866357684135437,26279000
2010-12-06,1.887446403503418,1.890258205579549,1.848080671641719,1.887446403503418,8971000
2010-12-07,1.7405279319228686,1.7777847700834164,1.7208449823218246,1.747557520866394,117381000
2010-12-08,1.756695717607753,1.809417542312125,1.7475572367072578,1.7855169773101807,49077000
2010-12-09,1.8094176126751713,1.8635455916825532,1.797467329709487,1.8565160036087036,34051000
2010-12-10,1.8769017898696283,1.8769017898696283,1.8389418815962233,1.8558130264282227,14052000
2010-12-13,1.8748435509869683,1.8818918280640398,1.8572227742721996,1.8734338283538818,12177000
2010-12-14,1.8783674363219716,1.8854157127642162,1.8304390556882075,1.8529936075210571,9460000
2010-12-15,1.8536984651857353,1.8938736222033348,1.8262101379468987,1.8607467412948608,18005000
2010-12-16,1.8748434641678935,1.9488504540721638,1.862156465190158,1.9481455087661743,24425000
2010-12-17,1.9537840123517556,2.0017122216752523,1.9403922376108327,1.9855011701583862,36401000
2010-12-20,1.9657657166380327,2.0045313115871903,1.9523739442681625,1.9601269960403442,14602000
2010-12-21,1.9699952028798071,1.9798627563139815,1.9502599279672919,1.9650614261627197,14950000
2010-12-22,1.969995976553644,1.986911813090443,1.9305255792716245,1.9833875894546509,9600000
2010-12-23,1.9826819896697998,2.0059413182781713,1.9671757145828312,1.9826819896697998,5885000
2010-12-27,1.9805671322819771,2.0397727769802394,1.9608320294119777,2.027085781097412,13311000
2010-12-28,2.027790759797755,2.029905259146561,1.9890251624618223,1.9946637153625488,5836000
2010-12-29,2.0052369989129892,2.0207432775404777,1.9840921651723424,2.0179238319396973,6296000
2010-12-30,2.0186285638522823,2.0390684500087133,1.998188509651668,2.0355443954467773,6815000
2010-12-31,2.036954658935891,2.036954658935891,1.9939600391642,2.002418041229248,6177000
2011-01-03,2.0228576880753293,2.0228576880753293,1.9509651833530879,1.9594231843948364,14436000
2011-01-04,1.959423245282026,1.9946646373107255,1.9009225177099638,1.9735198020935059,16262000
2011-01-05,1.962947243327864,1.9855016308123816,1.955898965730666,1.9728147983551025,9537000
2011-01-06,1.9763381614574704,2.010874760009962,1.9573078354096434,2.0101699829101562,9598000
2011-01-07,2.0066460300518556,2.0094654749169254,1.9580130427696751,1.9932544231414795,8774000
2011-01-10,1.9918455214438295,2.051051199299336,1.968586184010072,2.036954641342163,15385000
2011-01-11,2.0538695784151417,2.062327576705531,2.0327247507333217,2.060917854309082,13549000
2011-01-12,2.0637371509667735,2.067261372969818,1.9749288402375609,1.9855011701583862,15599000
2011-01-13,2.0017129084317937,2.0200384658288693,1.9749295178051378,1.998188853263855,9645000
2011-01-14,1.9974847868027246,2.048232308375379,1.9735204973454543,2.044708251953125,9776000
2011-01-18,1.948850960005965,1.965766794990228,1.919248122750342,1.9558992385864258,100182000
2011-01-19,1.9735187566264571,2.0087601299861197,1.9389821603207509,1.956602931022644,29795000
2011-01-20,1.951669561903005,1.96083233768866,1.9227715121004922,1.9523743391036987,20963000
2011-01-21,1.9728139677454086,1.9855007948611796,1.9495546446630594,1.9573076963424683,12490000
2011-01-24,1.989025226344412,1.989025226344412,1.9439161295132679,1.9798624515533447,21495000
2011-01-25,1.9840911524741083,1.9840911524741083,1.93122901108171,1.974928379058838,14548000
2011-01-26,1.98268224651288,2.000303023578186,1.959422914891419,1.9911402463912964,15209000
2011-01-27,2.0031221112679027,2.0750145992975217,2.0031221112679027,2.0595083236694336,37302000
2011-01-28,2.0651472996331797,2.0693762996920575,1.9643567477252828,1.9770437479019165,13722000
2011-01-31,1.9763388209630988,2.035544486251237,1.9699954888598052,2.023562431335449,13104000
2011-02-01,2.038363629068492,2.0792437365945715,2.027086352232188,2.048936128616333,15835000
2011-02-02,2.045411664411595,2.0721952147387492,2.022857113403903,2.0299055576324463,11300000
2011-02-03,2.0284961319941703,2.0848823497198588,2.0158091321793803,2.0729002952575684,12326000
2011-02-04,2.0996838355132406,2.2004742158307438,2.0947498902553527,2.1990644931793213,25500000
2011-02-07,2.196950286474909,2.218799896530002,2.153955675664316,2.1701667308807373,9762000
2011-02-08,2.2131609633699947,2.273071228455444,2.184967689863463,2.2491071224212646,34684000
2011-02-09,2.2505171656715244,2.32240966206485,2.2378301655787203,2.309722661972046,42916000
2011-02-10,2.3252293761562943,2.3259341536124336,2.2660237006908712,2.289283037185669,35043000
2011-02-11,2.292807087246942,2.3506030353872074,2.2780057535214935,2.346374034881592,27725000
2011-02-14,2.3668140891280416,2.4210858141005613,2.3668140891280416,2.3992362022399902,25997000
2011-02-15,2.3886638737119847,2.4147426560030603,2.3555369808026203,2.375977039337158,19788000
2011-02-16,2.3900730073033327,2.438706168495639,2.3830247303788323,2.4231998920440674,12605000
2011-02-17,2.4196760744492956,2.426019406671327,2.3477835755646597,2.370337963104248,34387000
2011-02-18,2.3802054379475215,2.4013502685853667,2.370337715881186,2.3858439922332764,15639000
2011-02-22,2.3428496411998285,2.3428496411998285,2.2646138097189867,2.2977406978607178,20118000
2011-02-23,2.324524791176034,2.325934346205027,2.179330036403021,2.208932876586914,33272000
2011-02-24,2.244879298678778,2.404875407210447,2.231487516157374,2.395007848739624,35331000
2011-02-25,2.4133314114501627,2.4380004552372454,2.3823190384972386,2.4217894077301025,19132000
2011-02-28,2.4203807146599194,2.433772491781781,2.360470274309853,2.395711660385132,16263000
2011-03-01,2.273071390777727,2.2885776671070133,2.2441735060284222,2.2603845596313477,101318000
2011-03-02,2.2632039751373556,2.293511584331054,2.2582701978318918,2.2878730297088623,26617000
2011-03-03,2.31113188911193,2.3315719395159094,2.280119340897564,2.3259332180023193,32848000
2011-03-04,2.330162282743551,2.3365057816084147,2.291396680406035,2.3111319541931152,20498000
2011-03-07,2.325933936521292,2.325933936521292,2.2251435437991836,2.2540414333343506,16709000
2011-03-08,2.249812376866692,2.294216712237389,2.2265530431221356,2.2829394340515137,19603000
2011-03-09,2.2371258697269094,2.247698204035425,2.180739638630228,2.1849684715270996,43929000
2011-03-10,2.1715759695922805,2.1934255747773386,2.1250573143870586,2.1856725215911865,36191000
2011-03-11,2.1835588914020776,2.221619563344693,2.1645285554307696,2.2011795043945312,13135000
2011-03-14,2.1913119729387436,2.196950696874946,2.165233357860951,2.1849684715270996,16414000
2011-03-15,2.1314016410432965,2.204703880123068,2.103913301388382,2.1899025440216064,19796000
2011-03-16,2.1870752264361144,2.1969682537054473,2.077544824371112,2.0888512134552,28724000
2011-03-17,2.139023361772516,2.1418499172502012,1.9976937346302062,2.0718917846679688,38143000
2011-03-18,2.12489063733348,2.154569894136957,2.1100510931707523,2.14255690574646,30697000
2011-03-21,2.1764752439525608,2.201207978444011,2.1609291077377937,2.18990159034729,19947000
2011-03-22,2.2012086363424004,2.2118084310005144,2.1517433210532513,2.1701161861419678,15176000
2011-03-23,2.170821881752787,2.192021293790152,2.1446759570878315,2.191314697265625,12364000
2011-03-24,2.209688635219651,2.2139283849179145,2.162343106888381,2.1955556869506836,13371000
2011-03-25,2.201207824426268,2.2040343791331827,2.1743551335156828,2.1800084114074707,9122000
2011-03-28,2.181421757155257,2.225940712935461,2.1722353273565442,2.18990159034729,10740000
2011-03-29,2.194848119951928,2.1983814399676693,2.1630490822001116,2.188488245010376,14708000
2011-03-30,2.225941035282824,2.2323007426198536,2.1630493792755745,2.225234270095825,17353000
2011-03-31,2.2280619739192957,2.2471414412786337,2.177183281975682,2.197675943374634,15803000
2011-04-01,2.2259410946454996,2.2542069854954234,2.1948484799281838,2.2273542881011963,16029000
2011-04-04,2.2323009209075817,2.2323009209075817,2.117117392718731,2.1623427867889404,18790000
2011-04-05,2.1729422901772213,2.28953916478805,2.1630492628715716,2.2379539012908936,20444000
2011-04-06,2.271166243618948,2.322044909103251,2.242900355789442,2.3156850337982178,21373000
2011-04-07,2.32275073216002,2.3298172017638983,2.2831784686827166,2.294484853744507,16580000
2011-04-08,2.3220455978199124,2.341831657777902,2.280353350362114,2.3015527725219727,8340000
2011-04-11,2.282472892718011,2.305792269684273,2.242900611548657,2.277526378631592,8896000
2011-04-12,2.262686663544812,2.272579860176633,2.182128907895125,2.216754674911499,18839000
2011-04-13,2.2520866824381782,2.2817659306831604,2.212514407604193,2.2471401691436768,8770000
2011-04-14,2.228061501664915,2.2464341996321457,2.169409581022865,2.1955556869506836,11746000
2011-04-15,2.190608576777036,2.24996708272829,2.160929492279409,2.2429006099700928,12119000
2011-04-18,2.218168431807868,2.2400746208305407,2.157396717029302,2.2330081462860107,8052000
2011-04-19,2.230180680013856,2.2605665272979802,2.221701014467255,2.2450203895568848,7237000
2011-04-20,2.2739931626128866,2.3050857789834716,2.2570336608967545,2.3008458614349365,11153000
2011-04-21,2.3234582980705496,2.3361778803514546,2.298018965030756,2.3036720752716064,8335000
2011-04-25,2.299432229659043,2.3107386189693466,2.2612733131550087,2.2782328128814697,6000000
2011-04-26,2.3022591176275733,2.3022591176275733,2.250673845831725,2.286006212234497,11000000
2011-04-27,2.279645925660039,2.3672701384049613,2.272579454172901,2.3594970703125,9822000
2011-04-28,2.3531368690999663,2.389882583128414,2.32204443256402,2.324164390563965,7214000
2011-04-29,2.327698526256004,2.367270811531842,2.3121523856505792,2.3644442558288574,8180000
2011-05-02,2.384230117734294,2.384230117734294,2.326284976542114,2.3425378799438477,7082000
2011-05-03,2.3524308221866517,2.3623238495123857,2.270459711457166,2.2725796699523926,11762000
2011-05-04,2.2789392208626653,2.3043785525849168,2.2556198474904328,2.2994320392608643,7482000
2011-05-05,2.2966060640663164,2.3602043251883744,2.2669268081514824,2.348897933959961,8190000
2011-05-06,2.392003332213771,2.4732678541610396,2.3757504278243173,2.4669079780578613,19072000
2011-05-09,2.473267737071507,2.5184931274377065,2.448534999048714,2.5057735443115234,13743000
2011-05-10,2.526973528003482,2.556652786584809,2.516373901103172,2.5305068492889404,16750000
2011-05-11,2.530506183068284,2.5488790445682623,2.5107199597306193,2.534745931625366,13834000
2011-05-12,2.541104864061207,2.5488780985665054,2.4612537406229698,2.477506637573242,20255000
2011-05-13,2.477507858548638,2.5022404301326895,2.464788105895691,2.4654948711395264,10121000
2011-05-16,2.4520693354410965,2.471855399274352,2.4124970392965213,2.4209768772125244,7560000
2011-05-17,2.4096684229870644,2.4336943852404747,2.389882207589376,2.4216814041137695,12570000
2011-05-18,2.430161952657943,2.455601285460381,2.3785766903990493,2.4471216201782227,6843000
2011-05-19,2.452067707259849,2.4775070356379945,2.4471211945860363,2.459840774536133,7067000
2011-05-20,2.461961644175748,2.488107578765842,2.4238027217187463,2.4301624298095703,13164000
2011-05-23,2.396949028576437,2.3976556250763825,2.2457264265216748,2.263392686843872,24924000
2011-05-24,2.2704591194251824,2.2831786986018723,2.224526978135583,2.2407798767089844,28000000
2011-05-25,2.317804472265862,2.4506542163483256,2.304378128015467,2.437934637069702,67195000
2011-05-26,2.4407620146896067,2.46266802968775,2.3778703566237125,2.452775001525879,18410000
2011-05-27,2.4591346868134525,2.481747465267835,2.4146158950600034,2.4739742279052734,17129000
2011-05-31,2.3927092977962126,2.40754900478915,2.3651500104301437,2.3877627849578857,107163000
2011-06-01,2.3912976245332285,2.4202701234227204,2.377871270594069,2.3863511085510254,33826000
2011-06-02,2.3891768760642607,2.413202851037434,2.3305251321720974,2.3686840534210205,23147000
2011-06-03,2.382817238209145,2.412496495750222,2.339005032977655,2.3948302268981934,40817000
2011-06-06,2.4033091390646075,2.4033091390646075,2.35031052135937,2.355257034301758,13823000
2011-06-07,2.3884704131605323,2.4202694598242074,2.3602043505467947,2.4061365127563477,49845000
2011-06-08,2.388470669608479,2.4146166076434836,2.3496049767598817,2.3609113693237305,17524000
2011-06-09,2.423801941608939,2.447827909609905,2.3849362663902323,2.4188554286956787,32459000
2011-06-10,2.4223900829119596,2.430163155387126,2.3587918036689826,2.3863511085510254,14248000
2011-06-13,2.3863497964779214,2.424508709347397,2.3305246204041494,2.365150213241577,23053000
2011-06-14,2.385643424515968,2.435108902248247,2.384936827784307,2.41814923286438,21844000
2011-06-15,2.4188574633682194,2.430193666489476,2.372804190976317,2.3777637481689453,19194000
2011-06-16,2.3671363360218494,2.3713872646765357,2.313997954154549,2.364302158355713,21770000
2011-06-17,2.3862660098986033,2.3976022133389017,2.2806978793018446,2.302661657333374,20208000
2011-06-20,2.2998276308125094,2.348714912749714,2.28069786155931,2.3203744888305664,19129000
2011-06-21,2.3352534260421924,2.4372790988810475,2.3274598592555997,2.413898229598999,18439000
2011-06-22,2.407521371007871,2.57118744158325,2.377055397621354,2.55064058303833,38382000
2011-06-23,2.5137991896203467,2.555601384231066,2.467745895740346,2.537888526916504,38113000
2011-06-24,2.5350536295999686,2.538596098469376,2.4797896962901746,2.516632318496704,102656000
2011-06-27,2.5187585590767307,2.552058552636271,2.479790377278394,2.5116734504699707,18084000
2011-06-28,2.5371792997661697,2.64841546276994,2.5371792997661697,2.6179494857788086,31148000
2011-06-29,2.639913189387663,2.677464269874568,2.5959854625193235,2.6717960834503174,25680000
2011-06-30,2.6781725464716324,2.741938499153487,2.632119273962502,2.692342758178711,26329000
2011-07-01,2.707931019989345,2.7624863375374877,2.7072225598291495,2.739105463027954,19479000
2011-07-05,2.7454815669877894,2.7688624368624306,2.7284773440577617,2.7603602409362793,9519000
2011-07-06,2.7398128897422835,2.768861770629883,2.7128893884025476,2.768861770629883,12312000
2011-07-07,2.7724056243917654,2.7950778698187957,2.730603434338683,2.739105463027954,23121000
2011-07-08,2.7072222451088646,2.7072222451088646,2.6236178747218837,2.689509391784668,20213000
2011-07-11,2.6505415426753687,2.7008459306953068,2.628577757253414,2.6491246223449707,14573000
2011-07-12,2.6349538259583096,2.6384962949274606,2.4804982261221564,2.508838653564453,34677000
2011-07-13,2.532928270063865,2.569770895024643,2.4833325197286604,2.506713390350342,19458000
2011-07-14,2.511672923355049,2.5853580036168924,2.4868749639744823,2.4925429821014404,22356000
2011-07-15,2.5060039795323283,2.5470976897710975,2.4762464710464,2.515923261642456,13745000
2011-07-18,2.4996283745178163,2.530094353443734,2.4372793276071274,2.479789972305298,11983000
2011-07-19,2.501044565980878,2.583231822236733,2.4897083635796844,2.5648105144500732,17896000
2011-07-20,2.5697696586288243,2.621490933128772,2.544971710931143,2.5555994510650635,14829000
2011-07-21,2.543555773172382,2.6349538729010358,2.5315111081870527,2.604487895965576,20498000
2011-07-22,2.6016542436404895,2.649124622072438,2.5704798003849167,2.6264522075653076,14929000
2011-07-25,2.595985738235855,2.595985738235855,2.5428473505913205,2.5570175647735596,14361000
2011-07-26,2.5711874581392693,2.617949192890479,2.5655194407425044,2.597402334213257,27251000
2011-07-27,2.5825243299241114,2.5966945460039508,2.368553830627314,2.3827240467071533,40519000
2011-07-28,2.4011439209011765,2.465618483630478,2.296284283464376,2.454282283782959,47042000
2011-07-29,2.3820155865798514,2.430194422604686,2.3260431823877954,2.3827240467071533,38414000
2011-08-01,2.4089389978694706,2.4160241056134626,2.334545282096405,2.3522579669952393,23795000
2011-08-02,2.3274596747122698,2.395476728237705,2.2700701960602347,2.2707786560058594,21037000
2011-08-03,2.272904547341825,2.3267513965371296,2.2190576981465204,2.322500467300415,17009000
2011-08-04,2.282114830428356,2.302661688887819,2.1864658131852903,2.1892998218536377,26030000
2011-08-05,2.2155145438484234,2.3019528936366,2.061058982394134,2.0787718296051025,43748000
2011-08-08,2.0270510909924413,2.0546830589950487,1.8718870279479052,1.9264425039291382,43697000
2011-08-09,1.9639935594788842,2.1035703175160365,1.9434466987808516,2.0993192195892334,42112000
2011-08-10,2.073104192010687,2.15174882231783,2.0249253671717464,2.0723955631256104,30432000
2011-08-11,2.0971936657623287,2.207012906979456,2.0971936657623287,2.1758384704589844,27065000
2011-08-12,2.2311021217279747,2.267236283239101,2.18929994256763,2.199219226837158,25743000
2011-08-15,2.209846015074434,2.2955758917095532,2.209846015074434,2.2396035194396973,17067000
2011-08-16,2.2204742088967486,2.2445635336277863,2.172295390512435,2.1942591667175293,17459000
2011-08-17,2.2197663250403106,2.2693622487266136,2.168753650064993,2.1751301288604736,19023000
2011-08-18,2.1120715058171085,2.118448150175369,2.00366939633771,2.027050256729126,23055000
2011-08-19,2.0284686096074425,2.107821899066627,1.9944601535091206,2.0043792724609375,12609000
2011-08-22,2.0398040762937524,2.0475978117127283,1.9349443984256731,1.9583252668380737,25793000
2011-08-23,1.9710787050078158,2.075938390593925,1.9314020717839442,2.0731043815612793,35977000
2011-08-24,2.268653372201589,2.370679048866397,2.2233087208629394,2.2863662242889404,69346000
2011-08-25,2.2750299703995642,2.2863661752215108,2.1829235807199407,2.187883138656616,25065000
2011-08-26,2.166627991811161,2.233936597208237,2.104278944748714,2.2332279682159424,20916000
2011-08-29,2.265111004397972,2.331002519805354,2.249523700621172,2.3274600505828857,13459000
2011-08-30,2.3062043583106,2.39264272188532,2.2863659595132875,2.3472979068756104,17145000
2011-08-31,2.3593430484149507,2.4443645093165274,2.319666411706826,2.345881462097168,22913000
2011-09-01,2.338795616730671,2.348714730548448,2.230393317834752,2.2360613346099854,31135000
2011-09-02,2.1850483322184227,2.2346440624068102,2.1616674710945327,2.205595016479492,16862000
2011-09-06,2.160251205416905,2.2303938155031053,2.141121433379264,2.2289767265319824,11800000
2011-09-07,2.2821149923948774,2.35509160762596,2.277155434642716,2.3168320655822754,14595000
2011-09-08,2.2792812459487473,2.362885615218951,2.2743216876255707,2.3444643020629883,19383000
2011-09-09,2.317540854995525,2.3558005713998975,2.2672366414143545,2.28849196434021,19032000
2011-09-12,2.2566090442093083,2.386266708416474,2.2530665746160157,2.375638961791992,20470000
2011-09-13,2.375637731667917,2.443654768077932,2.3451717656829913,2.431610107421875,20511000
2011-09-14,2.444363576478556,2.6051956111247327,2.437278471517491,2.5903167724609375,47206000
2011-09-15,2.615900675841895,2.6727525788071973,2.5732617486179183,2.6109261512756348,29980000
2011-09-16,2.5988456840022454,2.61945455397993,2.5526534184371026,2.593160390853882,18030000
2011-09-19,2.557626928098737,2.6997568283015703,2.516409204515994,2.6542751789093018,41148000
2011-09-20,2.6649351779789456,2.684122676018535,2.5775253705585865,2.58107852935791,27096000
2011-09-21,2.597423676115587,2.699757233162323,2.5498102261103557,2.5569167137145996,32939000
2011-09-22,2.476613485980187,2.4879839012664133,2.343011402873114,2.4147870540618896,35534000
2011-09-23,2.4069695454191558,2.490826195190875,2.3728583055446877,2.473059892654419,20868000
2011-09-26,2.4744823221580927,2.492959061092815,2.3849403425115154,2.4233155250549316,25446000
2011-09-27,2.4645321545256538,2.497932798064579,2.4417914963209695,2.4510297775268555,23268000
2011-09-28,2.3465646419412414,2.3870716071841236,2.3373261904643683,2.3458540439605713,106504000
2011-09-29,2.369305647577234,2.3849398209051422,2.2932660667418365,2.357224464416504,49076000
2011-09-30,2.353670604755048,2.3721475035851447,2.3046357969594844,2.3287978172302246,51674000
2011-10-03,2.3302191717247034,2.3614876783702576,2.2506264553251087,2.2662606239318848,36639000
2011-10-04,2.269103872784951,2.3259557776574895,2.1930642975290926,2.2982404232025146,37205000
2011-10-05,2.2932651406556754,2.323823046369953,2.2456517030020766,2.317427158355713,35119000
2011-10-06,2.3273767156467327,2.355802662862789,2.294686842461866,2.3415896892547607,24844000
2011-10-07,2.3558040246322323,2.3757021314127424,2.311743713205536,2.3366165161132812,18240000
2011-10-10,2.345143356192105,2.420472166526697,2.345143356192105,2.3920462131500244,37583000
2011-10-11,2.389202790799853,2.4098116504015863,2.3451425111693855,2.36859393119812,13002000
2011-10-12,2.383518163795245,2.4062588213549554,2.3387471077077677,2.3913352489471436,28894000
2011-10-13,2.372858690539714,2.482298745615869,2.3650416042600053,2.4204721450805664,60207000
2011-10-14,2.485852457997989,2.5448365102277393,2.4716394782740227,2.5370192527770996,35004000
2011-10-17,2.5121457197169486,2.536307742673653,2.4737705527146288,2.491536855697632,21298000
2011-10-18,2.482298586998223,2.5562060265136712,2.480877221659989,2.5469677448272705,13948000
2011-10-19,2.518540750173215,2.5192515173117185,2.451739821664259,2.4609782695770264,30312000
2011-10-20,2.4538728248397828,2.4744816919565644,2.3536712201514662,2.4147870540618896,27141000
2011-10-21,2.4389486791486448,2.451740457776875,2.374990294303551,2.4048376083374023,27170000
2011-10-24,2.421893215026328,2.5306226588384306,2.416208092867798,2.512145757675171,25690000
2011-10-25,2.4759028165405135,2.512856622796589,2.4417917410980152,2.447476863861084,24614000
2011-10-26,2.47234973078523,2.4965117573957554,2.3906250296825147,2.3998634815216064,23137000
2011-10-27,2.4211825074890285,2.4695065519446078,2.3785434155025533,2.3991522789001465,43170000
2011-10-28,2.3955994630015365,2.4154975619359025,2.209409237322329,2.3870716094970703,71596000
2011-10-31,2.346564733944697,2.4297106310644736,2.343722172478526,2.3998634815216064,35767000
2011-11-01,2.3231132554960796,2.374990636510756,2.2939765351548767,2.3451433181762695,16196000
2011-11-02,2.3757010115349204,2.380675535885115,2.302504172703156,2.3167171478271484,21439000
2011-11-03,2.3813870272474618,2.451741326330374,2.3316414297575014,2.4396603107452393,31449000
2011-11-04,2.389203407785566,2.4659535757264037,2.389203407785566,2.4432127475738525,17113000
2011-11-07,2.4403700588231483,2.4588469595520666,2.3884926849759647,2.457425594329834,17289000
2011-11-08,2.468085289001465,2.477323738913319,2.406969467783975,2.468085289001465,9475000
2011-11-09,2.419761859916159,2.454583707825538,2.3501181640974007,2.3614885807037354,15446000
2011-11-10,2.392046187302408,2.399152675569786,2.337326244586802,2.3529605865478516,9560000
2011-11-11,2.369306076530029,2.4439241359437296,2.3621994171808263,2.4368176460266113,11553000
2011-11-14,2.4247357325551926,2.438238109229218,2.333061995729271,2.351538896560669,16063000
2011-11-15,2.3430109887768,2.3820967526467998,2.3245340883812373,2.3444323539733887,16231000
2011-11-16,2.3287983656602336,2.366462770012441,2.2648399719468313,2.2811849117279053,17180000
2011-11-17,2.2769209010055746,2.28260602357552,2.1994601317558544,2.217226266860962,17349000
2011-11-18,2.2364148377846704,2.244231926825778,2.0971274149511583,2.122000217437744,32279000
2011-11-21,2.0871767702673005,2.113470749203909,2.0459590534451753,2.0928618907928467,36389000
2011-11-22,2.1042338763891664,2.147583588215565,2.0679908246873175,2.0900208950042725,24014000
2011-11-23,2.0608837851010637,2.087888374767145,2.0374323551188094,2.0587518215179443,23819000
2011-11-25,2.0580410480577256,2.0701222314709966,2.0118489557097994,2.021087408065796,8951000
2011-11-28,2.0843341466722243,2.0992577146723135,1.998345557670257,2.0310354232788086,47653000
2011-11-29,2.036009989801414,2.08646615410526,2.0267715419551315,2.0516443252563477,31500000
2011-11-30,2.091441771396948,2.139765829022115,2.0594624860498927,2.1262636184692383,36586000
2011-12-01,2.1191566956332686,2.158953059936127,2.069411113180674,2.1255524158477783,48612000
2011-12-02,2.1518470424365517,2.2484953284473317,2.143319187711575,2.214384078979492,57689000
2011-12-05,2.2399669179777115,2.269814232677826,2.18737894537315,2.2058558464050293,28980000
2011-12-06,2.1980392231789643,2.2172267276299937,2.1362127822962975,2.18951153755188,27058000
2011-12-07,2.177429517205189,2.230728252000521,2.163216543850701,2.2186472415924072,25019000
2011-12-08,2.2158050179862947,2.2484948955624264,2.173876689380733,2.1802725791931152,29397000
2011-12-09,2.134080480281884,2.1781407753838917,2.1170249422989293,2.1752982139587402,33703000
2011-12-12,2.0338796264216037,2.105655303089926,1.9606827532330249,2.093574285507202,36729000
2011-12-13,2.0992582560588593,2.1383440192182857,2.0658577841504115,2.0779387950897217,32928000
2011-12-14,2.058040995250517,2.0864671190694692,2.0090061731034994,2.0402748584747314,21125000
2011-12-15,2.0602563353810632,2.0873742665637383,2.0402745496446637,2.0438427925109863,23917000
2011-12-16,2.0638241337472056,2.08166500542075,2.0103016888697334,2.05526065826416,90364000
2011-12-19,2.0574023400902117,2.0574023400902117,1.9546393963123956,1.966057538986206,31124000
2011-12-20,1.9931752792480433,2.0695340262904542,1.9924616985721924,2.0574021339416504,29613000
2011-12-21,2.0574016698924287,2.073815212737469,1.9660568985439464,1.991747498512268,27523000
2011-12-22,1.9967431107095286,2.079524407031816,1.9896067949945586,2.070960760116577,27874000
2011-12-23,2.085233421042184,2.113065103767202,2.058829069537624,2.097365140914917,11767000
2011-12-27,2.088801326791176,2.107355778945629,2.0716742056267434,2.093796730041504,7993000
2011-12-28,2.0952241192031793,2.09593769964642,2.044556164583407,2.050978899002075,13375000
2011-12-29,2.0524049212362194,2.084518405370176,2.0516913411888655,2.0780956745147705,10221000
2011-12-30,2.0666792110257717,2.080951844350508,2.045270261038667,2.0595428943634033,8364000
2012-01-03,2.103787419844392,2.1530280393360095,2.0616831146206986,2.065964937210083,23032000
2012-01-04,2.061682959042496,2.0759555865013053,2.0053060295372567,2.030283212661743,20254000
2012-01-05,2.0309980779146253,2.051693451865891,2.011016454888057,2.0331389904022217,20075000
2012-01-06,2.0274300309555637,2.0374208426023497,1.9995983383881601,2.020293712615967,24357000
2012-01-09,2.0909422585912933,2.1687281402278233,2.087374016153033,2.1565964221954346,33485000
2012-01-10,2.1780062858460916,2.221537773053536,2.168015475030381,2.187283515930176,26829000
2012-01-11,2.1901370670323623,2.2586457219570715,2.1830007523556874,2.226532220840454,27103000
2012-01-12,2.226531887531045,2.278627164029643,2.1994139638764705,2.260786294937134,19873000
2012-01-13,2.249369073568181,2.283623494899675,2.2272465434317126,2.2529373168945312,24275000
2012-01-17,2.2622140154244126,2.302177412544384,2.245800474283296,2.25864577293396,31782000
2012-01-18,2.354986377377015,2.497712860581753,2.3392865850261564,2.422067880630493,44274000
2012-01-19,2.4177856470286745,2.451326307893592,2.3978038645040884,2.399231195449829,31546000
2012-01-20,2.391382536166235,2.4292050392670412,2.3792508123603673,2.4127914905548096,23462000
2012-01-23,2.415645069875313,2.4192133126617374,2.374968088940528,2.402086019515991,20124000
2012-01-24,2.3970900388254286,2.4434761630261765,2.3970900388254286,2.41707181930542,30778000
2012-01-25,2.465599361467283,2.465599361467283,2.4049405931871766,2.422781467437744,30352000
2012-01-26,2.4234942135985467,2.457035038836412,2.4149307398267936,2.4320578575134277,25537000
2012-01-27,2.41493165800753,2.460604045918021,2.412077165664973,2.424922466278076,29468000
2012-01-30,2.39780366373553,2.4270626695996773,2.379962964194939,2.407080888748169,16590000
2012-01-31,2.426349704050977,2.4320586885161646,2.381390728279084,2.422067880630493,16225000
2012-02-01,2.4541815759598467,2.490576910228984,2.436340869281996,2.470595121383667,39361000
2012-02-02,2.4834399822655415,2.510557910992735,2.4798717397223173,2.4977126121520996,36188000
2012-02-03,2.517694513889501,2.5319671444439176,2.495571817429931,2.5069899559020996,23816000
2012-02-06,2.497712884674989,2.5012811276075406,2.43634053543788,2.447758674621582,18853000
2012-02-07,2.450613410330681,2.472022359623236,2.422781725207398,2.467740535736084,15076000
2012-02-08,2.4655992360948438,2.497712740055662,2.4577493402982076,2.4891490936279297,15032000
2012-02-09,2.498426309512179,2.519835255343804,2.4827265179882265,2.5069899559020996,11790000
2012-02-10,2.467740274365552,2.526258130957903,2.451326731298712,2.461317539215088,8898000
2012-02-13,2.4870080010271285,2.509844276410369,2.4277765712610657,2.4841535091400146,14360000
2012-02-14,2.4670267748223647,2.4934311266723164,2.4399086722812524,2.462744951248169,18319000
2012-02-15,2.4920033093968548,2.531966701994439,2.4841532448634642,2.4962849617004395,19864000
2012-02-16,2.4998543942751588,2.565508582676018,2.477731691146088,2.5590858459472656,16769000
2012-02-17,2.5455258194362838,2.5540894651367667,2.4862943903897152,2.5148396492004395,18402000
2012-02-21,2.5319668499864667,2.560512107775603,2.5176942210918987,2.5312530994415283,20449000
2012-02-22,2.5219758450221033,2.591911827897629,2.5219758450221033,2.561939239501953,24333000
2012-02-23,2.554803366908779,2.65899377884485,2.5483808019687464,2.653998374938965,47606000
2012-02-24,2.6654158467456135,2.6689840889519556,2.581207406422407,2.591911792755127,19325000
2012-02-27,2.5840622495590457,2.6539982409983143,2.5362487843212556,2.639011859893799,26216000
2012-02-28,2.6283077961938153,2.670412112345344,2.6090395895406773,2.64115309715271,21581000
2012-02-29,2.6361576283718815,2.69039366358601,2.6197440846830062,2.6839709281921387,34503000
2012-03-01,2.693248384536595,2.6975302084959476,2.6518578165970066,2.663275957107544,12550000
2012-03-02,2.65828034091265,2.661848584204167,2.5926261616089445,2.611894369125366,19601000
2012-03-05,2.60618496424166,2.6083258759828514,2.5184082634255587,2.5298264026641846,24881000
2012-03-06,2.4755904156680675,2.5319673622506658,2.4691676803231255,2.5198354721069336,19936000
2012-03-07,2.5341080762016883,2.566934990623462,2.5162672027951447,2.5512351989746094,12857000
2012-03-08,2.590485613058397,2.6275943592279285,2.5762128089707708,2.5990490913391113,17478000
2012-03-09,2.606184473744177,2.62759341698363,2.5726438130166835,2.624025344848633,13307000
2012-03-12,2.6211715975114642,2.630448825897562,2.576212616783018,2.611894369125366,8724000
2012-03-13,2.636871054140122,2.6882525939886284,2.6318756502858482,2.6853981018066406,12902000
2012-03-14,2.6832562346406634,2.7382058276135917,2.6404383567285277,2.6482882499694824,22282000
2012-03-15,2.6597475268850848,2.704864381599109,2.641843934514472,2.704148292541504,16248000
2012-03-16,2.7098769186428737,2.7786265795579164,2.6977025528791527,2.7141737937927246,23520000
2012-03-19,2.7048643103278063,2.7327938317342095,2.694122291781532,2.725632429122925,10058000
2012-03-20,2.6998511568486627,2.7320775517174045,2.6855283526272875,2.7234838008880615,17642000
2012-03-21,2.727780322748615,2.764303417556888,2.710592994058914,2.7471160888671875,13604000
2012-03-22,2.734226323208868,2.7456846021330112,2.7113097653605824,2.717755079269409,19680000
2012-03-23,2.7077291456089965,2.7335102320941074,2.6869611951899097,2.728497266769409,14863000
2012-03-26,2.75427879345993,2.7822083225111096,2.71918785983727,2.781492233276367,16678000
2012-03-27,2.770749424485571,2.794382071386721,2.748549126476524,2.7771947383880615,17597000
2012-03-28,2.780774871906449,2.78363956919349,2.70629632801037,2.719186782836914,16691000
2012-03-29,2.6962706573836273,2.7478326523583227,2.685528468383919,2.7456843852996826,13024000
2012-03-30,2.7542782494957403,2.8087049476381027,2.7320779509310693,2.790801525115967,24210000
2012-04-02,2.7850721359906663,2.793665887569212,2.729213262954047,2.77074933052063,14370000
2012-04-03,2.7650197984635994,2.792233055854052,2.7306449688352976,2.7478322982788086,12313000
2012-04-04,2.724915492698475,2.730644544709378,2.656166014861376,2.6790823936462402,13125000
2012-04-05,2.6833811253864432,2.720620501457126,2.674787370680479,2.6934070587158203,13792000
2012-04-09,2.666908743138124,2.6998512278620224,2.6547343763038658,2.6912574768066406,12198000
2012-04-10,2.6776507091803943,2.702715529771067,2.618927146917372,2.6353983879089355,20072000
2012-04-11,2.653302757766973,2.736375252188039,2.642560736732717,2.6840968132019043,15944000
2012-04-12,2.6948375331545367,2.753561084392003,2.6855276956141605,2.73207688331604,12525000
2012-04-13,2.71560669525094,2.7163227843412647,2.6647606135288897,2.669773578643799,8941000
2012-04-16,2.6776510986132696,2.69054155525734,2.6497215766862556,2.6533021926879883,17633000
2012-04-17,2.67621775679382,2.7177539797468513,2.665475571291744,2.7027149200439453,11296000
2012-04-18,2.6891099498580826,2.7077294643668828,2.657599634477214,2.6840968132019043,8837000
2012-04-19,2.6482889807349563,2.663328044614639,2.550177789360207,2.5573391914367676,28969000
2012-04-20,2.5602040364367475,2.5602040364367475,2.4069498763507826,2.4549312591552734,80400000
2012-04-23,2.4184088626749833,2.4227055691189716,2.373291822970139,2.379737138748169,43912000
2012-04-24,2.376871512164663,2.3818844763165483,2.318864038459035,2.340348243713379,37246000
2012-04-25,2.472834920720205,2.5258292700013656,2.446337575338305,2.505061149597168,40196000
2012-04-26,2.484293409594764,2.5243973048579473,2.464241376592505,2.5107905864715576,16242000
2012-04-27,2.5129384984916068,2.52869348104301,2.4706861738703654,2.4778475761413574,17007000
2012-04-30,2.4649569030279856,2.4792797072993085,2.4413242589061737,2.4692537784576416,13464000
2012-05-01,2.4728350402746644,2.5029128325818286,2.4470539534818605,2.4678220748901367,11762000
2012-05-02,2.444189355758491,2.49646761696574,2.424853413165353,2.4907383918762207,8848000
2012-05-03,2.4857247177616832,2.4871570663109193,2.3840327515216173,2.3890457153320312,18368000
2012-05-04,2.358252367143562,2.38904641871772,2.26085724713475,2.2651541233062744,38604000
2012-05-07,2.260141110094752,2.2909351633422603,2.235076282301044,2.2415215969085693,19848000
2012-05-08,2.2264824348014507,2.2680186772950153,2.212875717011353,2.259424924850464,28533000
2012-05-09,2.232211375076733,2.23722433978239,2.1999849782645904,2.2250499725341797,24596000
2012-05-10,2.2343593298760624,2.24510151755911,2.193539358163043,2.2114429473876953,22290000
2012-05-11,2.1978363750589023,2.2307788584242627,2.1921073217524447,2.2157399654388428,29039000
2012-05-14,2.197120525016086,2.25226330936732,2.1820814596538876,2.229346752166748,18594000
2012-05-15,2.233642764325842,2.2673013273151352,2.2135909125845585,2.2236168384552,21493000
2012-05-16,2.224333716161728,2.2673021314827415,2.1992688925951223,2.2035655975341797,19452000
2012-05-17,2.1985532889742467,2.21574079682527,2.1520042438546745,2.1534364223480225,18872000
2012-05-18,2.1648935506504716,2.1663258991220893,2.1276541978010646,2.1498546600341797,22855000
2012-05-21,2.148422696460838,2.2135915756225586,2.126938489985185,2.2135915756225586,28360000
2012-05-22,2.2157403211929054,2.25011498803335,2.2078626582050926,2.239372968673706,28475000
2012-05-23,2.2694507255165757,2.4055175541391463,2.2558441792473722,2.4005045890808105,47735000
2012-05-24,2.3962075231452276,2.4005043987806847,2.322445060540887,2.328174114227295,27487000
2012-05-25,2.3346191915977497,2.3919104056336034,2.3324707539972764,2.374006986618042,15457000
2012-05-29,2.4026520715992374,2.4714015476529623,2.3783033450726316,2.46710467338562,19163000
2012-05-30,2.4312983478656203,2.438459750053715,2.353955101789421,2.3675618171691895,26237000
2012-05-31,2.3833163240293374,2.3904777242755766,2.3253088625159264,2.3704257011413574,19157000
2012-06-01,2.322444982488116,2.33963231371101,2.2100108136846526,2.218604564666748,38892000
2012-06-04,2.235791481248551,2.2665855222350557,2.1613127751930423,2.186377763748169,39732000
2012-06-05,2.1899592822499314,2.2551280011101844,2.176352564746542,2.249398946762085,36053000
2012-06-06,2.277328484050667,2.362549235104888,2.2615733283902704,2.361116886138916,25299000
2012-06-07,2.394058889689109,2.397639676006475,2.3532389159706084,2.3596842288970947,23101000
2012-06-08,2.3510899290662857,2.4377429912519486,2.327457291264855,2.4234201908111572,25119000
2012-06-11,2.441323668020352,2.4534982023714784,2.3732902788273846,2.3804516792297363,15443000
2012-06-12,2.385465598901956,2.4470536967962873,2.385465598901956,2.429150104522705,18471000
2012-06-13,2.4284350113990065,2.469971096151715,2.409815322435545,2.4377448558807373,20580000
2012-06-14,2.4305508005459235,2.4312702306026175,2.348549493845498,2.396023988723755,23709000
2012-06-15,2.399620099987478,2.470112573374365,2.3981815830797917,2.4506912231445312,18289000
2012-06-18,2.4420595475749725,2.5233415874808665,2.4319892427718384,2.50032377243042,17163000
2012-06-19,2.511832326898337,2.517586736781425,2.4744281481673056,2.4960074424743652,19152000
2012-06-20,2.5032005036709593,2.556429394544199,2.5024812453204244,2.537008047103882,29267000
2012-06-21,2.5355706344142455,2.5456409416943786,2.473709758914855,2.4801836013793945,23173000
2012-06-22,2.4787452122968023,2.521184562598293,2.4729906281982403,2.503201723098755,55520000
2012-06-25,2.4729900379897605,2.4916921317267415,2.448533533024644,2.460761785507202,23592000
2012-06-26,2.4672363883638986,2.4902542118787565,2.44277970435231,2.473710060119629,18656000
2012-06-27,2.4758673514295233,2.5219033292476136,2.4693936813901947,2.510394334793091,11415000
2012-06-28,2.4823413133488392,2.498885461523842,2.4406212278650785,2.4679551124572754,16941000
2012-06-29,2.5190260106886893,2.585202597215569,2.5190260106886893,2.5823252201080322,18990000
2012-07-02,2.572973687258116,2.603184769204662,2.5370081951774632,2.552833080291748,21855000
2012-07-03,2.5578685299806647,2.5751319338908663,2.5492367422770568,2.5708160400390625,9803000
2012-07-05,2.570815919457655,2.586640805673015,2.551394569532489,2.559307098388672,8576000
2012-07-06,2.5535533014863323,2.554991990310805,2.4506919382027013,2.4801836013793945,14716000
2012-07-09,2.4816220047039916,2.488815105004703,2.38235711765595,2.394585371017456,21974000
2012-07-10,2.416883469151695,2.4506911884589586,2.391707708653421,2.4046552181243896,21338000
2012-07-11,2.403216512524494,2.413286815933033,2.368689537484798,2.38091778755188,18940000
2012-07-12,2.3679711227887448,2.3730062762870032,2.311864832670342,2.3435144424438477,21140000
2012-07-13,2.3413564455916744,2.3917081473203123,2.3363211210714767,2.3845150470733643,16791000
2012-07-16,2.3715675329927017,2.3801993225039175,2.329128187057641,2.3550233840942383,13761000
2012-07-17,2.3809183055261602,2.389550094038198,2.34279485875971,2.3766024112701416,18038000
2012-07-18,2.373006245436324,2.4492531485565,2.3672516618723747,2.430551052093506,21230000
2012-07-19,2.4837787100952964,2.61828977281261,2.47586618367272,2.5923945903778076,34675000
2012-07-20,2.5859225507629464,2.589519015868451,2.535570838806374,2.537728786468506,14961000
2012-07-23,2.4916916900697648,2.5032006819830728,2.426234373592762,2.4809019565582275,15101000
2012-07-24,2.494569358166422,2.52406118757365,2.429112201037554,2.458603858947754,9758000
2012-07-25,2.4550073742790666,2.499604490039685,2.4327086449017306,2.460761785507202,20470000
2012-07-26,2.5183059590607684,2.5700963332544635,2.517586700709934,2.549236297607422,13101000
2012-07-27,2.574412110675458,2.6233252777709812,2.5571487105522634,2.5988686084747314,11498000
2012-07-30,2.612537039346078,2.6398709290427673,2.5693784286116914,2.5873610973358154,12044000
2012-07-31,2.6067818518425576,2.7074852469629014,2.6053431633134574,2.6542563438415527,23597000
2012-08-01,2.6693624289975095,2.670081687682584,2.6190107196039913,2.6391513347625732,15423000
2012-08-02,2.6146945211336496,2.671520066590932,2.59671168411672,2.628361463546753,13151000
2012-08-03,2.672239990051398,2.694538727220127,2.6377131676245273,2.669362783432007,14333000
2012-08-06,2.675116621710341,2.693099286686517,2.661449679710461,2.666484832763672,11303000
2012-08-07,2.6815907114576496,2.706766652159513,2.665765991242367,2.6902225017547607,15424000
2012-08-08,2.694537740289953,2.711801145180309,2.6794321109509953,2.6959762573242188,17173000
2012-08-09,2.6643267712464214,2.702450218297255,2.6621688241023143,2.6844675540924072,9996000
2012-08-10,2.677993647914455,2.692379847529332,2.6449053545008328,2.672239065170288,14662000
2012-08-13,2.672239096542933,2.672239096542933,2.5959922033895255,2.6089398860931396,21116000
2012-08-14,2.6420272944705125,2.6449044991636215,2.588078977612588,2.6003072261810303,24324000
2012-08-15,2.593115013728887,2.6348350962574165,2.5895183780122415,2.6312384605407715,15984000
2012-08-16,2.639870668713563,2.671520279164925,2.639870668713563,2.6549761295318604,25881000
2012-08-17,2.7153980629187076,2.724749110601204,2.6182911216373483,2.6499407291412354,29985000
2012-08-20,2.6578528113164555,2.6578528113164555,2.5470789393448503,2.5866410732269287,25468000
2012-08-21,2.589518164655303,2.629799555278883,2.567938866624494,2.616852045059204,19231000
2012-08-22,2.607501274908911,2.638431622511768,2.5923958161367135,2.6247646808624268,13251000
2012-08-23,2.6067815740730076,2.611097467703398,2.5693773912723015,2.590956687927246,12060000
2012-08-24,2.5909561912480137,2.6139741718662726,2.5780086843358507,2.593114137649536,13030000
2012-08-27,2.5945541569412867,2.5988698804616344,2.5636236331488846,2.572974681854248,13306000
2012-08-28,2.5772901093712135,2.6197294501824553,2.5665005452818974,2.6089398860931396,15320000
2012-08-29,2.617572871043256,2.6513806125508226,2.6053446119861023,2.632678508758545,11952000
2012-08-30,2.625483665473361,2.625483665473361,2.578728436972478,2.590956687927246,13671000
2012-08-31,2.6103778961668502,2.6470628185381835,2.5830441904854413,2.630518674850464,13266000
2012-09-04,2.6161326507917932,2.631957365628178,2.5413242843034025,2.5816056728363037,21527000
2012-09-05,2.561466226185794,2.5621854849599703,2.521184819381461,2.5305356979370117,16184000
2012-09-06,2.5636238602208676,2.6477833060235283,2.53125498771737,2.633397102355957,22883000
2012-09-07,2.6405894141266617,2.649221202343408,2.596711386020901,2.6039044857025146,15846000
2012-09-10,2.586640238405234,2.603184379434911,2.5139898352322234,2.5175864696502686,16238000
2012-09-11,2.5204643603322126,2.5585878037560836,2.5053589032575894,2.514709949493408,12420000
2012-09-12,2.533412030051228,2.553552639389344,2.518306401550627,2.5341312885284424,13803000
2012-09-13,2.5377284553793498,2.5463600734046654,2.4780255303447376,2.52262282371521,21875000
2012-09-14,2.524060507709317,2.5535521576758393,2.4960073744258544,2.521902561187744,34024000
2012-09-17,2.5312549434821103,2.545641146898274,2.5089562081391064,2.537728786468506,15298000
2012-09-18,2.534837857971337,2.541341193473221,2.5037665958334716,2.540618658065796,10544000
2012-09-19,2.538451126272202,2.5594062056292874,2.510992710781186,2.532670497894287,20797000
2012-09-20,2.498708074796738,2.5225534619348595,2.400436212832001,2.4387333393096924,40250000
2012-09-21,2.480644002484136,2.6099871481470527,2.480644002484136,2.5659093856811523,68640000
2012-09-24,2.5290570228327818,2.5391732068208586,2.4734178386200227,2.5001535415649414,44190000
2012-09-25,2.4972633316036568,2.5283345924847898,2.3794814510396245,2.3852622509002686,34009000
2012-09-26,2.365752389856814,2.4235595306066138,2.3404619272897347,2.417778730392456,41268000
2012-09-27,2.3975469096860786,2.5283353264149766,2.38237245639057,2.52183198928833,41134000
2012-09-28,2.489314139041887,2.5305017464456925,2.4640236842623247,2.519662857055664,25908000
2012-10-01,2.539173215545979,2.5680766969131383,2.4965405288459186,2.5066568851470947,20091000
2012-10-02,2.521830893305388,2.521830893305388,2.4640239367114876,2.4871466159820557,17096000
2012-10-03,2.4950950497985707,2.5326696383377745,2.487869180639363,2.497985363006592,27255000
2012-10-04,2.4979855064825722,2.4979855064825722,2.45679806713725,2.4871466159820557,11425000
2012-10-05,2.508824516073423,2.5492895971226512,2.4690823149387153,2.4885921478271484,15117000
2012-10-08,2.456799101050153,2.4734186252928487,2.435844018782686,2.4481279850006104,10039000
2012-10-09,2.420668373319585,2.4380105968762127,2.3874293412071257,2.4271717071533203,20770000
2012-10-10,2.433675266397744,2.435843044543105,2.3520229212763195,2.3549132347106934,14476000
2012-10-11,2.38526259314003,2.419224172685152,2.3527460845586496,2.379481792449951,13768000
2012-10-12,2.365030259138488,2.3852628049327005,2.3513010500936704,2.3830950260162354,26733000
2012-10-15,2.391765602313318,2.4105529018536,2.3700879887541517,2.398268938064575,17144000
2012-10-16,2.406216847894751,2.4994307909159326,2.4011587563364163,2.482088565826416,18602000
2012-10-17,2.4633019472279902,2.500154013394046,2.448127668382185,2.464747190475464,13410000
2012-10-18,2.461856553253775,2.4857019438990724,2.4430692548934374,2.460411310195923,12752000
2012-10-19,2.4654695573258256,2.469805114493331,2.37731385994054,2.398268938064575,19088000
2012-10-22,2.419223649552955,2.4343979250611882,2.3845393697477104,2.413442850112915,12707000
2012-10-23,2.3816490887539805,2.409830034179143,2.3715329049434097,2.401881456375122,10953000
2012-10-24,2.4228367792899332,2.427172336302914,2.354913627014411,2.365029811859131,13522000
2012-10-25,2.3895978154547013,2.4380113072863785,2.3874300368784556,2.4351208209991455,15396000
2012-10-26,2.435120625613271,2.456075701983376,2.41344301386851,2.444514274597168,12623000
2012-10-31,2.4293395085962834,2.4351201349855356,2.370809848083138,2.386706829071045,22851000
2012-11-01,2.405493943934121,2.4972626300402694,2.388151893780833,2.492927074432373,18725000
2012-11-02,2.508101289948225,2.5182174712852197,2.4524621203164627,2.454629898071289,19223000
2012-11-05,2.3845393122871386,2.487146734022403,2.383816776978919,2.4799208641052246,13881000
2012-11-06,2.4799211377751167,2.5492897033691406,2.471972731672578,2.5492897033691406,20045000
2012-11-07,2.5131594428068453,2.537004826421715,2.4488491605643685,2.4539072513580322,20751000
2012-11-08,2.5283340240251717,2.5283340240251717,2.4445137369792107,2.4452364444732666,13265000
2012-11-09,2.4567986230180465,2.4567986230180465,2.4148884666377906,2.4192240238189697,14186000
2012-11-12,2.426449937207299,2.4459597725833886,2.400436765946392,2.4286177158355713,7607000
2012-11-13,2.4033272767686933,2.443792194011762,2.3975466481389875,2.4047725200653076,11113000
2012-11-14,2.4336750645273773,2.4488493380078955,2.3751454040142317,2.386706829071045,12054000
2012-11-15,2.3946556914296098,2.4004364912028113,2.3187841372374542,2.330345392227173,13745000
2012-11-16,2.3274548442257146,2.3397388056246897,2.289157717161365,2.3079450130462646,23888000
2012-11-19,2.3325126511562817,2.37225501623742,2.3130028223580466,2.3664743900299072,16664000
2012-11-20,2.407662814257706,2.4192242436988667,2.3484105960457393,2.3708107471466064,11905000
2012-11-21,2.3686423652595767,2.3816488614492073,2.3498550701025294,2.371532678604126,7802000
2012-11-23,2.384539462370985,2.4380110409462894,2.3737007429521877,2.4242818355560303,8177000
2012-11-26,2.438734060397925,2.4741408839325048,2.4141661307120423,2.459689140319824,16562000
2012-11-27,2.44668158910868,2.495095067876627,2.427894294702956,2.4654688835144043,20547000
2012-11-28,2.4293403391415445,2.5037668338092907,2.428617803665444,2.4972636699676514,20702000
2012-11-29,2.520385084128048,2.560127443995081,2.5088236609515504,2.5362820625305176,19060000
2012-11-30,2.49943018766632,2.560127443995081,2.4495716471242073,2.5362820625305176,41634000
2012-12-03,2.5572380835369963,2.5709672894389732,2.5023214322074345,2.5153279304504395,17504000
2012-12-04,2.5138833932410103,2.5406191030604344,2.5066575210660744,2.5232770442962646,16899000
2012-12-05,2.5312253273417595,2.540618977934375,2.4929281894729045,2.49509596824646,15875000
2012-12-06,2.4958181555605394,2.5398960881024824,2.490037527823079,2.5377283096313477,11963000
2012-12-07,2.4734175050295137,2.497262891087282,2.4531849675037907,2.474862575531006,85050000
2012-12-10,2.4842567022525714,2.4943728868282395,2.4640243331012353,2.4893147945404053,26845000
2012-12-11,2.504489541563759,2.520386355708175,2.480644148068767,2.4972636699676514,43625000
2012-12-12,2.5138823440681723,2.5203855057166424,2.4893142511042186,2.497985363006592,49274000
2012-12-13,2.5415554754066627,2.542281581482485,2.4391670741374942,2.4471547603607178,66194000
2012-12-14,2.407941596122728,2.4159292801364542,2.2147834098762456,2.2612576484680176,98714000
2012-12-17,2.279411647639897,2.3237073982052667,2.252543824184674,2.322981119155884,70583000
2012-12-18,2.34040766839034,2.3600139017167243,2.3011950286079825,2.3433122634887695,41414000
2012-12-19,2.3447660280435674,2.3600152911352557,2.31935041642773,2.322981119155884,25023000
2012-12-20,2.327337869295605,2.3411349191746997,2.2815899114441023,2.3164455890655518,23788000
2012-12-21,2.2612575182532093,2.2924823197647366,2.251817449903468,2.2772328853607178,35064000
2012-12-24,2.2721495677744104,2.275054163942062,2.2496387310630435,2.2619833946228027,7995000
2012-12-26,2.267067814926245,2.292483435887056,2.2343906127094537,2.2423784732818604,16339000
2012-12-27,2.256901190185002,2.2866736155172482,2.228580976939371,2.2779598236083984,27545000
2012-12-28,2.2554479233983473,2.285220510223321,2.248186346414392,2.2619833946228027,19617000
2012-12-31,2.2750550355313583,2.307732231042843,2.2489133137481137,2.2982921600341797,26644000
2013-01-02,2.3549328360384143,2.4006808107323465,2.341135781079839,2.3629205226898193,36716000
2013-01-03,2.3483968201450662,2.3948710633678827,2.3483968201450662,2.3752646446228027,23295000
2013-01-04,2.3745383102122664,2.379621397613881,2.3375043135163547,2.3600151538848877,27113000
2013-01-07,2.350576467286427,2.3592904354592377,2.3309702120273847,2.3469457626342773,16822000
2013-01-08,2.356384776025781,2.3745388118348942,2.3302432276178267,2.3309693336486816,20969000
2013-01-09,2.36001626202239,2.393419571885706,2.3498500824456663,2.3825271129608154,29456000
2013-01-10,2.4297274319515516,2.4391675051241517,2.397776508283389,2.434084415435791,44591000
2013-01-11,2.435536105456372,2.4958072314306756,2.431905229213124,2.493628740310669,47871000
2013-01-14,2.4573204242048656,2.513960664270723,2.4427972679695507,2.5103299617767334,49258000
2013-01-15,2.4907241679888554,2.500890344563619,2.4558684828514665,2.4594993591308594,33736000
2013-01-16,2.455142751857414,2.51323539616336,2.4522381542680645,2.5096046924591064,27669000
2013-01-17,2.5255801068177797,2.5393771620036287,2.51178322476167,2.5277585983276367,21065000
2013-01-18,2.508152312365011,2.5234015795884144,2.491450659779016,2.5008907318115234,18830000
2013-01-22,2.5016168379279513,2.513235401439479,2.4929030451416083,2.5008907318115234,13809000
2013-01-23,2.5306623745720462,2.5415548285859035,2.4812837113883814,2.4994375705718994,22791000
2013-01-24,2.447880849042313,2.4914503265356127,2.4391668842917675,2.4638562202453613,44567000
2013-01-25,2.456594924266425,2.4899982288268316,2.455868818163292,2.480558156967163,35089000
2013-01-28,2.497986190040001,2.507426262283471,2.476927554025356,2.5037953853607178,38462000
2013-01-29,2.490723718172026,2.520496136515518,2.4820097551789653,2.5103299617767334,23732000
2013-01-30,2.504521694973563,2.565519116445537,2.504521694973563,2.545186758041382,25185000
2013-01-31,2.5793159415993907,2.6207069340179134,2.559709691144814,2.5974698066711426,67764000
2013-02-01,2.608361585404524,2.6359556885888,2.601100006639666,2.6330509185791016,27973000
2013-02-04,2.5960178732564176,2.629421182481599,2.5517221053144348,2.554626703262329,43401000
2013-02-05,2.547364456521192,2.582946248196679,2.5459122444914044,2.5713276863098145,29392000
2013-02-06,2.5582562528655375,2.598921122421157,2.5480900787590492,2.5880286693573,20811000
2013-02-07,2.5880296674528123,2.5880296674528123,2.5081522823212548,2.5386509895324707,42435000
2013-02-08,2.5618877974388963,2.5800416597809637,2.545186147131555,2.5647923946380615,32966000
2013-02-11,2.5691494896380567,2.5916603353306464,2.5415553822119263,2.57060170173645,29999000
2013-02-12,2.556077838976562,2.5669702923673694,2.5255791426119747,2.5517208576202393,31224000
2013-02-13,2.567697056890958,2.577137127874698,2.533567649394229,2.5539000034332275,26590000
2013-02-14,2.5480900787590492,2.5902071599700713,2.540828501093034,2.5880286693573,32372000
2013-02-15,2.583671938813492,2.598195094581453,2.5401022983799355,2.5517208576202393,25317000
2013-02-19,2.5415556081498636,2.5814943876114023,2.5270324470965293,2.58076810836792,24396000
2013-02-20,2.5764106228905366,2.5945644828814767,2.517591714859009,2.517591714859009,33262000
2013-02-21,2.503068724230318,2.518317988413332,2.393418758543777,2.4449760913848877,61853000
2013-02-22,2.4667615177960904,2.503069423467161,2.4478813722211834,2.475475311279297,18964000
2013-02-25,2.478379053182766,2.484914352299195,2.3919660484967027,2.3926923274993896,30632000
2013-02-26,2.4057631492614746,2.425369393280861,2.3716337486996033,2.4057631492614746,34556000
2013-02-27,2.4544156787488545,2.495806654196601,2.4420708408807124,2.446427822113037,35971000
2013-02-28,2.446428156973837,2.4914500139875524,2.4202864391313472,2.484914541244507,34786000
2013-03-01,2.4631303059368914,2.4754749748745013,2.415203842338097,2.4471547603607178,31500000
2013-03-04,2.436988358181745,2.447154534825223,2.3970497576167364,2.4355361461639404,17005000
2013-03-05,2.447154613118583,2.4950812469634207,2.4457024010543167,2.4929027557373047,30510000
2013-03-06,2.491449817594199,2.5248531114748736,2.4841882394953423,2.520496129989624,24610000
2013-03-07,2.5190439094958115,2.5509948183938373,2.497985281143388,2.5393762588500977,30738000
2013-03-08,2.5451851992121486,2.57132673739829,2.5401019395946585,2.5611605644226074,19688000
2013-03-11,2.5473638742093954,2.5894811297803173,2.5393761904823613,2.5604348182678223,28173000
2013-03-12,2.5575314009812162,2.5807683570276145,2.541555853031393,2.574233055114746,22477000
2013-03-13,2.5778634858075655,2.622159247781892,2.5604357273383602,2.613445281982422,27495000
2013-03-14,2.617801637425018,2.6853343367948903,2.616349252429982,2.662097215652466,43449000
2013-03-15,2.6650017713530385,2.6708109646066878,2.600373674040211,2.614170551300049,34447000
2013-03-18,2.583671936729688,2.60690888206188,2.545185556662664,2.5604348182678223,28689000
2013-03-19,2.5698754220445164,2.6011002307365367,2.5444598076129936,2.563339948654175,33400000
2013-03-20,2.5909336084059165,2.6199799209699592,2.5669703832276136,2.6090874671936035,29636000
2013-03-21,2.584997854935437,2.6105485890843974,2.564557406856379,2.5959482192993164,27816000
2013-03-22,2.6112778594583106,2.6309885100604444,2.582807267799854,2.6134679317474365,17306000
2013-03-25,2.618577905237996,2.6200380113709594,2.5733168777671818,2.593027353286743,12888000
2013-03-26,2.6039773675226425,2.6266080538082175,2.5959472194487674,2.6127376556396484,9556000
2013-03-27,2.589376799147882,2.608357305871103,2.5733165042667383,2.6017870903015137,14861000
2013-03-28,2.6134678566944376,2.6229581116580807,2.590107376364773,2.6222281455993652,14740000
2013-04-01,2.6149276522888143,2.6280679100354614,2.5689364891004534,2.5798866748809814,18501000
2013-04-02,2.596678419455071,2.599598632915219,2.538276935054555,2.54630708694458,23020000
2013-04-03,2.546305960481678,2.560906325122737,2.489364608001579,2.504694938659668,18297000
2013-04-04,2.4995848632793507,2.531705631127362,2.4791442480669232,2.5258655548095703,15348000
2013-04-05,2.4827945974747845,2.512725295254621,2.4331532491508105,2.506155252456665,14449000
2013-04-08,2.500314674611675,2.5309755085082863,2.4798742347139786,2.530245542526245,12357000
2013-04-09,2.5338954082639242,2.5645562404880042,2.498124466344174,2.5390055179595947,16008000
2013-04-10,2.5411961024730276,2.5915674176989967,2.5397361702940704,2.5828073024749756,14817000
2013-04-11,2.5725870007395395,2.622228351685398,2.5557965617188914,2.601057767868042,18282000
2013-04-12,2.5915678627526217,2.5937579354472544,2.5229461651545377,2.548496723175049,16125000
2013-04-15,2.531706757941877,2.535356937802681,2.461624940685901,2.4660050868988037,24634000
2013-04-16,2.487904801846718,2.5258658241098906,2.471844329185353,2.5244057178497314,22491000
2013-04-17,2.4638146089512194,2.465274715465655,2.356501740568816,2.365262031555176,64010000
2013-04-18,2.416363010964613,2.4295034457480407,2.2813095286410854,2.290069818496704,41056000
2013-04-19,2.281309676148852,2.3273008527643952,2.2506488337217845,2.2820396423339844,37180000
2013-04-22,2.289339186361681,2.3243801642042343,2.231667696655233,2.3053996562957764,36395000
2013-04-23,2.3258410305310417,2.3667220976862917,2.3156206332046367,2.363071918487549,25542000
2013-04-24,2.363071363436776,2.39738220440525,2.338980743344003,2.381321907043457,32062000
2013-04-25,2.395192204246611,2.4229330035150665,2.374751761880455,2.382051944732666,25126000
2013-04-26,2.3791326468501937,2.3791326468501937,2.3331414631625935,2.3440916538238525,30945000
2013-04-29,2.3616113724495573,2.3937323168396243,2.3506611849916506,2.3747518062591553,20430000
2013-04-30,2.3703712477559593,2.3703712477559593,2.3032095063678613,2.3331403732299805,52511000
2013-05-01,2.3404413712337075,2.341171337444676,2.2813097568922154,2.2864198684692383,37068000
2013-05-02,2.3032099731241766,2.3528513232689297,2.285689568270186,2.3426311016082764,32536000
2013-05-03,2.347740925003738,2.3645313616977637,2.325110238040008,2.3273003101348877,46901000
2013-05-06,2.339710886124965,2.401762530214723,2.333140843094357,2.3944623470306396,32848000
2013-05-07,2.403223368179908,2.4054134412069534,2.3703724468243794,2.3754825592041016,16093000
2013-05-08,2.3820524448571314,2.4470241380979867,2.378402265639607,2.445564031600952,25437000
2013-05-09,2.4441034700211657,2.487904565055934,2.438263219586482,2.472574234008789,29769000
2013-05-10,2.4791442907187284,2.4922847237349486,2.4696540360014856,2.4864444732666016,15644000
2013-05-13,2.469654340057231,2.4915550644472764,2.4521339345952975,2.4543240070343018,14952000
2013-05-14,2.4514039544734803,2.4689243598354103,2.4331534089359805,2.4601640701293945,15938000
2013-05-15,2.457243669387924,2.4959346531364033,2.4484835550232207,2.4952046871185303,16947000
2013-05-16,2.494474762016693,2.520025313562102,2.4747642868102124,2.4973948001861572,24749000
2013-05-17,2.517835361367987,2.5390059436927706,2.5083452803776565,2.513455390930176,27443000
2013-05-20,2.499585536678582,2.522216056069384,2.499585536678582,2.514185905456543,13881000
2013-05-21,2.526595233417111,2.564556247314634,2.5141849421160107,2.561636209487915,20743000
2013-05-22,2.55360678837593,2.5725873020177588,2.4988554941554004,2.5229461193084717,33873000
2013-05-23,2.499584366865818,2.507614513720527,2.4703836429759205,2.4798738956451416,28513000
2013-05-24,2.471844520582438,2.4893651008605957,2.45870425942393,2.4893651008605957,15118000
2013-05-28,2.5207561236216627,2.526596201512797,2.4827950951789153,2.514185905456543,20919000
2013-05-29,2.5090752464422774,2.5331658670756307,2.493014774670013,2.513455390930176,22858000
2013-05-30,2.6426689852958742,2.7908629086196837,2.6353688014599785,2.760932207107544,82607000
2013-05-31,2.7251601902857434,2.793781856745552,2.709099722496194,2.7543609142303467,33432000
2013-06-03,2.7507108667070153,2.754361044397615,2.6711388379824954,2.7229702472686768,27210000
2013-06-04,2.7302713960574074,2.7879429012240857,2.729541429880648,2.759472131729126,33120000
2013-06-05,2.7550913846470206,2.7572814567489328,2.6879296376552513,2.7010700702667236,15019000
2013-06-06,2.7149410298084025,2.717130928312677,2.6601895640489754,2.6828200817108154,29731000
2013-06-07,2.683548997109504,2.725160008550609,2.6390177742286465,2.7222399711608887,30733000
2013-06-10,2.7375711128871485,2.7383010789393594,2.685739694078317,2.688659906387329,26360000
2013-06-11,2.659458806607538,2.683549599114648,2.6470485143796805,2.6492385864257812,21699000
2013-06-12,2.6762497891972665,2.677709895542724,2.6076280979127815,2.6266086101531982,21307000
2013-06-13,2.624405787551454,2.7286772354393376,2.6155942416548585,2.725005626678467,29106000
2013-06-14,2.7272072821129774,2.7756713746419597,2.7205984944757904,2.760251045227051,21762000
2013-06-17,2.7756721578905568,2.8153247198311115,2.7705320466351333,2.796967029571533,24727000
2013-06-18,2.793295610015658,2.8491029361483076,2.788889925122168,2.845431327819824,27383000
2013-06-19,2.841025296230067,2.8542428753278366,2.7954983711242676,2.7954983711242676,24035000
2013-06-20,2.7690629374215594,2.78595194680594,2.7110528693218123,2.7213332653045654,31638000
2013-06-21,2.719865018858074,2.7521743647354118,2.689024176159942,2.7448313236236572,80030000
2013-06-24,2.715459628385443,2.716193880101918,2.6508407503932547,2.694164752960205,36858000
2013-06-25,2.726473511800184,2.760251532254334,2.7029757127698475,2.7242705821990967,26019000
2013-06-26,2.7455661581132085,2.769798214888633,2.716193814231296,2.735285758972168,20661000
2013-06-27,2.752174072756715,2.7786090529689202,2.738222418674852,2.7404253482818604,26359000
2013-06-28,2.716927837427755,2.7624547623493956,2.6993045737739263,2.7448313236236572,22998000
2013-07-01,2.7793443380669993,2.7808128415440176,2.7418946982518966,2.761720895767212,27147000
2013-07-02,2.7866867807056903,2.8623201207189113,2.7771408098724955,2.8256049156188965,40377000
2013-07-03,2.8189969277003373,2.854243639661139,2.7999049806055645,2.8336830139160156,15203000
2013-07-05,2.8358852338122524,2.8770062999274812,2.802107208965032,2.849837064743042,14447000
2013-07-08,2.8586479559526548,2.865991170614478,2.7308791021019068,2.736753463745117,22643000
2013-07-09,2.7697980682746017,2.7881555852731488,2.7448315860501262,2.7595176696777344,13855000
2013-07-10,2.7595170877389172,2.8160586553462146,2.749236866381914,2.8145899772644043,17363000
2013-07-11,2.7558467219585308,2.8344172657052122,2.7521751128686325,2.8336830139160156,16769000
2013-07-12,2.841025492156508,2.862320365456872,2.840291240513299,2.8601174354553223,18342000
2013-07-15,2.862320114431427,2.8696631554353,2.78742102616316,2.79109263420105,21551000
2013-07-16,2.8021073224206963,2.8740692348040207,2.8021073224206963,2.854243040084839,31254000
2013-07-17,2.864523476625626,2.918127701552385,2.8535088259212547,2.857914686203003,23992000
2013-07-18,2.8454311501990763,2.854977121170938,2.7499714404804614,2.760986089706421,37050000
2013-07-19,2.7720008021659077,2.8013729673426093,2.754377363002355,2.779343843460083,17757000
2013-07-22,2.8072472134528854,2.8072472134528854,2.7565801781113213,2.774937868118286,9869000
2013-07-23,2.7962333535563317,2.802107717608297,2.7543778531662824,2.761720895767212,16501000
2013-07-24,2.7367545269206635,2.7896245025360003,2.706648105427677,2.708850860595703,20506000
2013-07-25,2.6802127852726056,2.715459314597619,2.66552670220853,2.709584951400757,25512000
2013-07-26,2.6824152491939017,2.7059128729707704,2.669197671689517,2.700772762298584,12256000
2013-07-29,2.6890248679685027,2.7095854934142167,2.6714015997807157,2.686821937561035,13094000
2013-07-30,2.6985705016247588,2.7169281943517576,2.668464081633046,2.705913543701172,11651000
2013-07-31,2.7176627209659054,2.7213343299115107,2.684618940743259,2.6934306621551514,13124000
2013-08-01,2.7191316919001287,2.755112658104505,2.704445604682665,2.7463009357452393,19499000
2013-08-02,2.7382226248935537,2.752908706665039,2.7117876426904997,2.752908706665039,15183000
2013-08-05,2.7330820285147066,2.746299605652043,2.71399026443614,2.718395948410034,11773000
2013-08-06,2.711788223557228,2.7132567270057883,2.694899208395192,2.706648111343384,10730000
2013-08-07,2.71472456201574,2.7396908636032333,2.6934296929808133,2.738222360610962,18035000
2013-08-08,2.760985791184747,2.760985791184747,2.737487992091255,2.7404253482818604,19396000
2013-08-09,2.730145202827403,2.7345510624465894,2.697835857406547,2.704444646835327,13858000
2013-08-12,2.7051791875107796,2.7756724237354913,2.6978361457180373,2.768329381942749,9880000
2013-08-13,2.7786096214967806,2.799170243678442,2.740425908996999,2.7918272018432617,13754000
2013-08-14,2.783015562270826,2.7859527440756398,2.7279426593748632,2.7330827713012695,15271000
2013-08-15,2.653777127865506,2.712521445226917,2.6251392206302553,2.644965410232544,25111000
2013-08-16,2.641294598481714,2.669198262676751,2.6354202350048266,2.6618552207946777,13543000
2013-08-19,2.6669953326049365,2.673604122820381,2.649372067102345,2.6618552207946777,23389000
2013-08-20,2.6684642034614607,2.724271360804454,2.6640583430000775,2.701507806777954,17417000
2013-08-21,2.690493546597466,2.716194109564665,2.6714015997807157,2.686821937561035,14425000
2013-08-22,2.659652204240677,2.7264740057450965,2.649371980954435,2.6882901191711426,9940000
2013-08-23,2.701506877811417,2.7205988165309773,2.678743506684493,2.6978354454040527,18312000
2013-08-26,2.71325600681511,2.769797576303224,2.7059129663055765,2.752174139022827,13890000
2013-08-27,2.778609676312031,2.778609676312031,2.669198298287843,2.683884382247925,29863000
2013-08-28,2.85864800170895,2.8968318782166187,2.7830146752146745,2.8109183311462402,67806000
2013-08-29,2.8197306188561444,2.8637890438152125,2.7999044239141213,2.8601174354553223,35955000
2013-08-30,2.8608519834290473,2.8630549136587793,2.8116536167995676,2.827808380126953,25073000
2013-09-03,2.8505716312322,2.873335184227905,2.793295797971702,2.8160593509674072,17351000
2013-09-04,2.832948019970999,2.8733348340198384,2.8021071769687595,2.8623201847076416,12588000
2013-09-05,2.8748033900590735,2.8784749982546023,2.843228294879568,2.8483684062957764,14372000
2013-09-06,2.877005751361912,2.877005751361912,2.8072467850809857,2.8314788341522217,17155000
2013-09-09,2.8542430278008104,2.8637889993018395,2.836619588062345,2.84689998626709,16364000
2013-09-10,2.86378926616863,2.912987631521996,2.8601176575236646,2.9122533798217773,24344000
2013-09-11,2.880677140415146,2.898300399747496,2.8402903366679726,2.882145643234253,23927000
2013-09-12,2.888021194921451,2.896832740149121,2.8351512232677205,2.8659920692443848,20006000
2013-09-13,2.8755369484013045,2.8843486658886097,2.8417589314624645,2.863053798675537,14480000
2013-09-16,2.8909574189404745,2.9137207887440923,2.866725371216161,2.8843486309051514,21556000
2013-09-17,2.936053286827464,2.981109607327622,2.917587648103963,2.9633827209472656,37247000
2013-09-18,2.97076870625899,3.0047456772668983,2.9427008732237487,3.00400710105896,23648000
2013-09-19,3.009916067123413,3.0136093003743585,2.965598324730391,3.009916067123413,25017000
2013-09-20,3.040200292598041,3.145085515273134,3.0158255155854907,3.0741772651672363,87192000
2013-09-23,3.1450865423597523,3.1532115880860285,3.064576070405015,3.0926437377929688,29711000
2013-09-24,3.091166051376583,3.145824575960026,3.075654891290141,3.1325294971466064,29753000
2013-09-25,3.1406517172070703,3.1465610278130303,3.0594027467429807,3.1177544593811035,20584000
2013-09-26,3.1369604324696936,3.1509940837242127,3.105199192594427,3.122187852859497,16874000
2013-09-27,3.110369620594595,3.159119169198835,3.0904266554570508,3.1539487838745117,21998000
2013-09-30,3.1096324994138005,3.1975294432598496,3.1000303004320893,3.182018280029297,35229000
2013-10-01,3.1864481783150542,3.222640870791755,3.174629904706104,3.207129716873169,27411000
2013-10-02,3.181279405187998,3.2093470707894114,3.1716772071067676,3.206392765045166,17366000
2013-10-03,3.204914634923543,3.2196872157589325,3.1635511972607886,3.1982667446136475,22817000
2013-10-04,3.2071297222263033,3.230027341214457,3.1975275289931457,3.213038682937622,17246000
2013-10-07,3.2130396398901913,3.2130396398901913,3.1672447404806423,3.1761083602905273,14587000
2013-10-08,3.184232666033896,3.2108235222436776,3.128835577239337,3.1465628147125244,21682000
2013-10-09,3.173891376393868,3.180539265463304,3.089687716564712,3.1170167922973633,27594000
2013-10-10,3.1990054375768797,3.225596295374718,3.1450854979495175,3.213778018951416,32464000
2013-10-11,3.1945737050455025,3.2130395202608786,3.1598581555877834,3.19752836227417,18979000
2013-10-14,3.185709941196974,3.272868265486289,3.176846323098726,3.2669589519500732,20183000
2013-10-15,3.2699141325912096,3.2824706334036757,3.2189484964641144,3.230766773223877,18761000
2013-10-16,3.255879875543307,3.294288655684786,3.24036871868758,3.2869021892547607,16999000
2013-10-17,3.2566185543836426,3.333436117087653,3.249971016151994,3.3312203884124756,23286000
2013-10-18,3.4183781907383257,3.4183781907383257,3.3275269801228293,3.4021284580230713,27417000
2013-10-21,3.408776077507943,3.487071142625814,3.401389963262774,3.475252866744995,43360000
2013-10-22,3.4759921773949323,3.4759921773949323,3.431674425941655,3.461958169937134,47814000
2013-10-23,3.435366667909104,3.4397984769952665,3.3024134519424715,3.352640151977539,56673000
2013-10-24,3.344514966108115,3.3755376283770016,3.320878769400508,3.3600261211395264,30021000
2013-10-25,3.337129369664473,3.3903107324427095,3.337129369664473,3.3703677654266357,21912000
2013-10-28,3.3496860394445864,3.379231203348806,3.3400838435654086,3.361504316329956,19048000
2013-10-29,3.388095181771249,3.4183789251492973,3.3666750589443786,3.382924795150757,22162000
2013-10-30,3.402128940375524,3.402128940375524,3.2795164709257016,3.3127548694610596,20740000
2013-10-31,3.3238348138760765,3.3688911455529738,3.3238348138760765,3.3555960655212402,17394000
2013-11-01,3.382184880442553,3.38957134538103,3.2920719101057117,3.3031516075134277,22074000
2013-11-04,3.3304813064005603,3.3459928152359746,3.294288607598827,3.3267884254455566,13911000
2013-11-05,3.326789687039135,3.3386076149889705,3.293551280396652,3.3260507583618164,12484000
2013-11-06,3.337129382270165,3.3600266542900052,3.321618224777528,3.351163387298584,10405000
2013-11-07,3.3504255669749394,3.3607666942630248,3.218949444610195,3.2248587608337402,32309000
2013-11-08,3.230027747928724,3.278777296296051,3.1834939280298737,3.275822639465332,36069000
2013-11-11,3.2824709764553384,3.2928121017781833,3.241846460324659,3.2654826641082764,9140000
2013-11-12,3.2913347051304465,3.3371299615315393,3.2728692395041277,3.3334367275238037,13438000
2013-11-13,3.2758230198409395,3.3519020080566406,3.2758230198409395,3.3519020080566406,9863000
2013-11-14,3.3164471038544674,3.330481107262652,3.145085110574978,3.172414541244507,59660000
2013-11-15,3.174630299380411,3.3097995972865895,3.167982761790597,3.295027017593384,48369000
2013-11-18,3.295027165694932,3.3031522081635205,3.2396300774069986,3.247016191482544,13463000
2013-11-19,3.2381523969922346,3.2684364844552,3.1709373889508283,3.172414541244507,12296000
2013-11-20,3.1945732903093496,3.195312218675183,3.1354829710564633,3.1539487838745117,11085000
2013-11-21,3.1709374825951713,3.1923576003104084,3.155425974229143,3.1798007488250732,15434000
2013-11-22,3.180539858934846,3.214516830076852,3.172414816203244,3.1982667446136475,11219000
2013-11-25,3.244800519332231,3.249970904936829,3.205653163094803,3.228550434112549,16001000
2013-11-26,3.2344594682763845,3.3134927501130362,3.2167322321908998,3.3053677082061768,18712000
2013-11-27,3.286902366254096,3.309799990772883,3.2300281213870914,3.299459218978882,19086000
2013-11-29,3.323095334137417,3.3304814485688152,3.2987205577634087,3.3038909435272217,11401000
2013-12-02,3.3600266431090455,3.4132080059112018,3.3194021328293073,3.32383394241333,24454000
2013-12-03,3.3186629161993704,3.3216175727539334,3.295026720381016,3.3075835704803467,16189000
2013-12-04,3.2854250368511977,3.316447350562652,3.280993227434404,3.2869021892547607,26443000
2013-12-05,3.3629812453047445,3.5217867548877226,3.328265697635355,3.515138864517212,45947000
2013-12-06,3.5683210912599748,3.5683210912599748,3.467867657200215,3.4686062335968018,27552000
2013-12-09,3.478208138488168,3.5114465389810863,3.438322198779134,3.498889684677124,20719000
2013-12-10,3.4988890496994958,3.501843706707208,3.433150836978255,3.442014455795288,15997000
2013-12-11,3.4538322923761164,3.470820599443174,3.402128090656351,3.4058213233947754,13005000
2013-12-12,3.430935427629744,3.433890084912391,3.37775406198506,3.3792312145233154,13678000
2013-12-13,3.3999132580381284,3.4087765258568767,3.3688905879509776,3.371845245361328,15876000
2013-12-16,3.671728711155705,3.733773341016721,3.5720135236685833,3.700535297393799,121534000
2013-12-17,3.7190000429605647,4.028485965207197,3.7153071625183287,3.9561002254486084,87230000
2013-12-18,3.966490546022923,3.966490546022923,3.8596293708103815,3.944227933883667,42787000
2013-12-19,3.9293850632219534,3.9338376552754353,3.807681706094871,3.817328929901123,30366000
2013-12-20,3.8165869865358366,3.8603705146187495,3.8091658816401357,3.8329129219055176,28889000
2013-12-23,3.879664519402295,3.879664519402295,3.844043786145603,3.8633382320404053,12988000
2013-12-24,3.881891257718393,3.9175116428011565,3.8766966255991933,3.9048962593078613,7448000
2013-12-26,3.9204813772022544,3.929386564712052,3.8930237746900267,3.912318229675293,7010000
2013-12-27,3.924932888240807,3.9375486260425405,3.904154359021752,3.9167697429656982,8043000
2013-12-30,3.9175111158143703,3.921963707582971,3.8729855519860874,3.910832405090332,10962000
2013-12-31,3.9234496733914486,3.9553595140309263,3.898960586026647,3.92419171333313,8655000
2014-01-02,3.9219649481407304,3.92419142165815,3.850724165024377,3.90712308883667,14537000
2014-01-03,3.8922816389113133,3.930128507967532,3.8559192036421153,3.9219653606414795,11661000
2014-01-06,3.918253890656809,3.9627794588184164,3.8907962977211588,3.8952488899230957,12634000
2014-01-07,3.919737875413671,3.9375482437911633,3.8952487958234947,3.9323532581329346,13359000
2014-01-08,3.9412585179632567,4.00136833546206,3.9227061095235984,3.990978717803955,22968000
2014-01-09,4.007304664281974,4.019920046164186,3.915285023533508,3.9501633644104004,12339000
2014-01-10,4.0028533118264775,4.008789984777232,3.923449382233304,3.9553592205047607,16691000
2014-01-13,3.979105619907052,3.9909789638801763,3.8878280053792036,3.9063804149627686,13944000
2014-01-14,3.956842684792545,4.143850507586115,3.913801547201226,4.101551055908203,34855000
2014-01-15,4.131978102108604,4.243292241333977,4.120104754340143,4.227708339691162,27187000
2014-01-16,4.2121241218454015,4.226965982370751,4.092646843837152,4.1134257316589355,24084000
2014-01-17,4.100809272518681,4.186892260798775,4.0985827992081285,4.166113376617432,31181000
2014-01-21,4.200991970817421,4.2165762233296,4.146819168528773,4.1638875007629395,16597000
2014-01-22,4.170566873188533,4.243292098939079,4.144593704655438,4.241065979003906,25526000
2014-01-23,4.209897043142346,4.241065193466926,4.136429791021133,4.159434795379639,15551000
2014-01-24,4.133460843365618,4.154981410080224,4.018436197367237,4.043667316436768,17426000
2014-01-27,4.0533158222343335,4.100067876663037,3.9880117078788353,4.040700435638428,21031000
2014-01-28,4.036989610604642,4.0666733291205865,3.9301280824041074,4.060736656188965,25223000
2014-01-29,4.002852584775726,4.15127115087606,3.960553134201133,4.012499809265137,23974000
2014-01-30,4.068155350641262,4.101549605540626,4.0139825740650155,4.08522367477417,11989000
2014-01-31,3.9946902020495436,4.1030358113628775,3.9946902020495436,4.054800033569336,15784000
2014-02-03,4.066673431388064,4.094131030941835,3.930128181237786,3.9523911476135254,11421000
2014-02-04,3.9709441761653066,4.019180320206845,3.9405184095723156,4.008049011230469,13487000
2014-02-05,3.9865266560334627,4.0614779789740565,3.9471953643934845,4.0058207511901855,9017000
2014-02-06,4.006564143617978,4.14607756001872,3.9791065427576013,4.096357345581055,18053000
2014-02-07,4.1163924609563525,4.218059329460649,4.091161342217144,4.198022842407227,17039000
2014-02-10,4.169823871908537,4.191344441752101,4.123814219134318,4.178729057312012,12347000
2014-02-11,4.170566833136129,4.316017283240375,4.169824793164864,4.309338569641113,17344000
2014-02-12,4.31898556613807,4.437720447783259,4.31898556613807,4.373900413513184,25864000
2014-02-13,4.261842914084763,4.416198495102666,4.2581323617277365,4.384288311004639,22614000
2014-02-14,4.267039026017427,4.332343142408526,4.262586432416003,4.310080528259277,28180000
2014-02-18,4.341989932116798,4.341989932116798,4.284106574987858,4.331600666046143,15872000
2014-02-19,4.318242809319792,4.335311141743199,4.26629647989601,4.2818803787231445,14598000
2014-02-20,4.307110568538014,4.380577807509407,4.2818794491727505,4.37835168838501,22282000
2014-02-21,4.410263381072186,4.415458015080131,4.333827950995878,4.344959259033203,17998000
2014-02-24,4.341988148385389,4.451818144606201,4.341988148385389,4.420650005340576,20672000
2014-02-25,4.452560967064535,4.452560967064535,4.3330840814691625,4.37835168838501,26929000
2014-02-26,4.452561443625639,4.71155208394469,4.450335324262978,4.593559265136719,49125000
2014-02-27,4.540872348654695,4.617308138811109,4.510446582151669,4.554972171783447,16460000
2014-02-28,4.537901860284375,4.598753720675146,4.511186659670757,4.578717231750488,15225000
2014-03-03,4.537902011102949,4.635858693562575,4.515639402161325,4.581685543060303,15340000
2014-03-04,4.638085303494995,4.756820174029962,4.6217593649537845,4.701163291931152,36761000
2014-03-05,4.6870623121540165,4.766466219465796,4.670736377656173,4.681125640869141,24656000
2014-03-06,4.696710741852579,4.742720398448298,4.678900369566324,4.722683906555176,12162000
2014-03-07,4.745688334658562,4.745688334658562,4.634374229122042,4.656637191772461,15133000
2014-03-10,4.669995641602345,4.706358072998268,4.635859329863018,4.660348415374756,13519000
2014-03-11,4.673705937227589,4.723426149159974,4.586881253250039,4.6024651527404785,16191000
2014-03-12,4.583912092154446,4.698194359462568,4.4859557619309705,4.688547134399414,23598000
2014-03-13,4.704873283910163,4.786503320737341,4.603948443678896,4.651442527770996,35377000
2014-03-14,4.658121239591723,4.693741625731906,4.616564181404474,4.651442527770996,13939000
2014-03-17,4.677416358731749,4.748657495068397,4.657379866543468,4.705615997314453,13968000
2014-03-18,4.713814382168032,4.770454842377909,4.679532091875489,4.7562947273254395,13109000
2014-03-19,4.770453709292105,4.835291853595332,4.754057958827775,4.800264358520508,17558000
2014-03-20,4.793558184019721,4.873301671189607,4.792067402457397,4.867339611053467,19966000
2014-03-21,4.891931823130081,4.9060919334378585,4.742878236157696,4.7622551918029785,23267000
2014-03-24,4.771943292615025,4.796537091654761,4.646738659035871,4.7071051597595215,24811000
2014-03-25,4.7466043061721965,4.842743864464936,4.716048449250177,4.769707679748535,16145000
2014-03-26,4.79877385964012,4.8352917800093245,4.629598090241118,4.681021690368652,28414000
2014-03-27,4.678040588003443,4.703379604491769,4.608730810282999,4.678785800933838,25247000
2014-03-28,4.6944360565140295,4.820386273828363,4.685493146515651,4.7779059410095215,14330000
2014-03-31,4.806971630217058,4.868828922820028,4.787594672681499,4.800264358520508,14819000
2014-04-01,4.810697937433847,4.863611962953613,4.786104134628431,4.84796142578125,21962000
2014-04-02,4.824858185341413,4.867338520615191,4.757784046566179,4.817405700683594,20979000
2014-04-03,4.824858551164252,4.887461061742955,4.73020974999651,4.764492034912109,21592000
2014-04-04,4.811443301630306,4.824858200501699,4.474582891580255,4.605749607086182,38830000
2014-04-07,4.546130315453813,4.616185337096048,4.384407310771714,4.4984331130981445,43274000
2014-04-08,4.51780776122141,4.544637557044065,4.475327784225293,4.484271049499512,22055000
2014-04-09,4.549109301491297,4.662389835216783,4.549109301491297,4.655682563781738,19256000
2014-04-10,4.661645649428983,4.661645649428983,4.443282231092698,4.4611687660217285,20396000
2014-04-11,4.4171973395987685,4.46862058680846,4.356830826255832,4.3620476722717285,21903000
2014-04-14,4.356084830983818,4.439554714428032,4.330745816337155,4.383659839630127,19419000
2014-04-15,4.401547618837547,4.423905432951115,4.268144881130643,4.392604351043701,25014000
2014-04-16,4.431357318034864,4.431357318034864,4.330746110128192,4.420178413391113,17916000
2014-04-17,4.422413493779524,4.595315308946867,4.391112422580834,4.537930011749268,19092000
2014-04-21,4.5438917704325235,4.6340689139243025,4.532712512565824,4.612456321716309,12560000
2014-04-22,4.591588153722952,4.754056607830068,4.591588153722952,4.727972030639648,22830000
2014-04-23,4.768217759279128,4.81516972770247,4.7533124345269675,4.814424514770508,26984000
2014-04-24,4.876282630223371,4.8800086955115,4.73542705657214,4.872556209564209,27519000
2014-04-25,4.833057123535289,4.8464716694506045,4.634815877984871,4.645995140075684,19266000
2014-04-28,4.688475422575296,4.689220635687336,4.495451367085667,4.529733657836914,30708000
2014-04-29,4.544637533798319,4.587117865948097,4.472346554467592,4.540165901184082,21656000
2014-04-30,4.553581335848781,4.745114926483211,4.499176880561257,4.732445240020752,25375000
2014-05-01,4.689218189465885,4.83678096980257,4.663879180019819,4.731698513031006,18863000
2014-05-02,4.823368714363111,4.843490888905061,4.708597371721129,4.789831638336182,13407000
2014-05-05,4.760019869209906,4.803245415854863,4.696672152731616,4.788340091705322,13529000
2014-05-06,5.062598884697001,5.073777790168401,4.937393864081729,5.018628120422363,127802000
2014-05-07,5.049183830947549,5.113276765264765,4.944846553863637,4.979128837585449,560280000
2014-05-08,4.9791285083688495,5.137125017152064,4.971675668527282,5.064088821411133,53700000
2014-05-09,5.061853547180524,5.109550733911103,4.969440736525171,5.023845195770264,38700000
2014-05-12,5.062598051357832,5.155756410817307,5.02384413970708,5.152029991149902,27394000
2014-05-13,5.162464154234196,5.167681000097474,5.1095501273029695,5.124455451965332,23021000
2014-05-14,5.108059987961668,5.187058248640336,5.034278573438892,5.105823993682861,30243000
2014-05-15,5.117748373083426,5.13861575732282,5.001486623113685,5.062598705291748,32093000
2014-05-16,5.0745231417687995,5.13712565378652,5.017137476138306,5.103588581085205,52044000
2014-05-19,5.149794230707652,5.172897607248006,5.078248817778295,5.091663360595703,37789000
2014-05-20,5.094644046116836,5.096134471750461,4.987325582335581,5.032041549682617,29085000
2014-05-21,5.032041635048552,5.1006061905513524,5.020862731864878,5.098370552062988,16896000
2014-05-22,5.099862286810802,5.158738379901804,5.05887272770173,5.118494033813477,15679000
2014-05-23,5.151284895437789,5.262329432158418,5.122219461038738,5.257857799530029,32017000
2014-05-27,5.2936304741531535,5.3122618608120185,5.240716454722093,5.286177635192871,31637000
2014-05-28,5.257857598896057,5.272762921964931,5.204943932992657,5.224320888519287,34927000
2014-05-29,5.252641536428702,5.280216548132739,5.202708714474676,5.275744915008545,27566000
2014-05-30,5.354742878226357,5.365921782732656,5.172897777600256,5.266801357269287,38938000
2014-06-02,5.307045138126427,5.3659212168614845,5.26158395660682,5.339091777801514,26599000
2014-06-03,5.315987880782493,5.371883102671187,5.2794699676600985,5.3249311447143555,22308000
2014-06-04,5.310771661635244,5.355487631190997,5.301828396649906,5.336855888366699,19379000
2014-06-05,5.32940415344611,5.365922076002323,5.308536769128274,5.356233596801758,27288000
2014-06-06,5.386787906482593,5.392004750713076,5.309280100348726,5.338345527648926,15866000
2014-06-09,5.356979329385563,5.403185732559111,5.3264231095592685,5.350271701812744,17420000
2014-06-10,5.347291078645718,5.38455421689696,5.328659331834591,5.3554887771606445,16409000
2014-06-11,5.3413285779859185,5.394987823146955,5.317480340466353,5.347290992736816,24943000
2014-06-12,5.316733432943956,5.368902238962773,5.306299742814377,5.348034858703613,13604000
2014-06-13,5.379337259535954,5.399459431958416,5.2846884567764105,5.322697162628174,13508000
2014-06-16,5.326423830330204,5.361451332783632,5.2615856723687076,5.2824530601501465,15668000
2014-06-17,5.282451375027479,5.359529340311894,5.282451375027479,5.349052429199219,13817000
2014-06-18,5.356537139482393,5.378987158789737,5.279459156163289,5.329597473144531,13833000
2014-06-19,5.322860786258338,5.337079068333916,5.263742835074495,5.307894229888916,12734000
2014-06-20,5.325107787045234,5.384225758446178,5.303406040947981,5.3557891845703125,21834000
2014-06-23,5.358780769147176,5.384972511975802,5.297417991429332,5.331092834472656,13349000
2014-06-24,5.371501390118151,5.410414502296064,5.285443792915244,5.2884368896484375,15304000
2014-06-25,5.281703138237579,5.3655159299186135,5.242790018153791,5.3602776527404785,12827000
2014-06-26,5.367014839899009,5.37823967352916,5.266738898230133,5.3101420402526855,8126000
2014-06-27,5.293678208814087,5.325856515009097,5.257010254938427,5.308644771575928,16935000
2014-06-30,5.3071475304102815,5.393205165863037,5.3071475304102815,5.393205165863037,17773000
2014-07-01,5.423886663098455,5.547360873171268,5.4141583811887495,5.539877414703369,21429000
2014-07-02,5.506203105317417,5.582532819120399,5.506203105317417,5.561579704284668,16081000
2014-07-03,5.587769753113091,5.640152884427208,5.568313192067638,5.625934600830078,7994000
2014-07-07,5.6446430876695874,5.6536227373059385,5.569809938329749,5.577293395996094,19066000
2014-07-08,5.562326194844464,5.575047571844208,5.395448890572904,5.491983413696289,19169000
2014-07-09,5.512187510398131,5.554841995239258,5.469532668726191,5.554841995239258,9798000
2014-07-10,5.393204590586103,5.503209139798985,5.39170804171397,5.474024295806885,15479000
2014-07-11,5.483005269468621,5.49872010588962,5.43810558390963,5.477766990661621,12517000
2014-07-14,5.580286973486638,5.604981814979817,5.493481069443573,5.54062557220459,12242000
2014-07-15,5.538380721394674,5.566069017440941,5.439601355910922,5.494229316711426,14556000
2014-07-16,5.4710320246751,5.5660700352316494,5.444092354994777,5.511441707611084,15180000
2014-07-17,5.482255966082119,5.512937358598342,5.362523136896625,5.380483150482178,17816000
2014-07-18,5.443343679529062,5.631922423896685,5.433615396810455,5.612465858459473,33949000
2014-07-21,5.576545806121178,5.649882058831291,5.574300625813317,5.643895149230957,15368000
2014-07-22,5.65586705130287,5.720223278689318,5.6349139439749205,5.641648769378662,23997000
2014-07-23,5.664849169312499,5.665597443877473,5.506951817511588,5.509944915771484,24450000
2014-07-24,5.515182330715639,5.5294006157160815,5.408171591234817,5.426131248474121,20676000
2014-07-25,5.4089202135862315,5.410416762578034,5.216599751732633,5.232314586639404,36838000
2014-07-28,5.239797588544004,5.294425550843861,5.173944795357708,5.276465892791748,31813000
2014-07-29,5.268235091206656,5.325856518450933,5.226328858178821,5.2293219566345215,19111000
2014-07-30,5.3093921109694255,5.316127294966041,5.217347926771127,5.276465892791748,17545000
2014-07-31,5.23904808390785,5.260749822934353,5.148500469933855,5.191903591156006,18476000
2014-08-01,5.2323151805943064,5.291433154452757,5.141767176523535,5.271228313446045,19141000
2014-08-04,5.262246976391572,5.358032878347674,5.233062134120305,5.338576316833496,15452000
2014-08-05,5.29966241203043,5.344562437232762,5.226326536805259,5.247279644012451,15388000
2014-08-06,5.223333717326669,5.3108882418602,5.2203402630059506,5.2600016593933105,10354000
2014-08-07,5.304902495763506,5.304902495763506,5.197143119483465,5.210612773895264,11222000
2014-08-08,5.218095592687634,5.275717003024831,5.187414201533112,5.27047872543335,12822000
2014-08-11,5.276464184445911,5.34680695857829,5.276464184445911,5.299662113189697,14173000
2014-08-12,5.304901781936628,5.34231799902382,5.272723485547368,5.324357986450195,9421000
2014-08-13,5.360277618435361,5.397693832778172,5.31911931877814,5.385720729827881,10836000
2014-08-14,5.438851771108705,5.554842491745779,5.438851771108705,5.525657653808594,18997000
2014-08-15,5.578043872028995,5.604235270537042,5.494231039972204,5.596752166748047,21143000
2014-08-18,5.635662451644172,5.642397277326815,5.563822764762241,5.640152454376221,12531000
2014-08-19,5.6558685391845795,5.7336947946830055,5.644643708281826,5.6588616371154785,18734000
2014-08-20,5.662603071167469,5.724714488797972,5.660358247836317,5.715734481811523,11375000
2014-08-21,5.69702580994357,5.735190658651745,5.668589242010777,5.707502365112305,15550000
2014-08-22,5.72546248279714,5.72546248279714,5.650629689627062,5.703012466430664,15837000
2014-08-25,5.762131045570091,5.777846237130317,5.643895112610322,5.670086860656738,17100000
2014-08-26,5.676819827607312,5.698521207955699,5.632668435837467,5.684303283691406,13544000
2014-08-27,5.687298692526164,5.725463549041102,5.650630741935028,5.699272155761719,13434000
2014-08-28,5.652873605960962,5.723965015690561,5.608722211549162,5.714236736297607,18587000
2014-08-29,6.122826635736733,6.345828165672028,5.724715647776321,6.143031120300293,62934000
2014-09-02,6.208883989467521,6.371271344443384,6.166229128059896,6.36229133605957,41604000
2014-09-03,6.380998639147235,6.449844879802848,6.323376871358879,6.389977931976318,32681000
2014-09-04,6.40045655528893,6.529169057345205,6.395966194262409,6.4423627853393555,28061000
2014-09-05,6.4625657939077215,6.589781717805745,6.454334418787167,6.576312065124512,26594000
2014-09-08,6.5905306629391065,6.710263134978606,6.549372358052344,6.599510669708252,28949000
2014-09-09,6.613729482807096,6.668357445382119,6.582299099772495,6.615973949432373,21896000
2014-09-10,6.606247817053236,6.667610623480112,6.564341579850694,6.66012716293335,18855000
2014-09-11,6.653389254956412,6.668356169123785,6.571821285532423,6.665362358093262,17888000
2014-09-12,6.660874820422379,6.665364467896661,6.540393692421144,6.574068546295166,18244000
2014-09-15,6.595770031667924,6.603253490823589,6.455832342837158,6.488758563995361,15998000
2014-09-16,6.463314902677805,6.6054970385422855,6.410932123200657,6.579305648803711,21146000
2014-09-17,6.60709559547176,6.641644825377043,6.562032254531346,6.5898213386535645,15653000
2014-09-18,6.622868036850935,6.724261631438606,6.6116025594093575,6.723510265350342,18165000
2014-09-19,6.769323804205977,6.8256540467573315,6.676943753562339,6.691964626312256,41834000
2014-09-22,6.6574164673060645,6.697222391012774,6.490680545037686,6.5477614402771,23869000
2014-09-23,6.534993632741435,6.60559339012003,6.487676194961801,6.576301574707031,20829000
2014-09-24,6.58606585740198,6.688210097423465,6.560529439262169,6.685957431793213,14503000
2014-09-25,6.672437048357232,6.672437048357232,6.441860812050836,6.4936842918396,17940000
2014-09-26,6.500446699131187,6.583814694812411,6.493687267424164,6.571797847747803,9834000
2014-09-29,6.489928041255239,6.557523751001992,6.464392345835184,6.5425028800964355,9826000
2014-09-30,6.58005829860488,6.603341339165425,6.474158641192831,6.534243583679199,14885000
2014-10-01,6.543254609354892,6.543254609354892,6.37201264167128,6.424586772918701,22257000
2014-10-02,6.390038786480592,6.414072472372431,6.071587792666034,6.249589920043945,34278000
2014-10-03,6.280384981226997,6.342722590048012,6.237574298348215,6.269118785858154,20650000
2014-10-06,6.314181392509939,6.347228608532624,6.199268935078941,6.2248053550720215,19536000
2014-10-07,6.190255971980303,6.209783611419204,6.0813522972853375,6.085858345031738,15266000
2014-10-08,6.083606487474376,6.29089975299407,5.955925448067442,6.256350517272949,27681000
2014-10-09,6.2278081569104256,6.256348603170698,6.052059432382381,6.053562164306641,18880000
2014-10-10,5.8395103042139676,5.841763328132659,5.163554064184712,5.359581470489502,105981000
2014-10-13,5.317520776180036,5.417411980016939,5.167308466510587,5.185333728790283,65240000
2014-10-14,5.412153677578061,5.4759939882287885,5.186835250105792,5.409149646759033,69034000
2014-10-15,5.27696224892765,5.516550880295903,5.246919794050144,5.448955535888672,31955000
2014-10-16,5.3077576751540665,5.714833698177441,5.29498982408131,5.6780314445495605,33985000
2014-10-17,5.814724158677572,5.985966120917988,5.77041147338649,5.794445514678955,41607000
2014-10-20,5.758393275581385,5.862791225075725,5.69305094978546,5.8575334548950195,14370000
2014-10-21,5.9326407062024495,6.193259392809308,5.930387324677712,6.18725061416626,24112000
2014-10-22,6.194762918076932,6.233066831988402,6.063326851979945,6.07309103012085,17307000
2014-10-23,6.169225363800037,6.226306257385231,6.092617550060757,6.112144470214844,18205000
2014-10-24,6.136179009588081,6.189504507043606,6.066329906700629,6.147445201873779,11269000
2014-10-27,6.121908728737452,6.155706589010324,6.017511116511544,6.126414775848389,14977000
2014-10-28,6.170728436057798,6.326949554189677,6.127167108702837,6.32394552230835,18230000
2014-10-29,6.351733179945047,6.3945438478398415,6.275876019978072,6.375016212463379,14214000
2014-10-30,6.29690576316139,6.351733272951732,6.097123359662422,6.188002109527588,19976000
2014-10-31,6.392292023028067,6.603340666424365,6.346477312769939,6.4779133796691895,25461000
2014-11-03,6.492181910026292,6.60033491048762,6.465894846766378,6.484671115875244,15941000
2014-11-04,6.451626211940148,6.501196319504787,6.373515652593574,6.411068916320801,18288000
2014-11-05,6.443364632591861,6.518470442221146,6.369760122608599,6.5124616622924805,14789000
2014-11-06,6.492184089795724,6.601087776475629,6.4846732931229045,6.581560134887695,17114000
2014-11-07,6.597331418322112,6.604090847102784,6.364501794499236,6.387033462524414,19751000
2014-11-10,6.378020267347287,6.465143619063309,6.271369996451075,6.452375411987305,14364000
2014-11-11,6.4471183824680365,6.480916242610663,6.412569872610887,6.4711527824401855,7927000
2014-11-12,6.452375432570826,6.556022388849306,6.4298437658328496,6.537996768951416,10396000
2014-11-13,6.5394970719324865,6.637135223918239,6.4989397959181865,6.568037509918213,12281000
2014-11-14,6.57630168001833,6.688210097423465,6.482418885268488,6.685957431793213,12955000
2014-11-17,6.667931759752717,6.688210047888073,6.578555013194216,6.648404121398926,11200000
2014-11-18,6.63563735665996,6.892500742829179,6.634885990445987,6.865462303161621,20025000
2014-11-19,6.872969336927359,6.909771219611488,6.691963237911048,6.7032294273376465,18763000
2014-11-20,6.672437036838388,6.828658125631179,6.610850097223935,6.754302978515625,15121000
2014-11-21,6.887239397419326,6.8894927785061535,6.71825014127976,6.775331020355225,17461000
2014-11-24,6.800869255478837,6.860954181291834,6.788101047583091,6.845181941986084,11876000
2014-11-25,6.8977564446031785,6.951832594240557,6.839924897366575,6.845932960510254,25923000
2014-11-26,6.878225579933457,7.0494674757607925,6.878225579933457,7.043459415435791,16143000
2014-11-28,7.069747734428364,7.092279397213862,6.9600927349319885,7.014920234680176,8700000
2014-12-01,6.988635719479045,7.011918756549598,6.761063478815196,6.8309125900268555,17168000
2014-12-02,6.81138424832597,6.9405669136113035,6.738531112834845,6.924794673919678,19794000
2014-12-03,6.987132633404544,7.173395468902377,6.987132633404544,7.14485502243042,31727000
2014-12-04,7.627035350252067,7.794522592292125,7.47381904435193,7.741197109222412,61855000
2014-12-05,7.79903224837911,7.886155623248486,7.640558457393992,7.810298442840576,29596000
2014-12-08,7.811048756177096,7.8238169660961905,7.4850876596662985,7.5639495849609375,34818000
2014-12-09,7.502363325312226,7.7381970405623095,7.304082877175415,7.708905220031738,22903000
2014-12-10,7.660837541188484,7.773497348662291,7.448286854301267,7.454295635223389,22194000
2014-12-11,7.516633404413083,7.720921912851401,7.499358429143756,7.551933288574219,15685000
2014-12-12,7.434016455810373,7.599250406553405,7.422750976709746,7.450540065765381,13177000
2014-12-15,7.5083702158296814,7.574463926965633,7.303330369246222,7.37618350982666,16749000
2014-12-16,7.341631674369659,7.48658725428974,7.210947030599753,7.310087203979492,22113000
2014-12-17,7.336475564009546,7.526426331124042,7.198535339930643,7.461602210998535,27875000
2014-12-18,7.605569866700107,7.68848463989337,7.537730180062906,7.662102699279785,33281000
2014-12-19,7.668886953270684,7.714867012177655,7.4962728534789695,7.549037456512451,65173000
2014-12-22,7.61310724868712,7.658333224115929,7.537729664500548,7.644011497497559,15924000
2014-12-23,7.714114865315472,7.7261750809009735,7.580696978193941,7.596526145935059,13011000
2014-12-24,7.6070762878638405,7.6304433518173145,7.558834723387939,7.592000484466553,6358000
2014-12-26,7.610845055964746,7.637981070115964,7.553558154596796,7.584463119506836,5761000
2014-12-29,7.584464482515197,7.642504753153049,7.4766744842326345,7.634966850280762,13677000
2014-12-30,7.61838416076639,7.683962332849171,7.582956880662521,7.601800918579102,11730000
2014-12-31,7.620642190044279,7.766120927856034,7.57013984171134,7.582200050354004,15121000
2015-01-02,7.607829633662837,7.704312034478663,7.472150291555782,7.5445122718811035,13500000
2015-01-05,7.5430023914417195,7.59953519271781,7.417122505157385,7.423906326293945,15596000
2015-01-06,7.4585830344094335,7.468381731103623,7.174410047470334,7.255064010620117,22194000
2015-01-07,7.315364752575931,7.491747737890555,7.276168533617126,7.451044082641602,30907000
2015-01-08,7.577678275736611,7.861850511247225,7.564863988652169,7.8234076499938965,33265000
2015-01-09,7.874664911962814,7.974916986461262,7.732202459204676,7.907077312469482,23432000
2015-01-12,7.919891473708831,7.962856647803825,7.742755109128228,7.775920867919922,18692000
2015-01-13,7.822655672187363,8.094013668516295,7.66813227886554,7.732203006744385,24337000
2015-01-14,7.621397730327803,7.800795614736396,7.538482971285563,7.793257713317871,20984000
2015-01-15,7.806068273020759,7.955315199314242,7.616871063376313,7.637223243713379,18372000
2015-01-16,7.589739531111496,7.832454066155642,7.561096080335764,7.82567024230957,15375000
2015-01-20,7.815871403712353,7.932706000076909,7.732202567135105,7.904816627502441,12840000
2015-01-21,7.864111763348193,8.056323924224216,7.847529243902266,7.943258285522461,16451000
2015-01-22,7.98848397351276,8.02692683565305,7.65230194202361,7.929690361022949,20639000
2015-01-23,7.91687637244418,8.103058069298907,7.858082038881561,8.063861846923828,15088000
2015-01-26,8.045772508689284,8.069893652002134,7.885972719800599,8.045019149780273,9611000
2015-01-27,7.919891138449853,7.988484167254038,7.750291963373648,7.898785591125488,15242000
2015-01-28,8.074414436119003,8.166374525414236,7.904061903865936,7.914614677429199,23302000
2015-01-29,7.886723169581001,8.035216036840822,7.7088327847527625,8.029939651489258,15842000
2015-01-30,7.936474489344421,8.045017819164785,7.735216990421889,7.754815101623535,16938000
2015-02-02,7.782706138822045,7.800796817474213,7.474413399351354,7.720142841339111,21581000
2015-02-03,7.726172511187191,7.818132612865261,7.640242155869327,7.778936386108398,15390000
2015-02-04,7.758583985013212,7.935720343080621,7.7224026357680415,7.899538993835449,16658000
2015-02-05,7.895017054864954,8.00657526179766,7.8203935576874635,8.005067825317383,16585000
2015-02-06,8.010343822168737,8.073661183232462,7.8588353210477795,7.895016670227051,10682000
2015-02-09,7.835471428122294,7.865622322246719,7.674917539511373,7.706575870513916,20346000
2015-02-10,7.766876464157105,8.100044404014108,7.75556961102927,8.06838607788086,20398000
2015-02-11,8.049542919439117,8.16336267563011,8.01486971313529,8.136226654052734,17169000
2015-02-12,8.201049746960456,8.294517287564062,8.175421167727551,8.268889427185059,21072000
2015-02-13,8.291502861672207,8.306578666470593,8.147532232575744,8.302809715270996,14614000
2015-02-17,8.306576202629834,8.3932598979472,8.222907379836318,8.357078552246094,15312000
2015-02-18,8.31562242144421,8.3359746120335,8.237984047602202,8.291501998901367,16681000
2015-02-19,8.291502890948848,8.374417661070918,8.26512095131246,8.359342575073242,13196000
2015-02-20,8.39929104721328,8.454316433668348,8.326174984883206,8.446779251098633,19283000
2015-02-23,8.517634482131221,8.534971081712293,8.439242026290318,8.506327629089355,23854000
2015-02-24,8.555324415898177,8.562861600078703,8.412861211503248,8.531203269958496,23213000
2015-02-25,8.539495794775462,8.585475856048443,8.465625634269033,8.493515014648438,38216000
2015-02-26,9.289494508288438,9.790753297147864,9.27517278752939,9.742511749267578,89263000
2015-02-27,9.701060096624474,9.701060096624474,9.50809450314617,9.61965274810791,33825000
2015-03-02,9.58874528265681,9.864626308828145,9.58874528265681,9.725178718566895,27893000
2015-03-03,9.666384139611123,9.719148013668072,9.615881060975282,9.664875984191895,18682000
2015-03-04,9.624926558836659,9.790002726569973,9.374674113490089,9.75382137298584,36143000
2015-03-05,9.750805670325692,9.915128465212192,9.707087137508804,9.842012405395508,21688000
2015-03-06,9.799049651467781,9.835984369900018,9.610606388939555,9.640003204345703,22329000
2015-03-09,9.632464712569119,9.69276649088388,9.567639905511102,9.581961631774902,17835000
2015-03-10,9.47643267517995,9.567639415724885,9.38522665348888,9.431206703186035,17688000
2015-03-11,9.44477553607044,9.532967414575776,9.385981190018201,9.396533966064453,17742000
2015-03-12,9.262360548368559,9.51336703695785,9.162108480915036,9.506583213806152,22305000
2015-03-13,9.47568001120795,9.554072468523591,9.342262161990439,9.422162055969238,18414000
2015-03-16,9.56311739676102,9.832967956936246,9.550303107393473,9.789249420166016,23077000
2015-03-17,9.709350124174776,9.768898550418596,9.610606184507837,9.731209754943848,19006000
2015-03-18,9.726673086480162,9.924744680619433,9.653341167946149,9.86124038696289,21250000
2015-03-19,9.865775743423189,10.050995198807284,9.829487579389603,9.982199668884277,24461000
2015-03-20,10.087284139066194,10.143983858999764,9.994296252306631,10.076700210571289,55522000
2015-03-23,10.205976694708456,10.302744669845275,10.122060840187268,10.163640975952148,23849000
2015-03-24,10.203706795275636,10.233946692320513,10.045703459386953,10.063847541809082,25819000
2015-03-25,10.026050884791507,10.079726846390106,9.404619816802962,9.406888008117676,48853000
2015-03-26,9.091633029867438,9.460560033620228,8.842153718333298,9.428051948547363,45058000
2015-03-27,9.449221838384068,9.752377154493418,9.438637909007129,9.69265365600586,24297000
2015-03-30,9.815124177607117,9.896016247828868,9.69945654886315,9.869556427001953,19523000
2015-03-31,9.775814053371615,9.790178061770478,9.58076692592288,9.599666595458984,16402000
2015-04-01,9.575469778101926,9.598149513465197,9.344890185485331,9.497601509094238,21830000
2015-04-02,9.533888598671235,9.594368366875527,9.422001099590865,9.451484680175781,14508000
2015-04-06,9.326747241944437,9.580762904387196,9.26097549671705,9.512722969055176,14227000
2015-04-07,9.56413403636644,9.614029910156738,9.480218183084927,9.499117851257324,16132000
2015-04-08,9.48550682557918,9.636706280929545,9.472654709654828,9.585298538208008,13607000
2015-04-09,9.513479287138724,9.672238908193163,9.499115283658869,9.617807388305664,13961000
2015-04-10,9.643513612574061,9.674509818528529,9.530870464320708,9.587570190429688,11669000
2015-04-13,9.62007763415539,9.636709110493003,9.457537901562324,9.47643756866455,10483000
2015-04-14,9.454515257979551,9.475683840967067,9.233763873031851,9.372867584228516,16047000
2015-04-15,9.432588142644523,9.548255755614703,9.423516102315887,9.51801586151123,16893000
2015-04-16,9.455266216424222,9.537670147649123,9.434853949038603,9.474922180175781,15456000
2015-04-17,9.350943375743903,9.39554728733383,9.143043409006761,9.21183967590332,26817000
2015-04-20,9.260975277100787,9.360766987627708,9.238295539519903,9.301043510437012,13295000
2015-04-21,9.398568932907013,9.45375676214027,9.294240821165461,9.306337356567383,20616000
2015-04-22,9.3675718481343,9.67677535599999,9.279875940117746,9.669215202331543,22580000
2015-04-23,9.46660856633784,9.484751926886803,9.264756921080792,9.379668235778809,28053000
2015-04-24,9.353967227376256,9.353967227376256,8.759752363589806,9.0341796875,55059000
2015-04-27,9.071974667743927,9.218638442775584,8.975206741849249,9.083314895629883,27320000
2015-04-28,9.100705696790854,9.147577789146563,8.660714946252321,8.87919807434082,31023000
2015-04-29,8.771093591376058,8.884493062672343,8.675081904429637,8.84744930267334,20903000
2015-04-30,8.821741342792706,8.991841199092239,8.789233979079599,8.836105346679688,21339000
2015-05-01,8.914731872016707,9.331287387861968,8.91170809797418,9.283658981323242,25334000
2015-05-04,9.285926209861918,9.363038207763088,9.136994899549668,9.159674644470215,14207000
2015-05-05,9.07953647533044,9.122628483984025,8.817205067733553,8.829300880432129,22090000
2015-05-06,8.908682285649322,8.948749805962056,8.72346210888713,8.828546524047852,14475000
2015-05-07,9.071978505887934,9.347162096147828,9.071978505887934,9.259466171264648,23542000
2015-05-08,9.313898307559265,9.44468625997281,9.278366441344644,9.323726654052734,14846000
2015-05-11,9.341870317895923,9.363793758821492,9.268538397893906,9.284414291381836,12418000
2015-05-12,9.224688130129834,9.342623932023676,9.170256609781259,9.29499626159668,10264000
2015-05-13,9.346404288974155,9.437880276705632,9.246612564531071,9.30860424041748,11857000
2015-05-14,9.384957790345524,9.72818120165459,9.347158471343663,9.596637725830078,23279000
2015-05-15,9.660897912277015,9.790173202728917,9.568665638501233,9.666945457458496,22627000
2015-05-18,9.672995057004831,9.85821449177221,9.622342893760694,9.841582298278809,17984000
2015-05-19,9.8929920169339,9.967835815659644,9.77127612578112,9.787907600402832,16053000
2015-05-20,9.823438663576264,9.908866376937656,9.685090598212245,9.760690689086914,18721000
2015-05-21,9.790930451061183,9.830242382437174,9.6646789210184,9.796977996826172,21309000
2015-05-22,9.814366249631236,10.117521463338074,9.814366249631236,10.027557373046875,22856000
2015-05-26,10.15758851038394,10.170440625689533,9.876357464874422,9.926253318786621,26781000
2015-05-27,9.985977626196837,10.948363653311638,9.950445770964743,10.696616172790527,114248000
2015-05-28,10.962728623920153,10.99750417850409,10.281574326586254,10.763900756835938,249123000
2015-05-29,10.895444540683286,11.282515636602211,10.894688957855152,11.194064140319824,118244000
2015-06-01,11.206917199886181,11.377772660279113,10.973313752638276,11.084444999694824,83579000
2015-06-02,11.06856908104925,11.088225050825612,10.82135793257702,10.898469924926758,41264000
2015-06-03,11.037571510650745,11.037571510650745,10.796407954854812,10.8153076171875,30450000
2015-06-04,10.772217605917435,10.844037633855928,10.620262533404254,10.674694061279297,28017000
2015-06-05,10.657307154468606,10.889398732504727,10.531811171270414,10.872010231018066,38593000
2015-06-08,10.853865397072134,10.868984984735839,10.397242458207481,10.480401992797852,54422000
2015-06-09,10.504594351925064,10.639161638255311,10.320130479624275,10.599849700927734,44071000
2015-06-10,10.578682342386303,10.884861397235847,10.571878491563163,10.800189971923828,42617000
2015-06-11,10.748781920451686,10.83042957002243,10.661086003107696,10.734417915344238,31517000
2015-06-12,10.681493725870629,10.695857725828816,10.574898181534037,10.619502067565918,19145000
2015-06-15,10.520467234225888,10.887882266088546,10.509127005979536,10.819842338562012,34565000
2015-06-16,10.78809385853775,10.847817348528492,10.688301405647268,10.734417915344238,20998000
2015-06-17,10.72759566524731,10.803409353423872,10.572936695744174,10.666187286376953,25429000
2015-06-18,10.669216812158703,10.898173251876655,10.669216812158703,10.841313362121582,25298000
2015-06-19,10.842070194930418,10.910302346275019,10.735173495229786,10.832972526550293,26881000
2015-06-22,10.92926007767553,11.003556886146688,10.765502710596333,10.862544059753418,22846000
2015-06-23,10.914095141279143,10.914095141279143,10.679074046075078,10.738207817077637,21497000
2015-06-24,10.770048415640785,10.782178399598918,10.600984188491589,10.611598014831543,22402000
2015-06-25,10.623729564116593,10.693477885918615,10.525172797299057,10.555498123168945,17538000
2015-06-26,10.526689027670885,10.541093611784293,10.215854254609644,10.246179580688477,71798000
2015-06-29,10.071808272143864,10.25072791040215,9.93458622778866,10.008125305175781,40473000
2015-06-30,10.14382791285832,10.187799367788001,10.01646129707873,10.07787036895752,28695000
2015-07-01,10.190075970584363,10.439502339028898,10.18325289970237,10.272712707519531,43059000
2015-07-02,10.280295696643712,10.443293872969399,10.261341915899232,10.434954643249512,32797000
2015-07-06,10.322754367184894,10.432683439216925,10.149141583349932,10.17416000366211,30188000
2015-07-07,10.155202588238122,10.193108699791324,9.564616144596746,10.071049690246582,59268000
2015-07-08,9.8633193004236,9.957327569710651,9.617683717493547,9.707901954650879,51371000
2015-07-09,9.869387611651062,9.95884744194456,9.379633143573205,9.452414512634277,73469000
2015-07-10,9.59873354731608,9.917907562215776,9.590393594293387,9.843610763549805,50948000
2015-07-13,9.96036327820452,9.96036327820452,9.738988308158461,9.793574333190918,25304000
2015-07-14,9.806460609086372,10.043756270288224,9.742776927186332,10.030109405517578,26289000
2015-07-15,9.98234758805624,10.12032806087737,9.917906186250155,9.986138343811035,23100000
2015-07-16,10.130944142463669,10.217371657677234,9.923215308151487,10.212064743041992,33977000
2015-07-17,10.23177434211549,10.234806657625573,10.004334049565703,10.133216857910156,29000000
2015-07-20,10.200689784656099,10.281810363853513,10.14003914109245,10.207512855529785,23563000
2015-07-21,10.242389405220775,10.339430020366853,10.16960804009516,10.197659492492676,31532000
2015-07-22,9.63133205212918,9.855739295945629,9.505481565020988,9.824655532836914,61346000
2015-07-23,9.945199459878141,10.234806555573517,9.893646481656951,10.005091667175293,30608000
2015-07-24,10.12184185860441,10.1476187025219,9.729886625700619,9.740500450134277,36311000
2015-07-27,9.65483481985769,9.666207088481695,9.408441450440133,9.450139045715332,34893000
2015-07-28,9.520643051684369,9.8216223785466,9.36446797816934,9.735953330993652,27869000
2015-07-29,9.732165232437861,9.789025132900813,9.510790262467884,9.748085975646973,33407000
2015-07-30,9.532774431844288,9.764004743344792,9.481979173540369,9.67757797241211,39169000
2015-07-31,9.72988915848049,9.72988915848049,9.473640425010373,9.487286567687988,30593000
2015-08-03,9.584329417893537,9.665449292512704,9.419055906666003,9.537324905395508,27273000
2015-08-04,9.518369681561984,9.518369681561984,9.003596928664155,9.360677719116211,47467000
2015-08-05,9.325045297926605,9.528983317784762,9.173418692068589,9.457718849182129,34158000
2015-08-06,9.479705938029895,9.506998948937408,9.14309502888852,9.345516204833984,46052000
2015-08-07,9.17493259029614,9.399339767101926,9.159769571937973,9.290926933288574,30527000
2015-08-10,9.362193185545134,9.65862331055773,9.325044795638119,9.64952564239502,28907000
2015-08-11,9.525195037168213,9.569924951744337,9.318982365814,9.416781425476074,26744000
2015-08-12,9.218150601530049,9.604040632414193,9.144611519003863,9.532017707824707,27205000
2015-08-13,9.52368062219567,9.614656625998999,9.401620843145675,9.415266990661621,14571000
2015-08-14,9.400860473016467,9.4387673142409,9.186308575920835,9.246201515197754,26496000
2015-08-17,9.197678918668034,9.516095161437988,9.158255927734128,9.516095161437988,21293000
2015-08-18,9.535049416765055,9.535049416765055,9.232554598769553,9.267428398132324,19502000
2015-08-19,9.217389221316488,9.308365175618642,9.044534980443657,9.207533836364746,30891000
2015-08-20,9.103669435792446,9.146124736421804,8.72081184387207,8.72081184387207,41756000
2015-08-21,8.54795861680343,8.755687412811664,8.44030418591262,8.44940185546875,56472000
2015-08-24,7.66397512408596,8.719297576909845,7.5813383795778035,8.33492374420166,69040000
2015-08-25,8.652583474001483,8.718541051412986,8.203009697008778,8.22651195526123,43921000
2015-08-26,8.536587081445806,8.850454150930586,8.428931927424602,8.809514999389648,59354000
2015-08-27,9.135514492355005,9.62830128414894,9.126416821080657,9.572199821472168,91882000
2015-08-28,9.516852837169324,9.682884016143506,9.45316915992416,9.675302505493164,36322000
2015-08-31,9.601007403539462,9.707146410149289,9.476673779036457,9.550212860107422,30087000
2015-09-01,9.212843649052529,9.478190085208613,8.953561844618095,9.049844741821289,49749000
2015-09-02,9.260605120688375,9.406166392293231,9.109736212241524,9.403892517089844,36700000
2015-09-03,9.506995855339479,9.620715612596886,9.340964691618128,9.38341999053955,29954000
2015-09-04,9.19161559104807,9.386455990683402,9.146885676975845,9.184792518615723,24923000
2015-09-08,9.506997478649225,9.804943785186204,9.463026014831469,9.7920560836792,35477000
2015-09-09,9.869385672810814,9.991445407099881,9.575230107352105,9.64118766784668,31502000
2015-09-10,9.745050415886684,9.792054912388911,9.461508002420167,9.758696556091309,36224000
2015-09-11,9.716245177316496,9.948233992521596,9.623753027452604,9.937620162963867,39606000
2015-09-14,10.045273340467535,10.138523912318496,9.901228229560035,9.945958137512207,34643000
2015-09-15,10.017222634882987,10.231016065024134,9.931553574747326,10.1878023147583,30804000
2015-09-16,10.182478539681076,10.182478539681076,9.906413197070998,9.999956130981445,27317000
2015-09-17,10.001476207347443,10.119355162465572,9.901849636631496,9.933030128479004,19918000
2015-09-18,9.77560835112874,9.847857098375645,9.628069033154999,9.703359603881836,44021000
2015-09-21,9.762676590722553,9.839488050193962,9.599166660510173,9.67825984954834,16515000
2015-09-22,9.505623446099138,9.57026688810796,9.407517780975942,9.483569145202637,22483000
2015-09-23,9.492699333579898,9.71933115985473,9.415887118761788,9.547455787658691,21879000
2015-09-24,9.437934875488281,9.532998684830877,9.084297388689134,9.437934875488281,44995000
2015-09-25,9.579394889116767,9.80526656965532,9.5215966246959,9.638714790344238,35087000
2015-09-28,9.579391795807144,9.747465157651764,9.18772928083371,9.190771102905273,39887000
2015-09-29,9.271390535759314,9.314739789031135,8.978593596805336,9.101036071777344,47991000
2015-09-30,9.262261948583426,9.523877587328986,9.202181954497412,9.507146835327148,43955000
2015-10-01,9.362649040326152,9.498780407986546,9.088104575163547,9.28887939453125,45674000
2015-10-02,9.125368233741002,9.381661001999985,8.989997702417076,9.379379272460938,35207000
2015-10-05,9.427293195852574,9.496500112410336,9.199139777188705,9.218913078308105,39085000
2015-10-06,9.183931730490178,9.202944216893691,8.481979766240906,8.90634536743164,115846000
2015-10-07,9.023461356541526,9.09114735821288,8.808236784748969,9.022701263427734,37284000
2015-10-08,8.937520752619905,8.97098297061577,8.653850179320274,8.874398231506348,41409000
2015-10-09,8.864510787697178,8.980107987193271,8.786938534244147,8.891128540039062,34479000
2015-10-12,8.94284826093468,8.972508577176862,8.803675050923777,8.949692726135254,24184000
2015-10-13,8.847781380620477,8.872878228004106,8.609741739586546,8.625712394714355,32475000
2015-10-14,8.593771684121892,8.955774676171396,8.546619808389861,8.93295955657959,33530000
2015-10-15,8.974026226604092,9.277470117519194,8.950450290932658,9.268343925476074,49316000
2015-10-16,9.270627041333057,9.27671141250763,9.11852501476543,9.207505226135254,19866000
2015-10-19,9.20217975981886,9.221953055424938,8.926114439552247,9.047035217285156,18593000
2015-10-20,9.009772727943904,9.131454355937075,8.94360836085461,9.117765426635742,21920000
2015-10-21,9.2599828011192,9.329949827518668,9.134498499711455,9.164158821105957,28197000
2015-10-22,9.249334076952222,9.553538896373972,9.218153574338537,9.532244682312012,34344000
2015-10-23,9.694231018696215,9.874472433132036,9.434897136318511,9.85469913482666,35498000
2015-10-26,9.739099945733512,9.739099945733512,9.334508562200645,9.400672912597656,58129000
2015-10-27,9.361129228781445,9.517794732866882,9.197619259646016,9.239447593688965,32280000
2015-10-28,9.490414698101315,9.723130825941482,9.407518861137705,9.665331840515137,30966000
2015-10-29,9.202177691643419,9.442499007219446,9.028780803631788,9.132970809936523,61582000
2015-10-30,9.190775707116789,9.431857996407828,9.13906107959589,9.364171981811523,25516000
2015-11-02,9.404476834564147,9.522355807344857,9.313215624158472,9.41512393951416,26068000
2015-11-03,9.238685689689325,9.50258304929635,9.238685689689325,9.28887939453125,26222000
2015-11-04,9.316256350816902,9.495736927748489,9.130691403795607,9.438698768615723,43098000
2015-11-05,9.499541041676176,9.506385505788888,9.171761055108167,9.206744194030762,28308000
2015-11-06,9.373296472147192,9.87067080347508,9.371775560626265,9.861544609069824,45287000
2015-11-09,9.762680097706612,9.806029348649167,9.560384318587866,9.620464324951172,28250000
2015-11-10,9.362650149861503,9.436419804398593,9.108639772614007,9.115484237670898,44759000
2015-11-11,9.142103016087985,9.331470680196647,9.11244342246702,9.122329711914062,25953000
2015-11-12,9.142097964276237,9.233359150353792,9.043992316166769,9.11471939086914,26588000
2015-11-13,9.050079474839924,9.11776547915678,8.761846062474813,8.939044952392578,39824000
2015-11-16,8.933723521232382,9.260743519982258,8.904063925437246,9.23792839050293,27796000
2015-11-17,9.237165883841557,9.40599940675064,9.20218274005162,9.282796859741211,19868000
2015-11-18,9.27215085588353,9.59004391222714,9.247814090748806,9.57635498046875,20270000
2015-11-19,9.59004130572508,9.592323035491269,9.355043447637723,9.522356033325195,32780000
2015-11-20,9.598407118975507,9.633390256371,9.409800328531304,9.6128568649292,28057000
2015-11-23,9.639474149707695,9.639474149707695,9.446303909435267,9.461514472961426,16003000
2015-11-24,9.38546137906307,9.779406343609661,9.38546137906307,9.760393142700195,35659000
2015-11-25,9.810589364969116,9.823518199868861,9.708681047739883,9.764198303222656,21396000
2015-11-27,9.782449954370307,9.920863036126432,9.723890880476386,9.889681816101074,13262000
2015-11-30,9.843290872367817,9.939875630877948,9.667612923362551,9.920863151550293,32615000
2015-12-01,9.975618452344982,10.173351406127715,9.955845156966708,10.106426239013672,43255000
2015-12-02,10.120117515688223,10.266895980826392,10.00375945407465,10.054713249206543,54364000
2015-12-03,11.016761709579049,11.168863755095526,10.866180575725771,11.010677337646484,120661000
2015-12-04,11.01219639185838,11.247194248259659,10.893557324062474,11.222097396850586,60329000
2015-12-07,11.155933763393865,11.386368900592991,11.069236005326605,11.318683624267578,44769000
2015-12-08,11.167340747346984,11.3004302841732,11.085965823761676,11.238828659057617,34560000
2015-12-09,11.190153756643056,11.255558010498964,10.983295342720028,11.076837539672852,30803000
2015-12-10,11.111822039443828,11.365072245337538,11.041855048263562,11.204604148864746,33078000
2015-12-11,10.998508141980759,11.234266831259799,10.974172107414514,10.983298301696777,27777000
2015-12-14,10.962002010883554,11.05478485374657,10.741453914409108,10.83803939819336,36993000
2015-12-15,10.850970485042659,10.968850210114281,10.746780416100533,10.895840644836426,35398000
2015-12-16,10.921774937638476,11.006451731082805,10.710464171291427,10.975936889648438,29644000
2015-12-17,11.056034672247106,11.09951743953883,10.71122518146566,10.716565132141113,24378000
2015-12-18,10.697494673068533,10.82565423252325,10.569335113613816,10.695206642150879,51964000
2015-12-21,10.916433093457687,11.13766056290864,10.821838847442928,11.122403144836426,26627000
2015-12-22,11.231492315599137,11.231492315599137,10.890497127452564,11.069005012512207,21684000
2015-12-23,11.139190269110433,11.188013006435845,11.014845030495872,11.176569938659668,16170000
2015-12-24,11.16893677495089,11.236068102954516,11.116299702680847,11.162071228027344,7436000
2015-12-28,11.130038239263666,11.168181078813314,10.979755640591732,11.164366722106934,13873000
2015-12-29,11.213947841276772,11.34973612627195,11.062140427941415,11.285655975341797,22533000
2015-12-30,11.252855007254787,11.358128460677085,11.223103323615161,11.242175102233887,17396000
2015-12-31,11.181911353652941,11.252093911326753,11.070534765117772,11.072823524475098,19673000
2016-01-04,10.837863883156995,10.859223696662513,10.670799003941061,10.853883743286133,30970000
2016-01-05,10.919484662656323,10.931690161026795,10.467112240903377,10.490760803222656,38173000
2016-01-06,10.265722214193286,10.379387545108862,10.091028644634203,10.16807746887207,50824000
2016-01-07,10.017031228407948,10.204693452755341,9.779021400897301,9.844626426696777,50056000
2016-01-08,9.919386860383662,10.181045266292648,9.76910429733507,9.779784202575684,64641000
2016-01-11,9.878956617909457,9.914810694322295,9.567712271646775,9.767580032348633,38941000
2016-01-12,9.906419645948677,10.044495999631852,9.677563356920807,9.910996437072754,41112000
2016-01-13,9.745459208927445,9.91557604640455,9.389206397904294,9.406752586364746,48470000
2016-01-14,9.47387951805915,9.663830501751093,9.176367051093289,9.550165176391602,63942000
2016-01-15,9.170261354576272,9.443362741390132,9.10084199250009,9.151952743530273,75916000
2016-01-19,9.3647926996084,9.520414498724824,9.078722541918149,9.159584999084473,54773000
2016-01-20,8.988704382490983,9.579915659077802,8.938356054181401,9.446416854858398,103988000
2016-01-21,9.520417365195847,9.611960483431492,9.40980391589201,9.499820709228516,48475000
2016-01-22,9.64857381094589,9.64857381094589,9.476932157949387,9.498291969299316,58428000
2016-01-25,9.49218666594531,9.53414384428934,9.459383794285685,9.496764183044434,61359000
2016-01-26,9.535672586490609,9.650863528795753,9.45938691479305,9.48913860321045,119134000
2016-01-27,9.43269009511999,9.566952861055867,9.161114095745825,9.333518981933594,58156000
2016-01-28,9.37852150006757,9.653911684245992,9.306813369549653,9.640180587768555,49969000
2016-01-29,9.874377621015908,10.248175726931606,9.772917802546711,10.200116157531738,259449000
2016-02-01,10.171888445098041,10.58001568494729,10.142899930173447,10.50296688079834,45619000
2016-02-02,10.299285976074014,10.49610174752554,10.046781203479185,10.164260864257812,59005000
2016-02-03,10.470165757060885,10.497627950701968,9.93921958563445,10.020844459533691,56234000
2016-02-04,10.023899353469364,10.471694459715962,9.955242393974203,10.383966445922852,60833000
2016-02-05,10.4510933480106,10.4510933480106,9.68671421184085,9.791988372802734,70953000
2016-02-08,9.687477275758463,9.687477275758463,9.094739755508332,9.296133041381836,91242000
2016-02-09,9.141273484939157,9.59059401154015,9.060411053390538,9.132119178771973,63400000
2016-02-10,9.344194436948642,9.434211194653034,9.051258757092606,9.093215942382812,45473000
2016-02-11,8.887245497301654,8.974211065340093,8.715603847769783,8.872751235961914,66673000
2016-02-12,8.983363949476823,9.331987873503685,8.828504617357428,9.280877113342285,39965000
2016-02-16,9.403696797896883,9.672221466273744,9.379285795096234,9.630264282226562,38521000
2016-02-17,9.688241089439789,9.979651156848167,9.667644442732716,9.968971252441406,32742000
2016-02-18,10.051360842554647,10.06890702608041,9.618060030203177,9.693582534790039,39202000
2016-02-19,9.692054583032562,9.824790941720355,9.535669658828876,9.81563663482666,31118000
2016-02-22,9.917096765457076,10.102470212891832,9.87819150553781,9.965919494628906,24204000
2016-02-23,9.929303999034538,9.955241328517339,9.769104686529147,9.7767333984375,22352000
2016-02-24,9.650862807992958,10.012455468005744,9.566949157404245,9.943036079406738,25680000
2016-02-25,9.976600138511898,10.107047752487466,9.817164004205331,10.105522155761719,25652000
2016-02-26,10.23749479995282,10.29623426779603,10.088738589043274,10.154343605041504,27142000
2016-02-29,10.171892275988387,10.521279455595497,10.138326959098919,10.219952583312988,35911000
2016-03-01,10.326748831363066,10.576202426976117,10.269534957557571,10.560182571411133,44906000
2016-03-02,10.515934275927192,10.545685949247835,10.302335522079183,10.448802947998047,43834000
2016-03-03,10.508309437736456,10.592223810435177,10.245125434764962,10.476269721984863,59437000
2016-03-04,11.13766278079286,11.279553450556481,10.811161098664599,11.142239570617676,72399000
2016-03-07,11.04306768311317,11.155207391773619,10.723432301098692,10.947710990905762,41363000
2016-03-08,10.854643711474258,10.895074567279927,10.634941797903993,10.651724815368652,33216000
2016-03-09,10.737166065969573,10.872954372812105,10.715806254727513,10.829471588134766,31152000
2016-03-10,10.943898296198919,11.122406208235354,10.832521732645214,11.017132759094238,54546000
2016-03-11,11.136902265911022,11.444332244725565,11.11859364723214,11.352789878845215,55822000
2016-03-14,11.222340125207511,11.381013092935326,11.21394825218082,11.30091381072998,28444000
2016-03-15,11.328377664303789,11.441279830765719,11.143766627743766,11.326088905334473,30891000
2016-03-16,11.286288195866376,11.424821721422266,11.239600137912767,11.375837326049805,34906000
2016-03-17,11.279398990248712,11.612338691813576,11.279398990248712,11.599327087402344,44708000
2016-03-18,11.629178800014271,11.710309003510993,11.547282907366338,11.671274185180664,70568000
2016-03-21,11.67892785314503,11.7103086988385,11.544221310256024,11.701889038085938,28207000
2016-03-22,11.664384939660597,11.91007186740094,11.59932764440321,11.845014572143555,33945000
2016-03-23,11.849608137724555,11.887876536698997,11.659793871528887,11.709543228149414,27577000
2016-03-24,11.615399637773589,11.732503344019202,11.566415977811294,11.710307121276855,25651000
2016-03-28,11.731737874722405,11.748576464351581,11.639126726646175,11.717961311340332,17224000
2016-03-29,11.730976654224072,11.858029989075257,11.647550823187894,11.796799659729004,26765000
2016-03-30,11.863383585218699,12.037889891444639,11.82817648629785,12.011101722717285,26794000
2016-03-31,12.017992699209993,12.044781603866472,11.82129012482656,11.825117111206055,24968000
2016-04-01,11.789908740558008,12.086875698527669,11.569479312204702,12.077691078186035,25671000
2016-04-04,12.092998962403898,12.11825648573805,11.913899961510031,11.940688133239746,17760000
2016-04-05,11.821290143793734,12.020289056308762,11.821290143793734,11.865682601928711,56915000
2016-04-06,11.840420552958019,12.075392171836748,11.764648003280987,12.057787895202637,28149000
2016-04-07,12.053197424487616,12.08917021126111,11.839656311143344,11.86108684539795,22975000
2016-04-08,11.961352973025921,12.008805990050934,11.83583032333986,11.95140266418457,18526000
2016-04-11,12.049370577159722,12.077689393474529,11.909306413852455,11.91007137298584,18568000
2016-04-12,11.940688224662658,11.968242085762586,11.710309216100297,11.896296501159668,16537000
2016-04-13,11.975894107865276,12.219284683146293,11.910071127608468,12.206273078918457,21730000
2016-04-14,12.038659649593637,12.177958903981976,11.939925871505631,12.155762672424316,27549000
2016-04-15,12.102948631155897,12.11902153431221,11.826646520838988,11.900888442993164,27685000
2016-04-18,11.890172030906456,11.970537268883334,11.772303355837705,11.932268142700195,15297000
2016-04-19,11.974363943374904,11.998855774738956,11.541159110461482,11.562589645385742,24560000
2016-04-20,11.592440663266414,11.794500853815409,11.511310457361832,11.727912902832031,19435000
2016-04-21,11.702654250226693,11.731738757263738,11.51513633268606,11.584020614624023,16117000
2016-04-22,11.511310469537385,11.705716688244433,11.383492201884145,11.505952835083008,25699000
2016-04-25,11.499829362671514,11.54651815365326,11.386553351420403,11.411810874938965,10870000
2016-04-26,11.594735858649726,11.795265381019318,11.483755464661648,11.538863182067871,26309000
2016-04-27,11.267153272327796,11.737862297645702,11.212811242902106,11.597797393798828,38930000
2016-04-28,11.51054566980297,11.788379183493342,11.276339654216482,11.326854705810547,25520000
2016-04-29,11.198269935122896,11.31154667838346,10.964063936350056,11.15540885925293,35067000
2016-05-02,11.18678738489169,11.238067381471238,11.059734102165834,11.1806640625,19525000
2016-05-03,11.105661993204501,11.173780608347945,10.893651444035447,10.96023941040039,23986000
2016-05-04,10.907425963534928,11.05361346851626,10.81251846422051,10.873748779296875,20888000
2016-05-05,11.00769039234961,11.090351244898912,10.875279452485481,10.9127836227417,16841000
2016-05-06,10.850022643708996,10.906661017478875,10.652555119606763,10.859972953796387,30027000
2016-05-09,10.868389782517985,11.015342958233019,10.811752149630037,10.899004936218262,17300000
2016-05-10,10.906661725841163,11.108721938467989,10.830123456848504,11.068157196044922,18461000
2016-05-11,11.028356118236953,11.191381487970814,10.983963664660557,11.009986877441406,16716000
2016-05-12,11.026822911227248,11.077337950076181,10.67857527280133,10.794913291931152,26452000
2016-05-13,10.787259595760831,10.954877617123524,10.686229515491656,10.719141006469727,21716000
2016-05-16,10.781902496124184,10.992382327058372,10.768125931740718,10.918140411376953,20373000
2016-05-17,10.907425395587879,10.944163144767014,10.706130179565452,10.804863929748535,21248000
2016-05-18,10.755880881964325,11.10183223699496,10.740572938151603,11.012282371520996,22620000
2016-05-19,10.947224070342141,11.071980289073315,10.801036587674872,10.925027847290039,17478000
2016-05-20,11.031416469220396,11.30236092291639,10.999270665545865,11.230415344238281,25889000
2016-05-23,11.342161071455306,11.506717810834775,11.31843419750759,11.335272789001465,17609000
2016-05-24,11.373541825428063,11.609279199881996,11.354407625324226,11.58937931060791,19907000
2016-05-25,11.621525817520194,11.786847535346267,11.518199378917405,11.753936767578125,21737000
2016-05-26,11.76924492152536,11.805983408383405,11.619996096029892,11.711841583251953,18431000
2016-05-27,11.710308506902718,11.781488398029742,11.668978082717341,11.733269691467285,18693000
2016-05-31,11.786846811659004,11.859558085832537,11.733270467490582,11.814400672912598,32058000
2016-06-01,11.741687315981174,11.887874797643727,11.736329682514677,11.845779418945312,30777000
2016-06-02,11.879456085996322,11.903182957475813,11.740156883387034,11.856494903564453,46746000
2016-06-03,12.687696098771259,12.705300376706269,12.33791855594428,12.442009925842285,82985000
2016-06-06,12.506301963017686,12.547631652880348,12.32414096443929,12.463440895080566,34010000
2016-06-07,12.501713251066654,12.70147713166559,12.461148507461377,12.616519927978516,32340000
2016-06-08,12.559116783046107,12.599681524918866,12.501712717118853,12.529267311096191,25620000
2016-06-09,12.409862725063842,12.632586961609745,12.408331347215837,12.56293773651123,29143000
2016-06-10,12.412160950450373,12.474157682569754,12.246074291949334,12.308835983276367,26657000
2016-06-13,12.25678983261929,12.418285279617473,12.218520703621921,12.24683952331543,21568000
2016-06-14,12.190199415468904,12.286636812697383,12.10294590661409,12.168768882751465,25669000
2016-06-15,12.194108638604666,12.29392124988545,12.14496970547643,12.161861419677734,30884000
2016-06-16,12.058210060710287,12.195645171528096,11.946880262079148,12.179521560668945,22804000
2016-06-17,12.20563025898806,12.2655182868903,11.895441042588713,11.977595329284668,43333000
2016-06-20,12.161859087483158,12.253994294845844,12.030565922739093,12.048993110656738,20265000
2016-06-21,12.101200810254838,12.161856898547855,11.947642158955073,11.962998390197754,16126000
2016-06-22,11.956857059577858,12.067419447056533,11.885451894491958,11.9115571975708,16039000
2016-06-23,12.081240515227593,12.179518364198477,11.97528528135707,12.178750991821289,24435000
2016-06-24,11.670470948924757,11.890828374036152,11.394065318161937,11.418634414672852,64177000
2016-06-27,11.248186872683778,11.30577203439735,10.923410338904095,11.027830123901367,37864000
2016-06-28,11.26354127788156,11.511538776056817,11.254327682795967,11.49925422668457,37233000
2016-06-29,11.671240872461977,11.95071750078774,11.576802065871355,11.900811195373535,47860000
2016-06-30,11.900808726868718,12.072794590251345,11.837081675034314,11.931520462036133,42626000
2016-07-01,11.86011787339681,11.967609335979153,11.79485606266637,11.840923309326172,19779000
2016-07-05,11.63822484088757,11.648205808472907,11.480827083554365,11.575265884399414,26321000
2016-07-06,11.467774969269518,11.61442366123299,11.298860027024354,11.565284729003906,20603000
2016-07-07,11.52766442942925,11.747253808844443,11.52766442942925,11.592926979064941,19248000
2016-07-08,11.720376783923031,11.920002686343137,11.665863328607292,11.9115571975708,26741000
2016-07-11,12.062044744953957,12.167232595898144,11.999085801737682,12.08200740814209,25201000
2016-07-12,12.175682624558002,12.354578555431273,12.150345416918746,12.176450729370117,20306000
2016-07-13,12.20101764703125,12.313883636201519,12.08047427224359,12.085848808288574,15734000
2016-07-14,12.250158604614834,12.366096299455807,12.197180607841302,12.345365524291992,23550000
2016-07-15,12.369934293926596,12.405252469341418,12.258603766440356,12.373772621154785,19259000
2016-07-18,12.470514719171094,12.568792582852492,12.434427709726206,12.463603973388672,14626000
2016-07-19,12.397571945193375,12.438266113954937,12.268583087250441,12.325399398803711,14797000
2016-07-20,12.407556543127704,12.574168654681655,12.35534591826617,12.489710807800293,18064000
2016-07-21,12.515816477792807,12.551902028223846,12.2708898864008,12.316189765930176,19530000
2016-07-22,12.253228162796429,12.307742362960129,12.030567859436065,12.259370803833008,19664000
2016-07-25,12.257063659361318,12.338449785256147,12.228655508803582,12.267812728881836,9627000
2016-07-26,12.392964700412392,12.553433380417822,12.313114046565053,12.548826217651367,28631000
2016-07-27,12.740775523534964,12.86822962864653,12.492778057888788,12.719277381896973,30493000
2016-07-28,12.668600736877877,12.81985653835137,12.585679138903014,12.609480857849121,19512000
2016-07-29,12.586449053978601,12.641730618614035,12.369164050676435,12.436729431152344,26030000
2016-08-01,12.498154091109582,12.582611923066809,12.430588704214546,12.554203033447266,17876000
2016-08-02,12.522723989134107,12.591058217293588,12.458996924872224,12.506600379943848,22689000
2016-08-03,12.429054371532702,12.603344597816928,12.382987121896333,12.600272178649902,15019000
2016-08-04,12.612557265773379,12.822165664703283,12.60718272899188,12.821396827697754,19978000
2016-08-05,12.895106383010994,13.06786040754747,12.839824802269018,13.06171703338623,25594000
2016-08-08,13.05250233730944,13.146940409763788,12.888193827792282,12.92581558227539,19084000
2016-08-09,12.971114738523578,13.219112234086321,12.952689012997757,13.142333984375,32743000
2016-08-10,13.146167310334546,13.21987604220432,13.04021137438442,13.194538116455078,19523000
2016-08-11,13.211436942257192,13.29512594600418,13.121604564917213,13.212971687316895,15745000
2016-08-12,13.216040232560282,13.253661981983935,13.158456549839865,13.242145538330078,16530000
2016-08-15,13.311251191874401,13.498592623781079,13.244453162282612,13.477863311767578,25807000
2016-08-16,13.4218098822296,13.435629907115212,13.213736278772735,13.236770629882812,19069000
2016-08-17,13.225257528122063,13.304339371124199,13.187635770252303,13.285144805908203,16613000
2016-08-18,13.269020924412477,13.373440704350372,13.25520089631725,13.354246139526367,21120000
2016-08-19,13.37344129726375,13.44100816009377,13.315857600238756,13.431026458740234,15349000
2016-08-22,13.436398738740946,13.536980179058832,13.364226188099057,13.507803916931152,15393000
2016-08-23,13.568463977454975,13.626047681589894,13.522395256805037,13.616065979003906,19741000
2016-08-24,13.633724229512138,13.642937093908733,13.388030272184919,13.45943546295166,21802000
2016-08-25,13.476325272541528,13.600708449994315,13.41259820654947,13.516250610351562,18735000
2016-08-26,13.576906949814429,13.716644902270536,13.446381861107024,13.602243423461914,22586000
2016-08-29,13.612996965771476,13.718952988148828,13.582285945408868,13.620675086975098,16726000
2016-08-30,13.67902268228383,13.775764338398126,13.508572260872151,13.589959144592285,27838000
2016-08-31,13.597633607996752,13.691305758993064,13.463270218372717,13.545424461364746,32753000
2016-09-01,13.580743953013359,13.641400059579656,13.422578824027147,13.596867561340332,39128000
2016-09-02,13.589962275741506,13.616066127051628,12.96036960007848,13.291290283203125,80668000
2016-09-06,13.330443336245624,13.359619599629365,13.02486213987802,13.13696002960205,36132000
2016-09-07,13.161530018854036,13.206062521650281,12.876678111477906,12.968045234680176,31437000
2016-09-08,12.928891357590851,12.962673329475601,12.788384538946742,12.928122520446777,18680000
2016-09-09,12.770720987579471,12.826002558777043,12.336149464938723,12.344594955444336,45022000
2016-09-12,12.217909485616094,12.649410047457108,12.188733223292799,12.628679275512695,35673000
2016-09-13,12.628681120089572,12.849805969408441,12.614861091591793,12.687033653259277,36003000
2016-09-14,12.686268268222097,13.047131133095167,12.672446773107465,13.022562026977539,40324000
2016-09-15,13.040270923323282,13.322900224577843,12.953247837810212,13.301337242126465,36322000
2016-09-16,13.278236625053248,13.322132282544583,13.080318385135643,13.187363624572754,83067000
2016-09-19,13.211238041457136,13.367569695377084,13.045664268149196,13.148088455200195,28306000
2016-09-20,13.262064044744296,13.262064044744296,12.950938671270205,12.955559730529785,18722000
2016-09-21,12.967879335404055,13.093407313828022,12.90780998428073,13.078774452209473,17977000
2016-09-22,13.166570650653075,13.188133636459865,12.943238047519042,13.002537727355957,20619000
2016-09-23,12.991751908139047,13.017164789148053,12.746086714046555,12.833879470825195,26875000
2016-09-26,12.714516806606682,12.878549738158073,12.534310166018079,12.83696460723877,32033000
2016-09-27,12.852364543722853,13.159638548358128,12.785365059168408,13.158099174499512,25353000
2016-09-28,13.22894655194664,13.300567084927945,13.074925464007576,13.145774841308594,20843000
2016-09-29,13.091866661225314,13.399140602122682,13.05259060295486,13.2813138961792,38570000
2016-09-30,13.322897550731703,13.449966359419191,13.279771594484133,13.285933494567871,34220000
2016-10-03,13.323672322096307,13.391441490467036,13.070305791514874,13.097259521484375,22807000
2016-10-04,13.138843552804348,13.161176219317724,12.944005579266673,13.018706321716309,19596000
2016-10-05,13.20738441816924,13.408382854187575,13.144236311541276,13.35986614227295,26149000
2016-10-06,13.34600378758738,13.449968794737643,13.18890101219134,13.414544105529785,21014000
2016-10-07,13.46768172992223,13.47307247537167,13.275923954191004,13.416083335876465,21842000
2016-10-10,13.456128272517132,13.546231566095868,13.381427527542396,13.459208488464355,16336000
2016-10-11,13.49925391063249,13.51542614561951,13.055670509748692,13.18196964263916,26181000
2016-10-12,13.149629049266858,13.173502565409756,12.968652726315153,13.128066062927246,21740000
2016-10-13,12.997144281700932,13.084165893815051,12.845432256732886,13.010234832763672,22373000
2016-10-14,13.090325368510497,13.295175145017863,13.04103897732638,13.098797798156738,19570000
2016-10-17,13.068764294156585,13.16502803033034,12.994063540878194,13.005616188049316,12741000
2016-10-18,13.141926137237698,13.312890632719734,13.133455174925471,13.258981704711914,14167000
2016-10-19,13.181967687737508,13.267449908239746,13.100335369289299,13.235875129699707,20440000
2016-10-20,13.219707324990985,13.444579283277488,13.170419455211352,13.354475975036621,18961000
2016-10-21,13.268220474007178,13.353702700173326,13.145772722655495,13.316737174987793,15842000
2016-10-24,13.412234078553784,13.630945592060355,13.366027896601198,13.596290588378906,19772000
2016-10-25,13.556246942043355,13.592441325046368,13.362178597546743,13.372960090637207,21622000
2016-10-26,13.257443084199648,13.459982379790722,13.176581890895743,13.322901725769043,21075000
2016-10-27,13.423787555786667,13.496177791828242,13.228949521175657,13.264375686645508,19840000
2016-10-28,13.28362536546719,13.312889622331742,13.017936524345853,13.041810035705566,20651000
2016-10-31,13.09186608996664,13.219704593808935,12.99098131056485,13.113429069519043,20317000
2016-11-01,13.147314704501115,13.21123395799414,12.77073077094148,12.999452590942383,28452000
2016-11-02,13.315974274834156,13.411468352087732,13.077240550568687,13.289020538330078,43501000
2016-11-03,13.280549835422612,13.503111322169376,13.2574460027347,13.322134971618652,20654000
2016-11-04,13.122673683097526,13.440727692021891,13.109581661753865,13.258981704711914,21753000
2016-11-07,13.429941907485013,13.698710899260618,13.408378930721453,13.627860069274902,26126000
2016-11-08,13.636337859347558,13.709497778008199,13.485395493786772,13.63094711303711,18923000
2016-11-09,13.205074389860396,13.592439881884594,13.181200876427932,13.355245590209961,32506000
2016-11-10,13.378350427777038,13.43841979377728,12.575895966330414,12.9332275390625,51217000
2016-11-11,12.887790555467772,13.091869223322933,12.763032237578397,12.902421951293945,29793000
2016-11-14,12.820019558251497,12.920134672085315,12.55433216021829,12.612860679626465,28187000
2016-11-15,12.693718396669654,12.89933784523353,12.599765210339038,12.818476676940918,25380000
2016-11-16,12.806925017678868,12.95093575830975,12.764570213553172,12.924753189086914,13333000
2016-11-17,12.887788954797522,13.01639716018326,12.78536332126295,12.86391544342041,18100000
2016-11-18,12.84157969633659,13.027177018584947,12.84157969633659,12.950165748596191,19524000
2016-11-21,13.024870441562745,13.30441957098113,13.024870441562745,13.290557861328125,21384000
2016-11-22,13.378350113661027,13.663291447043852,13.34677532306992,13.632486343383789,31024000
2016-11-23,13.581652893461955,13.689467769286928,13.495400992801978,13.637101173400879,22123000
2016-11-25,13.614003911981706,13.632486680861655,13.520820380631864,13.611693382263184,8198000
2016-11-28,13.558555361531896,13.636336330845339,13.441498329701277,13.449969291687012,26570000
2016-11-29,13.389127942386143,13.629402397260787,13.356013786994257,13.511575698852539,18514000
2016-11-30,13.486165719824141,13.54623508744766,13.125755389556081,13.129605293273926,31249000
2016-12-01,13.09263965262485,13.129605191048705,12.414943500704434,12.536620140075684,46389000
2016-12-02,12.596687176199774,12.700652182952425,12.369504710081308,12.646744728088379,26945000
2016-12-05,12.784597334607822,12.830803528217873,12.50658754816325,12.793839454650879,21372000
2016-12-06,12.84620022529011,12.93553382358971,12.587443015088267,12.68832778930664,39184000
2016-12-07,12.688331231127904,12.980202674865723,12.604389823537328,12.980202674865723,32659000
2016-12-08,13.05721420848415,13.198144764820569,12.900111413622907,13.146546363830566,38361000
2016-12-09,13.935139300392771,14.008300687209093,13.62324570436341,13.791899681091309,75744000
2016-12-12,13.711808730407123,13.921278156033107,13.597062211603731,13.720279693603516,37194000
2016-12-13,13.764943065987305,14.011377968360469,13.707953929884296,13.81885051727295,69076000
2016-12-14,13.844411842464293,13.88081461779495,13.649234053345642,13.756891250610352,46795000
2016-12-15,13.81033319271203,14.03416846065593,13.675568170579966,13.942000389099121,38103000
2016-12-16,13.99931420941032,14.02564646475662,13.746047401369053,13.818851470947266,41541000
2016-12-19,13.869196171488433,14.050433009733707,13.795618009686711,13.976853370666504,22219000
2016-12-20,14.018675094147994,14.195262944962264,13.95206668331817,14.101548194885254,27352000
2016-12-21,14.230116589205604,14.250254669225393,14.079086898118234,14.118587493896484,21013000
2016-12-22,14.161957444155359,14.173574656059222,13.893201578534065,13.987691879272461,17557000
2016-12-23,13.945099388571531,14.094580942155613,13.91489373843383,14.091483116149902,8977000
2016-12-27,14.104647563699599,14.227795359199606,14.100000086855918,14.120138168334961,8283000
2016-12-28,14.145697428525748,14.173579337209658,13.92883337868436,13.955941200256348,14039000
2016-12-29,13.917990244896426,13.993118058158228,13.835118605987342,13.931157112121582,13671000
2016-12-30,13.96988217196303,14.010930943587235,13.632968178036164,13.691057205200195,25421000
2017-01-03,13.808787350092222,14.010934917423025,13.6732467406887,13.81265926361084,32098000
2017-01-04,13.806458145941372,13.863771602377629,13.684084454566609,13.7142915725708,23965000
2017-01-05,13.656974419283284,13.708867781411339,13.467219740242383,13.498199462890625,24861000
2017-01-06,13.492784569904657,13.70112925368691,13.423078312910249,13.677119255065918,23142000
2017-01-09,13.68176651272124,13.809560330311557,13.680990948267091,13.706550598144531,20265000
2017-01-10,13.746820904982036,13.998536546644079,13.701124661923155,13.985369682312012,30181000
2017-01-11,13.945096295821578,13.977627154830879,13.767732870256227,13.896302223205566,18787000
2017-01-12,13.793290018872304,13.871515633761097,13.584946900548292,13.852927207946777,23137000
2017-01-13,13.856024282958602,14.001632379571102,13.816525172847358,13.97607421875,20902000
2017-01-17,13.900953811200793,13.91257102889808,13.752247811065732,13.872296333312988,26316000
2017-01-18,13.969104598568643,14.33390044579912,13.941222696808588,14.330028533935547,35642000
2017-01-19,14.336224717004207,14.474087534357492,14.303695337985966,14.371851921081543,45718000
2017-01-20,14.60730847489506,14.835014192280646,14.56858195756495,14.799386978149414,57623000
2017-01-23,14.793962182090622,14.834236864957619,14.59336285475348,14.793188095092773,33394000
2017-01-24,14.926401011384815,15.462364579573668,14.892323461851783,15.315980911254883,62008000
2017-01-25,15.484053161168374,15.690848136438877,15.337669470812054,15.682327270507812,60888000
2017-01-26,15.834131235535562,15.898415904688905,15.577768123112493,15.81321907043457,38820000
2017-01-27,15.906935998461925,15.938691290985007,15.764425702853012,15.932494163513184,25780000
2017-01-30,15.834911343923942,15.867440734332996,15.537499352393818,15.739646911621094,33234000
2017-01-31,15.681554151737814,15.681554151737814,15.401955096152726,15.45152473449707,26749000
2017-02-01,15.664513848032055,15.837229785219838,15.506512949421777,15.776042938232422,31184000
2017-02-02,15.642825854751186,15.879826437667722,15.56769806450483,15.803924560546875,22712000
2017-02-03,15.873635240990494,16.00142904258626,15.724927792531568,15.967350006103516,24367000
2017-02-06,15.966572916951627,16.006073510179746,15.823288536871036,15.99832820892334,18716000
2017-02-07,16.048670216412884,16.063385253144663,15.872080912041476,15.947982788085938,22840000
2017-02-08,15.952629423002222,16.167943740911078,15.889894413269008,16.023883819580078,21069000
2017-02-09,16.057971444063732,16.085853357262877,15.77140257610518,15.903843879699707,27519000
2017-02-10,15.954959647823236,15.993684686413069,15.788439322809005,15.9177827835083,23842000
2017-02-13,16.015366478752963,16.040926119817154,15.890670530178921,16.009944915771484,12463000
2017-02-14,16.03162971556185,16.032405279678322,15.862011627391539,15.903061866760254,17357000
2017-02-15,15.941015759575574,16.027760775504028,15.862014568127655,15.954182624816895,17088000
2017-02-16,15.990583455162886,16.126898102865557,15.891445663857784,16.12380027770996,17188000
2017-02-17,16.187309586101158,16.29651641845703,16.01846555628561,16.29651641845703,30945000
2017-02-21,16.342213592707996,16.545135188453248,16.335242377676863,16.477752685546875,30333000
2017-02-22,16.497117412127597,16.646598955054348,16.38094082023539,16.58696174621582,23949000
2017-02-23,16.658212545898817,16.726370607394998,16.2368787855397,16.309682846069336,29364000
2017-02-24,16.139291780001596,16.315107048173658,15.692398304983497,16.293420791625977,27651000
2017-02-27,16.316653235583054,16.53196760066941,16.279476378237952,16.518800735473633,26991000
2017-02-28,16.58541177179996,16.60090237768815,16.28799982052728,16.336793899536133,27548000
2017-03-01,16.502538114280725,16.682225295802684,16.308135891733237,16.66286277770996,51155000
2017-03-02,17.357596878439345,17.42497937461216,16.731016334094473,16.82938003540039,71171000
2017-03-03,16.88436933756663,17.039272404880688,16.861134911555112,16.909154891967773,30747000
2017-03-06,16.758124892023158,16.92542074807267,16.66518422703866,16.879724502563477,22771000
2017-03-07,16.833250256448284,17.14537862821054,16.813887743817716,16.981182098388672,29129000
2017-03-08,16.9788605821226,17.135311818298003,16.926967214189062,17.0106143951416,24532000
2017-03-09,16.944786391089004,17.260786778533376,16.893668572732892,17.19495391845703,25675000
2017-03-10,17.25071477235721,17.535735351456175,17.25071477235721,17.53108787536621,39430000
2017-03-13,17.493137374835516,17.639519579970024,17.454410868552326,17.538833618164062,26669000
2017-03-14,17.4079416648774,17.525667887972986,17.311127608801606,17.37618637084961,22165000
2017-03-15,17.374639972867943,17.554327151128795,17.290217209162996,17.49856185913086,20727000
2017-03-16,17.54290533910322,17.569358493814065,17.23869702785789,17.300161361694336,27835000
2017-03-17,17.390417979408806,17.40520124111936,17.182685105432526,17.20836067199707,51635000
2017-03-20,17.20836130663624,17.321952914007152,17.177239586496942,17.213029861450195,17215000
2017-03-21,17.29082513799083,17.348398514384716,16.767991745773728,16.80689239501953,30557000
2017-03-22,16.806894664358758,16.989731005223597,16.75787930546351,16.91581916809082,19131000
2017-03-23,16.903371740285536,16.99673539721176,16.838795520070935,16.872251510620117,19223000
2017-03-24,16.96171995521731,17.22546943741785,16.940712952184494,17.036409378051758,23794000
2017-03-27,16.869920903471286,17.130558633980876,16.803010391782642,17.04264259338379,15358000
2017-03-28,17.000626299350685,17.255040245421476,16.988177316058447,17.19046401977539,17929000
2017-03-29,17.178791789451772,17.22158340150955,17.091653370113693,17.21847152709961,15927000
2017-03-30,17.264374617657396,17.46277033341711,17.02785436034664,17.119661331176758,34168000
2017-03-31,17.115777815509535,17.19358063690886,16.963284048132405,17.035640716552734,25897000
2017-04-03,17.03874849466012,17.11577369967313,16.856691212575324,17.0231876373291,19210000
2017-04-04,16.974176354090385,17.14845473338348,16.95161414431039,17.035640716552734,12634000
2017-04-05,17.080760125276196,17.155449558888645,16.867581158325475,16.89325523376465,15690000
2017-04-06,16.859799009027736,16.997509446769858,16.773438200884968,16.922040939331055,14615000
2017-04-07,16.92204000039851,17.104097228343853,16.886251226351924,16.980392456054688,16412000
2017-04-10,16.8885915822255,17.042640517930735,16.825570551278958,16.96250343322754,17994000
2017-04-11,16.8489139172162,16.992070566560596,16.652073338871993,16.92593765258789,22219000
2017-04-12,16.779661014206308,16.816228869655692,16.217149396373202,16.27627944946289,61026000
2017-04-13,16.277061424855518,16.647401211737577,16.260722970315058,16.441225051879883,42579000
2017-04-17,16.523701139019852,16.677750104795667,16.50891787555466,16.639625549316406,14507000
2017-04-18,16.57660003970408,16.627172078931853,16.498797244884013,16.5797119140625,8486000
2017-04-19,16.632618691663087,16.714310960707202,16.592161355951013,16.620948791503906,12081000
2017-04-20,16.72753247064286,17.048079184750122,16.666847227448418,16.977277755737305,16916000
2017-04-21,16.915823191792352,16.98662317148196,16.817790966718466,16.93449592590332,14683000
2017-04-24,17.170238238241307,17.264379512507805,17.09165782404446,17.213029861450195,17531000
2017-04-25,17.273713489199416,17.42776242766653,17.268267337091466,17.365520477294922,14848000
2017-04-26,17.388086817204297,17.42231893054797,17.184243396997083,17.247262954711914,14726000
2017-04-27,17.341397534338785,17.434761180034624,17.276821321891834,17.356958389282227,11850000
2017-04-28,17.336733439280888,17.360850839426504,17.098656472903723,17.1795711517334,16490000
2017-05-01,17.279165046664424,17.292391632202076,17.109555196554897,17.219257354736328,15339000
2017-05-02,17.385746613094668,17.544462592047505,17.23325289885142,17.540573120117188,27277000
2017-05-03,17.467441027413134,17.598148669440096,17.39275009827484,17.497783660888672,18002000
2017-05-04,17.525792451273617,17.572475025123442,17.26126528595005,17.381080627441406,16245000
2017-05-05,17.50244992723464,17.621487652511412,17.43164996372418,17.618375778198242,23128000
2017-05-08,17.62382956419622,17.668953987233213,17.4168742510825,17.51179313659668,17448000
2017-05-09,17.55380553957328,17.847899279783825,17.483005551958698,17.774765014648438,19261000
2017-05-10,17.85489597942207,18.160659543658266,17.792654036279753,17.9980525970459,24433000
2017-05-11,17.947481827068366,18.03850972181413,17.75764264135015,17.979379653930664,14823000
2017-05-12,18.009724984093037,18.36528152904857,17.959930536428466,18.358280181884766,25852000
2017-05-15,18.331046031549818,18.66481790763977,18.28358586970885,18.597129821777344,29172000
2017-05-16,18.66793666384391,18.772970246275428,18.570683511662725,18.72551155090332,18128000
2017-05-17,18.516991986747083,18.592460496859157,17.97937679387048,17.986379623413086,31447000
2017-05-18,18.017506162150827,18.565234721482277,17.71407536135489,18.49054527282715,30699000
2017-05-19,18.416630109859994,18.438414715717666,18.054070754687373,18.213565826416016,35812000
2017-05-22,18.324823271054836,18.593242858064684,18.222903071721447,18.546560287475586,20419000
2017-05-23,18.544222737780583,18.58934862113336,18.348938915698568,18.403400421142578,13696000
2017-05-24,18.552787769389237,18.67338071478238,18.436861894448715,18.641481399536133,16392000
2017-05-25,18.75896372843686,18.79397491821904,18.57379307306408,18.739513397216797,19010000
2017-05-26,18.742623822582452,18.797085339372643,18.54189380813716,18.766742706298828,13120000
2017-05-30,18.711497047281128,18.78074180502407,18.59479361658424,18.658592224121094,29364000
2017-05-31,18.868663289968413,18.897449242037812,18.482762657027358,18.632143020629883,44830000
2017-06-01,18.797083689169973,18.818090696363416,18.191002742719988,18.25168800354004,63774000
2017-06-02,19.337037567908787,19.903440387981714,18.995485160738355,19.80307388305664,108613000
2017-06-05,19.761833779837357,19.978124624757434,19.466184946596083,19.622568130493164,39532000
2017-06-06,19.510534379560116,19.86609240567008,19.49886447840265,19.750944137573242,29653000
2017-06-07,19.736939746259765,19.90577044823684,19.681700631814877,19.783620834350586,29290000
2017-06-08,19.839634329221905,19.925217540412735,19.631123935595664,19.835744857788086,28273000
2017-06-09,19.879315991091346,19.917439047496053,18.785412802859607,18.932458877563477,58191000
2017-06-12,18.703719939142704,18.914564622923773,18.34193822972334,18.88033103942871,54872000
2017-06-13,19.058501278828295,19.28801872105403,18.802530677031125,18.90134048461914,30853000
2017-06-14,18.950350268022206,19.05771806998496,18.48820364509741,18.714609146118164,34509000
2017-06-15,18.388015714310008,18.71227033125452,18.38254637009854,18.595069885253906,27527000
2017-06-16,18.66851628585269,18.707584096191493,18.371608378700717,18.459117889404297,35819000
2017-06-19,19.127939169807746,19.127939169807746,18.779461546549513,18.841968536376953,28519000
2017-06-20,18.908390052868846,19.03731011512593,18.740402176075726,18.751340866088867,24429000
2017-06-21,19.03184077639291,19.21389247036512,18.902138314603036,19.15216636657715,34998000
2017-06-22,19.182639180661326,19.252959754627792,18.99277392900881,19.067781448364258,18666000
2017-06-23,19.028713710025677,19.288899516294848,18.970112739316832,19.163103103637695,34985000
2017-06-26,19.220140320587717,19.36937591427241,18.845879227662763,18.96698570251465,32103000
2017-06-27,18.85838166446976,18.907605764611684,18.379422079352814,18.387235641479492,33582000
2017-06-28,18.485681755848358,18.887289564077797,18.32238234959586,18.834157943725586,24533000
2017-06-29,18.650544700777832,18.671639677086958,18.015315427246513,18.286439895629883,34513000
2017-06-30,18.460680604646605,18.49349667010581,18.19424306463781,18.209089279174805,26534000
2017-07-03,18.32316036377651,18.380198010597685,17.898894338165057,17.952024459838867,21123000
2017-07-05,18.04891209390623,18.15282961786621,17.901238332731438,18.096572875976562,29699000
2017-07-06,17.780132192892136,18.41848505069643,17.7754437584117,18.364572525024414,26334000
2017-07-07,18.384887985659557,18.76696111729583,18.382543768431486,18.72242546081543,24731000
2017-07-10,18.791965102455315,18.90369618840102,18.65913755174699,18.890413284301758,22499000
2017-07-11,18.908387688188345,18.95526756948406,18.70445714946864,18.821659088134766,20502000
2017-07-12,18.986519955563672,19.313120280599566,18.834941625996084,19.253738403320312,27710000
2017-07-13,19.308430306496632,19.5232980222483,19.263894647229172,19.32327651977539,20400000
2017-07-14,19.42641135896953,19.564708249108463,19.365466183674197,19.55611228942871,14417000
2017-07-17,19.595185124512156,19.71785492528393,19.444386200885337,19.45688819885254,18746000
2017-07-18,19.319370729344584,19.606122339302825,19.22561096763851,19.602214813232422,13003000
2017-07-19,19.689729621408567,19.88818936204499,19.576435187999426,19.87725067138672,25526000
2017-07-20,19.8850637528116,19.924130078420077,19.71707587018253,19.80146026611328,12135000
2017-07-21,19.653000835952877,19.80848668217305,19.56939736929223,19.776453018188477,15504000
2017-07-24,19.790516286261788,19.820988131314902,19.665502289385707,19.770200729370117,13638000
2017-07-25,19.75223200686943,19.8780269199451,19.54752056936527,19.86943244934082,16123000
2017-07-26,19.89990787962257,20.17337662149055,19.894438534590908,20.081178665161133,19971000
2017-07-27,20.17493855485189,20.19681742538795,19.451420207562776,19.60768699645996,32010000
2017-07-28,19.449070184172296,19.620964047735033,19.338120007322534,19.56236457824707,31919000
2017-07-31,19.610030933052844,19.724888668009147,19.178732098205767,19.272493362426758,18902000
2017-08-01,19.39515944173377,19.533456348447604,19.295928851603048,19.40766143798828,17582000
2017-08-02,19.892874890468217,20.102274797127972,19.61628251642843,19.795989990234375,36970000
2017-08-03,19.753010137703434,19.76785485933485,19.31702300313501,19.55611228942871,23447000
2017-08-04,19.5912748249112,19.609246165016756,19.386564882882894,19.468605041503906,13454000
2017-08-07,19.48579738849379,19.75926612198535,19.447511974444833,19.724105834960938,18730000
2017-08-08,19.688158373879553,19.868648187248006,19.566269516999565,19.63971519470215,20439000
2017-08-09,19.4967326700927,19.561583887941055,19.339685005140094,19.468605041503906,21256000
2017-08-10,19.272485696592888,19.299051501745737,18.7880554229937,18.807588577270508,29033000
2017-08-11,18.75602054602101,19.16153580919624,18.650541213345445,19.077932357788086,16976000
2017-08-14,19.28812539372544,19.631132396572838,19.22092992813431,19.60456657409668,16736000
2017-08-15,19.777234053939182,19.85067974234421,19.632686894564372,19.82176971435547,20942000
2017-08-16,19.870993090502516,19.903810643123798,19.67487762550319,19.80067253112793,15394000
2017-08-17,19.76785815767038,19.865525444003307,19.271709654549493,19.295148849487305,22793000
2017-08-18,19.324838577947194,19.649094663605506,19.231078823497764,19.48423194885254,20126000
2017-08-21,19.6811244773359,19.6811244773359,19.234981096224995,19.503761291503906,20693000
2017-08-22,19.6764364054735,20.017098946215935,19.611585204746657,19.93896484375,26917000
2017-08-23,19.83974157041721,20.229629797598758,19.79833103540959,20.074142456054688,27928000
2017-08-24,20.210875549488886,20.26478807571729,19.6194025595318,19.928030014038086,52119000
2017-08-25,19.70926017704564,19.877248041520446,19.04746649920941,19.188888549804688,69099000
2017-08-28,19.302180900975902,19.349060779675973,18.947452958472102,19.006053924560547,34174000
2017-08-29,18.85290967676087,19.109970320634645,18.75446149027983,18.88728904724121,33536000
2017-08-30,18.87401024194139,19.24749049281608,18.820878611502923,19.22248649597168,21924000
2017-08-31,19.269364829780606,19.731135435032137,19.185761361101793,19.695194244384766,29491000
2017-09-01,19.715508982329318,19.9506922733724,19.713164764772806,19.746763229370117,23242000
2017-09-05,19.542834318503704,19.746764869730992,19.30061984495489,19.459232330322266,24306000
2017-09-06,19.581117512618285,19.635810948839282,19.353747807512963,19.48501205444336,13996000
2017-09-07,19.517048162092443,19.533456193761552,19.231078971451826,19.26389503479004,16088000
2017-09-08,19.214671866772353,19.252176369672636,18.994334775088973,19.07324981689453,18094000
2017-09-11,19.30530234741997,19.3959369610007,19.221698894647467,19.356870651245117,16878000
2017-09-12,19.506888194483317,19.513139937001778,19.181851233757037,19.30999183654785,18396000
2017-09-13,19.20685374267844,19.370153119411654,19.15450304082873,19.239669799804688,29664000
2017-09-14,19.11309718275232,19.338903603008035,19.005272117127934,19.295148849487305,28645000
2017-09-15,19.348273094224503,19.626428632748325,19.15137528818898,19.57642364501953,50066000
2017-09-18,19.695677030588868,19.835324838767765,19.50425161473557,19.599180221557617,25743000
2017-09-19,19.705094411903787,19.758441724072348,19.482286970674252,19.59447479248047,22088000
2017-09-20,19.59290565270018,19.603889054360245,18.660880224773493,19.057069778442383,57010000
2017-09-21,19.02176627723085,19.040595180057505,18.68598692017873,18.858583450317383,28620000
2017-09-22,18.69854175656281,18.887614918685745,18.68128254947854,18.769149780273438,23100000
2017-09-25,18.608317547314677,18.656958755019065,18.164272372188403,18.476516723632812,38692000
2017-09-26,18.662452525041825,18.82485126911977,18.460827768531527,18.614595413208008,39010000
2017-09-27,18.78954588959641,19.038242142170535,18.717368176475915,18.87427520751953,26489000
2017-09-28,18.790326731046434,19.092371740761838,18.789542629976385,19.05942153930664,21932000
2017-09-29,19.059425753201662,19.1645521821225,18.94723642758446,19.028043746948242,17319000
2017-10-02,19.245359357598353,19.245359357598353,18.809159649296706,18.865646362304688,19431000
2017-10-03,18.835044957199646,18.90329916159204,18.663232546392848,18.78954315185547,25611000
2017-10-04,18.733063629783086,19.011572254500905,18.633427387013096,18.98568344116211,23271000
2017-10-05,19.085313399709847,19.27909263776056,19.01470538631468,19.116695404052734,22811000
2017-10-06,18.852310165326635,19.279880293700796,18.852310165326635,19.279094696044922,17489000
2017-10-09,19.299487315225118,19.397553814289907,19.25163021724706,19.33243751525879,16551000
2017-10-10,19.419525391882964,19.46895070409303,19.067270907450304,19.298707962036133,15348000
2017-10-11,19.237512769489545,19.705094457399284,19.23202106838409,19.644685745239258,26603000
2017-10-12,19.646248958957038,19.713719053853033,19.478358570899175,19.514448165893555,20067000
2017-10-13,19.625070944813523,19.679203853848474,19.414816607252927,19.453258514404297,15257000
2017-10-16,19.501898304022923,19.57172220986309,19.269677179265532,19.352052688598633,14899000
2017-10-17,19.286942544356158,19.294788047233943,19.012355929140327,19.03432273864746,26965000
2017-10-18,19.090020636784615,19.190440953846263,18.813080289590236,19.1425838470459,19905000
2017-10-19,18.893107616924606,19.17161622714984,18.700112441696533,19.165340423583984,25844000
2017-10-20,19.37479772184059,19.377937118138806,19.123747771533242,19.161405563354492,23548000
2017-10-23,19.235153231991823,19.272026926344665,19.041374052339254,19.163761138916016,23418000
2017-10-24,19.226530832281792,19.46738159808073,19.151215213453092,19.431293487548828,22887000
2017-10-25,19.290072160953628,19.529354658633537,19.16062516001061,19.28536605834961,20955000
2017-10-26,19.39912707823757,19.444630388604256,19.123756408691406,19.123756408691406,24446000
2017-10-27,19.187306682332395,19.847882124563654,19.04765883417113,19.840822219848633,44753000
2017-10-30,19.87219798081018,20.570431069130947,19.869844181009213,20.49433135986328,50202000
2017-10-31,20.593972114305043,20.923475727988983,20.49982758337682,20.704591751098633,32845000
2017-11-01,20.73048482107454,20.84031888274309,20.15385300456094,20.34214210510254,27333000
2017-11-02,20.568082753138782,20.761863525862836,19.52465484454573,20.358613967895508,67196000
2017-11-03,20.71400007905304,21.80999087438924,20.17110433135901,21.467151641845703,120503000
2017-11-06,21.833531686206687,22.108118263280097,21.184723801743107,21.7723388671875,78088000
2017-11-07,21.381637624183945,21.535406741770917,20.98937157421636,21.285924911499023,36789000
2017-11-08,21.12980054648709,21.48205494340934,20.965833647750223,21.370651245117188,30254000
2017-11-09,21.07567351833835,21.21375165402043,20.5939704905212,20.840312957763672,30980000
2017-11-10,20.852084556326435,20.918769084152572,20.680272088853382,20.786968231201172,20338000
2017-11-13,20.593970677312104,20.866987553388714,20.51944065546116,20.7908878326416,28064000
2017-11-14,20.656734779708415,20.835608641527042,20.496689824206307,20.653596878051758,19718000
2017-11-15,20.578277912556132,20.947008980328196,20.243282648964485,20.837173461914062,29032000
2017-11-16,20.931317535211907,21.547175139534655,20.877184626531452,21.347904205322266,31000000
2017-11-17,21.321233353137814,21.347907761333232,21.059199864530378,21.32829475402832,24069000
2017-11-20,21.38791425301468,21.711926106612378,21.29141743545528,21.56521987915039,28639000
2017-11-21,21.660935148616563,21.826470298397005,21.567574724748763,21.699377059936523,20903000
2017-11-22,21.733113356001535,21.78724627585108,21.509521771808746,21.603666305541992,18642000
2017-11-24,21.70565107789055,22.201475377945165,21.693097976779466,22.15361976623535,11572000
2017-11-27,21.987296678442718,22.412514444336843,21.948854771783488,22.32935333251953,26230000
2017-11-28,22.348183515159228,22.35132141640022,21.718988676860647,21.762922286987305,26796000
2017-11-29,21.80999055036823,21.820973951264225,20.77990017669063,21.300045013427734,47231000
2017-11-30,21.322013731853332,21.83745101557443,21.189428808083967,21.805286407470703,31452000
2017-12-01,21.591102501120947,21.61463899698309,20.715565505036114,21.30474853515625,47729000
2017-12-04,21.489121858093206,21.536977471864393,20.408820395223408,20.681053161621094,48439000
2017-12-05,20.60652223843013,20.877969395312196,20.433140104873292,20.527284622192383,38117000
2017-12-06,20.306040784857352,20.744594173678934,19.942802992845373,20.703014373779297,48751000
2017-12-07,21.56599985111466,21.629546450687766,20.52884817843909,20.703014373779297,79282000
2017-12-08,20.850507993510725,20.942298698100686,20.342916260818946,20.390771865844727,41848000
2017-12-11,20.3460580658063,20.676345750564618,20.302908555430534,20.3939151763916,34941000
2017-12-12,20.34763178453791,20.46687954118547,20.06206175622383,20.295852661132812,28541000
2017-12-13,20.430003246923043,20.655948603650124,20.411958443739017,20.557096481323242,26943000
2017-12-14,20.58142080986519,20.633199932306212,20.13894521677888,20.34606170654297,37595000
2017-12-15,20.52728558131422,20.868556666835925,20.261328616790443,20.847373962402344,45091000
2017-12-18,20.855268973921262,21.047172603022176,20.73759862909089,20.879749298095703,29786000
2017-12-19,20.79367583225816,20.950832274660105,20.63336068590141,20.825265884399414,19094000
2017-12-20,21.0179574082218,21.03454173136026,20.752606731710046,20.978469848632812,19845000
2017-12-21,21.002944451659847,21.026636979255095,20.617555643070656,20.65388298034668,17758000
2017-12-22,20.67679194647719,20.79920112249341,20.43039650212593,20.71864891052246,14617000
2017-12-26,20.31430226807523,20.718646396368253,20.01104567815167,20.38300895690918,22256000
2017-12-27,20.44144958412435,20.66020445621237,20.414598348817957,20.46356201171875,35615000
2017-12-28,20.545692730539304,20.596234987913068,20.4185447753871,20.566225051879883,13641000
2017-12-29,20.51489280712946,20.6870549200485,20.267706604283838,20.288240432739258,17980000
2018-01-02,20.514896686039048,21.125360953992903,20.34115594195515,21.0866641998291,33135000
2018-01-03,21.108771299425577,21.38043931556093,21.009265385279026,21.3172607421875,31161000
2018-01-04,21.44836101332535,21.461786632327833,21.198805372324983,21.324373245239258,19067000
2018-01-05,21.478373725651306,21.659222696439016,21.27936032532945,21.450733184814453,28633000
2018-01-08,21.395445800213107,21.52417236423555,21.248556317024953,21.502059936523438,20971000
2018-01-09,21.564452062351418,21.62684135146838,21.17985242422266,21.204334259033203,26027000
2018-01-10,21.00532039613543,21.01795671604704,20.590710825031678,20.756555557250977,31607000
2018-01-11,20.81499542322777,20.837107853443538,20.65546960344364,20.809467315673828,17726000
2018-01-12,20.800782491093216,20.95320011302197,20.691798928167252,20.871858596801758,19881000
2018-01-16,20.94214195779175,21.085874260908025,20.664156474430595,20.789724349975586,33528000
2018-01-17,20.965831431778216,21.048753033221058,20.56938483689093,20.991891860961914,37365000
2018-01-18,20.964253143899114,21.32753112969075,20.88685964251225,21.306997299194336,30319000
2018-01-19,21.255665839528064,21.278567567843407,21.012427613397463,21.03769874572754,29963000
2018-01-22,20.979259256630638,21.067708974143397,20.582023320777225,20.69969367980957,27230000
2018-01-23,20.670471227160565,20.881330093324653,20.383798969612364,20.762081146240234,35398000
2018-01-24,20.6096712514204,20.791309559704697,20.217173982849033,20.285091400146484,45405000
2018-01-25,20.354577413994917,20.362474924338965,19.50640468615269,19.529306411743164,59520000
2018-01-26,19.697523210422904,19.81835228246721,19.367415341710267,19.80571746826172,49014000
2018-01-29,19.607491747909837,19.703049677288433,19.229211045524313,19.385578155517578,50401000
2018-01-30,19.052311825229303,19.350831154228068,18.717465145690056,19.030988693237305,46002000
2018-01-31,19.74332729797142,19.991302838113924,19.33740453692661,19.587749481201172,80482000
2018-02-01,19.08942876222735,19.41953661217552,18.80354426578099,18.858036041259766,66851000
2018-02-02,18.698511162243317,18.7924889940311,18.486862962745487,18.596635818481445,58352000
2018-02-05,18.533454262220456,19.269484787346357,17.97432315684829,18.013809204101562,70776000
2018-02-06,17.81796029287373,18.985186443536797,17.761099106031878,18.983606338500977,77744000
2018-02-07,18.855665156832796,19.198409299656344,18.716673181606794,18.74668312072754,40475000
2018-02-08,18.74746885014248,18.8367078450092,18.12515926435755,18.129898071289062,43200000
2018-02-09,18.384197491535037,18.72615239177476,17.867712541007997,18.598215103149414,43282000
2018-02-12,18.78458862254113,19.386365989211086,18.756158788799308,19.301074981689453,35063000
2018-02-13,19.033355122410097,19.42980173170297,18.958331028801794,19.4163761138916,23719000
2018-02-14,19.348459322745697,19.636711699247385,19.228419564230965,19.558528900146484,25491000
2018-02-15,19.686463240508882,19.888635292205212,19.303443771188146,19.887845993041992,25540000
2018-02-16,19.843619657868214,19.93048925451708,19.588535961651697,19.655662536621094,32639000
2018-02-20,19.64461117465459,20.19663415036182,19.547474640480733,19.71331787109375,41693000
2018-02-21,19.93996969544183,20.017363194921636,19.620916575447357,19.634342193603516,28156000
2018-02-22,19.673828887076407,19.9881416791172,19.60670079923604,19.691991806030273,19342000
2018-02-23,19.912326268354764,20.140558731274396,19.766224594581665,20.036314010620117,18280000
2018-02-26,19.898114972111234,20.093969653059077,19.822301568841176,19.976299285888672,28878000
2018-02-27,19.908375317285795,20.19109952364126,19.875995980916592,19.886262893676758,21176000
2018-02-28,20.06554366912307,20.097921516101874,19.425858635958328,19.46376609802246,28834000
2018-03-01,19.416375275370733,19.673828393959845,19.057046831950203,19.21499252319336,26044000
2018-03-02,18.98755091136622,19.83651453228998,18.97175739534382,19.81203269958496,27402000
2018-03-05,19.735427483367918,19.849149830658426,19.223679933152944,19.504825592041016,25900000
2018-03-06,19.6888366049309,19.845993028903667,19.531680180958126,19.819143295288086,30030000
2018-03-07,19.63987086683676,19.695942745022453,19.295548111629504,19.51035499572754,31549000
2018-03-08,19.605910182783777,19.60906888559413,19.42111175856561,19.50245475769043,33554000
2018-03-09,19.631187515310362,20.081335193404218,19.55616340439356,20.04184913635254,30782000
2018-03-12,20.58439186696629,20.872644242416353,20.50304885868863,20.757343292236328,53881000
2018-03-13,21.040854865691507,21.62683717685007,20.55122127658709,20.629404067993164,66855000
2018-03-14,20.691003814906622,20.71785354211943,20.150035661652627,20.57965087890625,39619000
2018-03-15,20.827626991530188,21.235919093917865,20.80946407313815,21.145889282226562,57990000
2018-03-16,20.76997665777242,20.81736172084621,20.09159662213442,20.1279239654541,113955000
2018-03-19,19.98814236034965,20.2558624090616,19.17234890798906,19.344511032104492,71267000
2018-03-20,19.356361631505294,19.589332994407958,19.054683562003984,19.13997459411621,61918000
2018-03-21,19.277799466545886,20.079905469686288,19.23613156268009,19.712106704711914,54912000
2018-03-22,19.393983526726736,19.769796976892543,19.351514766702998,19.517385482788086,43078000
2018-03-23,19.50215792199568,19.64959803424673,19.264171188444504,19.43004035949707,59070000
2018-03-26,19.84592074301639,19.938871497798605,19.272186691062227,19.85072898864746,48713000
2018-03-27,19.87877393599739,20.373178033466697,19.359527746312786,19.58148956298828,63917000
2018-03-28,19.558251336045135,19.78662311703377,18.878743574723487,18.96528434753418,41744000
2018-03-29,19.078265601594417,19.298624111372035,18.81143096197939,18.882747650146484,46874000
2018-04-02,18.74653481908945,18.92041728290998,18.0646242539111,18.244115829467773,53088000
2018-04-03,18.498929093222035,18.989327401953215,18.206452927773924,18.97330093383789,45569000
2018-04-04,18.434019821596998,19.064647347087796,18.389949332890755,18.99012565612793,37720000
2018-04-05,19.29221112678857,19.365930397291063,18.83065947237367,18.935630798339844,35798000
2018-04-06,18.728896462397596,18.95406322148082,18.25051739847057,18.339462280273438,30248000
2018-04-09,18.428409100071885,19.204072559000117,18.370716273221582,18.809831619262695,37494000
2018-04-10,19.196060943721722,19.3563225455934,19.043814103148325,19.211286544799805,33244000
2018-04-11,19.08067715901581,19.28901666730333,18.997341355700804,19.2569637298584,19922000
2018-04-12,19.345904215209387,19.442862341903435,18.998938735808668,19.185644149780273,41036000
2018-04-13,20.03262706182732,20.1928886896692,19.623961286361865,19.78742790222168,48312000
2018-04-16,19.95971076988341,20.023815122260206,19.686466025191137,19.982147216796875,25172000
2018-04-17,20.103936487677636,20.26099154219119,20.00377338868386,20.172046661376953,25084000
2018-04-18,20.112749967441804,20.166436934460883,19.82908800642016,19.999765396118164,20511000
2018-04-19,19.514976726678597,19.73453437135844,19.284200863962834,19.460487365722656,50141000
2018-04-20,19.32907851379044,19.35952818860973,18.831467889050696,19.00054359436035,41530000
2018-04-23,19.070257618293486,19.096701441495007,18.599891666551983,18.706464767456055,31337000
2018-04-24,18.88996448051505,18.920414157534047,18.16478439960486,18.301006317138672,44889000
2018-04-25,18.34988021850586,18.518155026797555,18.098271163276312,18.34988021850586,34023000
2018-04-26,18.510146875674355,18.580661193991926,18.293794146359513,18.46367073059082,32751000
2018-04-27,18.716085930334494,18.766567938099524,18.486110811036536,18.652782440185547,27211000
2018-04-30,18.636747705075546,18.76014964214858,18.295392891071334,18.383535385131836,39682000
2018-05-01,18.498124992929785,18.498124992929785,18.138339528640486,18.460464477539062,44947000
2018-05-02,18.69444462392179,18.70566284443497,18.173596706479785,18.329050064086914,52950000
2018-05-03,18.148753030850816,18.26013435209596,17.843455478240863,18.04939079284668,58011000
2018-05-04,17.92118672906655,18.59748806119375,17.787368936403226,18.471683502197266,51303000
2018-05-07,18.534181791356378,18.982913638852082,18.510143622347268,18.90839195251465,36953000
2018-05-08,18.88996130063365,19.147981882809017,18.816242007650867,19.13916778564453,40149000
2018-05-09,18.894775462242368,19.16161022513555,18.75454767169863,19.075069427490234,35031000
2018-05-10,19.209679816950892,19.530201434429333,19.119934069730455,19.5125732421875,25747000
2018-05-11,19.478119043592027,19.591904492979562,19.35952534931506,19.50215721130371,24052000
2018-05-14,19.734540175329638,19.90601848311547,19.535815650685084,19.612741470336914,27580000
2018-05-15,19.416422551837965,19.587099994379702,19.11112492521844,19.357927322387695,24984000
2018-05-16,19.40279907478522,19.408408185112307,19.150387581698524,19.272186279296875,29330000
2018-05-17,19.080677024972925,19.364339100221475,19.071060532459732,19.1872501373291,22825000
2018-05-18,19.22010034768719,19.280999694329548,18.901180406769125,18.909996032714844,25262000
2018-05-21,19.18804750398824,19.27138329152448,18.96448396260155,19.155195236206055,25720000
2018-05-22,19.250550710503806,19.341097340572183,19.037402989621256,19.110322952270508,19218000
2018-05-23,18.92922434212452,19.281798913726938,18.913199406244946,19.27618980407715,23454000
2018-05-24,19.300236316462982,19.580693426365592,19.23132371855671,19.514184951782227,22799000
2018-05-25,19.55504789438869,20.087115621162457,19.55504789438869,20.035030364990234,32214000
2018-05-29,19.923645334543586,20.121567437424428,19.91002299226313,20.007781982421875,28281000
2018-05-30,20.127178544557868,20.195288734351106,19.978937550961792,19.984546661376953,26844000
2018-05-31,19.973323389973594,20.4565091566754,19.95248868320398,20.198490142822266,34698000
2018-06-01,20.382797631153604,20.649632370709664,20.23615834846117,20.5406551361084,26360000
2018-06-04,20.673666926202042,20.782645670095082,20.531835914554303,20.70331573486328,25886000
2018-06-05,20.790662163287795,20.942109700570438,20.676878204546657,20.77463722229004,42374000
2018-06-06,20.893226983382515,21.136824398470747,20.810693579702225,21.115989685058594,37465000
2018-06-07,21.07432032808758,21.35317564668375,21.067910352881956,21.208940505981445,46077000
2018-06-08,20.572705156814717,20.828321656863892,20.332314259304823,20.671266555786133,73694000
2018-06-11,20.66244813066522,20.978163076520477,20.539047710815517,20.900436401367188,31859000
2018-06-12,20.86037053419278,20.9725527274282,20.705718057774437,20.94851303100586,27594000
2018-06-13,20.974957440949137,21.320319655599477,20.89081926528393,21.12079429626465,34868000
2018-06-14,21.23457925791451,21.560710012993532,21.162461696655946,21.511831283569336,37042000
2018-06-15,21.638443752672323,21.78027479903107,21.341159313634336,21.653669357299805,60969000
2018-06-18,21.555101516453675,21.555101516453675,21.172879653604923,21.194515228271484,30191000
2018-06-19,20.78849040519124,21.205072654002947,20.638261515917765,21.190454483032227,36221000
2018-06-20,21.235112947906927,21.439750260109882,21.173396957700685,21.21237564086914,24951000
2018-06-21,21.241616749062974,21.322008951767167,20.986632024290646,21.084890365600586,18186000
2018-06-22,21.20913646009706,21.235121743351336,21.028861137421284,21.089765548706055,52412000
2018-06-25,20.822599746787734,20.822599746787734,20.33618072591476,20.497779846191406,29705000
2018-06-26,20.5448745922012,20.6756156860666,20.345923110676154,20.426315307617188,24233000
2018-06-27,20.470982247804365,20.72028267399452,20.045467618518632,20.06658172607422,24720000
2018-06-28,19.999175001742408,20.08362830729922,19.673542038380624,19.88711166381836,33238000
2018-06-29,20.053585850216944,20.053585850216944,19.697907971980158,19.70359230041504,42794000
2018-07-02,19.496516627700167,19.669482811834825,19.279699032703252,19.655677795410156,33369000
2018-07-03,19.762057034107677,19.76449339572381,19.408002423915644,19.43155288696289,11591000
2018-07-05,19.63457072863661,19.944774010578517,19.544433069004043,19.92772102355957,25299000
2018-07-06,19.887115519922016,20.187574870721217,19.848136825358914,20.112865447998047,23112000
2018-07-09,20.220057130382454,20.238734874246003,19.938275507892392,20.092565536499023,17955000
2018-07-10,20.16646349024601,20.44743353172202,20.061709202495205,20.346738815307617,16413000
2018-07-11,19.89117700923791,20.101497164729015,19.701156256927202,19.768556594848633,35761000
2018-07-12,16.81593787272916,17.075793722636217,16.03474556567928,17.05143165588379,435083000
2018-07-13,17.256069393159603,17.377876632044583,16.395296482994244,16.440771102905273,161678000
2018-07-16,16.37094139213881,16.759102133026815,16.284051685410923,16.50493049621582,102277000
2018-07-17,16.420473244915502,16.979163750201433,16.404231863644043,16.915822982788086,110827000
2018-07-18,16.82730905077526,17.043315071554716,16.7793980631818,16.953989028930664,80834000
2018-07-19,16.914198452525323,17.173242732772326,16.89389750195373,17.083105087280273,63247000
2018-07-20,17.061179130941053,17.151316775121696,16.95236374514287,17.079856872558594,62893000
2018-07-23,17.08635442402964,17.75467193099604,17.085542819623385,17.598758697509766,82211000
2018-07-24,17.686458648618537,17.896778789798752,17.540289325667953,17.64910316467285,81158000
2018-07-25,17.679151136103894,18.567534260276858,17.679151136103894,18.349905014038086,92271000
2018-07-26,18.39294230824656,18.658482531721333,17.992601413235896,18.123342514038086,85069000
2018-07-27,18.190743082266504,18.619507209852937,17.870795905994846,17.950376510620117,79443000
2018-07-30,17.95524618809089,18.516372994103598,17.950373464469532,18.286561965942383,75275000
2018-07-31,18.407556648873967,18.58296075031441,17.990162820582036,18.008840560913086,63860000
2018-08-01,18.12983574840982,18.185054266031614,17.556528726386492,17.60525131225586,42669000
2018-08-02,17.399807475805865,17.723815787212715,17.31697890063244,17.568714141845703,40312000
2018-08-03,17.51998734271403,17.70269743677358,17.4103603569604,17.68726921081543,24832000
2018-08-06,17.591448269185605,17.72787214447019,17.528920659680168,17.617433547973633,22638000
2018-08-07,17.801768794742042,18.014525283786156,17.632862170372753,17.890281677246094,29798000
2018-08-08,17.908965215084336,17.964995357717378,17.779848843275744,17.82126235961914,15801000
2018-08-09,17.877287793342347,17.885408482630393,17.53541498329006,17.587387084960938,27563000
2018-08-10,17.281239764400976,17.41685199398332,17.09040747897928,17.234140396118164,37017000
2018-08-13,17.18705011358573,17.376257724922574,17.08960336903758,17.140762329101562,29842000
2018-08-14,17.18136380910019,17.18136380910019,16.796451148473288,16.833805084228516,36327000
2018-08-15,16.657591438470867,16.856542933281663,16.465947480853664,16.775339126586914,41132000
2018-08-16,16.87197599523288,16.960488905220526,16.784274689788486,16.946683883666992,29239000
2018-08-17,16.88821236154707,17.14969144224087,16.688447733940844,16.993778228759766,39093000
2018-08-20,17.010832083492176,17.053058742312523,16.71687022930035,16.786706924438477,54489000
2018-08-21,16.851673757594316,17.169996187061233,16.81837938749009,17.0944766998291,29952000
2018-08-22,17.089605213027422,17.19192314419562,16.844365890721694,16.85329818725586,26890000
2018-08-23,16.868723739332832,16.97835073048163,16.669770707500593,16.694944381713867,35578000
2018-08-24,16.75666415957909,16.993782783862496,16.621051859342902,16.97185707092285,20541000
2018-08-27,17.073362177713605,17.407927530729268,16.941811007181943,17.294240951538086,28213000
2018-08-28,17.429032031856757,17.537035781024933,17.261750207110083,17.412792205810547,24340000
2018-08-29,17.443656310965228,17.524048511867903,17.33321616197547,17.45827293395996,18125000
2018-08-30,17.456641790463948,17.616616078240696,17.427408555168423,17.593067169189453,26529000
2018-08-31,17.542726200699654,17.809889631094602,17.528108028886404,17.786340713500977,27623000
2018-09-04,17.750603674388287,17.88865226225259,17.632044426481755,17.818817138671875,36663000
2018-09-05,17.861050171605836,18.011279069848168,17.83100377241205,17.98042106628418,37194000
2018-09-06,17.986914763801206,18.09410538415311,17.371381075478663,17.537851333618164,62509000
2018-09-07,18.206167727892133,19.116476346616196,18.189926350218588,18.88666534423828,104703000
2018-09-10,19.055569307038336,19.56634863765431,18.843624469095847,19.538740158081055,60880000
2018-09-11,19.30244053055839,19.464849699337375,18.709644044231467,18.884233474731445,60755000
2018-09-12,18.52287231673748,18.746185904657256,18.09492288562306,18.668230056762695,53077000
2018-09-13,18.976809290745003,19.425874394539107,18.768112319677908,19.117294311523438,43757000
2018-09-14,19.096175567365425,19.25290037159454,18.976803144161437,19.191997528076172,28095000
2018-09-17,19.489210033743902,19.513572103876854,19.02715314760606,19.069379806518555,36739000
2018-09-18,19.226461950570126,19.75007573412178,19.215825635962542,19.613445281982422,50511000
2018-09-19,19.67399080718114,19.83925630359903,19.616719179662088,19.781986236572266,31160000
2018-09-20,19.88016620695341,20.129701447637082,19.77626237183771,20.03888702392578,39986000
2018-09-21,20.15342661134526,20.353055734592797,20.059339837419788,20.29823875427246,135321000
2018-09-24,20.29414555294452,20.46186569964273,20.23360313506335,20.4086856842041,45326000
2018-09-25,20.370232065938808,20.400502492361603,20.110060575325626,20.261417388916016,47037000
2018-09-26,20.09696731710127,20.294141717784655,20.028243251332906,20.07978630065918,33428000
2018-09-27,20.101064866561078,20.280239045468317,20.037248529139468,20.163244247436523,29572000
2018-09-28,20.08879048814882,20.205785270653912,19.950523075828873,20.18614959716797,26739000
2018-10-01,20.280237090913918,20.628768357338185,20.263056071050965,20.41359519958496,27709000
2018-10-02,20.383326167986496,20.593590047578918,20.283512386608976,20.29823875427246,24888000
2018-10-03,20.356321018703575,20.562493215384947,20.21150892606178,20.406227111816406,19607000
2018-10-04,20.180427008337134,20.431597647568317,20.142792609455835,20.303966522216797,25660000
2018-10-05,20.321968578552863,20.45777981772358,19.831897410229796,19.981618881225586,33860000
2018-10-08,19.906348087208933,20.078977587149588,19.666631447544443,19.74762725830078,33397000
2018-10-09,19.683809192731665,20.104336925274286,19.665810473449085,20.02006721496582,24675000
2018-10-10,19.875256136735775,20.050340271755108,18.951567868809637,18.967113494873047,56327000
2018-10-11,18.978570141271547,19.27555686884912,18.587495067193615,18.727397918701172,37424000
2018-10-12,19.206828915522305,19.281280007016264,18.74457518096739,19.058744430541992,32589000
2018-10-15,18.90166153037209,19.253465192274405,18.82066416929333,19.019474029541016,30099000
2018-10-16,19.308274581012135,19.53408245077257,19.159370876594046,19.498085021972656,30355000
2018-10-17,19.614270510665893,19.614270510665893,19.138108027979527,19.40400505065918,20262000
2018-10-18,19.26164401367377,19.375366454550296,18.53349331286637,18.655397415161133,37442000
2018-10-19,18.817394087753748,18.906571561065203,18.566223433225627,18.676671981811523,32231000
2018-10-22,18.863203806974028,19.0161975756325,18.657031587770444,18.704483032226562,25619000
2018-10-23,18.229147145323005,18.77976076556405,17.902706109200036,18.73967170715332,35990000
2018-10-24,18.522858125305497,18.523677383841875,17.822524718560366,17.89370346069336,37810000
2018-10-25,17.98942752055972,18.276597149015455,17.929702791909335,18.182510375976562,35193000
2018-10-26,17.636802840419584,17.7816149675711,17.11564365856505,17.438812255859375,53324000
2018-10-29,17.687528779489085,17.892065636003526,17.036283815349204,17.303817749023438,28636000
2018-10-30,17.490356494701672,18.12687511443748,17.262911602219926,18.081876754760742,29697000
2018-10-31,18.40831810159889,18.46313352026233,18.139147196577824,18.284778594970703,28146000
2018-11-01,18.421403905830285,19.163463116985916,18.303589879085695,18.80756950378418,36830000
2018-11-02,18.435314931875627,18.487675687916678,17.815158157153387,18.062238693237305,40241000
2018-11-05,17.919063097236258,18.08923789098099,17.484626754444275,18.00660514831543,27609000
2018-11-06,18.023788061336443,18.748666406736575,17.97633504949996,18.67421531677246,29464000
2018-11-07,18.980199455417747,19.250188012376316,18.752754597146357,19.1773738861084,29004000
2018-11-08,19.03910955735398,19.84989305739118,19.03910955735398,19.65599250793457,29796000
2018-11-09,19.22646131563559,19.555356875776695,19.025196845094133,19.552902221679688,33611000
2018-11-12,18.89920649756086,18.97038523866399,18.02215201499278,18.296232223510742,50306000
2018-11-13,18.448408812507786,18.80266716130408,18.18905650271779,18.394411087036133,26697000
2018-11-14,18.552308663808372,18.860749297100394,18.45903960943496,18.506492614746094,25411000
2018-11-15,18.508129812711264,19.579084745301476,18.478677081301054,19.336095809936523,36694000
2018-11-16,19.129924776801833,19.570088218194723,18.952387543707324,19.44000244140625,36005000
2018-11-19,19.351640911861516,19.723897927205257,18.697941295135596,18.746212005615234,35326000
2018-11-20,18.321595027660987,18.742124368118915,18.210327225881027,18.630037307739258,32123000
2018-11-21,18.83538916060048,19.08819672293422,18.613671287253965,18.81739044189453,19926000
2018-11-23,18.61939932671175,19.037472414507842,18.61939932671175,18.8092098236084,8066000
2018-11-26,19.16264978205418,19.48418143411701,18.94420425649416,19.251827239990234,28714000
2018-11-27,19.110287170642913,19.502179857605604,19.015382707117425,19.294370651245117,30406000
2018-11-28,19.349193719153643,19.4719155679298,18.9499384713493,19.244470596313477,31080000
2018-11-29,19.166736097700017,19.523448980919042,19.043195061177496,19.29027557373047,17920000
2018-11-30,19.25919114334519,19.494816128760398,19.094743336061292,19.42363739013672,40083000
2018-12-03,20.06097532141151,20.211514460740002,19.755805431736285,19.804895401000977,35241000
2018-12-04,19.67562896396127,19.727991290084795,18.946660493529347,18.984294891357422,36455000
2018-12-06,18.509764397663446,18.592397135109078,17.803702587805866,18.59157943725586,57859000
2018-12-07,19.14874202341747,19.49481711604953,18.367411254994767,18.6995792388916,78396000
2018-12-10,18.64966723744693,19.6617150193827,18.53185320564556,19.574172973632812,43344000
2018-12-11,19.918615210548392,20.481500342238714,19.915341297969626,20.195148468017578,57730000
2018-12-12,20.65331103673096,21.287374913446424,20.617313602403904,20.861120223999023,68703000
2018-12-13,21.145834803428695,21.394550711102195,20.828393264478027,21.13274383544922,54355000
2018-12-14,20.89220591698166,21.401912511472098,20.8324812099997,20.848844528198242,42727000
2018-12-17,20.780129998996482,21.379831997759084,20.705678895671856,20.791584014892578,56238000
2018-12-18,21.089211715236694,21.131377403333122,20.570828742180026,20.641929626464844,51849000
2018-12-19,20.58654300330082,21.159494443236095,20.05079779973843,20.164064407348633,59728000
2018-12-20,20.206226878030606,20.545201908952652,19.714298506692046,19.998706817626953,75365000
2018-12-21,19.99870979731247,20.813077568928282,19.99870979731247,20.248394012451172,102138000
2018-12-24,20.007808719189466,20.148359500243398,19.305881128691347,19.329856872558594,28494000
2018-12-26,19.65890810467249,20.54520466012067,19.305051480358088,20.515439987182617,36741000
2018-12-27,20.255833476026485,20.770909715795934,20.019378204333137,20.739492416381836,37507000
2018-12-28,20.917243135668834,21.33558843992424,20.76511771384285,20.966022491455078,28702000
2018-12-31,21.316581138899448,21.37197418273023,20.74776284433275,21.0230770111084,26590000
2019-01-02,20.574139635746867,21.057798576475168,20.379022168793952,20.959413528442383,30346000
2019-01-03,20.219457212399046,20.383157396603096,19.04296651190624,19.09505271911621,68580000
2019-01-04,19.37036643008027,19.54894815834541,19.153752152124206,19.28272819519043,54248000
2019-01-07,19.317450429129153,19.8622913288203,19.07851464138508,19.67544174194336,53433000
2019-01-08,19.851546405811305,19.999538735037635,19.29430438276651,19.517532348632812,36795000
2019-01-09,19.711822493951615,20.394733752947015,19.664697324659876,20.361663818359375,52971000
2019-01-10,20.302959729894752,20.716344108807082,20.202922047439916,20.629533767700195,29594000
2019-01-11,20.622096402367546,20.91063792811485,20.61300063286493,20.716346740722656,20158000
2019-01-14,20.51295869820206,20.799847535246524,20.330242262190733,20.741146087646484,25498000
2019-01-15,20.897403946571536,21.679527971868787,20.835397243037473,21.20578956604004,39247000
2019-01-16,21.264494738535387,21.276897343884592,20.781662021912172,20.809772491455078,24484000
2019-01-17,20.674178707787526,21.276893170639127,20.563391057704482,21.109886169433594,35154000
2019-01-18,21.424059206388243,21.656381344092374,21.247958000999926,21.563783645629883,34634000
2019-01-22,21.330627411880155,21.451335541389856,21.074329609498818,21.354604721069336,37156000
2019-01-23,21.457953950342045,21.571220536399792,20.970986634790105,21.29094696044922,31771000
2019-01-24,21.58609872789305,22.05404969884129,21.49598157713237,21.78948402404785,35999000
2019-01-25,21.923423854432563,22.18302852217216,21.57121992719363,22.15243911743164,30333000
2019-01-28,21.624961306384236,22.227675738614252,21.384371322196472,22.1259822845459,31320000
2019-01-29,22.103660891927632,22.124329793285604,21.812637336147212,22.018503189086914,27870000
2019-01-30,22.32276067895468,22.63279902171794,22.105320050867622,22.39055633544922,28727000
2019-01-31,22.369054721116612,22.405433062738535,22.020985474313587,22.178071975708008,21063000
2019-02-01,22.252480106793747,22.289683184082893,21.90027615192353,22.05901527404785,22878000
2019-02-04,22.116060783946082,22.499682007389413,21.905235477801433,22.498027801513672,20761000
2019-02-05,22.484799857768746,22.705547254843015,22.31531234489133,22.32275390625,22619000
2019-02-06,22.593107318093054,23.14952291425135,22.55011530912012,22.836177825927734,27064000
2019-02-07,22.559211354760638,22.70058999575476,22.01685094548686,22.247520446777344,28646000
2019-02-08,22.10201059408235,22.677442560486078,22.07968748281665,22.65842628479004,23903000
2019-02-11,22.686534202103477,22.818817071636985,22.593934931881066,22.79566764831543,18012000
2019-02-12,23.037908280627413,23.181765849345425,22.90645173706011,23.099088668823242,19809000
2019-02-13,23.14952590873989,23.32810763774742,22.981692577599972,23.25865936279297,19190000
2019-02-14,23.19912928032308,23.384326238666844,23.06271326483067,23.27353858947754,16015000
2019-02-15,23.487669442567533,23.487669442567533,23.049481517669726,23.3090877532959,17352000
2019-02-19,23.24459845528114,23.383496548220112,23.161921281830594,23.28676414489746,15152000
2019-02-20,23.41822593070311,23.697673231180573,23.338029259466985,23.432279586791992,16150000
2019-02-21,23.417396030190698,23.426490220912374,23.061058924417214,23.22723960876465,13254000
2019-02-22,23.14539325828261,23.149526408432124,22.708031541068554,22.860157012939453,27225000
2019-02-25,23.214007738545167,23.218142464579334,23.023851341307964,23.03377342224121,19245000
2019-02-26,22.978383849218318,22.98499909693465,22.69066867011451,22.736141204833984,27211000
2019-02-27,22.58897701618072,22.744409319691727,22.28803291543255,22.445945739746094,29146000
2019-02-28,22.3202754873303,22.79484025268181,22.2094894095775,22.76590347290039,31460000
2019-03-01,22.96184924126294,22.997399692208756,22.41618198874427,22.55011749267578,19035000
2019-03-04,22.736144974314385,22.8667752439637,22.393863012186713,22.72705078125,17382000
2019-03-05,22.777476078723172,23.185900947040874,22.69727941733388,22.902318954467773,21699000
2019-03-06,22.873380467822205,22.895703573331446,22.362437446061147,22.43436622619629,19973000
2019-03-07,22.337640259941107,22.35004286487507,21.83331233915848,21.951539993286133,25411000
2019-03-08,21.624964722364737,21.889530484538184,21.429847236221374,21.842405319213867,22167000
2019-03-11,21.90027846390785,22.368229580463872,21.830830189205404,22.245040893554688,27161000
2019-03-12,22.30291224564042,22.325235353707267,21.849016407316523,22.292163848876953,23324000
2019-03-13,22.36492078486132,22.57740031732744,22.241732108749037,22.422794342041016,32089000
2019-03-14,22.495551760877063,22.509606994343766,22.148308805126874,22.173938751220703,43094000
2019-03-15,23.68362075595286,24.765861209419583,23.43889756376957,24.000272750854492,144066000
2019-03-18,23.995311965117516,24.553380285734203,23.993657758862742,24.29377555847168,56746000
2019-03-19,24.320230142011795,24.884085780212242,24.316095415128324,24.746015548706055,51556000
2019-03-20,24.857792425673484,24.94120815683804,24.21465966812091,24.27638816833496,41263000
2019-03-21,24.347286187048987,24.972067977513046,24.273881183976247,24.7576904296875,27379000
2019-03-22,24.68428812363335,24.727664176398342,24.30725073845408,24.41152000427246,23307000
2019-03-25,24.373978082370943,24.539140527886527,24.107049070348477,24.370641708374023,23878000
2019-03-26,24.554996225171223,24.980415037488548,24.54331811784959,24.776880264282227,28009000
2019-03-27,24.82192200956611,24.914513159913838,24.395669557837287,24.688457489013672,21862000
2019-03-28,24.783550894532574,25.29989180926298,24.663431873473712,24.947044372558594,33030000
2019-03-29,25.126381758754093,25.247334447431445,24.881140007873878,25.083839416503906,24493000
2019-04-01,25.28404586863594,25.58767664038189,25.00376971907852,25.507598876953125,27040000
2019-04-02,25.53845846846123,25.637723953711316,25.242334177366097,25.279037475585938,22857000
2019-04-03,25.543466421855005,25.64189663029457,25.176438175414344,25.374967575073242,22266000
2019-04-04,25.420845988251667,25.5251152485882,25.163926059839742,25.19145393371582,15228000
2019-04-05,25.358281362992837,25.39498466096574,25.174768055173324,25.381637573242188,18875000
2019-04-08,25.36996720545472,25.466730041160616,25.191459199967948,25.39832878112793,13899000
2019-04-09,25.239833317715576,25.367458788354007,25.048811959684862,25.31240463256836,11621000
2019-04-10,25.32492015498602,25.672762278016055,25.274869761137662,25.651073455810547,14992000
2019-04-11,25.70445592275651,25.87462214209092,25.544297234880606,25.809558868408203,16669000
2019-04-12,25.971386143588116,26.479385328648988,25.906321275887294,26.4451847076416,30087000
2019-04-15,26.445179180325994,26.486054132440536,26.123196056501296,26.392627716064453,16216000
2019-04-16,26.692932863185376,26.69376655912279,26.367613253042595,26.56781005859375,21116000
2019-04-17,26.71294566069306,26.77133936689719,26.512750487017133,26.737138748168945,18138000
2019-04-18,26.779679852032025,26.897294597634804,26.53944341309079,26.57781410217285,26548000
2019-04-22,26.4693762329802,26.51692235129234,26.209119943953866,26.27585220336914,13504000
2019-04-23,26.422667247100946,26.53360926494042,26.208289656856767,26.329240798950195,19777000
2019-04-24,26.240820423194183,26.443519899528567,26.124873051588203,26.219966888427734,23335000
2019-04-25,26.10485164222242,26.10485164222242,25.572660939118265,26.010591506958008,26732000
2019-04-26,25.78787570599302,25.938022113011662,25.4508764063158,25.89297866821289,16404000
2019-04-29,25.962212841659927,26.248326452527213,25.895480576850908,26.08566665649414,13404000
2019-04-30,26.135717506263603,26.561134707485216,26.069818936191133,26.559467315673828,18953000
2019-05-01,26.734637927896276,26.95985991387159,26.583656241371223,26.601173400878906,18158000
2019-05-02,26.691262268103063,26.875612475617263,26.211624614302067,26.344255447387695,20428000
2019-05-03,26.271686795139217,26.41349307043802,25.916336615409147,26.335081100463867,19214000
2019-05-06,25.591015746532523,26.01977092647314,25.470896709501915,25.9897403717041,14371000
2019-05-07,25.746167551292668,25.8270806053616,25.335763227376486,25.632722854614258,21734000
2019-05-08,25.46672315706043,25.663583559427227,25.284043538696924,25.30739974975586,15099000
2019-05-09,25.024616565278265,25.5125958246105,24.761857645856608,25.363283157348633,22282000
2019-05-10,25.294049124172147,25.47506132558674,24.746010345725384,25.354942321777344,21025000
2019-05-13,24.509115411136843,24.664268758972085,24.040320584134086,24.472412109375,37864000
2019-05-14,24.665102274778835,25.408332595115883,24.647585115411385,25.19145393371582,34277000
2019-05-15,25.047143774880155,25.672759306364096,24.908673898435374,25.38914680480957,18166000
2019-05-16,25.003768964559935,25.28320981876828,24.58252026153022,24.798566818237305,34233000
2019-05-17,24.422363653484663,24.48826222200014,24.057838082445894,24.181293487548828,39094000
2019-05-20,23.18948293806531,23.35214432117983,22.408715617819848,22.73820686340332,65162000
2019-05-21,23.113576389083647,23.33796468920488,22.910043214946143,22.966766357421875,25060000
2019-05-22,22.562200968343145,22.944243708897506,22.436242881337233,22.45709800720215,31809000
2019-05-23,22.070045493645633,22.145953172616313,21.53535218482154,21.695510864257812,46607000
2019-05-24,21.913227162797003,22.166809114450114,21.332655068734407,21.34933853149414,27963000
2019-05-28,21.40189222946917,21.49865505070464,20.861361344519057,21.227554321289062,61965000
2019-05-29,21.082411348662692,21.385208428415815,20.985650119972796,21.197525024414062,28132000
2019-05-30,21.242566105068825,21.466119091392713,21.197522665888307,21.40606117248535,17310000
2019-05-31,21.107434732908057,21.33265511657926,20.9372669126268,20.990652084350586,22192000
2019-06-03,21.06656085250977,21.54870276953785,20.953951450408344,21.11911392211914,28911000
2019-06-04,21.43442202230098,22.18849832385148,21.33432442603012,22.16347312927246,36805000
2019-06-05,22.439573686155917,22.648112164860937,21.888198533956068,22.165138244628906,23651000
2019-06-06,22.273580044537663,22.939235223029534,22.128437425321014,22.754886627197266,32687000
2019-06-07,22.920889779016314,23.178643441083228,22.79576537545105,22.928396224975586,25963000
2019-06-10,23.083541772017046,23.75420064730741,23.082708076309174,23.37382698059082,23280000
2019-06-11,24.231342941705208,24.33644590299245,23.307100338854283,23.6466007232666,37105000
2019-06-12,23.49561782802374,23.619906926003466,23.14026769340248,23.333791732788086,27057000
2019-06-13,23.48310558533254,23.59738396668774,23.140267259221716,23.490612030029297,37735000
2019-06-14,21.530347318684946,22.36283224860508,21.476960564594616,22.182655334472656,100797000
2019-06-17,22.091733070664958,22.413717826128646,21.799780454605806,22.185993194580078,35785000
2019-06-18,22.367844485078567,23.6082313269609,22.22687190867559,23.19365692138672,54920000
2019-06-19,23.254543941257843,23.27873384567099,22.831627915759558,23.14693832397461,28920000
2019-06-20,23.565685359061302,23.81092716902258,23.119413074313705,23.277069091796875,57291000
2019-06-21,23.29475107507927,23.6644564804654,23.07158145093148,23.074108123779297,45399000
2019-06-24,23.202964646371555,23.533929982744354,23.159172717591282,23.512876510620117,20506000
2019-06-25,23.509500498891622,23.82278062399946,23.245064027713997,23.28632926940918,24436000
2019-06-26,23.46065852982768,23.919631204811743,23.42023497131531,23.701513290405273,24774000
2019-06-27,23.826989642233077,24.291857267218226,23.76803929950828,24.061107635498047,21813000
2019-06-28,24.242176055908203,24.363446737871094,23.98616284889224,24.242176055908203,49265000
2019-07-01,25.406025358185687,25.74878227157113,24.95547444264701,25.29401969909668,44832000
2019-07-02,25.17022307001438,25.320967293625706,24.750830720679573,24.871259689331055,19011000
2019-07-03,23.89183079801275,24.31964312910407,23.83456384689024,23.992046356201172,49411000
2019-07-05,23.887628620585964,24.038374468263733,23.746147776418184,23.804256439208984,24565000
2019-07-08,23.580245956127513,23.680461564533772,23.1077981914521,23.15580177307129,34291000
2019-07-09,23.028634425551566,23.241698994195875,22.941050583945024,23.20380210876465,26131000
2019-07-10,23.40001752140597,23.479179635026966,23.074947360416395,23.117055892944336,30134000
2019-07-11,23.179384636666047,23.365500736644076,22.98653181107519,23.248441696166992,20712000
2019-07-12,23.275384764718936,24.079639424312003,23.275384764718936,24.034162521362305,21971000
2019-07-15,24.515029304164383,24.80051763148696,24.192484179784802,24.282594680786133,30334000
2019-07-16,24.168909589234783,24.236281656668837,23.781520603058162,23.928054809570312,14617000
2019-07-17,24.04848019897824,24.194172704332907,23.848890686670362,24.008056640625,15453000
2019-07-18,24.100692654941426,24.447659639929366,23.900259857144224,24.403867721557617,19357000
2019-07-19,24.576509920056385,24.688515591366265,24.382813836788863,24.422395706176758,22047000
2019-07-22,24.67503708744119,25.263702061953104,24.611035002979293,24.94031524658203,33905000
2019-07-23,25.222440512959597,25.463295274201982,25.198017076224435,25.33023452758789,19692000
2019-07-24,25.36560406076166,25.67551584058798,25.306652106085,25.5820369720459,19006000
2019-07-25,25.443928010410794,25.443928010410794,25.21402160539657,25.297393798828125,15741000
2019-07-26,25.39844531141848,25.51887267035336,25.309176501676234,25.34202003479004,14996000
2019-07-29,25.368131082823428,25.47929506445404,25.0085323235883,25.411081314086914,12068000
2019-07-30,25.187913021138716,25.342868931358083,25.020323744409115,25.227493286132812,11164000
2019-07-31,25.2670686024816,25.334440650043444,24.141953962550176,24.42154884338379,20819000
2019-08-01,24.34912820075659,25.080957471188245,23.775623192668636,24.029953002929688,21911000
2019-08-02,23.754569326350193,23.903630188866106,23.235803021973364,23.45644760131836,20080000
2019-08-05,22.902311104076297,22.926734539849637,22.239538889135158,22.54102897644043,27765000
2019-08-06,22.74903319342238,22.921674143510888,22.27995398712724,22.438278198242188,22199000
2019-08-07,22.235327310887854,22.967156572215522,22.148585161376616,22.74230194091797,22244000
2019-08-08,22.770096655372477,22.95368606406589,22.106481057855635,22.82062530517578,29163000
2019-08-09,22.70272473085979,23.626565209824165,22.70272473085979,23.22064781188965,30735000
2019-08-12,23.022738088357347,23.429497112304755,22.951997667892854,23.213064193725586,20040000
2019-08-13,23.184434407348952,24.04342782899314,22.909049507238166,23.891841888427734,22340000
2019-08-14,23.478349802992287,23.592882178010647,22.770100472847048,22.869474411010742,27108000
2019-08-15,22.9065232507758,22.972210327648906,22.304384752240228,22.623559951782227,20010000
2019-08-16,22.919148615570855,23.222323608923155,22.904831875882444,23.056419372558594,17458000
2019-08-19,23.538134338357377,23.586136304159364,23.210537466406365,23.47749900817871,17489000
2019-08-20,23.425282677272552,23.997945870330952,23.328435461722425,23.611398696899414,17920000
2019-08-21,23.971005868793306,24.27586436394258,23.921318907117087,24.21186065673828,19381000
2019-08-22,24.286810880009963,24.3727097402986,23.96342400630107,24.22196388244629,12294000
2019-08-23,23.916259442296735,24.041740151128224,22.826514926726418,22.91746711730957,25742000
2019-08-26,23.323386198095932,23.40760167174373,23.159166907934825,23.34612464904785,14249000
2019-08-27,23.508658327898136,23.598767221675487,23.151584689304755,23.20716667175293,14298000
2019-08-28,23.102749162419908,23.277916878569354,22.777678860584604,23.248441696166992,17202000
2019-08-29,23.70572374656368,24.042584039969082,23.668668552092285,23.86404800415039,16429000
2019-08-30,24.031638866550967,24.07711577521237,23.57182446451923,23.802574157714844,16720000
2019-09-03,23.58024021665197,23.651822317725568,22.816409210875406,23.079160690307617,22210000
2019-09-04,23.47834710699882,23.94658324872638,23.428660143622476,23.834577560424805,19865000
2019-09-05,24.28428371204871,24.73230801263618,24.28428371204871,24.5082950592041,20938000
2019-09-06,24.578190977843796,24.70030333035383,24.36344305297831,24.58324432373047,13748000
2019-09-09,24.843471149013137,25.028743914915683,24.456082200414194,24.642196655273438,21686000
2019-09-10,24.53607992120796,24.797146391506253,24.32301540993479,24.79630470275879,20850000
2019-09-11,24.9546321289289,25.161801633005936,24.805571281409268,25.096956253051758,19260000
2019-09-12,25.384972839626055,25.46076660453352,24.967265443727012,25.313390731811523,33109000
2019-09-13,25.06663767294863,25.095271156671348,23.90783772751818,24.4493408203125,62557000
2019-09-16,24.15290624406116,24.445132929063305,24.06026906134358,24.309545516967773,22176000
2019-09-17,24.25565213294931,24.36344776380776,23.896053335829535,24.32386589050293,21912000
2019-09-18,24.295227200077836,24.486394969249773,23.906995021193595,24.232065200805664,16510000
2019-09-19,24.296074135465773,24.58661586105027,24.1891202005256,24.476293563842773,19421000
2019-09-20,24.449096614162034,24.511139333991558,23.951903800528566,24.15928077697754,35524000
2019-09-23,24.104886850520437,24.405751821215706,23.97400269371952,24.261268615722656,14850000
2019-09-24,24.41934916483408,24.553632669167428,23.775974309384885,23.993549346923828,20292000
2019-09-25,23.096051265392745,23.560098274489896,22.947319288795562,23.437711715698242,55588000
2019-09-26,23.394361124384286,23.683327433363168,23.175087281132722,23.534595489501953,27477000
2019-09-27,23.510806758094777,23.90601077384745,23.198892660590186,23.29918098449707,28660000
2019-09-30,23.439412036137018,23.518453152156912,23.159794301085277,23.46320915222168,19826000
2019-10-01,23.650189039842996,23.767475764061007,23.23458728046052,23.35952377319336,19429000
2019-10-02,23.241383052101735,23.270278389462618,22.804534182909006,22.953266143798828,19543000
2019-10-03,22.947317271099404,23.32977320737379,22.711044997018686,23.323823928833008,17096000
2019-10-04,23.668890528932938,23.941707986686204,23.38927273584624,23.918760299682617,25884000
2019-10-07,23.79807246200106,23.88391230241347,23.431765415029002,23.464061737060547,18658000
2019-10-08,23.292376934793293,23.36376827693718,22.85467862621958,22.975364685058594,22757000
2019-10-09,23.260086431237355,23.364623548200672,23.11900257924313,23.215042114257812,16329000
2019-10-10,23.33487582762232,23.69353471730874,23.257535192020335,23.32552719116211,17340000
2019-10-11,23.753879031762416,24.14398484290866,23.719883839737733,23.87456512451172,23697000
2019-10-14,23.832916740970784,24.022444245621646,23.787022995168922,23.938304901123047,13312000
2019-10-15,24.021594833499,24.699815919771908,23.984198668656273,24.674318313598633,21230000
2019-10-16,24.562131584869523,24.655621186998744,24.353055751976328,24.51793670654297,20046000
2019-10-17,24.65902081712797,24.79245488748124,24.504339551797965,24.598678588867188,13125000
2019-10-18,24.604630281008994,24.642024829096666,24.137183840398066,24.36920738220215,16981000
2019-10-21,24.51453330591711,24.8085994903216,24.397246605656726,24.610572814941406,13031000
2019-10-22,24.612274095550482,24.720212171934282,24.412548533081175,24.431245803833008,13046000
2019-10-23,24.048792782309075,24.09808750884439,23.69183437927697,23.824419021606445,20957000
2019-10-24,24.042842450244425,24.094687097389894,23.68673511779718,23.993549346923828,16896000
2019-10-25,24.074291333960378,24.763559993253477,24.070891977006927,24.631826400756836,20869000
2019-10-28,24.745706999346343,24.857893860729714,24.50433649535247,24.778854370117188,12999000
2019-10-29,24.840899486505727,24.961585560725187,24.483090054301602,24.490739822387695,13272000
2019-10-30,24.64797219550153,24.729563241462312,24.35135765155891,24.66752052307129,17281000
2019-10-31,24.630121386869316,24.99388007203397,24.46014222302366,24.889341354370117,27881000
2019-11-01,24.901241936794076,25.20720672607422,24.82475073947404,25.20720672607422,21234000
2019-11-04,25.456230135416263,25.96107112680341,25.420534455111262,25.92197608947754,34075000
2019-11-05,25.92197310737977,26.923155771895903,25.876928795185023,26.690282821655273,38711000
2019-11-06,26.522000365202768,26.71067842187978,26.237284412538294,26.615489959716797,18076000
2019-11-07,26.82116691426562,27.154328159042173,26.40216584098175,26.49480438232422,23981000
2019-11-08,26.335882323263537,26.652896335424565,25.933030072342277,26.636747360229492,17830000
2019-11-11,26.44891293174366,26.622291471467392,26.418315479219345,26.580646514892578,9154000
2019-11-12,26.686890303339645,26.89086634290868,26.623998136929995,26.816925048828125,16875000
2019-11-13,26.55769889909572,26.83221681226456,26.516904997386817,26.658838272094727,12625000
2019-11-14,26.410663852267252,26.503302389434648,26.016309346576442,26.259380340576172,17268000
2019-11-15,26.539853242813432,26.60699581200936,26.353725073313765,26.594247817993164,18120000
2019-11-18,26.501600154678194,26.636734688888883,26.17948806979137,26.43785858154297,15850000
2019-11-19,26.9121112026051,27.678722132685344,26.9121112026051,27.00135040283203,31743000
2019-11-20,26.84836364878228,26.92740476522612,26.2619317030162,26.488855361938477,19927000
2019-11-21,26.443814601913783,26.831368847294083,26.32992722971178,26.793123245239258,19317000
2019-11-22,26.911257747922456,27.15262990506248,26.662237443477657,26.76507568359375,13216000
2019-11-25,26.908711038319392,27.212127570381316,26.879815692412933,27.164531707763672,19636000
2019-11-26,27.111832214599417,27.212122144965683,26.86111144132613,26.879810333251953,30793000
2019-11-27,27.021741303955228,27.19172045821457,26.89680483430683,27.06423568725586,20182000
2019-11-29,26.92910684952829,27.008997409363282,26.771875652765196,26.874713897705078,9229000
2019-12-02,27.00304881416972,27.02089665391329,26.394520152831017,26.408119201660156,23158000
2019-12-03,25.991666110179,26.261933609792777,25.76304194590335,26.051158905029297,18736000
2019-12-04,26.325671946851926,26.46335478345055,26.10299710324944,26.323122024536133,14439000
2019-12-05,26.397069301964233,26.556000987054347,26.267034581628167,26.448062896728516,15494000
2019-12-06,26.74127757543906,26.885760766597492,26.522002055480044,26.861112594604492,16937000
2019-12-09,26.856865547745187,26.95460394501284,26.681784893962902,26.719181060791016,24694000
2019-12-10,26.780371173406028,26.849212598198537,26.62313999826063,26.7769718170166,14563000
2019-12-11,26.787171693839348,27.311559331340806,26.787171693839348,27.17302703857422,20829000
2019-12-12,27.17387766798498,28.060323571831862,27.148381681693568,27.8597469329834,38935000
2019-12-13,27.031945174921375,27.17727781258961,26.399619408073093,26.807571411132812,70952000
2019-12-16,27.02429513605489,27.842747386755754,26.986898971021418,27.46284294128418,37921000
2019-12-17,27.514688896350812,27.617525518233812,27.345557522292033,27.51978874206543,20248000
2019-12-18,27.570778696353784,28.148711455944547,27.49853791193344,27.82914924621582,35155000
2019-12-19,27.979581045606697,27.983828214614977,27.512133085595885,27.54528045654297,31787000
2019-12-20,27.68436588955677,27.68436588955677,27.207033030908452,27.38646125793457,50540000
2019-12-23,27.518668210241415,27.672342166465505,27.267123881824443,27.431957244873047,20254000
2019-12-24,27.47231297419634,27.530692320457128,27.38731970684342,27.51523780822754,7024000
2019-12-26,27.58134530182904,27.62169602499885,27.199308676502266,27.29889678955078,15848000
2019-12-27,27.412215517314632,27.416507345408274,27.06194274069838,27.174407958984375,14487000
2019-12-30,27.17354855335947,27.243087299822843,26.84988971214839,26.910844802856445,13104000
2019-12-31,26.881655902807765,27.159812534100322,26.854183946163555,27.13062286376953,12487000
2020-01-02,27.413932241000897,27.686939018560544,27.242231276085395,27.677494049072266,20329000
2020-01-03,27.258542599887917,27.47231199922538,26.9640750394285,26.97351837158203,22870000
2020-01-06,26.686771762988585,26.950335182602803,26.5820338080765,26.933164596557617,20789000
2020-01-07,27.06451529935387,27.178698217891917,26.806963069711745,26.840444564819336,18565000
2020-01-08,26.869638443767563,26.91342295191063,26.477298859225197,26.505630493164062,31979000
2020-01-09,26.812976563878944,26.87049623190058,26.017137993732455,26.2927188873291,42397000
2020-01-10,26.223178633663057,26.231763927088853,25.652268901927386,25.68832778930664,40705000
2020-01-13,25.75700953276587,26.0815247949051,25.72696018583118,25.856595993041992,22054000
2020-01-14,25.926996686804817,26.540831326503245,25.89179747051164,26.457555770874023,28911000
2020-01-15,26.382860380348138,26.431794748379104,25.815384476420537,26.024860382080078,22733000
2020-01-16,26.184547860846852,26.430081051310967,26.116725183244025,26.36054229736328,21508000
2020-01-17,26.498757168676132,26.522795333152185,26.104701568891873,26.509918212890625,26896000
2020-01-21,26.424926369624433,26.571731106753067,26.298724369744445,26.448104858398438,21967000
2020-01-22,26.682475120442575,27.29373379104729,26.65671924602237,26.868772506713867,29264000
2020-01-23,27.058510262605076,27.45514167926735,26.684200938048527,27.442264556884766,30266000
2020-01-24,28.373743188217535,28.466463697305322,27.538413668191193,27.81571388244629,55782000
2020-01-27,27.16411197277534,27.46201500832252,26.497049423871786,26.53053092956543,38843000
2020-01-28,26.916854379549395,27.406204632104544,26.85160746087841,27.327220916748047,23166000
2020-01-29,27.542708919243164,27.93848063472643,27.226777322353225,27.258541107177734,23668000
2020-01-30,26.984672707750466,27.087694578872636,26.492746752780917,27.060222625732422,21128000
2020-01-31,26.97094259597484,27.006999848244362,26.06607258670428,26.198284149169922,22123000
2020-02-03,26.238631834017365,26.321907380060946,26.067788913902433,26.20429229736328,21288000
2020-02-04,26.76747412387265,27.006139710805673,26.583752449228655,26.751161575317383,22559000
2020-02-05,27.25768639602766,27.456002934507037,27.11689116745162,27.247385025024414,24825000
2020-02-06,27.37272524244846,27.462010334086305,26.976951872063843,27.445697784423828,22683000
2020-02-07,27.328078940265854,27.345247888238276,27.03189207243068,27.06279945373535,15883000
2020-02-10,26.817267011723153,27.008714307542913,26.639556512959675,26.974374771118164,19218000
2020-02-11,27.184708824794214,27.5401298021504,27.129763277164653,27.48604393005371,15527000
2020-02-12,27.64744476674486,27.909290483635928,27.61224555513387,27.875810623168945,15310000
2020-02-13,27.599371461737814,27.941060608288733,27.55387251304389,27.813140869140625,13857000
2020-02-14,27.887829788345023,27.961660364162828,27.22334150616651,27.28086280822754,19137000
2020-02-18,27.0430523408369,27.043910378841616,26.446388432138583,26.678186416625977,26693000
2020-02-19,26.871356822100743,27.200167224204474,26.759751265529456,27.102296829223633,20525000
2020-02-20,26.953774018145918,27.102296504033927,26.280701983963898,26.54855728149414,25521000
2020-02-21,26.485022251042388,26.56658007590189,25.951887525175916,26.141618728637695,24522000
2020-02-24,25.257356172854305,25.65226986033164,24.90193352662923,25.034143447875977,36849000
2020-02-25,25.249626834552682,25.3887059618113,24.130131149475563,24.26835060119629,31892000
2020-02-26,24.411723677826927,24.74225011988368,24.381675968319712,24.543075561523438,23074000
2020-02-27,24.06402706122066,24.494139941833275,23.48367400323932,23.51887321472168,34837000
2020-02-28,22.6071407393331,23.534331340628743,22.55648864351023,23.404695510864258,44586000
2020-03-02,23.76011483535101,24.50186748710321,23.278490188951537,24.464950561523438,31976000
2020-03-03,24.437477048080076,24.766285742601866,23.314545953601368,23.544626235961914,29930000
2020-03-04,23.827079213405522,24.529340865993504,23.58927164724986,24.506160736083984,23477000
2020-03-05,23.803038517506167,24.303549802876642,23.390096238610344,23.52659797668457,24374000
2020-03-06,22.920486221419434,23.259597861435537,22.535874010932304,23.132537841796875,30169000
2020-03-09,21.555459816572988,22.344430710839877,20.96909724923546,21.267000198364258,43934000
2020-03-10,22.028499016043607,22.63718203150858,20.89612460040123,22.570219039916992,55071000
2020-03-11,21.795845583770394,22.01991634963663,20.818003047448528,21.116764068603516,36030000
2020-03-12,19.487314171201472,20.841183888453372,18.57128466489105,18.78247833251953,64281000
2020-03-13,19.360254695260007,20.129479384928256,17.269782187335885,20.108016967773438,84714000
2020-03-16,17.872461236857838,18.78419742332739,15.472925805180926,16.10392951965332,76935000
2020-03-17,16.467929527689616,17.171049059623904,15.580231948751273,17.128124237060547,70662000
2020-03-18,15.939093571848545,16.095341680513563,13.364422925712512,14.411805152893066,98993000
2020-03-19,14.392060637483182,17.81150557144473,14.165414064844951,16.6937255859375,74438000
2020-03-20,17.636676672071843,18.219908684670134,16.406474519133624,16.78278160095215,74044000
2020-03-23,16.840407010859035,17.11019579116301,15.519402039416368,16.89192008972168,46921000
2020-03-24,17.954475431241303,19.09562113870322,17.574676387436092,18.57612419128418,62970000
2020-03-25,18.526364230781482,21.303703430389724,18.26705364725112,18.994346618652344,64442000
2020-03-26,19.73473869508981,21.37355132169635,19.73473869508981,21.23123550415039,60213000
2020-03-27,20.343289284928947,21.136939870176615,20.08135917915137,20.141603469848633,39448000
2020-03-30,20.273439253867473,21.073201455850715,19.94515319666086,20.96406364440918,52343000
2020-03-31,20.779842800960854,22.06417740984293,20.610462335775452,20.701263427734375,50191000
2020-04-01,19.90586206603971,20.46639399791179,19.18031449471819,19.525190353393555,41858000
2020-04-02,19.41780292164587,20.77547782181447,19.334858768615582,20.697771072387695,45049000
2020-04-03,20.661096046459868,21.177099249424106,20.129377305770205,20.453298568725586,28960000
2020-04-06,21.35434369494463,22.12529278969878,21.265287855299906,22.04060173034668,38868000
2020-04-07,22.86132469396378,23.180879652811626,22.04846616599636,22.113075256347656,45892000
2020-04-08,22.41865327215994,22.89274729736415,22.14537242532389,22.796707153320312,27565000
2020-04-09,23.206194136762655,23.35549426655358,21.941941627273312,22.202999114990234,34828000
2020-04-13,22.133151573506574,22.833379909128336,22.072034657043876,22.693683624267578,25729000
2020-04-14,23.23500104522453,23.432322044497454,22.90322286021034,23.366840362548828,23094000
2020-04-15,22.787977168377783,22.903226679750492,22.36539451647052,22.47715187072754,25926000
2020-04-16,22.854339304830418,22.854339304830418,22.186414533561727,22.551372528076172,26896000
2020-04-17,22.981807912778883,23.349383707751887,22.60811876071744,23.214052200317383,34089000
2020-04-20,22.700667660662077,23.159918816817523,22.51818953651417,22.550493240356445,23801000
2020-04-21,22.225696938496135,22.245778922374136,21.548170203707866,21.62238311767578,29138000
2020-04-22,22.244032025624136,22.894494128442837,21.892171820602677,22.69804573059082,35438000
2020-04-23,22.7224959210046,23.15468246145574,22.57144887087032,22.60724639892578,21659000
2020-04-24,22.684078973200783,23.143330118746686,22.602880073352456,23.120630264282227,23373000
2020-04-27,23.08046836527654,23.680290132877236,23.08046836527654,23.438440322875977,16588000
2020-04-28,23.943964365461053,24.133428459874732,23.060385336095788,23.113643646240234,18988000
2020-04-29,23.66806071242916,24.184063906822242,23.5065372277113,24.09937286376953,28871000
2020-04-30,23.881976361595417,23.92737773749337,23.468997532869388,23.715213775634766,23379000
2020-05-01,23.22452835239626,23.386051859175986,22.54350775833241,22.67447280883789,26836000
2020-05-04,22.631688935937827,22.9128283737033,22.2920521250352,22.897985458374023,17046000
2020-05-05,23.272548184933953,23.481218300911546,23.024586723776828,23.125865936279297,26462000
2020-05-06,23.427970370777135,23.61568762826492,23.01673831701627,23.065631866455078,22727000
2020-05-07,23.57377158019865,23.61480817750559,23.22453085281349,23.377323150634766,18238000
2020-05-08,23.76585438304526,24.058344647212692,23.57639192721688,24.012943267822266,16757000
2020-05-11,23.86800351262869,24.16223896881649,23.726560331423098,24.045244216918945,20851000
2020-05-12,24.14827421140716,24.247806529170642,23.41836000083756,23.438440322875977,18764000
2020-05-13,23.579883100977625,23.602584622381254,22.644790914475685,22.975696563720703,21927000
2020-05-14,22.784489195969932,23.307476873268417,22.242292153040594,23.276918411254883,19912000
2020-05-15,22.65003128297851,23.055151576023658,22.418659584723404,22.736469268798828,21650000
2020-05-18,23.45327895279672,24.161365800439114,23.399146357936292,23.881973266601562,26531000
2020-05-19,23.881973391240763,24.100249017604384,23.714336537814653,23.744022369384766,18702000
2020-05-20,24.182324842699106,24.561251410916594,24.10461809303129,24.33162498474121,18605000
2020-05-21,24.352583536197905,24.403223991666096,23.979768599629132,23.99286460876465,14847000
2020-05-22,23.9003152072225,24.206774126554848,23.618303058360468,24.154388427734375,17452000
2020-05-26,24.883426315622174,25.06590445553032,24.56823619566767,24.623241424560547,23573000
2020-05-27,24.710547704680796,25.127891271211798,24.44687070214025,25.109556198120117,22812000
2020-05-28,24.88342518435885,25.25885958516913,24.659037833025575,24.721027374267578,18543000
2020-05-29,24.700070020379968,25.494593145944005,24.613632061971913,25.430856704711914,27300000
2020-06-01,25.35664410379848,25.41601576998322,25.090347559529746,25.319101333618164,18444000
2020-06-02,25.4099009332455,26.046392693502998,25.327829423586387,26.023691177368164,31847000
2020-06-03,26.284748364304566,27.140388349572678,26.237601752140883,27.02513885498047,31926000
2020-06-04,26.695107723159882,27.32810565882137,26.376423867635143,26.969261169433594,34997000
2020-06-05,27.91308589334631,28.647366403404607,27.510586926036414,27.68433380126953,50958000
2020-06-08,27.721004706318958,27.83800112216412,27.35954065335089,27.72275161743164,23916000
2020-06-09,27.24080302283603,27.841497399102305,27.203258583499935,27.530672073364258,22335000
2020-06-10,27.64679424773019,27.870307297906592,27.47653784421286,27.506223678588867,25914000
2020-06-11,26.858374993168834,26.939573875240775,25.616824285745214,25.647382736206055,45115000
2020-06-12,26.43928827553774,26.537949612681253,25.558328881210123,26.214900970458984,39439000
2020-06-15,25.756526031303622,26.782420893544703,25.53039178432766,26.5501766204834,29824000
2020-06-16,27.066179754223842,27.463441358197592,26.542317877531506,27.129043579101562,30387000
2020-06-17,27.36477683164126,27.65202795771862,27.222462700861577,27.36652374267578,20279000
2020-06-18,27.25127944926617,27.862451962108757,27.198893757263157,27.8266544342041,33625000
2020-06-19,28.022478517640565,28.05952645832534,26.707271575927734,26.707271575927734,58465000
2020-06-22,26.948084106633615,27.713744938420884,26.774312097742214,27.657291412353516,27195000
2020-06-23,27.79136955141391,28.001307880876897,27.458818017621113,27.459699630737305,22419000
2020-06-24,27.274462395004658,27.43059373654831,26.860758672943962,27.077754974365234,19096000
2020-06-25,26.99748093926482,27.299157495129972,26.72755759655953,27.24358558654785,15029000
2020-06-26,27.65993890350675,27.854881412121365,26.74079322789391,27.116565704345703,31425000
2020-06-29,27.174780692934476,27.381192559057382,26.85546178504756,27.325620651245117,14516000
2020-06-30,27.34061656319904,27.968669976511553,27.05834391058653,27.83988380432129,25125000
2020-07-01,27.795776627150413,27.94926141800083,27.516152191632592,27.585838317871094,15661000
2020-07-02,28.028648936099717,28.17243092902546,27.756080783372273,27.827531814575195,16638000
2020-07-06,28.22712400674007,28.31445081021246,27.992485378906704,28.120389938354492,17561000
2020-07-07,27.99248546230638,28.064818113856752,27.569960617813187,27.620241165161133,16150000
2020-07-08,27.88663199767708,28.21300714629548,27.708448590165297,28.189191818237305,18023000
2020-07-09,28.2280054738519,28.6090709460659,27.808127154479926,28.359439849853516,25225000
2020-07-10,28.395604390514407,28.490869070112307,27.824886148668448,28.177724838256836,13280000
2020-07-13,28.37531493272643,28.538504199999583,27.396187741425752,27.460580825805664,21549000
2020-07-14,27.255930350827644,27.8936864559318,26.920732364176715,27.793127059936523,18363000
2020-07-15,27.869873515259954,28.030416263607204,27.360021874911883,27.67845916748047,15253000
2020-07-16,27.3988332363923,27.68727884448676,27.283277997564333,27.463226318359375,12929000
2020-07-17,27.711098879497875,27.804600343394995,27.345027541916718,27.584075927734375,13354000
2020-07-20,27.508219073684558,28.01983572390932,27.367965175306672,27.973966598510742,14323000
2020-07-21,28.159203623944375,28.159203623944375,27.580547443443336,27.72785758972168,14312000
2020-07-22,27.786953706744757,27.84605542549657,27.37766151763538,27.680219650268555,14404000
2020-07-23,27.642290989722774,27.882220959398893,27.20212382518084,27.315914154052734,19417000
2020-07-24,27.044232984170822,27.425298480095197,26.831646448346028,26.973665237426758,15631000
2020-07-27,27.195070006170326,27.60612715392176,27.12362064962042,27.58142852783203,20646000
2020-07-28,27.449115712840143,27.531151160731326,27.006301962828374,27.11127281188965,13974000
2020-07-29,27.21535882571581,27.45352390785809,27.119209160815686,27.24358558654785,16562000
2020-07-30,26.99218927609569,27.603481984225485,26.99218927609569,27.5302677154541,21259000
2020-07-31,27.75960739878121,28.08598421029833,27.468515294441048,27.94043731689453,24719000
2020-08-03,28.050703614417575,28.534975018867517,27.987193824138537,28.335622787475586,20796000
2020-08-04,28.271226855305475,28.98484549570674,28.261525747017007,28.96720314025879,25258000
2020-08-05,28.954856815577205,29.24859550247058,28.738743827677386,29.068645477294922,22299000
2020-08-06,28.91252181362626,29.186854973769464,28.704346665694658,29.035133361816406,14193000
2020-08-07,28.967200099746172,29.085400167411922,28.357669065011947,28.750202178955078,14192000
2020-08-10,28.59937811861809,29.04483512327944,28.58526221060526,28.87635612487793,11989000
2020-08-11,28.894873744190672,29.402080584360025,28.470585647464713,28.582611083984375,19316000
2020-08-12,28.743153845959835,29.627899784173103,28.699931245443544,29.430307388305664,18471000
2020-08-13,29.30416240170493,29.410013162275515,28.919567154878614,29.05805778503418,15095000
2020-08-14,28.934568238537672,29.09599430439364,28.7563847923227,28.916929244995117,10140000
2020-08-17,29.06599632558207,29.267115130679613,29.021010508430216,29.137447357177734,10594000
2020-08-18,29.273287698306234,29.389724538747554,28.945145982092136,28.98925018310547,8857000
2020-08-19,29.06246564703694,29.381784517399428,28.953970048306775,29.039533615112305,11273000
2020-08-20,28.905459948588497,29.10834201248997,28.761676249145612,29.006017684936523,8910000
2020-08-21,28.959268492679417,29.14980124188975,28.668174642676988,29.110986709594727,11508000
2020-08-24,29.286520453957554,29.65523657759539,29.209776380147524,29.462059020996094,11996000
2020-08-25,29.55027538361462,29.734633495063616,29.373855156098383,29.650833129882812,11140000
2020-08-26,29.527337417790484,30.124519280896493,29.418841797004518,29.96221160888672,14844000
2020-08-27,30.034538457221313,30.105989487404763,29.65082482225338,29.915456771850586,12552000
2020-08-28,29.90311242854315,30.41649055480957,29.788438788994405,30.41649055480957,14589000
2020-08-31,30.301820182772566,30.92457890292194,30.301820182772566,30.622020721435547,22229000
2020-09-01,30.873421042161244,31.93811366531146,30.64584033566356,31.714941024780273,29205000
2020-09-02,32.27241645267206,33.42796533927126,32.07041605311515,33.07953643798828,37053000
2020-09-03,32.285655287546504,32.54057941716316,30.887528056041436,31.05777359008789,41795000
2020-09-04,31.841059234489993,32.86076192422316,31.182131244901466,32.01571273803711,58514000
2020-09-08,31.10805202707626,31.998090848309214,30.87341509529234,30.921049118041992,26685000
2020-09-09,31.416799737275927,31.9187136566911,30.970457743170094,31.758169174194336,26273000
2020-09-10,31.943400276703823,32.44619562037215,31.26065492976493,31.497940063476562,22851000
2020-09-11,31.7996100014838,32.1321597459548,31.28622867823075,31.72904396057129,17362000
2020-09-14,32.14451766261526,32.275067046801084,31.698175856152684,31.949573516845703,16447000
2020-09-15,32.31123876984553,32.73640847620199,32.22743841396082,32.365047454833984,16618000
2020-09-16,32.47707171653113,32.81403298920289,32.315645667400595,32.37651062011719,18498000
2020-09-17,31.31447145560332,32.64820422553837,31.31447145560332,32.2777214050293,22862000
2020-09-18,32.38357113073405,32.447080924445245,31.318878600874232,31.731698989868164,35295000
2020-09-21,31.155774336763,31.329351279794047,30.57451331113495,31.314220428466797,24198000
2020-09-22,31.721905474520813,32.20525061966012,31.417475181411728,32.18655776977539,19500000
2020-09-23,32.06104619896137,32.15272774317677,31.159334442313735,31.296415328979492,15542000
2020-09-24,31.17269087614074,31.8287233619879,31.073885320896537,31.379201889038086,13611000
2020-09-25,31.337366472220502,31.842073428676123,31.001781422941715,31.760181427001953,18183000
2020-09-28,32.19456556315949,32.79540906107752,31.95867913324901,32.69482421875,22192000
2020-09-29,32.71173391276959,33.00637120061849,32.40018307956198,32.424217224121094,13722000
2020-09-30,32.30761538002044,33.02417803472449,32.197240975486615,32.4295654296875,22403000
2020-10-01,32.844374396396944,32.99836886708633,32.474075946139635,32.810550689697266,16016000
2020-10-02,32.04502910172712,32.4829783489173,31.70232681234802,31.762853622436523,17100000
2020-10-05,32.11980213626695,32.65477766980727,32.03613082053681,32.588016510009766,18923000
2020-10-06,32.588900467335414,33.11319330876421,32.22483302318296,32.39929962158203,16672000
2020-10-07,32.78829707479929,32.9227090471401,32.58445498932052,32.64498519897461,12747000
2020-10-08,32.92537681588806,33.31704046737223,32.78473729309388,33.23158645629883,17045000
2020-10-09,33.46302234313232,33.825310553030874,33.29122806043902,33.53156280517578,17253000
2020-10-12,33.984646321846185,34.279280324807324,33.80661769248259,34.0416145324707,18839000
2020-10-13,34.2178593388827,34.51961390384777,33.70157672150878,33.95793533325195,16731000
2020-10-14,34.140422920287605,34.15822612425645,33.63393314268065,33.85201644897461,17298000
2020-10-15,33.38468930236528,33.86892414232885,33.38201695464463,33.81907653808594,14361000
2020-10-16,34.11726767269714,34.11726767269714,33.66062565174513,33.705135345458984,10295000
2020-10-19,33.93568340566817,34.14664606124209,33.39358734412178,33.44877624511719,14803000
2020-10-20,33.559159977889685,33.92678610366412,33.43008930253927,33.55738067626953,13297000
2020-10-21,33.44877141148278,33.54579764843335,32.962753971818344,33.11764144897461,11896000
2020-10-22,33.03130729969846,33.318820699832514,32.67791899448834,33.23514938354492,13547000
2020-10-23,33.225352542116056,33.285882744195646,33.00281763111594,33.177284240722656,8868000
2020-10-26,32.899565807545194,32.931610215176754,31.832290427373906,32.315635681152344,15509000
2020-10-27,32.50611857363445,32.50611857363445,31.975594786232154,32.00941848754883,9620000
2020-10-28,31.5109474550063,31.587498167031974,30.756999003297047,30.90654182434082,22331000
2020-10-29,30.910994783896296,31.99518367803126,30.74275570747757,31.60085105895996,15697000
2020-10-30,31.100588765236115,31.421039585288817,30.658191284091643,31.1219539642334,18530000
2020-11-02,31.603517682476546,31.634672432538,31.008012037568896,31.26615333557129,11757000
2020-11-03,31.684514639091116,31.97736923981717,30.857574333867426,31.489572525024414,15457000
2020-11-04,32.08775597657999,32.84437335796236,31.79044964486986,32.4571647644043,21277000
2020-11-05,33.14523776974221,34.06119080862627,33.11408301997108,33.902748107910156,21783000
2020-11-06,33.829755913952134,34.15198600941948,33.57339392032129,33.8804931640625,13545000
2020-11-09,34.63533114676456,35.061708089846526,33.38112411726079,33.42830276489258,24088000
2020-11-10,32.96365475154967,33.2200133828095,32.07707365312966,32.32364273071289,26784000
2020-11-11,33.01171657693045,33.570726185873085,32.80609522156638,33.462127685546875,15133000
2020-11-12,33.578735952188666,33.700686001727945,32.78206059792971,32.95296859741211,12160000
2020-11-13,33.380234025303444,33.58763806728195,33.0758071331047,33.24671173095703,10997000
2020-11-16,33.36332923909433,33.9472627730494,33.291230169351486,33.89741516113281,12100000
2020-11-17,33.70603200497824,34.04250335585042,33.56093743617445,33.878719329833984,11950000
2020-11-18,33.815511317230616,34.265032758895735,33.791480563714956,33.8804931640625,13517000
2020-11-19,33.62234989931465,34.25613085009225,33.322374669315806,34.210731506347656,14555000
2020-11-20,34.20895265550118,34.61307473240431,34.06564081346967,34.12171936035156,16140000
2020-11-23,34.30330786044714,34.63978255019669,34.092345214750154,34.448402404785156,12212000
2020-11-24,34.59260758238218,34.96557496492712,34.37541396369172,34.91394805908203,13455000
2020-11-25,34.96824396162501,35.2050200599934,34.626431364607114,34.78932571411133,11787000
2020-11-27,34.99583767777579,35.53170278446433,34.982486126873134,35.156063079833984,6846000
2020-11-30,35.07328500100339,35.79785798668304,34.95934519017095,35.74623107910156,15454000
2020-12-01,35.91357314202915,36.20019684558131,35.616266839598005,36.01237869262695,18181000
2020-12-02,36.02751288755668,36.08715344194954,35.70439310419782,35.9376106262207,10031000
2020-12-03,36.006150547492716,36.19664106281293,35.43646169855954,35.58778381347656,16120000
2020-12-04,35.819220059325524,36.70935968569867,35.81832701305425,36.645267486572266,20083000
2020-12-07,37.06631122348022,37.638672513322526,36.79303900494588,37.46509552001953,19707000
2020-12-08,37.321785006765055,37.98226589822086,37.22208977786607,37.68941116333008,18121000
2020-12-09,37.33868151548424,37.92884581517977,36.82240235518339,37.04938888549805,20908000
2020-12-10,36.62390182818835,36.96304545193501,36.3185819039535,36.49928283691406,26244000
2020-12-11,35.961641082081535,36.228682282096315,35.45247908649876,36.1236457824707,26664000
2020-12-14,36.186844694023826,36.87848353672604,36.13966604610249,36.655948638916016,26116000
2020-12-15,36.96572181098554,37.33156860742589,36.76187973566499,37.21318054199219,21207000
2020-12-16,37.20784193952811,38.02232064911813,37.11526732137453,37.82204055786133,23160000
2020-12-17,37.96446230151151,38.27689951153297,37.79088531914099,37.928855895996094,17152000
2020-12-18,38.13531726248957,39.109347035600464,37.883955624150104,39.011497497558594,45243000
2020-12-21,38.436062816239236,38.781688572800846,38.03657579598739,38.5015983581543,19096000
2020-12-22,38.50159176299301,38.92082806975427,38.4225909186879,38.88043212890625,17929000
2020-12-23,39.05099998843379,39.14077103238198,38.160457123339,38.19457244873047,10533000
2020-12-24,38.466579036078514,38.78168175637701,38.3839892682692,38.73320388793945,4123000
2020-12-28,38.991754706133754,39.254790687390624,38.70538386598946,38.77091598510742,10625000
2020-12-29,39.12551622738012,39.12551622738012,38.313974106539376,38.515960693359375,9593000
2020-12-30,38.752061161858705,39.32032007143653,38.61111711718214,39.035743713378906,10553000
2020-12-31,39.16861292551458,39.365212729358205,38.875954585591,39.306861877441406,10211000
2021-01-04,39.43971522749755,39.70095329285253,37.81573388309363,38.17302703857422,24171000
2021-01-05,38.15776960920885,38.54738022904932,37.9198732346015,38.431575775146484,15069000
2021-01-06,38.00066439114756,39.01329573903005,37.75289165246825,38.19457244873047,17226000
2021-01-07,38.78707436841718,39.91192135315861,38.6560067125654,39.804195404052734,21267000
2021-01-08,40.12827937592475,40.396698766445745,39.37868036097035,40.006187438964844,15271000
2021-01-11,39.55462888887465,40.28806738146098,39.537571224057416,40.0169563293457,11660000
2021-01-12,40.197392846035186,40.82490317679744,40.00258756350575,40.34282302856445,13846000
2021-01-13,40.424517784830364,40.710892010728784,40.227918029561515,40.50621032714844,13118000
2021-01-14,40.71269299261206,41.16065445060936,40.51698702894267,40.58341979980469,19692000
2021-01-15,40.2342071477946,40.39759225304573,39.559119481301934,40.0250358581543,18165000
2021-01-19,40.24318025566134,41.249531071717904,40.24318025566134,41.22977828979492,18819000
2021-01-20,41.25222545689856,41.8150975893276,40.84645438720334,41.464088439941406,14710000
2021-01-21,41.484741088552035,42.14546630421629,41.33123235249503,41.907569885253906,15749000
2021-01-22,41.62926999400009,41.973097857862456,41.508972534793934,41.7459716796875,16248000
2021-01-25,42.15354593831556,42.1930446592638,40.94341389206292,41.7253303527832,14692000
2021-01-26,41.53321449747443,41.92641749720312,41.464090027225396,41.642738342285156,10742000
2021-01-27,40.89493537716724,41.022410699330514,39.63542823694094,39.92180252075195,21857000
2021-01-28,40.89402610837406,41.15885306710358,40.130958588783365,40.55378723144531,16946000
2021-01-29,40.3886169147736,41.124750551335296,40.18483243449895,40.44247817993164,22069000
2021-02-01,40.922760621240386,42.131995340103,40.719876796222835,41.90038299560547,17027000
2021-02-02,42.17149491750995,42.8187512644002,42.01349320679954,42.810672760009766,16141000
2021-02-03,42.81515842480584,42.957896920230354,41.7073657871317,41.76123046875,17857000
2021-02-04,41.29531502195418,42.297176287022054,41.06908949984235,42.249595642089844,15243000
2021-02-05,42.58175025485756,42.814263230707844,41.77649223258285,41.83484649658203,12488000
2021-02-08,42.08082710536465,42.5000635095855,41.79624729315308,42.435428619384766,17610000
2021-02-09,42.37258643200858,42.658960694682186,42.069154504042984,42.60868835449219,12758000
2021-02-10,42.84030291128354,42.86543908267791,41.78816921291757,42.197532653808594,14587000
2021-02-11,42.524300340667594,43.032413974399006,42.120323735580946,42.946231842041016,17123000
2021-02-12,42.94534241354498,43.720974896597106,42.632034039554036,43.65813446044922,13551000
2021-02-16,44.06748961704037,44.417601530663205,43.72096662792043,43.91038513183594,15163000
2021-02-17,43.47050515472576,43.640174311917455,42.647292115656526,43.31340408325195,14084000
2021-02-18,43.11141493088345,43.576437536429026,42.653577024076625,43.383426666259766,16715000
2021-02-19,43.741610620894434,44.44991633531823,43.69851955759381,43.984893798828125,17992000
2021-02-22,43.44985355791194,43.68415757907396,42.67062890862993,42.76399230957031,16967000
2021-02-23,42.2953782655002,42.60778934088527,40.94161063701632,42.36360549926758,21303000
2021-02-24,41.98477713946003,43.21735033182971,41.53411704161612,43.16977310180664,15125000
2021-02-25,42.619455363748955,43.03510279490195,40.865303550643354,41.04035949707031,23148000
2021-02-26,41.97130126152424,42.710130005955556,41.361749140431975,42.18136978149414,22640000
2021-03-01,43.063835910690344,43.98849084692388,42.539565246495705,43.95078659057617,24677000
2021-03-02,44.02171104663432,44.06569935122621,43.05486215234694,43.13655471801758,18546000
2021-03-03,42.91122226555383,43.21555144337347,41.47216959002933,41.57002258300781,23991000
2021-03-04,41.44523939841459,41.9237273204374,39.62824689768859,39.8221549987793,34575000
2021-03-05,40.77913565657773,40.93623676274721,38.871471050619334,40.41017150878906,42414000
2021-03-08,40.113012624727645,40.214457960999695,37.63798682284279,37.81663513183594,45243000
2021-03-09,39.11294369216896,40.11929101183934,38.65600311369894,39.82304382324219,37884000
2021-03-10,40.15970029273966,40.75937951517604,39.059985883314084,39.28351974487305,19914000
2021-03-11,40.30961871538576,41.0663989919056,39.68749503519528,40.72885513305664,26170000
2021-03-12,39.98104935022106,40.710898969694995,39.90564083672972,40.502628326416016,18906000
2021-03-15,40.86260725739416,42.303454036694035,40.68395898224214,42.26215744018555,31241000
2021-03-16,42.30704668300645,43.4498519266742,41.96052714750853,42.92737579345703,31190000
2021-03-17,42.21997384226544,43.74341418369961,42.19394043960171,43.41305160522461,23754000
2021-03-18,42.60239688864067,43.39149441571662,41.63195596656775,41.66786575317383,28728000
2021-03-19,41.35122338408507,43.127229121927826,41.084322772868724,42.92637634277344,108602000
2021-03-22,42.78613743256409,43.54340436656006,42.67394897167976,43.00056076049805,31805000
2021-03-23,42.864840503321524,43.008694758097946,41.857864171201456,41.98543167114258,24712000
2021-03-24,42.47308654235463,42.52194335311441,41.33492233764096,41.37111282348633,20882000
2021-03-25,41.16212358733139,41.981821351073364,40.6509458106903,41.77191925048828,17537000
2021-03-26,41.31412246291807,43.69901934623628,41.31412246291807,43.61216354370117,28925000
2021-03-29,43.46377637283116,43.53253691042998,42.36632395571473,42.7598876953125,28410000
2021-03-30,41.96915080377403,41.980008640961145,40.85993610710165,41.27069091796875,27935000
2021-03-31,41.52764004875037,42.25776578850767,40.930510741900406,41.949249267578125,28684000
2021-04-01,42.71013612772258,43.11817477069111,42.45047297681474,43.06117630004883,23528000
2021-04-05,43.45472975278509,44.29975998736802,43.1398801218785,44.19480895996094,22966000
2021-04-06,43.70988034747014,44.171297086269924,43.22312750072507,43.77773666381836,18063000
2021-04-07,43.428504812995634,43.78135351540263,43.24665154234218,43.65016555786133,12074000
2021-04-08,44.14957863792008,44.14957863792008,43.43845241180618,43.92339324951172,18121000
2021-04-09,43.427598642156795,43.90801485072528,43.11455742784639,43.88811111450195,16614000
2021-04-12,43.60220728482819,43.91796118086262,43.30092820341391,43.7596321105957,23247000
2021-04-13,43.87996320283239,44.17128869875492,43.45382934450335,43.8763427734375,15281000
2021-04-14,43.65106472391163,44.25904836245006,42.992412330846726,43.183311462402344,18220000
2021-04-15,43.5759798221746,43.63659527858999,43.13627530824002,43.4276008605957,18370000
2021-04-16,43.471019200485124,43.58863655997225,43.136265817207004,43.318119049072266,16263000
2021-04-19,43.113649509372145,43.13807791807408,41.62263649318825,41.7990608215332,26319000
2021-04-20,41.61901056593266,41.80176803345477,41.12411619657875,41.370208740234375,19128000
2021-04-21,41.18564589691257,41.64887452768929,40.94860266262949,41.59911346435547,25947000
2021-04-22,41.17478200148733,41.72124592185173,40.62289261434166,41.175689697265625,27057000
2021-04-23,41.48149929298699,42.32833822829483,41.3919307526001,42.17272186279297,22890000
2021-04-26,42.253232056654966,42.86936072184451,41.94109517294591,42.690223693847656,18271000
2021-04-27,42.857608768860544,42.90827407774569,42.07591345959531,42.192623138427734,13267000
2021-04-28,42.103952789464394,42.15823852030805,41.26073445465219,41.54572677612305,15940000
2021-04-29,42.494803244031125,42.494803244031125,41.53034713564013,42.187191009521484,14650000
2021-04-30,41.59186925482516,41.68415395831377,41.060784401684636,41.2743034362793,19367000
2021-05-03,41.59549527205875,41.60364037649658,40.55775719694739,40.72603988647461,15098000
2021-05-04,40.46185156773561,40.50527946569913,39.56525167323864,40.21937942504883,23497000
2021-05-05,40.75046840559388,40.8436573740308,40.02305535631283,40.155147552490234,16388000
2021-05-06,40.152436615358404,40.631044355342716,39.794158993886235,40.584903717041016,13495000
2021-05-07,41.128645847616916,41.47154435890386,40.64098882618023,40.94679260253906,11712000
2021-05-10,40.56679540185035,40.58036597043149,39.42591507823515,39.455772399902344,25239000
2021-05-11,38.45150765362268,39.9678529799581,38.27508336519944,39.8149528503418,17887000
2021-05-12,38.83964798773687,38.98169030250099,37.9213359325522,38.21446990966797,29940000
2021-05-13,38.89393632551104,39.33997397475269,38.50942182471281,38.95817565917969,21841000
2021-05-14,39.48201761278281,40.271858003268555,39.08936148032356,39.955196380615234,16964000
2021-05-17,40.002247849694776,40.002247849694776,39.16083784116029,39.80320358276367,15725000
2021-05-18,40.16328091783065,40.21032924032209,39.200636760140256,39.24225616455078,17824000
2021-05-19,38.54199261313066,40.03481770467877,38.514851468260304,39.96424865722656,21369000
2021-05-20,40.328848240036734,41.55477241208076,40.29084926723454,41.165733337402344,21886000
2021-05-21,41.436261429151116,41.436261429151116,40.6536584060985,40.8255615234375,13216000
2021-05-24,41.339460139762984,41.8388758880374,41.288794824015085,41.54483413696289,14420000
2021-05-25,41.79000370416509,41.88590883199968,41.30144597489773,41.57648468017578,9600000
2021-05-26,41.687773905289006,41.808104000516764,41.213690931797814,41.66244125366211,9873000
2021-05-27,41.61810728281051,42.38171067871388,41.58644146966966,42.312950134277344,19098000
2021-05-28,42.52285910794576,42.94085139458101,42.31296044559225,42.733665466308594,19946000
2021-06-01,43.015031568506416,43.246645877242635,42.26952678713768,42.36995315551758,16277000
2021-06-02,42.68842934537621,43.21951438873852,42.474910234304176,42.86033248901367,13286000
2021-06-03,42.41428524158355,42.501141038657096,41.91305764492946,42.05238723754883,20389000
2021-06-04,42.5680853757321,43.282831963710485,42.479421098422456,42.9752197265625,23865000
2021-06-07,42.79426291883341,42.928167006110215,41.841572508512634,41.96009063720703,24142000
2021-06-08,42.34642375736758,42.739079834018156,41.93567243759598,41.93748092651367,16615000
2021-06-09,42.268624544667915,42.268624544667915,41.77373008720722,41.97367858886719,12126000
2021-06-10,42.115714963686116,42.481229912091344,41.637107330925495,42.40251922607422,15413000
2021-06-11,42.38171194148465,42.7155610817781,42.26499882596529,42.586181640625,14508000
2021-06-14,42.56718352693283,43.056649019954996,42.16638231621034,43.050315856933594,14675000
2021-06-15,43.11635854314873,43.117266238957896,42.39166180200185,42.58980178833008,11131000
2021-06-16,42.54727133373959,42.62417351923561,41.75200223343797,42.138328552246094,20437000
2021-06-17,42.0596202270029,42.99693174838259,41.97457637931725,42.62870407104492,20881000
2021-06-18,42.275854846332024,42.50113596455984,41.664247361557834,41.93476486206055,28537000
2021-06-21,42.05056568399378,42.43444121437144,41.80163894896292,42.36423110961914,18591000
2021-06-22,42.54387092505925,42.726236360158985,42.06425076989641,42.34965133666992,13722000
2021-06-23,42.2958532111831,42.662403229164276,42.2210830041579,42.55116271972656,17674000
2021-06-24,42.84567643102471,43.18852507197447,42.728053193608964,42.86117935180664,12502000
2021-06-25,42.978801375967244,43.07910252271355,41.943883180140205,42.14448547363281,19100000
2021-06-28,42.49098632159813,43.42925584775641,42.44630715162218,43.111026763916016,13987000
2021-06-29,43.07181523298343,43.52225566314259,42.923189613169605,43.507667541503906,14184000
2021-06-30,43.59701589466462,43.638961082689136,43.08639349254283,43.47938919067383,15381000
2021-07-01,43.5705825507884,43.5705825507884,42.758148719317035,42.8228874206543,11153000
2021-07-02,43.47301196017948,43.63805528704325,41.552712382141635,42.688846588134766,37054000
2021-07-06,42.89218540108924,43.47119188932237,42.700703269074936,43.154788970947266,13870000
2021-07-07,43.31162736075733,43.34445237516512,42.52472442449858,42.81377029418945,12581000
2021-07-08,42.346907943793475,42.954182724876006,42.08612358612352,42.90129470825195,16011000
2021-07-09,42.81649767081011,43.84777054436481,42.67607746100049,43.78394317626953,16782000
2021-07-12,43.887893392792506,45.045909779696636,43.1529637953895,44.291831970214844,33142000
2021-07-13,44.253535583455914,44.454134409928066,43.94989815809378,44.133174896240234,11806000
2021-07-14,44.60641722089495,44.86173024211587,43.835928499437905,43.91252136230469,14020000
2021-07-15,44.066611452003364,44.17329534510094,43.140199704103985,43.52499008178711,12624000
2021-07-16,43.681814968117735,43.793058937733804,42.60586643840203,42.67972183227539,13980000
2021-07-19,42.26120073696965,42.48824531915831,41.7241359849447,42.46089172363281,14938000
2021-07-20,42.66331877043842,43.06087116111582,42.242054595701944,42.72714614868164,20727000
2021-07-21,42.82198644345427,43.701896635543534,42.718947811763194,43.67818832397461,13660000
2021-07-22,43.45751910553537,43.67544353138781,43.2669482786886,43.432899475097656,12583000
2021-07-23,43.77026694973082,44.093967390004885,43.47848367478691,44.05475616455078,13489000
2021-07-26,43.964480995723925,44.09760714167386,43.73834776863178,43.97177505493164,11160000
2021-07-27,43.83683369202764,43.93257475722234,42.6551089418666,43.34444808959961,14715000
2021-07-28,43.466632626913785,43.68364919233739,43.24961953982144,43.55325698852539,8359000
2021-07-29,43.628028029649336,44.29913031841862,43.53410960560089,44.142295837402344,9162000
2021-07-30,43.94625306938344,44.345631588668375,43.72832865800344,44.25992202758789,11548000
2021-08-02,44.59273445815285,45.09879686180583,44.08758685560069,44.19426727294922,15619000
2021-08-03,44.26812348834009,44.47510852950161,43.763883760627024,44.386661529541016,11135000
2021-08-04,44.54531695352469,44.67753178710208,44.13317301056733,44.47875213623047,12123000
2021-08-05,44.71857558433722,44.71857558433722,44.21342440159188,44.46691131591797,8372000
2021-08-06,44.22983977610342,44.507946330581625,44.135010011554556,44.262664794921875,9964000
2021-08-09,44.35930713086748,44.39030949669165,43.8587161421636,44.19426727294922,5952000
2021-08-10,44.30550844993811,44.355659025736884,43.569667535093444,43.97360610961914,9319000
2021-08-11,44.206121579141474,44.311894152418866,43.74838710733997,44.09123229980469,9816000
2021-08-12,43.97543222265267,44.2234476747369,43.469369811201034,44.15597152709961,8702000
2021-08-13,44.00551905131566,44.58543681434586,43.95992508984783,44.32921600341797,8582000
2021-08-16,44.20794289436779,44.579964288421465,44.16873167108332,44.5097541809082,9188000
2021-08-17,44.27724362451701,44.33469174330475,43.26785624649758,43.64808654785156,16499000
2021-08-18,43.462069303316795,43.50127704718707,42.70525410536665,42.76178741455078,15616000
2021-08-19,42.522890353686144,43.38730078931629,42.186427931805035,43.177581787109375,14044000
2021-08-20,43.11283851236585,43.423769952737864,42.89582199508503,43.32711410522461,10007000
2021-08-23,43.43290435031874,44.331962710313974,43.375459698959915,43.99094009399414,15707000
2021-08-24,43.98637715614928,44.04473312207771,43.78212605790271,43.89793014526367,9429000
2021-08-25,43.91068308970793,44.33923774442613,43.91068308970793,44.07845687866211,10017000
2021-08-26,44.041086288052,44.507029669793205,43.82225053661969,44.29092788696289,10836000
2021-08-27,44.497902666763764,45.266572082602735,44.37298536477893,45.22098159790039,16459000
2021-08-30,45.591179821047426,46.306961205104635,45.431611387339956,45.489967346191406,19614000
2021-08-31,45.70880542902089,45.70880542902089,44.92554792131675,45.3367805480957,17378000
2021-09-01,45.25107705836382,45.521889523987426,44.942882962725484,44.96750259399414,12586000
2021-09-02,45.20729556540646,45.2246211300197,44.69393919026598,44.852596282958984,16991000
2021-09-03,45.21825171486356,46.13828085900448,45.13892488431239,45.37964630126953,25191000
2021-09-07,45.37233519993212,45.37233519993212,44.77053183741618,45.280242919921875,12398000
2021-09-08,45.55653667023524,45.58115282101444,44.50702671653914,45.078739166259766,13987000
2021-09-09,44.939229333204956,45.47264534412562,44.939229333204956,44.99758529663086,13174000
2021-09-10,45.32219530322396,46.137363070271356,45.272956047944284,45.42249298095703,16110000
2021-09-13,45.773552158490624,45.81640868097654,44.9766177138159,45.49635696411133,14927000
2021-09-14,45.77355001503389,46.08539285494206,45.44164415993839,45.761695861816406,14134000
2021-09-15,45.784494309626915,46.56683714201803,45.53830148761627,46.47930145263672,23346000
2021-09-16,46.06532559787506,46.42549631310309,45.61032515113127,46.26136779785156,17569000
2021-09-17,45.95317575311775,46.2859929147357,45.68236332298817,46.138275146484375,34470000
2021-09-20,45.499995755861235,45.86472308260651,44.53711032619099,45.11885070800781,30105000
2021-09-21,45.32735524723328,45.351237302082325,44.73124640428673,45.09772872924805,16935000
2021-09-22,45.39716416078111,46.20085701366634,45.21070823179862,45.979496002197266,20610000
2021-09-23,46.155845731002245,46.59489219934022,45.97949134095886,46.32025909423828,18370000
2021-09-24,46.133805163401746,46.43048082807596,46.00153936519471,46.3772087097168,10605000
2021-09-27,45.90510215728868,46.45987997053051,45.68465913382508,46.370784759521484,9831000
2021-09-28,45.64975300026899,46.058487926669,45.05639815507542,45.100486755371094,20124000
2021-09-29,45.340211297976865,45.39899492589416,44.79094509546325,44.95903396606445,15783000
2021-09-30,45.421969570713905,45.421969570713905,44.49979133819685,44.54112243652344,15735000
2021-10-01,44.8093218229536,44.88372199745057,43.858668109835726,44.763397216796875,16052000
2021-10-04,44.54112227362607,44.69083713408199,43.42513707318819,43.716304779052734,20093000
2021-10-05,43.715386142576065,44.98751570052348,43.659356506994015,44.58612823486328,16557000
2021-10-06,44.375790127457186,44.947102501874895,44.06074387194816,44.894744873046875,12042000
2021-10-07,45.24836653772011,45.91612156686617,45.24836653772011,45.366851806640625,13261000
2021-10-08,45.63322010018731,45.74160384984383,45.12436692735837,45.26857376098633,10279000
2021-10-11,45.12069304944176,45.88764478313113,45.08486996695631,45.22172927856445,11186000
2021-10-12,45.543211216141195,45.62220140410157,44.27383567210082,44.57326889038086,20991000
2021-10-13,44.19575283963875,44.58244167142336,44.04695601990554,44.548458099365234,16424000
2021-10-14,45.177644270134444,45.84723533786386,45.08211954640166,45.704864501953125,19233000
2021-10-15,46.32945361782413,46.46355544515908,46.02451237635395,46.22382736206055,25103000
2021-10-18,45.96113122630419,46.290872500092114,45.802229351801685,46.233924865722656,16042000
2021-10-19,46.32209957220113,46.923723458947826,46.08787953226429,46.879634857177734,16383000
2021-10-20,46.93566342362747,47.15886044877181,46.700528873724224,46.787784576416016,13458000
2021-10-21,46.79053786222906,47.28377447689716,46.71521969109363,47.22499084472656,11787000
2021-10-22,47.279179991063344,47.889069359798484,47.12119613600487,47.340721130371094,15367000
2021-10-25,47.53177382639644,48.1756468143285,47.319599837159075,47.952449798583984,12416000
2021-10-26,48.242705354186235,49.13916910170492,48.12973157388565,49.03629684448242,24043000
2021-10-27,48.847998721362146,49.23836317734821,47.93316798080976,48.04798126220703,23500000
2021-10-28,48.142582553706355,48.676232298789785,48.07736589827654,48.64133071899414,11872000
2021-10-29,48.08379254583992,48.87830185761691,48.08379254583992,48.83421325683594,15564000
2021-11-01,48.712058433473786,48.91780292638595,48.21514624027209,48.5017204284668,16896000
2021-11-02,48.44659955563099,49.67464377114851,48.375874899680205,49.330204010009766,16262000
2021-11-03,49.51206431050295,49.94743875696529,49.02709325950586,49.81700897216797,14038000
2021-11-04,49.948356677013656,50.43240972578162,49.68382510208869,50.391075134277344,15956000
2021-11-05,50.51783704774692,51.40603160471107,50.50038450630302,51.33714294433594,18674000
2021-11-08,51.61728427878048,51.79363867740339,51.261824980801144,51.33989715576172,17231000
2021-11-09,51.36195577476522,51.61087091329914,50.989961821585105,51.234283447265625,15838000
2021-11-10,50.91279279210713,51.519006670676745,50.3387264864987,50.40485763549805,18450000
2021-11-11,50.76491321520254,51.171812135471264,50.40853240939549,51.01382827758789,14157000
2021-11-12,51.290300912843996,51.97275100174367,50.939431595986306,51.73210144042969,13592000
2021-11-15,52.142678272495715,52.142678272495715,51.420733059510546,51.96632385253906,13972000
2021-11-16,51.81201896182683,52.311685180117415,51.68801865703387,52.241878509521484,13194000
2021-11-17,52.18400764911579,52.47976884383096,51.81293178118975,52.32178497314453,12532000
2021-11-18,52.45588185418031,52.97300051572542,52.321780052982945,52.79664611816406,12712000
2021-11-19,52.93166940177794,53.01709260163671,51.981015703562875,52.237281799316406,19612000
2021-11-22,52.5091624401191,52.54222801903835,50.74563219541002,50.81911087036133,25898000
2021-11-23,50.740123919261514,51.05608819821263,50.3828250361565,50.988121032714844,17109000
2021-11-24,50.814520620448846,51.35184591084542,50.278109827886,51.319698333740234,12084000
2021-11-26,50.680412101908125,51.18834729199659,49.904276788167756,50.204627990722656,14219000
2021-11-29,51.08730916043858,52.129815563618756,50.85584662844532,51.8349723815918,18703000
2021-11-30,51.7366973102819,51.894681186183064,50.701541854167615,50.85585021972656,22574000
2021-12-01,51.755979087037204,52.21523211713114,50.82369599655814,50.95504379272461,21980000
2021-12-02,50.1568629695331,51.35459575168677,49.96673503111232,50.74287033081055,22619000
2021-12-03,51.89008083451883,52.262996172621556,50.55457434181255,51.2636604309082,20305000
2021-12-06,51.86345673465423,52.205142581134304,51.06435725991646,51.893768310546875,22482000
2021-12-07,52.53855562058038,54.47384676472775,52.53855562058038,54.228607177734375,29562000
2021-12-08,54.27820402976684,54.27820402976684,53.49655369872076,54.05959701538086,17998000
2021-12-09,53.49838724784678,54.21390288888411,53.49838724784678,53.58748245239258,29080000
2021-12-10,57.31294486115555,59.220681799961376,56.817872211513475,58.02019500732422,57087000
2021-12-13,58.233295057494935,58.271872150092975,57.060362236065664,57.099857330322266,26898000
2021-12-14,56.74898767287255,56.820630343898266,55.628408982758515,56.47986602783203,35956000
2021-12-15,56.54048543566877,58.86338699925046,56.06010778616757,58.77153778076172,29092000
2021-12-16,58.54190562675567,58.8450143256348,56.166650165931784,57.00983810424805,42748000
2021-12-17,56.720508304165726,58.78347511842323,56.497311283507585,58.32146453857422,50661000
2021-12-20,57.5260468603422,59.343770795544906,57.414905586968494,59.24640655517578,32770000
2021-12-21,59.9091835357988,60.035824804356366,58.541102390707344,59.73725128173828,36534000
2021-12-22,59.467325209862125,60.746671986827195,59.09202434323523,60.565486907958984,28383000
2021-12-23,60.65146444819438,62.001061082498985,60.65146444819438,61.45290756225586,23596000
2021-12-27,61.4529151639882,62.515948764939246,61.42148228470949,62.329227447509766,19442000
2021-12-28,62.631502514527774,62.65091797895501,61.65905785652625,61.84115982055664,17247000
2021-12-29,61.91508939812723,62.580638298362324,61.85223070904058,62.17483901977539,14797000
2021-12-30,62.22013154897987,62.46047277177063,61.3641588123221,61.478782653808594,11473000
2021-12-31,61.653494533987924,62.05467450515574,61.311477765388915,61.50929260253906,12046000
2022-01-03,61.59339930639091,62.09071142494576,61.1219627077603,61.31608200073242,22591000
2022-01-04,61.27543093817823,62.13603028512243,60.75315289348931,62.01863479614258,21103000
2022-01-05,62.04543200324071,62.04543200324071,59.34623182328059,59.43775177001953,34961000
2022-01-06,59.17521836680619,59.960017534439686,58.645549453381086,58.885887145996094,28581000
2022-01-07,58.77681291114702,59.15211379288272,57.16931450978754,57.233097076416016,27832000
2022-01-10,56.281914112092856,57.50024658302486,55.79291321367895,57.41890335083008,29793000
2022-01-11,56.89939388747361,58.051172029734495,56.80972874668351,57.50116729736328,19037000
2022-01-12,58.00587700069969,58.32756144541237,57.2876320068849,57.496543884277344,18806000
2022-01-13,58.00219136774044,58.04008783711526,54.92215026547844,55.203163146972656,30048000
2022-01-14,55.072820991283464,55.4980357956011,54.723406175634594,55.12736129760742,25661000
2022-01-18,54.38322632840923,54.63465756523004,53.24346208160095,53.40985107421875,35825000
2022-01-19,53.76019239548502,54.05137136485674,52.073195068521294,52.132354736328125,22692000
2022-01-20,52.50489160296134,52.70270997985159,50.54242779919506,50.630245208740234,25225000
2022-01-21,50.53040518772991,51.3401630905746,49.116098716541124,49.290809631347656,38010000
2022-01-24,49.07450726657848,50.24107808673321,47.45776294982966,50.06267166137695,54256000
2022-01-25,48.807358844993466,50.4157847453524,48.45794404427489,49.37493133544922,38158000
2022-01-26,51.02588010310973,53.07523384137579,50.84747366813454,51.49916458129883,49715000
2022-01-27,52.66387746094014,52.71379486558926,50.011826685300484,50.13014602661133,34183000
2022-01-28,50.22720150970666,51.81159235487765,49.213154695940126,51.77461624145508,30254000
2022-01-31,51.709915148786735,54.20297502091443,51.395625204694745,54.15768051147461,40288000
2022-02-01,54.15676343096357,54.89903985973856,53.22775864455917,54.78996276855469,25719000
2022-02-02,55.370473713432666,55.90661334783129,54.87407829494209,55.779972076416016,24443000
2022-02-03,55.06265448475592,55.37232155587272,53.625240436751774,53.692718505859375,30602000
2022-02-04,53.27951391029254,55.1421425077546,53.257326830789246,54.55331039428711,20548000
2022-02-07,54.55332129113547,55.60896737037343,53.99869356007774,54.319454193115234,18671000
2022-02-08,54.388775767685644,55.63391812535211,54.26028675800971,55.48324203491211,14570000
2022-02-09,56.14232745594211,56.54628254397443,55.6071082098749,56.51115417480469,22004000
2022-02-10,55.02844177254944,56.816197767317135,54.4063325747497,54.66423797607422,24920000
2022-02-11,54.66424072564624,55.4407215379845,52.604717590820094,53.005897521972656,27281000
2022-02-14,53.15195698223157,53.87389757915541,52.696236696765325,53.482887268066406,19291000
2022-02-15,54.44886621631378,56.02124000470185,54.37676524716288,55.71896743774414,34284000
2022-02-16,54.91382312434807,55.53778365522115,54.281547727345966,55.20500564575195,22931000
2022-02-17,54.51079383432578,54.68457735233288,53.51153596110753,53.521705627441406,21424000
2022-02-18,53.701037613729866,54.32961398994426,52.99295870477831,53.61322021484375,19708000
2022-02-22,53.61321168522578,54.557929136635266,52.67218972929455,53.37934112548828,20204000
2022-02-23,53.63540446707579,54.08280633347043,52.203537246043965,52.24513626098633,22416000
2022-02-24,50.987051220881206,54.14011683137205,50.75040900505224,53.61414337158203,35316000
2022-02-25,53.598430786435685,54.4812135602186,53.05951603484193,54.35457229614258,22380000
2022-02-28,53.70658089047613,54.75113330639551,53.2795183629479,54.301883697509766,25005000
2022-03-01,54.05692245843227,54.31852337794291,52.25530114748211,52.70085525512695,24898000
2022-03-02,53.10758033581669,54.58751713514809,53.02069034081481,54.148433685302734,21771000
2022-03-03,54.87868911153011,54.88053685925006,53.090009372602815,53.48472213745117,26454000
2022-03-04,54.796422258733536,56.00921130490496,53.98481664820792,55.09222412109375,44757000
2022-03-07,55.19299054729206,55.35013376600449,52.68976437910939,52.75447082519531,26494000
2022-03-08,52.890354460876644,55.09777872929799,52.099084542805706,53.23977279663086,26993000
2022-03-09,54.42667835163288,55.61450884222819,54.26121321695863,55.187442779541016,22560000
2022-03-10,54.12809960226258,54.54037308868965,53.27859392626318,54.32868957519531,19323000
2022-03-11,54.72340253457243,54.9480273371831,53.347923393674414,53.415401458740234,19813000
2022-03-14,53.33312696956411,53.61229205465869,52.20445626793088,52.486392974853516,25234000
2022-03-15,53.36178449809273,55.16340215201178,53.15564777006045,54.79365158081055,28260000
2022-03-16,55.15323852683625,56.175603821916276,53.9894394091558,56.12106704711914,29454000
2022-03-17,55.89921293227862,56.10997256230429,55.243826614345046,55.709712982177734,18174000
2022-03-18,55.82987961100034,56.68400808396091,55.09222272168398,56.4251823425293,41538000
2022-03-21,56.35911791067126,56.35911791067126,54.801238960812675,55.95801544189453,25789000
2022-03-22,55.99803230925502,57.094315399148314,55.7756090180807,56.8932991027832,19262000
2022-03-23,56.58246304930934,56.896087920456026,55.75978485731702,55.78025817871094,13839000
2022-03-24,56.45497429346798,58.37114896437358,56.024093704761704,58.297630310058594,26016000
2022-03-25,58.35810850690671,58.66800932915817,57.705734863822485,58.52469253540039,14538000
2022-03-28,58.24644050523552,58.93697050721905,57.30649949159017,58.89788055419922,14427000
2022-03-29,59.56049018800943,60.05465448280009,58.62985752882179,59.697296142578125,23001000
2022-03-30,59.45533248359604,59.959735238399766,58.3813829687617,58.731300354003906,18626000
2022-03-31,58.67453090295651,59.467431072616556,58.44838712798969,58.60007858276367,21731000
2022-04-01,58.78713334646315,59.05515742716761,57.57731159766146,58.34880828857422,16267000
2022-04-04,58.29668941506188,59.255243467565606,58.11987048794073,59.081214904785156,16484000
2022-04-05,58.58796920556562,58.84017052125183,57.047770044389054,57.152000427246094,19778000
2022-04-06,56.03153433529479,56.91656624069671,55.2581773609926,56.02408981323242,23742000
2022-04-07,55.82214466558946,56.54896718089231,55.20885732696416,56.12180709838867,16583000
2022-04-08,55.59413066820609,55.7067392604383,54.532279924567796,54.628135681152344,20464000
2022-04-11,54.21679584822193,54.8403215636017,53.923647844398786,54.03346252441406,23512000
2022-04-12,54.824499441228156,55.70674092667741,54.178640154330445,54.448524475097656,17350000
2022-04-13,54.76772876820233,55.53178091107836,54.539724768238514,55.143707275390625,20266000
2022-04-14,55.37170967379112,55.56435130393793,53.31221856202425,53.40435028076172,27385000
2022-04-18,53.3112889290487,55.020862709488206,53.3112889290487,54.58160400390625,21375000
2022-04-19,53.91712749414543,55.71696906198933,53.91712749414543,55.61646270751953,16581000
2022-04-20,56.22881552344339,57.0877896574488,55.38473398071234,55.62576675415039,13920000
2022-04-21,56.3535346313901,57.314879113434884,54.96875410696679,55.16139221191406,20352000
2022-04-22,54.9175672566565,55.72070230411628,54.55927168224141,54.62348556518555,21064000
2022-04-25,54.115355405833725,54.79192643825478,53.15029052897722,54.71002960205078,26959000
2022-04-26,54.330336797313784,54.48482216284495,52.088442304259296,52.121944427490234,35809000
2022-04-27,51.72362934268813,53.05350415935652,51.650110700125886,52.07261657714844,19313000
2022-04-28,52.66822247085638,54.44386678376321,51.92650747265315,53.87804412841797,22334000
2022-04-29,53.28989473181699,53.81663109128961,51.50121772122179,51.59334945678711,26108000
2022-05-02,51.84926933426169,53.75706560159652,51.77854105239433,53.63701248168945,26725000
2022-05-03,53.605373544432716,54.60487069385351,53.210781944749115,54.08557891845703,17064000
2022-05-04,54.143283351001074,56.216733706508094,53.41645727317866,56.1785774230957,23896000
2022-05-05,55.30098596357081,55.63973478169026,53.44530488556509,53.975765228271484,32806000
2022-05-06,53.505783336361915,54.90545609188395,52.99300606097516,53.98598861694336,20745000
2022-05-09,53.31407742626906,53.7905622715899,52.140551819243235,52.387168884277344,30074000
2022-05-10,54.02229912570548,55.014355376372535,53.213579766434975,54.106056213378906,29271000
2022-05-11,53.47229136706368,54.41316245996204,52.66077815666465,52.77710723876953,26660000
2022-05-12,52.43184110162749,53.382016906020425,51.953495999514224,53.192169189453125,25518000
2022-05-13,53.702164160503656,55.05530283454026,53.371786412533154,54.7435417175293,19449000
2022-05-16,54.384309650862114,54.827292403815534,53.757993575303324,54.22517013549805,14189000
2022-05-17,55.41452019517127,56.67553057717313,55.24328554607898,56.5964241027832,24676000
2022-05-18,55.83795041167602,55.90495464574012,52.690551301871864,53.099098205566406,35024000
2022-05-19,51.92930134933077,52.18522674904667,50.1573774020843,50.83208465576172,34884000
2022-05-20,51.54773586119045,51.64917588735116,47.68933343266289,50.551029205322266,40281000
2022-05-23,48.76515380354449,49.841893654784045,47.85871493286482,48.98478317260742,58586000
2022-05-24,49.01270540458946,49.218375869891084,48.03833207875302,48.78376770019531,25060000
2022-05-25,48.755845586517474,50.01685244318351,48.755845586517474,49.475223541259766,17842000
2022-05-26,49.46684760973301,51.61009592455691,49.111345963271994,51.246219635009766,39743000
2022-05-27,52.30993403106821,54.48482436558852,52.116362255594794,54.281944274902344,37301000
2022-05-31,54.39548298682773,54.630931530455456,53.60444304779149,53.98879623413086,30009000
2022-06-01,54.68211292851281,54.994807687017975,52.89995054459181,53.38294982910156,18345000
2022-06-02,53.76729338214902,53.76915362470052,52.87202325358891,53.67329788208008,29488000
2022-06-03,52.94090559853054,53.00883997084755,52.20663500409741,52.42440414428711,20562000
2022-06-06,53.18752078937913,53.29919572003092,51.886497374543666,52.22990036010742,14557000
2022-06-07,52.16568505393817,53.46856867623866,51.88556228832924,53.32432174682617,15895000
2022-06-08,53.215434969635574,53.629566211110536,52.31458396426517,52.6142463684082,24004000
2022-06-09,52.223377168496356,53.38480406194563,51.736653902932076,51.76364517211914,18787000
2022-06-10,51.19317832558004,51.28158957705585,50.22811328241682,50.37236022949219,24018000
2022-06-13,49.023873362332566,49.60272491699281,48.022512323478026,48.17141342163086,31619000
2022-06-14,48.85542491576427,48.85542491576427,47.889426327782154,48.40871810913086,24380000
2022-06-15,49.244426938939625,49.679961622308575,47.975972067671584,49.01735305786133,19141000
2022-06-16,47.643745101170964,47.874543054066876,45.81319129514458,46.26919937133789,37244000
2022-06-17,46.06631954057475,46.565138024203044,45.402777248219955,46.406002044677734,43504000
2022-06-21,47.300247017744226,47.94113744373401,47.18858409221335,47.271156311035156,21901000
2022-06-22,46.571138780545255,47.271144701068536,46.373145195581614,46.55143356323242,24721000
2022-06-23,47.08160173385235,47.08160173385235,46.07381851089101,46.59647750854492,16707000
2022-06-24,47.38656298019503,48.02463975817055,47.05344994720251,47.770347595214844,21201000
2022-06-27,48.21232671620996,48.23484543850852,47.182020896136294,47.45320129394531,13207000
2022-06-28,48.10066243761452,48.245167411999134,46.74005700515572,46.7719612121582,15667000
2022-06-29,46.49326327357992,46.53548721201193,45.666578265362396,46.017520904541016,14444000
2022-06-30,45.79419745885821,46.32999334980895,45.10732462332109,45.58588409423828,18890000
2022-07-01,44.98534236098641,45.441375957799316,44.048870044456756,44.83802032470703,21315000
2022-07-05,44.29002207516342,44.75262762350537,43.53089681177432,44.693511962890625,20711000
2022-07-06,45.09044125741917,45.70224460176182,44.618450143658904,45.28561782836914,22975000
2022-07-07,45.80170308668541,47.047828348150816,45.80170308668541,46.780399322509766,21319000
2022-07-08,46.259617486007414,46.88268192761721,45.979051636677184,46.79447555541992,12713000
2022-07-11,45.93119333019055,46.13105903068531,45.132657622137074,45.30906677246094,21449000
2022-07-12,45.774489134278234,46.22301645696106,45.047268072453484,45.169254302978516,21159000
2022-07-13,44.56964933423335,45.56992638592851,44.31723280556263,45.203033447265625,17665000
2022-07-14,45.27058964374684,45.66751108721868,44.42419950789059,45.47608947753906,19957000
2022-07-15,46.05692936723535,46.42382230174756,45.615904716262826,46.39754867553711,18714000
2022-07-18,46.93241448715956,47.143544943897886,45.809213200380455,46.07851791381836,18042000
2022-07-19,46.61712390278389,47.98241823430933,46.53173461625506,47.76190948486328,27257000
2022-07-20,47.81257652146383,48.5698260954373,47.33683417504103,48.021827697753906,27412000
2022-07-21,48.09502777433719,48.588596159508256,47.482286644473,48.57640075683594,13912000
2022-07-22,48.68243124989323,48.77438894954056,47.54421399448025,48.09220886230469,17867000
2022-07-25,47.89890993419585,48.16727678440554,47.530137736082494,48.1475715637207,15061000
2022-07-26,48.29020599023177,48.494764458230456,47.754406485754146,47.958030700683594,17958000
2022-07-27,48.62519102527351,49.750271461231485,48.50602186519348,49.52506637573242,25699000
2022-07-28,49.60012885819002,50.34423799747388,48.84850990086586,50.0711784362793,14867000
2022-07-29,49.91823417177176,50.46716684343423,49.75777533227221,50.24665451049805,18482000
2022-08-01,49.86662250035579,50.651079948045236,49.77372339772435,50.33016586303711,11485000
2022-08-02,50.034589742598136,50.595721434521025,49.47252021814388,49.84598159790039,13072000
2022-08-03,50.228821565021626,51.42146159960623,50.119034322196335,51.30323028564453,19228000
2022-08-04,51.45994555273947,51.90472161653482,51.14090706936631,51.87187957763672,16293000
2022-08-05,51.1305799681408,51.79680613528518,50.97856519897709,51.744258880615234,14357000
2022-08-08,51.548138472695214,51.88969558805951,50.55255066844191,51.18968963623047,13722000
2022-08-09,50.585396748178006,50.60979470966078,49.521311301002946,49.995174407958984,20072000
2022-08-10,51.23941949589755,51.7048420708032,50.599467034915094,51.64760208129883,19519000
2022-08-11,51.97978670494006,52.33823560413503,51.06958802023884,51.18031311035156,14268000
2022-08-12,51.40363905863841,52.398289206588665,51.20095626712075,52.38140106201172,18399000
2022-08-15,52.006067144404106,52.52778845974894,51.65606227164478,52.44990539550781,14329000
2022-08-16,52.314773964269975,52.354184406418696,51.234738135186554,51.76396560668945,14782000
2022-08-17,51.08084308793717,51.11274728768098,49.8300252095483,50.53847885131836,19022000
2022-08-18,50.990772978978065,52.600040089961745,50.823745702376456,52.40205001831055,23459000
2022-08-19,51.68983345935821,52.13273380339101,51.4092676246054,51.461814880371094,16923000
2022-08-22,50.91194344335814,50.96073578875655,49.45562920754943,49.61514663696289,18555000
2022-08-23,50.09370122706476,50.44746093511194,49.6301578497929,49.711795806884766,9003000
2022-08-24,49.69114943148781,49.8544217552402,49.11688101142677,49.811256408691406,11883000
2022-08-25,50.05617044795229,51.65417610962578,49.94450753337892,51.621334075927734,17345000
2022-08-26,51.50028406415506,51.70202900184024,48.794089833684296,48.874786376953125,25682000
2022-08-29,48.79409744994406,49.051203177325924,48.043419743539964,48.24797821044922,16580000
2022-08-30,48.49757789537889,48.59798325384378,47.04783190455595,47.517005920410156,18282000
2022-08-31,47.870759277282495,47.870759277282495,46.59272979156518,46.833885192871094,32445000
2022-09-01,46.116988166137325,46.28776675615981,45.11952450826525,46.167659759521484,31930000
2022-09-02,48.60642031756752,48.776261057726906,46.75787739573036,46.93803787231445,40426000
2022-09-06,46.77946338095407,47.292740566694555,46.01376963856953,46.748497009277344,24738000
2022-09-07,47.19046361981883,47.802266968688684,46.83107684937989,47.39877700805664,20440000
2022-09-08,47.16136897083921,48.11285378689502,46.7954138230506,48.03684997558594,22535000
2022-09-09,48.36620936549876,49.354291152423194,48.36620936549876,49.01930236816406,23019000
2022-09-12,49.42748007577715,49.850675223302474,49.221983782846756,49.64423751831055,18157000
2022-09-13,48.216061452265635,48.63175026493304,47.075030919693944,47.2598876953125,35136000
2022-09-14,47.586443056654986,48.13725143987735,47.17732255755569,47.926124572753906,20605000
2022-09-15,47.755347611154676,48.0021300209849,46.66217130032793,46.930538177490234,36574000
2022-09-16,46.70345424052122,47.263648089305825,45.9659133998003,47.15198516845703,59012000
2022-09-19,46.39380990469045,47.2355075832216,46.39380990469045,47.09006118774414,17948000
2022-09-20,46.54205886680959,46.807612235668216,45.95277787550761,46.26618576049805,17132000
2022-09-21,46.458268434457224,47.299454581305746,45.585856257741696,45.62086868286133,20669000
2022-09-22,45.64830107478102,45.72210508950623,44.75601858600019,45.19222640991211,23540000
2022-09-23,44.94053988675606,45.22819043595404,43.715191572752985,44.34726333618164,29649000
2022-09-26,44.37563864646394,44.78440683383328,43.64989256201818,43.739784240722656,19361000
2022-09-27,44.42957828803012,44.461746400988936,43.195711696761,43.97539138793945,17850000
2022-09-28,43.652739726686356,44.35388704145818,43.180577294728906,44.08989334106445,27605000
2022-09-29,43.611100178550934,43.6555731726463,42.09526086069368,42.59202575683594,39997000
2022-09-30,42.490775956023725,43.319664299523296,41.97792703392815,42.012939453125,27202000
2022-10-03,42.50781910892932,43.61583970779257,42.29302689149981,43.22126770019531,21479000
2022-10-04,44.33023659835339,45.43352525985568,44.080435528184154,45.4051399230957,27277000
2022-10-05,44.71344525191885,46.183862350425656,44.610306594103896,45.87255859375,18493000
2022-10-06,45.77699075246838,46.33620409853138,45.29725921319378,45.371063232421875,17250000
2022-10-07,44.6973574594976,44.78819484506804,43.43321407063871,43.57136154174805,28425000
2022-10-10,43.52594373230082,43.53540430578933,40.86139721262353,41.4158821105957,33454000
2022-10-11,41.17932889729737,41.51050311898361,40.26906722157528,40.75920867919922,28046000
2022-10-12,40.90018597976342,41.22852305387977,40.49899058981842,40.7412223815918,15046000
2022-10-13,39.49695468091463,41.990232622656656,39.274593310397876,41.441429138183594,27980000
2022-10-14,41.9438691659924,42.0082126157508,40.347602241791705,40.41289138793945,22816000
2022-10-17,41.59093680394823,41.750846136637776,41.008066528293874,41.19541549682617,24120000
2022-10-18,42.41035238418551,42.44252410801918,40.70243197956554,41.144317626953125,20341000
2022-10-19,40.9929217373714,41.472653269739595,40.770560377021596,41.188785552978516,12702000
2022-10-20,41.17271089439697,41.84074082425465,40.511304449854826,40.7156867980957,23402000
2022-10-21,40.88505118519151,42.6421766226032,40.60875625679738,42.554176330566406,26980000
2022-10-24,42.83804542814078,43.411455109070914,42.68475958576347,43.19666290283203,25287000
2022-10-25,43.33575673696798,43.92903327118777,43.22599458632009,43.532569885253906,18246000
2022-10-26,43.33576052623716,44.63869934395977,43.08501378192028,43.637603759765625,29291000
2022-10-27,44.09840575596405,44.54501991977405,43.044322406231515,43.0906867980957,18512000
2022-10-28,43.23828904166084,44.882811601528026,43.11433424469065,44.746559143066406,23094000
2022-10-31,44.174104315322715,44.73804619268264,43.99999871642837,44.483516693115234,19259000
2022-11-01,45.02096435375877,45.11842161019393,43.825892941958664,44.27345275878906,16324000
2022-11-02,44.49865646964721,45.46095675244875,43.12096443461248,43.150299072265625,21070000
2022-11-03,42.66866815086148,42.85033929313554,41.762193003460204,42.023345947265625,23887000
2022-11-04,43.228834570514664,44.367131834281686,42.89008755010298,44.02743911743164,28891000
2022-11-07,44.16652972031878,45.2045289582073,43.674500495938325,44.96608352661133,17687000
2022-11-08,45.536649720324625,46.25104388504638,44.803330800497825,45.61802291870117,20743000
2022-11-09,45.27644158713225,45.32375528251962,44.38037621637272,44.4220085144043,23695000
2022-11-10,46.459214543562794,47.98924670629633,46.09870928559269,47.93247604370117,33970000
2022-11-11,47.7649906274366,49.1086194320066,47.50005126154737,49.02251052856445,26728000
2022-11-14,48.767030511312484,49.67823414418241,48.540882766821824,48.56169891357422,21608000
2022-11-15,50.14567623566994,50.39264018528568,48.816243522853895,49.62147521972656,23315000
2022-11-16,48.89288922704606,49.06509984193435,48.28352498022033,48.42072677612305,25405000
2022-11-17,47.78392191204006,48.51629166332111,47.60792490514148,48.45668029785156,20375000
2022-11-18,48.90707409319184,48.988447295514334,48.351643512984985,48.745269775390625,14536000
2022-11-21,48.53521575393163,49.28367316405393,48.36205944845512,48.96101379394531,18622000
2022-11-22,49.484268829010105,50.175951909631145,49.109567305131996,50.15419006347656,18920000
2022-11-23,50.182573652971264,51.23571125204984,50.03591130394581,50.49387741088867,13964000
2022-11-25,50.21474946327961,50.58282751989436,50.1002588296106,50.14094543457031,7455000
2022-11-28,49.69905472385663,50.03212393018647,48.84746236644461,49.412353515625,23505000
2022-11-29,49.487095052537526,49.756766462567825,48.714038935532,49.334754943847656,12694000
2022-11-30,49.59212840155795,52.19895461258507,48.99790628543812,52.13934326171875,47349000
2022-12-01,52.13934794000182,52.27087192412315,51.281128496437226,52.11285400390625,23006000
2022-12-02,50.8165366131398,51.35114740210972,50.72475353732553,51.17136764526367,19320000
2022-12-05,50.884671526086834,51.046475861528506,49.722717368212464,50.210018157958984,18548000
2022-12-06,50.21095716156281,50.48725209563817,49.36882539139515,49.753936767578125,19655000
2022-12-07,49.165394176710734,49.676351804414395,48.82948785003382,49.061309814453125,16524000
2022-12-08,49.27989105936328,50.37844749111558,49.23920084301579,50.25165557861328,27514000
2022-12-09,52.130830061905414,52.29168506193095,51.190288165606766,51.54228210449219,37028000
2022-12-12,51.54513054575988,52.69194638385595,51.30763077862274,52.66923522949219,23416000
2022-12-13,54.485018207008345,55.05463783722002,53.46404874446547,54.0327262878418,40414000
2022-12-14,53.79712060101649,55.4151494061467,53.719530181053614,54.35444259643555,35218000
2022-12-15,53.34577842958823,53.60220294789397,52.77048093939068,52.798866271972656,36876000
2022-12-16,52.74681757152132,52.96917894134673,52.1242100674439,52.60110092163086,49549000
2022-12-19,52.85967284686789,53.09438267545067,52.06775874785504,52.440818786621094,25092000
2022-12-20,52.01527264751661,52.38070028129698,51.60977616231607,51.90555191040039,29831000
2022-12-21,52.25379960796671,53.61245721443557,52.18510494996393,53.547576904296875,25619000
2022-12-22,52.79573906528889,52.94744311509182,52.20896275231345,52.770931243896484,27553000
2022-12-23,52.47611679659342,52.82150459036184,52.2328174177994,52.70796585083008,13761000
2022-12-27,52.6240001025836,53.24989897721787,52.18415625346254,52.81386947631836,16677000
2022-12-28,52.632583783857584,53.21745287223619,51.75575330511925,51.988555908203125,15410000
2022-12-29,52.652624277689796,53.67829083575667,52.52381723630647,53.22127151489258,18176000
2022-12-30,52.64977453119478,53.396844660217745,52.28625759271009,53.34722900390625,14376000
2023-01-03,53.907283964197475,54.15249051877587,52.551490551210705,52.80814743041992,20173000
2023-01-04,53.71550320631806,54.20878067789783,53.05144266396423,53.453121185302734,17074000
2023-01-05,53.02090439105082,53.41495417678096,52.58296776812033,52.95507049560547,16277000
2023-01-06,53.727911238143875,56.38797159938553,53.64967341935682,56.142765045166016,35261000
2023-01-09,56.51200316574409,57.40600557832267,53.48365456938965,55.041717529296875,37739000
2023-01-10,54.5751595663815,54.87379610006892,52.47516068068315,54.854713439941406,44635000
2023-01-11,54.67056337998815,55.18005906799861,54.08569428623415,55.16097640991211,22502000
2023-01-12,54.91768546815751,55.826002661700585,54.74308439744703,55.5235481262207,19514000
2023-01-13,55.0665301033448,55.52259588538151,55.02073244375127,55.2430419921875,19647000
2023-01-17,54.851855343194835,55.84985340278962,54.817504369509535,55.26593780517578,15835000
2023-01-18,55.64471324589974,56.05975288913287,54.739264189874916,54.79364776611328,15703000
2023-01-19,54.30037154470371,54.39005967989734,53.459799142510946,53.73744583129883,22692000
2023-01-20,53.71932905990447,54.51410393562142,53.345315426813464,54.458763122558594,22950000
2023-01-23,54.57516230803744,55.7954699132808,54.36334950152011,55.49396896362305,23429000
2023-01-24,55.189607201239454,55.976745990438964,54.92150001650198,55.818363189697266,13825000
2023-01-25,55.116140882326995,56.003464602739996,54.960622472318846,55.88038635253906,13766000
2023-01-26,56.331676888667914,57.30009912584588,55.935719886974454,57.11118698120117,24525000
2023-01-27,56.60932583425855,57.17511234329118,56.31068929378832,56.38701629638672,19344000
2023-01-30,55.624681265276315,56.25534808782015,55.31555162945657,55.4767951965332,16984000
2023-01-31,55.53594838599066,56.028268632753495,55.40905215631442,55.81645584106445,23719000
2023-02-01,55.67906411015863,58.03858426758416,55.596058360030604,57.50905227661133,26553000
2023-02-02,57.9746570824131,58.50037108136196,57.222815563987815,57.79719161987305,24188000
2023-02-03,57.05585060854262,58.01377982302016,56.888881871858295,57.019596099853516,19093000
2023-02-06,56.61123456875759,57.55389546064859,56.508192566462874,57.37070846557617,18709000
2023-02-07,57.309637689629845,58.86960769726507,57.219949559701014,58.6253547668457,24025000
2023-02-08,57.884019400003375,58.21796051427438,57.305828955518,57.409828186035156,15290000
2023-02-09,58.44884543862585,58.67115495949596,56.81540912770094,57.19037628173828,18837000
2023-02-10,56.89460365903312,57.09973770611764,56.25725809644441,56.60264587402344,21035000
2023-02-13,56.76961530651098,57.387878216632714,56.62363641219146,57.35353088378906,19847000
2023-02-14,56.69042202851892,57.77906174428729,56.60932345427851,57.46706771850586,17571000
2023-02-15,57.13790518515711,58.036675582538756,56.93181390358012,57.980384826660156,12683000
2023-02-16,57.318227317094006,58.09964457169632,57.20373499968695,57.29819107055664,17449000
2023-02-17,57.24666583061306,57.3277644003583,56.52631093314392,56.82590103149414,14215000
2023-02-21,56.29256466598735,56.587383241770404,55.32318872666601,55.48538589477539,22737000
2023-02-22,55.55311617376093,55.63326115507014,54.58469400996306,54.973018646240234,23475000
2023-02-23,55.88706687391597,55.905195948427696,54.735453903004895,55.70101547241211,18939000
2023-02-24,55.10277819455917,55.36134222191733,54.72876826435936,55.12377166748047,15353000
2023-02-27,55.898508901037474,56.273472409790706,55.74489404352705,55.85843276977539,18321000
2023-02-28,55.868937434772896,57.111192130489435,55.54644664243637,56.70187759399414,27822000
2023-03-01,56.67420843460079,57.07588699070191,56.321184659474646,56.6331787109375,15484000
2023-03-02,56.23436094506741,57.33636188962324,55.9233204805645,57.11787033081055,27525000
2023-03-03,58.93545291931294,60.655716859091825,58.749401514934995,60.372344970703125,46088000
2023-03-06,60.58605140258171,61.449520734262876,60.2740574109233,60.387596130371094,24983000
2023-03-07,60.57365935709755,60.660483100739434,59.489791122436685,59.646263122558594,19334000
2023-03-08,59.89718718361738,60.36947116425462,59.50504818686307,60.32463073730469,20912000
2023-03-09,60.11664093459162,61.29592613448623,59.3342700027438,59.39533233642578,21775000
2023-03-10,59.93631227135541,60.12427084013967,58.469844536920064,58.66162109375,26098000
2023-03-13,57.92312879220954,59.57374051205158,57.90309254702426,58.818084716796875,22364000
2023-03-14,59.47833901856158,60.43054304841485,59.01177651423139,60.34371566772461,25893000
2023-03-15,59.88669669302309,60.115684984888155,58.79233174651275,59.731178283691406,22963000
2023-03-16,59.33141005456521,60.78356678183295,58.9459461061896,60.729183197021484,31716000
2023-03-17,60.729182015696196,61.022093409975454,59.8304079444802,60.20155715942383,79303000
2023-03-20,60.37043142421313,61.51536561139357,60.261664259676756,61.41709518432617,25857000
2023-03-21,61.79955921926587,62.13590019898079,60.95774265360076,61.19029998779297,25000000
2023-03-22,61.20471150327764,62.31944627381556,60.606024584565574,60.63004684448242,25799000
2023-03-23,61.39691381554523,62.28870318406372,60.68867315291617,61.428627014160156,27162000
2023-03-24,61.31330622031361,61.43534942138322,60.40229690794389,61.13456344604492,17228000
2023-03-27,61.40652146842525,61.416129639492794,60.15628616030419,60.23796844482422,14707000
2023-03-28,60.083247650478526,60.2091363116618,59.47110711619911,60.032318115234375,12439000
2023-03-29,60.80879243054922,60.926993832140944,60.026556787370644,60.10919952392578,26395000
2023-03-30,60.80397568727614,61.12302117021612,60.474361584434114,60.90199661254883,21523000
2023-03-31,60.59352578305439,61.71594771941819,60.14859163338529,61.65060043334961,22097000
2023-04-03,61.406526767480386,61.877404173099634,61.16051577632661,61.739986419677734,15682000
2023-04-04,61.80532684523602,61.91007460305389,60.733834338749524,60.965431213378906,13429000
2023-04-05,60.65118479168424,60.704999343547776,60.128413811912345,60.44649887084961,16908000
2023-04-06,59.98042734069567,60.387881971399956,59.481678590178696,59.83435821533203,14493000
2023-04-10,59.39326532860702,60.33694454267117,59.239508944124196,60.29081726074219,15400000
2023-04-11,60.61659182803357,60.6262036644551,59.65945894074165,59.73153305053711,16518000
2023-04-12,60.28602229003797,60.30331773169947,59.221256541154474,59.2635383605957,14112000
2023-04-13,59.49129679586227,60.205303843000024,59.30294216719717,59.988121032714844,17265000
2023-04-14,59.62678309536315,60.35232275307518,59.120347110374766,59.53644943237305,17465000
2023-04-17,59.44708864024595,60.38212027231386,59.3702086037545,60.28794479370117,13201000
2023-04-18,60.697319204611915,61.07017930966372,60.265842288566525,60.76458740234375,16806000
2023-04-19,60.23316488679691,61.19414326975848,60.11400303942848,60.97407913208008,19060000
2023-04-20,60.3359920104163,61.7649701556255,60.266802911363484,60.83185577392578,20239000
2023-04-21,60.59929555069215,60.90680832678602,59.77189313978874,60.82032012939453,14807000
2023-04-24,60.891432331696336,61.39210197793957,60.713653678158686,60.97792053222656,12338000
2023-04-25,60.92506233454688,61.117258730126764,59.74786536861227,59.77477264404297,23670000
2023-04-26,59.57777904506558,59.88144636982537,58.956987090848926,59.21452713012695,17179000
2023-04-27,59.21452675539461,59.589307739950684,57.96910105279364,59.42786407470703,18250000
2023-04-28,59.49128861380638,60.23220283944678,59.05788716929372,60.20529556274414,16183000
2023-05-01,60.20529369744928,61.40555249080045,60.17646185484579,61.30561065673828,17030000
2023-05-02,60.13418315999356,60.205296820983115,58.14111274386765,58.84455108642578,28357000
2023-05-03,59.28275365442716,59.768048752218526,58.850316325496244,58.92719268798828,19816000
2023-05-04,58.61968481607165,59.0002321901761,57.78267414949025,58.63505935668945,17684000
2023-05-05,59.191466822996006,60.68290353863031,58.94353494838836,60.55317306518555,24876000
2023-05-08,60.520498150855936,60.611792271713774,59.63639611866643,60.4513053894043,13934000
2023-05-09,59.84301102485199,59.971784720383056,59.18281855305524,59.43748092651367,16990000
2023-05-10,59.778627376887385,60.349446617832015,59.41441498585021,60.183197021484375,19174000
2023-05-11,60.21298585515278,60.395570432537845,59.38750429021766,60.31772994995117,14430000
2023-05-12,60.38596158913981,60.801103493296665,59.985233774373704,60.65215301513672,11942000
2023-05-15,60.72134702707934,61.50454316273822,60.39461419968115,61.483402252197266,14614000
2023-05-16,61.54681574531004,62.16665087299215,61.38056983771155,61.6409912109375,14967000
2023-05-17,62.20892746209643,63.511048882211924,61.94273607686354,63.18143844604492,24133000
2023-05-18,63.04016970940855,65.28501342164238,63.04016970940855,65.14471435546875,26389000
2023-05-19,65.34653309010223,65.82222005126715,65.19374080467696,65.56275177001953,22968000
2023-05-22,65.48107346021831,65.79627721904453,64.7814841722764,65.18989562988281,17796000
2023-05-23,66.36903800891001,67.17145437018311,65.54067481130316,65.97119140625,36088000
2023-05-24,65.4849100762722,65.76071334340169,64.9679090877852,65.3013687133789,23021000
2023-05-25,67.21179126957227,70.38109465071292,66.38150746713018,70.03610229492188,49263000
2023-05-26,71.82641250280821,78.31782697287301,71.78701936400905,78.10160827636719,82500000
2023-05-30,80.2532245379708,88.58106322695821,76.76390800317459,77.19923400878906,116912000
2023-05-31,76.38817376295948,78.96071491096093,75.92978957145755,77.6432113647461,89998000
2023-06-01,76.93784101698418,77.43467248594773,75.4521708572208,75.91248321533203,80792000
2023-06-02,75.97880417131785,79.16252189358867,75.64822587866591,78.03144836425781,62815000
2023-06-05,77.76235125854313,77.76235125854313,76.34779128405985,77.09928131103516,26222000
2023-06-06,77.07047631305531,77.07047631305531,74.60845268468809,75.91730499267578,37823000
2023-06-07,75.8999954666526,77.40200072279117,75.67800676606751,76.17002868652344,28957000
2023-06-08,76.3891334610696,77.35972372395521,75.80005468318974,77.2818832397461,21909000
2023-06-09,77.43564188414041,78.58401078855017,77.25113273940931,77.3222427368164,19241000
2023-06-12,77.94686352773972,82.4519327450285,77.94686352773972,82.19823455810547,51065000
2023-06-13,82.75273323790782,82.9574191768179,80.81828321965625,81.7907943725586,38990000
2023-06-14,82.25013090821919,85.38676408675607,81.41600536278493,85.15997314453125,43524000
2023-06-15,84.98988927521289,85.33199293903807,83.70313490596874,84.89571380615234,33814000
2023-06-16,85.45788791342565,85.52227475615679,83.16787329342368,83.42349243164062,68299000
2023-06-20,82.89975418350134,84.28452575327488,82.74119188177008,83.41580200195312,27535000
2023-06-21,83.08443142126839,83.6640887709891,81.59663955551466,81.89226531982422,23229000
2023-06-22,81.64398939034072,82.0130351608189,80.69914111552342,81.38700103759766,23464000
2023-06-23,80.57354643122233,80.76772866514906,79.10894287106244,79.42774963378906,37413000
2023-06-26,79.70309080402764,80.86240554015254,79.24129899262869,79.37751770019531,21372000
2023-06-27,80.0586222311044,82.11834725580991,79.31666099293341,81.9637680053711,24923000
2023-06-28,81.02953757651694,82.9424074643763,80.86819938948327,81.9193115234375,19445000
2023-06-29,82.54823482012557,83.35878795144842,81.77149128253711,83.33271026611328,23386000
2023-06-30,83.907544270863,84.49203682704977,83.50275043117749,83.80223846435547,23145000
2023-07-03,83.91720494148318,84.70070753890238,83.55974602402357,84.67269134521484,9038000
2023-07-05,83.79934882240316,84.71714645838294,83.25350839698629,83.26412963867188,14440000
2023-07-06,81.63530033452375,82.49512716850592,81.57057045594237,81.92513275146484,23939000
2023-07-07,82.1598798803824,82.8902542294062,81.60244528725113,81.80435943603516,19409000
2023-07-10,81.9521740970686,84.93644818042202,81.9521740970686,84.79733276367188,30622000
2023-07-11,85.1238762237882,85.30647166791047,83.5317438983324,85.21469116210938,25498000
2023-07-12,85.88611715100865,86.7159964869569,85.20984410118594,85.97789764404297,28197000
2023-07-13,86.84642357512936,86.84642357512936,84.84950479116361,86.01751708984375,25912000
2023-07-14,85.61174293207925,87.2724672041594,85.61174293207925,85.84554290771484,18510000
2023-07-17,86.08030642415704,88.22504542586162,85.96147529423237,87.94874572753906,26819000
2023-07-18,87.52654948937021,87.90525826859414,86.78071873903718,87.28019714355469,24513000
2023-07-19,86.68506544366674,87.5255732866745,85.5605334214963,87.08116912841797,24118000
2023-07-20,86.22810894016595,87.62508582541216,85.59628149553878,85.82234954833984,28268000
2023-07-21,87.3826041073723,88.02602579192492,86.35274908172264,86.63484954833984,74287000
2023-07-24,87.02610795210606,87.47437440830853,86.3913764481536,87.10242462158203,19992000
2023-07-25,87.00872455611314,89.18824607868814,87.00872455611314,88.68684387207031,20042000
2023-07-26,87.8183153188915,87.97481831077792,85.75569389250334,86.28125,19877000
2023-07-27,87.77000368565945,87.90042898223109,85.59628313959927,86.3237533569336,21922000
2023-07-28,86.88313168207407,87.29276074659869,86.3643345370335,86.92853546142578,18791000
2023-07-31,86.70730593180876,87.04543879834117,86.07934068210932,86.81840515136719,14952000
2023-08-01,86.85028404974487,88.94091425068125,86.72661772208433,88.88101959228516,19683000
2023-08-02,88.13713708756651,88.20476366294514,86.01075117683301,86.20494079589844,26877000
2023-08-03,85.65618318609343,86.49764929448914,85.12096406961045,85.49774169921875,18281000
2023-08-04,85.49775915476286,86.33246646244307,84.3761161426809,85.1760482788086,21156000
2023-08-07,85.75859905954812,86.69474988413815,85.52577199810247,86.66480255126953,11146000
2023-08-08,85.9914290573977,86.04069510774761,84.37900518328847,85.3219223022461,14081000
2023-08-09,85.27941066654945,85.35765847662809,81.99467580195889,82.18885803222656,24672000
2023-08-10,82.41975144334084,83.22934648398245,80.86916823792403,81.43240356445312,20186000
2023-08-11,80.5735508903558,80.80444680975737,79.55624820568862,80.16295623779297,20331000
2023-08-14,80.29531798700786,82.52217461322543,79.93303116519857,82.51445007324219,17688000
2023-08-15,82.04200157777993,82.56466092166872,80.8102325901432,81.39568328857422,14035000
2023-08-16,81.90482711046639,82.55307661166911,80.37549369842019,80.47500610351562,16003000
2023-08-17,80.815060076475,81.0961949320424,79.8972626070084,79.90596008300781,19228000
2023-08-18,79.22004739270818,80.00935086946937,78.44716593326227,79.78424835205078,17759000
2023-08-21,80.57837443905078,83.79355166723033,80.35714157650857,83.58100891113281,30012000
2023-08-22,84.37998512559345,84.50943750652078,82.20336012974279,82.67771911621094,17079000
2023-08-23,82.1927179763654,84.84175540825625,82.11832507376947,84.68621063232422,19692000
2023-08-24,87.17585437182872,87.90139344539531,82.35599294135656,82.54920959472656,30934000
2023-08-25,82.79653402234545,83.99642461119824,80.92712938328195,82.29415893554688,24181000
2023-08-28,82.73567240488153,83.48343431452196,81.83913204136141,83.18877410888672,14306000
2023-08-29,82.9298601148902,86.25710231744092,82.73857457166008,85.97596740722656,27822000
2023-08-30,86.21361628181482,86.82419386232174,84.93064270210773,86.20298767089844,23234000
2023-08-31,86.75657395339627,89.23557602254871,86.34694489861927,89.16022491455078,55203000
2023-09-01,87.1294709061865,87.1294709061865,83.53462721784707,84.29397583007812,65017000
2023-09-05,84.00319688303702,85.30646971655887,83.7607067777302,84.26018524169922,24808000
2023-09-06,84.29205921761509,84.76254852054629,83.73559019105481,84.26983642578125,20142000
2023-09-07,83.03612869162487,83.24770588539702,81.20247933424889,82.7975082397461,27789000
2023-09-08,82.60138781053051,83.16462318150484,82.12993293866464,82.84774017333984,16810000
2023-09-11,83.93169264605437,83.95391543499719,81.69807754965223,83.0013427734375,15710000
2023-09-12,82.14153503463939,82.917313242368,81.31262113129254,81.58892822265625,16680000
2023-09-13,81.84687501535198,82.9984653655895,81.56187781568043,82.40141296386719,17413000
2023-09-14,82.9907104625092,84.69490715410957,82.60137311418357,84.2089614868164,19648000
2023-09-15,83.8727718019839,83.8727718019839,81.43240713577691,82.2806396484375,50190000
2023-09-18,81.40149030170869,82.72987508259247,81.15223388671875,82.11833190917969,16541000
2023-09-19,81.73092188780505,82.2178331458862,81.00731397167424,82.0410385131836,13126000
2023-09-20,82.56462013279751,82.56462013279751,80.65687232533757,80.67823791503906,13681000
2023-09-21,77.23380217176096,79.89435552114628,77.23186051903777,78.5208511352539,53654000
2023-09-22,78.80059053201673,80.67919848970092,78.71705501466904,80.53349304199219,27764000
2023-09-25,80.428596876338,81.45435261951634,79.94388778765654,81.00072479248047,15648000
2023-09-26,80.54224722458883,80.64909740456828,78.79768718727004,79.28142547607422,17641000
2023-09-27,79.5796301201278,80.008965070592,78.1342476599793,79.34164428710938,15352000
2023-09-28,79.66802876446529,81.48350374454425,79.1347560554573,80.81714630126953,16180000
2023-09-29,81.249377769227,81.98664238039089,79.93416036936503,80.67919158935547,16481000
2023-10-02,80.53154820242493,81.45434439413413,79.99147242871167,81.10368347167969,14676000
2023-10-03,80.33144742861771,81.18138720000647,78.574259499155,79.14930725097656,18761000
2023-10-04,79.68355837970974,80.67920369053371,79.29210048565511,80.02159118652344,16417000
2023-10-05,79.6621987755615,80.4897948659528,79.21245421834915,80.02645874023438,11474000
2023-10-06,79.5932136347465,82.40917991953596,78.84720419182747,82.10514831542969,21103000
2023-10-09,81.63888999235539,83.20764114681462,81.38342193273522,83.13672637939453,15760000
2023-10-10,83.26010148303956,84.75599646045205,83.12119922562373,83.38249969482422,14718000
2023-10-11,83.50876320112735,85.02699439963644,83.20181170618655,84.95123291015625,14334000
2023-10-12,85.13289020082439,89.16403511073665,85.13289020082439,87.96634674072266,43871000
2023-10-13,88.29661077361166,89.93918209789035,85.68267961114339,85.78855895996094,28312000
2023-10-16,86.5452541626003,88.95617165681995,86.5452541626003,87.67203521728516,21150000
2023-10-17,85.97991536862592,86.74048733440986,84.11976039169286,85.90706634521484,33008000
2023-10-18,85.47481366144467,86.99790669466744,85.01341179862554,86.16253662109375,20404000
2023-10-19,86.1615459200334,86.40146594029214,84.0876910195211,84.29750061035156,26620000
2023-10-20,84.9842791590787,84.9842791590787,82.74432337238557,82.91819763183594,26953000
2023-10-23,83.33877705971578,84.85798658208101,81.8681384881917,83.75257873535156,16456000
2023-10-24,83.92549849769037,85.77108382627392,83.84001390397452,85.58749389648438,14972000
2023-10-25,85.19505469047046,85.35630077299385,82.18481161884898,82.5296401977539,21432000
2023-10-26,82.36256941726694,82.99492559765474,79.49025776816346,80.30717468261719,27917000
2023-10-27,80.62285831654617,81.61462022632627,80.48103617817544,81.4349136352539,18236000
2023-10-30,81.70105977593208,82.51020253255318,80.3460089303138,81.71562957763672,20889000
2023-10-31,81.97209181208945,82.12848378205523,80.87542860233077,81.72731018066406,14747000
2023-11-01,81.78851143971147,82.93763646006077,81.16392913497573,82.85118103027344,18684000
2023-11-02,83.73121754704468,85.52823922918971,83.53694853805543,84.63458251953125,18759000
2023-11-03,85.23680526485974,86.20816486901768,84.61125240698794,85.7399673461914,18041000
2023-11-06,85.63119484548476,86.05179234456895,84.62584128224228,85.56028747558594,12870000
2023-11-07,85.7050139297801,87.59430830904988,85.10665153357469,87.21061706542969,19365000
2023-11-08,87.422387010008,88.67641293939637,87.32525250661882,88.50350952148438,15280000
2023-11-09,88.63659335121433,90.31704928595141,88.25388026712935,88.52780151367188,24486000
2023-11-10,89.53412271607402,93.14854581403635,89.19122837483663,93.0096435546875,36272000
2023-11-13,92.284033102325,92.51230324317771,91.35444108271581,91.98097229003906,16893000
2023-11-14,93.4778340706573,94.8795069420866,92.78914037274559,94.50941467285156,23886000
2023-11-15,95.14566156875037,95.36325262920985,93.92175353990656,94.7464370727539,16099000
2023-11-16,93.6390877072544,94.0956280063344,92.32969509081799,93.20683288574219,26198000
2023-11-17,93.07666537678044,95.57111808204752,92.37631431776894,94.97276306152344,19789000
2023-11-20,94.51331441936557,97.12335484381366,94.51331441936557,96.71926879882812,18674000
2023-11-21,94.7075915272668,96.26176590604948,94.38024519302648,95.3098373413086,43344000
2023-11-22,95.5516939683186,95.96937897263696,94.31903371649062,94.41616821289062,33743000
2023-11-24,94.70369554502247,95.17965976368089,93.90620999313718,95.08349609375,23158000
2023-11-27,94.81928707509591,95.29136800850041,92.21410079977291,92.30249786376953,96962000
2023-11-28,91.30199633484678,92.3627166131237,90.74054752409948,91.92463684082031,39025000
2023-11-29,92.11792596912278,93.1951650091344,91.24661323023324,91.38843536376953,34843000
2023-11-30,91.40495877406035,91.5428902102637,89.20677099838346,89.92169189453125,49571000
2023-12-01,89.60406832039978,90.71530132934261,88.19948272168466,90.33647155761719,29612000
2023-12-04,89.42726943818809,90.43068130159807,89.01929269946729,89.750732421875,25009000
2023-12-05,88.54916815887943,89.0999230914605,87.99063179433513,88.69680786132812,37066000
2023-12-06,89.40008111728982,89.45933116501976,87.72350856594599,87.77596282958984,24813000
2023-12-07,87.96050704324492,89.7652950246406,87.77594632888838,89.5846176147461,43517000
2023-12-08,90.12663274358525,92.35007646201905,88.44521383024212,91.72549438476562,69668000
2023-12-11,92.96008886988771,100.97380619817649,92.87072840407433,99.97622680664062,101184000
2023-12-12,99.85482112318685,104.84760997956903,99.5235841061842,104.15696716308594,90242000
2023-12-13,103.74123572813325,106.82821130747152,103.21086814733563,105.84811401367188,71654000
2023-12-14,106.08998004948212,108.93412299220573,105.9054193105006,107.47999572753906,66964000
2023-12-15,106.3852732542883,111.69472193786766,106.32698662570392,109.7384033203125,118544000
2023-12-18,108.8700123666431,111.88316803325132,108.66019532166354,111.41497039794922,54741000
2023-12-19,111.4393557211867,112.264905390875,110.51329904399712,111.20320892333984,36020000
2023-12-20,110.53186022567988,111.37693076726161,108.24452871336598,108.35382080078125,34523000
2023-12-21,110.52697511911929,110.79727944521467,108.80464214179918,110.0039291381836,24106000
2023-12-22,110.07126554441993,110.46354818366113,108.66119665998725,109.48577117919922,19089000
2023-12-26,109.70629805114899,110.80507791474872,109.58724563597134,110.45280456542969,16793000
2023-12-27,110.85385398831964,111.20222614278046,109.58137579935689,109.89461517333984,20055000
2023-12-28,110.43329346298718,110.4869642112559,109.19984898810576,109.52772521972656,21247000
2023-12-29,109.43502966432925,109.71997079074441,108.77244271351023,108.92662048339844,20558000
2024-01-02,106.57193330115183,107.53604861324787,105.10526807131815,105.91423034667969,28831000
2024-01-03,104.43293175421933,104.90133167375615,102.9799278807977,103.29902648925781,34735000
2024-01-04,103.23852705900545,104.36463006473024,102.20512875208657,102.36516571044922,25658000
2024-01-05,102.61789628347839,102.99455933520345,101.63328493572786,102.3915023803711,22475000
2024-01-08,103.09604790319507,105.1940758928081,102.65692161050563,104.88668823242188,33110000
2024-01-09,103.98600202578312,106.22357853293241,103.89720593928551,105.6322250366211,23225000
2024-01-10,105.42339853485107,105.67808330428771,103.69130535283057,105.44486236572266,17643000
2024-01-11,105.8107976341754,107.4677488020579,104.85350928465766,107.33894348144531,25757000
2024-01-12,108.521633272969,108.87195601835869,107.34185972773632,108.09031677246094,26882000
2024-01-16,108.54507557215072,109.90147368083747,107.20721542543022,108.80074310302734,26145000
2024-01-17,107.95468789429425,108.62020067077067,106.38556494781751,107.69902038574219,18314000
2024-01-18,109.77070088938066,111.88336577014097,109.47600687915715,111.62574768066406,32228000
2024-01-19,112.9333500547597,118.75805120142293,112.80551258775012,118.19207763671875,53077000
2024-01-22,118.68488019694277,120.15642949409673,117.90129026552242,119.099609375,31222000
2024-01-23,119.14839524998544,119.73193898744836,117.44264972664332,119.66655731201172,16952000
2024-01-24,121.22690536936949,125.34977002660064,120.12519216817962,122.3559341430664,34805000
2024-01-25,125.00335427393145,125.00335427393145,119.90953238078863,120.0266342163086,36356000
2024-01-26,119.02154772345378,119.16889846345829,117.12161508415855,117.57537078857422,25818000
2024-01-29,118.55411680232355,119.40894015130235,117.58610021705222,118.83320617675781,21526000
2024-01-30,118.73561033445402,119.83146426504148,117.51777812486917,117.89542388916016,20683000
2024-01-31,116.06966229610765,116.8278797699466,114.59226129494876,115.14750671386719,27400000
2024-02-01,115.86472569363555,117.40067370693936,115.06064733817088,117.1001205444336,19411000
2024-02-02,117.9530155828239,120.48431098055698,117.60171748476702,119.47432708740234,26689000
2024-02-05,119.72998009507096,121.758725248564,119.26060491590654,121.30496215820312,22045000
2024-02-06,123.30248650119036,124.13583853168394,118.26429332804723,119.30940246582031,25354000
2024-02-07,120.41697336846,122.90630139027807,119.70461685546333,122.66722869873047,25768000
2024-02-08,123.63718990201218,126.46416180553668,123.443002909208,124.3944320678711,29326000
2024-02-09,122.17638555537432,125.46686606831152,121.87973352037115,125.24144744873047,26293000
2024-02-12,125.8825726624258,125.88842440387253,122.85652995284642,123.44202423095703,24778000
2024-02-13,120.52627181752618,122.55110862774227,119.74268184527864,122.13931274414062,31907000
2024-02-14,123.8557869705519,124.22269714154905,121.13127998422972,123.1707534790039,27306000
2024-02-15,124.90089639467395,124.90577284623863,121.47574382031601,123.44886779785156,21873000
2024-02-16,122.86043173724356,124.48420810234944,121.23568008189162,121.5372085571289,21268000
2024-02-20,120.59848133250777,120.7799895713901,118.32480400936649,119.68998718261719,26329000
2024-02-21,118.85566110205554,119.83636397535501,117.35678868127042,119.77781677246094,20579000
2024-02-22,125.07264499017244,127.92889063993911,124.56130995462613,127.33558654785156,40819000
2024-02-23,127.67418487241135,128.7719894064272,125.76644276206366,126.50318145751953,23115000
2024-02-26,127.8332391555046,128.69098828782603,126.99987972353979,127.74833679199219,16282000
2024-02-27,127.7483341300031,128.0225470191409,126.09821756901596,126.4895248413086,12126000
2024-02-28,126.17433678313388,126.71299477767903,125.19557722001369,125.82498931884766,10967000
2024-02-29,127.18040840818277,127.67710660417285,125.61616198209182,126.90522766113281,27536000
2024-03-01,129.38774151539135,137.37292698190691,128.8090742443428,136.53469848632812,44488000
2024-03-04,136.92309564037532,140.34043891915,135.17050615098455,136.83624267578125,34854000
2024-03-05,136.12778212255077,136.12778212255077,130.01618093328784,131.02908325195312,36040000
2024-03-06,135.79404760830417,136.1111881934831,131.44965786625528,131.73655700683594,43196000
2024-03-07,134.8582272598451,138.0120927002457,133.97022173072207,137.29974365234375,62832000
2024-03-08,136.0546034336673,137.88427799600834,127.01162154442495,127.7083511352539,74025000
2024-03-11,124.70376542579695,126.76177670960024,122.2280916848748,126.18604278564453,31105000
2024-03-12,127.5404911125234,127.61759115600927,122.88385247798041,126.06504821777344,42789000
2024-03-13,125.18680289944194,125.18680289944194,122.20858647562643,122.74626922607422,37838000
2024-03-14,123.20196875913895,124.23537438615931,121.75482416614881,123.17562103271484,38029000
2024-03-15,122.31592090016687,123.6732941168228,120.03346628088153,120.56333923339844,88823000
2024-03-18,122.3666758709882,123.23516073166492,120.19253040337834,120.73313903808594,25737000
2024-03-19,118.75318790268032,121.02881567589162,117.49144514113888,120.80828094482422,24491000
2024-03-20,121.42174341512153,126.2207114257337,120.20362188813044,125.04571533203125,40946000
2024-03-21,130.17298592884723,137.55126318972412,128.9656532182899,132.10159301757812,72468000
2024-03-22,132.2975803770442,134.86708752088026,131.92029266065273,132.63763427734375,38624000
2024-03-25,131.8105512121756,133.124695733636,131.06967294834436,132.4524383544922,21237000
2024-03-26,133.73717547192084,135.23165719122574,130.38759727146925,130.483642578125,23522000
2024-03-27,132.2976034862421,132.2976034862421,127.00766421598483,129.2332000732422,25583000
2024-03-28,129.15184383348915,130.34645131209237,128.52760164993737,129.8878173828125,19856000
2024-04-01,129.91427049451363,133.56961477980906,129.8878180337213,132.3230743408203,17252000
2024-04-02,128.9450447328538,131.54984151992986,127.73183552635626,131.19607543945312,24694000
2024-04-03,130.14160472419297,134.925880267433,129.8740596057213,133.5921173095703,28650000
2024-04-04,135.75889268778866,137.58753685238446,128.86766008815005,129.11265563964844,27014000
2024-04-05,129.94563074609113,133.3981027346553,128.78924410744025,131.26173400878906,19438000
2024-04-08,130.69534917704735,131.5626281582387,128.9411724277317,130.93544006347656,17139000
2024-04-09,133.01983045304576,133.22660524159485,128.24437658070877,130.73745727539062,17986000
2024-04-10,129.65163186643525,130.90110303412882,128.91468642066772,129.5898895263672,17467000
2024-04-11,130.60025940762947,136.4007647088454,129.715335693387,135.47860717773438,31713000
2024-04-12,132.49457324480508,133.9155443998963,130.98637925044028,131.71646118164062,27823000
2024-04-15,134.25755593476774,134.25755593476774,127.98567609141429,128.44528198242188,24370000
2024-04-16,128.9048870842829,130.95697892624395,128.47566638494928,130.24551391601562,18923000
2024-04-17,131.62239387429972,132.0035994138017,125.57687745895697,125.6954574584961,24718000
2024-04-18,126.22169796105739,126.67738605052617,123.03283087187909,123.37876892089844,24888000
2024-04-19,123.3787616461396,123.47773779913396,117.35872667383336,118.05941772460938,44797000
2024-04-22,119.9987984511697,120.85138552214521,117.65076529878648,119.99488067626953,25162000
2024-04-23,120.35846096800124,123.27194728604381,120.34376183486977,122.41838073730469,22025000
2024-04-24,123.85993467081013,125.98845288058338,122.00385136004111,123.16610717773438,20108000
2024-04-25,124.69783352129349,128.18460127862903,123.18375539113298,126.8508529663086,30410000
2024-04-26,128.37766420309845,132.8689151886374,127.70441992183444,131.71646118164062,24100000
2024-04-29,131.7174484568062,132.58963199186638,129.9162437365965,131.182373046875,13372000
2024-04-30,130.2278542033839,132.1358853419896,127.30456609446006,127.42411804199219,22113000
2024-05-01,125.2740590188251,126.64995330670973,121.65008692310529,121.79806518554688,30958000
2024-05-02,123.11319190279205,123.91383860907672,119.88219373084911,121.37764739990234,29480000
2024-05-03,123.37975336197228,125.81794791817286,122.21748999396577,125.25249481201172,24898000
2024-05-06,126.04726186597199,128.4531199079158,124.95459130738935,128.40805053710938,16287000
2024-05-07,129.00878559438377,129.25868586294067,127.08017817832797,127.70247650146484,12413000
2024-05-08,126.76068135977746,131.11277592561467,126.26970342518075,129.88388061523438,13918000
2024-05-09,129.14496183858662,129.5153859121719,127.59364280540278,127.95330047607422,12170000
2024-05-10,128.8980329939276,131.70958995154626,128.8980329939276,130.6120147705078,16300000
2024-05-13,132.10157503910392,133.1197777606654,130.34838582617502,131.07357788085938,18507000
2024-05-14,130.5669168468337,135.43253889350711,129.92601674658252,135.24046325683594,19420000
2024-05-15,135.23753209172378,141.01453085605556,134.25559108752438,140.74209594726562,32757000
2024-05-16,139.74544352087707,141.64659609910947,137.6933519378965,138.38619995117188,28395000
2024-05-17,138.41463824798026,139.11140409649937,135.41196263891115,136.73593139648438,18174000
2024-05-20,136.80550140287897,138.85757809211975,136.52717489436174,138.57240295410156,27170000
2024-05-21,137.06814911807325,138.1177092358523,136.5565952901341,137.11911010742188,15333000
2024-05-22,136.80646385261042,137.6874696959202,135.6510642481666,136.43701171875,21002000
2024-05-23,139.98358141071904,140.03943213459036,135.04153253842605,136.5399169921875,31039000
2024-05-24,137.17689624949202,138.52828919582748,136.41544238429523,137.9657745361328,16730000
2024-05-28,138.17746595089878,138.88109531992507,136.46641517669406,138.4175567626953,22919000
2024-05-29,137.1092997942111,137.1092997942111,135.53152800823736,136.28317260742188,26861000
2024-05-30,135.13953670692757,135.50997583285903,132.85029976884584,133.6774139404297,21717000
2024-05-31,133.41083770741247,133.52745880110322,128.10913123631863,130.1955108642578,73091000
2024-06-03,132.56218521718694,132.59158348444382,127.64561660861094,129.54383850097656,26278000
2024-06-04,129.39682018130188,130.53263095364593,128.0846347751545,130.41796875,23048000
2024-06-05,131.9056156639279,138.60378590952507,131.3705402162137,138.48031616210938,32947000
2024-06-06,139.3407058436336,139.42106509039903,136.04503466585973,137.3219451904297,20172000
2024-06-07,137.9599219722931,139.6474512928055,136.90545726958626,137.84820556640625,17859000
2024-06-10,138.15787616471582,142.0043090062864,138.09221604627143,141.16348266601562,31042000
2024-06-11,140.94105551950625,143.56838771388257,138.78802839777236,143.1783447265625,34844000
2024-06-12,146.99732904097084,147.56572050766357,144.6845704659259,146.55731201171875,56697000
2024-06-13,167.57694751336152,170.11020794851595,161.94400904311394,164.53802490234375,89061000
2024-06-14,165.30924572991185,171.2263714547464,164.84277633852983,170.03079223632812,69705000
2024-06-17,176.39678075890885,180.61070684548417,174.29766074265194,179.22598266601562,87528000
2024-06-18,180.27653226608072,181.45545363933093,174.92779709859306,176.64373779296875,86797000
2024-06-20,176.73585641464507,176.86228691377855,168.77448825785663,169.98377990722656,68157000
2024-06-21,166.17166305954305,167.96895013070653,161.83622557292156,162.5428009033203,99289000
2024-06-24,161.42892306065718,163.29189005610505,156.37679646213644,156.5291748046875,58575000
2024-06-25,157.30780336741915,157.88881521757884,153.7558786564692,155.406494140625,53329000
2024-06-26,157.06104021010248,159.08228101611766,154.6986657028687,156.508544921875,46479000
2024-06-27,156.50855034034618,157.84752379028075,154.4440620920015,155.98358154296875,31649000
2024-06-28,156.8899716427613,161.15168988808438,155.91868348382226,157.83865356445312,69377000
2024-07-01,158.10114993005251,162.08758803353103,156.65600086397146,161.3060302734375,47623000
2024-07-02,161.30604667519648,163.11493582591444,159.4578253685634,162.9458465576172,32539000
2024-07-03,164.17668630085058,169.99856567382812,163.63205142361485,169.99856567382812,39954000
2024-07-05,172.5880421553976,173.5622856248351,166.73274079869375,167.4513702392578,45240000
2024-07-08,167.61749480058327,172.71975408056818,167.61749480058327,171.63441467285156,36398000
2024-07-09,172.68633997949223,174.10396263868222,167.67255531792907,170.400634765625,37802000
2024-07-10,171.64819097496567,173.6625462989013,169.71739022721854,171.51939392089844,41074000
2024-07-11,173.48265349523658,173.50329462716132,164.02922508521496,167.71090698242188,51026000
2024-07-12,168.21031434773144,169.67316456777718,166.2716530350707,167.19183349609375,30453000
2024-07-15,167.12595070348252,170.57660463829993,166.39845587071287,168.52194213867188,22999200
2024-07-16,169.48538174118295,169.88845383890944,163.58681836270804,166.51644897460938,22244900
2024-07-17,159.5659734399553,160.08701202299122,152.97924710656937,153.34298706054688,43343400
2024-07-18,156.20378086563406,158.77948194642119,151.29813716517035,157.8062286376953,37973500
2024-07-19,159.10391670305822,161.17824547807797,154.46371219212136,154.68983459472656,26309500
2024-07-22,157.52111227115293,160.2344607062348,155.23050196217147,158.3370819091797,28813300
2024-07-23,157.68823036526834,162.53489031832814,157.19668349380453,161.0012664794922,21570200
2024-07-24,157.63911909504037,158.68119627009045,148.5455001606713,148.78143310546875,37162600
2024-07-25,148.70277528971903,150.95406868145363,143.05982600381995,146.73658752441406,30872100
2024-07-26,150.90490905709683,150.98355836680176,147.38543120211605,149.0665283203125,20839900
2024-07-29,149.44989992811364,152.37951478635765,146.62841096989996,147.68032836914062,16625800
2024-07-30,150.6886344194881,150.87542466387674,140.9265190226611,141.09364318847656,31102300
2024-07-31,148.90921568577377,158.60252093246325,148.447160410259,157.9635009765625,45827500
2024-08-01,154.83727314591238,156.22343900093946,143.69881861728572,144.53445434570312,40320000
2024-08-02,139.53051833977355,142.8927128788154,137.23992261702458,141.38858032226562,33745800
2024-08-05,127.41878286641617,142.96149281588387,126.32754819250259,139.67796325683594,41309300
2024-08-06,139.33388429525573,146.39250579354206,137.87890962740332,141.4868621826172,24751300
2024-08-07,145.74367838589853,147.56240819745153,133.53365330199827,133.96621704101562,29749800
2024-08-08,138.81283837910723,143.79713103129222,136.06017280201706,143.27609252929688,27583200
2024-08-09,141.7621354822539,147.02169377718016,141.6736606326356,145.7534942626953,18438700
2024-08-12,145.57652732176385,148.5749663216651,143.8954303740092,146.10739135742188,17778500
2024-08-13,148.98786506173042,153.73620980974948,147.27727648764997,153.51992797851562,22053600
2024-08-14,155.3484858631698,157.54078082828835,152.10427333580841,155.02406311035156,20184200
2024-08-15,158.47470549111816,163.8522293676559,157.6292442874718,163.3213653564453,27945000
2024-08-16,161.68945234680447,163.28205963906714,159.92970589349144,162.91831970214844,19296900
2024-08-19,162.0728560351358,164.99264602958624,157.70791685147975,164.8746795654297,20441700
2024-08-20,164.22584905382982,165.5235252808835,161.37486756871664,163.14443969726562,19417500
2024-08-21,162.32844938995822,163.65563206880424,160.12632879798096,162.977294921875,16097700
2024-08-22,167.95175707461073,169.50504722560026,158.75983817584483,159.595458984375,30044500
2024-08-23,162.23996879599673,165.43502364958215,160.69651932869158,163.5474853515625,18848000
2024-08-26,162.17118072225037,162.89866062736266,155.97768598488952,156.92144775390625,18521200
2024-08-27,154.93558032747916,159.29067842067232,153.19550019730627,158.6614990234375,16683100
2024-08-28,157.37365501559566,159.5364583439803,153.60840401625083,155.50576782226562,18063600
2024-08-29,155.81057097896377,160.4409352447623,152.78263970708565,154.2769317626953,23519300
2024-08-30,158.3960656034608,160.48023462512052,156.02682098575673,160.0673370361328,25158500
2024-09-03,157.66860322165402,158.02251762285726,148.82075819239526,150.2069091796875,37179100
2024-09-04,147.7590088442847,155.12237218968338,146.62844191484464,151.51441955566406,20324100
2024-09-05,148.0244433291551,153.71654993318725,147.57221357265888,150.2364044189453,31548500
2024-09-06,140.82818951571946,141.07396297037167,134.290621622299,134.68385314941406,76634600
2024-09-09,136.75817309520554,139.19624141160318,132.61934177911837,138.43927001953125,39516700
2024-09-10,138.8324997713237,147.32642912211708,138.65553509692174,145.70433044433594,36067500
2024-09-11,145.8812967006935,156.18411611197098,142.58792628256415,155.59426879882812,39700800
2024-09-12,155.4271456338285,163.50817838220144,154.1786122284463,161.77792358398438,43530700
2024-09-13,163.9210444793188,165.2383864012878,161.26667956086723,164.85498046875,29850000
2024-09-16,162.39727304082473,162.70202972961283,157.69808570851856,161.24705505371094,26126900
2024-09-17,162.6921988274926,163.21323734291678,157.98317111156803,159.72325134277344,19844300
2024-09-18,161.0012859470203,164.6387302355115,158.63202613988793,158.93678283691406,26557600
2024-09-19,165.38734481638784,167.67563124331426,163.39497462243494,165.1309051513672,32453100
2024-09-20,164.89417373926975,169.66800881575972,164.19388985677136,168.76058959960938,91758500
2024-09-23,169.64827424103981,170.9502333371982,166.04818606936013,170.57542419433594,29431100
2024-09-24,170.44721965972357,173.58374832473666,169.3326649858136,172.449462890625,34223400
2024-09-25,172.26204802310227,174.71800829124547,171.38421737347156,173.1201629638672,16613800
2024-09-26,176.0594271112419,177.78549992605798,172.6072814816097,175.655029296875,24340000
2024-09-27,175.73394235100173,176.02984356638336,169.41158041799713,170.32887268066406,20580900
2024-09-30,169.52007320014678,170.55571990551266,167.31070961553766,170.14146423339844,16902000
2024-10-01,169.8061300226363,169.89489587723867,163.5330871113164,165.1802520751953,23770400
2024-10-02,165.2591359887753,170.4768005899671,164.7363837431985,168.3266143798828,14317800
2024-10-03,167.30082779062033,172.54809612463393,166.87671428588638,169.539794921875,13072300
2024-10-04,173.88952107537955,174.48130847658842,170.24011275902623,174.22486877441406,17921400
2024-10-07,172.42974806085093,175.87202075068134,171.48286721842052,172.68618774414062,15588300
2024-10-08,173.02153090488926,179.1170413655262,172.4987786467154,178.25892639160156,20774200
2024-10-09,176.78931436271168,183.87113730055503,174.00786409453775,183.40756225585938,25504100
2024-10-10,181.05021086495987,183.76261055171466,180.034295095388,183.15109252929688,16318000
2024-10-11,178.66332481858353,180.09349637993196,174.97445533365493,178.99867248535156,23070000
2024-10-14,180.79380653213337,182.42124064197333,177.66715063403342,179.8173370361328,17195800
2024-10-15,178.31809953221278,179.21566095497292,170.99955303542328,173.57386779785156,27657500
2024-10-16,176.0692699172097,176.7991574917182,172.93275652302304,174.4023895263672,15285100
2024-10-17,178.8901729156823,182.973567229094,178.21947759326522,179.04798889160156,25232400
2024-10-18,179.8272031210922,180.21187017156402,176.23695724980777,177.430419921875,17835200
2024-10-21,176.92737728385188,179.2353793110972,175.81282273601042,177.52903747558594,13695100
2024-10-22,176.21724181042282,178.21948505700175,174.9843326659698,176.92739868164062,12062600
2024-10-23,175.1618512292175,176.53284549307827,170.2104993123444,171.13763427734375,19513700
2024-10-24,171.87738786080894,171.91684938043508,167.1824753860202,169.00718688964844,20485200
2024-10-25,171.80836022804044,174.3826751644532,170.35845784717804,170.63462829589844,19977700
2024-10-28,170.63461099890603,171.59134961719008,169.00717708747723,169.6680145263672,13195800
2024-10-29,170.08227814346148,177.76576101326683,168.86909980615744,176.789306640625,23702300
2024-10-30,175.04352231040644,176.7400066174959,173.21881062714903,174.22486877441406,17911500
2024-10-31,172.0647960870776,172.0647960870776,165.09146983682643,167.44879150390625,26086600
2024-11-01,165.9594329407063,168.98746510096208,165.20982957977537,166.61041259765625,17847000
2024-11-04,166.96548284903653,170.0921385598425,166.1172407755886,166.24546813964844,13621300
2024-11-05,167.72497226431705,172.01548729335664,167.72497226431705,171.52232360839844,13441800
2024-11-06,177.17397024255058,177.74604185844208,173.55415101023954,177.09506225585938,24300800
2024-11-07,179.50170615087126,182.34231846805935,179.3044286557922,181.29681396484375,18970600
2024-11-08,180.48802844101428,182.5198601628718,179.34388522185745,181.12913513183594,13503200
2024-11-11,180.8924213699862,181.1192874858165,174.40240095967505,176.4638214111328,17036700
2024-11-12,176.4539425097948,177.10492211976333,170.83188008315716,173.8105926513672,15862000
2024-11-13,172.3212502283101,173.18920802335506,170.24009901094587,171.20669555664062,17472500
2024-11-14,172.38042168225007,173.16948651052638,167.54740901540757,168.05044555664062,20638900
2024-11-15,166.16655440418376,166.8273918612032,161.19545659443082,162.586181640625,20836200
2024-11-18,163.39497307834162,164.07554127733505,160.0020049878093,163.4048309326172,17856900
2024-11-19,164.38130443967646,164.51938965379793,162.06342936318066,163.08921813964844,18003400
2024-11-20,163.27662740776722,163.27662740776722,158.66062250631828,161.0179443359375,17196700
2024-11-21,163.9769152646712,164.06568111052036,158.40417198401119,161.69850158691406,24835300
2024-11-22,162.0535777226789,162.65523797517048,160.17954683041586,161.98452758789062,17332500
2024-11-25,163.13852385557357,164.94350455924942,160.6628478347686,162.56646728515625,26850600
2024-11-26,162.3494636217217,164.09525193478683,160.46557505209447,162.487548828125,16308800
2024-11-27,160.96862718608617,160.96862718608617,155.38601054151044,157.4868927001953,19722700
2024-11-29,157.3882611678688,160.46559765848292,156.9049553522897,159.8639373779297,11024000
2024-12-02,160.72201496236826,166.07777950885668,160.5247525315011,164.23333740234375,21472400
2024-12-03,162.2310874913267,165.9692758656905,161.7872432781858,165.8509063720703,17024400
2024-12-04,171.0685934857132,172.99192853265495,166.255311891185,168.22796630859375,32748200
2024-12-05,168.41537635601108,170.04281028316504,166.88656612283535,168.1392059326172,18490000
2024-12-06,167.77428821612654,178.20961833256297,167.01481194275772,177.07534790039062,27830800
2024-12-09,176.50326605799654,178.31810466493087,173.6133343138179,176.493408203125,20886300
2024-12-10,175.37885554873,176.05942379664182,167.4093291249132,169.4608917236328,27762600
2024-12-11,177.5487434036973,182.34229391556264,174.0176904295106,180.69512939453125,41295200
2024-12-12,178.45617788616346,179.5115552427107,173.5837340288521,178.18988037109375,46967200
2024-12-13,210.97540282621878,225.57304983309507,208.2235562894247,221.72637939453125,121336600
2024-12-16,228.62081970361245,248.43614845862984,227.65422307293116,246.58184814453125,111623200
2024-12-17,237.35965971444207,239.1547826320025,230.60332671137238,236.94540405273438,70382100
2024-12-18,236.13661607072183,236.5706024789221,216.22266601831708,220.5625,53960100
2024-12-19,224.7938510765717,224.93193629197148,214.60508860051337,215.33497619628906,40845200
2024-12-20,217.34708094987556,227.14130365797496,215.91690939780733,217.7711944580078,131910400
2024-12-23,224.18959695690745,230.8255767694141,222.64680627294118,229.78717041015625,40643800
2024-12-24,237.47148040742738,237.58026771509478,232.21016765870442,237.0363311767578,22827200
2024-12-26,237.35280657302064,244.55250716516346,234.97928454348445,242.6536865234375,28459000
2024-12-27,242.93058876750266,243.06904396306888,233.7430641613554,239.08349609375,29282200
2024-12-30,232.11126890540092,236.136384272944,229.06523932494585,232.9815673828125,27316800
2024-12-31,233.27825373808736,234.8408281845078,228.75865349179406,229.28280639648438,17927700
2025-01-02,233.55516724457323,236.85832354198084,227.70046644428936,229.4212646484375,31525800
2025-01-03,231.01352287828195,233.8815452330146,226.47415372447318,229.98500061035156,24973200
2025-01-06,233.8914023589193,239.08349480029065,230.72670141275174,233.80239868164062,34028400
2025-01-07,236.85831796542894,236.85831796542894,225.08958085428003,226.11810302734375,25928600
2025-01-08,227.1663983670454,229.90584940055177,223.56654829133555,226.78070068359375,18756500
2025-01-10,224.79288697755925,225.31703987722108,218.80961538069084,221.8358612060547,23864000
2025-01-13,217.56352457040464,226.73126597766623,217.08880808597186,222.8050537109375,23772100
2025-01-14,224.0709417923263,227.7202284431736,220.63921465983412,222.2215576171875,18143100
2025-01-15,226.02910499552902,227.79935472211065,223.09186277812623,225.48516845703125,21745600
2025-01-16,232.6255370048323,235.96826061193516,226.68183242064174,226.87962341308594,23471900
2025-01-17,234.46499987394813,235.4737534582526,230.09375446260756,234.82102966308594,31196600
2025-01-21,238.83625476507777,240.07246726386182,234.78147173287226,237.6593780517578,30903200
2025-01-22,244.0283429104808,244.2657011385912,238.03518723767354,238.2527618408203,29610500
2025-01-23,235.78034585918525,237.748386539149,233.51559606492995,237.6297149658203,17653900
2025-01-24,242.00096130371094,246.8370241064407,239.24174158284657,242.00096130371094,25387800
2025-01-27,211.04617771908858,216.0206952760911,194.06556577606568,199.90049743652344,90569400
2025-01-28,205.71563938997124,207.63424355895927,196.69623803277352,205.07281494140625,50316000
2025-01-29,206.5364849180351,209.11769714341634,200.53344504704296,204.07395935058594,32533700
2025-01-30,216.1591869296449,219.51179473127902,211.34289261691015,213.28128051757812,42449500
2025-01-31,217.2371492096768,224.2983942561441,213.91420947660487,218.8293914794922,41104700
2025-02-03,213.08347917949365,218.50303046106163,211.15497564023354,215.32843017578125,24507300
2025-02-04,216.9305786534341,220.5699810622988,212.92524707778153,219.97659301757812,23768500
2025-02-05,231.3596442538667,235.30562489662833,224.99067503830483,229.4410400390625,29196000
2025-02-06,231.9134707420173,232.21016476746016,226.0389863820916,228.80810546875,21169500
2025-02-07,232.40793393263795,233.05075835200287,221.63805198082568,222.38966369628906,22117500
2025-02-10,224.92144721576076,233.2189202741106,224.61486892020739,232.447509765625,23901600
2025-02-11,229.91574889726598,235.26608039403953,227.4334395486219,232.447509765625,18476200
2025-02-12,227.8191366004544,233.87162835207147,227.4631067862131,233.74307250976562,16397300
2025-02-13,233.45623868707,234.3364213189856,228.18502716227803,233.19911193847656,20962000
2025-02-14,231.94316013907294,233.13982061945762,226.37525355605712,230.46958923339844,16988800
2025-02-18,227.56199797019465,229.6388258696694,221.82596907979357,226.00930786132812,26080500
2025-02-19,225.33682419135806,226.54336881816806,221.92486556362536,226.2071075439453,16375500
2025-02-20,226.1279652602714,226.45432714341382,220.29304879198565,224.23904418945312,16104000
2025-02-21,223.16107485841528,225.23791789828155,213.25160630604157,216.24818420410156,24883600
2025-02-24,216.18882729414628,217.05911054911817,205.2508074675779,205.63650512695312,33050400
2025-02-25,204.71678190365114,206.3386920358868,198.70384273059886,200.30596923828125,33100800
2025-02-26,204.62779007405584,211.18465103276202,203.7278237358365,210.59127807617188,21368300
2025-02-27,214.8834024314655,216.83167455718848,195.22267381597945,195.61827087402344,27572900
2025-02-28,193.60073749289649,198.97085176661946,191.01952551292104,197.23025512695312,39747200
2025-03-03,201.7498744246499,201.80921020853262,182.49462784952914,185.3032989501953,37435600
2025-03-04,187.13290737422975,191.81073131806144,178.48930401384894,185.41209411621094,37910500
2025-03-05,189.7437988409816,191.93931361064588,185.03630672529292,189.46688842773438,25644500
2025-03-06,179.0431313665612,184.7692764116702,175.65097133556938,177.47067260742188,56864100
2025-03-07,185.65932206111327,193.32383907341804,179.55737936023962,192.80958557128906,74528900
2025-03-10,187.50871660024785,189.86245492069332,178.43984849007097,182.41551208496094,44217100
2025-03-11,185.97580925595483,193.46230421783983,183.30559330653128,187.99330139160156,42153200
2025-03-12,194.0556868797909,197.77420849914202,190.3272659029238,192.08763122558594,30409700
2025-03-13,191.01954773991395,194.15459589124757,187.38014541619106,189.24929809570312,27236100
2025-03-14,194.03590250413518,195.32156646605918,191.06899263376465,193.3831787109375,25900900
2025-03-17,185.97582146973087,194.5501900176903,185.43188492252773,192.35467529296875,26830600
2025-03-18,188.33945517980257,190.76242873844913,184.8384928182443,186.58897399902344,24951000
2025-03-19,187.2515635074346,196.08307285688025,184.83847445624482,193.41285705566406,37962700
2025-03-20,189.98067915647198,192.28202449061752,187.4214138622241,189.008544921875,31430000
2025-03-21,186.69728472239078,190.52626090469866,185.86402464778783,190.1195526123047,43086500
2025-03-24,192.73833376756608,195.10912374611092,189.13750473157765,189.7128448486328,33180300
2025-03-25,189.3557384063574,190.0600385059313,186.17153182907637,186.7468719482422,23417300
2025-03-26,185.15973478110882,186.54847630839103,176.15271293462126,177.82913208007812,30578500
2025-03-27,176.23207680778907,176.946291081194,169.08994920988738,170.60765075683594,32151700
2025-03-28,170.54813969306764,171.9071388842304,165.1320318289812,167.76072692871094,30391500
2025-03-31,163.16793224400578,166.5902001599504,159.32902671951672,166.08428955078125,35656400
2025-04-01,165.0328139179336,167.35401791946424,162.10652725744052,167.16554260253906,20472400
2025-04-02,164.74515809013954,172.0360744577063,164.16981793903045,170.70684814453125,19523700
2025-04-03,159.24965447330013,162.11642551775435,152.4646345470422,152.7721405029297,44354900
2025-04-04,146.9790912405844,151.5718827538793,138.05142816767963,145.11419677734375,72302200
2025-04-07,143.32867517641293,159.14054560589818,136.99003504853414,152.90110778808594,68503500
2025-04-08,166.27276768908646,168.4154105573576,151.8595521901617,154.7759246826172,58888200
2025-04-09,159.209993744844,185.82435152488372,156.24402018806086,183.661865234375,72708300
2025-04-10,173.89103344535474,175.52776555512818,165.0625579020504,170.91514587402344,51212200
2025-04-11,172.22455492267773,181.19190598783305,171.9170489149746,180.47769165039062,33964100
2025-04-14,183.59242678747077,184.50503049832915,174.40685921274965,176.9264373779297,25748300
2025-04-15,178.28543310504324,180.79509726152583,176.64870087643214,177.51170349121094,17242400
2025-04-16,169.060177240944,174.66477496583272,165.57839399303128,173.2065887451172,34638600
2025-04-17,174.83339429025574,174.83339429025574,168.55426971728085,169.6156768798828,22501800
2025-04-21,165.64782929845984,166.64970601058192,160.31106601241103,164.8740997314453,23469800
2025-04-22,166.08428194079727,169.14945771379675,163.89205318867215,168.21701049804688,18504900
2025-04-23,176.3511160522657,178.99965447157095,174.40687776376714,175.4881134033203,24380500
2025-04-24,178.24576126332568,187.05439395770773,176.86693386059227,186.63775634765625,27576900
2025-04-25,185.41765011537368,191.81580595268252,185.3878924478258,190.7643280029297,21242300
2025-04-28,188.99862488448343,191.5479759228102,186.1715255409266,190.92303466796875,16385800
2025-04-29,190.17908163357882,191.69678328648155,188.57210697430506,189.6334991455078,14630000
2025-04-30,184.4058333993292,191.64716309687955,182.5409540836624,190.92303466796875,22768900
2025-05-01,196.54747534744348,199.7812680795465,194.6627524006387,195.74398803710938,24939700
2025-05-02,202.2611702105557,204.02686244621472,199.46384351996315,202.00326538085938,17766800
2025-05-05,198.6405115943838,201.59655591831608,198.3925209432048,199.1067352294922,14025400
2025-05-06,194.86112378913703,200.2871600941004,194.3651425191122,198.48178100585938,16348800
2025-05-07,197.6882113242035,204.5724338915524,196.83512291973943,203.16384887695312,20253700
2025-05-08,206.3282142913535,209.46281964114755,202.05285804200378,206.10006713867188,18460900
2025-05-09,207.64751857370567,208.2724598122335,204.86010628145775,206.52659606933594,13289200
2025-05-12,217.72585897262726,220.01728997213652,214.14487366983641,219.79905700683594,25437700
2025-05-13,220.2156926556064,233.38895450086977,220.2156926556064,230.55194091796875,28790500
2025-05-14,228.37955522251184,231.62327730555495,226.51467574492406,230.25436401367188,19751400
2025-05-15,228.31010917897373,232.57555126533205,226.2369110363982,230.77017211914062,18803700
2025-05-16,230.4527556088002,230.7701757660246,224.57040959373398,226.77256774902344,23094600
2025-05-19,220.0669063522381,229.3913486313337,219.8189157050691,228.77633666992188,15355500
2025-05-20,224.6696132076283,229.90717448940936,224.5208097369431,229.81788635253906,11787200
2025-05-21,226.55433395080016,234.59915111236128,225.99883732555242,227.88356018066406,17642900
2025-05-22,226.50472363061684,231.8117292946869,225.6020340830357,228.6771240234375,14340200
2025-05-23,225.11599116155526,228.796163870756,224.36208991082574,226.88168334960938,15385600
2025-05-27,230.99831153987253,234.57929690996914,229.2723064096958,233.75596618652344,17941700
2025-05-28,235.24391132668086,239.05305900027113,232.54577199528856,237.50558471679688,20443000
2025-05-29,243.93354284562574,244.09226050487248,235.49193087024582,240.02520751953125,20743700
2025-05-30,239.28120019351311,241.2155240795418,233.01198980416723,240.12437438964844,27088600
2025-06-02,241.2948766581762,247.99062349247296,241.23536133032144,246.71099853515625,19197000
2025-06-03,248.06999288740658,255.80730369756282,247.39545049194467,254.78558349609375,30380200
2025-06-04,255.98582123668166,263.29657947287524,255.5195976855611,258.9815368652344,31536000
2025-06-05,260.83659748264785,262.7610074938025,256.9778481464538,257.8408508300781,41970900
2025-06-06,249.12148161976054,253.26789307302678,244.1517545452877,244.9453125,41146700
2025-06-09,243.08043530420346,246.17535373631114,239.17210028429176,242.31661987304688,25334100
2025-06-10,242.25711005621142,244.30055061297722,239.45976822799153,242.663818359375,25491300
2025-06-11,244.37988554822917,252.7222939234308,241.84046393423768,250.8772430419922,24599000
2025-06-12,248.17911147287248,255.81723517575236,247.49465489526634,254.01185607910156,20410900
2025-06-13,248.64534893686752,251.95850038803462,246.35391775276003,246.7010955810547,19028400
2025-06-16,248.33784170392858,253.13893703088328,247.56411209074776,250.0737762451172,20363000
2025-06-17,248.93299475796073,251.9188116709702,245.92734949230686,247.36569213867188,22014300
2025-06-18,248.87347249081125,253.58529439366598,247.40537222025338,249.24049377441406,30435500
2025-06-20,251.7660461241791,252.07427588432242,242.7775893178268,248.5644073486328,42134900
2025-06-23,247.6894161171529,252.760338725152,245.05453418015304,252.32284545898438,19747000
2025-06-24,257.294321222405,264.3538386650651,257.294321222405,262.26580810546875,32764900
2025-06-25,264.48311570123377,268.33104189049055,261.9277640302399,263.14080810546875,18894200
2025-06-26,263.5683631288982,270.12081023639746,262.62379872730264,268.6293640136719,23569600
2025-06-27,268.75859025610515,270.2997695192459,265.3581099485086,267.81402587890625,27477600
2025-06-30,273.16332737685366,276.12631411950804,270.5781481462096,274.07806396484375,24708400
2025-07-01,272.83520223100203,272.9346380403458,261.1621603905054,263.23028564453125,28847600
2025-07-02,262.4845390578685,270.4488702785806,261.23174507180704,268.36083984375,17582100
2025-07-03,269.1861431149877,274.2272078173821,268.5796059289009,273.6107482910156,10592700
2025-07-07,273.5610497498013,275.97718516023826,271.10513394699154,272.616455078125,16760600
2025-07-08,274.774071021526,274.774071021526,269.60371280936664,270.25,14869400
2025-07-09,271.40341490627577,277.85642578711236,271.16479323572867,276.31524658203125,20133000
2025-07-10,278.19447844829074,279.57653605766296,271.1449135132259,273.8294982910156,17891600
2025-07-11,272.5766859667356,274.89338540599704,270.33951696310925,272.8153076171875,14274700
2025-07-14,272.56673253796464,276.7725908334091,268.04266147021036,274.0283508300781,11934200
2025-07-15,278.2143298019854,281.74407313940566,276.2655155571406,279.337890625,17918400
2025-07-16,278.51259792716763,279.9046384009573,274.0979458979762,279.2086181640625,15031000
2025-07-17,279.536781120835,286.6360486644115,278.3137844147582,284.8164978027344,17231100
2025-07-18,285.4727028006807,285.89032104645884,279.39756044627137,281.7242126464844,15012400
2025-07-21,282.34067294130205,288.883166634135,282.01256816006986,286.5664367675781,17726800
2025-07-22,286.0096443774533,286.35765454022237,274.8536262055818,277.0013122558594,16564800
2025-07-23,275.2016363524508,282.3804648775155,271.4431933505695,282.0722351074219,20556200
2025-07-24,288.1374568350622,289.5394198336083,281.8833175888375,287.0635986328125,16413800
2025-07-25,286.4272546048279,290.92146785547334,285.6317984917393,288.52520751953125,12476200
2025-07-28,290.792170253659,293.7651397160392,288.93283921906095,292.6216735839844,13683400
2025-07-29,295.8034989527347,300.4667565401795,293.1884917372768,295.7239685058594,19210800
2025-07-30,295.45547888669455,301.53065203729915,294.1131712709888,300.894287109375,16738900
2025-07-31,301.07322817670536,305.1995864915155,288.5749334348008,292.025146484375,25488500
2025-08-01,284.9059879281252,290.9712081886923,280.0040786431172,286.9940185546875,21428100
2025-08-04,290.5337061901919,296.7778925146136,289.7382500811123,296.022216796875,17164600
2025-08-05,296.1116975078201,299.48238015902194,289.78798079577285,291.259521484375,18477500
2025-08-06,291.22969949995144,301.0831902773515,290.23540210982287,299.94970703125,17392100
2025-08-07,304.42406199663805,308.57026534867197,298.16992257324665,302.0278015136719,16319400
2025-08-08,302.31609856102506,306.1143217384544,300.82465252896566,303.2308654785156,12458700
2025-08-11,303.31039756534346,306.5518166692501,299.5718601249272,302.1669616699219,12396400
2025-08-12,304.88142517840953,311.65258823506815,302.93261071587807,311.0460510253906,17609600
2025-08-13,314.9436833480101,315.54026782243,303.01211523379976,307.3273620605469,17371200
2025-08-14,305.25926382517076,312.3784370682503,305.2493111409307,309.4552001953125,15717600
2025-08-15,309.2563361030282,309.7236571204512,298.0506147129102,304.59307861328125,22806900
2025-08-18,300.97384027084104,304.42405352165923,297.29492769042946,304.0163879394531,14724700
2025-08-19,300.69542392387547,301.17266724150545,290.7226225185964,293.2282409667969,20149600
2025-08-20,293.77509644760784,293.8049241553724,280.26259864638365,289.50958251953125,23600500
2025-08-21,288.4058851276779,290.7226149312188,284.53808423877217,287.9485168457031,14946300
2025-08-22,290.08625622184906,298.37869260424026,287.361891151843,292.32342529296875,16301300
2025-08-25,291.1402084168925,296.698327034538,290.0464752489418,292.5521240234375,15124700
2025-08-26,292.6714151306097,298.537763107986,292.3134523254253,296.310546875,25689100
2025-08-27,295.8332907430747,299.4624700191788,292.1046756627868,298.53778076171875,13830300
2025-08-28,301.2025101226533,309.2264975835595,300.6059256020137,306.889892578125,18907100
2025-08-29,305.2592585756986,305.2592585756986,291.98538203906287,295.6941223144531,21610700
2025-09-02,287.690034458678,297.00659716089535,285.5324258801925,296.5392761230469,19693000
2025-09-03,300.5661525758095,302.7138384798026,294.7097266554902,300.66558837890625,18529400
2025-09-04,303.32035339092016,307.01914082260106,300.5263802075415,304.35443115234375,31220800
2025-09-05,353.75111105346923,354.307915143692,329.5300420981367,332.9802551269531,78401600
2025-09-08,340.795407358246,352.15029613473433,339.30396137418364,343.6788635253906,43535600
2025-09-09,347.5566472108421,348.9785155669414,333.9148855443519,334.7501220703125,26972300
2025-09-10,349.51540779149104,370.8430989555386,348.5509381089459,367.4624938964844,51086800
2025-09-11,369.06331640702246,372.0959418044151,356.7141591976126,357.5791931152344,29430900
2025-09-12,360.84045195630114,362.31202294585194,355.12324224091253,357.8177795410156,31949800
2025-09-15,357.8177967126278,363.4156958706093,354.307928141354,362.01373291015625,21792200
2025-09-16,363.34604844264686,363.6045754458755,354.9541769559185,357.947021484375,21306500
2025-09-17,356.80363745055035,357.87746531965445,339.5525710377554,344.1959533691406,45197100
2025-09-18,348.00409210361323,348.70011242524,341.8295137084828,343.380615234375,24663900
2025-09-19,342.6845761800293,344.2953330347468,334.5114507356632,342.9729309082031,41240100
2025-09-22,341.0606084270775,345.28367325298416,336.5885737516059,337.4351806640625,28660000
2025-09-23,338.8793532849425,343.8394489551671,335.67222901216985,337.5845642089844,21944100
2025-09-24,338.4012765294073,338.71997371776,332.4750589983509,337.95306396484375,19677300
2025-09-25,331.65837193110127,336.7081044280019,325.9911236613484,334.7559509277344,21678200
2025-09-26,336.08059640996515,337.7239919137433,329.2579837594843,333.19219970703125,15464700
2025-09-29,334.656328600332,339.68612138090174,326.2401081782098,326.5887145996094,21336000
2025-09-30,328.7998194074157,329.72609296966556,323.3118446022923,328.5906677246094,20109500
2025-10-01,326.837727221675,336.59855541282326,323.2023295934908,332.0567932128906,21122700
2025-10-02,346.21988820563433,346.21988820563433,333.9093306066824,336.8276062011719,19917600
2025-10-03,340.13433362422603,343.0227303782379,334.3973582704928,337.016845703125,14749100
2025-10-06,334.57664945247484,342.75380866679006,333.2220723671261,334.1483459472656,18465700
2025-10-07,335.6821824433723,336.7578500424013,325.2739608698581,335.0646667480469,18086700
2025-10-08,332.48506272651053,345.1541967237403,331.28984936250185,344.11834716796875,21478300
2025-10-09,344.36731988927625,345.9210789009516,339.03870886032774,343.6402282714844,17643700
2025-10-10,344.0087761645016,349.1979325045112,322.75408954786695,323.331787109375,28941000
2025-10-13,351.35925264203496,357.9428348856006,342.1462436328903,355.2735595703125,45984300
2025-10-14,348.7298204480106,349.267669476328,338.2917194609827,342.7538146972656,22078000
2025-10-15,353.05244525324514,357.96272246505765,346.1103176658243,349.92498779296875,23918500
2025-10-16,355.3731305974428,361.78737921559485,348.09236600682163,352.7337341308594,20317200
2025-10-17,348.2118624365201,349.56643947544666,339.417187803511,347.9329833984375,20937900
2025-10-20,352.3851150572024,355.16396614831154,346.4489580557878,347.8433532714844,15640200
2025-10-21,348.6003469987353,349.6959541684103,339.94509595160935,341.2897033691406,16092600
2025-10-22,345.91112421133204,346.6183067837734,334.16829467718156,338.9391174316406,19268800
2025-10-23,339.03871918336426,345.1840584530217,339.03871918336426,342.9131774902344,12859200
2025-10-24,351.1003199238364,356.8671437910621,349.47683344124437,352.7138366699219,16143700
2025-10-27,360.09420250359625,361.2993551775869,353.66001429366173,360.6021423339844,20065800
2025-10-28,361.169868930242,372.56412252342585,361.0802324898972,371.4784851074219,21056000
2025-10-29,371.69760158273596,384.9344628835344,371.69760158273596,384.43646240234375,24975200
2025-10-30,384.8547909652582,384.8547909652582,368.58013782259627,374.9645080566406,24295300
2025-10-31,376.75728832587123,377.30510711464575,363.6399721426167,368.15185546875,21598400
2025-11-03,370.5123492029235,373.3509579573757,360.5324307393669,361.1001281738281,17198900
2025-11-04,357.0862348613752,367.47454744020746,349.5963189699949,350.5325622558594,24047500
2025-11-05,349.48678951919794,363.41086341015694,348.6899705182648,357.54443359375,17087600
2025-11-06,358.6698820328004,362.0463397915529,351.29948119455554,354.16796875,19896900
2025-11-07,352.77356686003935,353.08232471234805,335.9212179877443,348.0325927734375,21903200
2025-11-10,356.4687564616332,358.56036466797076,353.1919046182223,356.9568176269531,16409000
2025-11-11,357.53446670774576,360.4428028921463,348.2716699151433,350.552490234375,16446800
2025-11-12,356.6081990499921,357.4348664885674,350.2736170175513,353.7994689941406,12190500
2025-11-13,350.17397779599213,352.1361007553853,332.8236593997151,338.6203918457031,22616600
2025-11-14,330.14441411689927,343.3613349004467,327.74404833985596,341.0904541015625,18500800
2025-11-17,338.46102450242506,350.7915201932923,336.17020425351814,341.2796936035156,14799600
2025-11-18,341.8275510056133,346.57846477272454,334.16830098149796,339.1383361816406,21726800
2025-11-19,339.347460701947,358.25156886971325,336.44909441350086,353.0026550292969,21851900
2025-11-20,364.5363346772143,374.57601052051825,343.79958834409007,345.43304443359375,28867000
2025-11-21,343.77966385998917,347.2059092836678,330.47307643407913,338.8395080566406,30280300
2025-11-24,346.3393990001815,380.4723384179547,346.2696716432394,376.448486328125,47262400
2025-11-25,383.39062820353877,386.5778433170829,370.2633433262028,383.490234375,33507600
2025-11-26,384.0081517409119,398.2708925516895,381.7273314642951,395.9801025390625,28693000
2025-11-28,397.752962113603,401.38835928859874,395.57171772949863,401.3485107421875,13365500
2025-12-01,393.27095801210174,393.83868581507573,383.55994932184797,384.5360107421875,23252000
2025-12-02,386.7571347201425,391.92638219264916,378.271217387361,380.0440979003906,22207000
2025-12-03,378.4803751302536,380.7711652425636,369.1677598209674,379.0879211425781,21336400
2025-12-04,379.1576496778165,382.35483474134327,375.02425164733893,379.5062561035156,15845900
2025-12-05,384.6257119524167,391.9562645778702,383.60977149932444,388.6794128417969,24779900
2025-12-08,400.8704578008361,405.6612197534834,395.81075614894235,399.4959716796875,30410600
2025-12-09,397.1553667228235,405.30264695088596,393.92833346962834,404.66522216796875,24546000
2025-12-10,400.591592714844,412.9519377089591,397.9621356270513,411.3185119628906,31531000
2025-12-11,403.2110535816976,407.66317907015735,392.61361921715974,404.7449035644531,45681600
2025-12-12,378.4404976165911,380.47234798569394,353.72971744738294,358.4906005859375,95588500
2025-12-15,360.44279831550426,360.5523438301254,336.1602902959243,338.4510803222656,65894900
2025-12-16,334.67623571189444,346.11033781431183,333.7200832894025,339.93511962890625,58061100
2025-12-17,345.22387284443886,345.22387284443886,320.13463701193336,324.7162170410156,73300900
2025-12-18,334.6563118321389,334.6861906441596,322.335785215176,328.560791015625,54501900
2025-12-19,332.00692519159463,342.07650975758594,331.2499548064838,338.99884033203125,159095200
2025-12-22,345.3056593647258,345.5152112478357,336.5141036420898,340.7352600097656,28739600
2025-12-23,340.09657987546063,349.37710000083763,337.83134263055865,348.5887756347656,28232600
2025-12-24,349.95589479748145,352.1213352312898,346.41333827759297,349.48687744140625,11424400
2025-12-26,350.325115846726,352.51053390724485,347.02204717974354,351.39288330078125,15028100
2025-12-29,347.99001949427986,349.5966346351222,343.9684567824758,348.65863037109375,21946900
2025-12-30,349.2373891882818,351.9417076647023,348.56877833761786,349.1176452636719,16633600
2025-12-31,348.9979250326745,349.1476049485987,344.6969495441743,345.3755187988281,15346100
2026-01-02,352.04150541544425,359.9050146598044,344.83661821199536,346.8923034667969,25398600
2026-01-05,353.9974223547191,354.2868238323912,335.7956134115607,342.7011413574219,31136000
2026-01-06,342.8807574319921,348.3193308210368,337.2924736709646,343.0503845214844,27135500
2026-01-07,340.98472498041707,348.9679784261048,335.1769007897924,342.78094482421875,20249300
2026-01-08,342.0624538203319,342.96056375017343,329.80816089100165,331.7840270996094,24385200
2026-01-09,337.21263395609,346.6628113007461,332.8018730929831,344.24786376953125,22482500
2026-01-12,340.2363083277168,353.15918207806476,340.2363083277168,351.47271728515625,20949600
2026-01-13,352.14131670251004,358.73746528807953,350.17543931029473,353.86767578125,18308000
2026-01-14,348.2395074006754,349.95590816787893,333.7199768852006,339.17852783203125,30094700
2026-01-15,348.38917780130276,348.9480031099011,340.9547912530556,342.30194091796875,22218800
2026-01-16,345.5451400301808,353.7679118987322,343.3297859509546,350.9737548828125,31291200
2026-01-20,343.3797052494505,344.676971791908,331.10543443537836,331.9037780761719,32293900
2026-01-21,334.8076698840445,335.09704088588245,323.521348108929,328.1116943359375,32006600
2026-01-22,334.6479996271889,336.28455068973165,324.20990464329054,324.8086242675781,24275400
2026-01-23,318.63160535606505,321.3159768846752,313.4524670130363,319.3800354003906,30259500
2026-01-26,319.1305360310809,327.9919519985048,316.9351596626858,324.16998291015625,25006400
2026-01-27,329.06972766461007,334.0592612332574,326.335442560478,332.0933837890625,25537600
2026-01-28,338.14069186444095,339.2782896681297,326.0161315330155,332.54241943359375,23001700
2026-01-29,331.86384504465474,335.2467633278134,319.6095521592842,330.0376892089844,20447500
2026-01-30,331.7441040800076,337.49205638766097,327.6426917281563,330.6064758300781,28313000
2026-02-02,325.4273366579902,335.3565204232709,325.06810486670184,330.4168701171875,17278200
2026-02-03,336.0350756107717,338.1905576294392,308.0038814637992,319.659423828125,36914800
2026-02-04,318.84118424748516,318.84118424748516,294.6818407512307,307.4051513671875,43330300
2026-02-05,313.6819850898965,325.8464700699139,306.0579938188423,309.8600158691406,42775800
2026-02-06,319.42994273184223,334.29874656285386,315.6378789762252,332.2231140136719,33003400
2026-02-09,330.0775871416233,351.60244190077435,329.957843210597,343.22003173828125,30091000
2026-02-10,346.7426387691113,347.2815169087097,339.12860585233244,339.72735595703125,19542700
2026-02-11,346.0740321364971,346.473219180328,333.0413730422485,342.0425109863281,17004700
2026-02-12,343.1102481796043,345.5651205948349,328.87013049582544,330.4767761230469,22007300
2026-02-13,329.1595146617416,333.6201586063177,324.0103126922267,324.48931884765625,18397200
2026-02-17,319.01080658831154,335.0471745682695,315.64786588146853,331.8439025878906,23469700
2026-02-18,328.83019085840954,337.17270635210474,326.54500653910026,332.8118591308594,13565300
2026-02-19,332.31290349221706,337.73152929658954,328.98985729134307,333.29083251953125,15180900
2026-02-20,331.6642423408814,339.39801894284784,328.89006304890444,331.9536437988281,17658900
2026-02-23,331.5545040034344,337.7914209335216,324.6390178202407,329.64849853515625,16472400
2026-02-24,321.8648179358508,327.6227283165058,313.79175682897045,324.8086242675781,23614400
2026-02-25,330.0476590225998,335.2068501676741,328.590723737574,331.6143798828125,20182300
2026-02-26,325.81652053898387,325.8963396711904,307.28538677861513,321.0265808105469,33025300
2026-02-27,310.04962308831114,319.3301431933908,309.35107621859737,318.8810729980469,28004200
2026-03-02,308.71239918840047,319.37006578889145,306.55694753594133,318.1526184082031,20567200
2026-03-03,312.344806434985,315.21878268947023,306.75652265723,313.18304443359375,20826200
2026-03-04,315.0191620282564,321.96461419625706,311.08740741510985,316.86529541015625,34895800
2026-03-05,329.4888201299173,335.4163882424698,322.35379346219895,332.0733947753906,57076600
2026-03-06,327.5928011473892,342.7909307290547,326.7146384032199,329.7882080078125,39152200
2026-03-09,326.5649709749808,347.7604997584722,322.9325759313887,345.0262451171875,40605800
2026-03-10,348.0000043944519,352.4007764686792,340.08658134740205,341.86285400390625,29531700
2026-03-11,341.8728342845959,345.08609490367104,337.51198711307126,340.85498046875,20104100
2026-03-12,337.03300757281824,339.1186289737268,331.50462624270904,335.2667236328125,21982700
2026-03-13,336.97312724591364,337.6118021518748,320.7571433661591,321.4856262207031,34725000
2026-03-16,325.3375412042841,328.5109077510106,319.39002561955,324.2398681640625,31363100
2026-03-17,325.0780870057256,326.75456290471493,316.5858914873138,320.63739013671875,38026500
2026-03-18,319.7592262452072,324.7587483959258,314.88943683389,315.2686462402344,25460600
2026-03-19,311.81590377906156,322.59328381974194,307.8642018246381,319.17047119140625,23524800
2026-03-20,319.4498845364502,320.83698945248267,309.27125457684116,309.8600158691406,43325900
2026-03-23,318.0,326.4800109863281,314.92999267578125,322.510009765625,27369200
2026-03-24,320.0,324.3999938964844,314.8399963378906,318.2900085449219,19799000
2026-03-25,322.5899963378906,324.29998779296875,316.7200012207031,318.80999755859375,19900000
2026-03-26,314.0199890136719,316.9200134277344,309.1700134277344,309.4200134277344,20343700
2026-03-27,307.05999755859375,307.5,298.8699951171875,300.67999267578125,23593900
2026-03-30,300.8699951171875,304.7699890136719,289.9599914550781,293.4100036621094,28054500
2026-03-31,299.3900146484375,310.30999755859375,296.3399963378906,309.510009765625,29289500
2026-04-01,313.3699951171875,315.7900085449219,310.4800109863281,313.489990234375,19171000
2026-04-02,304.489990234375,314.69000244140625,301.75,314.54998779296875,14021100
2026-04-06,315.05999755859375,316.3999938964844,310.2799987792969,314.42999267578125,12111300
2026-04-07,326.7300109863281,334.1499938964844,321.79998779296875,333.9700012207031,33310900
2026-04-08,351.75,354.1400146484375,342.5299987792969,350.6300048828125,31573100
2026-04-09,352.29998779296875,358.70001220703125,351.5,354.9100036621094,20514900
2026-04-10,360.94000244140625,376.54998779296875,360.82000732421875,371.54998779296875,29958100
2026-04-13,369.6600036621094,380.8599853515625,369.4800109863281,379.75,24115800
2026-04-14,377.8999938964844,382.2799987792969,376.32000732421875,380.7799987792969,24423000
2026-04-15,389.8800048828125,397.0799865722656,385.57000732421875,396.7200012207031,29559300
2026-04-16,395.0,399.67999267578125,392.3500061035156,398.4700012207031,18872900
2026-04-17,400.8999938964844,406.7300109863281,399.80999755859375,406.5400085449219,20581700
2026-04-20,405.70001220703125,406.4200134277344,395.8999938964844,399.6300048828125,16922000
2026-04-21,399.4100036621094,403.6000061035156,394.57000732421875,402.1700134277344,16275500
2026-04-22,406.9800109863281,423.20001220703125,404.8599853515625,422.6499938964844,23702500
2026-04-23,422.3900146484375,429.30999755859375,417.79998779296875,419.94000244140625,19501600
2026-04-24,424.9800109863281,425.0,408.8599853515625,422.760009765625,22491100
2026-04-27,420.4800109863281,422.75,414.6300048828125,418.20001220703125,17451600
2026-04-28,400.30999755859375,405.80999755859375,394.6499938964844,399.8299865722656,25519200
2026-04-29,403.5,405.6400146484375,396.7799987792969,405.45001220703125,15962500
2026-04-30,415.5199890136719,418.3800048828125,404.2300109863281,417.42999267578125,21821600
2026-05-01,415.0899963378906,423.1700134277344,413.2799987792969,421.2799987792969,11882600
2026-05-04,418.2200012207031,423.8299865722656,409.5299987792969,416.5,15140400
2026-05-05,421.6600036621094,433.3900146484375,419.3500061035156,427.3599853515625,21175200
2026-05-06,435.55999755859375,437.67999267578125,417.7799987792969,425.44000244140625,20707000
2026-05-07,421.82000732421875,426.489990234375,406.29998779296875,412.55999755859375,22791700
2026-05-08,419.79998779296875,435.0,414.0,430.0,22561400
2026-05-11,427.6199951171875,433.6499938964844,425.04998779296875,428.42999267578125,16825500
2026-05-12,423.42999267578125,429.3399963378906,408.4100036621094,419.29998779296875,19004300
2026-05-13,415.80999755859375,418.6300048828125,404.79998779296875,416.7900085449219,16981200
2026-05-14,416.7300109863281,442.3599853515625,415.5899963378906,439.7900085449219,19733800
2026-05-15,432.80999755859375,432.80999755859375,419.79998779296875,425.19000244140625,18957100
2026-05-18,421.4100036621094,422.010009765625,414.3699951171875,420.7099914550781,17863300
2026-05-19,409.82000732421875,417.95001220703125,405.8599853515625,411.07000732421875,20652100
2026-05-20,412.80999755859375,424.1700134277344,411.4200134277344,417.760009765625,16312600
2026-05-21,413.54998779296875,422.25,410.5,414.57000732421875,16865300
2026-05-22,417.489990234375,419.989990234375,410.2099914550781,414.1400146484375,14086400
2026-05-26,418.5,435.30999755859375,417.0,422.010009765625,22562900
2026-05-27,425.07000732421875,432.79998779296875,416.489990234375,421.8599853515625,17601000
2026-05-28,421.1400146484375,429.67999267578125,414.010009765625,426.5799865722656,17855600
2026-05-29,432.95001220703125,448.8999938964844,431.4700012207031,446.7699890136719,41798400
2026-06-01,450.0899963378906,466.04998779296875,442.2200012207031,459.9700012207031,30586000
2026-06-02,488.7900085449219,488.82000732421875,470.4599914550781,481.57000732421875,38306700
2026-06-03,494.7799987792969,495.0,472.6400146484375,479.2300109863281,50126400
2026-06-04,408.989990234375,426.4800109863281,403.010009765625,418.9100036621094,80979400
2026-06-05,407.6099853515625,410.5,385.5899963378906,385.7300109863281,51146100
2026-06-08,402.6199951171875,402.8399963378906,391.3500061035156,396.6000061035156,37099000
2026-06-09,401.6099853515625,407.8699951171875,370.3299865722656,392.1600036621094,37026900
2026-06-10,381.5,385.80999755859375,371.1700134277344,372.1000061035156,38193500
2026-06-11,372.82000732421875,389.5,370.54998779296875,385.57000732421875,35187600
2026-06-12,383.7200012207031,384.9800109863281,377.0,382.07000732421875,27600900
2026-06-15,395.510009765625,396.20001220703125,388.6000061035156,393.94000244140625,32394200
2026-06-16,390.2099914550781,391.7900085449219,376.4599914550781,376.7099914550781,31573700
2026-06-17,388.7099914550781,400.6499938964844,382.6499938964844,392.8999938964844,39918800
