Date,Open,High,Low,Close,Volume
,MDLZ,MDLZ,MDLZ,MDLZ,MDLZ
2007-01-03,14.37523321691761,14.496033186258778,14.206112030996017,14.338993072509766,2335600
2007-01-04,14.1135008417011,14.363154354895963,14.093367766388724,14.326915740966797,2715700
2007-01-05,14.330941450213203,14.330941450213203,14.028940718502659,14.165847778320312,2437100
2007-01-08,14.169878734229322,14.169878734229322,14.02894562456739,14.07323932647705,1767000
2007-01-09,14.089342485325135,14.1819558653362,14.032967721094028,14.145715713500977,1591300
2007-01-10,14.133635116007362,14.532276799653046,14.053102807926091,14.455770492553711,5463800
2007-01-11,14.455774779432174,14.568521273025322,14.274573960403346,14.407453536987305,4418100
2007-01-12,14.411474640490898,14.576568304990394,14.375234492866369,14.41550064086914,2294500
2007-01-16,14.403425387667854,14.463824627636463,14.30275845166463,14.399397850036621,1639700
2007-01-17,14.419529012028303,14.439662087195163,14.181955038526933,14.194034576416016,1890800
2007-01-18,14.19805951272319,14.395367321100402,14.065179997738587,14.234299659729004,2186100
2007-01-19,14.278605849891672,14.407459477428324,14.190019940995477,14.347060203552246,1991200
2007-01-22,14.306782750903984,14.528251212603406,14.286649673310043,14.459796905517578,3657100
2007-01-23,14.42355284776642,14.600726033119592,14.161818301716217,14.218193054199219,5816000
2007-01-24,14.218201354164488,14.294707687398633,14.089347773951278,14.109480857849121,2543500
2007-01-25,14.141689518187679,14.242356445496073,13.97659581884413,13.996728897094727,3115700
2007-01-26,13.948405374271902,14.101419491885066,13.823579401740494,13.9081392288208,4329700
2007-01-29,13.775266332606206,14.218201874859025,13.690706455505032,14.161827087402344,3578600
2007-01-30,14.113508256033478,14.129615339167081,13.8598270728752,14.024922370910645,5135600
2007-01-31,13.924247887316724,14.173901396868658,13.743047140039046,14.061153411865234,7517700
2007-02-01,14.061163108443013,14.085323736759594,13.590042376691366,13.666548728942871,7770600
2007-02-02,13.714864662091806,13.726944203533257,13.56990402057187,13.702783584594727,4037400
2007-02-05,13.783313505286841,13.791367042631059,13.497419841815471,13.513526916503906,3706700
2007-02-06,13.461178094552993,13.642378823159474,13.37661826655497,13.557817459106445,3163200
2007-02-07,13.49742263849014,13.577956492563791,13.46118248095977,13.533662796020508,2905200
2007-02-08,13.469237456298337,13.485344536041787,13.227635868313596,13.275957107543945,5863100
2007-02-09,13.328299036243905,13.670567471564844,13.308165960296847,13.517553329467773,5324500
2007-02-12,13.58601122481952,13.992704996330398,13.533663984665727,13.815531730651855,5600700
2007-02-13,13.767215437281527,14.000763564888347,13.698762629155786,13.912176132202148,4269300
2007-02-14,13.763185550741035,13.89606512622237,13.734998927576637,13.863852500915527,3003100
2007-02-15,13.823583895307332,13.912169751306935,13.722916962901268,13.779290199279785,3081800
2007-02-16,13.779292029142386,14.085318868432163,13.759157411142947,14.07323932647705,3624000
2007-02-20,13.9725736877449,14.041026479968092,13.469238911789073,13.634332656860352,7947300
2007-02-21,13.610167715152366,13.614195252273054,13.372593714858246,13.46520709991455,4062700
2007-02-22,13.54171680735776,13.5900365070651,13.392728634505488,13.396756172180176,2706000
2007-02-23,13.541716016013448,13.541716016013448,13.263874302807606,13.392727851867676,1930000
2007-02-26,13.392728634505488,13.485343568356601,13.336355395504329,13.396756172180176,2384200
2007-02-27,13.497417555943247,13.509497091886235,12.885362645934755,12.917576789855957,3796500
2007-02-28,12.969928991050956,13.275957367956687,12.623635218080285,12.857182502746582,5436700
2007-03-01,12.804837470336915,13.118919441474075,12.720277589515971,13.034358024597168,4355900
2007-03-02,13.046434127034276,13.08670028271278,12.792753045304647,12.824966430664062,3276300
2007-03-05,12.724301578139194,12.877314991514638,12.555181085446431,12.732355117797852,4203200
2007-03-06,12.824968158320019,13.002142185677828,12.732354758939175,12.977981567382812,4375300
2007-03-07,12.990065586073676,13.006172670489002,12.567264604536131,12.607531547546387,5891100
2007-03-08,12.643762399326775,12.808856052747704,12.583362413348201,12.615575790405273,3223800
2007-03-09,12.619606619015808,12.740406629841475,12.5712861538689,12.684033393859863,5499700
2007-03-12,12.696114010935794,12.941740807992236,12.663900622730305,12.853154182434082,7992500
2007-03-13,12.845034979123062,12.889678318924668,12.504124032124409,12.552825927734375,12053600
2007-03-14,12.552817237293235,12.589343440190662,12.155088332509969,12.256549835205078,20493600
2007-03-15,12.191622968607998,12.56094303195742,12.175388745384108,12.418896675109863,11873200
2007-03-16,12.38643288017001,12.41890056269102,12.321497515127989,12.345848083496094,9656500
2007-03-19,12.447305905615995,12.605585713046118,12.276850430656488,12.540650367736816,11819400
2007-03-20,12.597470160869236,12.808509659237028,12.520359143222883,12.776041984558105,9052300
2007-03-21,12.780099137605028,12.788216248906238,12.666461901659122,12.723280906677246,7665100
2007-03-22,12.78416020937837,12.954615709800368,12.707049185020908,12.926206588745117,8707000
2007-03-23,12.999257375792695,13.10883607001108,12.885620899498463,12.987082481384277,10133500
2007-03-26,13.027665476166664,13.05201681126022,12.905911897060395,12.942438125610352,6746600
2007-03-27,12.94243999241239,12.94243999241239,12.796335831229054,12.86532974243164,5709000
2007-03-28,12.804449581537074,12.845034363585485,12.64211122743377,12.767923355102539,8982700
2007-03-29,12.771986458174633,12.89779940472936,12.702992536354191,12.792279243469238,7387700
2007-03-30,12.751690420806158,12.897795332434338,12.617761176510445,12.849093437194824,32441500
2007-04-02,12.836915737916284,12.836915737916284,12.289023954216722,12.520356178283691,50140700
2007-04-03,12.44324490156872,12.483829677924586,12.289023680324698,12.30931568145752,58552300
2007-04-04,12.256556600294932,12.650227169368765,12.24843948981747,12.467596054077148,52994600
2007-04-05,12.398608257487707,12.865332276177327,12.390491917111081,12.816630363464355,59724900
2007-04-09,12.694871616095535,12.885619084500664,12.60558494119457,12.707046508789062,28330900
2007-04-10,12.70298615325606,12.767921485388355,12.475712490793027,12.678635597229004,36468900
2007-04-11,12.654287308008668,13.015490254459381,12.540650069375806,12.995198249816895,40665000
2007-04-12,13.149425775560513,13.287413632337703,13.104782417752986,13.169717788696289,32890800
2007-04-13,13.2265278490899,13.35639851050371,13.133183407959997,13.311755180358887,22699400
2007-04-16,13.392928393959968,13.401045506041038,13.242765690912261,13.295524597167969,27618000
2007-04-17,13.18188637092432,13.372634609003812,13.1047761386827,13.35234260559082,18776200
2007-04-18,13.392929785472017,13.392929785472017,13.052018783550944,13.104779243469238,23121000
2007-04-19,13.210299578129227,13.352346742390205,13.06825396204935,13.332053184509277,28426400
2007-04-20,13.48627304061176,13.510624377179965,13.368577236136707,13.429454803466797,30370100
2007-04-23,13.36046122924512,13.534975285302513,13.327994325982406,13.478157043457031,16931600
2007-04-24,13.494390717779801,13.616144309356669,13.490332935605634,13.555268287658691,20525300
2007-04-25,13.555267220670089,13.677020802663252,13.522798773108823,13.5836763381958,14244200
2007-04-26,13.405102477818017,13.664843855990751,13.405102477818017,13.62020206451416,18431700
2007-04-27,13.433511594294364,13.624259846219037,13.433511594294364,13.62020206451416,16034500
2007-04-30,13.603968343831196,13.668903690772936,13.563382784379614,13.5836763381958,18112200
2007-05-01,13.587737543941559,13.620205999684353,13.514685066701455,13.591796875,19802600
2007-05-02,13.620205040256534,13.632379936211873,13.482217209432095,13.506567001342773,21247100
2007-05-03,13.506565115279917,13.583676907378663,13.315818396497589,13.323935508728027,16819900
2007-05-04,13.45380239014192,13.522795502250549,13.295521068836608,13.47409439086914,12883000
2007-05-07,13.43350830862222,13.494385856570618,13.364515199249029,13.392924308776855,12864000
2007-05-08,13.295525956681994,13.392929763433873,13.153480351190694,13.254941940307617,12943600
2007-05-09,13.210300643281684,13.319879362313442,13.19406641494041,13.303645133972168,14300500
2007-05-10,13.303642737661272,13.344228301204007,13.173772030686422,13.190006256103516,12224200
2007-05-11,13.169714350186979,13.21841547863363,13.104778996197787,13.194064140319824,27157000
2007-05-14,13.194064038367316,13.230590271465301,13.165654917977875,13.190006256103516,20068200
2007-05-15,13.100718219323989,13.25088246674199,13.088543325601746,13.230588912963867,17060300
2007-05-16,13.218412917579073,13.31581670378145,13.185946020965387,13.299582481384277,17622200
2007-05-17,13.279290154759552,13.409160834419447,13.258996603165938,13.35234260559082,14509200
2007-05-18,13.392928183918407,13.449746419413982,13.344227060376602,13.43757152557373,13618000
2007-05-21,13.388872286748212,13.50250877373567,13.352346051904956,13.470040321350098,17568800
2007-05-22,13.494389983685133,13.612085786685185,13.470038647422106,13.530916213989258,18425000
2007-05-23,13.575557075697851,13.587731967514213,13.494387517834168,13.522796630859375,16457600
2007-05-24,13.474100419206104,13.603971139781205,13.433514851413191,13.571502685546875,16787100
2007-05-25,13.571499711596216,13.63643505765435,13.54309059445708,13.599908828735352,13861600
2007-05-29,13.599908828735352,13.66078639299394,13.54309059445708,13.599908828735352,13012000
2007-05-30,13.494384715009039,13.677015795224154,13.490326934639915,13.672956466674805,17008700
2007-05-31,13.697318512452947,14.026054714097135,13.668909383096448,13.733844757080078,24910700
2007-06-01,13.83529932754809,13.977344901968037,13.798773101528583,13.96922779083252,15338600
2007-06-04,13.908359806739474,14.03011344768056,13.839365096357882,14.005762100219727,11054300
2007-06-05,13.948937762712355,14.030107337383168,13.871827518274557,13.981406211853027,15634800
2007-06-06,13.900233827903952,14.001695388691571,13.863707604093186,13.940817832946777,18385500
2007-06-07,13.944881360163752,14.176213664542658,13.843419768833318,14.050400733947754,19761500
2007-06-08,14.042288347320206,14.139692188982,13.904300474738564,14.005762100219727,22185600
2007-06-11,14.001699056967508,14.103160644336837,13.948938598044787,14.00981616973877,14933100
2007-06-12,14.001704316400359,14.070697478600408,13.932711154200307,14.005762100219727,14028400
2007-06-13,13.948942181125451,14.354788634853012,13.948942181125451,14.306087493896484,27776300
2007-06-14,14.306083160835486,14.411602525644895,14.086925770637997,14.375076293945312,20571600
2007-06-15,14.37507085617793,14.44406551136951,14.285785749938643,14.330429077148438,15183000
2007-06-18,14.33042949619634,14.47653282381849,14.220850839344465,14.249259948730469,16214200
2007-06-19,14.188388630659315,14.237091309430511,14.026051012631745,14.062577247619629,18991600
2007-06-20,14.062573012453502,14.10721479894431,13.916468116503768,13.985461235046387,17227600
2007-06-21,13.948941839987711,15.097488019074712,13.900240700222227,14.910799026489258,57834100
2007-06-22,14.894562408698377,14.894562408698377,14.65105365255711,14.711931228637695,26934000
2007-06-25,14.695690829126837,14.772802599529584,14.423774612726723,14.452183723449707,19130800
2007-06-26,14.55027749224695,14.558451992890397,14.23147976278543,14.280525207519531,20142300
2007-06-27,14.149739208767297,14.685157416944167,14.145652737173275,14.607501983642578,22071800
2007-06-28,14.472622080211435,14.632020945001532,14.427663106219033,14.456273078918457,13380100
2007-06-29,14.468536448690145,14.611586320484783,14.333659518889483,14.407228469848633,14336800
2007-07-02,14.542106421618577,14.55027936418692,14.27235254305988,14.521669387817383,10179800
2007-07-03,14.31731153423714,14.386794019137698,14.100692696087382,14.16608715057373,14020900
2007-07-05,14.112948153382249,14.305044970477608,13.998508292538801,14.084338188171387,15584800
2007-07-06,14.121124713813073,14.141560183501017,13.916766898680823,13.994423866271973,17917300
2007-07-09,13.994422933688478,14.517578406643686,13.879981504634806,14.30913257598877,37447600
2007-07-10,14.190608106978983,14.484882319751136,14.010772220095808,14.059819221496582,16711400
2007-07-11,14.027124570472411,14.190611495932048,13.961730112113932,14.010775566101074,11106700
2007-07-12,14.096609562027428,14.256008485128536,13.994430605257266,14.223310470581055,10761500
2007-07-13,14.2805258531285,15.06117276991429,14.121126981191468,14.668806076049805,20420300
2007-07-16,14.607497974004344,14.726024327219228,14.390877619936175,14.517580032348633,13373200
2007-07-17,14.562543130431653,14.713767526790352,14.517584146861712,14.66063404083252,11305100
2007-07-18,14.656543773178308,14.85681357286785,14.505319415986499,14.59114933013916,15530300
2007-07-19,14.70150916672516,14.905867085376876,14.570720223518236,14.848647117614746,13064500
2007-07-20,14.836380687009083,14.836380687009083,14.456274933383183,14.521669387817383,14182300
2007-07-23,14.538015204600054,14.697414054899138,14.415400824302793,14.554364204406738,9728500
2007-07-24,14.754632654086487,14.787330650728022,14.15382177749809,14.239651679992676,18176200
2007-07-25,14.264175177473827,14.345917050825074,14.104774782535788,14.239651679992676,15105400
2007-07-26,14.305050880694312,14.305050880694312,13.467183926650435,13.66745376586914,29078800
2007-07-27,13.765543208193236,13.91676756204404,13.393612029288953,13.442657470703125,22904200
2007-07-30,13.528491868809741,13.900423171041009,13.373180992978302,13.479446411132812,26154300
2007-07-31,13.585714166026202,13.585714166026202,13.311873763474859,13.385442733764648,21629200
2007-08-01,13.52848596315413,13.569358459315126,12.976720517554313,13.254647254943848,31952800
2007-08-02,13.344570097258849,13.46718451260292,13.119775183480025,13.30369758605957,16138400
2007-08-03,13.360915679848153,13.454920103810181,13.058466934774962,13.062553405761719,11441600
2007-08-06,13.152474052091558,13.41813993530683,12.878634445665632,13.365006446838379,16878100
2007-08-07,13.271000578271439,13.418138494148923,13.164733612748003,13.311871528625488,11057200
2007-08-08,13.356831264437917,13.414051221818466,13.136124378147025,13.39770221710205,13128100
2007-08-09,13.205605534352896,13.275086458687051,12.854109764099121,12.854109764099121,15952600
2007-08-10,12.796885907428337,13.213776808555547,12.46991372163097,13.136119842529297,17982900
2007-08-13,13.193342885310553,13.352741765957157,13.14021096451284,13.160646438598633,25740800
2007-08-14,13.2750883102417,13.454922691653906,13.193344842644526,13.2750883102417,11965300
2007-08-15,13.28325947438638,13.344567449457255,12.939938244067948,12.976722717285156,10509000
2007-08-16,12.939942928422512,13.127951833314826,12.478094390205278,12.731497764587402,18587000
2007-08-17,13.033943426308248,13.033943426308248,12.608879503590893,12.79688835144043,17115300
2007-08-20,12.833674101439785,13.017596496571155,12.74375691913301,12.956289291381836,10630800
2007-08-21,12.890895557303164,13.07072993198988,12.841849322666407,12.931766510009766,8193300
2007-08-22,12.988983411614305,13.119771513045034,12.939937191459961,13.103424072265625,7841000
2007-08-23,13.111606640935982,13.234221097432398,12.976729647400742,13.119779586791992,6266300
2007-08-24,13.181079503206448,13.295519384468863,13.070726092363499,13.27917194366455,4484000
2007-08-27,13.201517195587188,13.426310525528933,13.185168192904626,13.246476173400879,11188200
2007-08-28,13.164733122157799,13.226041104531017,12.972637012136731,12.988986015319824,8929500
2007-08-29,13.001243691815679,13.07481262836021,12.939936504549628,13.046202659606934,13389600
2007-08-30,12.874544639233545,13.26282486875005,12.874544639233545,13.017595291137695,7625000
2007-08-31,13.046203352158352,13.23012492371989,13.017593381886329,13.103424072265625,9380200
2007-09-04,13.13203469763733,13.18925464103583,13.013506781096707,13.140209197998047,10799900
2007-09-05,13.49579048241126,13.49579048241126,13.242387224748125,13.324129104614258,17133700
2007-09-06,13.435408713641966,13.868145548342627,13.373590288790322,13.760991096496582,14352500
2007-09-07,13.439530273060901,13.740384328981753,13.40243859098037,13.554925918579102,9948300
2007-09-10,13.559041524316259,13.847530498416905,13.526070457477902,13.711528778076172,10108600
2007-09-11,13.802202927762595,13.991781918275422,13.748625709696762,13.925841331481934,11230100
2007-09-12,13.896995634678644,14.065968525646593,13.843418404230865,13.971179008483887,10369300
2007-09-13,14.012384482936431,14.115416721781552,13.967050046301026,14.024747848510742,8038700
2007-09-14,13.909354825312588,14.057721528326187,13.868142550985473,14.05359935760498,7023600
2007-09-17,14.016510373860111,14.078330369371413,13.913478096106472,13.967055320739746,6133800
2007-09-18,13.979420245527375,14.177243624302848,13.929965186907491,14.173121452331543,7836800
2007-09-19,14.119544945980016,14.280276645998061,14.086575429258296,14.169001579284668,7795100
2007-09-20,14.12777675099678,14.263780028785007,14.094807259868828,14.259657859802246,7560400
2007-09-21,14.276148977230765,14.383303402653002,14.259663439143122,14.362695693969727,12534600
2007-09-24,14.309120568571188,14.37918174974489,14.17723940341687,14.304998397827148,10761700
2007-09-25,14.21845310581984,14.23081647499852,14.08657192742173,14.185482025146484,9116500
2007-09-26,14.173117363888323,14.218451809607487,13.995901751793879,14.107176780700684,10321300
2007-09-27,14.177238692686691,14.222571563566028,14.037114765216451,14.18135929107666,9027700
2007-09-28,14.140150621701403,14.24730350076631,14.090693995534995,14.222575187683105,8658400
2007-10-01,14.22257394659809,14.34621392907726,14.181361667203488,14.30087947845459,6534400
2007-10-02,14.300874305960727,14.387421004674861,14.20196267018235,14.288509368896484,6492900
2007-10-03,14.276150094916332,14.276150094916332,14.04535883221036,14.131905555725098,7474400
2007-10-04,14.131907526727336,14.168999209427977,14.07008753151034,14.144270896911621,6079600
2007-10-05,14.177238318647095,14.210207821339269,13.979415013904545,14.136024475097656,6080100
2007-10-08,14.197840573784019,14.197840573784019,13.987653959498685,14.041231155395508,5084200
2007-10-09,14.028871280625816,14.082446917699425,13.962930704718241,14.057720184326172,7660600
2007-10-10,14.012382188726201,14.094808280736332,13.9629271623789,14.028867721557617,5812200
2007-10-11,14.000022340324145,14.041234610603382,13.793957844633287,13.818684577941895,7949400
2007-10-12,13.880505115080497,14.008265673532353,13.847534039810057,13.950566291809082,4586200
2007-10-15,13.921717527647935,14.028871951211858,13.814564676231425,13.8475341796875,7529500
2007-10-16,13.847534743065474,13.991780846478173,13.810443067576205,13.851656913757324,6406900
2007-10-17,13.98354251754295,14.028876976663838,13.826932996620236,13.901116371154785,20316400
2007-10-18,13.888748638720099,13.983538127053107,13.715653628437767,13.769230842590332,6166600
2007-10-19,13.769229833658574,13.826927642142419,13.435404777526855,13.435404777526855,9846600
2007-10-22,13.418925869579043,13.526078758268138,13.320014180510064,13.46838092803955,5009600
2007-10-23,13.575531005859375,13.608502086104892,13.398315379908816,13.575531005859375,5900800
2007-10-24,13.699163533365706,13.699163533365706,13.377701964412259,13.546674728393555,7243200
2007-10-25,13.530198022871978,13.62086534854242,13.402437446141759,13.501347541809082,5298800
2007-10-26,13.57964866778037,13.8392903359819,13.414796465587978,13.723893165588379,9869400
2007-10-29,13.744502567829597,13.77747364497119,13.456013503578113,13.592015266418457,8938200
2007-10-30,13.53431642931871,13.55492256489903,13.377706969043011,13.435404777526855,9414500
2007-10-31,13.559045728834091,13.773351441149382,13.554923558127557,13.769230842590332,18147600
2007-11-01,13.674444167359933,13.765113075786275,13.472500209177943,13.517834663391113,10356100
2007-11-02,13.559041661960663,13.600253923779977,13.394189470389373,13.526070594787598,6891800
2007-11-05,13.48074388936163,13.789840746592075,13.394197146652607,13.662081718444824,8324900
2007-11-06,13.604381590339655,13.781597238113797,13.604381590339655,13.760991096496582,8399500
2007-11-07,13.616741680653005,13.806320631410763,13.53843616940508,13.736259460449219,10293200
2007-11-08,13.748621105436596,13.806318903040097,13.48485884659369,13.645588874816895,21277700
2007-11-09,13.49310373980359,13.69916823351249,13.435404360961348,13.472496032714844,14434600
2007-11-12,13.402438491671353,13.637351952391468,13.402438491671353,13.480742454528809,8467400
2007-11-13,13.480738364578567,13.760986192719285,13.480738364578567,13.736259460449219,10384200
2007-11-14,13.447770734292716,13.740381969260643,13.447770734292716,13.592015266418457,9914700
2007-11-15,13.645595325775872,13.699172551227946,13.241708979466905,13.340619087219238,9476100
2007-11-16,13.418926961555913,13.447775879017813,13.233468512052212,13.398319244384766,10085400
2007-11-19,13.287040842084135,13.398314298563047,13.225220857686953,13.311767578125,8895700
2007-11-20,13.229342880193881,13.690928583172587,13.229342880193881,13.620865821838379,11976700
2007-11-21,13.480741639404819,13.616744988518041,13.443649959841908,13.521955490112305,8397900
2007-11-23,13.58377440951951,13.785718355073637,13.526076588546246,13.781596183776855,4274100
2007-11-26,13.7527469369055,13.851658607688705,13.608502388000488,13.608502388000488,11741200
2007-11-27,13.707412590823772,13.752747041437834,13.583774180515768,13.682685852050781,9302600
2007-11-28,13.64970585631807,13.971167399752343,13.64970585631807,13.929953575134277,8368000
2007-11-29,13.872267234481773,14.189606871118528,13.818690004361814,14.148394584655762,7698600
2007-11-30,14.012385013925577,14.30499620601868,13.90523217321094,14.239055633544922,12200900
2007-12-03,14.123663607105426,14.321485374702593,14.041237477569693,14.185482025146484,5910500
2007-12-04,14.074208106131099,14.354455994261473,14.032994256613335,14.177240371704102,7290800
2007-12-05,14.10305603217462,14.420395576688467,14.10305603217462,14.35445499420166,31165500
2007-12-06,14.35033327117594,14.527548886915795,14.243180410847156,14.506942749023438,8160900
2007-12-07,14.416268549612555,14.544029072957212,14.288508026267898,14.292630195617676,7151900
2007-12-10,14.305000668658764,14.40803294355054,14.284394528109958,14.350335121154785,4437900
2007-12-11,14.399791578666894,14.461611578496175,14.07008858125583,14.123665809631348,7203900
2007-12-12,14.156627290414788,14.416268941362452,13.909350575705494,14.078323364257812,9668800
2007-12-13,13.97941173508589,14.140143329008643,13.934078876035228,14.078323364257812,6106600
2007-12-14,13.971172043206783,14.032990442459838,13.703287596668673,13.728015899658203,6998400
2007-12-17,13.641468240423592,13.723894348625143,13.410677024035953,13.423040390014648,9453000
2007-12-18,13.54256186236855,13.682685812889288,13.336497321729098,13.620865821838379,9476800
2007-12-19,13.596137341066212,13.744502470712579,13.480740144033513,13.612621307373047,8843100
2007-12-20,13.682686341196877,13.699171882400007,13.484864563202548,13.5631685256958,7549300
2007-12-21,13.808332283202434,13.899751181788867,13.613028849004952,13.82079792022705,11515600
2007-12-24,13.787556645298782,13.953772547816452,13.787556645298782,13.870664596557617,1437100
2007-12-26,13.891443086960338,13.97039477961467,13.783402260009629,13.928841590881348,5950300
2007-12-27,13.920533430324491,13.928844386769892,13.66290012112845,13.683676719665527,3660600
2007-12-28,13.712768410834205,13.83742962481112,13.613038488560669,13.691991806030273,4443200
2007-12-31,13.625497505735519,13.662896005899068,13.538234867071365,13.559011459350586,7418700
2008-01-02,13.525769921545761,13.538237147134886,13.272292124229411,13.318000793457031,5991800
2008-01-03,13.33462257001255,13.409419582184348,13.205805933814629,13.214116096496582,9466500
2008-01-04,13.193336168277996,13.376172382317439,13.039586705142526,13.06867504119873,7642500
2008-01-07,13.04374374597575,13.34708643946909,13.039588268897951,13.272290229797363,8410500
2008-01-08,13.293065872413665,13.421882482312663,13.089452265613264,13.131006240844727,7997000
2008-01-09,13.118539176868193,13.226579190221132,12.914925579902466,13.20995807647705,9246300
2008-01-10,13.135158168088525,13.650424468443195,13.135158168088525,13.588094711303711,9782700
2008-01-11,13.488374660691036,13.509151261468698,13.180876372237847,13.268139839172363,9798800
2008-01-14,13.347088210323639,13.347088210323639,13.12269796638456,13.214116096496582,8430900
2008-01-15,13.147628334130076,13.209959697905434,12.9066162109375,12.9066162109375,9273700
2008-01-16,12.823514548339833,13.089458855590832,12.823514548339833,12.956486701965332,7741200
2008-01-17,12.968949229278738,12.99388209652401,12.682228389145395,12.736248016357422,8166000
2008-01-18,12.819349872188319,12.877524949517463,12.445365760288416,12.528472900390625,11745500
2008-01-22,11.901013486882361,12.511855132348478,11.896858009880582,12.416280746459961,12921700
2008-01-23,12.154494142722625,12.72793659456877,12.133717546688676,12.694693565368652,13656400
2008-01-24,12.694696055319461,12.715473448005044,12.345643783966564,12.466150283813477,16373200
2008-01-25,12.45783440935412,12.52847593144834,12.258376273762037,12.374727249145508,11766100
2008-01-28,12.320708372928458,12.711314531428469,12.320708372928458,12.6489839553833,10489500
2008-01-29,12.703004401166393,12.74455838541924,12.403817141183286,12.545100212097168,10241200
2008-01-30,12.362259542928038,12.557562181472111,12.20019992355266,12.237598419189453,12324700
2008-01-31,12.270845604373413,12.358108262101325,12.050610032249637,12.162805557250977,13010500
2008-02-01,12.204362063137973,12.441218803101705,12.004903046652673,12.225138664245605,11918400
2008-02-04,12.216822145516664,12.3248621657635,12.179423646485983,12.245909690856934,7698300
2008-02-05,12.112937134912992,12.162802062555972,11.992431481354668,12.029829978942871,10549300
2008-02-06,12.08800411694561,12.287462226682628,12.05060562229791,12.158645629882812,7509600
2008-02-07,12.112943116080723,12.370577249728615,12.100477472446755,12.225138664245605,9284200
2008-02-08,12.183581402611308,12.183581402611308,11.925948130620396,11.971656799316406,9163600
2008-02-11,12.029829818796115,12.196044921099759,11.988275845076172,12.183578491210938,9266500
2008-02-12,12.17111078415578,12.337325858193935,12.088002850848707,12.150333404541016,9822400
2008-02-13,12.216821037161397,12.32070557113824,12.150334998822306,12.283307075500488,9227400
2008-02-14,12.299936521658886,12.466151719402266,12.150342447401552,12.17943000793457,7647600
2008-02-15,12.586651006217963,13.04374233941885,12.47030003831483,13.018810272216797,23086000
2008-02-19,13.122701893997206,13.151789453530716,12.865067751915387,12.956486701965332,9964100
2008-02-20,12.86921707155695,13.043743137806056,12.835974049060747,12.998034477233887,10137900
2008-02-21,13.068683303938592,13.076993469775534,12.7445630589993,12.815204620361328,9718700
2008-02-22,12.877525981969768,13.035430908203125,12.719621848312459,13.035430908203125,7091900
2008-02-25,13.068679005074758,13.122698631840231,12.96894912207082,13.101922035217285,6496400
2008-02-26,13.089452260073575,13.293065866787803,13.085296783294572,13.247356414794922,8941600
2008-02-27,13.284758243390016,13.376176377715886,13.185029153422787,13.313846588134766,6207600
2008-02-28,13.24320157420051,13.3013758706911,13.093607582227598,13.143471717834473,6922700
2008-02-29,13.143470110646284,13.330463370322967,12.914924466479775,12.952322959899902,9556600
2008-03-03,13.056209410527297,13.056209410527297,12.881683346389298,12.964791297912598,7876000
2008-03-04,12.881683031873633,12.993878525917905,12.773643014561685,12.885838508605957,11521700
2008-03-05,12.869216601676666,12.998034002650227,12.777798491294009,12.885838508605957,10823600
2008-03-06,12.948172134602455,12.948172134602455,12.77780151119266,12.790267944335938,8413500
2008-03-07,12.715468088888098,12.877527720650834,12.678069590392674,12.719623565673828,9037600
2008-03-10,12.736244042424302,12.873371599181617,12.67391347891209,12.761176109313965,8086900
2008-03-11,13.018814402685338,13.039590999849471,12.840132813798844,13.027125358581543,9430800
2008-03-12,13.144484976517303,13.207357033082367,12.951676430327986,12.972634315490723,8473000
2008-03-13,12.78820971889957,12.855273356669098,12.599592738009253,12.691805839538574,19519800
2008-03-14,12.758869953473821,12.804975706497542,12.436125684999512,12.5199556350708,10936400
2008-03-17,12.394210709963868,12.603784785680435,12.390019132514139,12.5199556350708,11947700
2008-03-18,12.729527441949763,12.813356577618176,12.574442301797857,12.809165000915527,11757900
2008-03-19,12.679226539469632,12.926523914444292,12.645694732666016,12.645694732666016,13269400
2008-03-20,12.662464726014246,13.098379168482934,12.662464726014246,13.056464195251465,13235600
2008-03-24,13.085804271091288,13.098379002740097,12.880421784263715,12.918145179748535,11053200
2008-03-25,12.897184570772446,12.99777999810443,12.804971496122084,12.851078033447266,10131100
2008-03-26,12.788209483890604,12.976825661853097,12.767251597809254,12.918145179748535,8005100
2008-03-27,12.947483127152825,13.056461717085448,12.909759738350708,12.968441009521484,8250200
2008-03-28,13.006166702366986,13.056464030039006,12.813358147726614,12.918145179748535,7694100
2008-03-31,12.851077883248836,13.077418191696468,12.851077883248836,12.997779846191406,11299700
2008-04-01,13.018738349802838,13.299567578315324,13.018738349802838,13.291184425354004,11677100
2008-04-02,13.274421546967732,13.349868339633662,13.18640002237027,13.236698150634766,6135800
2008-04-03,13.182209175860892,13.22412334982443,12.99778377246717,13.077422142028809,8763000
2008-04-04,13.073226776705482,13.282800783644506,13.069035200631335,13.219928741455078,8520300
2008-04-07,13.28280452233319,13.320527918157067,13.152868025845788,13.240889549255371,5132600
2008-04-08,13.17801798857883,13.282805025512113,13.173826411166102,13.270230293273926,7276900
2008-04-09,13.215738830453727,13.295376387512022,13.165440710688205,13.203164100646973,6130700
2008-04-10,13.203164755028832,13.224121839617279,12.96844204989977,12.985207557678223,8651600
2008-04-11,12.859460743615648,12.997779551375837,12.846886015833316,12.880417823791504,7075900
2008-04-14,12.851085079241011,12.972638453573929,12.825936408485239,12.905574798583984,4944700
2008-04-15,12.905574421615439,13.05646724120436,12.905574421615439,12.951680183410645,6879300
2008-04-16,13.031315591314971,13.119336315992344,12.92233698019421,13.077422142028809,10491400
2008-04-17,13.0145467635849,13.16963189540742,13.010355986568843,13.11095142364502,5601000
2008-04-18,13.27022301819955,13.320521120115949,13.119329511911562,13.182202339172363,6403300
2008-04-21,13.211550248151276,13.211550248151276,13.04389114337,13.140295028686523,4018300
2008-04-22,13.110958525075644,13.152872713630384,12.888809648210767,12.960064888000488,5352400
2008-04-23,12.993592599584671,13.14448618882693,12.960060779693242,13.12771987915039,5103200
2008-04-24,13.00616493990575,13.21573897555028,12.918143429215066,13.098377227783203,5257300
2008-04-25,13.136100059014018,13.140291635483871,12.771440900751301,12.82593059539795,7196000
2008-04-28,12.846890348501796,12.888805322450875,12.704379916751913,12.72952938079834,11459400
2008-04-29,12.737912391015483,12.968444359858784,12.72114688025073,12.897189140319824,12747900
2008-04-30,13.115147400344974,13.463039570623552,13.077423998852263,13.257657051086426,18970700
2008-05-01,13.224120047761204,13.4504603680629,13.211546118496504,13.391779899597168,9569500
2008-05-02,13.488185825680773,13.53009999561361,13.37920722504,13.429505348205566,9793100
2008-05-05,13.450462549486302,13.483993565937915,13.358250255590484,13.404356002807617,6393000
2008-05-06,13.366634868965143,13.425315356864935,13.27442255948523,13.395975112915039,5917400
2008-05-07,13.375014203651773,13.408546015653531,13.186397261478474,13.215738296508789,5734100
2008-05-08,13.115144425458181,13.40854761561831,13.115144425458181,13.324718475341797,5014400
2008-05-09,13.245081287937495,13.324719657809807,13.05227272921426,13.136102676391602,6445900
2008-05-12,13.173826670311744,13.186400603335628,12.981018102841663,13.144486427307129,6543100
2008-05-13,13.152864409988679,13.198970947645282,12.98939693933184,13.052268981933594,7116300
2008-05-14,13.077419621070613,13.303759154795985,13.052270162186652,13.291184425354004,9749700
2008-05-15,13.274423245098065,13.408550538346116,13.24508299963277,13.383401870727539,7582300
2008-05-16,13.542676551853985,13.65165436129041,13.383399815979322,13.626504898071289,12594600
2008-05-19,13.70195079455689,13.810930195804058,13.643270316465232,13.752249717712402,9273800
2008-05-20,13.714524560825087,13.727098490535134,13.592971243884959,13.6474609375,7527300
2008-05-21,13.701951033034382,13.714526563503686,13.513335664149304,13.559440612792969,7141700
2008-05-22,13.551058609745693,13.6516532566359,13.488185756247,13.588780403137207,5943400
2008-05-23,13.521720625860471,13.525913003380836,13.31633889722171,13.408551216125488,9656400
2008-05-27,13.404352926798031,13.54686331159132,13.404352926798031,13.530097007751465,9028700
2008-05-28,13.559448341823945,13.605554915671986,13.484001511695157,13.601364135742188,6135800
2008-05-29,13.58039873263901,13.806737485675306,13.534292186989168,13.756440162658691,5425100
2008-05-30,13.819311079694042,13.827694232176272,13.584587606960142,13.613927841186523,6239500
2008-06-02,13.538475629161544,13.60973159717449,13.35405114540709,13.4672212600708,6169100
2008-06-03,13.492378184854976,13.651654927333787,13.383400370899967,13.433697700500488,9186300
2008-06-04,13.412737093786768,13.471417562744428,13.312141661518739,13.366630554199219,7819000
2008-06-05,13.412734877242547,13.471415336502869,13.316331037183078,13.437884330749512,6991400
2008-06-06,13.316335930691334,13.391782720014936,13.085803985595703,13.085803985595703,7869000
2008-06-09,13.110948392665504,13.278607415699838,13.052267135007524,13.152862548828125,6628300
2008-06-10,13.085805534943347,13.178018643684185,12.993593225664196,13.094188690185547,7389600
2008-06-11,13.094188307100124,13.18220983564469,12.872039496451132,12.90138053894043,8298800
2008-06-12,12.985207257068955,13.014547494598167,12.85946315352619,12.909760475158691,8116500
2008-06-13,12.981011813828797,13.035501495405462,12.851076172275732,12.993586540222168,7306100
2008-06-16,12.93071838722633,12.960058624820213,12.595399444603967,12.687612533569336,11066800
2008-06-17,12.72952836538025,12.880421140314121,12.704378903339965,12.70857048034668,6073800
2008-06-18,12.654081225448863,12.75048509553132,12.553485778476535,12.574442863464355,7300700
2008-06-19,12.540909484654332,12.549292637389168,12.36905885089744,12.423547744750977,11878100
2008-06-20,12.39420540781153,12.461269019394566,12.159482767270903,12.243311882019043,15802700
2008-06-23,12.356483480470091,12.42354709994515,12.2433133228079,12.276845932006836,6866600
2008-06-24,12.2810416002544,12.381637868996055,12.100808550791436,12.251701354980469,7284400
2008-06-25,12.38284619159225,12.480148853399815,12.302465345922265,12.374384880065918,14340900
2008-06-26,12.463227849538349,12.463227849538349,12.171319826191695,12.19670295715332,10141600
2008-06-27,12.196702971767321,12.205164284403063,11.997866966318506,12.010558128356934,9617400
2008-06-30,12.010556236379497,12.137473485177269,11.985173109385965,12.035940170288086,9126200
2008-07-01,11.993632345245484,12.052859900286352,11.86248527040574,12.014784812927246,10612600
2008-07-02,12.0147906236523,12.234779944361918,11.985176831809719,12.150168418884277,10495100
2008-07-03,12.22631418953883,12.268619936911183,12.11631956913672,12.188239097595215,6874800
2008-07-07,12.21362505337256,12.268621969226427,12.040171379721558,12.141705513000488,9283500
2008-07-08,12.095169680416882,12.298236342847288,12.095169680416882,12.264391899108887,9830100
2008-07-09,12.272850192644471,12.382844809464336,12.234775101940864,12.268619537353516,7546900
2008-07-10,12.281315301592956,12.289775807876543,12.141706861473281,12.24747085571289,8134300
2008-07-11,12.129013313303886,12.370155059683531,12.099399527876932,12.239007949829102,9394400
2008-07-14,12.357460041224984,12.475915960608313,12.234774273752013,12.382843971252441,9289900
2008-07-15,12.302461483463928,12.543603137850406,12.23477262633491,12.446300506591797,8826300
2008-07-16,12.395537601247334,12.645140647888184,12.3109269050277,12.645140647888184,7979400
2008-07-17,12.628217567115916,12.687445129231508,12.480147854911925,12.653600692749023,11635700
2008-07-18,12.577452929432045,12.69167822713591,12.43361384497129,12.526686668395996,23388500
2008-07-21,12.501302169537963,12.526686105831182,12.179780378975192,12.239007949829102,14967600
2008-07-22,12.133246109698584,12.37438789861646,11.99363766311901,12.370157241821289,12321300
2008-07-23,12.391304594904737,12.657829390110697,12.340537544576755,12.607062339782715,16518900
2008-07-24,12.51399574961333,12.64091221976701,12.408231755513516,12.429384231567383,18025900
2008-07-25,12.408231755513516,12.505534436425688,12.340542863842854,12.429384231567383,18200700
2008-07-28,12.818591510131712,13.169727821792575,12.615524902478073,13.042811393737793,33427100
2008-07-29,13.068198702324532,13.326263103170225,12.91589910127637,13.309340476989746,64494200
2008-07-30,13.381258000556992,13.54201889038086,13.326261087618988,13.54201889038086,60255900
2008-07-31,13.482790774350015,13.537787681764572,13.406640589533685,13.461637496948242,70927000
2008-08-01,13.398178419433593,13.643550773154818,13.398178419433593,13.554709434509277,101679900
2008-08-04,13.322030775896904,13.652014682795587,13.233189420336757,13.580094337463379,20368700
2008-08-05,13.668939924697735,13.77047246083168,13.584328402032403,13.681631088256836,29854800
2008-08-06,13.647786778416048,13.740859621173867,13.575868028161864,13.656248092651367,11695900
2008-08-07,13.592785124395279,13.707010399336587,13.440484757806871,13.516634941101074,13858600
2008-08-08,13.38972174136473,13.893158588604946,13.38972174136473,13.876235961914062,17296400
2008-08-11,13.825464935589869,13.926997433116702,13.728162286364176,13.880462646484375,15715500
2008-08-12,13.707006307677826,13.952377792068091,13.698544999412018,13.821229934692383,19334400
2008-08-13,13.812774751434798,13.901616096496582,13.707010784314564,13.901616096496582,27973200
2008-08-14,13.812774693441774,13.939691130687185,13.685856642366307,13.829695701599121,18943100
2008-08-15,13.82969959405035,13.977770157370383,13.707014584686393,13.943924903869629,28541700
2008-08-18,13.952377792068091,14.003144027833399,13.783156468240556,13.821229934692383,15029300
2008-08-19,13.732395553263476,13.880466101943819,13.732395553263476,13.817007064819336,17982300
2008-08-20,13.81700838232648,13.905849751707855,13.618171553284874,13.876235961914062,14794300
2008-08-21,13.75354108239546,13.893150248036978,13.723927310379903,13.821229934692383,11478400
2008-08-22,13.876234278526674,13.876234278526674,13.571635104195591,13.783163070678711,13749500
2008-08-25,13.732395713686124,13.79162328831802,13.588556626509932,13.630863189697266,9654200
2008-08-26,13.63086091325407,13.668936006848694,13.503943665633638,13.567401885986328,11475900
2008-08-27,13.605477926024205,13.68162811851072,13.499713949107402,13.571634292602539,11333200
2008-08-28,13.626630398641522,13.626630398641522,13.427794412527373,13.571634292602539,15854700
2008-08-29,13.546248695579814,13.592785097927882,13.296645676119276,13.330490112304688,11785600
2008-09-02,13.470102901328104,13.639325944307243,13.355877589391769,13.41087532043457,14112100
2008-09-03,13.35587613741495,13.470101436933346,13.241650837896556,13.377029418945312,16253600
2008-09-04,13.355871280067813,13.533554745725883,13.241646022091578,13.42356014251709,18213600
2008-09-05,13.423562751062532,13.85507993821778,13.317798782068502,13.82546615600586,21553800
2008-09-08,13.901617174773975,14.045456245767559,13.774700727151444,14.036994934082031,18314100
2008-09-09,14.003152483665438,14.15968436036066,13.914311113971724,13.943924903869629,16884800
2008-09-10,13.859306969497094,13.986224997553418,13.795849569298698,13.871999740600586,12421200
2008-09-11,13.943918161937546,14.168138823392312,13.800079131767024,14.15544605255127,15225600
2008-09-12,14.070842434689604,14.138531332949487,13.922773474068181,14.104687690734863,13696300
2008-09-15,13.884692338259182,14.303518323868175,13.833926090068069,14.02007007598877,13482100
2008-09-16,13.817005183214446,14.24852238093784,13.753546154731838,14.189294815063477,16398900
2008-09-17,14.045457001009616,14.125837045598978,13.783162779975136,13.812776565551758,22708000
2008-09-18,14.273908615112306,14.38390245319845,13.9650763481523,14.273908615112305,28348200
2008-09-19,14.764648155299382,14.794261932373047,13.757774893305356,14.794261932373047,30598900
2008-09-22,14.61509479089987,14.61509479089987,14.056258263384294,14.115981101989746,13287300
2008-09-23,14.11597905552208,14.269552976714715,13.864288824084165,13.902682304382324,9477900
2008-09-24,13.966670633763574,14.073318999048704,13.783235315287158,13.906946182250977,8249700
2008-09-25,13.98373564086598,14.316479706753274,13.855757905059422,14.081851959228516,11072200
2008-09-26,13.932542386590788,14.064786945484153,13.872819562356657,14.047722816467285,7837700
2008-09-29,13.902685486795459,14.23969482129787,13.582740286848333,13.591272354125977,16848300
2008-09-30,13.719249360896967,13.992268989599339,13.633930320096137,13.970939636230469,12604600
2008-10-01,13.877094657489828,14.290891130367191,13.804574498541792,14.269561767578125,10823300
2008-10-02,14.19703382404127,14.504181722436993,14.120246849442339,14.30794906616211,14059000
2008-10-03,14.384734926497764,14.525509950807583,14.073321832447013,14.111715316772461,14682300
2008-10-06,13.821631860227631,14.077587342803032,13.267059749434779,13.535813331604004,21207000
2008-10-07,13.69364901044742,13.800297372296153,13.066556935695342,13.113482475280762,17408000
2008-10-08,13.147611150117184,13.275589684521401,12.742347825326755,12.785006523132324,22752000
2008-10-09,12.806339759238506,12.874594668503702,11.803844660619733,11.816642761230469,21094000
2008-10-10,11.385783559460366,12.238970770523297,10.903732329558682,11.624675750732422,34995500
2008-10-13,12.106722299964007,12.324285066932873,12.004339964977918,12.085392951965332,23149900
2008-10-14,12.554647557028497,12.644231806621223,11.872097755052081,11.906225204467773,24479000
2008-10-15,11.927551302241053,11.931817333962366,11.189544901363284,11.249268531799316,23664100
2008-10-16,11.32605902290141,11.765450695436448,11.057305430273779,11.7313232421875,26888000
2008-10-17,11.594811571585055,12.567444240185763,11.257802312789169,12.2091064453125,20519000
2008-10-20,12.516253539928957,12.70822094322888,12.354147551884012,12.622901916503906,14485500
2008-10-21,12.482127933980522,12.763679624594449,12.435202380990646,12.469329833984375,9723500
2008-10-22,12.183513295127186,12.354150576693698,11.735590329307255,12.021408081054688,14558500
2008-10-23,12.234701580106654,12.234701580106654,11.475364865261412,12.119521141052246,17326100
2008-10-24,11.432708493136548,11.859302105770938,11.385783749037431,11.560687065124512,15143000
2008-10-27,11.411378175935623,11.897694592967927,11.308995815174226,11.483899116516113,11899400
2008-10-28,11.671601844818793,12.349885773920231,11.249274253547425,12.320023536682129,18866500
2008-10-29,12.541853820380258,12.725289229911162,12.025675866735487,12.145121574401855,15621200
2008-10-30,12.482127810538161,12.55038271585061,12.098193764739975,12.349884033203125,15952100
2008-10-31,12.435199949381426,12.614369245978967,12.290158099104248,12.447998046875,12346300
2008-11-03,12.422406773470943,12.61437341738031,12.285896129384772,12.503458976745605,8425500
2008-11-04,12.772211219967522,13.015369415283203,12.558914443211645,13.015369415283203,12049100
2008-11-05,12.823402463917809,13.023901962210793,12.371213508335238,12.469329833984375,10726700
2008-11-06,12.520524099889446,12.53758742320679,11.863569472083531,11.953154563903809,14725600
2008-11-07,12.05980188725598,12.285895986135008,11.91475999070657,12.15365219116211,12077900
2008-11-10,12.39253864261347,12.39253864261347,11.859296862575674,12.029934883117676,10322400
2008-11-11,11.87636329282743,12.115255428778186,11.778246981555473,11.961682319641113,10285300
2008-11-12,11.731325610862791,11.948888474376515,11.509496713123761,11.539358139038086,14966800
2008-11-13,11.582014500170924,12.008608042082654,11.206612541300151,11.991544723510742,22936900
2008-11-14,11.791050604597228,12.162187512989668,11.108501277815925,11.705732345581055,13373800
2008-11-17,11.530825140161845,11.803844779983477,11.424176741648681,11.44550609588623,12628200
2008-11-18,11.270601865021801,11.637472586254132,11.202346960652434,11.569217681884766,18009500
2008-11-19,11.547886815924231,11.701460748279995,11.070102514292554,11.087165832519531,17774500
2008-11-20,10.942125099067736,11.27486838240362,10.558191042087982,10.609382629394531,20477700
2008-11-21,10.818413324733799,11.33032512664795,10.600850503796782,11.33032512664795,19215600
2008-11-24,11.415646871376202,11.675869274198966,11.210882102103959,11.500965118408203,14471600
2008-11-25,11.727056786493991,11.727056786493991,11.112761836473027,11.462569236755371,15865200
2008-11-26,11.257804743034214,11.518027097081077,11.193815866338529,11.505228996276855,12096800
2008-11-28,11.471100889672991,11.607610702514648,11.296197590261784,11.607610702514648,6124900
2008-12-01,11.488160871846123,11.49669293548132,10.878132154189887,10.903727531433105,14361600
2008-12-02,11.04877570235581,11.172488255109943,10.856809042318389,11.155424118041992,11829700
2008-12-03,10.971991092998978,11.411382953860713,10.937863625122738,11.360191345214844,12380800
2008-12-04,11.274867925215082,11.471100572330618,11.061571145135078,11.138358116149902,10178200
2008-12-05,11.142629698497483,11.83371115446895,11.006119007786394,11.795317649841309,16901300
2008-12-08,11.948886083740131,12.093927963730474,11.744121363869999,11.808110237121582,15621800
2008-12-09,11.769716083183308,11.837970985937144,11.385782051777332,11.496696472167969,16469600
2008-12-10,11.564951592815092,11.624674430434268,11.30899529583447,11.462569236755371,11687000
2008-12-11,11.449770717264679,11.547887036516185,11.402845167334563,11.436972618103027,15338700
2008-12-12,11.36018923782568,11.577752110301011,11.18955193009881,11.500965118408203,11848200
2008-12-15,11.458303708700061,11.582015422602735,11.27060230748418,11.407112121582031,10080900
2008-12-16,11.466835092134229,11.731323470201255,11.415644318097181,11.650270462036133,15825000
2008-12-17,11.51802490311135,11.705726277506088,11.424174622745259,11.526556968688965,13127600
2008-12-18,11.569219355461204,11.803845521463552,11.304730952522645,11.402847290039062,12807000
2008-12-19,11.479634956202126,11.628942895131392,11.291933524014969,11.377252578735352,19801300
2008-12-22,11.441237413819355,11.582013234722584,11.28766349513855,11.458301544189453,9258300
2008-12-23,11.596303280315968,11.626490625393547,11.277178625498978,11.32892894744873,6444900
2008-12-24,11.389299743396826,11.462612194608438,11.341862033041318,11.41517448425293,2191400
2008-12-26,11.445367699055616,11.548867530757938,11.367742619642987,11.488492012023926,2736300
2008-12-29,11.574735805244092,11.579048398636088,11.277173441541043,11.436736106872559,5978300
2008-12-30,11.462614853839403,11.574739853618825,11.350489854059981,11.471240043640137,8454900
2008-12-31,11.488491965992113,11.622179967797557,11.363429978306732,11.579054832458496,9757600
2009-01-02,11.613549175093196,11.833486518959088,11.453986498057617,11.790361404418945,7794200
2009-01-05,11.742928664426604,11.971491292410555,11.738616068893682,11.911116600036621,10196400
2009-01-06,11.915427783254415,12.100865269274129,11.820553153856551,11.98011589050293,10244500
2009-01-07,11.833490155409553,12.062051934386357,11.833490155409553,11.971489906311035,11029200
2009-01-08,11.941306020004644,12.126743547406777,11.936993423722777,12.070680618286133,13669700
2009-01-09,12.109490459913058,12.182802935257051,11.954240318586143,11.98011589050293,8161500
2009-01-12,11.980114466271559,12.338051609799969,11.885239025609316,12.30355167388916,13798000
2009-01-13,12.320798423718777,12.527797992026175,12.320798423718777,12.428610801696777,12474700
2009-01-14,12.260430741970135,12.307868478527043,11.967180775152215,12.070680618286133,13733700
2009-01-15,12.126741811330174,12.143991371444544,11.807616312507376,12.105178833007812,13851500
2009-01-16,12.247491418915688,12.415679362665553,12.148304184488543,12.350991249084473,12432800
2009-01-20,12.350990505745669,12.47605330709581,12.148303453348369,12.169865608215332,11162800
2009-01-21,12.26474100358888,12.32080309949415,12.005991033736793,12.217303276062012,23904500
2009-01-22,12.074990139977354,12.467427253723145,12.023239820315487,12.467427253723145,16888500
2009-01-23,12.290612521693845,12.407050100888696,12.122425455663459,12.363924980163574,11483400
2009-01-26,12.480364695210955,12.588177104202824,12.329427158113658,12.44155216217041,9172100
2009-01-27,12.424302667450998,12.6356149054311,12.38980272701636,12.570927619934082,10557200
2009-01-28,12.739114391057473,12.868488950288967,12.596801224342087,12.75205135345459,10587700
2009-01-29,12.674428178740893,12.859865677821164,12.58817873390732,12.626991271972656,9651800
2009-01-30,12.596801404383562,12.626989569676208,12.02323942451769,12.096551895141602,17533200
2009-02-02,11.93267565402097,12.247487643217633,11.911113504503554,12.178487777709961,11927800
2009-02-03,12.277676894682351,12.450177407874056,12.074989860988527,12.39411449432373,8647000
2009-02-04,11.25130160694989,11.55317664193894,11.169363956445437,11.259926795959473,26372300
2009-02-05,11.216803630718738,11.307365663491998,11.048616528400718,11.212491035461426,14236300
2009-02-06,11.246989651050455,11.415176733570533,11.177989780142559,11.359114646911621,11156800
2009-02-09,11.346183185585634,11.359120977044501,11.134870860353605,11.160745620727539,8687400
2009-02-10,11.091742020315765,11.160741906714033,10.707930049407455,10.77261734008789,13997600
2009-02-11,10.858867385310605,10.906305114684473,10.716555019732512,10.828680038452148,10631600
2009-02-12,10.68205719059173,10.996869330889051,10.613057291966115,10.983931541442871,18134100
2009-02-13,10.970988653160385,10.983925613080416,10.850238484466303,10.867488861083984,10227800
2009-02-17,10.561301878571895,10.794177041368563,10.48367682430634,10.660489082336426,13847400
2009-02-18,10.712240373852826,10.738115120130177,10.43192829197534,10.487990379333496,11156800
2009-02-19,10.552678535458114,10.738116014738814,10.462116504670846,10.492303848266602,9212300
2009-02-20,10.28530155073976,10.3499888163332,10.03948944795876,10.138676643371582,15247800
2009-02-23,10.186116679287299,10.388803710401271,9.884241607587562,9.901491165161133,11432000
2009-02-24,9.983427341485783,10.242177246970536,9.879927543800537,10.229239463806152,15885500
2009-02-25,10.194738459627464,10.436238784717743,10.168863718561786,10.280988693237305,17610800
2009-02-26,10.388805747433732,10.388805747433732,9.858368792980126,9.86268138885498,11645400
2009-02-27,9.698802173886406,9.918739540667259,9.68155261979903,9.823864936828613,14641100
2009-03-02,9.672929907378812,9.759179344978667,9.500430209635661,9.5392427444458,12795600
2009-03-03,9.55649498556582,9.599620127743188,9.379682642927913,9.461620330810547,14104700
2009-03-04,9.582365798022087,9.629803517147527,9.284804166807968,9.46592903137207,12724600
2009-03-05,9.207183398405634,9.314995848451266,8.974308111486087,9.056245803833008,13954200
2009-03-06,9.142494916849742,9.353807193051955,9.112306743783474,9.323619842529297,14208500
2009-03-09,9.245990767778352,9.323615819942358,9.125240595240646,9.155427932739258,10011900
2009-03-10,9.207183204714076,9.4012451171875,9.185620221632341,9.4012451171875,12391600
2009-03-11,9.44436430459178,9.44436430459178,9.095052424402896,9.194239616394043,14382200
2009-03-12,9.189928607847797,9.621178201379468,9.112303549405164,9.599616050720215,12476100
2009-03-13,9.659991053052753,9.737616114086523,9.595303776372395,9.71605396270752,8384300
2009-03-16,9.810931060900296,10.065368459711745,9.810931060900296,9.86268138885498,8528900
2009-03-17,9.888550940192637,10.052425384521484,9.772113380448307,10.052425384521484,7721900
2009-03-18,10.000681033092865,10.02224318963556,9.530618782078907,9.612556457519531,19882200
2009-03-19,9.698804198544405,9.793678822188447,9.517679318828758,9.55649185180664,9746400
2009-03-20,9.56511624641175,9.659990862165268,9.530616311361076,9.547865867614746,15551100
2009-03-23,9.735764296998246,10.115930557250977,9.67895730783659,10.115930557250977,13592100
2009-03-24,9.997951155669984,10.216437858519473,9.96299331655249,10.124673843383789,10858400
2009-03-25,10.19022003840201,10.303833227810792,9.928035819263334,10.072237014770508,11340200
2009-03-26,10.172738449102356,10.20332644592197,9.954251805007496,10.080973625183105,11717900
2009-03-27,9.980469099466893,10.181476394462125,9.967359601917508,10.002317428588867,10604600
2009-03-30,9.88870556448535,9.92803322876752,9.48669008895907,9.543497085571289,15357500
2009-03-31,9.613413477911894,9.831900147864436,9.54786764361823,9.74013614654541,14567100
2009-04-01,9.670223152634076,10.002323111425296,9.587198788031873,9.967365264892578,10373300
2009-04-02,10.198952877441993,10.24702018824452,10.002314636395386,10.037272453308105,10912300
2009-04-03,10.059122277308905,10.225171710298246,9.897441842445993,10.050382614135742,8333900
2009-04-06,10.03290585654037,10.102822346366425,9.853746882920747,9.875596046447754,9432100
2009-04-07,9.748869182710742,9.875591775988177,9.713911369644554,9.814414978027344,12938100
2009-04-08,9.866857699208907,9.875597365787295,9.600303702791463,9.635261535644531,15250500
2009-04-09,9.823163607419545,9.836273111834794,9.626526041955412,9.766357421875,11460100
2009-04-13,9.713911369644554,9.849373624553538,9.713911369644554,9.814414978027344,6925700
2009-04-14,9.748872624013014,9.85374610023138,9.639629315436345,9.792570114135742,7991300
2009-04-15,9.766355409569648,9.997950772294692,9.766355409569648,9.993581771850586,7130100
2009-04-16,9.954255555338793,9.976103894595623,9.766356837271472,9.897448539733887,12310700
2009-04-17,9.928031571101997,9.971729061170587,9.735763948336679,9.906183242797852,13609900
2009-04-20,9.814421555720864,10.019799574408,9.810052555436963,9.818791389465332,10906800
2009-04-21,9.792575798010208,9.98921420096655,9.792575798010208,9.941146850585938,9887300
2009-04-22,9.897445222917435,9.958622052564367,9.783832063242206,9.805681228637695,8564500
2009-04-23,9.80131042316958,9.831898418228189,9.643999781770615,9.73139476776123,11580500
2009-04-24,9.77509331655033,9.783832149324976,9.683328488002761,9.727025985717773,9030000
2009-04-27,9.661484416665294,9.919298850075544,9.61341706463466,9.77946662902832,10118700
2009-04-28,9.753245647097424,10.050387676988157,9.683329973412613,9.962992668151855,7935400
2009-04-29,10.01106238796521,10.290725149235541,9.971734707978971,10.168373107910156,9467400
2009-04-30,10.216434285107663,10.360635425212532,10.09845214026574,10.225173950195312,11743400
2009-05-01,10.247030691408094,10.268879036825469,10.120307954296651,10.264509201049805,5939100
2009-05-04,10.351898463505092,10.600973129272461,10.290721630301178,10.600973129272461,11020600
2009-05-05,11.177777466042752,11.553574787068623,10.985508972324812,11.020466804504395,28944400
2009-05-06,11.186517744817102,11.217105745466107,10.893745571738691,10.924333572387695,15545500
2009-05-07,10.994248847795033,11.151559512324717,10.845677849841547,10.941812515258789,15644100
2009-05-08,11.06853551106989,11.225846192147069,10.968031835253054,11.155930519104004,13016700
2009-05-11,11.064163661567608,11.120970656478418,10.924332340957026,11.011727333068848,7661800
2009-05-12,11.020467567097059,11.225845574641733,11.020467567097059,11.103492736816406,8205800
2009-05-13,11.011728818889587,11.011728818889587,10.780132641966103,10.876266479492188,12130200
2009-05-14,10.906853147254045,11.002987806486399,10.828198653509974,10.968029975891113,8177800
2009-05-15,10.937446250552325,10.968034260088555,10.784505369410425,10.836941719055176,8430400
2009-05-18,10.88063442175939,10.963659577690779,10.797609265828003,10.950550079345703,8658600
2009-05-19,10.893743920104468,10.98987774092055,10.841306760184544,10.950550079345703,7295500
2009-05-20,10.981143394631639,11.068538425678941,10.832573175388482,10.85879135131836,8923000
2009-05-21,10.767019926858374,10.893742561340332,10.662146453559657,10.893742561340332,8898000
2009-05-22,10.91559533701322,11.260804723233827,10.880637498335492,11.12534236907959,9739300
2009-05-26,11.09475190446901,11.321978222223489,10.998618077785393,11.300129890441895,9067000
2009-05-27,11.282653059859676,11.304502229946142,11.081645695827893,11.12534236907959,8475300
2009-05-28,11.155926289746894,11.317605909816418,11.020463995303482,11.282648086547852,9944700
2009-05-29,11.273913785524426,11.413745978579074,11.208367939897318,11.40937614440918,9636700
2009-06-01,11.483661325523535,11.654080685906557,11.444333652595049,11.640971183776855,11968100
2009-06-02,11.60601032797368,11.859454802375424,11.60601032797368,11.79827880859375,11696500
2009-06-03,11.754581493264713,11.758951326239055,11.549204344233152,11.715253829956055,10994400
2009-06-04,11.754578080025759,11.89877919246493,11.640964956064566,11.815754890441895,11081900
2009-06-05,11.90315744376366,11.90315744376366,11.562317830790194,11.636603355407715,10510500
2009-06-08,11.649709552945192,11.737104557144272,11.549205881538619,11.619121551513672,7818300
2009-06-09,11.680298918601153,11.710886923605262,11.409375874169944,11.453072547912598,9309800
2009-06-10,11.501136337992394,11.575421827262755,11.199624548193825,11.295759201049805,13487100
2009-06-11,11.34819348127765,11.544831750803267,11.326345155090458,11.339454650878906,10828000
2009-06-12,11.317601778480046,11.439954531986947,11.234576665976796,11.335081100463867,6588500
2009-06-15,11.295762990987644,11.295762990987644,11.024839105848585,11.037948608398438,9899900
2009-06-16,11.094749199853968,11.094749199853968,10.841304779052734,10.841304779052734,11823300
2009-06-17,10.871898651123047,11.072906863791452,10.836940809806022,10.871898651123047,13226000
2009-06-18,10.90248342457275,11.35256535945167,10.867525596296131,11.295759201049805,11606000
2009-06-19,11.400634747634687,11.400634747634687,11.051056401648781,11.103492736816406,12740300
2009-06-22,11.055427210331413,11.147192062078002,10.998621032363072,11.033578872680664,10227700
2009-06-23,11.072905080786239,11.238954591938956,11.01172907669743,11.199626922607422,11278800
2009-06-24,11.282648023880062,11.361303334162518,11.208362545664436,11.247690200805664,10982100
2009-06-25,11.278278474413776,11.44869859544941,11.142817010788749,11.348194122314453,11882700
2009-06-26,11.370292314553414,11.387969038629876,11.162595863890536,11.295167922973633,11061500
2009-06-29,11.299588348706488,11.383551111573475,11.224463948851328,11.304007530212402,6782400
2009-06-30,11.361455874158334,11.414485212484356,11.083054165846747,11.19795036315918,10316400
2009-07-01,11.273072544767183,11.825457513584434,11.26423418297669,11.759171485900879,16294200
2009-07-02,11.604502435956988,11.661950096453547,11.432158611594815,11.471929550170898,10720000
2009-07-06,11.471933092148683,11.701725490828682,11.401227868381415,11.684049606323242,11413000
2009-07-07,11.666373312064854,11.679630858090693,11.365875678461467,11.379133224487305,11953400
2009-07-08,11.44099754781386,11.467512633981164,11.228881915711012,11.357035636901855,12384400
2009-07-09,11.334940960516743,11.46751387710692,11.24655985899598,11.401226997375488,8532900
2009-07-10,11.445415049449423,11.569149571456746,11.273071229013043,11.524958610534668,8514400
2009-07-13,11.675211233200947,11.931517879868395,11.626601075822943,11.878488540649414,11298800
2009-07-14,11.935934874695805,11.97128748007324,11.803361972375974,11.93151569366455,7946000
2009-07-15,12.002221283525863,12.18340349716718,11.931516070537672,12.165727615356445,8660800
2009-07-16,12.143631430837114,12.276204334302234,12.1126980062237,12.254108428955078,8567900
2009-07-17,12.289458018928203,12.346906515860917,12.05082819984452,12.121533393859863,7977700
2009-07-20,12.19665813446045,12.214334012059377,12.024313481354465,12.19665813446045,6041000
2009-07-21,12.285042757657571,12.33807209152071,12.033155318271163,12.187823295593262,6511100
2009-07-22,12.338069915771484,12.395517578026034,12.254107169824817,12.338069915771484,10155900
2009-07-23,12.351325875497595,12.726946908090412,12.302715737827857,12.536927223205566,13309300
2009-07-24,12.550186330368474,12.572282234857761,12.3557465852256,12.42645263671875,12195200
2009-07-27,12.435287220564398,12.501574075514128,12.280620140008024,12.488316535949707,7648500
2009-07-28,12.461805971284198,12.607635577968747,12.430871703186464,12.581120491027832,7325300
2009-07-29,12.5325065110395,12.660659345312293,12.488315558821455,12.61205005645752,6515500
2009-07-30,12.757887652767376,12.863945499238042,12.598800461624958,12.625314712524414,9795200
2009-07-31,12.629727031696662,12.709270584043091,12.51925006296493,12.523669242858887,9371700
2009-08-03,12.616474392984765,12.63415111942725,12.395520369689951,12.461807250976562,10950000
2009-08-04,12.422030633915064,12.528088422752841,12.391097217529762,12.523669242858887,8912500
2009-08-05,12.444128388360404,12.576700442430734,12.23643194555087,12.51925277709961,11607800
2009-08-06,12.651824310374826,12.718111177553945,12.497157201283622,12.532509803771973,6375500
2009-08-07,12.726955150385729,12.762307770802853,12.6385740207794,12.682765007019043,8123700
2009-08-10,12.642989338272894,12.669503584761136,12.594379183983868,12.651826858520508,5701100
2009-08-11,12.656247617520071,12.69601941364583,12.536933072015602,12.576704025268555,6021700
2009-08-12,12.510416659544143,12.691598892615028,12.49715995748263,12.594379425048828,7377800
2009-08-13,12.554610451984587,12.625315688430373,12.43087586676801,12.528096199035645,7914700
2009-08-14,12.523667946314912,12.576696413807705,12.298294852289805,12.417610168457031,6728900
2009-08-17,12.33806918748906,12.373421787452598,12.24084974830745,12.280621528625488,6557100
2009-08-18,12.320393485016032,12.37784199150329,12.205498157786591,12.346908569335938,5916100
2009-08-19,12.30271994399511,12.656246040080665,12.28946239931464,12.651826858520508,10220800
2009-08-20,12.651829941379317,12.67392585456419,12.452971779952884,12.528096199035645,7912100
2009-08-21,12.634150510102202,12.824171095830984,12.550187749295205,12.731369972229004,11596600
2009-08-24,12.740202846395015,12.740202846395015,12.514829749452348,12.550182342529297,9924000
2009-08-25,12.64299187531804,12.744630542979188,12.572286641912644,12.638572692871094,7665500
2009-08-26,12.629733367727168,12.718115324200586,12.505998797238941,12.576704025268555,8262600
2009-08-27,12.634148241640125,12.669500843599826,12.413194268673873,12.5590238571167,6987000
2009-08-28,12.612051154993225,12.612051154993225,12.413192274127155,12.523669242858887,5990800
2009-08-31,12.479486032901827,12.58996307020748,12.435295049404985,12.528096199035645,5493100
2009-09-01,12.567862314923287,12.607634097792705,12.373422581214186,12.404356002807617,9695400
2009-09-02,12.395524514663572,12.4043628808403,12.30714338151526,12.377848625183105,7126800
2009-09-03,12.395518492348105,12.413195216113392,12.187822045341461,12.369004249572754,6759400
2009-09-04,12.399933450711238,12.452962761076325,12.31155239059915,12.417610168457031,4227300
2009-09-08,11.648695238025525,11.896163483897196,11.551474937850042,11.688467025756836,43171900
2009-09-09,11.754749775614492,11.865226745605469,11.666367862472754,11.865226745605469,18191600
2009-09-10,11.887325492736144,11.905002218000982,11.538218597482137,11.57357120513916,23755500
2009-09-11,11.644274247772728,11.666369307358451,11.511701361640903,11.533797264099121,17350500
2009-09-14,11.533799316951784,11.608923712935814,11.498446709598868,11.53821849822998,12747800
2009-09-15,11.56473039107729,11.577987932215656,11.494025190750957,11.524958610534668,15060300
2009-09-16,11.564727241116941,11.688461729421892,11.511697933879892,11.608918190002441,17300200
2009-09-17,11.688469834099603,11.834299476528116,11.675212287379619,11.719403266906738,13075100
2009-09-18,11.816619727375151,11.834296451817162,11.688466846661028,11.812200546264648,12899200
2009-09-21,11.737078336206489,11.913841399141134,11.732659154274026,11.821041107177734,10658000
2009-09-22,11.88732753732423,11.88732753732423,11.657535126593594,11.706145286560059,10591400
2009-09-23,11.732655838447247,11.768008441042994,11.60008378943133,11.613341331481934,11285700
2009-09-24,11.63543382159427,11.719396550287808,11.569147811729835,11.6575288772583,10815300
2009-09-25,11.679631613617017,11.838718804726891,11.626602268956114,11.723822593688965,11697000
2009-09-28,11.741688491801412,11.822110297778902,11.665733853777361,11.692541122436523,10171500
2009-09-29,11.683609005184639,11.746160455975996,11.571911020714063,11.625526428222656,10428600
2009-09-30,11.62999461451017,11.755095813487962,11.504892563344375,11.737224578857422,12953100
2009-10-01,11.719349612684292,11.719349612684292,11.522761819108451,11.612119674682617,12950900
2009-10-02,11.554036486891723,11.621055087998208,11.50488911505935,11.594247817993164,10994300
2009-10-05,11.594251128920973,11.643397662600192,11.49148833554517,11.625526428222656,8853000
2009-10-06,11.66573726665146,11.714883798206724,11.62552592580482,11.656801223754883,12956800
2009-10-07,11.661270430251449,11.70148177518447,11.612123041513746,11.638930320739746,7773200
2009-10-08,11.728281035870719,11.737217073565896,11.638922363293863,11.665730476379395,11039300
2009-10-09,11.683608334237032,11.697012398391431,11.549571101444814,11.603185653686523,8690500
2009-10-12,11.656799602050784,11.76402954532792,11.612120245971683,11.701478958129883,6055300
2009-10-13,11.692542341230823,11.719349612684292,11.580844382622269,11.612119674682617,8203900
2009-10-14,11.6567932605875,11.795298422114856,11.625517984002682,11.7461519241333,11489800
2009-10-15,11.741690996999331,11.898067474365234,11.741690996999331,11.898067474365234,10000200
2009-10-16,11.68807669149163,12.161675893446533,11.643397328547666,12.076786041259766,18995800
2009-10-19,12.090190769636676,12.206356786982202,12.081255577677846,12.157209396362305,11226900
2009-10-20,12.175079460019296,12.22869486379675,12.09912480177753,12.166143417358398,8363500
2009-10-21,12.179546199894723,12.389538067204207,12.125930801758342,12.251032829284668,15785200
2009-10-22,12.161675330960483,12.210822713144541,12.05444537616721,12.112528800964355,11112000
2009-10-23,12.058913739518466,12.192951825952923,12.005299186695044,12.085721015930176,10450700
2009-10-26,12.063379478786642,12.175077436923555,11.85785564486486,11.929342269897461,11128200
2009-10-27,11.965085311173857,12.005296643366608,11.880194626301632,11.942745208740234,9106400
2009-10-28,11.9382804863466,12.063382537972515,11.90700518648712,12.041043281555176,12980500
2009-10-29,12.108059584037582,12.326987493312457,12.054444185841277,12.309115409851074,13196600
2009-10-30,12.17507562858988,12.344856124778287,12.170607608665494,12.295709609985352,16916200
2009-11-02,12.34485906641328,12.353795108391408,12.206353824503749,12.349327087402344,12116000
2009-11-03,12.353789180227364,12.376129274452435,12.233155227974363,12.304642677307129,10624800
2009-11-04,12.085715032147526,12.090183051368633,11.871255222659563,11.915934562683105,28850500
2009-11-05,11.99189533688503,12.076786041259766,11.911472654023486,12.076786041259766,12784600
2009-11-06,12.009767357983966,12.116998176953594,11.862326047135758,11.965088844299316,11859000
2009-11-09,12.01423714877444,12.023173193702327,11.755097811182704,11.853392601013184,17061700
2009-11-10,11.831051474802859,12.04997944364568,11.772968892125407,11.974024772644043,10212200
2009-11-11,12.02317109026689,12.07231847658387,11.956152469408828,11.982959747314453,7371900
2009-11-12,12.005294012135654,12.072312600372344,11.951678630233749,11.991889953613281,7855000
2009-11-13,11.991892319633173,12.116994333962058,11.974020238077154,12.023167610168457,6973200
2009-11-16,12.036573343256462,12.367199228278123,12.009765217198693,12.34485912322998,17474100
2009-11-17,12.34485906641328,12.380602382137928,12.268904413974917,12.349327087402344,10575300
2009-11-18,12.313581646641317,12.340389767949251,12.148269159514339,12.179544448852539,10904500
2009-11-19,12.14380885070588,12.152744896816314,12.023174784779814,12.049982070922852,8895700
2009-11-20,12.326987290975039,12.438685254211718,12.112527406085691,12.139334678649902,11395300
2009-11-23,12.19741608076866,12.335922155541992,12.16167277003084,12.215288162231445,9027300
2009-11-24,12.246562313163128,12.246562313163128,12.00082718122769,12.16167163848877,8812900
2009-11-25,12.16614546118866,12.16614546118866,11.947217492345839,11.974024772644043,9785500
2009-11-27,11.875726261234217,11.951680902929127,11.772964349584559,11.902533531188965,4468600
2009-11-30,11.91147383799675,11.92040988191136,11.822115103226766,11.875730514526367,7565100
2009-12-01,11.982957194749549,12.000829277671588,11.835515919394002,11.839983940124512,10528600
2009-12-02,11.911472708849963,12.018702669096259,11.871261367234107,11.88913345336914,8758400
2009-12-03,11.929343210181552,11.947214441754436,11.79530513853955,11.804241180419922,6764200
2009-12-04,11.871259689331055,11.92040706706786,11.795305038368651,11.871259689331055,12821900
2009-12-07,11.8712589668072,11.974020884740773,11.8712589668072,11.920406341552734,9010400
2009-12-08,11.924874475225982,11.991893080940237,11.839983786821094,11.911470413208008,8395700
2009-12-09,11.942749139007006,11.960621226835471,11.831051146643256,11.933813095092773,6770500
2009-12-10,11.844451695213182,11.94274559251645,11.839983674582879,11.920406341552734,8410000
2009-12-11,11.92934261318726,12.01870047095556,11.915938551037497,11.96955394744873,6218200
2009-12-14,12.032110830890247,12.099129472341975,11.982963429471123,12.049982070922852,7178200
2009-12-15,12.06784847686098,12.06784847686098,11.97402174128843,11.987425804138184,6602000
2009-12-16,12.058911173287246,12.219756501904262,12.000828611390974,12.13039779663086,9948000
2009-12-17,12.027635799458361,12.081251192691576,11.956149176605917,12.009763717651367,9557000
2009-12-18,12.192951196348766,12.192951196348766,11.974022418362715,12.067849159240723,12950100
2009-12-21,12.09465463566455,12.152738050472342,12.03210405250642,12.058911323547363,6472000
2009-12-22,12.139334850642378,12.237628752895684,12.081252283899024,12.192950248718262,6365100
2009-12-23,12.259970270373882,12.26443829174422,12.188483632824362,12.224226951599121,4583600
2009-12-24,12.224233087720608,12.313591003417969,12.224233087720608,12.313591003417969,2225100
2009-12-28,12.408406257629395,12.417437327840613,12.34067495354577,12.408406257629395,4368500
2009-12-29,12.403887613313621,12.440011023853394,12.372279736747576,12.394857406616211,5233400
2009-12-30,12.33164589023825,12.44453170249922,12.33164589023825,12.412923812866211,5063600
2009-12-31,12.385831214080813,12.417439103088613,12.268429868301565,12.272945404052734,5215900
2010-01-04,12.327131675592675,12.408409606931828,12.268431425875782,12.385832786560059,7953300
2010-01-05,12.78770616313299,13.008962277560373,12.647727980791277,12.990900993347168,37152800
2010-01-06,12.778672340311394,13.166999771704354,12.688364216179522,13.081206321716309,40848800
2010-01-07,13.117328086353217,13.135390225647777,12.900587582319718,13.049596786499023,18359900
2010-01-08,12.986387047090608,13.067664989128302,12.882532281709379,13.063149452209473,11000000
2010-01-11,13.085722997666888,13.139908565869096,12.927682690098369,13.00444507598877,11819700
2010-01-12,12.981868515893964,13.248279103902776,12.932198482493892,13.225702285766602,19561000
2010-01-13,13.415350880680043,13.59145335137552,13.167002412937082,13.198610305786133,18000100
2010-01-14,13.297948362963433,13.361164139063995,12.972836688731167,13.14893913269043,10023700
2010-01-15,12.828342842014475,13.546296632433476,12.688364684629425,13.356648445129395,25979600
2010-01-19,13.094754531817571,13.288918271296314,12.923168472074975,13.279887199401855,53008900
2010-01-20,12.887044459831595,13.027022622829831,12.823827820694987,12.995414733886719,29477300
2010-01-21,12.914134139042858,12.959288625862104,12.665784892162106,12.751578330993652,29094200
2010-01-22,12.598054640171075,12.729002576711068,12.566446755144256,12.584508895874023,28024500
2010-01-25,12.462591142411299,12.579992465045452,12.426467724773882,12.503230094909668,23989200
2010-01-26,12.3000378897152,12.566448473149318,12.232306575219326,12.53484058380127,33282200
2010-01-27,12.530325287035781,12.855436119568186,12.530325287035781,12.801251411437988,24109300
2010-01-28,12.765124857779059,12.846402761309342,12.638692467704152,12.661270141601562,21415500
2010-01-29,12.611602894380862,12.688365280016654,12.485170476495327,12.489686012268066,15402500
2010-02-01,12.566448604001438,12.697396559807341,12.480655145413103,12.670303344726562,16347600
2010-02-02,12.710938241269583,12.936709793907587,12.674814827297507,12.868978500366211,22109600
2010-02-03,12.814796523912083,13.058630282187014,12.76512735412488,12.85995101928711,27546500
2010-02-04,12.674814627336094,12.832854883939435,12.584506524455694,12.819308280944824,58782300
2010-02-05,12.778676541057035,12.923171137418432,12.566451475269373,12.841893196105957,53305800
2010-02-08,12.850920696079458,12.941229692086859,12.80125152340076,12.805767059326172,20271300
2010-02-09,12.85994863015716,13.09926680830886,12.828340747641883,13.049596786499023,24555300
2010-02-10,13.08121073863418,13.1173341727342,12.981871510171779,13.063149452209473,19987800
2010-02-11,13.103779450601735,13.162479667851152,12.981862621026009,13.090232849121094,21738800
2010-02-12,13.094751329341342,13.135390281677246,12.896072102504727,13.135390281677246,74196600
2010-02-16,12.950259240287485,13.081206321716309,12.787703411099676,13.081206321716309,54149700
2010-02-17,13.03154040137326,13.072179368794425,12.846407710343748,12.927684783935547,24839500
2010-02-18,12.936711976395765,13.00895881652832,12.859949601098641,13.00895881652832,20606500
2010-02-19,12.986383143142728,13.117330229421196,12.936713113217959,13.058629989624023,15497300
2010-02-22,13.045084670919652,13.135393668562918,12.936714390497992,13.07217788696289,27353400
2010-02-23,13.126359571007468,13.261823036248913,13.058628269011862,13.153451919555664,27848300
2010-02-24,13.18506655937368,13.230220206725493,13.090242005183516,13.117334365844727,22312000
2010-02-25,12.999928607449453,13.085721191825444,12.882527276921483,13.00895881652832,22799300
2010-02-26,12.981872246487674,12.990903320837562,12.778677379868476,12.83737850189209,26546400
2010-03-01,12.837373761837588,12.98638298858815,12.81479608429942,12.968320846557617,13289700
2010-03-02,13.013477284694343,13.153455461343423,12.981869392668788,13.054116249084473,13813800
2010-03-03,13.090237392504589,13.126360814407402,13.040567364419356,13.081206321716309,13534300
2010-03-04,13.094753118708512,13.194092315076183,13.090237583248573,13.130876541137695,11131100
2010-03-05,13.180546355886143,13.26633894448067,13.103783976814508,13.24827766418457,12133500
2010-03-08,13.257308915797845,13.288916802684913,13.135392042447448,13.171515464782715,7578600
2010-03-09,13.270857164084102,13.293434845583773,13.167002412937082,13.198610305786133,14592500
2010-03-10,13.216668233764667,13.325038486632458,13.171513746423866,13.266337394714355,13906700
2010-03-11,13.239250249553114,13.284404754638672,13.14442656399894,13.284404754638672,8597100
2010-03-12,13.26634103825967,13.365681109942809,13.248279755113021,13.29794979095459,8989700
2010-03-15,13.27988773725088,13.442443592933117,13.275372201120765,13.34761905670166,9896900
2010-03-16,13.433412928251636,13.44244400078587,13.320527105325151,13.406320571899414,11378600
2010-03-17,13.42889463887983,13.451472315586686,13.338586515803316,13.410833358764648,15558100
2010-03-18,13.43792603338711,13.54178076499041,13.401802611035947,13.469533920288086,10776900
2010-03-19,13.37922477722168,13.541780606524847,13.320524539556821,13.37922477722168,16581600
2010-03-22,13.347615072607837,13.469531927978881,13.325038259946622,13.42437744140625,8633800
2010-03-23,13.469535893013726,13.907532560826112,13.437928001483511,13.898502349853516,28224800
2010-03-24,13.88947251592945,13.948172768111705,13.80819458117669,13.871410369873047,17918800
2010-03-25,13.90301420359299,13.988806783237443,13.875920994099795,13.9075288772583,14827800
2010-03-26,13.880435744194347,13.925590229546348,13.6953031293763,13.830765724182129,17103100
2010-03-29,13.858120871665273,13.949293068442234,13.794300855610903,13.921941757202148,10126800
2010-03-30,13.962964994860188,14.035903256762007,13.83076629715568,13.903703689575195,9197700
2010-03-31,13.912821924748377,13.912821924748377,13.766947131062695,13.785181045532227,8654100
2010-04-01,13.85812085007687,13.903706948394337,13.766949522924445,13.830769538879395,9584100
2010-04-05,13.894591391413572,13.91738487832639,13.748716553102032,13.771509170532227,10098800
2010-04-06,13.766947517723194,13.789740128820856,13.684892726599807,13.712244033813477,10026400
2010-04-07,13.70312868113517,13.821652189345109,13.67577736985057,13.707687377929688,8486300
2010-04-08,13.675777437666635,13.807977036915688,13.634750035795035,13.735038757324219,7826900
2010-04-09,13.75327104309878,13.807974525472087,13.666657558292021,13.785181045532227,11309700
2010-04-12,13.8216521453194,13.862679546856869,13.785183440561928,13.830769538879395,5293300
2010-04-13,13.794298297422177,14.008551789786907,13.771504817713794,13.97208309173584,10297400
2010-04-14,13.98120667309393,14.081495419761568,13.926503167058934,14.076936721801758,9356100
2010-04-15,14.076933062439455,14.172663955744337,13.976644341842322,14.163546562194824,15277900
2010-04-16,14.072377330901626,14.113403869019379,13.921943792861084,13.976646423339844,11718000
2010-04-19,13.976645551642338,14.054141664556155,13.807978103789234,14.035907745361328,10369100
2010-04-20,14.045022464015263,14.104284650113085,13.835327638087513,13.880913734436035,9387900
2010-04-21,13.912828526113154,13.931062449234327,13.757836266910736,13.789746284484863,14100500
2010-04-22,13.789746224394287,13.835332336222722,13.680340077695703,13.762394905090332,11029400
2010-04-23,13.835332819870215,13.858125441839823,13.584609630790572,13.716809272766113,11843800
2010-04-26,13.771511913286288,13.858125441839823,13.662105762763145,13.716809272766113,9148000
2010-04-27,13.671219255561065,13.698570568011052,13.438730926029812,13.447848320007324,10743100
2010-04-28,13.46608521852069,13.643870081533892,13.37947170112437,13.56181526184082,10251200
2010-04-29,13.671220028374272,13.716806131356194,13.575489994646572,13.634751319885254,11464700
2010-04-30,13.652985828423937,13.689454536163849,13.46608359257157,13.49343490600586,12490200
2010-05-03,13.552693796910136,13.684893382160114,13.470639001856,13.630189895629883,11894800
2010-05-04,13.548135061137568,13.643865944916199,13.47063896264341,13.479756355285645,14595300
2010-05-05,13.51167045658779,13.625635290720906,13.434174334597964,13.56181526184082,14565400
2010-05-06,13.507109963263094,13.593723469145102,12.531571391005183,13.315649032592773,20860400
2010-05-07,13.6301912713879,13.876355681396815,13.343000329193341,13.707687377929688,34280700
2010-05-10,13.839884373684274,13.944731771792224,13.744153497968327,13.912821769714355,21019000
2010-05-11,13.826209489566152,14.031346477186204,13.78974078837619,13.844444274902344,12701000
2010-05-12,13.944734418555093,13.944734418555093,13.73503871305582,13.858120918273926,10452000
2010-05-13,13.8581231649214,13.96297059992741,13.76695182253982,13.817095756530762,11088500
2010-05-14,13.798859236941713,13.839886637605165,13.488874818365618,13.689453125,16105400
2010-05-17,13.85355911223321,13.967523898268645,13.716801716783614,13.926496505737305,13596300
2010-05-18,13.8307692442394,13.96752666679592,13.689453125,13.689453125,15063900
2010-05-19,13.666657845221657,13.880912213742803,13.570927835911473,13.807974815368652,14037000
2010-05-20,13.694009340181422,13.707684558269484,13.274618885661665,13.279176712036133,26854200
2010-05-21,13.197127149407144,13.552696848733053,13.046693614427117,13.534462928771973,17770700
2010-05-24,13.461525980598953,13.461525980598953,13.174334123198367,13.188010215759277,14092300
2010-05-25,13.00110365386363,13.00110365386363,12.73214667572647,12.932724952697754,29024300
2010-05-26,12.982867429588062,13.210796987844097,12.937281344040402,12.946398735046387,13963300
2010-05-27,13.12874706561967,13.256387978486025,13.023899638702265,13.247270584106445,14550400
2010-05-28,13.25638603045189,13.292854733128525,13.023897724832432,13.03757381439209,10890100
2010-06-01,13.055807214979522,13.329322908985237,13.014779817404545,13.174330711364746,13060800
2010-06-02,13.229033812695869,13.461522102355957,13.219916420281967,13.461522102355957,13476200
2010-06-03,13.461521862567622,13.49343186596547,13.247267492069424,13.347557067871094,13756000
2010-06-04,13.251829615333893,13.251829615333893,12.946403851779829,12.996548652648926,11820400
2010-06-07,13.042136536339694,13.160660073991405,12.90081950905339,12.909936904907227,11341600
2010-06-08,12.94640290215609,13.06492641493673,12.873465489596088,13.055809020996094,13230600
2010-06-09,13.074045105919248,13.361236087680409,13.051251618806376,13.165216445922852,11465200
2010-06-10,13.274620075226846,13.447846185896644,13.256385290165598,13.393142700195312,11677000
2010-06-11,13.292854184655702,13.365791586999519,13.19256547380356,13.356674194335938,6120800
2010-06-14,13.443288313065015,13.520784415357317,13.36123351422817,13.39770221710205,8373900
2010-06-15,13.39314274125274,13.548134936818839,13.352116213703983,13.54357624053955,9425100
2010-06-16,13.4979898018668,13.566368500937063,13.41593501518955,13.552692413330078,7395300
2010-06-17,13.584606451453237,13.6803373541829,13.525345126512086,13.666661262512207,10024200
2010-06-18,13.675779208476381,13.753275325437054,13.470642172556186,13.680337905883789,12964300
2010-06-21,13.7532705907128,13.785180592096633,13.602837105987351,13.648423194885254,7515100
2010-06-22,13.593721344202345,13.66210005100666,13.37490913463556,13.384026527404785,15472400
2010-06-23,13.420499325680861,13.529905463861082,13.292858396395923,13.466085433959961,12129200
2010-06-24,13.402259765690989,13.55725195699991,13.402259765690989,13.43416976928711,7824600
2010-06-25,13.479750215413663,13.493426298147716,13.347551560245906,13.370344161987305,19455900
2010-06-28,13.526891717586066,13.531495938726287,13.31510281412825,13.324311256408691,12533600
2010-06-29,13.236826317467175,13.25984653370983,13.052661953031057,13.094099044799805,12794500
2010-06-30,13.015837578703083,13.089503372576864,12.822464650243028,12.891526222229004,17784400
2010-07-01,12.891526222229004,12.909943109780215,12.758006421979319,12.891526222229004,9408400
2010-07-02,12.960582908117802,12.960582908117802,12.702752726760702,12.808647155761719,6974300
2010-07-06,12.854687527024593,13.075684808962347,12.822458866512648,13.006623268127441,10744500
2010-07-07,13.043457375681161,13.278267339144714,12.988207610915824,13.255247116088867,10063500
2010-07-08,13.315102850939487,13.38416441190295,13.269061517575382,13.365748405456543,8608500
2010-07-09,13.384158198972582,13.411782634901614,13.246035141162425,13.347325325012207,6014700
2010-07-12,13.301285083203954,13.37955505643775,13.28286908382456,13.351930618286133,5357900
2010-07-13,13.430204041635731,13.59595246945504,13.407183816956508,13.53609848022461,7802000
2010-07-14,13.545305084708565,13.568325306266397,13.439410660478268,13.499263763427734,6171200
2010-07-15,13.490055323538536,13.531492424874767,13.319703576414177,13.499263763427734,6594600
2010-07-16,13.439413632891979,13.485454964355833,13.195395190849299,13.264456748962402,12130600
2010-07-19,13.25985276502595,13.315102539403265,13.209208089859231,13.273665428161621,5005200
2010-07-20,13.199997146678495,13.462431549373477,13.149351602942549,13.44861888885498,8830000
2010-07-21,13.467036507009771,13.476244947859694,13.223018093478307,13.278267860412598,7271200
2010-07-22,13.338121066339072,13.526889714305259,13.338121066339072,13.480849266052246,6404000
2010-07-23,13.476247807658261,13.720265394807516,13.46703936485421,13.637392044067383,7248500
2010-07-26,13.628181778587631,13.720263559816509,13.591348890463015,13.683430671691895,6161300
2010-07-27,13.70645161884963,13.803137619758862,13.609764739775086,13.757096290588379,7463100
2010-07-28,13.81234621921071,13.839970665762841,13.660410445926004,13.683430671691895,7256500
2010-07-29,13.665013727170962,13.665013727170962,13.292080650779667,13.402579307556152,10015900
2010-07-30,13.347328679548294,13.499264432590927,13.241434250068776,13.44861888885498,6954500
2010-08-02,13.577539443969727,13.637393450202087,13.526893881490889,13.577539443969727,7719500
2010-08-03,13.503869490178753,13.540702375680318,13.407183495049113,13.480849266052246,7739900
2010-08-04,13.480853392721787,13.761703901331355,13.467040727118485,13.697246551513672,10223300
2010-08-05,13.628184949486249,13.701850742875456,13.494665150114857,13.65580940246582,15964900
2010-08-06,13.798534892912393,14.074782019677647,13.793930671680341,13.978096008300781,15450100
2010-08-09,13.996510386773078,14.042551715571948,13.91824039126459,13.99190616607666,7402700
2010-08-10,13.895216992243238,14.065568728275373,13.862988332894732,13.936654090881348,7565100
2010-08-11,13.807742398878647,13.881408177264344,13.595953505561104,13.618973731994629,9005300
2010-08-12,13.554520281969523,13.641997870031862,13.49006204877576,13.582144737243652,7061400
2010-08-13,13.572936292763742,13.655810536751725,13.526894948529797,13.582144737243652,4829500
2010-08-16,13.499265236900527,13.623576554478056,13.430203686523651,13.55911922454834,5439800
2010-08-17,13.600558048511736,13.628182496519122,13.361143824006753,13.47164249420166,13854000
2010-08-18,13.490057467270526,13.545307237220404,13.37955880553607,13.508474349975586,10030100
2010-08-19,13.467035843619408,13.485452724412035,13.282871426519193,13.411786079406738,9415800
2010-08-20,13.356539763712755,13.44862155090062,13.315102652120332,13.397976875305176,9789100
2010-08-23,13.439416414641231,13.485457755634924,13.384166629815692,13.420999526977539,6858300
2010-08-24,13.296686898826987,13.595955147598715,13.296686898826987,13.485456466674805,14272500
2010-08-25,13.42560002133045,13.655805784217687,13.361142688734919,13.623577117919922,10493400
2010-08-26,13.618971015768677,13.65119967761393,13.397973724688233,13.545305252075195,8017500
2010-08-27,13.600555689489072,13.83536477407215,13.508473041215742,13.812344551086426,11784400
2010-08-30,13.79853435560449,13.91824146848028,13.669619678788543,13.674223899841309,7587900
2010-08-31,13.665018649631987,13.849183143933177,13.632789972899975,13.770913124084473,9189300
2010-09-01,13.881406439401268,14.001113533832802,13.872197998714556,13.987300872802734,10831600
2010-09-02,14.005719383013238,14.005719383013238,13.766305166306775,13.973490715026855,9270300
2010-09-03,14.019532639815692,14.120822868946464,13.964282865093667,14.079385757446289,7534200
2010-09-07,14.0333438301208,14.074780939864818,13.959678052390403,13.973490715026855,4932500
2010-09-08,14.005719976593841,14.153051538298739,14.00111575551989,14.079385757446289,5820600
2010-09-09,14.134629655822739,14.180670091090587,13.98729727720458,14.153045654296875,7479000
2010-09-10,14.153053754909642,14.203699316489681,14.088596406109968,14.171470642089844,3835100
2010-09-13,14.24513256534418,14.304985676092038,14.16686257241835,14.249736785888672,6097500
2010-09-14,14.203697438977793,14.35102900428236,14.176072990024537,14.29577922821045,6255200
2010-09-15,14.31879961107237,14.544401168823242,14.291175163514092,14.544401168823242,10928300
2010-09-16,14.507567125754388,14.539795791703868,14.38786002496683,14.456921577453613,9910400
2010-09-17,14.507566603552883,14.549003709186476,14.3832552866521,14.433900833129883,8167000
2010-09-20,14.433904158844072,14.558215504387418,14.378654379214101,14.535194396972656,7774300
2010-09-21,14.52598654328258,14.576632103484139,14.40628029253152,14.558216094970703,8068200
2010-09-22,14.56281693754773,14.636483593446895,14.378652493213167,14.415485382080078,9030400
2010-09-23,14.31880562034181,14.54901149565867,14.249744033379896,14.397075653076172,12740600
2010-09-24,14.516777814882612,14.710150718688965,14.498360929679427,14.710150718688965,15759000
2010-09-27,14.691732128635499,14.723960795835792,14.627274794234912,14.64108657836914,6404700
2010-09-28,14.701497181408302,14.701497181408302,14.497052216327107,14.627153396606445,7905200
2010-09-29,14.58997535784096,14.613208334709,14.450581041622515,14.501691818237305,7292400
2010-09-30,14.538866657466917,14.617856131356096,14.325127670994933,14.339067459106445,11105800
2010-10-01,14.399469378760276,14.520278199731738,14.283307153162422,14.501691818237305,8491000
2010-10-04,14.455223426740682,14.529567158570018,14.357646724810184,14.376233100891113,6106500
2010-10-05,14.43199829768028,14.58533243866707,14.404119604659321,14.534221649169922,7924500
2010-10-06,14.552802673568943,14.636439613158,14.515630798890182,14.543509483337402,6644300
2010-10-07,14.576034239852163,14.641084792688677,14.385527403514505,14.49239730834961,5790000
2010-10-08,14.562096592359655,14.562096592359655,14.29724686124182,14.371590614318848,10323600
2010-10-11,14.348358147340882,14.441288285112474,14.287954178162579,14.42270278930664,4901400
2010-10-12,14.431996486886154,14.506340249779193,14.31118765062308,14.473814964294434,8055400
2010-10-13,14.54350759158581,14.706134854494362,14.47381044640994,14.631791114807129,6736500
2010-10-14,14.673612595708814,14.780481632698038,14.631794122756949,14.775835037231445,7620300
2010-10-15,14.822297960931163,14.868763022626338,14.641085195192053,14.706135749816895,7917700
2010-10-18,14.724725653503071,14.794422819604874,14.668967388873101,14.710785865783691,10117900
2010-10-19,14.641087457578022,14.789774968980364,14.562097106364593,14.613208770751953,7583900
2010-10-20,14.641087313690134,14.831593296583087,14.641087313690134,14.775835037231445,7348800
2010-10-21,14.775838261506696,14.952405382776522,14.715434279755014,14.785131454467773,7781000
2010-10-22,14.799068818602006,14.868765981892624,14.761896939097173,14.822300910949707,6142600
2010-10-25,14.854824295052087,15.152200179308851,14.854824295052087,15.087149620056152,10754100
2010-10-26,15.077853993906317,15.1800755251484,14.9338122270497,15.022096633911133,8841700
2010-10-27,14.957048490016973,14.957048490016973,14.752603597939014,14.868765830993652,6967700
2010-10-28,14.970987764342953,15.040684034166086,14.840885756429806,14.933815002441406,7089100
2010-10-29,14.887355483158991,14.994224548339844,14.864122499697261,14.994224548339844,6613200
2010-11-01,15.031391280966195,15.08250294382028,14.747956053200916,14.766542434692383,9165600
2010-11-02,14.943111593459548,14.984930073867826,14.775837671826435,14.794424057006836,9465300
2010-11-03,14.780481928018911,14.868765471153178,14.608562323557294,14.668966293334961,12054200
2010-11-04,14.826946106831254,14.961694711219115,14.752602354840514,14.771188735961914,12912100
2010-11-05,14.538866645941484,14.664321193855343,14.218258609611452,14.441289901733398,20031300
2010-11-08,14.450577150195308,14.510981101291003,14.2693635244138,14.459870338439941,9705400
2010-11-09,14.538864347975117,14.538864347975117,14.17179129557618,14.22754955291748,13387700
2010-11-10,14.246129075738699,14.25542226244102,14.120673713998555,14.171785354614258,10176000
2010-11-11,14.129973779762938,14.176438849648619,14.0695698092848,14.153205871582031,8091500
2010-11-12,14.06027566714101,14.292600114609472,14.046335881243825,14.22754955291748,8077700
2010-11-15,14.250781279603647,14.357650310013344,14.24613468442313,14.306539535522461,8001600
2010-11-16,14.2368465233646,14.26937181487069,14.05563367854625,14.097452163696289,10834100
2010-11-17,14.120680658947569,14.20431760790934,14.078862184466683,14.167145729064941,6794500
2010-11-18,14.24613768959345,14.325128051830173,14.181087115838832,14.274016380310059,8216000
2010-11-19,14.274016323381966,14.306542496377153,14.106743293501841,14.143915176391602,8807900
2010-11-22,14.129971075690856,14.213608008229865,14.078859419973165,14.195021629333496,7115800
2010-11-23,14.097448794263327,14.102095389974718,13.99522634735528,14.046337127685547,7526800
2010-11-24,14.13926557496007,14.19966953947427,14.102093699971162,14.190377235412598,5481600
2010-11-26,14.120679708237619,14.139266089532192,14.0463359555542,14.078861236572266,3166400
2010-11-29,14.023106280157887,14.041691778405703,13.846539172441867,14.027752876281738,10226100
2010-11-30,13.953412021291964,14.102099583279124,13.916240130795176,14.055634498596191,9512000
2010-12-01,14.153203606548333,14.274012414418246,14.102092835476435,14.232193946838379,8651500
2010-12-02,14.26472239056199,14.29260107798806,14.069569806084518,14.139266967773438,10450000
2010-12-03,14.04168877406201,14.176437374080292,14.032396470050067,14.088153839111328,7376400
2010-12-06,14.050983863862161,14.08815574367737,13.985933295747424,14.074216842651367,7117800
2010-12-07,14.17643343965809,14.260070356285414,14.120675199824158,14.236837387084961,9008200
2010-12-08,14.255429186741662,14.427348793005924,14.218257308123915,14.41805648803711,10122900
2010-12-09,14.450578983017326,14.473811070328313,14.371588645413718,14.445932388305664,7647900
2010-12-10,14.469166160388415,14.506338036162635,14.232195119984977,14.28795337677002,8904000
2010-12-13,14.348358154296875,14.404116414236357,14.264722093758866,14.348358154296875,6556300
2010-12-14,14.390180241063604,14.63644454774144,14.371594740581942,14.585332870483398,9021600
2010-12-15,14.529577511396942,14.678265081000655,14.51563771940366,14.627153396606445,8873000
2010-12-16,14.627148549404781,14.706138905361598,14.543511597656678,14.701492309570312,7204400
2010-12-17,14.715432883816106,14.845534914186437,14.650382311754727,14.836241722106934,11699500
2010-12-20,14.845536184822093,14.85947508788681,14.729373932628642,14.74331283569336,9979700
2010-12-21,14.808363845892137,14.859474632642991,14.780484268121535,14.794424057006836,7235900
2010-12-22,14.766544121868034,14.854826785297034,14.747957738252948,14.813008308410645,5854300
2010-12-23,14.822301500218186,14.854826785297034,14.785129619235567,14.813008308410645,4491200
2010-12-27,14.780479783703038,14.79441956835899,14.673610760082818,14.68755054473877,4520700
2010-12-28,14.734013858223673,14.817650788766603,14.687549684586314,14.803711891174316,4900000
2010-12-29,14.874047418183748,14.920939298638203,14.799020767211914,14.799020767211914,5259600
2010-12-30,14.695864450045077,14.822472302930406,14.681796612706083,14.775580406188965,4033200
2010-12-31,14.770891127075966,14.831849966767862,14.70993228738407,14.775580406188965,3398900
2011-01-03,14.892808579110353,14.892808579110353,14.761511457001427,14.850605964660645,8525800
2011-01-04,14.822471680954804,14.888119797004993,14.705242391214606,14.817782402038574,11578300
2011-01-05,14.752132934346026,14.88811933553613,14.752132934346026,14.784957885742188,10456100
2011-01-06,14.817785683101537,14.817785683101537,14.620840396953396,14.663043022155762,7661500
2011-01-07,14.719307403737275,14.738064516942956,14.602078129366921,14.625524520874023,6747800
2011-01-10,14.494229119708631,14.648971744338,14.48485056200055,14.634903907775879,5462800
2011-01-11,14.672414779663086,14.747441435374952,14.62083361846557,14.672414779663086,6619200
2011-01-12,14.69586451222685,14.874052647332036,14.68648595396117,14.770891189575195,6225800
2011-01-13,14.799026406041884,14.869363806329906,14.71462116794083,14.742756843566895,6647000
2011-01-14,14.775579675959097,14.780268954840345,14.667728944855895,14.695863723754883,6005400
2011-01-18,14.728690752879334,14.78027193659047,14.484853568194092,14.559880256652832,11693500
2011-01-19,14.57863364467936,14.653660313935635,14.484849860914794,14.62083625793457,8479500
2011-01-20,14.672418969395084,14.714620692694027,14.597391397870691,14.644283294677734,10411400
2011-01-21,14.57863531890317,14.700553894042969,14.550500538298154,14.700553894042969,10612400
2011-01-24,14.719311462249914,14.89750050928189,14.663041895894597,14.738068580627441,12116800
2011-01-25,14.70055220581792,14.752132481938828,14.541120310051223,14.62083625793457,9323800
2011-01-26,14.667727284322197,14.667727284322197,14.527051616976157,14.550498008728027,10967900
2011-01-27,14.52705311166525,14.55049950582952,14.30197309401917,14.320730209350586,11887300
2011-01-28,14.301970297965584,14.409821006870818,14.301970297965584,14.316038131713867,11356900
2011-01-31,14.316044494602414,14.53643528828355,14.165990217759422,14.334800720214844,10801100
2011-02-01,14.38169002532959,14.4332712016171,14.27383928799075,14.38169002532959,6914300
2011-02-02,14.377002452627643,14.409826516201665,14.287907926934828,14.330110549926758,5522200
2011-02-03,14.330107406806658,14.447336690651843,14.297283350432158,14.414512634277344,4926800
2011-02-04,14.484848854996569,14.6395914613899,14.405132912649194,14.625524520874023,6594900
2011-02-07,14.620838439176921,14.620838439176921,14.36762272186911,14.47547435760498,10193000
2011-02-08,14.503608231044845,14.597391128540039,14.40982443916113,14.597391128540039,9267100
2011-02-09,14.522363713337358,14.653660836411456,14.512986050137298,14.648971557617188,6390100
2011-02-10,14.630216266428302,14.648972488408665,14.4238924583131,14.588013648986816,16277900
2011-02-11,14.301975079426203,14.409825824388282,14.180056496012657,14.377001762390137,23766300
2011-02-14,14.381689358332718,14.414513416488433,14.25039223132136,14.297284126281738,11068800
2011-02-15,14.250392892228906,14.38169002532959,14.189434052025208,14.38169002532959,7831300
2011-02-16,14.386380276455574,14.442649841308594,14.269150972891742,14.442649841308594,12013600
2011-02-17,14.391064560546788,14.50360454557693,14.353551232203406,14.46140193939209,7257600
2011-02-18,14.47547119054839,14.527051463079285,14.37699813501053,14.494227409362793,7860600
2011-02-22,14.405135649797906,14.784959214888524,14.377000869031821,14.756823539733887,14453400
2011-02-23,14.761506656979627,15.099127462792625,14.747439719662873,14.855290412902832,18315200
2011-02-24,14.836538338234845,14.991280961943026,14.836538338234845,14.90218734741211,9432400
2011-02-25,14.888115172582875,14.986587316071564,14.831844737454894,14.86935806274414,8249900
2011-02-28,14.920941229889353,14.930319786071777,14.775577186615156,14.930319786071777,9314400
2011-03-01,14.892808429484882,14.949077985260182,14.761511308695075,14.79433536529541,8171500
2011-03-02,14.803712443503088,14.883428384876433,14.672416230221135,14.766199111938477,6816200
2011-03-03,14.845916651123844,14.94438971607198,14.822471151768248,14.916254043579102,11585400
2011-03-04,14.939695323624907,14.944384600768629,14.728682324098163,14.808398246765137,19309400
2011-03-07,14.799029081403123,14.808407641640597,14.620840908834795,14.691178321838379,12234400
2011-03-08,14.738064642474992,14.756820861452045,14.658348699448633,14.747443199157715,8472200
2011-03-09,14.6958633431412,14.869362185311363,14.686484785621605,14.850605964660645,5943800
2011-03-10,14.766201910442357,14.827161644780727,14.714620734369664,14.770891189575195,8637300
2011-03-11,14.784959562482104,14.90687814118617,14.728689105238468,14.864675521850586,6473000
2011-03-14,14.775576676120817,14.817779283095287,14.658347411055805,14.705239295959473,6791200
2011-03-15,14.522364452788475,14.63490446641582,14.461405614136027,14.597391128540039,10119400
2011-03-16,14.54580804912626,14.559874989130163,14.400443110237998,14.466092109680176,11389000
2011-03-17,14.564568738079286,14.625528478103242,14.27852983940618,14.423893928527832,12837400
2011-03-18,14.517672354231676,14.57394279731115,14.433268031194995,14.531740188598633,10564700
2011-03-21,14.433272504278229,14.541123251351033,14.269151296686909,14.48485279083252,14984300
2011-03-22,14.484849006211185,14.573943506091505,14.484849006211185,14.550498008728027,6296500
2011-03-23,14.578635090802369,14.602080591874955,14.4238924583131,14.588013648986816,7489900
2011-03-24,14.648970356758499,14.700551524878582,14.569254412567647,14.66772747039795,6051100
2011-03-25,14.70054973598655,14.766197836959178,14.648968574143318,14.658347129821777,7123400
2011-03-28,14.70055397820172,14.817783274847047,14.672419197435637,14.756823539733887,6950800
2011-03-29,14.775754935666114,14.827815861261112,14.70003044536819,14.799419403076172,8764800
2011-03-30,14.846746552168888,14.913005251562009,14.780486950068692,14.89880657196045,6577200
2011-03-31,14.898806270914346,15.002928113807728,14.837280465964938,14.842013359069824,10200300
2011-04-01,14.879870750968692,14.979258765653677,14.87040496784438,14.960328102111816,6243100
2011-04-04,15.00766002868333,15.00766002868333,14.894073302858828,14.913004875183105,5546500
2011-04-05,14.8704084043597,14.931934203472665,14.83727905847526,14.90353775024414,6699200
2011-04-06,14.950868716330188,15.050256773542431,14.93667003556823,15.026593208312988,6033000
2011-04-07,15.045524405004162,15.05972218270259,14.960334127985087,15.040791511535645,8158500
2011-04-08,15.073917829454455,15.088115604295556,14.955598224674919,14.988727569580078,7839900
2011-04-11,15.017125932880727,15.187506474310206,14.998195263114708,15.159109115600586,8593400
2011-04-12,15.040792442010543,15.225369882458587,15.036059548249233,15.211172103881836,9804800
2011-04-13,15.258496414426947,15.362616434773152,15.225365265437452,15.334220886230469,10537300
2011-04-14,15.277428770197384,15.59925828131553,15.234833634743095,15.594526290893555,21267500
2011-04-15,15.589794386690683,15.873762592646754,15.514069892851932,15.788572311401367,21306600
2011-04-18,15.485671789882936,15.769638143734745,15.47620600403267,15.722311019897461,14206700
2011-04-19,15.71284573679051,15.812233783277227,15.670250601808473,15.807501792907715,9920400
2011-04-20,15.854825228106042,15.93528168356055,15.798032329819703,15.883222579956055,9250700
2011-04-21,15.887962675297707,15.94002361087749,15.712850096414023,15.798040390014648,7073600
2011-04-25,15.831161976784117,15.831161976784117,15.618186347328708,15.651315689086914,7283200
2011-04-26,15.717583176149033,15.82643704652646,15.665522236965321,15.802773475646973,6300000
2011-04-27,15.793298676977601,15.930549837364786,15.793298676977601,15.887954711914062,8400800
2011-04-28,15.859560741626161,15.982614154906996,15.84536296525302,15.902155876159668,10124600
2011-04-29,15.878488362108916,16.04413686869889,15.835893238175911,15.897419929504395,10400000
2011-05-02,15.902157567784238,16.02994298497819,15.84063266001307,15.992081642150879,7821500
2011-05-03,16.034679170477858,16.06780852741858,15.958954668125553,16.029945373535156,8226400
2011-05-04,16.034674969266398,16.0914678797968,15.99207983501508,16.020475387573242,9109800
2011-05-05,16.015749224391822,16.0630763661508,15.722316973573768,15.802773475646973,17216900
2011-05-06,16.063071084488897,16.323375694817283,16.058339094034807,16.129331588745117,16559400
2011-05-09,16.001539733448784,16.138789066280317,15.99680593948811,16.110393524169922,10637800
2011-05-10,16.14353385106664,16.2192583572714,16.134068062114217,16.195594787597656,6585500
2011-05-11,16.219255447387695,16.32337730176931,16.162462529276958,16.219255447387695,8148200
2011-05-12,16.233450724728232,16.522150872554967,16.233450724728232,16.446426391601562,9416200
2011-05-13,16.470088738176322,16.61207190381129,16.403830047907597,16.512683868408203,12749700
2011-05-16,16.489025292290588,16.51742265616644,16.332842499095083,16.347042083740234,8787900
2011-05-17,16.33283273587437,16.52687675949687,16.318634965130624,16.484283447265625,11620400
2011-05-18,16.484290081231585,16.541082992475786,16.413297588115764,16.507953643798828,7096100
2011-05-19,16.555286649334004,16.612079580750926,16.498493717917082,16.560020446777344,8682100
2011-05-20,16.588414672246145,16.77299303852955,16.422767883380164,16.67360496520996,11797600
2011-05-23,16.55054106788704,16.593136182829163,16.50321215938843,16.555273056030273,7815500
2011-05-24,16.498485707412474,16.578942170737882,16.48428793280537,16.503217697143555,7662700
2011-05-25,16.394367148355197,16.47482543313848,16.28078131802073,16.294979095458984,10336100
2011-05-26,16.29498067922904,16.446429671337707,16.22398817430931,16.384902954101562,5823100
2011-05-27,16.39909926803595,16.52688286274591,16.39909926803595,16.446426391601562,4367300
2011-05-31,16.465358285052197,16.564746329731204,16.441694722806822,16.550548553466797,12874400
2011-06-01,16.52215048508842,16.560013627384198,16.403830873535103,16.436960220336914,8141600
2011-06-02,16.403840372797447,16.45116752265975,16.205064176877745,16.290252685546875,9933900
2011-06-03,16.129331871586995,16.233451912130047,16.115132289147446,16.138795852661133,7964100
2011-06-06,16.124601223638628,16.176662156781088,16.07254029049617,16.119869232177734,11748300
2011-06-07,16.148254848788252,16.21451352093039,16.100927741661987,16.110393524169922,10644000
2011-06-08,16.053608713823547,16.176662156781088,16.011015374431924,16.119869232177734,6618300
2011-06-09,16.1198702813929,16.276051285571306,16.058343555909456,16.195594787597656,6567600
2011-06-10,16.110401272284435,16.186125763353342,15.973150068030083,15.992081642150879,7942800
2011-06-13,16.053605962201427,16.257115863013812,15.977881473904787,16.14826202392578,5932100
2011-06-14,16.266578507546395,16.304441647087877,16.12932914024318,16.21451759338379,7587100
2011-06-15,16.157725983397512,16.20978690172916,16.006277023931265,16.100933074951172,10936300
2011-06-16,16.07727088040263,16.26184920260617,16.039407734610027,16.23345184326172,8211100
2011-06-17,16.318639755249023,16.432227370781245,16.28551041018002,16.318639755249023,11973400
2011-06-20,16.276052414685285,16.55528688920183,16.276052414685285,16.470096588134766,6981000
2011-06-21,16.541079775164558,16.541079775164558,16.441691748465082,16.474821090698242,5254700
2011-06-22,16.441692713882517,16.48901983259061,16.3896318000553,16.40382957458496,4934700
2011-06-23,16.304441647087877,16.30917363682363,16.029939301653723,16.21451759338379,11113400
2011-06-24,16.247647488243004,16.408560402624015,16.23818170408876,16.375431060791016,11485100
2011-06-27,16.38017066983182,16.474826739559397,16.304446175132636,16.328109741210938,9548400
2011-06-28,16.466524456043814,16.705169738015464,16.409250098171942,16.48084259033203,11392000
2011-06-29,16.55720505977456,16.68130159641244,16.533340901411453,16.624027252197266,8743300
2011-06-30,16.666986391159405,16.92949767006594,16.666986391159405,16.8149471282959,8871600
2011-07-01,16.724257909993185,16.94381108139942,16.695619827354662,16.929492950439453,5831400
2011-07-05,16.891310591635367,17.039271302864528,16.891310591635367,17.001087188720703,9660000
2011-07-06,16.99631972173447,17.120414485119788,16.972455554243364,17.110868453979492,9081500
2011-07-07,17.172913922478518,17.192005981620014,17.096547506631502,17.149049758911133,11192400
2011-07-08,17.06313846240456,17.149050913607063,17.001090176376287,17.04404640197754,9296800
2011-07-11,16.95335752715542,17.05836201203502,16.872217201370642,16.948583602905273,7001600
2011-07-12,16.910401963651616,17.03449668815431,16.89608383178711,16.89608383178711,7076000
2011-07-13,16.93426179079768,16.99153612431997,16.82925732874162,16.87698745727539,6319400
2011-07-14,16.88176155090332,17.010630182066667,16.786303103295086,16.88176155090332,9833100
2011-07-15,16.89130757773599,16.924717761291102,16.781531000237976,16.88176155090332,12177800
2011-07-18,16.8388107108689,16.872220905079427,16.6813057696934,16.79108238220215,8494000
2011-07-19,16.82926169723885,16.92472015836702,16.805397537136482,16.82448959350586,9586600
2011-07-20,16.891311967311506,16.919950055251743,16.800627419912477,16.82926368713379,8300200
2011-07-21,16.89608276438714,16.977221267451736,16.84835262665627,16.929492950439453,11803100
2011-07-22,16.981996600149003,16.981996600149003,16.881764212959737,16.910402297973633,5697600
2011-07-25,16.824494571651844,16.867450800833765,16.705171915115304,16.71949005126953,6456500
2011-07-26,16.74812481310207,16.752896917297893,16.62403007610293,16.662212371826172,8275900
2011-07-27,16.61448518632508,16.65744140990874,16.456978426278667,16.48084259033203,9316000
2011-07-28,16.50470551171911,16.61925420620184,16.490385559369766,16.509477615356445,6965000
2011-07-29,16.390154389422644,16.53334116258172,16.351970278863632,16.40924644470215,8084600
2011-08-01,16.51902636767008,16.5333445016621,16.19924074966946,16.39015769958496,8035600
2011-08-02,16.30424283601317,16.461749569440517,16.289924704144756,16.294696807861328,11035900
2011-08-03,16.266062459175373,16.380611169046233,16.13241987003415,16.371065139770508,10799100
2011-08-04,17.196779018879695,17.325647693996782,16.09423894407641,16.122875213623047,60754400
2011-08-05,16.652667749277185,16.84835681077467,16.299473745949545,16.64312171936035,32604500
2011-08-08,16.199238876529595,16.595390864545028,16.022641901745235,16.089462280273438,31334700
2011-08-09,16.208783481726996,16.34719815122075,15.6551266244706,16.3328800201416,28544300
2011-08-10,16.2183334065706,16.227879436490117,15.583537893034741,15.655130386352539,23874400
2011-08-11,15.607396855516988,16.437881153804256,15.573986672293847,16.275602340698242,22893800
2011-08-12,16.32810447418395,16.499929312941642,16.18014561247915,16.418790817260742,14456700
2011-08-15,16.509474898026944,16.628797497226124,16.40447042810179,16.552431106567383,10505500
2011-08-16,16.44743622466647,16.48562035261444,16.242201088744697,16.328113555908203,12692900
2011-08-17,16.433114262225306,16.59061920155271,16.3806120088765,16.48084259033203,11355000
2011-08-18,16.199236309215856,16.399699233749136,15.989229178450087,16.137189865112305,15868200
2011-08-19,16.022642623518415,16.361518456016103,15.960594346067666,15.965368270874023,15545100
2011-08-22,16.33288143638542,16.33288143638542,15.974913562618134,16.01309585571289,9804500
2011-08-23,16.06560078227216,16.270835876464844,15.91286794297329,16.270835876464844,11476300
2011-08-24,16.242193668057407,16.356744178846377,16.13241708144055,16.3328800201416,8550600
2011-08-25,16.375840371212277,16.418796596020574,15.994006452596729,16.041736602783203,9086400
2011-08-26,15.998776868134899,16.27083229199709,15.702857284774366,16.204011917114258,9229600
2011-08-29,16.34242831690199,16.552435491669424,16.30901630521375,16.49993324279785,7700300
2011-08-30,16.499931106813932,16.643117881106466,16.366290360236714,16.56675148010254,8939100
2011-08-31,16.624029507920696,16.795852563880977,16.600163525600628,16.71471405029297,11402400
2011-09-01,16.662209288291134,16.75289381698063,16.581070786945563,16.61448097229004,9704300
2011-09-02,16.442655279865818,16.60016017118187,16.332878702107735,16.35674285888672,8571800
2011-09-06,16.075142961736706,16.30424216580742,16.008322588139244,16.26605987548828,10705400
2011-09-07,16.48561380916499,16.68607493916676,16.39492745164339,16.600162506103516,13528500
2011-09-08,16.499937211053304,16.95336368132604,16.485619074542566,16.733810424804688,14627000
2011-09-09,16.590613186100544,16.590613186100544,16.23264539293563,16.471290588378906,13032200
2011-09-12,16.275604188027554,16.366290541970763,16.075143065935777,16.347198486328125,12112400
2011-09-13,16.337661743164062,16.361525915919998,16.15629075292355,16.337661743164062,9473700
2011-09-14,16.414022202695012,16.628803320613297,16.20878711454187,16.48084259033203,9167400
2011-09-15,16.628800778967946,16.733805269616038,16.48561399581428,16.681303024291992,8533300
2011-09-16,16.724264393557764,16.78153876032001,16.628805901807826,16.733810424804688,14711000
2011-09-19,16.58584736057839,16.729034167892813,16.528573001796428,16.64312171936035,8857200
2011-09-20,16.643119445629107,16.695621692639477,16.466522468091416,16.4760684967041,9361600
2011-09-21,16.51424797588357,16.614480348874583,16.28037668724766,16.2899227142334,11457400
2011-09-22,15.612171781393403,16.14673845105655,15.607399677520858,16.089462280273438,13359900
2011-09-23,15.970137930644883,16.161054837863777,15.92718171755656,16.094234466552734,10821300
2011-09-26,16.151507665535295,16.38060684552719,16.06082314242968,16.35196876525879,9705700
2011-09-27,16.657434801079994,16.819713601265445,16.47606394893901,16.6717529296875,10828900
2011-09-28,16.705455027876372,16.854654513231864,16.435935745895367,16.474437713623047,10046600
2011-09-29,16.70544698641232,16.748762826731618,16.43592783416915,16.594751358032227,7932000
2011-09-30,16.50811926888697,16.743950357225437,16.15196844481844,16.16159439086914,12893400
2011-10-03,16.041275341219094,16.224162837051907,15.91613985884741,15.920953750610352,11764800
2011-10-04,15.824689420056645,15.834315363550788,15.343402343134919,15.8150634765625,20500000
2011-10-05,15.79581602669749,15.86319581412282,15.646616614568895,15.829505920410156,13360000
2011-10-06,15.800625511200991,16.161590131135647,15.713993855539792,16.15196418762207,10060300
2011-10-07,16.262660277414483,16.37816793115934,16.13271278998073,16.248220443725586,10070900
2011-10-10,16.4311138492199,16.508119583129883,16.23378654132798,16.508119583129883,7004500
2011-10-11,16.469614142057843,16.657315463916994,16.43592425536318,16.556245803833008,5839100
2011-10-12,16.63806406120625,16.763199503405882,16.59474822905425,16.652502059936523,8164800
2011-10-13,16.57550360483772,16.86908861410059,16.56587765614494,16.772830963134766,7154800
2011-10-14,16.965343033651305,16.999032929678076,16.796893553517435,16.955717086791992,7960500
2011-10-17,16.965340686362442,17.05678441493149,16.719885501276377,16.734323501586914,6767600
2011-10-18,16.753576079964727,17.085662952460797,16.72469824219754,16.960529327392578,10094700
2011-10-19,16.873902506427974,17.027914013588497,16.686199260861724,16.772830963134766,8062900
2011-10-20,16.830585518975443,16.989409071778404,16.811333622889673,16.8739013671875,8171600
2011-10-21,17.01346838699641,17.01346838699641,16.85464487747975,16.94127655029297,10737700
2011-10-24,16.960526329965013,17.018280159331113,16.84501683527168,16.97977638244629,5931400
2011-10-25,17.013464371456276,17.07603208393437,16.748757360764095,16.811325073242188,9273500
2011-10-26,17.018287952206276,17.03272595716885,16.772830852070662,16.854650497436523,9004500
2011-10-27,17.16266602344346,17.18191791230396,16.89795897747571,17.07122230529785,15826300
2011-10-28,17.03753662109375,17.167482313058013,16.926839150816356,17.03753662109375,7823000
2011-10-31,16.88352607572119,17.066413567223687,16.88352607572119,16.93165397644043,9504000
2011-11-01,16.633255004882812,16.806516528757815,16.589939164923685,16.633255004882812,10529700
2011-11-02,16.84021190022305,16.869087909132663,16.58512886042937,16.67176055908203,8235900
2011-11-03,17.287798701488832,17.470687963927784,17.023091669724682,17.22041893005371,14217000
2011-11-04,17.201174993968674,17.210799105343142,16.869086236736035,16.93165397644043,9785400
2011-11-07,16.994217362624866,17.03753319656037,16.77282430253157,17.003843307495117,12348700
2011-11-08,17.095294072965125,17.104920021801203,16.902778768167597,17.07604217529297,7523400
2011-11-09,16.902774625648444,16.92202651860236,16.6861954198208,16.729511260986328,9116700
2011-11-10,16.87871302264557,16.965344717013647,16.787269272351182,16.907590866088867,6955400
2011-11-11,17.061598502827344,17.1819200693692,17.061598502827344,17.119352340698242,8418300
2011-11-14,17.153043022816934,17.162668968899187,16.97496761019897,17.051973342895508,4833800
2011-11-15,17.03754021591067,17.13379603234742,16.98941047173028,17.07604217529297,5189000
2011-11-16,16.92684008479147,17.157859148936666,16.869086236736035,16.93165397644043,6956900
2011-11-17,16.84502131800413,16.974968845629842,16.715073790378415,16.825769424438477,7221600
2011-11-18,16.811329229845423,16.869083067048958,16.71507161053194,16.734323501586914,7735900
2011-11-21,16.55143542320184,16.676570888281507,16.4311138492199,16.508119583129883,12548700
2011-11-22,16.53218512860089,16.71988834436226,16.48405722874107,16.628442764282227,7628000
2011-11-23,16.556257378483288,16.604385297133494,16.46962565614299,16.474437713623047,7267400
2011-11-25,16.455183937835706,16.614009356026433,16.411868081598435,16.517751693725586,3364700
2011-11-28,16.63805899602003,16.864264032389492,16.594743177054827,16.792070388793945,5972400
2011-11-29,16.849830025532334,17.061597140755374,16.820954026882834,17.003843307495117,7402800
2011-11-30,17.3118649661087,17.398496627807617,17.254109301002007,17.398496627807617,12589100
2011-12-01,17.408124485053918,17.629517577053328,17.384060537390933,17.56694984436035,11229500
2011-12-02,17.629517577053328,17.629517577053328,17.504382111667375,17.56694984436035,9674500
2011-12-05,17.740203764135764,17.759455646405343,17.456244926521393,17.571752548217773,7598000
2011-12-06,17.591004430487352,17.668010123605118,17.465870867656182,17.571752548217773,8309600
2011-12-07,17.49956868199116,17.591012410312533,17.437000954212657,17.494754791259766,8526800
2011-12-08,17.441812458657072,17.586197949501553,17.36480674114261,17.398496627807617,7631900
2011-12-09,17.45143897115323,17.759463719608576,17.45143897115323,17.663206100463867,7018700
2011-12-12,17.634331690085713,17.64395763746654,17.408126516540715,17.5284481048584,5789900
2011-12-13,17.600636828728387,17.735396382133278,17.427373496658543,17.461063385009766,6916400
2011-12-14,17.33112470141395,17.52845207753912,17.33112470141395,17.403318405151367,7480500
2011-12-15,17.43700523545512,17.62470662891488,17.43700523545512,17.547700881958008,6424800
2011-12-16,17.639145252756958,17.711337102824025,17.461067983475782,17.5621395111084,14249100
2011-12-19,17.668017261270194,17.711333095895547,17.3936842539634,17.432188034057617,7449600
2011-12-20,17.571757484957992,17.793150521336855,17.557319487179765,17.764272689819336,8357500
2011-12-21,17.773898666018496,18.0626696378752,17.773898666018496,17.976037979125977,12053200
2011-12-22,18.067488462062606,18.067488462062606,17.836471254293624,17.9567928314209,8643700
2011-12-23,17.956792622993255,18.163745880126953,17.91347678229175,18.163745880126953,4739000
2011-12-27,18.14449119567871,18.255186808003995,18.10117536164175,18.14449119567871,4950900
2011-12-28,18.159044353195647,18.183296694754695,18.05719117934566,18.071741104125977,4320300
2011-12-29,18.1008451394869,18.27545166015625,18.086295212829167,18.27545166015625,4104700
2011-12-30,18.139644204753793,18.222096241500203,18.100841940265738,18.120243072509766,4405700
2012-01-03,18.406401397683556,18.454902373093976,18.04263853152457,18.076589584350586,8773000
2012-01-04,18.115389291044146,18.192991958802924,18.02808605854133,18.134790420532227,7333300
2012-01-05,18.154196062630593,18.377303556620976,18.13479492831995,18.30455207824707,8508400
2012-01-06,18.391850552658777,18.411251683879055,18.188144225426974,18.21239471435547,7954400
2012-01-09,18.270589436290102,18.319092246231722,18.1590357487139,18.294841766357422,5238800
2012-01-10,18.459750706077767,18.503402317226875,18.38214804738972,18.440349578857422,6825700
2012-01-11,18.41124410067516,18.464596264459438,18.299690417395734,18.39669418334961,5576500
2012-01-12,18.484007046008866,18.561609729282573,18.411253720979932,18.5373592376709,6206800
2012-01-13,18.517954471434948,18.551905523069525,18.294847032066706,18.3190975189209,10413800
2012-01-17,18.498555107267933,18.687711513053575,18.43550235527481,18.49370574951172,8495000
2012-01-18,18.49856005677324,18.828371978252516,18.49856005677324,18.779870986938477,11589500
2012-01-19,18.813816108218276,18.838066596215345,18.648910199567105,18.770164489746094,6959300
2012-01-20,18.823524942915036,18.823524942915036,18.605266754670005,18.7556209564209,7219000
2012-01-23,18.731364678461617,18.750765811473986,18.53735889891957,18.658613204956055,8766800
2012-01-24,18.61010957978824,18.721663314567273,18.527657543288267,18.57615852355957,7433400
2012-01-25,18.488855029984137,18.91567068136142,18.479154464021722,18.610109329223633,10357500
2012-01-26,18.70226133481973,18.8671672342262,18.614958102769624,18.721660614013672,6497200
2012-01-27,18.731364678461617,18.7410652449678,18.56160939008809,18.658613204956055,6794500
2012-01-30,18.581008530460736,18.590709095926623,18.44520246413197,18.517955780029297,6203300
2012-01-31,18.55190803342392,18.60526022183863,18.445203656594497,18.57615852355957,6687500
2012-02-01,18.682863696124574,18.81381856866724,18.64406143009984,18.658613204956055,5254800
2012-02-02,18.697413785928344,18.770167110270364,18.66346272795377,18.711965560913086,4903700
2012-02-03,18.823508982609635,18.94476322324697,18.804107860061368,18.857460021972656,5970500
2012-02-06,18.85261651897486,18.886567572209486,18.72651287127391,18.770164489746094,5310700
2012-02-07,18.687707689575923,18.731359301225687,18.605255673233785,18.678007125854492,5800100
2012-02-08,18.65376364850784,18.745918113380476,18.624663796606203,18.69256591796875,6015500
2012-02-09,18.702257948054267,18.80896043997571,18.697406741489132,18.741058349609375,4800900
2012-02-10,18.66346272795377,18.736216052295795,18.600409970203614,18.711965560913086,6107000
2012-02-13,18.77501463394122,18.80896568859839,18.605259360655342,18.62466049194336,7430800
2012-02-14,18.644056953099525,18.72651082350549,18.590706625417354,18.673158645629883,8029500
2012-02-15,18.590713085779154,18.779869527475665,18.537360889363402,18.571311950683594,7808600
2012-02-16,18.682870011467823,18.707120510833704,18.522813385302896,18.54706573486328,8225300
2012-02-17,18.522810082986734,18.610113345294756,18.32880427245326,18.43550682067871,11184200
2012-02-21,18.741060500373408,18.82351436970454,18.58100581902643,18.707109451293945,16394500
2012-02-22,18.64406425668073,18.72166695030148,18.36760454501968,18.42580795288086,12134000
2012-02-23,18.377304029733253,18.493708988399884,18.362754103722693,18.420955657958984,7668900
2012-02-24,18.425809708130483,18.46946134308756,18.319105300414442,18.37245750427246,7730700
2012-02-27,18.202695881199503,18.527658384389724,18.197846523029746,18.38700294494629,8254100
2012-02-28,18.440362725677435,18.52766601021741,18.338509510445682,18.430662155151367,7107400
2012-02-29,18.450059218641996,18.513110137834886,18.35305538501432,18.464609146118164,8322800
2012-03-01,18.469459733971096,18.513109514930935,18.391855189524698,18.43550682067871,6536500
2012-03-02,18.435503547235655,18.59556011644514,18.411253056499206,18.551908493041992,7349000
2012-03-05,18.532506443297674,18.668312515050374,18.527657085467894,18.60040855407715,7836900
2012-03-06,18.522799388972963,18.68285589419485,18.50340011425558,18.561601638793945,11427300
2012-03-07,18.37730542062981,18.425808261326058,18.226951239956918,18.34820556640625,10982200
2012-03-08,18.454905060486187,18.48400676008638,18.357901245346095,18.38700294494629,7471100
2012-03-09,18.386997645718072,18.420948693703153,18.3336454702577,18.40639877319336,5986400
2012-03-12,18.406409021596392,18.547064498817,18.348207456958146,18.488861083984375,5409900
2012-03-13,18.595561887700207,18.70226627733695,18.55675961867084,18.682865142822266,6907600
2012-03-14,18.70225979845731,18.726510283102744,18.474301172364765,18.51310157775879,8008900
2012-03-15,18.493706487059598,18.57615852355957,18.425804374602258,18.57615852355957,8144100
2012-03-16,18.648912681899315,18.70226487271069,18.484006751297734,18.614961624145508,13560700
2012-03-19,18.595559196247365,18.673161872880158,18.556756932834094,18.60040855407715,6736500
2012-03-20,18.522805877444355,18.678011230709938,18.51310531159104,18.60040855407715,6165300
2012-03-21,18.581008911132812,18.663460943991556,18.51310495148043,18.581008911132812,5101600
2012-03-22,18.542205600516766,18.600407141021403,18.459753572317997,18.53250503540039,5664500
2012-03-23,18.556757851111744,18.59556011644514,18.48885573697215,18.551908493041992,5424500
2012-03-26,18.614961287305785,18.736215591430664,18.605260720952533,18.736215591430664,5980100
2012-03-27,18.74591436503028,18.755613080262155,18.5858578107993,18.60525894165039,8586100
2012-03-28,18.610155106276068,18.683460792632424,18.522186791217678,18.556396484375,9181600
2012-03-29,18.531955752183357,18.575939901075394,18.41955223041218,18.478199005126953,8310100
2012-03-30,18.50752170857262,18.69811907783136,18.492860946102937,18.57594108581543,8396300
2012-04-02,18.595491416448994,18.81052589178263,18.585716952634886,18.75676727294922,8850300
2012-04-03,18.78608566873357,18.800748294154854,18.67857031327636,18.712779998779297,9606900
2012-04-04,18.63947384940555,18.751877376450516,18.629699386494487,18.678571701049805,6919700
2012-04-05,18.619914846589072,18.649238219452617,18.48307616846687,18.590593338012695,7630700
2012-04-09,18.443983553986435,18.50262844608355,18.356015283697012,18.370676040649414,5726500
2012-04-10,18.32669110257424,18.360900776822717,18.082335221206584,18.09210968017578,11253100
2012-04-11,18.19473725433705,18.238721384052905,17.96015585061492,18.018800735473633,16925900
2012-04-12,18.038359026799174,18.160537021254406,18.009035636986148,18.1507625579834,10981000
2012-04-13,18.1312056954961,18.33157744412936,18.1312056954961,18.25338363647461,8400600
2012-04-16,18.29736439841244,18.434204934810236,18.228945062357088,18.365785598754883,7513700
2012-04-17,18.47819934341493,18.834958840164727,18.443989656349068,18.805635452270508,11345400
2012-04-18,18.7274409402722,18.77631138737904,18.65413340532388,18.688344955444336,8007500
2012-04-19,18.737212084156987,18.75187284283498,18.59548520264395,18.668792724609375,8440300
2012-04-20,18.688343925275994,18.942472473368767,18.688343925275994,18.834957122802734,7208600
2012-04-23,18.668798811553053,18.712782966215755,18.512411120371972,18.56616973876953,6264900
2012-04-24,18.64435924759725,18.830068422497778,18.615035863213425,18.74698829650879,7131100
2012-04-25,18.849619112773134,19.001120483195916,18.820295725639927,18.932701110839844,10149700
2012-04-26,18.898477686497454,19.103737538889384,18.883816934286212,19.05975341796875,6396200
2012-04-27,19.137953559237328,19.323664560830462,19.13306726163982,19.255245208740234,9271500
2012-04-30,19.42630038412003,19.51426868594589,19.338332082294166,19.48494529724121,13825600
2012-05-01,19.436074839618396,19.543592067206422,19.387202525129215,19.43118667602539,9522200
2012-05-02,19.416529585165204,19.50938420381965,19.35788466097758,19.40186882019043,12610800
2012-05-03,19.318781091358634,19.411637546853225,19.230812798936377,19.34810447692871,9932500
2012-05-04,19.201489000130003,19.44095676220734,19.177053780530567,19.18194007873535,13304400
2012-05-07,19.18193659391827,19.294340075085337,19.133066163597775,19.18682289123535,12434500
2012-05-08,19.1330687431596,19.24058407721762,19.08908460422615,19.142841339111328,12279300
2012-05-09,18.991340966659855,19.128179674955167,18.981566506883393,18.996227264404297,10485200
2012-05-10,19.0744200968415,19.162388366015616,18.996226286940896,19.089082717895508,8234200
2012-05-11,19.04021733425799,19.186830548014992,19.025556572168735,19.079315185546875,8036600
2012-05-14,18.991346884435043,19.186830548014992,18.962023495968378,19.079315185546875,10892500
2012-05-15,19.103742712215542,19.15750130393056,18.942466937070492,18.971790313720703,7439900
2012-05-16,18.99622776505123,19.020662982992587,18.869163513183594,18.869163513183594,8115700
2012-05-17,18.839844427645154,18.92292642472956,18.73232907133741,18.742101669311523,7248900
2012-05-18,18.776304819268905,18.95712951174394,18.742095145403336,18.810516357421875,13789000
2012-05-21,18.87893345212977,18.937578334002396,18.751867366404028,18.859384536743164,7679400
2012-05-22,18.85938840149999,19.006001568369832,18.825178724706614,18.96690559387207,9781600
2012-05-23,18.898481515812133,19.0108868531642,18.712772402550627,18.766530990600586,11000000
2012-05-24,18.75187081483254,18.927807357091957,18.7469845172309,18.90825843811035,8102700
2012-05-25,18.888709115617722,18.918030626282235,18.78607823543002,18.849611282348633,6783400
2012-05-29,18.927807904126897,18.97668020299338,18.8007436556492,18.88871192932129,6341100
2012-05-30,18.722550994906193,18.8056311116649,18.6834531534049,18.771421432495117,6122500
2012-05-31,18.751867632514458,18.810514379506532,18.673673834145564,18.7029972076416,9231400
2012-06-01,18.566158861154516,18.615029286908083,18.35601267469716,18.360898971557617,8601300
2012-06-04,18.31203324551598,18.43421120554363,18.277823565851257,18.400001525878906,6483200
2012-06-05,18.341354895283445,18.424436878132077,18.219176934373138,18.375564575195312,7592000
2012-06-06,18.419548600975414,18.561275482177734,18.409774140448935,18.561275482177734,7809000
2012-06-07,18.7176652544916,18.79097278464809,18.571052058466556,18.644359588623047,9315200
2012-06-08,18.68345679216082,18.732329103555717,18.65413340532388,18.688344955444336,8430300
2012-06-11,18.77630978573422,18.84961731442931,18.629696592631944,18.63947105407715,6874900
2012-06-12,18.712775834989955,18.81540486866272,18.66879169708911,18.761646270751953,8035500
2012-06-13,18.742100982360594,18.84961819901558,18.659020852609363,18.78608512878418,6975200
2012-06-14,18.84961841611705,19.00111978094055,18.810522432339116,18.92292594909668,9675400
2012-06-15,19.03532279919057,19.12817735939509,18.883821487426758,18.883821487426758,12630400
2012-06-18,18.918027792487585,19.162383620954603,18.913141496204535,19.04998016357422,9345200
2012-06-19,19.074414170179995,19.133060907598775,18.9668988801527,19.05975341796875,7649100
2012-06-20,19.030430753319575,19.13306161545598,18.932689915912672,19.069528579711914,10588600
2012-06-21,19.103742004102433,19.216145480664036,18.93757993781847,18.96201515197754,27166700
2012-06-22,18.996232287067894,19.045104598872197,18.937587377190802,18.98645782470703,13035100
2012-06-25,18.88871243325173,18.91314765119309,18.746985559189177,18.869163513183594,6875500
2012-06-26,18.869164421905268,18.908260399636738,18.443985643529015,18.453758239746094,11668700
2012-06-27,18.571951724265713,18.571951724265713,18.379879329333562,18.424203872680664,9174900
2012-06-28,18.36511685834992,18.591663834313028,18.271541718791674,18.567039489746094,7302100
2012-06-29,18.764029121683162,19.020126342773438,18.67538001135513,19.020126342773438,10282700
2012-07-02,18.872374988277382,19.158022486626137,18.84282466401909,19.14817237854004,8676100
2012-07-03,19.133399339050513,19.355022109664862,19.094000779117028,19.310697555541992,8443900
2012-07-05,19.295927299440383,19.448601212537824,19.24175262451172,19.24175262451172,7290100
2012-07-06,19.23189455753044,19.305769425277784,19.148171460884978,19.197420120239258,6091000
2012-07-09,19.167875045781855,19.231899823445882,19.103852146834274,19.222049713134766,7043700
2012-07-10,19.355018385578816,19.571716999025266,19.310693839984403,19.40919303894043,13837600
2012-07-11,19.404271952924322,19.49784517324315,19.31562284789964,19.389495849609375,8365200
2012-07-12,19.222045566400826,19.30084455317415,19.187571127107248,19.261445999145508,8213400
2012-07-13,19.24174791146948,19.576644111984372,19.222047692917723,19.556943893432617,7095300
2012-07-16,19.6603603629457,19.670210468784724,19.414113353116928,19.4929141998291,7759500
2012-07-17,19.576636814263825,19.694836202796107,19.419038882031145,19.601261138916016,6843300
2012-07-18,19.576640625178946,19.704688265526247,19.547090302614535,19.68498992919922,9725000
2012-07-19,19.744096505759277,19.84259574122129,19.640673153946654,19.79827117919922,14520300
2012-07-20,19.719473289364004,19.827820763696344,19.492926350003852,19.77857208251953,48384700
2012-07-23,19.507699180367958,19.51262329664599,19.222051589609766,19.305776596069336,15557800
2012-07-24,19.35994871550825,19.379647056739174,19.14817604786565,19.217124938964844,10375800
2012-07-25,19.30084548666507,19.30084548666507,18.296158826392215,19.12847328186035,8508700
2012-07-26,19.423961430099872,19.601259559252078,19.345162470333936,19.394412994384766,11258400
2012-07-27,19.611123924527245,19.625898153128055,19.394427097276054,19.414125442504883,13683400
2012-07-30,19.492918345554074,19.547091121116694,19.428893583341534,19.45351791381836,12186900
2012-07-31,19.40427189644711,19.586494221260253,19.310696797684386,19.556943893432617,10699300
2012-08-01,19.601279499273147,19.67022842436939,19.330407916944772,19.399356842041016,7220600
2012-08-02,19.217129101382827,19.350102796754594,19.084155406011057,19.1777286529541,10499700
2012-08-03,19.675147391319364,20.13809135064199,19.67022139630549,19.950942993164062,19362100
2012-08-06,20.211964634829524,20.438511540775075,19.970641623736928,19.99526596069336,15182600
2012-08-07,20.083923637819414,20.182422906348595,19.99527448401488,20.12824821472168,14036000
2012-08-08,20.118390635632014,20.32031321577634,20.113466519455287,20.241514205932617,8174900
2012-08-09,20.226743698120117,20.31046871825309,20.01989696376265,20.226743698120117,7382200
2012-08-10,20.093759965051355,20.177484943403652,20.00018675744914,20.15285873413086,8036600
2012-08-13,20.172564335693405,20.241513231146666,20.128239777371096,20.192264556884766,7321400
2012-08-14,20.207041632357775,20.261216308913706,20.083918050627656,20.14301872253418,7012500
2012-08-15,20.13808692119143,20.162711254694685,19.970638823166595,20.044513702392578,8592600
2012-08-16,19.95586459880789,20.078988145040377,19.90661405308516,20.044513702392578,7857700
2012-08-17,20.064213834809323,20.064213834809323,19.857365301091594,19.946014404296875,10181200
2012-08-20,19.852440258953603,20.088837230224502,19.822889933026193,20.07898712158203,6388900
2012-08-21,20.049446194382835,20.389268526342647,20.034671963851366,20.246444702148438,10521400
2012-08-22,20.280912419233015,20.487759092800122,20.06913975131447,20.197187423706055,9655300
2012-08-23,20.157791703422536,20.3843386288911,20.09869291389088,20.330163955688477,14286500
2012-08-24,20.241516216172364,20.635513183236473,20.241516216172364,20.620737075805664,12104900
2012-08-27,20.605959182653923,20.635509513543713,20.51731006870099,20.55178451538086,8057900
2012-08-28,20.57148202844718,20.684755463874836,20.54193170144667,20.615806579589844,9452100
2012-08-29,20.620742768715253,20.660143227785927,20.507469266963003,20.52224349975586,7606300
2012-08-30,20.408963845961306,20.487762861632326,20.30554049015248,20.364639282226562,8132700
2012-08-31,20.556709082785446,20.650282306032352,20.399109207697343,20.44343376159668,9800000
2012-09-04,20.340004068962664,20.660125955777254,20.320303855896842,20.6059513092041,12288700
2012-09-05,20.610892653947584,20.684767575346452,20.384345650443084,20.52224349975586,8790500
2012-09-06,20.57641527581267,20.901461502215483,20.537016701042315,20.837438583374023,13803700
2012-09-07,20.11346259815822,20.14793704082396,19.5520195276404,19.694843292236328,46355400
2012-09-10,19.88199305367478,20.07406551741229,19.78841981918425,19.803194046020508,21248200
2012-09-11,19.78348907089568,19.842589721473217,19.512617664588273,19.58649253845215,16840600
2012-09-12,19.601261606627162,19.6603603629457,19.453513776473017,19.4929141998291,11657400
2012-09-13,19.468301917033532,19.8228984659366,19.468301917033532,19.7637996673584,13060000
2012-09-14,19.6652889251709,19.78348645325456,19.566789732623956,19.6652889251709,23143700
2012-09-17,19.58591683523813,19.700018961849462,19.51150339221018,19.695058822631836,17594400
2012-09-18,19.595853396741155,20.05722427368164,19.56608686219397,20.05722427368164,22574300
2012-09-19,20.091943124022215,20.300303107297342,20.077060808777205,20.260616302490234,22678000
2012-09-20,20.16635855542726,20.712064897539612,20.13659203237229,20.637649536132812,35456700
2012-09-21,20.71702370336298,20.930345707022795,20.662454586637487,20.726945877075195,57608700
2012-09-24,20.62772427915133,20.707099762359178,20.56323110765095,20.652528762817383,16956800
2012-09-25,20.588028957204187,20.811273023183983,20.49377119266169,20.51857566833496,20446100
2012-09-26,20.597956569840512,20.741825216213066,20.429283441239065,20.47393226623535,15227300
2012-09-27,20.419362732837193,20.508660389227654,20.33998724854132,20.439207077026367,14123700
2012-09-28,20.444167064901805,20.558269204450315,20.290378129730723,20.513620376586914,13988800
2012-10-01,20.379670292914714,21.103971623082064,20.379670292914714,21.09404945373535,24527600
2012-10-02,21.148374961022686,21.193022786490815,20.38191329062108,20.843278884887695,31590300
2012-10-03,20.96978938865087,21.051644946021877,20.634927035159716,20.709341049194336,37901300
2012-10-04,20.739100514991865,20.992105809954452,20.739100514991865,20.88048553466797,16878000
2012-10-05,21.02187494363171,21.11117202807402,20.642364818577636,20.694454193115234,17568000
2012-10-08,20.724220472490472,20.76142676326627,20.448889095030907,20.500978469848633,17364000
2012-10-09,20.500975550674667,20.553066337404097,20.300059622033544,20.359590530395508,16782600
2012-10-10,20.48609556985454,20.48609556985454,20.166116378892486,20.27773666381836,24674800
2012-10-11,20.314945840602704,20.396801390206225,20.203325539807352,20.27029800415039,13761100
2012-10-12,20.359591306170984,20.389356051821707,20.21076331993077,20.25541114807129,12058100
2012-10-15,20.44888696245202,20.463770044941814,20.233087943665463,20.25541114807129,12916300
2012-10-16,20.434003513204324,20.46376967764966,20.0544948518282,20.218204498291016,16349300
2012-10-17,20.121469054798037,20.463771459756057,20.121469054798037,20.426565170288086,11405200
2012-10-18,20.463772479602603,20.508420313055062,20.35215218630694,20.40424156188965,8754000
2012-10-19,20.389357007442136,20.419123173816825,20.03217152691948,20.099143981933594,16446900
2012-10-22,20.10658649882626,20.188440621669237,19.980083124255476,20.091703414916992,14178300
2012-10-23,19.920551021779723,20.047054388817877,19.749399825001316,19.853578567504883,11255400
2012-10-24,19.913111741728123,19.913111741728123,19.682429605988673,19.741960525512695,10768000
2012-10-25,19.853579030749064,19.935434569956897,19.630337038181043,19.697309494018555,11890100
2012-10-26,19.66754683326339,19.823814967244438,19.481512529383604,19.794050216674805,17172200
2012-10-31,19.90565236856787,19.935418511330926,19.570790359122523,19.756824493408203,11829900
2012-11-01,19.85357734710712,19.98008070636912,19.71963244679102,19.942873001098633,10718900
2012-11-02,19.942867839223933,19.942867839223933,19.52615158335624,19.555917739868164,27262900
2012-11-05,19.496390370573316,19.68986474556171,19.384768682803994,19.652658462524414,12723700
2012-11-06,19.362448592916444,19.816371280112854,19.34756550957782,19.71219253540039,14611800
2012-11-07,19.533599853515625,19.66010322362584,19.399654941713173,19.533599853515625,13178500
2012-11-08,19.19873882898812,19.786607887142363,19.16897407960245,19.42942237854004,33180400
2012-11-09,19.347566561848012,19.518717771563857,19.16897381005813,19.362449645996094,19361700
2012-11-12,19.407091859506885,19.474064299451378,19.273146979617895,19.317794799804688,9070100
2012-11-13,19.22850296860419,19.384771079879034,19.154088973999023,19.154088973999023,13056200
2012-11-14,19.16896801560623,19.206174295400583,18.677837741812095,18.715044021606445,18479200
2012-11-15,18.62575084639649,18.73737111987455,18.231357699489976,18.68528175354004,19003700
2012-11-16,18.6852807982482,19.04990776327686,18.62574989414819,19.0201416015625,18817800
2012-11-19,19.2136239782618,19.2805964457385,18.990383366225615,19.221065521240234,10612900
2012-11-20,19.35500630385657,19.37733092800244,18.9754962093501,19.00526237487793,11552900
2012-11-21,19.131766051258946,19.273152511649755,18.804346716804147,18.908525466918945,14172400
2012-11-23,18.91596843409525,19.087119656272318,18.819231218747518,19.064796447753906,6080800
2012-11-26,18.97549722469935,19.042469681391665,18.89364168444675,18.982938766479492,10869300
2012-11-27,19.01269779237147,19.05734702961507,18.789457283467627,18.804340362548828,9704600
2012-11-28,18.7224938897525,19.124328703056815,18.7224938897525,19.094562530517578,14792600
2012-11-29,19.176415422010173,19.198738628984614,18.997822669569505,19.183856964111328,13019600
2012-11-30,19.13176401923083,19.340122916659173,19.13176401923083,19.265708923339844,12208500
2012-12-03,19.36245141662659,19.36245141662659,19.035030632072438,19.10200309753418,8887200
2012-12-04,19.13175766379855,19.258260984619252,19.04990357573461,19.161523818969727,9934900
2012-12-05,19.131761539016736,19.273147966061437,18.945727289500063,18.96805191040039,13243700
2012-12-06,19.012706357543163,19.08712036714393,18.9010860528066,18.99038314819336,7797000
2012-12-07,19.09456128686215,19.15409220873406,18.826671428773977,19.035030364990234,10690300
2012-12-10,19.06479382681434,19.421979307295953,19.057352285221526,19.30291748046875,11433500
2012-12-11,19.362449389501176,19.51871751299885,19.33268322159933,19.444303512573242,11868700
2012-12-12,19.399659713313657,19.496398359777988,19.206183839714292,19.377336502075195,10581600
2012-12-13,19.34756590528867,19.474069277596406,19.161531617737815,19.421979904174805,10704200
2012-12-14,19.421984343881416,19.43686743092659,19.33268724093967,19.377336502075195,8553300
2012-12-17,19.35500279155103,19.466623053367147,19.280588810564076,19.384767532348633,12684300
2012-12-18,19.36988908171845,19.466626279503366,19.154088643025286,19.265708923339844,19277200
2012-12-19,19.25826823091185,19.40709622411032,19.191297195234363,19.30291748046875,13070700
2012-12-20,19.31035872932548,19.40709592990774,19.24338627533433,19.399654388427734,10786400
2012-12-21,19.161528567395344,19.2061763918879,18.953169687548808,19.168970108032227,24628600
2012-12-24,19.116886183043267,19.198740314684937,19.04991371758153,19.10200309753418,2637100
2012-12-26,19.057357360214915,19.15409458802489,18.863881485265658,18.893646240234375,5194700
2012-12-27,18.863722776762742,19.020796551561155,18.74404819912276,18.96843910217285,9139400
2012-12-28,18.833808938411245,18.975923065228855,18.81136941523989,18.893646240234375,8685500
2012-12-31,18.729088891224357,19.06567308687762,18.699169535184023,19.035755157470703,10730100
2013-01-02,19.327460377522137,19.96323238203931,19.2825827732719,19.948272705078125,17862400
2013-01-03,19.97070986665831,20.023067303217992,19.81363613034611,19.925830841064453,9075500
2013-01-04,19.97071530783197,20.067950369844795,19.858519139911778,20.000633239746094,7696000
2013-01-07,19.910879871086628,20.000635101818812,19.858520988753575,19.940797805786133,7576200
2013-01-08,19.83607875929838,20.135265177092467,19.791199726654238,19.955753326416016,14360800
2013-01-09,20.038026198128627,20.254935773519808,19.955749414376925,20.23249626159668,11671400
2013-01-10,20.292344772103206,20.4494185892924,20.262426832935763,20.426979064941406,16348500
2013-01-11,20.45688938580309,20.5990034572564,20.382092431004864,20.509246826171875,10162600
2013-01-14,20.53916896749402,20.584048005563716,20.322259323358008,20.554128646850586,8688200
2013-01-15,20.628923091443546,20.74859765837747,20.449411241042664,20.726158142089844,9863200
2013-01-16,20.756076091556025,20.8832304886417,20.628921694470353,20.808433532714844,9219400
2013-01-17,20.823395285846775,21.002907141993145,20.771037839466594,20.987947463989258,23916700
2013-01-18,20.920637597777993,21.017874111904913,20.808442827091014,21.002914428710938,15906900
2013-01-22,20.741118490620643,20.972989219860676,20.41949254659314,20.613964080810547,18213200
2013-01-23,20.5690863409134,20.860792927043665,20.4568916098351,20.78599739074707,15212300
2013-01-24,20.890711112793408,20.965508071534078,20.67380007510879,20.815914154052734,14444500
2013-01-25,20.81591071458626,20.86078831176209,20.71119584563162,20.778512954711914,12066800
2013-01-28,20.85331226271426,20.89071145601571,20.65884216408014,20.800954818725586,6456100
2013-01-29,20.599004543001445,20.890711112793408,20.599004543001445,20.815914154052734,6258900
2013-01-30,20.81591635140194,20.928111088039675,20.696241775437226,20.741119384765625,5800400
2013-01-31,20.6812810719917,20.90567196078171,20.6812810719917,20.78599739074707,7541300
2013-02-01,20.94306996759197,21.182419110388814,20.890712520934336,21.107622146606445,9623100
2013-02-04,20.950549927513062,21.055264821432505,20.815915677254672,20.853313446044922,8954300
2013-02-05,20.905670166015625,21.025344725776126,20.830873209506994,20.905670166015625,10961400
2013-02-06,20.868270595508744,21.040302593711463,20.793473640358307,20.94306755065918,10908300
2013-02-07,20.673804050860266,21.002909876629126,20.62892643763884,20.972991943359375,14464700
2013-02-08,20.7934772727372,21.017868177386987,20.756079501945653,20.763559341430664,11159200
2013-02-11,20.74111522973839,20.793472667905103,20.666318278086003,20.756074905395508,9811900
2013-02-12,20.718679770327668,20.81591482116341,20.397053836078605,20.703720092773438,14931000
2013-02-13,20.74859506756695,20.80095250573366,20.5391638882669,20.756074905395508,13902600
2013-02-14,19.963232664847705,20.210061631670676,19.783720818670396,19.873476028442383,37728900
2013-02-15,20.075424807229183,20.247456792684197,19.895912984150065,19.985668182373047,21794500
2013-02-19,20.008106002035824,20.33721169647983,20.008106002035824,20.165178298950195,18297500
2013-02-20,20.247464398113863,20.30730169494988,20.157709166176677,20.217546463012695,17057200
2013-02-21,20.18762692137594,20.232504536944607,19.925838215063646,20.06047248840332,16936600
2013-02-22,20.112820757155337,20.292332564065834,19.993146219215006,20.0230655670166,16664800
2013-02-25,20.03803149310892,20.254941125817716,19.806160755198192,19.813640594482422,15527100
2013-02-26,19.84355732447851,20.180141487906784,19.8285976478906,20.157703399658203,13702900
2013-02-27,20.090392668839687,20.696245496931635,20.090392668839687,20.621448516845703,13810200
2013-02-28,20.599003984690405,20.838353104866627,20.591524146355734,20.673799514770508,15016700
2013-03-01,20.15022454824727,20.838354012027033,20.15022454824727,20.800954818725586,17228100
2013-03-04,20.71868696862102,21.27218239072806,20.65136982287237,21.152507781982422,21335500
2013-03-05,21.21234062609413,21.444209953455037,21.189901106684918,21.324535369873047,17493500
2013-03-06,21.317054405045674,21.444208821720057,21.279656634637586,21.332014083862305,9613000
2013-03-07,21.444201117805054,21.45168095452621,21.27216915311744,21.35444450378418,14008800
2013-03-08,21.40681335804967,21.504048427568566,21.23477988638755,21.376893997192383,8026400
2013-03-11,21.34696909538758,21.376887019846105,21.257212468745628,21.264692306518555,8411800
2013-03-12,21.3095688782074,21.35444647604617,21.0627399501445,21.10013771057129,12486200
2013-03-13,21.16745658384376,21.324530329312985,21.100139468161696,21.29461097717285,8432100
2013-03-14,21.31705518615301,21.35445295793144,21.19738060450178,21.339494705200195,8321100
2013-03-15,21.279652322762143,21.451684314394253,21.212335208361193,21.249732971191406,20243300
2013-03-18,21.137546147158606,21.294618521643773,20.995432027409834,21.174943923950195,7873300
2013-03-19,21.159978487122608,21.34697016087958,21.070221856000632,21.197376251220703,7797700
2013-03-20,21.38436291377267,21.48159793362164,21.257208548349915,21.45915985107422,10066500
2013-03-21,21.37689243385121,21.496567015260997,21.249738012774117,21.3619327545166,11615300
2013-03-22,21.930392282665263,22.52876674058081,21.892994503197844,22.237058639526367,34327300
2013-03-25,22.401609675881602,22.663396954836095,22.21461794712344,22.34925079345703,18993700
2013-03-26,22.424039803485886,22.663388902999127,22.319324929107136,22.65591049194336,11424400
2013-03-27,22.56538363807943,22.91997122984084,22.535206674879834,22.8973388671875,13734400
2013-03-28,22.96523046733893,23.131207301938176,22.799252193754793,23.101030349731445,14551800
2013-04-01,22.950144112115044,23.24437626772387,22.91996571718846,23.146299362182617,8209400
2013-04-02,23.13876045740906,23.350004956922714,23.116126655644422,23.23683738708496,9528100
2013-04-03,23.20665546535956,23.25946621920802,22.708723444809657,22.852067947387695,12408800
2013-04-04,22.935058612299006,22.94260321224701,22.799258691205527,22.844526290893555,8063200
2013-04-05,22.542741059447998,22.791707024598054,22.512564107997765,22.655908584594727,10431900
2013-04-08,22.746448516845703,22.78417151755804,22.572927030524976,22.746448516845703,15375800
2013-04-09,22.72381632059956,22.81434864499663,22.580471794821285,22.731359481811523,8422000
2013-04-10,22.76154039713184,22.904884938745784,22.74645119507026,22.806806564331055,13486400
2013-04-11,23.033138799049226,23.123671127633433,22.882249666094992,22.8973388671875,12583400
2013-04-12,23.040676521477085,23.070853475668237,22.836976684493106,23.048219680786133,7786100
2013-04-15,23.14629947800687,23.199110230407584,22.7464443771392,22.776622772216797,10772100
2013-04-16,22.784166717060007,23.184020367466434,22.784166717060007,23.10857582092285,8798700
2013-04-17,22.92751054419733,23.025588889700167,22.444667732445165,22.497478485107422,15300700
2013-04-18,22.474846259793114,22.753989222358904,22.429578666686425,22.708723068237305,13003900
2013-04-19,22.73890012308677,23.99127475809115,22.67100017211791,23.908287048339844,24336900
2013-04-22,23.68949832754533,23.878108985310792,23.583876819671907,23.78757667541504,12892700
2013-04-23,23.810209237803388,24.157253599343427,23.764943082466907,24.036542892456055,13459600
2013-04-24,24.164792277829854,24.217603022425703,23.70458333279114,23.734760284423828,10562800
2013-04-25,23.88565047378713,24.013905761924985,23.749850587642936,23.900739669799805,10815500
2013-04-26,23.976187575755336,23.99127533490053,23.719676963480293,23.810209274291992,9889900
2013-04-29,23.78003563190846,23.88565715557393,23.65178030789239,23.855480194091797,7146200
2013-04-30,23.7724885997118,23.908288509951525,23.614054891437057,23.727222442626953,10107900
2013-05-01,23.61404959992336,23.90828315250501,23.61404959992336,23.734760284423828,11243800
2013-05-02,23.734762984117875,23.94600742551398,23.621596884399796,23.704586029052734,7464300
2013-05-03,23.90074736990596,24.013913498489885,23.77249204044807,23.93846893310547,8364300
2013-05-06,23.870567496520387,23.991278218099392,23.470713770909427,23.500890731811523,9768400
2013-05-07,23.432989147776926,23.712133571457024,23.417901387863708,23.697044372558594,7524200
2013-05-08,23.50843577572926,23.764946423675056,23.11612520369624,23.327369689941406,22959000
2013-05-09,23.357549460299943,23.425449430508937,23.0331402502837,23.07086181640625,10968900
2013-05-10,23.184020367466434,23.221743360230747,22.957688166820724,23.10857582092285,14250200
2013-05-13,23.02558935942422,23.319821523964922,22.97277860568462,23.25946617126465,11166700
2013-05-14,23.267012700683406,23.59142328798307,23.25946810109676,23.523523330688477,13649400
2013-05-15,23.538609962219773,23.78757596548045,23.470710012331857,23.764942169189453,6828800
2013-05-16,23.689494137482367,23.900738554850623,23.538606501349214,23.734760284423828,11020400
2013-05-17,23.697042219301533,23.85547591536837,23.500886968401442,23.764942169189453,11930700
2013-05-20,23.757403315788174,23.772492516964597,23.191571222541114,23.23683738708496,10092700
2013-05-21,23.327365629000372,23.395265579223633,23.078399624510116,23.395265579223633,7138100
2013-05-22,23.34245399286768,24.13461813186479,23.312275598741866,23.96864128112793,18373100
2013-05-23,23.71213215927863,23.961098170334676,23.37263239920897,23.561243057250977,14956500
2013-05-24,23.387720027603862,23.636686021951213,23.206653980713522,23.349998474121094,10606700
2013-05-28,23.56123598543914,24.081801648305188,23.470703702583553,23.59895896911621,10189800
2013-05-29,23.44807989688091,23.546156818234365,22.83698169094555,22.844526290893555,14112200
2013-05-30,22.67100511906574,22.761538886440928,22.316417528065877,22.331506729125977,17736000
2013-05-31,22.173068751436496,22.512568515372177,22.037268845862226,22.240968704223633,18751500
2013-06-03,22.23342250130343,22.444666943512274,22.03726725617772,22.437122344970703,8879200
2013-06-04,22.572927477170182,22.67854900328395,22.150439933729736,22.30887222290039,9680000
2013-06-05,22.218341192600445,22.32396272487148,22.12780742280709,22.233428955078125,7614100
2013-06-06,22.263604517734194,22.3164152771324,21.93919392259062,22.097627639770508,10668300
2013-06-07,22.286233265876106,22.603097750448143,22.112710388486967,22.52765464782715,8802400
2013-06-10,22.512567220035038,22.769077818252754,22.225878227210504,22.3164119720459,10261800
2013-06-11,22.588012395146645,22.610644752745515,22.037268190150954,22.482389450073242,11656600
2013-06-12,22.63327977729299,22.671001334661078,22.225880050588835,22.2786922454834,8441000
2013-06-13,22.24096669887875,22.633277182057483,22.022179101057734,22.61064338684082,7881100
2013-06-14,22.497485244384055,22.806806693470275,22.34659753987046,22.489940643310547,8726500
2013-06-17,22.56537713882474,23.116119869208184,22.56537713882474,22.889787673950195,11431800
2013-06-18,22.882242754300233,23.09348718883073,22.81434280887918,23.010498046875,6105900
2013-06-19,22.942601152463848,23.06331186282393,22.2786922454834,22.2786922454834,8724600
2013-06-20,22.037269461327163,22.210792367176687,21.305460597387203,21.380905151367188,15787400
2013-06-21,21.592149311936065,21.886381485448418,21.29037110024783,21.765670776367188,19734200
2013-06-24,21.569513401560485,21.773213242801436,21.448802704303258,21.607234954833984,9793400
2013-06-25,21.788297787326144,21.856197724392405,21.52424407538491,21.592144012451172,8635500
2013-06-26,21.743036978795022,21.909015283020583,21.637415468095234,21.765670776367188,8515100
2013-06-27,22.02333971805702,22.227961600873265,21.89450387837626,22.0915470123291,7100200
2013-06-28,21.894510940316263,22.12944789436359,21.62168312072754,21.62168312072754,12446300
2013-07-01,21.818724409031663,22.318910387592062,21.758094403873912,22.015766143798828,9324400
2013-07-02,21.82629038630345,22.106698232630478,21.742927063474987,21.811134338378906,6864000
2013-07-03,21.65956687927246,21.818717702897686,21.629253331509545,21.65956687927246,4534100
2013-07-05,21.902076407918713,21.970283682822636,21.598933766955803,21.811134338378906,6723600
2013-07-08,21.939976552240903,22.015761150501962,21.742933416665334,21.78840446472168,9245600
2013-07-09,22.008180618286133,22.10670144887079,21.780822520362673,22.008180618286133,9269000
2013-07-10,22.000604916965354,22.14459680887438,21.90208262723966,22.0915470123291,7964200
2013-07-11,22.432588146464482,22.88730305429462,22.31890978088166,22.864566802978516,8894500
2013-07-12,22.856989957603275,23.054033148935936,22.758469084686425,23.008562088012695,8961800
2013-07-15,23.091918820261863,23.114655066936688,22.803933589873488,22.872140884399414,7715500
2013-07-16,22.8115177755017,22.8721463355858,22.546267283071664,22.637210845947266,7700800
2013-07-17,22.834248504610603,23.62999983980429,22.622049304957862,23.114656448364258,19516300
2013-07-18,23.182862180839397,23.425376361487185,23.0237113463527,23.175283432006836,13132100
2013-07-19,23.182861876867804,23.273803970669032,22.879719155032852,23.258647918701172,9527500
2013-07-22,23.258648973091212,23.77399234632208,23.076763331744772,23.26622772216797,8208600
2013-07-23,23.319282799662076,23.73610397476145,23.266232989612945,23.554218292236328,12141400
2013-07-24,23.53148448781755,23.56937824572249,23.190449339667463,23.34202003479004,10060000
2013-07-25,23.167705187231974,23.637577506583934,23.137391636740738,23.59968376159668,6268300
2013-07-26,23.36475039991655,23.948301115063842,23.342014150904774,23.933143615722656,9685100
2013-07-29,23.83462590638902,24.024090336660798,23.690632534642784,23.955883026123047,7954300
2013-07-30,24.107448901249615,24.145342647055514,23.486005925018823,23.531476974487305,11787000
2013-07-31,23.523902844843118,23.872516680303363,23.493587844108074,23.698209762573242,8444200
2013-08-01,23.92556239387683,24.084713229517163,23.728519259297563,24.031661987304688,6605800
2013-08-02,24.001352659395074,24.25144563468279,23.85735929619948,24.205974578857422,6220000
2013-08-05,24.069556336981503,24.145342382263593,23.857355699291368,24.07713508605957,5371100
2013-08-06,23.895248940860164,24.190812921180026,23.872512694105346,24.145341873168945,6827700
2013-08-07,24.18323518815053,24.18323518815053,23.59968450641674,23.690628051757812,10792800
2013-08-08,24.213543616441104,24.941085999807346,23.925557005568297,24.781936645507812,19188100
2013-08-09,24.630375286265394,24.781947404688104,24.228710184294403,24.372703552246094,6993600
2013-08-12,24.2211262106002,24.31964849997854,23.94071973113562,24.160497665405273,8394400
2013-08-13,24.25145227228946,24.49396656373248,24.16808744254372,24.312082290649414,6966700
2013-08-14,24.22112329100316,24.2438595347726,23.940716845338574,23.94829559326172,7555600
2013-08-15,23.690630476609574,23.75125903120971,23.42538000817193,23.62242317199707,13454700
2013-08-16,23.53905623513792,23.629999781549632,23.288963289378998,23.46327018737793,10810400
2013-08-19,23.486005256200627,23.508741503036703,23.190441274824458,23.235912322998047,8302300
2013-08-20,23.266228715952334,23.51632166417338,23.18286391804577,23.304121017456055,6760000
2013-08-21,23.266228746338616,23.501164196065545,23.08434165148699,23.12981414794922,9606400
2013-08-22,23.167705244902074,24.675843052681802,23.03886940262185,23.56937026977539,8775600
2013-08-23,23.645155242738674,23.834619623063507,23.45569086241384,23.73609733581543,7501800
2013-08-26,23.660311219025655,23.72093976271604,23.220753915895724,23.2738037109375,7370300
2013-08-27,23.11465563162998,23.349591071015137,23.03886958636098,23.26622772216797,6663800
2013-08-28,23.190443492002057,23.417800200105543,22.87214323335796,23.152549743652344,8394600
2013-08-29,22.99339853739902,23.395063565475688,22.849405195937788,23.26622772216797,7978800
2013-08-30,23.22076159504599,23.4784333523173,23.1525542801507,23.243497848510742,7485000
2013-09-03,23.599685422714057,23.675471472524368,23.137393265318636,23.334436416625977,8840400
2013-09-04,23.2586456065686,23.63757433256777,23.235909362629233,23.402637481689453,10788200
2013-09-05,23.40263889376277,23.45569013282231,23.26622575839078,23.296539306640625,6467100
2013-09-06,23.417805112148955,23.652740619201698,23.06161247594002,23.4481201171875,7509400
2013-09-09,23.425379872220756,23.60726553496558,23.33443776359772,23.57695198059082,6229200
2013-09-10,23.743680866850838,23.84220172844411,23.258652418086186,23.523902893066406,7407500
2013-09-11,23.713361740112305,23.751254036707223,23.304117998494604,23.713361740112305,7854700
2013-09-12,23.751259568360776,23.781573123597024,23.55421640007937,23.698209762573242,8277200
2013-09-13,23.743674177061198,23.9255597941016,23.652730645791802,23.910402297973633,6425300
2013-09-16,24.046819582729956,24.221126471354562,23.978612287964054,24.145341873168945,9330400
2013-09-17,24.084719298579053,24.319654791298195,24.0013544853082,24.236289978027344,7051400
2013-09-18,24.175656236859044,24.95625005572561,24.130185187317853,24.804677963256836,9640400
2013-09-19,24.834990837390823,25.069927705188057,24.63036896369587,24.963825225830078,10976700
2013-09-20,24.933514170244763,24.933514170244763,24.448482917221764,24.478797912597656,14970600
2013-09-23,24.07714166001852,24.50912035692459,24.02409184748605,24.21355628967285,9370900
2013-09-24,24.21355254943395,24.51669387550817,24.175658799550604,24.289337158203125,6518300
2013-09-25,22.773622782460986,24.516694874128987,22.773622782460986,24.32723045349121,9291800
2013-09-26,24.388128234727947,24.44902092591708,24.22066825254972,24.3348445892334,4838200
2013-09-27,24.14455399806306,24.441414262202347,24.098883746592062,24.205448150634766,6160900
2013-09-30,23.96947901519234,24.205443630868263,23.50516028113866,23.916196823120117,9520100
2013-10-01,23.832465530003283,23.908583565296027,23.337700478346587,23.482324600219727,13363200
2013-10-02,23.383373672326154,23.482327566254746,22.888608558176056,23.33009147644043,13226600
2013-10-03,23.246362686157227,23.36053902638671,23.09412659796396,23.246362686157227,7714700
2013-10-04,23.2006829298368,23.69544786686177,23.2006829298368,23.489931106567383,7617600
2013-10-07,23.208300100987895,23.527994685646473,23.086511826054224,23.413818359375,5559100
2013-10-08,23.436646957173274,23.642163700170016,23.352916999614777,23.36052894592285,7471400
2013-10-09,23.474713030585086,23.58888935945258,23.253970869854584,23.29964256286621,6397700
2013-10-10,23.53559956279836,23.86290599777659,23.413811324457207,23.748729705810547,6873200
2013-10-11,23.7259011516919,23.763959443422888,23.360536324483643,23.482324600219727,11706300
2013-10-14,23.41381848471665,23.527994811599342,23.155018036139467,23.352924346923828,13245400
2013-10-15,23.390983557619688,23.47471354481103,23.1550189458805,23.26158332824707,7339500
2013-10-16,23.482320818963746,23.97708579095059,23.38336695346806,23.931415557861328,9253300
2013-10-17,23.847683977732245,24.624083695168487,23.725895729827325,24.578414916992188,10013800
2013-10-18,24.570803193710844,24.73065263921089,24.418570051194333,24.700204849243164,9721200
2013-10-21,24.631703692190605,24.73826807469574,24.570808100095302,24.73065757751465,6230900
2013-10-22,24.799163015928404,25.560340475172445,24.723043527807057,25.316761016845703,10333300
2013-10-23,25.194966099654525,25.385260414315542,25.15690781745448,25.202579498291016,9415500
2013-10-24,25.18735862128074,25.331981272426173,24.981840388393344,25.309146881103516,6237200
2013-10-25,25.392878123893006,25.499442493608846,25.126464295942103,25.48421859741211,5990000
2013-10-28,25.37766006923377,25.79630714819538,25.362436169532735,25.552730560302734,8765200
2013-10-29,25.666904756719482,25.82675132567063,25.537503079238867,25.803916931152344,6175100
2013-10-30,25.88003182972562,25.956148408936738,25.61362089882535,25.758243560791016,8517900
2013-10-31,25.68973733684943,25.857197294587195,25.33959642854443,25.61362075805664,11928600
2013-11-01,25.6897318150861,25.720179601523295,25.43854193247033,25.567943572998047,8102700
2013-11-04,25.59839192333912,25.78107283866509,25.37003932735126,25.583168029785156,7165300
2013-11-05,25.43093148110411,25.62122579117034,25.30153274401623,25.453765869140625,5198900
2013-11-06,25.240637171037886,25.49182705408246,25.111238433950007,25.453765869140625,9292500
2013-11-07,25.29392747615728,25.29392747615728,24.197832943160126,24.426185607910156,20974500
2013-11-08,24.380521332411156,24.981852425376672,24.175004452330324,24.875288009643555,13468200
2013-11-11,24.905724660466532,25.03512342056977,24.578418156643778,24.639310836791992,11415200
2013-11-12,24.60886762586471,24.74587689145192,24.410959868655997,24.68498420715332,6893000
2013-11-13,25.301538065732224,25.370044147911496,24.87527767620993,25.354820251464844,12789600
2013-11-14,25.43855266064793,26.07033142918594,25.354825568126586,26.0018253326416,12977700
2013-11-15,25.872420129027418,26.108383255795705,25.75824236186382,25.918088912963867,12755400
2013-11-18,25.864798934002252,26.03986932820461,25.75062410491047,25.84957504272461,7313700
2013-11-19,25.62122894940209,25.93331154023351,25.514664587214938,25.666900634765625,5377600
2013-11-20,25.704957632147185,25.88763855712133,25.44615723538302,25.49182891845703,6382200
2013-11-21,25.522279234942555,25.84197527717368,25.408104358451244,25.76585578918457,5877200
2013-11-22,25.590780755311904,26.001817206113873,25.56033586921109,25.79629898071289,7165200
2013-11-25,25.94853276409789,25.9865910461524,25.529885854176683,25.583168029785156,6465400
2013-11-26,25.636452439954695,26.032264995875735,25.575556860430975,25.79629898071289,7694700
2013-11-27,25.72780065939226,25.91048454935942,25.49944797467975,25.86481285095215,5732800
2013-11-29,25.67451197725413,25.864806317053223,25.225417219181825,25.522275924682617,4302900
2013-12-02,25.575554111436578,25.62122579117034,25.286308850771647,25.453765869140625,5877000
2013-12-03,25.880033515321017,26.176892258705024,25.644067458539634,25.803916931152344,10507400
2013-12-04,25.55272927484083,26.116001920795163,25.438551484657896,26.085554122924805,9212100
2013-12-05,25.948541297797686,26.222565664565863,25.765857418731652,26.184507369995117,8722700
2013-12-06,26.53463875268787,26.740156953616754,26.35956833789527,26.70970916748047,10192800
2013-12-09,26.702110330915307,26.79345082554272,26.35196644479662,26.405248641967773,10238800
2013-12-10,26.336738571696987,26.390020760829536,25.880033263800417,25.925704956054688,9193700
2013-12-11,26.017042172021576,26.26061869282152,25.895253911621605,25.94092559814453,7306900
2013-12-12,25.74302455886135,26.05510723882289,25.64407066414322,25.86481285095215,11828700
2013-12-13,26.047493539251924,26.055104036220055,25.659291409661385,25.76585578918457,6474100
2013-12-16,25.765855789184574,25.97898745189251,25.697349701825157,25.76585578918457,6876700
2013-12-17,25.70495243107754,25.9789766667544,25.659280757244613,25.84957504272461,7667800
2013-12-18,25.84958845008699,26.390023804278393,25.499447480075254,26.367189407348633,9706800
2013-12-19,26.329124685788106,26.359572476705107,25.84197164576069,26.20733642578125,10438800
2013-12-20,26.154051552264146,26.595532860487783,26.001815517005323,26.3900146484375,18869600
2013-12-23,26.397631252574882,26.542253906618253,26.275842990311727,26.41285514831543,7278600
2013-12-24,26.34435533249982,26.519425819646067,26.321520935290888,26.428085327148438,2648500
2013-12-26,26.42046066076248,26.625978859001904,26.36717848755159,26.572696685791016,4236000
2013-12-27,26.694974597937914,26.7102597885272,26.55741079798637,26.679689407348633,3429800
2013-12-30,26.389282740693705,26.86311501286192,26.389282740693705,26.847829818725586,3981800
2013-12-31,26.908970761732313,27.077105001135248,26.71026904590859,26.977752685546875,5234300
2014-01-02,26.771397024268307,26.901319683634725,26.55741019160826,26.6032657623291,6213100
2014-01-03,26.580345158378105,26.756120530243546,26.465710567345628,26.557418823242188,5300700
2014-01-06,26.63384527234761,26.702627201858842,26.27465334299185,26.3892879486084,7413700
2014-01-07,26.38163487687294,26.694973988418845,26.36634968663266,26.6032657623291,6846400
2014-01-08,26.519207879769244,26.641486528788317,26.43514076193995,26.610916137695312,9278100
2014-01-09,26.427493617861494,27.05417191613024,26.404564372074486,27.023601531982422,10606400
2014-01-10,27.12296714227994,27.39045084654796,26.9089772635118,27.359880447387695,12548600
2014-01-13,27.191730357764676,27.352220469807726,26.82489165116382,26.901317596435547,11635200
2014-01-14,26.167653608244052,27.229949775328226,26.160009553822583,27.054174423217773,8904100
2014-01-15,27.046536805218626,27.46686952249896,26.90133180553364,27.2834529876709,12169900
2014-01-16,27.26052373430245,27.550936649025676,26.98539893206036,27.2834529876709,14005000
2014-01-17,27.115316240811733,27.268165282679703,26.74083914935584,26.93954086303711,17191700
2014-01-21,26.672051710380313,26.672051710380313,25.95366223677298,26.328142166137695,27921700
2014-01-22,26.427494460108317,26.64912246386255,26.289930642411267,26.328142166137695,10833100
2014-01-23,26.221148733562746,26.496273453604452,26.0835849158657,26.328142166137695,9557100
2014-01-24,26.34343337468415,26.351074515033467,25.693825661576017,25.716754913330078,22597800
2014-01-27,25.70911026531617,25.87724450265808,25.525693747627713,25.68618392944336,8846100
2014-01-28,25.647975169299638,25.96895556761493,25.632689971948437,25.777894973754883,7511100
2014-01-29,25.46455502848089,25.602118885571922,25.143574638837293,25.212356567382812,14317400
2014-01-30,25.212351859106928,25.426338745575052,25.15121108277165,25.16649627685547,8166000
2014-01-31,24.69266110583659,25.25819857697421,24.669731862435015,25.03656768798828,11070200
2014-02-03,25.067145838034875,25.067145838034875,24.471037801177612,24.51689338684082,13054300
2014-02-04,24.654450891056392,24.67738013838184,24.356398371674267,24.463390350341797,9187900
2014-02-05,24.333469875598695,24.669735367967345,24.333469875598695,24.5245304107666,8234100
2014-02-06,24.608597767264015,25.067141890269504,24.562742188822494,24.990718841552734,7092200
2014-02-07,25.16649627685547,25.26584858072396,24.98307686320231,25.16649627685547,7182600
2014-02-10,25.059502411173032,25.326986014748996,25.028932023520742,25.31170082092285,4559900
2014-02-11,25.212352906729688,25.533333249769235,25.143570988170815,25.43398094177246,6556100
2014-02-12,25.579186316407625,25.579186316407625,25.25820308960664,25.380481719970703,7560300
2014-02-13,25.120639094993045,26.014803942166218,25.05185718367203,25.99187469482422,11350400
2014-02-14,25.854328209257734,26.19823504234392,25.808472604347653,26.075956344604492,9097000
2014-02-18,26.175299711482126,26.2211553006498,25.938383540478817,26.129444122314453,9416100
2014-02-19,25.999515436770256,26.251713802582753,25.968945054443857,26.182931900024414,8617300
2014-02-20,26.14473033981471,26.580348250185246,26.129445142828505,26.351076126098633,7998000
2014-02-21,26.71027112185161,26.71027112185161,26.213512420654297,26.213512420654297,8145900
2014-02-24,26.18294349484655,26.496282764070617,26.16001715562514,26.289939880371094,7195600
2014-02-25,26.305221603108315,26.366362393535397,25.946029663085938,25.946029663085938,12648000
2014-02-26,25.953675640778616,26.152380331342652,25.839041010395263,25.923105239868164,6744000
2014-02-27,25.800816471173476,25.938380306170274,25.732034553675078,25.869598388671875,9536700
2014-02-28,25.479837874832025,26.16765709683392,25.40341481254424,26.007164001464844,11922800
2014-03-03,25.754961608262516,25.89252543153625,25.663253364530856,25.831384658813477,7875400
2014-03-04,25.984238996833614,26.274651896038268,25.92309821158922,26.221155166625977,6428300
2014-03-05,25.89252914373028,26.358717398844753,25.854317612976438,26.236438751220703,8783000
2014-03-06,26.33578367390288,26.702619554452987,26.068300088716065,26.656766891479492,12001000
2014-03-07,26.725556591170125,26.81726485920037,26.44278481543418,26.80962371826172,10259700
2014-03-10,26.87076159183079,26.901331986291964,26.633845407786605,26.80962371826172,9061600
2014-03-11,26.771411915492955,26.962472526743355,26.67970363839176,26.72555923461914,7663100
2014-03-12,26.496276016989935,26.694980624154876,26.335785852600868,26.672054290771484,12576000
2014-03-13,26.748482793317418,26.840191060881306,26.26700928673879,26.3892879486084,10693500
2014-03-14,26.19058579505153,26.580348112443666,26.152374260460647,26.17530059814453,12683000
2014-03-17,26.358720045675266,26.38164638335915,26.037736741334786,26.17530059814453,11461900
2014-03-18,26.137090816403727,26.389289293899484,26.037738487521928,26.289939880371094,6520400
2014-03-19,26.427499459626656,26.435140599676526,25.839032553786673,26.098875045776367,11521700
2014-03-20,26.083582530491796,26.28228418490915,25.96130391653832,26.182931900024414,7388100
2014-03-21,26.534479028581657,26.534479028581657,26.007150265118167,26.083576202392578,23115100
2014-03-24,25.548620232116747,26.1218019550951,25.548620232116747,25.86195945739746,11923300
2014-03-25,26.02244834237296,26.335787552027035,25.94602528259503,26.205867767333984,7576700
2014-03-26,26.320502483840688,26.442781129286352,26.114156723022464,26.11415672302246,8864600
2014-03-27,26.083465795958972,26.382746032440526,26.04509413294594,26.252288818359375,8150800
2014-03-28,26.359720609562327,26.520873971868518,26.29833122225014,26.39809226989746,7953900
2014-03-31,26.490172480804585,26.774104560566087,26.428780178506912,26.513193130493164,8305400
2014-04-01,26.651331144051216,26.74341669869408,26.398095136946583,26.720396041870117,6521200
2014-04-02,26.67435078145167,26.965958441914434,26.65133012550749,26.79713249206543,6503600
2014-04-03,26.79713019929445,26.873870591453926,26.589938458830463,26.682024002075195,7241600
2014-04-04,26.87387262452968,27.012002413519962,26.428787098372812,26.50552749633789,10105100
2014-04-07,26.436461285227253,26.543894909680983,26.190897878662522,26.267635345458984,11244700
2014-04-08,26.236944439089957,26.743419432418325,26.221596357189423,26.551572799682617,10366900
2014-04-09,26.482502314100326,26.866195498715406,26.482502314100326,26.820154190063477,8352900
2014-04-10,26.84317143604758,27.119430962268574,26.58225998654401,26.635976791381836,9400500
2014-04-11,26.520868002968562,26.63597417602763,26.244608503873156,26.329021453857422,11017700
2014-04-14,26.61295516506306,26.66667196793307,26.229262043222295,26.43645668029785,8644300
2014-04-15,26.559236335260902,26.559236335260902,26.1141509427672,26.2906494140625,10145100
2014-04-16,26.551566799077406,26.70504465604972,26.329026980181528,26.682024002075195,11786700
2014-04-17,26.61296168097631,26.77411212904239,26.467159312823224,26.589941024780273,7494000
2014-04-21,26.612952191375314,26.74340643309825,26.55923539450753,26.68968963623047,3440300
2014-04-22,26.612956272931005,27.17314790285713,26.60528077086079,26.881540298461914,11675800
2014-04-23,26.812478738364476,27.050369567125852,26.80480616269003,26.942935943603516,6467400
2014-04-24,26.965955789257315,27.219194689119565,26.91223897910713,27.08873748779297,5371500
2014-04-25,26.981300781022323,27.242212226482483,26.904563325970738,27.119430541992188,6490500
2014-04-28,27.21919867107128,27.63358513465892,27.16548185306275,27.57986831665039,13080100
2014-04-29,27.717997679323698,27.717997679323698,27.21152274078836,27.31895637512207,8644200
2014-04-30,27.173143009806427,27.403358265570535,27.119426214372996,27.357316970825195,9946000
2014-05-01,27.457088106717066,27.464763611052028,27.119439099658592,27.341981887817383,5180700
2014-05-02,27.58754020139124,27.58754020139124,27.12710662941849,27.22686767578125,10001300
2014-05-05,27.081058668820575,27.38033880704314,27.065710594123782,27.326622009277344,6117000
2014-05-06,27.073386960543058,27.35732199119157,26.996649503654794,27.027345657348633,6523700
2014-05-07,28.81535157668326,29.521348411531186,28.776982851683563,29.23741340637207,25917300
2014-05-08,28.96883844641385,29.252770612853997,28.853729308138313,28.999534606933594,14504700
2014-05-09,28.861407420912727,29.137667035869338,28.792342517173573,29.12999153137207,8734600
2014-05-12,29.160688159612047,29.168360736884395,28.746298730569997,28.846059799194336,10125300
2014-05-13,29.060916542507506,29.14532949859978,28.899766132156568,29.045568466186523,7351000
2014-05-14,28.922797969227172,29.14534077093331,28.815364320775206,28.85373306274414,5770400
2014-05-15,28.784662531030303,28.853727424016355,28.477709727917585,28.577470779418945,7618500
2014-05-16,28.60815804104455,28.83837625452393,28.454683135186546,28.784656524658203,7529500
2014-05-19,28.68489646911621,28.853719439539695,28.63885224408472,28.68489646911621,4773500
2014-05-20,28.707926483723217,28.7616433001117,28.539100530875434,28.715599060058594,4964900
2014-05-21,28.707921209516503,29.145331163945947,28.700248634590725,28.876747131347656,4766500
2014-05-22,28.86140433729069,28.86140433729069,28.608165408188036,28.615840911865234,5401500
2014-05-23,28.776989955074875,28.784662531030303,28.53909911760141,28.577470779418945,4536600
2014-05-27,28.59281511730578,28.7769891358075,28.585142541568782,28.7232723236084,7453100
2014-05-28,28.70792510892693,28.776990002025663,28.592815977980106,28.700252532958984,7596900
2014-05-29,28.761629104614258,28.769304604508285,28.64652295231333,28.761629104614258,6706900
2014-05-30,28.869070053100586,28.90743878032772,28.638854762391546,28.869070053100586,12917000
2014-06-02,28.807685746940262,29.099290467083925,28.730945351628698,28.98418426513672,5895100
2014-06-03,29.0532514416666,29.106968258935005,28.807688012054754,29.099292755126953,4993600
2014-06-04,29.00719919580546,29.291131284060477,28.938134317327624,29.283458709716797,6114700
2014-06-05,29.475303209216445,29.475303209216445,29.099282691038628,29.337173461914062,7494200
2014-06-06,29.46763063540897,29.46763063540897,29.26810858826287,29.337173461914062,4569900
2014-06-09,29.22975123339636,29.360205530285274,29.13766567516024,29.21440315246582,4101100
2014-06-10,29.091613703468447,29.160678585633537,28.876746482219872,28.96883201599121,4562200
2014-06-11,28.938146051484217,29.014886462769457,28.753974919094386,28.85373306274414,5404600
2014-06-12,28.853727268635453,28.88442342698546,28.500730229650696,28.631187438964844,5980800
2014-06-13,28.74629905746214,28.82303946779479,28.623517328277224,28.73862648010254,6699700
2014-06-16,28.6925815020441,28.753973828744297,28.508410376638032,28.585147857666016,6710700
2014-06-17,28.477707857710698,28.73094383046434,28.393294891010616,28.677227020263672,7997400
2014-06-18,28.569787806582344,28.8767434567887,28.50839843294869,28.823026657104492,8232600
2014-06-19,29.007202386942808,29.014877889477066,28.67722603428585,28.776987075805664,7086000
2014-06-20,28.876753169806676,28.953490644496753,28.669558475327044,28.769319534301758,11212500
2014-06-23,28.68490282558536,28.7693157931757,28.447012001225918,28.569793701171875,5863600
2014-06-24,28.53909351942487,28.723267507042706,28.447007989289066,28.50072479248047,6102400
2014-06-25,28.49306262042458,28.523755856778013,28.36260538837015,28.47771453857422,8466800
2014-06-26,28.80122780353875,29.093939691932228,28.616359302345284,28.986099243164062,10695600
2014-06-27,28.832038072985892,28.947583081532112,28.608652623626732,28.73189926147461,10622800
2014-06-30,28.631761213958974,29.12475071693679,28.523920770268475,28.970691680908203,7748100
2014-07-01,29.12474954265913,29.325024224519247,28.92447192236743,29.17096519470215,5801500
2014-07-02,29.186376027290617,29.2248900562543,28.955288915076476,29.2017822265625,4771400
2014-07-03,29.42516606537045,29.49449248900698,29.070832317197908,29.24799919128418,3084900
2014-07-07,29.247997826721207,29.263404024414093,29.093938788224097,29.23259162902832,3930700
2014-07-08,29.124763343003714,29.57153150889313,29.124763343003714,29.33274269104004,7012400
2014-07-09,29.3866577255477,29.617744869579486,29.25570648292246,29.2788143157959,7640700
2014-07-10,29.10164692550462,29.30962623321886,29.032320489599876,29.263410568237305,4420800
2014-07-11,29.086247725614044,30.4573705726091,29.086247725614044,29.594640731811523,13163000
2014-07-14,29.77179720076697,29.848825251850638,29.533005540916715,29.702470779418945,7135700
2014-07-15,29.61002871682925,29.74097990822906,29.332726015525726,29.348129272460938,7359900
2014-07-16,29.363547731914682,29.50990517980921,29.271113459540402,29.37895393371582,5971700
2014-07-17,29.19408413233256,29.402060501614386,29.14786552891859,29.263410568237305,6388100
2014-07-18,29.348132478019867,29.656250542142047,29.24029203710659,29.640844345092773,6069600
2014-07-21,29.286514747038378,29.640848513709383,29.286514747038378,29.479087829589844,5076300
2014-07-22,29.51759930886555,29.75639096843955,29.51759930886555,29.66395378112793,5438800
2014-07-23,29.687072322900498,29.740992560406,29.47909300462246,29.49449920654297,4353100
2014-07-24,29.533018421212905,29.63315728204088,29.425177927290353,29.509910583496094,4430300
2014-07-25,29.494499793912844,29.50990599614016,29.301926673720306,29.409767150878906,4398400
2014-07-28,29.517604618194316,29.525309187738667,29.263409653444814,29.440576553344727,4912600
2014-07-29,29.50219982834736,29.571526265400145,29.25570648292246,29.2788143157959,4310200
2014-07-30,29.402055306680257,29.409759875104168,28.470002340755777,28.477706909179688,9331900
2014-07-31,28.208100056388123,28.33905126076402,27.71511350953403,27.745925903320312,8907300
2014-08-01,27.90768543405583,28.061744458323233,27.66889379951978,27.984716415405273,6496200
2014-08-04,27.899985392659886,28.12336790520514,27.83065897471642,28.077152252197266,7111900
2014-08-05,27.892289685854795,28.061754969871455,27.568768258294895,27.699716567993164,15630600
2014-08-06,27.18361677829985,28.315944494743068,27.052665555432146,27.468624114990234,15206400
2014-08-07,28.16188942328074,28.16188942328074,26.898607498779754,27.01415252685547,9249800
2014-08-08,27.06807369474877,27.360785621171182,27.037261294402782,27.329973220825195,5140400
2014-08-11,27.376182492838083,27.65348812459488,27.32996390806821,27.545644760131836,6642200
2014-08-12,27.460917009158276,27.56875744270434,27.399292225171138,27.476320266723633,5447100
2014-08-13,27.484027545323983,27.668896038660396,27.484027545323983,27.576461791992188,4901700
2014-08-14,27.568761848654024,27.65349447096232,27.453216829427827,27.499435424804688,4682800
2014-08-15,27.730523293749183,27.730523293749183,27.414703562663206,27.561058044433594,7733900
2014-08-18,27.79215158927469,27.79215158927469,27.622686318617635,27.76133918762207,6205400
2014-08-19,27.745925294932544,28.000120192016603,27.584164638748913,27.861467361450195,5423100
2014-08-20,27.923092727806708,27.953905121557526,27.776738265137716,27.884578704833984,3863100
2014-08-21,27.915397919624894,28.000127615495686,27.83066528532179,27.85377311706543,3025200
2014-08-22,27.776746249454792,27.87688215028123,27.584173140805188,27.61498260498047,4137100
2014-08-25,27.853778597951283,27.89999720896548,27.730531907012985,27.84607696533203,3616200
2014-08-26,27.838365038345675,27.930799297516593,27.67660435018853,27.78444480895996,2845100
2014-08-27,27.807554240628537,27.91539764404297,27.730526176621947,27.91539764404297,3703000
2014-08-28,27.869187704577577,28.069462496301316,27.776753411353788,27.953920364379883,3642000
2014-08-29,27.977017565406115,28.000125395317497,27.784444480325714,27.87687873840332,5086900
2014-09-02,27.953908827700005,28.000124486021924,27.38389122146305,27.530248641967773,7838100
2014-09-03,27.699711718570217,27.72282248680174,27.522544833766254,27.59187126159668,5485400
2014-09-04,27.63038237271322,27.74592738637199,27.268347010883815,27.345375061035156,6551700
2014-09-05,27.499438120226,27.530250520164056,27.129698136265905,27.49173355102539,7349800
2014-09-08,27.34538085194762,27.49173535360126,27.168213948335623,27.206727981567383,5391500
2014-09-09,27.129699545920694,27.499439549092422,27.075779312443505,27.368488311767578,6641900
2014-09-10,27.476333114299887,27.484037685116554,27.237544310773764,27.422412872314453,3785800
2014-09-11,27.114290326268133,27.54565214605817,27.0911795584708,27.53795051574707,4768900
2014-09-12,27.41470728713774,27.48403372232786,27.15280774735644,27.206727981567383,5546900
2014-09-15,27.18361767129153,27.368486189324557,27.121992872992447,27.291458129882812,4355000
2014-09-16,27.22982896756149,27.49172844149473,27.175908746907442,27.37618637084961,7424300
2014-09-17,27.52254988949537,27.52254988949537,27.214434661319476,27.28375816345215,5927400
2014-09-18,27.314563420623223,27.599573678611222,27.20672297205775,27.58416748046875,8640800
2014-09-19,27.730518093023434,27.73821972180611,27.437806245947385,27.476320266723633,8567700
2014-09-22,27.368483539121396,27.4301083314531,26.852389126286628,26.98333740234375,7658700
2014-09-23,26.952535795650896,26.98334526235945,26.64441762110388,26.675230026245117,5535000
2014-09-24,26.621306000101953,27.168212890625,26.582789029937352,27.168212890625,8603100
2014-09-25,27.10658361938068,27.160503842601255,26.72143748870128,26.75995445251465,10510900
2014-09-26,26.667118667702514,26.829580817613255,26.404083445915155,26.65164566040039,8856600
2014-09-29,26.5123869201605,26.605221996601653,26.37313282991183,26.458232879638672,7704400
2014-09-30,26.45824179998488,26.566549917544418,26.249360594187976,26.51239585876465,11576700
2014-10-01,26.38860992348184,26.51239102830813,25.932166546089707,26.1101016998291,10905600
2014-10-02,26.048214169743435,26.43503055801649,25.82386290743794,26.179733276367188,11709800
2014-10-03,26.90694207641004,27.007515145197214,26.24161753872831,26.496917724609375,11029300
2014-10-06,26.65164993985233,26.68259595942558,26.334460617163675,26.62843894958496,5672500
2014-10-07,26.442772947601682,26.566554094441774,26.233891708963654,26.241626739501953,8192100
2014-10-08,26.187458542804663,26.61295877221635,26.032734406117218,26.605220794677734,9728900
2014-10-09,26.52786600265521,26.651647116661294,26.03274154663086,26.03274154663086,9103300
2014-10-10,26.110101623120002,26.295774755401112,25.908958435058594,25.908958435058594,9733300
2014-10-13,25.83933540590418,26.017270586848532,25.514408111572266,25.514408111572266,8376900
2014-10-14,25.707812960734543,25.80064805368904,25.34420466583236,25.375150680541992,7750400
2014-10-15,25.18947527637536,25.47571847520526,24.6247224296165,25.274572372436523,13085700
2014-10-16,24.887760769017905,25.081168930236288,24.678881076348297,24.833606719970703,11855600
2014-10-17,24.78718977331492,25.39836024942995,24.72529774735046,25.23589515686035,9832400
2014-10-20,25.11211613958292,25.51440548820598,25.003808036333343,25.48345947265625,6908100
2014-10-21,25.522144968420974,25.71555315021776,25.413833907628067,25.707815170288086,6239000
2014-10-22,26.025004219360746,26.427293587758694,25.916696110787186,26.218412399291992,10236400
2014-10-23,26.427286152666596,26.551067234950857,26.295770043878104,26.38860511779785,8177700
2014-10-24,26.46596729975923,26.62069439106409,26.257086169173736,26.58974838256836,6261500
2014-10-27,26.504653050694067,26.92241538619639,26.504653050694067,26.868261337280273,7262600
2014-10-28,26.99977647653827,27.309227717823255,26.868257411832378,27.30149269104004,8664200
2014-10-29,27.34016696982415,27.456213001107415,26.75220769088277,27.022977828979492,8609400
2014-10-30,26.891473449781973,27.27828982993587,26.845057372915363,27.200927734375,7240000
2014-10-31,27.812088564233353,27.812088564233353,27.123556121348585,27.27828025817871,10910100
2014-11-03,27.23961334691136,27.43302156939924,27.16998626876871,27.39434051513672,8322200
2014-11-04,27.46395769791343,27.487165731873947,27.038460351983414,27.10034942626953,8409600
2014-11-05,28.04417571994065,28.972535230559597,27.990021685678784,28.740446090698242,17787100
2014-11-06,29.011224348454448,29.45219472245701,28.825551214107623,29.274259567260742,12576600
2014-11-07,29.27426004098322,29.374833113347506,28.964805795788973,29.21236801147461,8803300
2014-11-10,29.1814208008102,29.336144950244478,28.95706665248693,29.320674896240234,8769900
2014-11-11,29.351624177359195,29.506351310766398,29.181426986668416,29.220108032226562,4715000
2014-11-12,29.16595014005628,29.390304306413643,28.988014992964857,29.33614730834961,5610600
2014-11-13,29.506348362573252,29.653340452651626,29.243313147415144,29.57597541809082,6757900
2014-11-14,29.59917832364256,29.738432410546412,29.413508175219956,29.52181625366211,6427300
2014-11-17,29.52182395749536,29.699759125822304,29.39030781397419,29.68428611755371,5473100
2014-11-18,29.514092997175663,30.07110661575094,29.47540899558469,29.939590454101562,8284800
2014-11-19,29.985999667352985,30.35734592959838,29.862218563662623,30.249034881591797,7761800
2014-11-20,30.016952010510554,30.187152170663953,29.900908861367263,30.117525100708008,6215500
2014-11-21,30.4888601565369,30.4888601565369,30.10977889013026,30.17167091369629,8871000
2014-11-24,30.31091999781963,30.34960103055801,29.985992830235254,30.163930892944336,6284500
2014-11-25,30.148472830321694,30.210361923138816,29.92411859761257,29.986007690429688,8107200
2014-11-26,29.970527739454926,30.210351952838,29.970527739454926,30.17167091369629,4996400
2014-11-28,30.496603688804875,30.496603688804875,30.194887367712962,30.326406478881836,5607600
2014-12-01,30.326408209138737,30.380562272364198,30.047899911879153,30.156208038330078,8035400
2014-12-02,29.93185122276614,30.218097476470135,29.93185122276614,30.086578369140625,6878200
2014-12-03,30.032427947565466,30.148474059193433,29.514095338291035,29.9163818359375,9641400
2014-12-04,29.800325269814802,29.908633351318425,29.637863147559372,29.715225219726562,7161000
2014-12-05,29.815802810308842,29.862218880200796,29.58371360732606,29.78485679626465,7054100
2014-12-08,29.707502297495946,29.854491474974864,29.521829116997495,29.583721160888672,7372200
2014-12-09,29.444461498938544,29.931847973015763,29.31294240588828,29.83127784729004,6365200
2014-12-10,29.73070892895912,29.893171109709183,29.44446561746973,29.48314666748047,5921100
2014-12-11,29.81579876583755,29.81579876583755,29.444455501202427,29.49860954284668,5796800
2014-12-12,29.17368282461363,29.398036972952124,28.802339553833008,28.802339553833008,7082300
2014-12-15,28.964807649276732,28.964807649276732,28.29174801676003,28.369110107421875,8118300
2014-12-16,28.28401336985188,28.577991679273737,27.84304295454447,27.86625099182129,11494400
2014-12-17,27.904936457415413,27.98229856137429,27.610955150256512,27.85078239440918,11232800
2014-12-18,28.17570209262379,28.423267276758246,27.982293913675495,28.29948616027832,15582900
2014-12-19,28.25306243010737,29.073114034713086,28.222116418346978,28.856494903564453,14635000
2014-12-22,28.92612658367958,29.150480778086155,28.771399451289714,29.011226654052734,12316000
2014-12-23,29.073118209838867,29.235580368150586,28.918391079991,29.073118209838867,6467100
2014-12-24,29.189157504576222,29.25104952884449,29.003487334119722,29.11179542541504,1883400
2014-12-26,29.119532918386096,29.281995069084594,29.065378868153264,29.21236801147461,3424900
2014-12-29,29.119163933719914,29.181299843252887,28.847310811047667,29.002655029296875,4834600
2014-12-30,28.90943923964392,29.025945139033286,28.730794490225467,28.75409507751465,3654000
2014-12-31,28.761868524852144,28.847307984665306,28.20263354206967,28.218168258666992,5024200
2015-01-02,28.29583954714253,28.691964459427126,28.17156477437243,28.575458526611328,7707700
2015-01-05,28.51332713473984,28.55993129785201,28.055063234444606,28.148271560668945,9621100
2015-01-06,28.24924090949997,28.466724026500863,27.798745881391817,27.954090118408203,7669500
2015-01-07,28.109435017889925,28.893922182676594,27.938559001783585,28.831783294677734,10418800
2015-01-08,28.8084792639769,29.42208737667205,28.8084792639769,29.19683837890625,8122100
2015-01-09,28.979359107041464,29.313348193108528,28.78517954365108,28.909454345703125,5642500
2015-01-12,28.715262069712672,28.924976260884634,28.50554787854071,28.637588500976562,8106500
2015-01-13,28.777405410742592,29.041489686915774,28.225936263215917,28.45118522644043,7869900
2015-01-14,28.109436170505187,28.46672886525874,28.016230797630314,28.389055252075195,7061900
2015-01-15,28.567699268650063,28.730812370013403,28.249244871428754,28.381288528442383,10607000
2015-01-16,28.357976088284463,28.707499820462242,28.171565406419226,28.691965103149414,7882400
2015-01-20,28.971575126729558,29.088083989062373,28.505545603285196,28.75409507751465,6190000
2015-01-21,28.637588988266323,28.88613848656375,28.49777952510605,28.855072021484375,9350800
2015-01-22,29.08032945924948,29.20460425750908,28.69973918586787,29.19683837890625,6091700
2015-01-23,29.212367762823966,29.212367762823966,28.676430385836582,28.691965103149414,7501900
2015-01-26,28.58321991275327,28.723029380521425,28.249230957856426,28.412343978881836,7362600
2015-01-27,28.109425220557164,28.194864680303674,27.94631514082886,28.023988723754883,8421800
2015-01-28,28.02398932640329,28.3269088989684,27.697766196987118,27.70553207397461,8297300
2015-01-29,27.542425573928,27.80650987002367,27.309410715712918,27.75990867614746,12999700
2015-01-30,27.54242750812573,27.783211224192602,27.348247952152573,27.371551513671875,11748600
2015-02-02,27.371549378537537,27.790974934883895,27.099696243614254,27.775440216064453,7538500
2015-02-03,27.829808576896625,28.078358110709505,27.767669711971326,28.008453369140625,5381100
2015-02-04,27.891948910582467,28.288073867116324,27.891948910582467,27.977388381958008,7244800
2015-02-05,27.969617850946026,28.171566218892693,27.899713102494403,28.16379737854004,7104500
2015-02-06,28.163800793718544,28.17933551336316,27.81427997202154,27.891950607299805,7486800
2015-02-09,27.511359497509808,28.086132316750383,27.511359497509808,27.736608505249023,7487700
2015-02-10,27.596798339880237,27.969622742510094,27.58126361940254,27.814281463623047,10507100
2015-02-11,28.288078057425967,29.08809989276757,28.156037373337053,28.536630630493164,18260800
2015-02-12,28.723039627075195,28.917219183474792,28.34244935578112,28.723039627075195,11406800
2015-02-13,28.847316581214724,28.862851302441417,28.39682151742098,28.567697525024414,7604100
2015-02-17,28.583218970697743,28.862837897018284,28.435643632003565,28.855072021484375,11537000
2015-02-18,28.707499820462242,28.93274877708174,28.614294479529626,28.691965103149414,17922000
2015-02-19,28.69973119700947,28.847306552943376,28.52108640942293,28.73080062866211,7370300
2015-02-20,28.769641029638564,28.792941626030736,28.513322617546223,28.71527099609375,9729400
2015-02-23,28.544387001690367,28.816237121290737,28.544387001690367,28.73080062866211,7011900
2015-02-24,28.730806134766187,28.82401148464232,28.622063103141944,28.746337890625,13505100
2015-02-25,28.668666842488953,28.816242224558,28.4744873046875,28.4744873046875,8248500
2015-02-26,28.528855431130303,28.676430803334185,28.396814776465423,28.521089553833008,8769000
2015-02-27,28.65312979133952,28.746335132272137,28.46671910947428,28.691965103149414,16403600
2015-03-02,28.691968709024522,28.746338744980225,28.575462758952906,28.653133392333984,7019000
2015-03-03,28.58322673297094,28.645365605892056,28.427882513612683,28.458951950073242,6212000
2015-03-04,28.35020827473191,28.389043583889286,28.17932935890646,28.303604125976562,7404700
2015-03-05,28.412353729112887,28.420119607567752,28.25700949351189,28.357980728149414,6417300
2015-03-06,28.210405000342124,28.25700915935475,27.192903083985822,27.356016159057617,13454500
2015-03-09,27.363784761310736,27.682239138901767,27.356018882174663,27.51136016845703,8080400
2015-03-10,27.231735166117122,27.472515858846897,26.789006126578478,26.796772003173828,12835900
2015-03-11,26.688039145370148,26.851149264326597,26.563764345744527,26.672504425048828,11490000
2015-03-12,26.835609249439067,27.30940775545335,26.78900806061429,27.18513298034668,9737600
2015-03-13,27.014268335009223,27.22398268442274,26.61814320585875,26.804553985595703,9940000
2015-03-16,26.97542699495846,27.15407185364683,26.82008273781132,26.95989227294922,11929000
2015-03-17,26.7967760313116,26.905516097657383,26.62589709108561,26.68803596496582,9022600
2015-03-18,26.71134071933209,27.3094141402801,26.38512046951229,27.200674057006836,12694900
2015-03-19,27.17736751221332,27.239503419229628,26.843378493535507,26.921049118041992,7751500
2015-03-20,27.084161765305062,27.394850218563572,26.967655817541633,26.983190536499023,19649900
2015-03-23,27.068629956065976,27.65116864633665,26.897753955055844,27.418153762817383,13589900
2015-03-24,27.55019035369985,27.674465123958207,27.146296609624127,27.19289779663086,8390700
2015-03-25,27.6511683800797,28.326915387607215,27.573497740636174,27.814281463623047,23701300
2015-03-26,27.860881441951427,27.985156237385464,27.138533267570825,27.247276306152344,18564000
2015-03-27,27.34868468839796,27.84011639300167,27.114666190203263,27.73090934753418,16697900
2015-03-30,27.96492022540132,28.510958337716797,27.855713198071886,28.471956253051758,14393100
2015-03-31,28.39395547118964,28.464160422229654,28.105333463764754,28.152137756347656,10292200
2015-04-01,28.25354193188908,28.323746873891263,28.027325677030024,28.31594467163086,11030700
2015-04-02,28.315945140981558,28.604564140366396,28.159933825538715,28.5733642578125,11212700
2015-04-06,28.38615293936675,28.963393971866516,28.37055150868636,28.86198616027832,7198200
2015-04-07,28.768380551864638,28.978995402546904,28.721576259823475,28.86198616027832,6642300
2015-04-08,28.90097854197153,29.19739967400057,28.822974390438034,29.166196823120117,10971300
2015-04-09,29.07259892919151,29.189605187413118,28.963391897917305,29.158405303955078,8107100
2015-04-10,29.189598236557334,29.36121094521871,28.994584876957667,29.173999786376953,7331500
2015-04-13,29.158408930832046,29.189608818170893,29.04139968238778,29.0570011138916,8947300
2015-04-14,28.93998900167488,29.29101373660303,28.9009869146092,29.22861099243164,6829900
2015-04-15,29.21300573903203,29.439221980341394,29.13499859944185,29.2910099029541,6645000
2015-04-16,29.181803986818387,29.259808153690486,29.07259696293016,29.10379981994629,6393900
2015-04-17,28.822977750597417,28.900981911224576,28.6123629461025,28.838579177856445,7962700
2015-04-20,28.90097877600762,28.978985903840446,28.799570997658773,28.854177474975586,8323000
2015-04-21,28.93998783451513,28.971190693176652,28.40955113994273,28.495357513427734,19475100
2015-04-22,28.57336641933721,28.768379834476097,28.42515431940377,28.72937774658203,6069800
2015-04-23,28.66697515348171,28.79178363376263,28.565567333356935,28.71377944946289,20404500
2015-04-24,28.417354339868393,28.752777643081913,28.417354339868393,28.721574783325195,5066600
2015-04-27,28.713782505565042,28.87759309543073,28.58117180733862,28.70598030090332,8815700
2015-04-28,28.604572469985374,28.721581734557557,28.456363313773924,28.70598030090332,8316100
2015-04-29,29.556235243790912,30.305086107648396,29.447028198103634,30.188079833984375,25065400
2015-04-30,30.266081654990927,30.48449870499286,29.8916562522758,29.9306583404541,15768800
2015-05-01,30.055473580315184,30.172482846883938,29.961867952461738,30.14908218383789,8565100
2015-05-04,30.032060076841162,30.258276308463397,30.016458649591215,30.12566566467285,5774800
2015-05-05,30.071072703100068,30.17248052795459,29.766852204205524,29.891660690307617,8718800
2015-05-06,29.969661246290727,30.000864107952104,29.704445849175023,29.993064880371094,10249200
2015-05-07,29.969664859061407,30.51570310128443,29.805854279095207,30.406496047973633,12138600
2015-05-08,30.65610326890144,30.874520281717814,30.59370053357396,30.765310287475586,10479600
2015-05-11,30.67951011657715,30.913525606022084,30.6639086871917,30.67951011657715,7198600
2015-05-12,30.507902382980085,30.749717139025808,30.35189103915353,30.66391372680664,6415500
2015-05-13,30.70291581884606,30.88232782276249,30.437697427041577,30.66391372680664,9561900
2015-05-14,30.843316294784398,31.311347207409835,30.827714867607817,31.24114227294922,12284500
2015-05-15,31.34255631245187,31.599972473032327,31.155342124664532,31.553171157836914,9836700
2015-05-18,31.295752136554622,31.44396423700073,31.155342239115456,31.202146530151367,6962300
2015-05-19,31.202149953901397,31.436165483421878,31.092942905169767,31.39716339111328,8082700
2015-05-20,31.46736495316575,31.849592558164638,31.280150764342736,31.716981887817383,10110200
2015-05-21,31.709170826470174,31.755972124458054,31.365945437665886,31.443952560424805,8225600
2015-05-22,31.37375236954904,31.4829593822146,31.31134666192991,31.334747314453125,5994600
2015-05-26,31.319163301631093,31.334761760058985,30.991539136928825,31.155349731445312,7265300
2015-05-27,31.178738391462712,31.358150333882875,31.116332685055074,31.31134605407715,6041000
2015-05-28,31.30355490036887,31.71698239708604,31.17094422789233,31.56877326965332,10271800
2015-05-29,31.63116843025851,32.45022399977749,31.5687656983942,32.44242477416992,26361000
2015-06-01,32.45023382752955,32.614047371579616,31.529770192336606,31.740385055541992,13766700
2015-06-02,31.55317144776065,31.84179047156904,31.209945929608253,31.826189041137695,9509600
2015-06-03,31.997800748460918,32.07580492238509,31.78718590806347,32.00559997558594,10828100
2015-06-04,31.818388066390444,31.91979289512246,31.48296476970841,31.529766082763672,7098000
2015-06-05,31.475168655265758,31.529772181504367,31.030538241226242,31.21775245666504,10627900
2015-06-08,31.2567437001258,31.36595071469387,31.15533591131203,31.24114227294922,6477000
2015-06-09,31.264553183385157,31.443965174200745,31.1865460293336,31.373760223388672,5773100
2015-06-10,31.451756816089283,31.6935744718234,31.404952534946823,31.490758895874023,6769300
2015-06-11,31.48297691345215,31.685789624814365,31.420571171082496,31.48297691345215,5249800
2015-06-12,31.818390208312966,31.818390208312966,31.342556989096572,31.56877326965332,8530100
2015-06-15,31.319147646298337,31.53756166314289,31.194339211577475,31.287944793701172,6904600
2015-06-16,31.358156841718937,31.818388607150784,31.233348378669714,31.779386520385742,6080400
2015-06-17,31.732577806212515,31.904190534851935,31.51416377024821,31.818384170532227,5743000
2015-06-18,31.927590493233815,32.02899828300951,31.841784130782692,31.865184783935547,10692400
2015-06-19,31.88079416866712,32.32542454355849,31.88079416866712,32.013404846191406,12396700
2015-06-22,32.114815344935465,32.33323244481787,31.98220761971157,32.021209716796875,5133700
2015-06-23,31.982195572760574,32.16940973418779,31.888589979881036,32.06019973754883,3397400
2015-06-24,32.122609429579136,32.20841580687764,31.96659810500626,32.04460525512695,6045600
2015-06-25,32.13040865675695,32.34882570142638,32.00560019223235,32.04460525512695,6529600
2015-06-26,32.107234773073095,32.373425096623734,32.09157915395864,32.18552780151367,9259800
2015-06-29,31.981971792195246,32.13855487659363,31.864536718826905,31.974143981933594,9415700
2015-06-30,32.334284583670964,32.36560179941338,32.02112138596906,32.20901870727539,11869100
2015-07-01,32.25599422830148,32.60047463851429,32.25599422830148,32.576988220214844,6014400
2015-07-02,32.67091937202467,32.75704017507026,32.30294975412896,32.52999496459961,5568900
2015-07-06,32.25599423492466,32.475208769962,32.083752536495865,32.3029670715332,9044900
2015-07-07,32.475206069878396,32.79620003516929,32.091580665458785,32.710079193115234,6288600
2015-07-08,32.63179307387243,32.686596709669296,32.3421162865784,32.420406341552734,5909200
2015-07-09,32.670936939085365,32.76488559902716,32.28731150215484,32.29513931274414,5367000
2015-07-10,32.49869639652707,32.639620884740204,32.36560270575587,32.420406341552734,4902900
2015-07-13,32.65526984430388,32.67092844798689,32.530004001413104,32.569149017333984,5675400
2015-07-14,32.63962436766096,32.87450053079553,32.47521344272634,32.78837966918945,7566100
2015-07-15,32.76488075691578,32.804028763798975,32.240330914305396,32.365596771240234,9288200
2015-07-16,32.56916114622911,32.88232736336713,32.46738466424749,32.85884094238281,5027100
2015-07-17,32.85100342739144,32.85100342739144,32.42823001667066,32.796199798583984,4658700
2015-07-20,32.60829282799744,32.780531473222496,32.56131702298721,32.733558654785156,3885900
2015-07-21,32.764880672165724,33.07021899756736,32.71790784254516,32.9371223449707,5908200
2015-07-22,33.195482931754924,33.665229120198084,32.97626545545115,33.07804489135742,6694500
2015-07-23,32.89799014148466,33.19549778680643,32.882331529986175,32.976280212402344,5404800
2015-07-24,32.984104351498466,33.06239440660832,32.74923119959475,32.90581130981445,5261500
2015-07-27,32.7805454296942,32.95278713482487,32.310799125886774,32.90581130981445,7911800
2015-07-28,33.14068114577385,33.56345154417064,32.929294453288655,33.50864791870117,8613900
2015-07-29,33.375552080371804,33.892274077285286,33.3598934760322,33.7435188293457,12208300
2015-07-30,34.612555648596995,35.47376105967518,34.487289787095,35.44244384765625,17981400
2015-07-31,35.246726728630634,35.39547905218313,34.96487770583673,35.332847595214844,10824200
2015-08-03,35.45027498803134,35.63034449419765,35.23106045645044,35.614688873291016,7283600
2015-08-04,35.53638337891782,35.794745831920594,35.434603959258574,35.7007942199707,7557200
2015-08-05,35.83389780212142,36.47588567558052,35.83389780212142,36.24101257324219,11656200
2015-08-06,38.010390381843365,38.03387978098046,36.10008550460717,36.64812469482422,24387000
2015-08-07,36.648121540508065,36.73423937468752,35.8730371403085,36.10008239746094,15729600
2015-08-10,35.763435297793954,36.36627814732394,35.700800878146076,36.3349609375,10550900
2015-08-11,36.178390761866666,36.178390761866666,35.77910664739188,36.09226989746094,9707800
2015-08-12,35.6538277772717,36.460226511342206,35.505072525032574,36.42890930175781,10157000
2015-08-13,36.50720887073468,36.655961163068646,36.02180099487305,36.02180099487305,14852900
2015-08-14,36.115745543645744,36.436739469923886,35.97482108951647,36.3975944519043,9531200
2015-08-17,36.2880054964479,36.40544360593584,36.107935918721545,36.170570373535156,9314600
2015-08-18,36.139232685841364,36.358447180429984,35.9748218148999,36.131404876708984,10319200
2015-08-19,35.95132901576237,36.013963429194376,35.332830609274026,35.39546203613281,12630900
2015-08-20,35.191922017845755,35.3406743368925,34.38552000781717,34.44815444946289,17131700
2015-08-21,34.1349825015135,34.50295231816186,33.80616069762914,33.82181930541992,18153100
2015-08-24,32.19335524102864,33.50082042850801,30.463119651124284,32.85100173950195,27576300
2015-08-25,33.30509149521134,33.75135128787237,32.318620279222245,32.34210968017578,30474000
2015-08-26,32.999753451741356,33.140677899594394,32.146378955997235,33.03889846801758,17749600
2015-08-27,33.21897352863942,33.61825754044263,32.8196865302624,33.477333068847656,15441300
2015-08-28,33.22679899538758,33.767010427263166,33.18765397527705,33.50864791870117,8975500
2015-08-31,33.41469335031753,33.49298337666157,33.07021305320144,33.164161682128906,9426900
2015-09-01,32.63960397109904,32.88230779427052,31.888009081150287,32.10722351074219,12395600
2015-09-02,32.44388182274372,33.11718682019491,32.34210538290437,33.09370040893555,13792500
2015-09-03,33.305098620132405,34.377687913830414,33.26595359226699,33.8531379699707,15210700
2015-09-04,33.38339021722592,33.688725629877794,33.117199834246854,33.32858657836914,11496300
2015-09-08,33.892280630606294,33.90793923797361,33.16417181418302,33.61043167114258,9975900
2015-09-09,34.02537577856486,34.02537577856486,32.733571974160604,32.87449645996094,8492500
2015-09-10,32.71008316836016,33.453850637811435,32.69442456003154,33.179832458496094,12386900
2015-09-11,33.336401902044166,33.438178334635644,33.02323583687963,33.41469192504883,8590800
2015-09-14,33.44602302392655,33.469509443270724,32.944959500756354,33.101539611816406,6910700
2015-09-15,33.26594210722442,33.70437104646844,33.007579636678635,33.65739822387695,19709200
2015-09-16,33.743521291787346,33.96273878196591,33.633914039984866,33.69654846191406,10158300
2015-09-17,33.86096918698438,34.675198989414596,33.80616554514528,34.228939056396484,13481400
2015-09-18,33.86096433947869,34.23676196682275,33.485166712134635,33.54779815673828,14948000
2015-09-21,33.649577614115024,33.74352627430753,33.453849496545786,33.54779815673828,6328700
2015-09-22,33.1563424449875,33.21897687715392,32.64745112321883,32.87449645996094,8463900
2015-09-23,32.92930089233552,33.17983265392061,32.78054560562462,33.101539611816406,7650400
2015-09-24,32.929289095849164,33.11718635643917,32.506515779661996,32.984092712402344,12052300
2015-09-25,33.28160262085705,33.83747265809156,33.234629791353846,33.50864791870117,9682800
2015-09-28,33.32785976620782,33.783758159089736,32.573264463206236,32.59684753417969,14602900
2015-09-29,32.63615929537459,32.63615929537459,31.669337027766534,32.07807540893555,16543400
2015-09-30,32.416062953617626,33.01344783317081,32.353178756568056,32.91126251220703,14090700
2015-10-01,33.22567571849987,33.43004335098306,32.76977430979242,33.17851257324219,10225200
2015-10-02,32.903399322369786,34.24751738010763,32.65972758736855,34.23965835571289,11100800
2015-10-05,34.48332910339455,34.94708953029428,34.29468252208677,34.8134651184082,10663500
2015-10-06,34.82133189921136,34.90779618427083,34.45189767916273,34.506919860839844,7109200
2015-10-07,34.671981124192484,34.92351191596693,34.428309357824446,34.84490966796875,7653600
2015-10-08,34.8684821149498,35.62307432520085,34.64839346991397,35.61521530151367,7535900
2015-10-09,35.52876284063645,35.62308614860328,35.190767738731104,35.37155532836914,6205800
2015-10-12,35.1986208686661,35.54447793741409,35.17504079524542,35.410850524902344,4697400
2015-10-13,35.29293262663666,35.58376440684072,35.12786318521291,35.24576950073242,6393000
2015-10-14,34.96281986946788,35.355837183196364,34.96281986946788,35.16719055175781,4642500
2015-10-15,35.324392858179294,35.36369698586903,34.6798447440558,35.3558349609375,9133900
2015-10-16,35.45802413870207,36.0475501361352,35.426582032536075,36.03968811035156,9106300
2015-10-19,36.00037240572286,36.51915495354722,35.76456270189052,36.48771286010742,8092600
2015-10-20,36.58990252918061,36.66850777215655,35.89819138340951,35.953216552734375,7456700
2015-10-21,36.06326054827349,36.17330488890015,35.41085053101063,35.72526550292969,12220200
2015-10-22,35.83530861103797,37.273750011657995,35.83530861103797,36.896453857421875,11052100
2015-10-23,36.849298292508635,36.943621593171095,36.47200209137514,36.57418441772461,9352000
2015-10-26,36.57417404086656,36.93575208803878,36.40910756191916,36.78640365600586,6745200
2015-10-27,36.794269476159535,36.92003485383766,36.51129662676297,36.62919998168945,9294500
2015-10-28,36.28335053244786,36.943619598401185,35.70168371305519,36.47200012207031,8534800
2015-10-29,36.40912001903275,36.50344332520575,35.74099185270792,36.37767791748047,6002100
2015-10-30,36.3776713726992,36.644923190844075,36.173303746345255,36.283348083496094,6352300
2015-11-02,36.44055204031269,36.65278166935735,35.43442905682659,36.50343322753906,7222200
2015-11-03,36.40125690077233,36.550602368630955,36.06326184329126,36.47200012207031,6926300
2015-11-04,36.73138716560674,36.76282926125422,35.945352765319456,36.06325912475586,6504700
2015-11-05,36.04753807693212,36.10256024507357,35.67810094928245,36.06325912475586,5491000
2015-11-06,35.87461033230823,35.94535354981736,34.90778835867223,35.277225494384766,6990300
2015-11-09,35.12788435965963,35.198627591917635,34.4990572943018,34.89207458496094,9393300
2015-11-10,34.86063245527031,35.19862756485603,34.82133132593141,35.04928207397461,6648200
2015-11-11,35.24578029456272,35.340103576775036,34.93136535587758,34.95494842529297,5341500
2015-11-12,34.821322395725375,34.93136672904615,34.27109773063832,34.30253982543945,6861200
2015-11-13,34.19249868486837,34.49119261640351,33.89380475333322,34.01171112060547,7839100
2015-11-16,34.20036517297677,34.648407667289284,34.12962193687312,34.632686614990234,6136400
2015-11-17,34.648409080854556,34.844917744883496,34.34185304624265,34.44403839111328,6062500
2015-11-18,34.55407225960572,35.009973660842235,34.420447847957085,34.96281051635742,6210400
2015-11-19,35.049279008697034,35.22220756084529,34.92351360672112,35.041419982910156,5161500
2015-11-20,35.31652846703222,35.371550639259056,34.38900756594631,34.54621505737305,8815600
2015-11-23,34.49118806885552,34.79774098516521,34.389002763924594,34.64839553833008,10208200
2015-11-24,34.42045203787942,34.711283968063064,34.38900993772884,34.56979751586914,4521400
2015-11-25,34.546223372110774,34.70343090137492,34.46761810823659,34.53050231933594,5048800
2015-11-27,34.64054233599186,35.033559610508206,34.42045362177754,34.915653228759766,3258300
2015-11-30,34.91564110873984,35.04140947147248,34.28681428749067,34.31825637817383,11531800
2015-12-01,34.648400982679,35.009976120347105,34.39686719290603,34.8370475769043,10622100
2015-12-02,34.852759960309974,34.86061898374713,34.396858640401895,34.4754638671875,5420200
2015-12-03,34.51477171085391,34.68770024501616,33.335720065529614,33.49292755126953,13964900
2015-12-04,33.66585854345572,35.00997679762665,33.65799651942883,34.97853469848633,11278000
2015-12-07,34.9235038137207,34.978525974251006,34.373279209934786,34.60908889770508,9224600
2015-12-08,34.18464914994944,34.75059207391512,33.917397241957424,34.58552551269531,6576100
2015-12-09,34.396874652584486,34.78203294692302,34.082462594527684,34.3104133605957,7023600
2015-12-10,34.25538550981442,34.85277042025699,34.20822235958854,34.56979751586914,8901600
2015-12-11,33.92524864287299,34.24752266549048,33.46148817144942,33.58725357055664,9971200
2015-12-14,33.85450532357376,34.10603612108316,33.50865122661925,34.0510139465332,9638700
2015-12-15,34.774182131302325,34.98640889632529,34.38902374601361,34.601253509521484,8237400
2015-12-16,34.56979392039835,35.3243862546279,34.561934895419945,35.25364303588867,9952200
2015-12-17,35.253635795361596,35.29293990763138,34.75843636437632,34.86848068237305,6994100
2015-12-18,34.530488418061125,34.78987818821031,33.760175133111986,34.03528594970703,21561100
2015-12-21,34.31040109968235,34.994250155026926,34.08245041507312,34.931365966796875,8812600
2015-12-22,34.9628128954319,35.22220571002398,34.585516709329966,35.14360046386719,6225600
2015-12-23,35.32438149700494,35.858885078049404,35.22219919363099,35.82744598388672,6618100
2015-12-24,35.819584550287765,35.89818678471102,35.63879701232784,35.64665603637695,2290100
2015-12-28,35.56019830227698,35.74884488298278,35.3401066268091,35.426570892333984,3668600
2015-12-29,35.623838984496544,36.14458599445013,35.4265862836075,36.09724426269531,5895900
2015-12-30,36.08934633382629,36.255037838225334,35.83686017161879,35.90787124633789,5596400
2015-12-31,35.67115584552471,35.86051964665597,35.316100599550786,35.37922286987305,4648400
2016-01-04,34.78746466740444,35.071508860407555,34.124695887009,34.55076217651367,11588700
2016-01-05,34.550767924052614,35.071514694573004,34.44030694391737,34.83481216430664,15463500
2016-01-06,34.1878293480299,34.85059533554926,34.148376411770116,34.70857620239258,19644700
2016-01-07,33.95901494001898,33.95901494001898,32.625585178504295,32.81494903564453,19806400
2016-01-08,32.862284216861944,33.185778359020745,32.325756906476265,32.34153747558594,14529700
2016-01-11,32.60981092219413,32.98064387319237,32.38099711615398,32.885963439941406,10232000
2016-01-12,32.885956443315436,33.36725330885136,32.75182309906369,33.23311996459961,10948500
2016-01-13,33.22522848327479,33.39881173472371,31.97070182470267,32.02593231201172,14091400
2016-01-14,32.783391007875466,33.08321588942012,32.02594152697636,32.633480072021484,12285700
2016-01-15,32.00226243903119,32.238964953598725,31.394724078745188,31.805009841918945,19074400
2016-01-19,32.388873892097834,32.87017068162231,32.073271561638016,32.71236801147461,14058400
2016-01-20,32.26263353746094,32.46777791910366,31.30793171242528,32.08905029296875,12802900
2016-01-21,32.20740658998964,32.278417651460245,31.560418256517902,31.82079315185547,9487300
2016-01-22,32.420440003605016,32.933298007833606,31.87602386837218,32.82283401489258,9510700
2016-01-25,32.92541860644291,32.97276033551647,31.686671955804805,31.718233108520508,13465200
2016-01-26,31.74978079145839,32.78338252077825,31.74978079145839,32.625579833984375,8127500
2016-01-27,32.61769414325806,33.106879809797015,32.17584718035554,32.44411087036133,7742400
2016-01-28,32.988534488033224,33.556620077106935,32.68870961529316,32.783390045166016,11620500
2016-01-29,33.20156340664769,34.006351470947266,33.00431078092332,34.006351470947266,14254500
2016-02-01,33.7854313882406,33.895892383268,33.21734283114388,33.714420318603516,7960100
2016-02-02,33.23312173560651,33.690749274711784,32.87806640523797,33.09899139404297,11028300
2016-02-03,30.28221942131203,31.623537677879195,30.155977880096046,30.952877044677734,25931200
2016-02-04,30.779304991243162,30.842427289726597,29.871944524320178,29.998186111450195,18818500
2016-02-05,29.97451271524657,30.518928922038,29.485323997430726,29.745698928833008,30568800
2016-02-08,29.406425673890567,29.453767393835356,28.309701412114084,28.672645568847656,24563800
2016-02-09,28.57007061762766,29.49321450441574,28.506951340234973,29.232839584350586,11313700
2016-02-10,29.737820607893003,30.432151062970817,29.42221804455786,30.006084442138672,12750800
2016-02-11,29.311741020727762,29.93505702276147,29.114488397465358,29.729915618896484,11391000
2016-02-12,30.061294555664062,30.108636262448403,29.698350499824773,30.061294555664062,7097900
2016-02-16,30.487369853088797,30.889766954505138,30.29800898993482,30.8660945892334,11137200
2016-02-17,31.15012663345071,31.49729008581768,30.889754796634346,31.41050148010254,11097700
2016-02-18,31.528860092163086,31.781343221262254,31.402618527613498,31.528860092163086,7250100
2016-02-19,31.39472091274466,32.16795065426801,31.21324890288223,31.41050148010254,13655500
2016-02-22,31.560413897528008,31.647205517319907,31.165908723808908,31.323711395263672,9490100
2016-02-23,31.213261799584746,31.69455575860165,31.173808859971135,31.61565589904785,8003400
2016-02-24,31.52884945801875,32.34942085574445,31.268477635757602,32.160057067871094,8985000
2016-02-25,32.231083637020504,32.814952838516525,32.128514420276176,32.807064056396484,8361600
2016-02-26,32.972764519842116,33.004325676563006,32.08907019068252,32.10485076904297,10024000
2016-02-29,31.986491340068827,32.48356586487484,31.954930192826225,31.978599548339844,10929200
2016-03-01,32.34154236504156,32.680814117765976,32.08905623095126,32.609806060791016,6839200
2016-03-02,32.31787344186702,32.57035659298813,31.994379216378324,32.52301788330078,7183800
2016-03-03,32.444120002989855,33.05165861930705,32.30209783243067,33.04376983642578,7876800
2016-03-04,33.114774816255306,33.56451060349487,32.956972099191,33.24101638793945,6835900
2016-03-07,32.90962302580759,33.39881164035675,32.79127327183794,32.9254035949707,6901600
2016-03-08,32.64926528930664,32.94908720365673,32.428340235245855,32.64926528930664,7355000
2016-03-09,32.78338598708511,33.30413280168022,32.586133360195504,33.09899139404297,7012800
2016-03-10,33.06743470293304,33.26468735637689,32.436226813880054,32.87807083129883,6852600
2016-03-11,33.11477551688395,33.46982787549509,32.791281294484186,33.422489166259766,6996800
2016-03-14,33.16210248287699,33.41458554217884,32.97274169331833,33.327796936035156,4206500
2016-03-15,33.083218270526935,33.25680158441509,32.78339336740291,32.85440444946289,7375000
2016-03-16,32.79916963923482,33.30413592992978,32.60980878514246,32.91752243041992,10258800
2016-03-17,31.994381638754824,32.57825085107647,31.631437457768378,32.17585372924805,27291100
2016-03-18,32.380997328366554,32.48356654429534,32.08906122502139,32.14429473876953,21610300
2016-03-21,31.970720367735524,32.27843412117031,31.970720367735524,32.10485076904297,12193900
2016-03-22,32.00226457637183,32.11272555655834,31.37894560550685,31.48940658569336,16035100
2016-03-23,31.528859260957404,31.71822310770768,31.1659151486753,31.513078689575195,15611100
2016-03-24,31.528858654143388,31.607761509535845,31.15802576822546,31.173803329467773,10392800
2016-03-28,31.300051958140237,31.323724325023047,30.937107770863662,31.118579864501953,12690800
2016-03-29,31.300840118135756,31.84761319905604,31.094810601849822,31.776294708251953,9554800
2016-03-30,32.085340242255796,32.164581658232024,31.69705004909325,32.06156539916992,10805700
2016-03-31,32.14080466773375,32.15665355295274,31.760440491075247,31.79213523864746,11958500
2016-04-01,31.69705458948115,32.727208259065954,31.32461323073741,32.679664611816406,9114400
2016-04-04,32.600415179513824,32.719280325205666,32.35476497862114,32.66381072998047,8787800
2016-04-05,32.2517493499906,32.608341771159374,32.2517493499906,32.513248443603516,10274900
2016-04-06,32.05363616673225,33.19472865599156,31.950619927917483,33.186805725097656,9083900
2016-04-07,32.95700844553583,33.139266123538754,32.74305299148031,32.90153884887695,7580600
2016-04-08,33.036251087957346,33.55925232075545,33.020402199343295,33.53548049926758,8854400
2016-04-11,33.97130169537503,34.0346972262044,33.3690592668225,33.4086799621582,6692400
2016-04-12,33.33737103328541,33.70188637118124,33.242280732718264,33.598873138427734,5689600
2016-04-13,33.80489967092082,34.05847579883809,33.51962577129742,33.83659744262695,7387600
2016-04-14,33.868288492075244,33.955452812667694,33.37698219674352,33.4086799621582,12085700
2016-04-15,33.53548418703237,34.09810619180171,33.21058949188292,34.09018325805664,7377900
2016-04-18,33.915826728734025,34.30411673620857,33.804887590274106,34.27241897583008,5783800
2016-04-19,34.462618053761595,34.58940612957704,34.145646352789875,34.280357360839844,5339600
2016-04-20,34.24073173618233,34.454687150179424,33.85244463226837,34.20903396606445,6575700
2016-04-21,34.082246250337676,34.209034309215276,33.17095802180049,33.20265579223633,8755300
2016-04-22,33.20266705784003,33.44039437103775,32.92531600672037,33.43246841430664,7208100
2016-04-25,33.28188943967005,33.583012142907386,33.19472210271727,33.487918853759766,5820800
2016-04-26,33.4958581687814,33.67811584472656,33.297751604988896,33.67811584472656,8472700
2016-04-27,35.10447352751157,35.26295934261327,34.29619859107186,34.77165603637695,11940000
2016-04-28,34.62110032687311,34.906374248605346,34.27243387968157,34.375450134277344,7402600
2016-04-29,34.05847049593422,34.256577003953524,33.749424827082585,34.04262161254883,10307000
2016-05-02,34.22488440327234,35.24711486444064,34.09017340846061,35.112403869628906,8180300
2016-05-03,34.62110019927881,34.866753413835355,34.30413152741816,34.60525131225586,5867400
2016-05-04,34.43884253281406,34.70034463439356,34.248661934270885,34.60525131225586,5344700
2016-05-05,34.7716576097949,35.04900553162375,34.621094718345844,34.80335235595703,5104500
2016-05-06,34.65279347010725,35.00145987070373,34.28827818454742,34.811279296875,4545900
2016-05-09,34.81920565113584,35.19164692722636,34.77958494626507,35.08863067626953,6360500
2016-05-10,35.12033569544702,35.72258141605762,35.072789026072506,35.69088363647461,5503400
2016-05-11,35.532393731674986,35.79389282641143,35.12825766785819,35.1837272644043,5150900
2016-05-12,35.27088112129354,35.66709413467654,35.167867914277046,35.540306091308594,9609400
2016-05-13,35.40560327528752,35.595783872724894,35.04108794447747,35.15202713012695,12203600
2016-05-16,35.06486456925154,35.44522883912317,35.05694163613331,35.2788200378418,5675900
2016-05-17,35.31049795673973,35.34219269425341,34.05846362757245,34.27241897583008,8548700
2016-05-18,34.01885410443506,34.589401887057875,33.97130744826123,34.26450729370117,6612900
2016-05-19,34.51808864042607,34.51808864042607,33.733585320542325,34.28828430175781,5262500
2016-05-20,34.31205340752755,34.62109913783479,34.24073492954388,34.35960006713867,6185800
2016-05-23,34.375446935030425,34.541855699598216,34.11394485682459,34.224884033203125,6582100
2016-05-24,34.53393589071812,35.049011116599935,34.31205449503314,34.985618591308594,6476300
2016-05-25,34.95391693195635,35.25503970650099,34.81127998732288,35.04108428955078,5037600
2016-05-26,34.9776914154036,35.342206735986636,34.906372937649,35.144100189208984,4381200
2016-05-27,35.14410070051937,35.48484420776367,35.11240594995198,35.48484420776367,5225600
2016-05-31,35.47692523756162,35.61956221107437,35.09656098248311,35.25504684448242,11593300
2016-06-01,35.26295780194481,35.52445983886719,35.12824682985657,35.52445983886719,6449000
2016-06-02,35.365978977276924,35.71464538574219,35.326358275407244,35.71464538574219,5327400
2016-06-03,35.67502669418831,35.85728435135182,35.51654085491301,35.849361419677734,4977600
2016-06-06,35.881056715015816,36.0078447837914,35.56408805450987,35.754268646240234,5831200
2016-06-07,35.80973498993319,36.150478460654035,35.77804024276309,35.920677185058594,5203700
2016-06-08,35.857292638599475,35.881064461981765,35.34221429762762,35.69880676269531,6205300
2016-06-09,35.5640901275253,35.936528400900706,35.556164172402696,35.83351516723633,4428500
2016-06-10,35.43730627604213,35.95238157436763,35.43730627604213,35.67503356933594,5624400
2016-06-13,35.81766200591526,35.89690341048871,34.94599144127815,35.001461029052734,7757800
2016-06-14,34.96184410478677,35.0252396535888,34.5339362418377,34.88260269165039,5282000
2016-06-15,34.946004325166705,35.14411093250408,34.6607333498091,34.732051849365234,5995500
2016-06-16,34.62109657949015,35.05693336988732,34.50223447354475,35.049007415771484,6131500
2016-06-17,35.04900882683043,35.04900882683043,34.5577054521717,34.8984489440918,9147400
2016-06-20,35.302583535893945,35.59578035799821,35.0331585304056,35.049007415771484,5726100
2016-06-21,35.191646498151215,35.397675974686834,35.03316065773445,35.24711608886719,5981000
2016-06-22,35.20748683728705,35.42936514628636,34.99353145809547,35.00938034057617,8507000
2016-06-23,35.39766916466149,35.548232044380875,35.21541154124915,35.540306091308594,5518600
2016-06-24,33.892070355353695,34.613178106622236,33.139264829270545,33.49585723876953,22314500
2016-06-27,33.18680909628892,33.2818993910036,32.70342864528483,32.79059600830078,12791800
2016-06-28,32.85424041143299,33.33165609751147,32.687145224839014,33.299827575683594,10393700
2016-06-29,33.59424586545469,34.21488703098845,33.33962369316722,34.191017150878906,10550400
2016-06-30,34.40585674099747,36.40305006473921,33.88865372266465,36.21208190917969,33312100
2016-07-01,35.99725149613562,36.856600717350396,35.79832769993432,35.8938102722168,12238500
2016-07-05,35.846059889781465,36.387132743881494,35.70283454397054,35.726707458496094,7820400
2016-07-06,35.5834789303329,36.07680894659723,35.55960601794238,35.96541213989258,6838600
2016-07-07,35.925620910336356,36.267769912174586,35.67895443321225,35.941532135009766,6842100
2016-07-08,36.30757060051882,36.689503908868886,35.86993887440955,36.68154525756836,8490300
2016-07-11,36.6656251212969,36.69745061276175,36.275733256332565,36.48261260986328,6572100
2016-07-12,36.43487734808986,36.888423287249836,36.33143614090061,36.38713455200195,6809500
2016-07-13,36.46671159835114,36.63380685786285,36.02907682057824,36.28369903564453,5362100
2016-07-14,36.45876703041105,36.60994808046382,36.20414471698671,36.34737014770508,6900100
2016-07-15,36.084771504199274,36.601974532378115,36.084771504199274,36.116600036621094,10023100
2016-07-18,36.32347730046629,36.36326144267228,36.10863929015134,36.140464782714844,4915600
2016-07-19,36.10067824653678,36.26777648925781,35.84605611090079,36.26777648925781,6328500
2016-07-20,36.331423916872424,36.43486508925798,35.80626547794265,35.941532135009766,5168400
2016-07-21,35.917672508502,36.06089785409686,35.63918046725399,35.949501037597656,7221500
2016-07-22,36.13251119694439,36.188209606226884,35.87788903012856,35.90971755981445,4097400
2016-07-25,36.0529390016013,36.4667007366784,36.044980352374346,36.4109992980957,9321400
2016-07-26,36.36327820676038,36.458760799140954,35.83811939566188,36.00521469116211,9026500
2016-07-27,36.005198762315615,36.20412251238366,34.92305307629178,34.96283721923828,8888300
2016-07-28,34.92305629393016,35.209507006073984,34.56499290375038,35.15380859375,7129400
2016-07-29,35.058324112580245,35.328860544178696,34.89918449952192,34.994667053222656,8839900
2016-08-01,34.93896994979455,34.99466836114633,34.437681212292674,34.59682083129883,5903800
2016-08-02,34.70822990357003,34.70822990357003,33.96823299405987,34.23876953125,6345200
2016-08-03,34.19898153108184,34.39790534387455,34.02392760451658,34.294464111328125,5070900
2016-08-04,34.34219809923225,34.39789650968262,33.657899873315436,33.817039489746094,8960600
2016-08-05,34.02391192668341,34.700254399729566,33.91251512850372,34.429718017578125,8541000
2016-08-08,34.46155598342309,34.66843537453385,34.36607038567726,34.54907989501953,4924600
2016-08-09,34.66843863177782,34.883276693886955,34.421772034096314,34.62865447998047,5518500
2016-08-10,34.73209637972764,34.851448837445446,34.413817088474296,34.588871002197266,3289400
2016-08-11,34.732084799334146,34.77186893864189,34.24671040790795,34.32627868652344,5343000
2016-08-12,34.29446027288532,34.4456442963017,34.13532366873188,34.35015869140625,10827500
2016-08-15,34.413815833054066,34.46155863560129,34.1512349720486,34.18306350708008,5194300
2016-08-16,34.1751163143377,34.2387703647537,33.95231954953943,33.976192474365234,4748400
2016-08-17,34.14328249001433,34.2626379896701,33.73747925479033,34.22285079956055,5585300
2016-08-18,34.198972055312886,34.437679957456226,34.11144511628201,34.39789581298828,4605100
2016-08-19,34.27058226213577,34.43767747807231,34.07961716830414,34.26262664794922,4704500
2016-08-22,34.21488383584757,34.453591720658494,34.05574423419515,34.3740234375,3856900
2016-08-23,34.46951165777523,34.58886713749341,34.31833068075669,34.38198471069336,5753600
2016-08-24,34.44564951622323,34.50134794318475,34.11941457173292,34.21489715576172,4047800
2016-08-25,34.23080258229009,34.44564061735497,34.1273613723694,34.27854537963867,4833200
2016-08-26,34.34219493115649,34.66047413465647,34.14327118780287,34.26262664794922,4807800
2016-08-29,34.35015371630534,34.35811236656202,34.031877518759806,34.2467155456543,4381900
2016-08-30,35.68691582848147,35.87788394419012,35.17767156703869,35.59939193725586,14198400
2016-08-31,35.59144084226827,35.93358997216866,35.48004401585156,35.82219314575195,11220500
2016-09-01,35.9176862750207,35.965429086963034,34.779841724090865,34.97080993652344,14287200
2016-09-02,35.185635152446224,35.46412719845214,35.05036541914646,35.16176223754883,5968000
2016-09-06,35.432299279215655,35.71079436535494,34.93101358776921,35.34477233886719,5182200
2016-09-07,35.36068666222298,35.41638507247547,34.64456294383284,34.69230270385742,7266100
2016-09-08,35.00263532548019,35.00263532548019,34.572959162706105,34.72414016723633,6539800
2016-09-09,34.286489956455156,34.42971526705422,33.49079513549805,33.49079513549805,10857200
2016-09-12,33.75338667487146,34.70822145822815,33.387367635774496,34.652523040771484,14138000
2016-09-13,34.191016429633606,34.358111657547006,33.84886732371436,33.96821975708008,11695500
2016-09-14,33.94436335950578,34.15920146729632,33.68178547354191,33.848880767822266,9360400
2016-09-15,33.72156005196441,34.2865028589597,33.641988718723944,34.230804443359375,6936700
2016-09-16,33.94434485701457,34.27057964983359,33.84886231737699,34.14326858520508,10721600
2016-09-19,34.19101388424032,34.51724870102338,34.08757268808898,34.11144256591797,13094700
2016-09-20,34.43768642102004,34.87532119831352,34.055753098839006,34.087581634521484,7264900
2016-09-21,34.06372378493623,34.262647650225965,33.8250127183187,34.15920639038086,10801400
2016-09-22,34.48542653500421,34.66843604790108,34.326286904339455,34.50929641723633,7446300
2016-09-23,34.4854227666267,34.557035440833594,34.28649900886704,34.34219741821289,4948100
2016-09-26,33.96027122562577,34.22284906206635,33.93640134104106,33.99209976196289,5585900
2016-09-27,34.525206911111496,34.525206911111496,34.01596257690049,34.34219741821289,8302200
2016-09-28,34.454090872391184,34.74180819012629,34.41413081131847,34.68586349487305,6266300
2016-09-29,34.518017912621254,35.069476986238456,34.454082440303544,34.478057861328125,8816400
2016-09-30,34.629924443886544,35.261300828759616,34.5420104659433,35.08547592163086,9351000
2016-10-03,34.933622100682214,35.08547462013584,34.66188938291835,34.989566802978516,5349900
2016-10-04,34.79774715951072,35.149399907347274,34.39014667686973,34.49404525756836,6014700
2016-10-05,34.637920758159936,34.72583475011407,34.32622791305581,34.39016342163086,5878300
2016-10-06,34.286261284304125,34.45409539208034,34.094448697733,34.37417221069336,4203100
2016-10-07,34.45408701521746,34.510031704207634,33.91062170894987,34.11841583251953,6807500
2016-10-10,34.23031349038862,34.557990882588776,34.22231964859302,34.39814758300781,5214400
2016-10-11,34.35019834805634,34.40614305320116,33.63090797529805,33.830711364746094,6037300
2016-10-12,33.79074707834875,34.006535097335124,33.66287303547805,33.89464569091797,4281000
2016-10-13,33.51102764567264,33.662877137347905,33.19933481874245,33.46307373046875,5906700
2016-10-14,33.73479999821628,33.9905480659379,33.558975107131076,33.60692596435547,4500100
2016-10-17,33.495025255915074,33.72679781676433,33.48703446532832,33.558963775634766,4057300
2016-10-18,33.84669105659519,33.99854357527252,33.65488152077634,33.662872314453125,4991900
2016-10-19,33.63889483495025,33.790744295617344,33.38314677027018,33.67086410522461,5974200
2016-10-20,33.64687247341538,33.870654229087826,33.35116446088233,33.63888168334961,8088200
2016-10-21,33.41511866451872,33.76677151887855,33.11940746439581,33.73480224609375,7541300
2016-10-24,33.91062285870764,34.190346313142676,33.74278878604662,34.054481506347656,5457500
2016-10-25,34.08645507821302,34.2702738070281,33.90263330064056,34.17436599731445,9774700
2016-10-26,35.75680998738887,35.75680998738887,34.390152713146264,35.421138763427734,21415300
2016-10-27,35.6049628977608,35.62094753454664,35.0295312172593,35.08547592163086,7592200
2016-10-28,35.708859299194216,36.30826942210089,34.965590502889334,36.12445068359375,11470100
2016-10-31,36.22836388868593,36.49210286367425,35.908677141494074,35.91666793823242,10294100
2016-11-01,35.988579161475904,36.14043166178213,35.32523361128059,35.485076904296875,7425700
2016-11-02,35.54102799630149,35.636932769869546,35.141421216217175,35.157405853271484,7351700
2016-11-03,35.19736286025877,35.20535365371204,34.589958900054846,34.61393737792969,6943700
2016-11-04,34.09444156430166,34.51003287428872,33.91861365079564,34.054481506347656,7520800
2016-11-07,34.5020405434689,35.36519246708595,34.49404975103117,35.341217041015625,8820000
2016-11-08,35.89267134604494,37.08350057632707,35.53302472960021,36.77180480957031,15393600
2016-11-09,35.21334873506236,36.468113715648585,35.10145628147656,35.17338562011719,15781800
2016-11-10,34.997544388693214,35.04549522624055,33.06344699037082,33.503013610839844,20053100
2016-11-11,33.447086079832836,33.50303078481999,32.75177114016548,32.91960525512695,12640600
2016-11-14,33.015509337372805,33.31920825897363,32.504010158806196,33.10342025756836,11783100
2016-11-15,33.26326834288719,34.03850649101837,33.19933284184715,33.86267852783203,9941300
2016-11-16,33.69483423277462,34.16637022448978,33.65487417559678,34.006526947021484,9498200
2016-11-17,34.12641220075165,34.37416639927098,33.654876180939766,34.358184814453125,9950600
2016-11-18,34.16638124576713,34.534018768405645,33.88665770653302,34.30224609375,9760000
2016-11-21,34.14239887231776,34.526020954744595,34.14239887231776,34.35019302368164,6073500
2016-11-22,34.430115445499005,34.74979898283794,34.318223006235286,34.68586349487305,7599300
2016-11-23,34.44609479238827,34.65389197447392,33.87865403526298,33.96656799316406,8454500
2016-11-25,33.99054808521348,34.693856796225504,33.99054808521348,34.58995819091797,3702900
2016-11-28,34.55000340618444,34.589963476252464,34.15039660798833,34.30224609375,8303300
2016-11-29,34.30223475375566,34.462078029943015,34.07845599634752,34.2542839050293,4870700
2016-11-30,34.286262389910256,34.422127229512824,32.93558954411351,32.95956802368164,12184000
2016-12-01,33.03948790450434,33.12740188180923,32.519997883388776,32.6398811340332,14247000
2016-12-02,32.7597470437332,32.999510369348755,32.64785464627358,32.903602600097656,7444600
2016-12-05,33.039478569235484,33.215306474165274,32.71180123198434,32.79172134399414,7456100
2016-12-06,32.799714549651334,32.879634660114384,32.368138636134574,32.48802185058594,9695900
2016-12-07,32.92758119023101,33.550966448919695,32.81569184110803,33.51899719238281,8967700
2016-12-08,33.503019422271045,33.503019422271045,32.983532616608855,33.03148651123047,6691000
2016-12-09,33.095432020497306,33.527008056640625,32.97554877198272,33.527008056640625,6261600
2016-12-12,33.43908577495965,34.158378989866534,33.42310114254429,34.09444046020508,6232100
2016-12-13,34.1503882267526,34.773773703343856,33.99054493695153,34.43011474609375,7706400
2016-12-14,34.50203429428315,34.84569623324518,33.982547514723194,34.23030471801758,10851400
2016-12-15,35.88468254338969,36.57999734122503,35.16538927062407,35.73283004760742,21568200
2016-12-16,35.860712132800174,35.860712132800174,35.16539717860272,35.46110534667969,17684700
2016-12-19,35.54900317345939,35.684871004354164,35.21333508905425,35.63691711425781,17984700
2016-12-20,35.10944601537921,35.82873931761216,35.10944601537921,35.421138763427734,6531900
2016-12-21,35.49307265290238,36.084492005015306,35.49307265290238,35.86071014404297,8179300
2016-12-22,35.85270747520196,36.05251079100335,35.72483347503934,35.948612213134766,5285100
2016-12-23,35.88468429832392,36.00456448380948,35.78078569856393,35.97259521484375,2354000
2016-12-27,36.0605213567106,36.19638927131497,35.90867185098415,35.996585845947266,5964900
2016-12-28,36.10090539627234,36.21326877494441,35.82802159306625,35.89223098754883,8334300
2016-12-29,35.87617727501373,36.14103336300417,35.852097222162,35.98854064941406,3226700
2016-12-30,36.084847312380155,36.09287501625079,35.482898112304845,35.5792121887207,5595100
2017-01-03,35.88420339344117,36.02064682630264,35.651448930230245,35.99656677246094,6169900
2017-01-04,35.996569315598514,36.277480844666634,35.85210122903152,35.95643997192383,4817700
2017-01-05,35.93236499227189,36.221301181602435,35.83605394971932,36.11696243286133,7145800
2017-01-06,36.18117152170752,36.413922950717065,35.79592123149466,36.16511917114258,5118600
2017-01-09,36.34169007416338,36.34169007416338,35.81197473515562,35.86815643310547,6490100
2017-01-10,35.76381807963526,35.92433545515094,35.402647861379606,35.450801849365234,10070500
2017-01-11,35.41067171609921,36.349714262630435,35.40264707217138,36.17314147949219,8076800
2017-01-12,36.11695765099624,36.26142572653402,35.916307886268484,36.02867126464844,4278800
2017-01-13,36.09288906575119,36.253406465583296,35.643432385871094,35.79592514038086,5273100
2017-01-17,35.76381738298968,36.03670120239258,35.63540164807494,36.03670120239258,5090900
2017-01-18,36.116956181554855,36.48615099883162,36.036697503598106,36.14103317260742,5577000
2017-01-19,36.12498921707034,36.14104156872536,35.63540626912083,35.787899017333984,6937700
2017-01-20,36.060778947850686,36.4781308604443,35.86815381062567,36.27748107910156,9815200
2017-01-23,36.16510948178045,36.27747284395778,35.73170531766332,36.00458908081055,7453400
2017-01-24,35.98855694770152,36.245388508835305,35.852113458657726,36.060791015625,8751900
2017-01-25,36.237346954259586,36.41391665660837,36.05274648550723,36.18918991088867,6783000
2017-01-26,36.18919466125026,36.18919466125026,35.7798704547207,35.80394744873047,4829800
2017-01-27,35.860131268562945,35.92433761028648,35.434754686916804,35.474884033203125,9441400
2017-01-30,35.45883505111409,36.028679782867265,35.33844393914453,35.65948486328125,7350200
2017-01-31,35.65145642020419,35.75579517764544,35.25015680415503,35.539093017578125,10229500
2017-02-01,35.45882485403378,35.59526521746746,35.033448354302564,35.226070404052734,6027200
2017-02-02,35.21804820545552,35.59526768809544,35.21804820545552,35.322383880615234,5258300
2017-02-03,35.5711972982498,35.739742400182664,35.31436579196932,35.603302001953125,5238700
2017-02-06,35.59526768809544,35.70763413019992,35.24212519792738,35.322383880615234,4567100
2017-02-07,35.34646127756338,35.42671995421773,35.17791621958588,35.258174896240234,7063200
2017-02-08,34.98528620673986,36.3015479141242,34.97726156486783,35.69157409667969,15334500
2017-02-09,35.79591699812248,36.28550291659776,35.707633672965294,35.87617874145508,11048800
2017-02-10,35.95644431379178,36.357743922342294,35.80395156474487,36.10894012451172,9971200
2017-02-13,36.173137868459044,36.2533965464158,35.63539799046972,36.14103317260742,6873100
2017-02-14,36.124989414581464,36.253405166850705,35.892237968493674,36.10894012451172,5640700
2017-02-15,35.94841922282432,36.50221157355206,35.71566471795076,36.41392517089844,5831900
2017-02-16,36.30155443959904,36.34971148450328,34.5278112848698,34.672279357910156,20664000
2017-02-17,33.59680676248664,34.43953540448189,33.14735005797497,34.110469818115234,29197400
2017-02-21,35.5230401057367,36.14906957884565,35.266208600446426,36.09288787841797,17097600
2017-02-22,35.80395486386867,35.996576979185015,35.5792280421085,35.8360595703125,8174900
2017-02-23,35.86815084053175,36.213268680797285,35.450798962497316,36.02867126464844,6280300
2017-02-24,36.10091796252173,36.42998356960722,36.0046068989457,36.421958923339844,5972200
2017-02-27,35.908278900217915,35.91630354270069,35.09765223421502,35.129756927490234,9277300
2017-02-28,35.193967084680075,35.3785675602779,35.033449724169195,35.25014877319336,8218900
2017-03-01,35.44279240218175,35.63541762173488,35.25819489185009,35.34648132324219,11534800
2017-03-02,35.49896862655073,35.49896862655073,35.089644308145246,35.13779830932617,7334000
2017-03-03,35.19397110433838,35.2341035107222,34.88898563519606,35.097660064697266,5758800
2017-03-06,34.84885818677175,35.18595146598315,34.78465183843393,35.0334587097168,5435700
2017-03-07,34.897011333033895,35.07358412910075,34.656232195825446,34.69636154174805,7799000
2017-03-08,34.68833201340319,34.85687707955208,34.575968635970604,34.624122619628906,7231200
2017-03-09,34.72846257842541,35.25817784905479,34.600046848020476,35.153839111328125,7432300
2017-03-10,35.31437230089498,35.330424655705315,35.08964545689757,35.1939811706543,7144600
2017-03-13,35.10568306314736,35.50698257979129,34.953187287352364,35.48290252685547,5812100
2017-03-14,35.41870564319144,35.53106904795389,35.16989877430802,35.202003479003906,9841200
2017-03-15,35.41067283883085,36.084856232030376,35.32238644446251,35.75579071044922,7940500
2017-03-16,35.75579356673331,36.036705122315624,35.57119611906817,36.020652770996094,6882600
2017-03-17,36.16511617734015,36.21327016337589,35.84407531596329,35.91630935668945,15067000
2017-03-20,35.82801995945125,35.88420164622563,35.53908382079885,35.66749954223633,6801100
2017-03-21,35.72368064550297,35.74776069777888,35.36251353975904,35.394615173339844,6383900
2017-03-22,35.46685430412551,35.587245397790944,35.12173643473546,35.314361572265625,5623500
2017-03-23,35.234098976415346,35.539084406308824,35.15383723564941,35.33041000366211,4556100
2017-03-24,35.4026459284694,35.4026459284694,34.99331868290384,35.153839111328125,5982600
2017-03-27,35.025412521011056,35.20198524369722,34.88094448638993,34.93712615966797,9414100
2017-03-28,34.83279878654492,35.2581752885562,34.559914996542595,35.073577880859375,6172400
2017-03-29,35.1219489247904,35.35571980876183,34.92848569843253,35.26704788208008,5171100
2017-03-30,35.18642892810418,35.194488612359166,34.83174132005096,34.88816833496094,6918400
2017-03-31,34.80756456898673,35.07357724107607,34.72695541381836,34.72695541381836,8233900
2017-04-03,34.84788449518845,34.904311543667816,34.597991084034454,34.70278549194336,12837500
2017-04-04,35.17836306427438,35.25091251633344,34.831738246107896,35.03326416015625,9833200
2017-04-05,35.12195033333913,35.799077802832635,35.033278403101235,35.47663497924805,8553700
2017-04-06,35.420200285820684,35.71039814927531,35.19449220315242,35.5572395324707,7272000
2017-04-07,35.57337720049497,35.77490323912789,35.42021544310623,35.61368179321289,5818000
2017-04-10,35.65397635824939,35.91999213044869,35.597549329305735,35.791015625,6773700
2017-04-11,35.702344609668074,35.87162570080775,35.42020638272609,35.51694107055664,5484000
2017-04-12,35.33960613068166,35.84745260722386,35.299301538108566,35.782962799072266,4753500
2017-04-13,35.863563713702916,35.91192797947311,35.500816345214844,35.500816345214844,3970300
2017-04-17,35.64591449944982,35.70234152495437,35.45244821554691,35.581424713134766,4854200
2017-04-18,35.62979333132436,36.1940666816591,35.57336630379512,36.06509017944336,6477400
2017-04-19,36.11345604196754,36.218250415600124,35.919992817614684,35.96835708618164,4718500
2017-04-20,36.04897447848256,36.47620864545425,35.83938570125811,36.25856018066406,4911700
2017-04-21,36.258563262464484,36.32305306864347,36.129586725149736,36.226318359375,5962200
2017-04-24,36.47618864926266,36.80669100904991,36.379457076287224,36.58904266357422,8241300
2017-04-25,36.61323011249089,36.81475604593712,36.58904798449069,36.6857795715332,6259400
2017-04-26,36.73415777242364,36.80670725293376,36.33916854801281,36.37141036987305,5464300
2017-04-27,36.403653783926465,36.589057321001825,36.22630993322721,36.27467727661133,5047000
2017-04-28,36.29886245727539,36.35528949177142,36.089276768439106,36.29886245727539,4096900
2017-05-01,36.30692257091764,36.37140928776215,35.48469617461313,35.51694107055664,9300500
2017-05-02,35.6459130895196,35.66203553546066,35.03327244392783,35.25898361206055,13098200
2017-05-03,36.274680321075024,36.984052708365795,36.137644115882594,36.29886245727539,12416400
2017-05-04,36.4761971142598,36.855066885979355,36.12151254767768,36.31497573852539,10566800
2017-05-05,36.41976552853257,36.58904656806423,35.96028666406574,36.137630462646484,7279700
2017-05-08,36.08927467910227,36.28273790759045,35.83938134434224,35.944175720214844,7633000
2017-05-09,35.895814646066995,35.99254935225186,35.6298018916664,35.710411071777344,5785200
2017-05-10,35.71847233152554,35.871630997307555,35.43633406292542,35.67010498046875,5779500
2017-05-11,36.21824732256238,36.21824732256238,35.64591430975219,36.0005989074707,5402900
2017-05-12,35.94417939473374,36.25855947944756,35.67010389715501,36.16988754272461,7421900
2017-05-15,36.363346601785935,36.99210664560721,36.16988031712586,36.92761993408203,11000700
2017-05-16,36.92761315170205,37.000162610744354,36.532620969129084,36.6857795715332,10171600
2017-05-17,36.70996645335506,36.790575600403194,36.145693198892545,36.16181564331055,9529900
2017-05-18,36.07315129174126,36.46008081368669,35.95223447080223,36.27467727661133,6291100
2017-05-19,36.274669467281235,36.91149218038355,36.169875116697376,36.86312484741211,6900600
2017-05-22,36.79864182117497,37.346792682774996,36.72609235199137,37.16944885253906,6732300
2017-05-23,37.14527514721154,37.49995981309812,37.05660321197919,37.121089935302734,6289600
2017-05-24,37.185571298473434,37.22587587578829,37.00016778279139,37.16944885253906,5632900
2017-05-25,37.26618032615037,37.580560333194256,37.14526659461771,37.50801086425781,4607400
2017-05-26,37.645059353873236,37.74985374028251,37.40322875642658,37.43547058105469,6810500
2017-05-30,37.443521142786054,37.443521142786054,37.193627864326174,37.3709716796875,5617200
2017-05-31,37.362922524591404,37.693425071263675,37.233945996013034,37.55638885498047,6041300
2017-06-01,37.604742358326995,37.854632560713405,37.41933578391906,37.84657287597656,5669300
2017-06-02,37.99167861002516,38.07228777200695,37.69341794559923,38.040042877197266,5887200
2017-06-05,38.00779959534609,38.04810417478655,37.73372415009176,37.88688278198242,6341900
2017-06-06,37.87882928589222,38.04811039222976,37.68536296790447,37.73373031616211,5246900
2017-06-07,38.031985677709926,38.031985677709926,37.65311582653007,37.69342041015625,4906700
2017-06-08,37.52413335249058,37.70953686775029,37.354852283128515,37.39515686035156,9503600
2017-06-09,37.499962374218136,37.499962374218136,36.621308799245604,36.77446746826172,10745900
2017-06-12,36.597118405126345,37.00823004240079,36.31498019421353,36.572933197021484,12968500
2017-06-13,36.508449405758114,36.92762383762984,36.35528768399112,36.790584564208984,7528100
2017-06-14,36.61323157295578,37.16138237979804,36.61323157295578,36.86312484741211,7121500
2017-06-15,36.76640610356942,37.01629639030154,36.500390291837014,36.98405456542969,6269700
2017-06-16,36.60518506287129,36.8389559771402,36.057034058744236,36.42784118652344,15425900
2017-06-19,36.572937717412735,36.67773209870672,36.242435199525,36.6616096496582,5071600
2017-06-20,36.66160987549469,36.774463944486754,36.290802770222854,36.29886245727539,7156800
2017-06-21,36.460086195279835,36.54069844615191,36.226315280315234,36.25856018066406,7090200
2017-06-22,36.258553371618284,36.443956901242444,36.08120952804632,36.15375900268555,5005500
2017-06-23,36.331101276256184,36.33916403700233,36.1537574403479,36.19406509399414,8256200
2017-06-26,36.35528340841014,36.54069000506456,36.186002333248,36.19406509399414,5281000
2017-06-27,36.27467927740596,36.27467927740596,35.420207947411704,35.444393157958984,10854000
2017-06-28,35.67107675421573,36.0030135579018,35.61440484298061,35.654884338378906,8867300
2017-06-29,35.541537433090696,35.67107366016199,34.74812456784337,34.9100456237793,6331500
2017-06-30,35.29056272118279,35.33104221660192,34.94243350148072,34.96672058105469,5790500
2017-07-03,35.193412169991575,35.282468915111,34.934339686946494,34.97481918334961,4244400
2017-07-05,34.93433578962141,35.15292566348956,34.81289422557264,34.9100456237793,6965400
2017-07-06,34.81289964733098,35.09625922305881,34.76432239646861,34.86147689819336,7093500
2017-07-07,34.80480820829334,35.11245489376707,34.723846116020226,34.99101638793945,9145000
2017-07-10,35.03149178966418,35.15293028127818,34.812898798693766,34.85337829589844,5127600
2017-07-11,34.85338373918919,34.96672758441901,34.61859829499134,34.8048095703125,4886000
2017-07-12,35.06387023718359,35.19340645768085,34.96671575552031,35.007198333740234,5371000
2017-07-13,34.95863458019168,35.14484277597271,34.829098309718425,35.047691345214844,4927600
2017-07-14,35.23388705660432,35.371517944045635,35.063871340922496,35.31484603881836,6092600
2017-07-17,35.33914306465139,35.42819672702012,35.20960681492946,35.371524810791016,4479200
2017-07-18,35.42820551998377,35.517262292843405,35.27438215038258,35.46059036254883,3761300
2017-07-19,35.428197713344524,35.768232308573566,35.29866146001629,35.73584747314453,4785200
2017-07-20,35.75203324239531,35.857282393773545,35.42819112510261,35.46867370605469,6771900
2017-07-21,35.444377589457034,35.71154775462949,35.39580344188881,35.64677810668945,7572100
2017-07-24,35.582018413785185,35.80870604854809,35.35532769063488,35.42009735107422,5105900
2017-07-25,35.82490145725052,35.930150620065554,35.58202138708228,35.81680679321289,7325800
2017-07-26,35.88157239504588,35.978723802794065,35.671077163526874,35.80061340332031,4323300
2017-07-27,35.65488571697151,35.83299612128814,35.42010031084091,35.81680679321289,7559200
2017-07-28,35.922042581640056,35.93014033174661,35.50914688942232,35.565818786621094,6700600
2017-07-31,35.61441530588153,35.7034689865652,35.322957911968594,35.638702392578125,6959900
2017-08-01,35.65488055856921,35.66297522143573,35.290558961831586,35.31484603881836,6764800
2017-08-02,35.64678496999657,35.76012878732765,34.64287994073203,35.70345687866211,13439200
2017-08-03,35.78441911272888,35.90585759395566,35.112447780735216,35.144832611083984,10048600
2017-08-04,35.28248112165517,35.428206741444995,35.07198272611346,35.20151901245117,8144300
2017-08-07,35.266284903953064,35.67108614123651,35.1448432974127,35.61441421508789,7424900
2017-08-08,35.436296231327795,35.590119570354304,35.24199030294719,35.33104705810547,6064800
2017-08-09,35.24198312197107,35.42009659599488,35.031487906805296,35.19340896606445,4729400
2017-08-10,35.01529409711089,35.298653623235516,34.96671685475215,35.03148651123047,6059600
2017-08-11,35.088161116536455,35.41200324707373,34.98291196085373,35.29056167602539,4875000
2017-08-14,35.428189937786314,35.646782896375015,35.33913629248325,35.379615783691406,6213600
2017-08-15,35.36341522385398,35.565815721660655,35.31483799256123,35.5091438293457,7947400
2017-08-16,35.800611578122165,36.01110679890963,35.622498099341485,35.77632141113281,6632900
2017-08-17,35.185312104826245,35.81680394307765,35.1367379476905,35.144832611083984,6703400
2017-08-18,35.18531392468159,35.274370668553196,34.7400332937111,34.764320373535156,6761000
2017-08-21,34.731927525600085,35.071958887974134,34.66715788226032,34.90194320678711,3841800
2017-08-22,34.91005210106007,35.20960719105713,34.91005210106007,35.169124603271484,3608500
2017-08-23,35.2096073723407,35.2096073723407,34.84528569910892,34.89385986328125,3860800
2017-08-24,34.804806098405955,34.88576509738325,33.83328266873912,33.90614700317383,16105600
2017-08-25,33.970910816023114,34.165216721475545,33.52563018116298,33.58230209350586,11397800
2017-08-28,33.695645507081764,33.752317418733206,33.161308134091364,33.43657302856445,12895800
2017-08-29,33.42847785831082,33.99520005462646,33.25036437388341,33.91423797607422,7619600
2017-08-30,33.808992877828565,34.25427664236539,32.699838519772925,33.7037467956543,27452200
2017-08-31,33.638972003472695,33.638972003472695,32.76460320195299,32.918426513671875,16939200
2017-09-01,33.023670416432644,33.16939904157517,32.86984404078946,33.096534729003906,6811700
2017-09-05,33.15322263671371,33.2989513322201,32.82128573881322,32.9751091003418,10647000
2017-09-06,33.01558251895362,33.02368027187093,32.56220718399528,32.861759185791016,10298500
2017-09-07,33.072255349049016,33.24227419274097,32.86985475795719,33.161312103271484,12150300
2017-09-08,33.16940320843206,33.34751359279128,32.87794592153311,32.89413833618164,9829200
2017-09-11,33.05604955039098,33.37179382104236,32.9588950914318,33.347503662109375,8704500
2017-09-12,33.46086433474917,33.517536248328106,33.11273510082843,33.1775016784668,6191200
2017-09-13,33.193696361036615,33.46086661905162,33.04796769091713,33.29084777832031,8289300
2017-09-14,33.29084378311312,33.412285356434545,32.82937074591172,32.93461990356445,8554700
2017-09-15,32.894133232127366,33.250357033959276,32.894133232127366,33.08034133911133,11392300
2017-09-18,33.19368964162085,33.19368964162085,32.918424774715824,32.95890426635742,9676900
2017-09-19,32.98319681915654,33.08844288736426,32.76460384240689,32.853660583496094,7553200
2017-09-20,32.91032836476256,33.02367217069731,32.57029385857123,32.71602249145508,11213800
2017-09-21,32.8131753258148,32.95080930220292,32.49743097015418,32.53791046142578,8272700
2017-09-22,32.513628739464664,32.724123981778746,32.41647732673414,32.4245719909668,15694000
2017-09-25,32.465048706096475,32.958906568425135,32.42456921162752,32.78889083862305,9303200
2017-09-26,32.89413833618164,33.10463354983793,32.75650435586278,32.89413833618164,9038600
2017-09-27,33.03177012211804,33.03177012211804,32.61887434676105,32.84556198120117,9336200
2017-09-28,32.951390160766685,33.25257542019044,32.83742833856455,32.983951568603516,7461800
2017-09-29,33.04906972525785,33.17931224525509,32.80486538841637,33.0979118347168,8136300
2017-10-02,33.04906554927007,33.70841997013185,33.0165072523047,33.45607376098633,18913500
2017-10-03,33.61074768238513,33.61074768238513,33.23630077467086,33.32583999633789,8036200
2017-10-04,33.4153763797527,33.57004150059708,33.293275769073254,33.39095687866211,5735800
2017-10-05,33.43979616511675,33.5618967654959,33.33397316060719,33.45607376098633,6758500
2017-10-06,33.49677233698074,33.58631152252639,33.39908814419784,33.480491638183594,5047100
2017-10-09,33.7084174251925,33.71655622251282,33.13860535076452,33.220008850097656,4700500
2017-10-10,33.28512044194944,33.8874937694787,33.23628145946412,33.740970611572266,10650000
2017-10-11,33.74097857372246,34.034024958688015,33.7002783769719,33.95262145996094,6807000
2017-10-12,33.99333141534248,34.10729634627687,33.79796917276583,34.034034729003906,5110200
2017-10-13,34.18868858067453,34.18868858067453,33.879361481195595,33.92820358276367,7051300
2017-10-16,33.895649310459525,33.99333042891331,33.73284537621871,33.8223876953125,4496800
2017-10-17,33.692134512094974,33.74097660848643,33.35838794981785,33.480491638183594,6209800
2017-10-18,33.220008850097656,33.48049383751171,33.14674725331083,33.220008850097656,5691600
2017-10-19,33.244445755406645,33.30142668216433,33.06536106832383,33.154903411865234,6209800
2017-10-20,33.10604924329042,33.42351828360056,33.10604924329042,33.39095687866211,7610900
2017-10-23,33.488642238740304,33.602604065262796,33.27699929023095,33.40724182128906,5457500
2017-10-24,33.415379418516466,33.7165646785204,33.32583709940608,33.447940826416016,8816600
2017-10-25,33.309550837886675,33.46421594699088,33.00022683013075,33.439796447753906,5941300
2017-10-26,33.61887657302346,33.65957677182578,33.28512997448268,33.30141067504883,6209100
2017-10-27,32.86999240923779,33.28513952449523,32.85371170400045,33.11419677734375,9946900
2017-10-30,32.93510757807548,33.10605030162731,31.90130622742978,31.990848541259766,13981600
2017-10-31,34.4573208540519,34.58756337331477,33.64330433235232,33.72470474243164,16672500
2017-11-01,34.066587463762104,34.09101006901197,33.553759331910086,33.594459533691406,7619900
2017-11-02,33.58631372417405,33.74911761759187,33.28512853974796,33.504913330078125,6897100
2017-11-03,33.50491989471079,33.65958191588642,33.29327696545852,33.350257873535156,5149800
2017-11-06,33.325834887879175,33.33397679192714,32.723464407845064,32.90254592895508,5571000
2017-11-07,32.98394968500971,33.59446207356566,32.85370716632684,33.54561996459961,7540400
2017-11-08,33.350258517842214,34.00147112646092,33.350258517842214,33.86308670043945,11386400
2017-11-09,33.62701812045361,33.88750311630624,33.55375652129344,33.659576416015625,6748500
2017-11-10,33.47235976609872,34.253818016395435,33.39909815217174,34.14799499511719,10149400
2017-11-13,34.05032287218261,34.34336630006694,34.05032287218261,34.22940444946289,6886700
2017-11-14,34.17240501426734,34.70151686858926,34.001462330954425,34.620113372802734,8426300
2017-11-15,34.571283975003446,34.709665298406236,34.09101408486584,34.14799499511719,8702700
2017-11-16,34.147987267343915,34.603834446195386,34.107287069978746,34.34334945678711,6832300
2017-11-17,34.39219164822971,34.81548053345043,34.31079125328289,34.432891845703125,9176600
2017-11-20,34.43289457923043,34.69337959001063,34.17240956845022,34.27823257446289,6252500
2017-11-21,34.432896086290455,34.4654574903697,34.2212531702282,34.44917678833008,6330500
2017-11-22,34.5550099320425,34.5550099320425,34.26196341984785,34.45732879638672,5872500
2017-11-24,34.4003263827036,34.62011114937305,34.27008390303566,34.310787200927734,3455200
2017-11-27,34.37590472916886,34.701512460501725,34.367765933236996,34.57126998901367,6480100
2017-11-28,34.66895718455915,34.80733847640003,34.522433990124085,34.685237884521484,5770800
2017-11-29,34.709660738669115,35.35273447585704,34.6689605374401,34.95386505126953,8954800
2017-11-30,35.00270715588014,35.27947287155429,34.80734184266402,34.95386505126953,9419200
2017-12-01,34.74222551110075,35.132953070200074,34.53057947582199,34.93758773803711,8957800
2017-12-04,34.59568899395701,35.30388222860549,34.59568899395701,35.09223937988281,9146300
2017-12-05,35.14108797243546,35.35273398424531,34.77478306124179,34.99456787109375,7055100
2017-12-06,35.157370686110134,35.344594104057585,34.97828917189708,35.27133560180664,8191800
2017-12-07,35.19808761456688,35.24692663496624,34.734095184179466,34.74223709106445,6837200
2017-12-08,34.91317384278279,34.937593348764786,34.62012735009048,34.717811584472656,5979600
2017-12-11,34.620115411991144,34.90502300618678,34.48987291628704,34.896881103515625,10830400
2017-12-12,34.81549078762234,34.986433530493876,34.74222916850212,34.905033111572266,14930600
2017-12-13,34.90502605188524,35.10853016325663,34.74222214174286,34.95386505126953,9000700
2017-12-14,34.91315271922486,34.994556198625006,34.79105215796249,34.81547164916992,9710300
2017-12-15,34.9131651785925,35.42599641353781,34.611979960391885,35.312034606933594,15777800
2017-12-18,35.36086311500103,35.80043261453129,34.87245463011769,35.09223937988281,11083700
2017-12-19,35.263188171695724,35.531815058756294,35.12480688216218,35.206207275390625,6997800
2017-12-20,35.312036774690185,35.3852983841798,34.91316732186305,34.96200942993164,7022400
2017-12-21,35.10039096280034,35.23877538390693,34.97829034971086,35.084110260009766,6411100
2017-12-22,35.16551857352427,35.385303433354494,35.11667645848633,35.29576110839844,8862600
2017-12-26,35.3445930480957,35.596939267473445,35.20621174100963,35.3445930480957,6874000
2017-12-27,35.31203027076836,35.48297295968366,35.12480688216218,35.206207275390625,5565600
2017-12-28,35.28803089821522,35.40257536066128,35.09985026403919,35.23075866699219,5011600
2017-12-29,35.1489443115395,35.3780363923851,34.99349153472888,35.018035888671875,19611400
2018-01-02,35.36166968640257,35.36166968640257,34.690763681489386,34.698944091796875,6516100
2018-01-03,34.77256839488512,34.99347685098483,34.658023963078236,34.8380241394043,8633800
2018-01-04,34.952592549252465,35.22258987786239,34.75622830208758,34.919864654541016,8718800
2018-01-05,35.03440093416507,35.48439845686457,34.93622039420046,35.36985397338867,10811500
2018-01-08,35.26348603068273,35.55803073935115,35.165305501494174,35.189849853515625,8140300
2018-01-09,35.29620584068755,35.29620584068755,35.091661297687644,35.17348098754883,5805300
2018-01-10,34.98530916301918,35.22258166268094,34.73985625213944,34.87894821166992,6494700
2018-01-11,34.919849837003625,35.018030358373224,34.60076080172555,34.780757904052734,6526500
2018-01-12,34.8953001214749,34.93620840566368,34.64166376574123,34.74802780151367,7179400
2018-01-16,34.78893624795635,35.34529765460426,34.77257230998412,35.17348098754883,8659500
2018-01-17,35.40257061157924,36.147112638704485,35.28802616449875,35.88529586791992,11557700
2018-01-18,35.81984988745677,36.0407584332837,35.37803591690585,35.738033294677734,6824600
2018-01-19,35.73802626568192,36.14711539132287,35.72984273535179,36.11438751220703,8893300
2018-01-22,35.746209904979175,36.335299297885705,35.746209904979175,36.22893524169922,6940100
2018-01-23,36.05710728311312,36.48256025390256,35.94256285272782,36.4089241027832,6831600
2018-01-24,36.482574462890625,36.62166329078655,36.37621039849189,36.482574462890625,6794200
2018-01-25,36.58892869741714,36.81801758586543,36.163475675226,36.38438415527344,7402900
2018-01-26,36.498938864446274,36.498938864446274,36.09803007580829,36.343482971191406,5733000
2018-01-29,36.78529521885015,36.826203509184715,36.253481202295795,36.4416618347168,10451700
2018-01-30,36.474394584872464,36.86711984249885,36.20439421463393,36.27803039550781,7110700
2018-01-31,36.269838071005,36.62983532530287,36.138926573694626,36.327110290527344,14784000
2018-02-01,36.29437960810761,38.07800804663782,36.23710739301641,37.52982711791992,20120900
2018-02-02,37.505296400224005,37.74256887528911,37.17802380557539,37.227115631103516,10937100
2018-02-05,37.07984308553452,37.79984091740878,35.95075607299805,35.95075607299805,14324200
2018-02-06,35.70529846029444,36.46620448524601,35.40257338060369,36.4498405456543,12196800
2018-02-07,36.23712040577134,36.63802605537503,35.87711992894855,36.04075622558594,8322200
2018-02-08,36.1389490820563,36.27804107402806,34.911681120311236,34.919864654541016,13672600
2018-02-09,35.04258002893311,35.28803290831382,34.21621815232476,34.47803497314453,13993500
2018-02-12,34.66621074860334,35.08348339393019,34.44530225186011,34.797119140625,15788600
2018-02-13,34.57621879108001,35.19803614052849,34.36349377433373,35.018035888671875,9240100
2018-02-14,34.90349573626252,35.43531302571933,34.39622592489519,35.148948669433594,10233100
2018-02-15,35.3207547586491,36.07348039728686,35.00166572964598,36.06529998779297,8637800
2018-02-16,36.04075134474757,36.23711549834025,35.76257061446763,36.11438751220703,6814900
2018-02-20,36.07349008742156,36.23712641117761,35.68894519476034,35.803489685058594,5158900
2018-02-21,35.92620292724613,36.15529181358994,35.64802222764207,35.68893051147461,10029700
2018-02-22,35.78711408220663,36.01620296819332,35.52529419966214,35.59893035888672,8485300
2018-02-23,35.82801977372263,35.958928144972305,35.43529465997359,35.795291900634766,8856200
2018-02-26,36.122571206639456,36.965293810535506,35.8280265354635,36.62984085083008,12241500
2018-02-27,36.32712213482394,36.49075531761001,35.91803293565296,36.00802993774414,11704100
2018-02-28,36.19621438527805,36.37621151389183,35.918033599853516,35.918033599853516,11833000
2018-03-01,35.97529474050637,36.13892787583653,35.30438889812635,35.68893051147461,8331200
2018-03-02,35.541668515018344,36.47439451123883,35.42712403857975,36.343482971191406,10029800
2018-03-05,36.06529693609497,36.94074736967865,36.03256905868383,36.86711120605469,7365100
2018-03-06,36.81803182380033,37.39893779906663,36.662579035252556,37.284393310546875,9352600
2018-03-07,35.590759898517504,35.9753047398521,35.45167107060669,35.65621566772461,20757100
2018-03-08,35.8116667660784,36.12257541309174,35.54984994367855,35.999847412109375,8374400
2018-03-09,36.35983769575143,36.35983769575143,35.89347637642456,36.22074890136719,9751800
2018-03-12,36.44984763005911,36.53166734392016,36.2698505017707,36.318939208984375,6134400
2018-03-13,36.56438773142396,36.67893531711752,35.967117936697704,36.03257369995117,7363000
2018-03-14,36.220761469211375,36.3353059563552,35.68894421192571,35.90167236328125,9521200
2018-03-15,35.81166778057685,35.95075660593454,35.337122825844666,35.50075912475586,5927200
2018-03-16,35.63984443041921,35.8525693945946,35.279844015673156,35.33711624145508,9650000
2018-03-19,35.24712570990116,35.36167018242927,34.54349181168248,34.64985275268555,17142800
2018-03-20,34.68258063658009,34.911669581636296,34.518944338210176,34.64985275268555,8369100
2018-03-21,34.10166986549198,34.57621162968685,33.62712498019476,34.388031005859375,14592000
2018-03-22,34.060756979445465,34.25711798602014,33.52075952971221,33.586212158203125,8815300
2018-03-23,33.65985475305515,33.98712732140312,33.14440155029297,33.14440155029297,11222000
2018-03-26,33.59439533160723,33.87257602222636,33.28348676653835,33.815303802490234,7314400
2018-03-27,34.12621792269898,34.13440145394294,33.29167563866776,33.471675872802734,6786800
2018-03-28,33.53748435393604,34.039272082556515,33.3647386847978,33.3894157409668,9293100
2018-03-29,33.71845527008786,34.62331615879335,33.6115161380846,34.327178955078125,10988000
2018-04-02,34.19555913576915,34.27781806673855,33.331827808682156,33.488121032714844,9436800
2018-04-03,33.767809098863495,34.13798060043965,33.586838805408675,33.87474822998047,16719000
2018-04-04,33.54571871869329,34.80430229381235,33.49636459204687,34.606876373291016,9448900
2018-04-05,34.74670716821133,34.9276774603633,34.59041079201697,34.713802337646484,6981500
2018-04-06,34.598639264340065,34.86187163819711,33.9241059140842,34.12152862548828,6879100
2018-04-09,34.22845938818833,34.65621267560297,34.187329928201216,34.286041259765625,8871400
2018-04-10,34.631541327347996,34.80429012414277,34.18733865295739,34.33540725708008,7066700
2018-04-11,34.195568416974965,34.66445135431218,34.13798652207235,34.409446716308594,7828900
2018-04-12,34.425886948490586,34.705571709356185,34.425886948490586,34.57395553588867,6851700
2018-04-13,34.72202907819855,34.771386327033674,34.47524910997805,34.62331771850586,6816600
2018-04-16,34.63154048322524,34.79606149912673,34.58218637503895,34.73847961425781,5820400
2018-04-17,34.86187033698031,34.870094975491234,34.376535077425714,34.47524642944336,5065600
2018-04-18,34.582179418482816,34.5904040555336,34.36830119944143,34.54104995727539,7385500
2018-04-19,34.351856717382795,34.549282569921004,33.644421662566444,33.73490524291992,7142200
2018-04-20,33.75958410562758,34.03926888855054,32.7724611577832,32.994564056396484,12143600
2018-04-23,33.10149870474925,33.233114870777044,32.91229752423092,33.19198226928711,7957300
2018-04-24,33.34828581315079,33.389415285530646,32.50100361983324,32.714881896972656,7894800
2018-04-25,32.71488055487901,32.838268966956704,32.47632523169368,32.640846252441406,6973500
2018-04-26,32.74778673006758,32.93698481339701,32.39406761924113,32.714881896972656,10153300
2018-04-27,32.73956505293087,33.07683181005034,32.71488799250058,32.84650421142578,7223500
2018-04-30,32.978110208604164,32.98633484687226,32.40228825254378,32.492774963378906,14581200
2018-05-01,32.4269657508726,32.591486760289975,31.711302968580853,32.07324981689453,9631500
2018-05-02,32.15551726870246,32.48455937468094,30.78177008491712,31.168394088745117,17155100
2018-05-03,31.17661340901752,31.35758369402788,30.855796030636636,30.905153274536133,9212400
2018-05-04,30.847573970311263,32.32825689329071,30.83112155430313,31.999217987060547,15714300
2018-05-07,32.10615806784133,32.41874773580022,31.76066670165879,31.826473236083984,7418500
2018-05-08,31.76066567430735,31.834699984377117,31.52211032652946,31.73598861694336,9404600
2018-05-09,31.818246271557292,32.040349192725266,31.6784022969059,31.89228057861328,7829900
2018-05-10,31.949866892089887,32.20487468236028,31.90050963456004,32.16374206542969,5762700
2018-05-11,32.25422324283868,32.377614796407485,32.048572745542366,32.27067565917969,7666100
2018-05-14,32.303569185251185,32.47631478940257,32.18840544915025,32.2624397277832,5870200
2018-05-15,32.1637353961514,32.67375087093844,32.1637353961514,32.41874313354492,9679700
2018-05-16,32.509239196777344,32.66553248451004,32.32826570931333,32.509239196777344,5989900
2018-05-17,32.54214403776686,32.7642470074786,32.369395191561054,32.509239196777344,5590600
2018-05-18,32.50100206550558,32.640846030482315,32.032119199248335,32.61616897583008,20267600
2018-05-21,32.67374604099782,32.830039260696715,32.27889753493457,32.36115646362305,7568100
2018-05-22,32.41052649149838,32.71488841330696,32.361169232024736,32.435203552246094,5687800
2018-05-23,32.320032520984526,32.59971731947578,32.23777044026503,32.4516487121582,7629100
2018-05-24,32.44341503768203,32.59971139364948,32.22131216707851,32.54212951660156,5529600
2018-05-25,32.492776459521615,32.747784189255526,32.38583732924902,32.55858612060547,4827700
2018-05-29,32.15550994479964,32.39406526040055,32.07325100602978,32.352935791015625,8190900
2018-05-30,32.42696798407612,32.86294915975422,32.352936819615984,32.640846252441406,6252000
2018-05-31,32.63262786538474,32.71488996841783,32.09793831657233,32.3035888671875,9241500
2018-06-01,32.39406093619922,32.78890943794649,32.270669406538275,32.54212951660156,9289000
2018-06-04,32.690189445865826,32.78890076068543,32.50098831366209,32.72309112548828,7070700
2018-06-05,32.67375223826963,32.73955876610662,32.18841693580871,32.295352935791016,8095900
2018-06-06,32.38583598853503,32.51745216727672,32.032116919795996,32.48455047607422,7962900
2018-06-07,32.27890096666208,32.558585747105326,32.17196183761625,32.34470748901367,5882500
2018-06-08,32.36937218124392,32.77244835188614,32.32824272823377,32.72309112548828,7717300
2018-06-11,32.71488459437798,33.19199216168245,32.66552734066599,33.09328079223633,6848500
2018-06-12,33.10150779644032,33.33183536575673,32.84650003185589,33.2578010559082,8043400
2018-06-13,33.17553770974048,33.323603171837554,32.871172732933374,33.01924133300781,9251500
2018-06-14,32.961656031909634,33.38118473462982,32.81358744718216,33.233116149902344,7167800
2018-06-15,33.16731981851221,33.710237134607745,32.96166927244605,33.57862091064453,13370600
2018-06-18,33.479904170251146,33.56216312032454,32.887629688193776,33.05215072631836,8244800
2018-06-19,32.91230524019148,33.381191275691634,32.82182165444065,33.18376541137695,8610200
2018-06-20,33.216675982370546,33.570395160962214,32.936991123437096,33.52926254272461,8344300
2018-06-21,33.54570763295255,33.58684024220301,33.27425061216911,33.5128059387207,8834600
2018-06-22,33.57039170757282,34.055727055855016,33.504582035545056,33.97346496582031,8878400
2018-06-25,33.96521996291697,34.30248648491595,33.75956956808891,34.09683609008789,8599100
2018-06-26,34.07217093883616,34.195562485354,33.734904268061754,33.87474822998047,4978200
2018-06-27,33.800715210454506,34.12975725498535,33.512805774973145,33.71845626831055,6409200
2018-06-28,33.809428501595505,34.11543271163408,33.60266830334318,33.82596969604492,5503500
2018-06-29,33.68537473082741,34.20641136963897,33.668833534605234,33.90867614746094,8391000
2018-07-02,33.85078888922587,33.933491728499725,33.51170220034531,33.79289627075195,4713700
2018-07-03,33.97484256505991,34.0740865922517,33.70191754664404,33.75154113769531,2751100
2018-07-05,33.900405615749115,34.644740483106084,33.701914424840986,34.619930267333984,7419100
2018-07-06,34.628197792190996,35.223668184289345,34.619928772260884,35.025177001953125,8891300
2018-07-09,35.05826609290217,35.15751012558568,34.76053083994073,34.87631607055664,3967600
2018-07-10,34.92593028693402,35.000364080189314,34.71090108136875,34.801876068115234,4697600
2018-07-11,34.69435896459222,34.9672807626586,34.619925173317746,34.94247055053711,4315400
2018-07-12,35.058256059077145,35.231933855293676,34.89284728200474,35.107879638671875,5232700
2018-07-13,35.116153716411105,35.43869914296551,35.041719913751585,35.42216110229492,4422900
2018-07-16,35.44696773761009,35.44696773761009,34.84322835698414,34.992095947265625,6823900
2018-07-17,34.909393504013615,35.52140512087079,34.834959701354094,35.42216110229492,7048200
2018-07-18,35.31465195652384,35.380813597142044,34.79361523391943,34.843238830566406,7347000
2018-07-19,34.801881502577025,35.15750617598456,34.65301389282012,34.934207916259766,6273300
2018-07-20,35.01690465353655,35.19885462380721,34.81014447092353,35.107879638671875,6759200
2018-07-23,34.9507476104355,35.01691239786145,34.32219790444257,34.471065521240234,6279600
2018-07-24,34.140242497105696,34.56203506299314,33.974836864509264,34.3387336730957,8714500
2018-07-25,33.90868028387966,34.537230042444406,33.90868028387966,34.322200775146484,9949500
2018-07-26,35.69507771892901,36.0920568900539,35.59583371487528,35.78605270385742,13448200
2018-07-27,35.89357336391919,35.976276185139255,35.40561914693583,35.48005294799805,8679800
2018-07-30,35.46351537283721,35.71989603773664,35.28983438268932,35.56275939941406,7855700
2018-07-31,35.711628228492,35.926657485856616,35.46351657617566,35.877037048339844,9298700
2018-08-01,35.79432696068203,35.82740935184414,35.39734773146811,35.42216110229492,8114400
2018-08-02,35.30636208245473,35.761236936436745,35.24846949284057,35.695072174072266,7936100
2018-08-03,35.80260000447318,36.580017286179555,35.695083808043286,36.191307067871094,9908100
2018-08-06,36.174762855857004,36.18303187498231,35.761242491571494,35.78605270385742,6513800
2018-08-07,35.84394006363499,35.84394006363499,35.42215074187148,35.51312255859375,6774700
2018-08-08,35.504856970417634,35.579290758496676,35.04998522322784,35.05825424194336,4744600
2018-08-09,35.14925138827927,35.2898468794747,34.82670582150213,34.86805725097656,5395000
2018-08-10,34.82669096283042,34.93420715752205,34.63647194447477,34.686092376708984,4491500
2018-08-13,34.710903926530904,34.81014794070271,34.47106133361456,34.653011322021484,5502800
2018-08-14,34.71090651139997,34.917666730019384,34.61993151042173,34.62820053100586,4532500
2018-08-15,34.38835234532838,34.67781531594841,34.355269961569014,34.57857131958008,5594000
2018-08-16,34.67782686693108,34.99210330750917,34.644744472152155,34.82669448852539,5676800
2018-08-17,34.76879451075667,35.42215747215315,34.75225331687079,35.32291030883789,6394900
2018-08-20,35.35599061149722,35.68680815988457,35.2650156279452,35.413883209228516,5168200
2018-08-21,35.480065722817315,35.57930977499692,35.04173177877696,35.19887161254883,4496600
2018-08-22,35.107880576334175,35.17404219598418,34.67781900642381,34.950740814208984,3936000
2018-08-23,34.801873498409854,35.06652626490721,34.66127494157136,34.810142517089844,5435700
2018-08-24,34.85976624367247,35.21539399172681,34.777060281968055,35.05825424194336,4805800
2018-08-27,35.25674971371547,35.34772470527891,35.00036593339218,35.14096450805664,3897500
2018-08-28,35.149230731309515,35.198854310462494,34.84322654714115,34.94247055053711,3811400
2018-08-29,34.94248839584182,35.32292656557634,34.901136969550954,35.18233108520508,4799800
2018-08-30,35.21540538825253,35.41389345075878,35.04172438992097,35.09961700439453,6186200
2018-08-31,35.04999417015091,35.42216320554666,35.000370580461265,35.3311882019043,7662800
2018-09-04,35.29810151945055,35.5131307388213,35.157502943203674,35.248477935791016,7181600
2018-09-05,34.90939175427899,36.10860155705952,34.90939175427899,35.9680061340332,8690300
2018-09-06,35.86875896552136,36.067250147634745,35.48832095095687,35.9680061340332,5725200
2018-09-07,35.190589330963306,35.306374551081774,34.55376746540111,35.16577911376953,10937700
2018-09-10,35.22366915435919,35.562755769218114,35.15750437345482,35.48005294799805,4862900
2018-09-11,35.322910700548555,35.504860680400775,34.983824109403166,35.44696807861328,7440200
2018-09-12,35.446977932160884,36.034176287754896,35.38908531428041,35.85222625732422,5613100
2018-09-13,35.98454855102761,36.290555958796354,35.72816788846169,36.282283782958984,6232200
2018-09-14,36.174779119769546,36.38980841771319,35.918395242876635,36.22439956665039,5270500
2018-09-17,36.183038141562534,36.373257163488915,35.860492706343436,36.14995574951172,5999000
2018-09-18,36.14169228726457,36.14169228726457,35.76952320673254,35.951473236083984,6323700
2018-09-19,35.95973720816677,36.050712210067076,35.81086959685911,35.92665481567383,5093500
2018-09-20,36.09206475253854,36.4807749892168,36.05071333808378,36.282283782958984,6520100
2018-09-21,36.431158279986754,36.67926996848896,36.2326701911495,36.34018325805664,9146000
2018-09-24,36.240925459166746,36.35671065952988,35.84394627724595,35.93492126464844,4536700
2018-09-25,36.058984118467954,36.092066513610256,35.653735820162716,35.77779006958008,5128800
2018-09-26,35.835671880767805,36.034159864490114,35.719883542868565,35.76123809814453,5248700
2018-09-27,35.65308895848792,36.085752277958036,35.40347635948496,35.83613967895508,7603300
2018-09-28,36.11069966644835,36.11069966644835,35.52826841234531,35.744598388671875,8076800
2018-10-01,35.79453896373964,35.89438337092819,35.61148823889691,35.636451721191406,4216900
2018-10-02,35.67804325983154,36.17726832938134,35.594836965576185,35.96925735473633,3767700
2018-10-03,36.127344779310945,36.18559077265263,35.48667376650404,35.5948371887207,4868000
2018-10-04,35.38682715754951,35.56155879424845,35.00408771334363,35.253700256347656,7889100
2018-10-05,35.2620163762823,35.478346363083716,35.13720853936157,35.29529571533203,5568000
2018-10-08,35.32857957708439,35.84444902698846,35.32026053550315,35.71131896972656,6107300
2018-10-09,35.85276965883953,35.96093624816498,35.470030249220734,35.57819366455078,4161000
2018-10-10,35.5282808976352,35.969263220113426,35.153860447419675,35.170501708984375,8494100
2018-10-11,35.29529846923067,35.51995068881927,34.155399287462224,34.27188491821289,9004000
2018-10-12,34.25524749727279,34.346772838541476,33.88083026334925,34.213645935058594,7255300
2018-10-15,34.05556174778633,34.42998218889485,34.05556174778633,34.14708709716797,8538100
2018-10-16,34.16372374021076,34.56310443207446,34.12211900593687,34.346771240234375,8909600
2018-10-17,34.37173320334321,34.554780695313276,34.0305953456773,34.246925354003906,10388000
2018-10-18,34.31349653477131,34.54646784301838,34.0139601818845,34.14708709716797,5286500
2018-10-19,34.51318041140761,34.995767394412624,34.47157885142335,34.77943420410156,8480000
2018-10-22,35.00408119520882,35.103925559019196,34.446613392106165,34.47989273071289,5366000
2018-10-23,34.33013153076172,34.53814251553705,33.847547696560746,34.33013153076172,7299200
2018-10-24,34.38005447387695,34.87927955560197,34.25524661644787,34.38005447387695,7630600
2018-10-25,34.23860790397086,34.39669510302213,33.91410811539887,34.113800048828125,8908300
2018-10-26,33.76434119952628,33.94738868952683,33.08206231754002,33.3732795715332,11109500
2018-10-29,33.63121113553253,34.1054790535217,32.99885920153935,33.3732795715332,9576500
2018-10-30,34.862637332344995,35.08728637065973,34.18036165377172,35.045684814453125,15431600
2018-10-31,35.01241697658624,35.220427999952854,34.18869192749607,34.9292106628418,16335500
2018-11-01,34.97080519454425,35.54491753484876,34.84600051004008,35.253700256347656,10329900
2018-11-02,35.162181993333576,35.24538830707802,34.3883839064864,34.9292106628418,11262900
2018-11-05,35.12056866868029,35.65307620243027,35.0872861543221,35.536590576171875,7154500
2018-11-06,35.50330550113534,36.16894304430892,35.40346113925731,36.15230178833008,8077900
2018-11-07,36.31039273887092,36.67649406052475,36.07742147890601,36.32703399658203,7138300
2018-11-08,36.30207741672257,36.59329152151809,35.88605545330286,36.56000900268555,5376300
2018-11-09,36.510085944413746,36.92610787987062,36.343676535431904,36.85954284667969,7150500
2018-11-12,36.66817075796893,37.25892110622688,36.66817075796893,36.98434829711914,9283300
2018-11-13,37.13412194546606,37.333810713706676,36.5100889902216,36.67649841308594,6624800
2018-11-14,36.443526509745496,36.65153750942897,36.11902985807863,36.41024398803711,7989100
2018-11-15,36.31871867613884,36.56833121939153,36.0441426567639,36.56000900268555,7895500
2018-11-16,36.609934843385865,37.192366259784365,36.46848889137262,36.83458709716797,6467700
2018-11-19,36.80129538496979,37.283882292710636,36.80129538496979,36.96770477294922,8330000
2018-11-20,37.14244362439383,37.40037840683955,36.24383775554351,36.35200119018555,9174700
2018-11-21,36.27711336284539,36.501765600393675,36.06910238444836,36.177268981933594,5380800
2018-11-23,36.044138125418606,36.63488847744852,36.00253656910578,36.43519973754883,2774200
2018-11-26,36.89282546009051,36.99266983614344,36.31871633029181,36.568328857421875,7938800
2018-11-27,36.4934445353373,37.06755366125738,36.39360015995891,37.059234619140625,6531400
2018-11-28,36.718105992306626,37.10916455002556,36.60162032941178,36.95939636230469,8109400
2018-11-29,36.876186302857235,37.30884952239926,36.70977688395712,37.0509147644043,5649300
2018-11-30,37.11748335378673,37.52518313641431,36.91779139719651,37.42533874511719,12994500
2018-12-03,37.30052797039195,37.56678175312187,37.167397905031535,37.46693420410156,6953700
2018-12-04,37.59174220574071,37.81639443095376,36.94274900445554,37.00099182128906,8628200
2018-12-06,36.92611017164881,36.934429214316246,35.97758060777698,36.81794357299805,10941800
2018-12-07,36.7014543255718,37.00930965794947,36.27711018932588,36.443519592285156,6915900
2018-12-10,36.63489226918646,36.743058865991365,35.819489619878155,36.55168914794922,7251700
2018-12-11,36.726409902513865,37.22563804719657,36.643206798730894,36.78465270996094,10176200
2018-12-12,36.584986846679705,37.117494661147234,36.510102736895405,36.668190002441406,7562700
2018-12-13,36.35200084238033,36.94275448852348,36.35200084238033,36.90114974975586,6102000
2018-12-14,36.77633384961831,36.809616360892775,36.1855835574739,36.235504150390625,6502000
2018-12-17,36.3520008088183,36.418565851588276,35.44507273205101,35.61980438232422,7848900
2018-12-18,35.76957142748492,35.94429989825662,34.829360858958054,35.06233215332031,10439500
2018-12-19,35.35354981028066,35.49499576217646,34.31349484400264,34.45494079589844,11258800
2018-12-20,34.43829506206084,34.613023511939495,33.706095572194194,34.246925354003906,11418300
2018-12-21,34.113799414067,34.8626401829984,33.589610875815026,33.8475456237793,17481400
2018-12-24,33.8808381426939,33.98900159480621,32.61613067848763,32.84910202026367,6641300
2018-12-26,32.96557599268999,33.306713839515574,32.26665904138935,33.28175354003906,8640100
2018-12-27,33.10701596830088,33.498074306266986,32.60778789843736,33.473114013671875,11149900
2018-12-28,33.64898715649936,33.900223353566034,33.27213126357857,33.406124114990234,7463500
2018-12-31,33.515003307037226,33.64899619443865,33.180019491212434,33.52337646484375,9114100
2019-01-02,33.24700860226438,33.60711498942851,33.046017727826104,33.406124114990234,7300800
2019-01-03,33.27214503915511,33.640624734437445,33.154901644958144,33.280521392822266,7454600
2019-01-04,33.464747431042355,34.28545408556826,33.464747431042355,34.20170974731445,7770200
2019-01-07,34.05096631818456,34.71255743148774,33.98397148860436,34.436195373535156,6095300
2019-01-08,34.5953126851783,35.27365008247259,34.5450641690433,35.24015426635742,11029300
2019-01-09,35.33227347665183,35.43277051382171,34.90517224992562,35.11453628540039,8532700
2019-01-10,35.11455159032356,35.46628178979726,34.905187463595965,35.457908630371094,7680200
2019-01-11,35.424405384336694,35.524899258697076,35.19829177104384,35.36578369140625,4755400
2019-01-14,35.290414215959466,35.70076928121978,35.12292228739112,35.57514953613281,10366400
2019-01-15,35.750997469122396,36.07760801070225,35.59188197038448,35.96036148071289,7624500
2019-01-16,35.968742827604515,36.077613023257356,35.583513759468914,35.7342529296875,6464600
2019-01-17,35.725882711377146,36.12786131917806,35.67563418741128,36.04411697387695,5860400
2019-01-18,36.337222119196625,36.41259330106689,36.02736423579297,36.31209945678711,7616800
2019-01-22,36.14461806153596,36.29536046896274,35.70914035059665,36.1194953918457,10983700
2019-01-23,36.24510669184629,36.446097604221556,35.91849925454839,36.437721252441406,8414000
2019-01-24,36.035736083984375,36.32884764490585,35.90174323159334,36.035736083984375,9214700
2019-01-25,36.21998144978494,36.32047530150425,35.725882153088904,35.77613067626953,5888400
2019-01-28,35.667259920618946,36.16135920965777,35.61701139821703,36.11111068725586,6437700
2019-01-29,36.17811297249549,36.49634726252207,35.88500134930391,36.3707275390625,7462500
2019-01-30,36.39584562803144,36.83132323470341,36.362346613370086,36.68895721435547,7714100
2019-01-31,36.84808029435017,38.78260565987486,36.84808029435017,38.74073028564453,15658000
2019-02-01,38.405746854951715,38.67373261835152,38.01214136730224,38.16288375854492,13278200
2019-02-04,38.305250569652166,38.65698066387775,38.1042596624932,38.615108489990234,8774900
2019-02-05,38.52298653796806,38.65697940683618,38.41411633368709,38.5062370300293,5776800
2019-02-06,38.46436191594885,38.79096930917253,38.34711856398565,38.69047546386719,6653500
2019-02-07,38.34711831911236,38.94171142578125,38.31361930601058,38.94171142578125,9393900
2019-02-08,38.59835835940596,39.285072222947825,38.51461401298067,39.27669906616211,8905300
2019-02-11,39.23482142474489,39.78754238519223,39.08407905420089,39.73729705810547,10105900
2019-02-12,39.77916512601297,39.99690230842887,39.67867128756267,39.82103729248047,8742800
2019-02-13,39.77917141667647,40.02203449309237,39.59493002151378,39.87129211425781,6595200
2019-02-14,39.5698115400881,39.91316850714761,39.259953592898384,39.62843322753906,7871800
2019-02-15,39.804299339976005,40.3737699142164,39.779176671732074,40.3318977355957,10522200
2019-02-19,39.91316332700096,40.46588430454804,39.73729828747279,40.28164291381836,7861200
2019-02-20,40.105770451548146,40.36538298183274,39.896406435246774,40.189517974853516,10711200
2019-02-21,40.122535386683474,40.58313576075763,40.09741271735077,40.541263580322266,6209200
2019-02-22,39.728919524052785,40.130898101985395,39.62842567823007,39.963409423828125,12798800
2019-02-25,39.971782059629795,40.0304037351502,39.41906112283613,39.53630447387695,10070500
2019-02-26,39.58655006007687,39.84616260003109,39.519552038937135,39.720542907714844,7475300
2019-02-27,39.66192146572831,39.67867097111004,39.360436758140345,39.46930694580078,8153400
2019-02-28,39.43581648715864,39.66193006688501,39.326946275888425,39.49443817138672,8498500
2019-03-01,39.51955960728235,39.64517932365589,39.38556673398356,39.55305862426758,8114500
2019-03-04,39.6535437277356,39.74566440678984,38.966830004329395,39.3520622253418,9588000
2019-03-05,39.377178565727235,39.48604873210478,39.15943823297215,39.30180740356445,8406500
2019-03-06,39.2431950183036,39.46930855823195,39.21807235652545,39.3353157043457,5660900
2019-03-07,39.326948625432046,39.553062218667314,39.15108356224096,39.201332092285156,8070100
2019-03-08,38.93333777266174,39.276694665966154,38.8328407346397,39.00870895385742,6699800
2019-03-11,39.0338211256472,39.49442124488204,38.958449964707626,39.46092224121094,6326200
2019-03-12,39.477684711094085,39.720547775526605,39.17619996830087,39.31856918334961,5856600
2019-03-13,39.46092827154046,39.779162465766156,39.427432457391426,39.59492111206055,6289700
2019-03-14,39.64518366588812,39.73730437536617,39.46094224693202,39.65355682373047,5617300
2019-03-15,39.720549042876684,40.16439982023856,39.67867687051759,40.0304069519043,9676900
2019-03-18,40.04715813646865,40.273271710245005,40.00528596235647,40.23139953613281,5817900
2019-03-19,40.35700845871146,40.61662100074594,40.256514620838104,40.39888381958008,6252400
2019-03-20,40.38214327486344,40.65850218899894,40.12253067522154,40.3486442565918,6560100
2019-03-21,40.22301678949419,41.0269770999808,39.95503108421252,40.93485641479492,6773900
2019-03-22,40.859498400678,41.31172562204156,40.859498400678,41.14423370361328,6978800
2019-03-25,41.07723073701456,41.4457135523382,41.0688575796855,41.37871551513672,5390300
2019-03-26,41.50433444381973,41.91468623258316,41.395464232770536,41.69694900512695,7059300
2019-03-27,41.62157945008804,41.856066195752696,41.303345156227216,41.562957763671875,7400100
2019-03-28,41.30197320703429,41.80709184153767,41.25987731127071,41.546112060546875,6416900
2019-03-29,41.67239188404787,42.05964970454176,41.60504102232762,42.02597427368164,6701200
2019-04-01,42.0765014519201,42.093339172965315,41.697660757070025,41.832359313964844,6196000
2019-04-02,41.78183924749269,41.840769651151255,41.63872025898893,41.79025650024414,5159500
2019-04-03,41.655557375454286,42.1101660926663,41.52927931720612,41.866024017333984,6810400
2019-04-04,41.79867935180664,41.9670501081813,41.71449076215299,41.79867935180664,5477200
2019-04-05,41.807098743610304,41.91654231002529,41.65556248594848,41.823936462402344,6246000
2019-04-08,41.731323957436565,41.81550932650027,41.63030087226692,41.76499938964844,6456400
2019-04-09,41.63872025898893,41.8576073681203,41.58821031954796,41.79025650024414,5037500
2019-04-10,41.89970112660155,42.02597918990032,41.71448944667056,41.84077072143555,4539800
2019-04-11,41.958628778917465,42.02597643263164,41.62188087594856,41.81550979614258,4670500
2019-04-12,41.849187369899276,41.9670481785288,41.74816427842627,41.91653823852539,5016600
2019-04-15,42.017554652810816,42.43007062892567,41.992299686822484,42.329044342041016,7869000
2019-04-16,42.39640058425273,42.53109910573981,42.16067897451685,42.19435119628906,5150800
2019-04-17,42.42164382727135,42.42164382727135,41.958617988365575,42.28694534301758,4698100
2019-04-18,42.564772377485035,42.564772377485035,42.09332597048785,42.16909408569336,6407700
2019-04-22,42.20278035239079,42.320641181533276,42.05124408307424,42.244873046875,5647100
2019-04-23,42.236443750011574,42.63212206065883,42.236443750011574,42.396400451660156,6446500
2019-04-24,42.39640462186521,42.68263940871804,42.337474213819014,42.41324234008789,4876900
2019-04-25,42.02598890947151,42.27855151741296,41.89971081696774,42.10175704956055,4503100
2019-04-26,42.20276868162357,42.35430490903424,42.01755702335144,42.337467193603516,4334400
2019-04-29,42.02598109977357,42.55635798183681,42.02598109977357,42.539520263671875,4852200
2019-04-30,42.564779110732935,42.825755717695216,42.421660109831265,42.80891799926758,8481300
2019-05-01,43.77705620606339,44.25691983448183,43.06147099497363,43.47398376464844,13043600
2019-05-02,43.3561245194856,43.66761422361905,42.918353556437225,43.33928680419922,9729600
2019-05-03,43.473989117941734,43.60868764054979,43.30561516181515,43.57501220703125,4419100
2019-05-06,43.33087109582355,43.4992418317534,43.06147406457666,43.440311431884766,5224200
2019-05-07,43.22143248638062,43.314038328601896,42.564777549126205,42.9436149597168,9827000
2019-05-08,42.81733689334204,43.20459476857072,42.61528749108959,42.9436149597168,6280500
2019-05-09,42.82575138734213,43.38980365750089,42.79207916535807,43.2298469543457,6125100
2019-05-10,42.94361954150565,43.70130086645882,42.74157332916256,43.667625427246094,5778400
2019-05-13,43.19618012154833,43.49083217233295,43.02780614475719,43.09515380859375,5682800
2019-05-14,43.18775247215002,43.80231465545916,43.103567103491876,43.457149505615234,6729900
2019-05-15,43.372961882768536,43.83598780925577,43.20458794273705,43.633941650390625,4342400
2019-05-16,43.77705377198788,44.602082476930256,43.667610238347564,44.45054626464844,8781200
2019-05-17,44.26534691476091,44.46739309826418,43.86966858915657,43.9706916809082,6956300
2019-05-20,43.90334128579741,44.2737614067652,43.81073545268897,44.021202087402344,6517300
2019-05-21,44.088542326543866,44.17273089315152,43.869658476294866,43.9285888671875,6732200
2019-05-22,43.928600919190934,44.04646173331183,43.59185298330296,43.85283279418945,6396900
2019-05-23,43.6423636515089,44.071714194419734,43.398221572468366,43.81073760986328,6261700
2019-05-24,43.96228088916355,44.09697943511774,43.844420062886975,43.886512756347656,4241000
2019-05-28,43.90334939796928,43.953859344295154,42.842595564593786,42.90994644165039,13265400
2019-05-29,42.9099469948237,43.187761337597195,42.55636130865143,43.06990051269531,7530400
2019-05-30,43.17933583291838,43.39821972141679,42.935193764291164,43.145660400390625,5699600
2019-05-31,43.010967408932764,43.010967408932764,42.55635864578591,42.80891799926758,7100000
2019-06-03,42.91835497408494,43.49924171905623,42.90151725824239,43.406639099121094,6747300
2019-06-04,43.58343820756573,43.91176569741379,43.43190194894869,43.894927978515625,7167400
2019-06-05,43.987529798269954,44.69469786989696,43.869668988243156,44.568416595458984,6665000
2019-06-06,44.63577485955644,45.090383669087366,44.45898361522778,45.006195068359375,5647900
2019-06-07,45.23348854928337,45.713352217412734,45.081952316035576,45.477630615234375,6644300
2019-06-10,45.418711834927976,45.71336391303676,45.2503378425229,45.620758056640625,5387800
2019-06-11,45.7807047662988,45.82279745231294,45.29242061642966,45.45237731933594,6519000
2019-06-12,45.76387460714474,46.07536438884882,45.494477518406086,45.923828125,5083800
2019-06-13,45.89855969606394,46.109026310658074,45.58707000567502,46.00800323486328,4758300
2019-06-14,46.06693897186396,46.48787224986282,45.95749542037376,46.34475326538086,4724800
2019-06-17,46.302656408858624,46.353169553795965,45.848047738819865,46.09218978881836,5031100
2019-06-18,46.72359292314945,46.72359292314945,45.86488866783456,45.9322395324707,5730900
2019-06-19,45.90698085750768,46.42894041841179,45.544977992656676,46.353172302246094,7161500
2019-06-20,46.72360158602266,46.84988287489584,46.311085492307974,46.68992614746094,6958200
2019-06-21,46.68149266671047,46.900376518342824,46.31106939422661,46.513118743896484,11755900
2019-06-24,46.605741271071004,46.72360209585652,46.36159915603436,46.58048629760742,4981400
2019-06-25,46.546803100742565,46.841455113596844,46.538382636680396,46.706756591796875,7037400
2019-06-26,46.327908960884116,46.51312060453497,45.62074102594931,45.848045349121094,7190700
2019-06-27,45.89880261476176,45.9749341917377,45.68732637059209,45.78037643432617,4210900
2019-06-28,45.82266791672292,45.8480472585672,45.408176313430104,45.594276428222656,8614400
2019-07-01,45.99186066528634,46.338681636877496,45.704252794195725,46.27946853637695,7216000
2019-07-02,46.37251815635518,46.53323896656665,46.14412338803028,46.482486724853516,3747500
2019-07-03,46.80392690988144,47.24379468631451,46.609365913122076,47.2099609375,3816200
2019-07-05,46.8715956247753,46.96464569048682,46.45710075757076,46.94772720336914,3424700
2019-07-08,46.94772048094086,47.167654328235535,46.6262757254754,46.89696502685547,3959200
2019-07-09,46.778544162680255,46.91388882871008,46.58398640694185,46.84621810913086,3766100
2019-07-10,46.9984742797699,47.07460584478118,46.72778498792334,46.97309494018555,5311900
2019-07-11,47.20150710618384,47.226886455162,46.02569945447861,46.21179962158203,6153600
2019-07-12,46.34714217297853,46.49940535231345,46.04261581430868,46.13566589355469,4587800
2019-07-15,46.16950364025226,46.423274534405266,46.02569808987995,46.27101135253906,4211300
2019-07-16,46.101832113342965,46.47402922928129,45.83114271504742,46.33022689819336,6540500
2019-07-17,46.33021685270633,46.52477461386702,46.20332981301083,46.431724548339844,5049100
2019-07-18,46.41479974694313,46.812376072155665,46.17794741372938,46.71932601928711,5381700
2019-07-19,46.947727110356716,46.947727110356716,46.40634843114933,46.431724548339844,5435700
2019-07-22,46.490938520758974,46.50785700816377,45.966478318696595,46.22024917602539,4058500
2019-07-23,46.448652797533796,46.64321059958468,46.02570021215218,46.347145080566406,5557600
2019-07-24,46.25409394577189,46.431733253151435,45.67042055286539,46.034156799316406,5555900
2019-07-25,45.7380841503531,46.220249753362,45.63657645152796,46.025691986083984,3516800
2019-07-26,46.07644021358235,46.44863720207644,45.941095560778045,46.36404800415039,3706200
2019-07-29,46.330209985575706,46.7362439347983,46.32174912985197,46.406341552734375,4868500
2019-07-30,46.499392656954704,46.7531634776039,46.29637406431271,46.36404800415039,5496300
2019-07-31,46.524782373631645,46.736258657148156,44.68070892321794,45.247467041015625,10559900
2019-08-01,45.162871863194525,46.4740240964157,45.162871863194525,45.36589050292969,9150200
2019-08-02,45.22208589624168,45.729630892641914,45.10365969847652,45.47585678100586,6627900
2019-08-05,45.332053425259595,45.61966128190869,43.9532272395414,44.17316436767578,9489000
2019-08-06,44.24083513505506,44.816050848858566,43.919390300430315,44.68916702270508,7854000
2019-08-07,44.54535748131072,45.35742551251993,43.97860267625997,45.1882438659668,6947000
2019-08-08,45.76346544082213,46.56707594562336,45.33205525190084,46.482486724853516,7489800
2019-08-09,46.54169292010619,46.770087654547744,45.966477268965576,46.262542724609375,5750900
2019-08-12,46.1018304429296,46.29638823922557,45.755009462250335,45.89035415649414,5519900
2019-08-13,45.881879086948075,46.51630770513288,45.78882903998164,46.16102600097656,8147600
2019-08-14,45.96649056963729,46.067998294248234,44.9175666590829,45.002159118652344,8391200
2019-08-15,45.188241034643504,45.6873250859252,44.951388680432295,45.492767333984375,5258700
2019-08-16,45.7211709660603,46.24563123550729,45.58582627630392,46.13566589355469,5310300
2019-08-19,46.30484342696672,46.431727247165824,46.01723558356177,46.15258026123047,4950000
2019-08-20,45.907274015613524,46.101831817711314,45.62812376029572,45.6704216003418,4034600
2019-08-21,46.04260862734272,46.04260862734272,45.687326855394545,45.932640075683594,3181100
2019-08-22,46.04261598095933,46.20333679222928,45.74655047944312,46.110286712646484,3945600
2019-08-23,46.051071554933266,46.37251638998402,45.112119623414586,45.36589050292969,5542600
2019-08-26,45.55198296826641,46.084904021895895,45.46739375899826,46.06798553466797,4575300
2019-08-27,46.10183076034027,46.3302255384877,45.95802843347266,46.034156799316406,4612200
2019-08-28,46.08490407330891,46.44864348193641,45.94110177201834,46.42326736450195,4977500
2019-08-29,46.524782421477134,46.854684907802636,46.11028748553483,46.761634826660156,4074500
2019-08-30,47.032321891612305,47.057701238681396,46.575535593702625,46.710880279541016,4465800
2019-09-03,46.44864044210957,47.12536375333607,46.35559038177756,47.0661506652832,3483200
2019-09-04,47.22687962717067,47.56523970486301,46.88851632260671,47.53986358642578,5318100
2019-09-05,47.709038494851214,47.8697592670212,47.42143069468781,47.48910140991211,5001300
2019-09-06,47.67520405898976,47.9797303608706,47.43835170280305,47.90359878540039,4940000
2019-09-09,47.971275919229434,47.971275919229434,47.54832338269551,47.77671813964844,5781700
2019-09-10,47.387601448964425,47.607535342886905,45.61119890181582,45.95802307128906,8968600
2019-09-11,45.941108269992625,46.33022385109163,45.712713500163574,46.110286712646484,5544900
2019-09-12,46.37250563319457,47.01539515416834,46.25407946534968,46.36404800415039,5549700
2019-09-13,46.067989301977335,46.32176017740592,45.50123445441588,45.74654769897461,6183400
2019-09-16,45.58581622874677,45.92417949199515,45.382800852294736,45.721160888671875,3531200
2019-09-17,45.374350751201625,46.66012693869848,45.31513765012832,46.27101135253906,6701900
2019-09-18,46.27100341855875,46.321755652563795,45.64503230856793,46.28792190551758,7898900
2019-09-19,46.41481109580555,46.990026811574104,46.18641633570287,46.558616638183594,4922600
2019-09-20,46.54169412532765,46.67703879810841,46.186412342483436,46.22871017456055,11308800
2019-09-23,46.15257920405023,46.60090783351986,45.98339755412175,46.19487380981445,4831700
2019-09-24,46.524767779867645,47.032309410354166,46.29637307808741,46.56706237792969,6345500
2019-09-25,46.609373319374775,46.87160508230352,46.45711013146416,46.68550491333008,4330900
2019-09-26,46.947731042807014,47.20150191658298,46.7447124076632,47.10845184326172,4281000
2019-09-27,47.146708221945985,47.291250223014565,46.78959892162168,47.0956916809082,6598400
2019-09-30,47.08719513487699,47.46130674187103,46.97666090692428,47.03617858886719,4408100
2019-10-01,47.04468292421974,47.257247000522625,46.432497346556914,46.458003997802734,5420500
2019-10-02,46.355974514007364,46.4409988478092,45.72678341607434,45.89683532714844,6507000
2019-10-03,46.1093971929848,46.602547387093324,45.64175689256931,46.35597229003906,5163300
2019-10-04,46.57703905136893,47.66536932035116,46.52602574921705,47.597347259521484,5952400
2019-10-07,47.342272910238535,47.45280714176874,46.74709282807582,46.82361602783203,6075400
2019-10-08,46.69607366929803,46.934147634932984,46.36447423672008,46.389984130859375,5168200
2019-10-09,46.79811897962042,46.87464219508069,46.270957609351406,46.721595764160156,3460100
2019-10-10,46.61955822377744,47.393291389075806,46.56854167403764,47.11270523071289,4393900
2019-10-11,47.33376620266551,47.350771717716164,46.594044137048954,46.61104965209961,4810000
2019-10-14,46.51752252344289,46.9001385164222,46.07538884749685,46.10089874267578,4574400
2019-10-15,46.27094431862353,46.415489570072474,45.92233938020816,45.94784927368164,3825900
2019-10-16,45.92234507137519,46.25394777986416,45.71828535911959,46.14341354370117,4969300
2019-10-17,46.57704518263079,46.64506725241469,46.28795787299082,46.44950866699219,4719700
2019-10-18,46.56853170694994,46.65355602818116,46.30495112158125,46.321956634521484,5027500
2019-10-21,46.58554292973416,46.611049580535806,45.50571705170311,45.5482292175293,5798600
2019-10-22,45.49720949357506,45.78629674185318,44.544923423028955,44.8170051574707,7910400
2019-10-23,44.69798058327986,45.021078937147884,44.63846289223455,44.7660026550293,6597500
2019-10-24,44.868025623179506,45.11460073016744,44.289851076055584,45.09759521484375,5610300
2019-10-25,45.14010849836912,45.1656151502506,44.510917389705355,44.86802673339844,5964300
2019-10-28,44.7659868805835,45.09758625483719,44.41738199438477,44.56192398071289,7759700
2019-10-29,44.689478686281085,45.17412458710821,44.45140468267645,44.91904830932617,8126700
2019-10-30,44.01776537394589,44.99555809142262,43.584132880720034,44.23883056640625,17324100
2019-10-31,44.417390406892196,44.94454840315109,44.204826332525016,44.595943450927734,5774700
2019-11-01,44.782994034127235,44.91903814452759,44.17081175467619,44.23883056640625,4841900
2019-11-04,44.289867573068236,44.40040184210864,43.78821603631143,43.992279052734375,6019200
2019-11-05,44.102793969213806,44.16231165154101,43.72017798034576,43.958251953125,5747600
2019-11-06,44.11980066314793,44.680969713987025,44.0177708112146,44.400386810302734,5478400
2019-11-07,44.35788641622814,44.45141516361067,43.873240401129216,43.992279052734375,6795600
2019-11-08,44.06028785672628,44.179323237737535,43.79670719629361,43.9837646484375,3521300
2019-11-11,43.89872431308491,44.20481703474719,43.89872431308491,44.04326629638672,3506400
2019-11-12,44.25584070634616,44.34936942028808,44.0772876579864,44.27284622192383,3544000
2019-11-13,44.28135180332642,44.919044059179825,44.07728885432629,44.808509826660156,5811800
2019-11-14,44.84251671439956,45.00406423663616,44.65545929872647,44.97855758666992,5393300
2019-11-15,45.11459682779193,45.14860461202726,44.53642233067962,44.9105339050293,5060000
2019-11-18,44.748991062688525,45.412189954865816,44.748991062688525,45.13160705566406,5052600
2019-11-19,45.089086891912444,45.25063765162294,44.697969804086206,44.8170051574707,4760600
2019-11-20,44.782989149058764,44.88502222072895,44.34935994660465,44.56192398071289,4382000
2019-11-21,44.43439375470593,44.50241581701657,44.17081637192831,44.27284622192383,3848400
2019-11-22,44.4768987332315,44.493904244820484,43.728672440664795,44.04326629638672,3863500
2019-11-25,44.08578277242477,44.28134455312114,43.95824628821802,44.24733352661133,5633900
2019-11-26,44.29835625139537,44.7659998567637,44.170819740043676,44.7404899597168,7632300
2019-11-27,44.834014892578125,45.09759551665373,44.58743978394002,44.834014892578125,5210900
2019-11-29,45.14861158025697,45.14861158025697,44.40888945258032,44.67247009277344,4424700
2019-12-02,44.55343959650123,44.93605240696492,44.31536558323578,44.92755126953125,6162000
2019-12-03,45.08909046607029,45.19112355717657,44.62145015064613,45.17411804199219,8440100
2019-12-04,44.961555445219176,45.44620129175736,44.868026730366104,45.3526725769043,5537500
2019-12-05,45.40368768008189,45.80330593519368,45.24213690739358,45.75229263305664,5356100
2019-12-06,45.828814242815476,46.015868416624784,45.658762340149515,45.77779769897461,5047200
2019-12-09,45.78630596708564,46.17742637718671,45.78630596708564,46.058387756347656,5842800
2019-12-10,46.18591656445888,46.30495191360661,45.93084035293232,45.96485137939453,4258100
2019-12-11,46.10090329126285,46.15191659971306,45.7437939147575,45.85432815551758,5247300
2019-12-12,45.76929723975597,45.82031054088041,44.84251776217487,45.04657745361328,8056300
2019-12-13,44.94454848773292,45.49721313604543,44.697973382570076,45.26764678955078,6456200
2019-12-16,45.47171967350613,45.70128933005506,45.36118541439635,45.66727828979492,6690600
2019-12-17,45.624753600839746,46.03287624163965,45.52272375150738,45.99036407470703,7114600
2019-12-18,46.25394426594884,46.602549221083365,46.25394426594884,46.36447525024414,6938900
2019-12-19,46.568541383411635,47.01067508131866,46.389988325642626,46.891639709472656,6582700
2019-12-20,46.85762715485098,47.21473325879217,46.76409843901766,47.10420227050781,12464400
2019-12-23,47.163721779206725,47.17222291576115,46.458007436776086,46.53453063964844,7173500
2019-12-24,46.71307693915934,46.91713986511465,46.54302828491179,46.755592346191406,1833800
2019-12-26,46.73859162789716,46.82361596374524,46.52602754480644,46.636558532714844,3565400
2019-12-27,46.70458971509664,47.04469361183423,46.594055462136254,47.00217819213867,4229300
2019-12-30,46.93806845071323,47.06626914488945,46.63893784467417,47.00644302368164,3104000
2019-12-31,47.049171749815514,47.12609150813163,46.801318832988144,47.07481384277344,5039500
2020-01-02,47.05771823368874,47.30556787987615,46.245788209911446,46.433815002441406,7272900
2020-01-03,46.151775012200495,46.63893237650698,46.11758772972457,46.356895446777344,6791700
2020-01-06,46.48509306629682,46.562012822060325,46.02357453171578,46.27997589111328,5906400
2020-01-07,46.194511588793105,46.22015368306729,45.7842739434751,46.083404541015625,6716300
2020-01-08,46.177413957596904,46.510731811860985,46.07485537019536,46.19450759887695,5435400
2020-01-09,46.228705870964035,46.47655883802642,46.09195996849504,46.314170837402344,5653900
2020-01-10,46.55346716090196,46.562012351332086,46.27142697252754,46.365440368652344,4639000
2020-01-13,46.45946055086389,46.67312620589157,46.42527326359246,46.65603256225586,7528600
2020-01-14,46.69022451440169,46.72440854480932,46.18597338774488,46.314170837402344,5984200
2020-01-15,46.604747665800936,46.989346464181494,46.416724122365125,46.78422927856445,5681700
2020-01-16,46.86115126384656,47.2970277491933,46.82696397786041,47.168827056884766,5481700
2020-01-17,47.12608339353503,47.3312038004848,47.02352482019928,47.1431770324707,9336300
2020-01-21,46.97225827242492,47.72436231427518,46.86969966771601,47.46796417236328,9152600
2020-01-22,47.63889758205696,47.809827503964634,47.38249617863691,47.408138275146484,4505300
2020-01-23,47.305568494632254,47.56196985515196,47.091902867718325,47.38248825073242,6536600
2020-01-24,47.459405257837346,47.638886851860754,46.88678297580986,47.08335494995117,5916400
2020-01-27,46.895336570656184,47.134644318817664,46.656032082773834,46.74149703979492,5602900
2020-01-28,46.63038902097172,47.117546404448255,46.63038902097172,46.878238677978516,7426100
2020-01-29,46.90388576104225,47.0064443631382,46.57911305074603,46.630393981933594,5570500
2020-01-30,47.878200774039676,50.36526888914736,47.74145488407867,50.2541618347168,18286100
2020-01-31,49.97211722495147,50.79259243931023,48.8525081805828,49.04053497314453,14070000
2020-02-03,49.390953439985324,49.43368591879774,48.82687624293565,49.18583297729492,7686400
2020-02-04,49.493500970557115,49.570420719325824,48.98925000869077,49.0832633972168,7231700
2020-02-05,49.36531023652805,49.72427022311004,49.160193038720415,49.50205612182617,7629300
2020-02-06,49.16873696770844,50.01485435270725,49.14309813371056,49.929386138916016,5181000
2020-02-07,49.98067050515597,50.61312228959894,49.88665709365831,50.1345100402832,5942000
2020-02-10,49.97211714709449,50.51910062248146,49.91229103324145,50.39944839477539,5561900
2020-02-11,50.44218078073432,50.5618330082346,50.18578268462248,50.31398010253906,4446600
2020-02-12,50.49346941978448,50.8780649925815,49.83537880769393,50.382362365722656,7041400
2020-02-13,50.365275843786705,50.47638291355938,50.04050308767871,50.450740814208984,5872000
2020-02-14,50.57038398539174,51.04899621043887,50.29689221687311,51.006263732910156,4959000
2020-02-18,50.390894298587845,51.185730591048184,50.37380065936223,50.989158630371094,6972600
2020-02-19,51.15155178267655,51.24556518384576,50.63021037121989,50.681488037109375,5448300
2020-02-20,50.36527993421091,50.7156915578484,50.02341350419779,50.459293365478516,5008600
2020-02-21,50.29689073378735,50.596024588226,50.12596082871264,50.21142578125,5709000
2020-02-24,49.73281254929934,50.185785917228834,49.23710996625736,49.34821701049805,6232200
2020-02-25,49.33112502155152,49.80118878716801,48.60465987443605,48.73286056518555,7636500
2020-02-26,48.98925911899888,49.570429937711616,48.54483418349626,48.59611511230469,9745500
2020-02-27,48.3226294717648,48.903800364152815,46.510742214188305,46.54492950439453,14101000
2020-02-28,45.44240294932703,45.57060362671552,44.066399081454435,45.12617874145508,14447200
2020-03-02,44.9808919061169,47.5448796123627,44.86123966813673,47.51923751831055,12252600
2020-03-03,47.365404289188355,48.63030792806644,46.48510276968913,46.826969146728516,13008200
2020-03-04,47.536332598071084,49.68153753624164,47.425228808175646,49.578975677490234,12787200
2020-03-05,48.5619278264324,48.97216547606274,47.929479339190266,48.59611511230469,10517000
2020-03-06,46.55347867580579,47.8440179283601,46.399639127782166,47.570526123046875,9781200
2020-03-09,44.91252517264609,46.88679722465427,44.50228745929625,46.10050582885742,15615200
2020-03-10,46.997905681800454,47.42523705338872,44.724502915362066,46.92953109741211,16742300
2020-03-11,45.64752077626529,45.88682521610423,43.938195896779185,44.7330322265625,14984300
2020-03-12,42.075035375468936,43.177550806301596,39.80163320769954,40.60501480102539,15533000
2020-03-13,42.42544231737732,43.5365028194459,40.348612360768925,43.5194091796875,15074300
2020-03-16,39.66488959269256,40.502458516879074,38.237604671145455,38.54528045654297,12679500
2020-03-17,39.186279448076014,42.49382610324071,38.22905823570989,41.72462844848633,15149300
2020-03-18,38.77603998772481,41.126362061268075,36.912875319511826,39.784542083740234,15316300
2020-03-19,40.09222819217578,40.41700093968597,36.91288182038444,38.861515045166016,15194400
2020-03-20,39.36575992421273,39.49395735607347,36.622290542598144,37.023983001708984,16245900
2020-03-23,37.0239828180432,38.47690986054386,35.203550604195925,35.836002349853516,13466900
2020-03-24,37.67352035992093,40.39134380710868,36.70775092983937,39.87854766845703,12476200
2020-03-25,39.7076198044885,40.818680425851646,39.15209112394631,39.40848922729492,12419800
2020-03-26,39.40849360939783,42.083588501123685,39.314480200317625,41.79300308227539,11595300
2020-03-27,40.52809426306663,42.109221847276885,40.2716961646289,40.929786682128906,8254400
2020-03-30,41.9658264665515,44.201251209603655,41.44995694752576,43.960514068603516,8356600
2020-03-31,44.20125159677144,44.21844757553601,42.928778686371544,43.05774688720703,9248700
2020-04-01,41.59612038231095,42.90298521543255,41.26940335408117,41.85405349731445,9069100
2020-04-02,41.48435430874136,43.57361842543072,41.312397779999415,43.3156852722168,6818100
2020-04-03,43.29848843557991,43.969115276640956,42.842806431248476,43.66819381713867,7788500
2020-04-06,45.47372853288845,45.47372853288845,44.29583176151756,44.734317779541016,9426700
2020-04-07,45.5081231264203,45.783252267333104,44.192661716443574,44.53657150268555,9592400
2020-04-08,44.725714368036435,44.90626721284656,43.98630373142656,44.5279655456543,5820700
2020-04-09,44.52796514837506,46.08416338708841,44.45058488989005,45.0008430480957,7990000
2020-04-13,45.035240523788396,45.15560910067716,44.175461226242675,44.7257194519043,5398700
2020-04-14,45.619899549239214,46.952557062732865,45.25019411726507,46.8665771484375,6905100
2020-04-15,46.31631365220942,46.40229355691866,45.912219579369044,46.178749084472656,7335700
2020-04-16,46.316305212431374,46.754794447051744,45.82623132418325,45.93800354003906,7143600
2020-04-17,46.54844164430016,46.85796265633893,45.37914150095242,45.980987548828125,10669600
2020-04-20,45.63708035924499,46.81497691519284,45.45652423915298,45.98958969116211,7040800
2020-04-21,45.16420747325085,45.551108830433606,43.84874613862735,43.91753005981445,8171000
2020-04-22,44.42478578883729,45.23298026494151,44.05508378271373,44.897666931152344,5691200
2020-04-23,44.61394344399782,45.23298553530427,43.994901352691365,44.132469177246094,9781200
2020-04-24,44.21844414637633,44.39040064088914,43.80575052742398,44.20124816894531,6263000
2020-04-27,44.441993152357625,44.54516903518899,43.831550604696,44.26144027709961,8014600
2020-04-28,44.760109867919574,45.000847013398044,43.72837409047271,43.994903564453125,8869100
2020-04-29,44.39040481520797,44.40760079425604,42.97176770182026,43.89173126220703,9774300
2020-04-30,43.44464417063193,44.36460769976958,42.765421060192125,44.22704315185547,13343100
2020-05-01,43.96911825534781,44.450595902967294,43.36727201577299,43.590816497802734,7063000
2020-05-04,43.64240081632344,43.65100044699373,42.7568290855748,43.040557861328125,6857100
2020-05-05,43.16951524966315,43.74556905124761,42.937374459155755,43.26409149169922,5221300
2020-05-06,43.64239527932299,43.840147402072944,43.066344729827016,43.10933303833008,6255700
2020-05-07,43.522038934747954,43.54783455093738,42.937388591366386,43.12654113769531,5993500
2020-05-08,43.822952080515265,43.93472102834139,43.3930624294364,43.76276779174805,5846500
2020-05-11,43.4962372917954,44.424797280972385,43.4962372917954,43.66819381713867,5329700
2020-05-12,43.728375804379645,44.037896877724954,43.33287811279297,43.33287811279297,4474500
2020-05-13,43.46184795044053,43.504836264417996,42.3183430556089,42.61066818237305,4569600
2020-05-14,42.78260475156636,42.82559632857373,41.931425315488724,42.57625961303711,5148800
2020-05-15,42.55906932074718,43.23829565867408,42.352720874869114,42.954566955566406,6039000
2020-05-18,43.625207221213564,44.22705016388422,42.73963222880179,43.82295608520508,8508100
2020-05-19,43.84874178452289,44.098078554370616,42.859994334325414,42.894386291503906,5640000
2020-05-20,43.023357938508845,43.255498748368886,42.688044528643616,42.77402114868164,6851900
2020-05-21,42.653643699307906,42.91157678558516,42.22375412891342,42.36991500854492,5844400
2020-05-22,42.15498323230025,42.77402545423872,42.11199491795412,42.73103713989258,4240900
2020-05-26,43.12652947355884,43.401658586643926,42.45590267038866,42.63645553588867,7378200
2020-05-27,42.791219956495546,43.3844665454772,42.48169885622753,43.28989028930664,9120000
2020-05-28,43.70257794263523,44.29582440491723,43.212500785344645,44.20124816894531,6826800
2020-05-29,44.34741678090732,44.966455631466054,43.762766608859074,44.81169509887695,8322200
2020-06-01,44.734309445941854,45.25877526769656,44.562356234701916,44.9234619140625,4428400
2020-06-02,44.8374826548208,45.02663183194975,44.381797488571486,44.897666931152344,7972500
2020-06-03,45.14700966286485,45.181401622064286,44.6655353532638,44.78590393066406,4967000
2020-06-04,44.68272211863798,45.22438060524133,44.05508375176635,44.09807205200195,7552000
2020-06-05,44.356016063598936,45.25018735995189,44.106679269073965,45.164207458496094,15525900
2020-06-08,45.026645555071774,46.12716540011338,44.854689021802955,46.0927734375,9139100
2020-06-09,46.01538441111106,46.04117673826732,45.26737740540248,45.52531051635742,5131300
2020-06-10,45.5511039091959,46.03258146609425,45.30176714152725,45.66287612915039,6183100
2020-06-11,45.23299927700765,45.36196423201084,43.410267685281866,43.44465637207031,8679600
2020-06-12,44.27863043869771,44.390402657177525,43.20390639892349,43.616600036621094,6011100
2020-06-15,43.64239046585837,44.08087969170119,43.006155698671016,44.03789138793945,5158400
2020-06-16,45.301775891361295,45.41354813290409,44.42480050037557,45.20720291137695,8363100
2020-06-17,45.08682510833439,45.80903984827557,45.052436429135454,45.318965911865234,5308000
2020-06-18,45.02664114140633,45.69727122743746,45.02664114140633,45.64568328857422,6471000
2020-06-19,46.17015424324466,46.23893488946254,45.05244168386964,45.190006256103516,9001400
2020-06-22,44.96646069230237,45.23299347949163,44.63114726055338,45.00944900512695,3625700
2020-06-23,45.22439404531779,45.22439404531779,44.562366809390404,44.63974380493164,3716700
2020-06-24,44.373209678052476,44.373209678052476,43.246897627517065,43.539222717285156,6112800
2020-06-25,43.48763089651284,43.814344611421866,43.049141694181365,43.70257568359375,4960200
2020-06-26,43.59940545920184,43.98630678191069,42.920179057090465,43.05774688720703,10389700
2020-06-29,43.61547332976508,43.85759160897038,43.235006460398495,43.736534118652344,4445800
2020-06-30,43.840294941256666,44.298584930472316,43.70194305968766,44.21211624145508,6149500
2020-07-01,44.15158987889445,44.385059310106236,44.00458914135996,44.16888427734375,5087500
2020-07-02,44.246699932008504,45.00763689886523,44.246699932008504,44.523406982421875,5529400
2020-07-06,44.72229429314502,45.03358688521498,44.272649804440555,44.63582229614258,4346600
2020-07-07,44.41100121989792,44.73958820780825,44.35047247193672,44.53205871582031,4954600
2020-07-08,44.4196520074525,44.523418414965576,44.01324512302044,44.30724334716797,3881100
2020-07-09,44.21211891706249,44.27264766275142,43.23500683890387,43.4598274230957,5077000
2020-07-10,43.75381924756081,44.54934497312545,43.503058751223534,44.480167388916016,5196000
2020-07-13,44.93846984866067,45.137350496173056,44.54070525506645,44.661766052246094,5932800
2020-07-14,44.359113572608116,45.85504431950726,44.359113572608116,45.699398040771484,6908200
2020-07-15,46.13175577063371,46.296050924775635,45.27570439348102,45.45729064941406,9312400
2020-07-16,45.45728314236865,46.20957129169002,45.40539994985478,45.86369323730469,5336400
2020-07-17,46.20092973706788,46.98780674943721,45.95016589942167,46.754337310791016,5672100
2020-07-20,46.69381133543544,46.754340086243964,46.0539317287274,46.192283630371094,5034600
2020-07-21,46.218220370742735,47.38556417030274,46.20957152266267,46.7283935546875,5546400
2020-07-22,46.78028726189969,47.25587508966016,46.53817222127257,47.169403076171875,4853300
2020-07-23,47.5066223265783,47.714151802036355,47.18668421304253,47.454742431640625,5232600
2020-07-24,47.86116171762171,48.10328005189363,47.16075656474967,47.44610595703125,5456900
2020-07-27,47.428801696145975,48.10327005315936,47.16939231201895,48.060035705566406,5039200
2020-07-28,48.03409910869264,48.42321488804264,47.95627595282264,48.17245101928711,6363900
2020-07-29,49.51273007737392,49.89320026167954,48.354031722439224,49.1063232421875,9324200
2020-07-30,48.5529140634098,48.75179469930217,48.163798341633765,48.224327087402344,7897200
2020-07-31,47.89574007378515,48.146503905240486,47.18668622513636,47.98221206665039,7444400
2020-08-03,48.077326310948294,48.38861888812468,47.8698001252102,47.98221206665039,4318500
2020-08-04,47.843860669032345,48.28485629219135,47.532568088652205,48.060035705566406,4717000
2020-08-05,47.87845279322973,48.155156614397164,47.644983325637874,47.6882209777832,4589200
2020-08-06,47.03968878511932,48.01679756522724,47.03968878511932,47.98221206665039,6048000
2020-08-07,47.956266428168654,48.15514705398767,47.80062014734175,48.07732391357422,5190300
2020-08-10,47.94762326950429,48.163798303813536,47.748742633768096,47.98221206665039,4450700
2020-08-11,48.16380305314617,48.328094907936745,47.610395438515205,47.73145294189453,4752100
2020-08-12,47.60174430390522,48.77773707782568,47.584449904457045,48.44915008544922,6796800
2020-08-13,48.587496712933216,48.72584859494431,48.302147399409314,48.43185043334961,3731000
2020-08-14,48.50103377421539,48.78638312157204,48.31079867693132,48.526973724365234,3934100
2020-08-17,48.4145660855501,49.019853592147705,48.302154134937894,48.87285614013672,4856700
2020-08-18,48.9247431900304,49.58191394829393,48.79503682922731,49.521385192871094,7077300
2020-08-19,49.43491794545698,49.573273169537536,48.993922213695534,49.08039093017578,7431900
2020-08-20,48.76908561150572,49.52137375411398,48.639379280663015,49.49543380737305,5137000
2020-08-21,49.31385805727601,49.91914893931111,49.31385805727601,49.69432830810547,6411200
2020-08-24,49.66837606278675,50.15260934045542,49.6251417144485,50.13531494140625,4441100
2020-08-25,50.16125439719505,50.36013833501913,49.83267071420158,50.057491302490234,4781600
2020-08-26,50.02289881263568,50.498486500283235,49.75484389621876,50.463897705078125,4798100
2020-08-27,50.70602561363406,50.90490628896057,50.20450114945632,50.26502990722656,4473100
2020-08-28,50.1526151021578,50.46390772366649,49.72891052319993,50.42067337036133,3865000
2020-08-31,50.32555341210753,50.84437222414768,50.1785526596021,50.515785217285156,6261900
2020-09-01,50.49849459923568,50.52443455051523,49.79808622756151,50.32555389404297,5355800
2020-09-02,50.2996069308637,51.23348469081978,50.16125503663717,51.02595520019531,5295900
2020-09-03,51.0432528580349,51.63989812006585,49.65108497805541,50.005615234375,9118600
2020-09-04,50.45525788456715,50.45525788456715,49.35709147815552,50.048851013183594,8867400
2020-09-08,49.59920102566383,50.04884549853023,48.52697139058716,48.760440826416016,8459500
2020-09-09,49.02850489369619,50.152614560334584,48.88150413576311,49.72026443481445,7100000
2020-09-10,49.50408072407365,50.126665851604116,49.17549376248045,49.37437438964844,6721200
2020-09-11,49.54732134654247,49.9277915498216,49.21008879259561,49.76349639892578,6351300
2020-09-14,49.88455109520798,50.429313120178456,49.65973050474282,50.1612548828125,4612000
2020-09-15,50.368782491662536,50.42931123677985,50.08342986590727,50.230430603027344,5236300
2020-09-16,50.368785833937416,50.731958328740035,50.06614208826857,50.126670837402344,5677000
2020-09-17,49.66837833095762,49.85861343061646,48.99391323008646,49.46949768066406,8430800
2020-09-18,49.486792496011155,49.69432199725142,48.53562358686962,48.87285614013672,10463100
2020-09-21,48.4577979497515,48.55291549549887,47.76603847872883,48.29350280761719,6384600
2020-09-22,48.23297170084894,48.68261615966261,48.02544551897752,48.258914947509766,8876900
2020-09-23,48.06868206843955,48.587500845466174,47.3250394024172,47.402862548828125,7038300
2020-09-24,47.411499305058534,48.362667919862766,47.10885234684373,48.08596420288086,6233800
2020-09-25,47.61039645356531,48.63074300175845,47.53257329993804,48.56156539916992,4743000
2020-09-28,49.253324028587144,49.60785098892491,48.85556271670957,49.29655838012695,5477400
2020-09-29,49.62262312994095,49.640013618522346,48.95310424559174,49.109615325927734,6352500
2020-09-30,49.20524778487743,50.19648214237893,49.05743033114888,49.95302200317383,6130700
2020-10-01,50.10954426184101,50.39647901631789,49.70087609360506,50.353004455566406,5875300
2020-10-02,49.944336203877846,50.23996786014887,49.187868233997655,49.440025329589844,6198500
2020-10-05,49.51828443394146,49.68348910318453,49.3009082979864,49.63132095336914,5144800
2020-10-06,49.62262959196877,49.73566612401956,48.62269792815165,48.77051544189453,5015300
2020-10-07,48.8226785484396,49.05744184239095,48.405313473445965,48.85745620727539,4770100
2020-10-08,49.10960841523298,49.344375002700666,48.89223231389949,49.12699890136719,4483100
2020-10-09,49.492192507944424,49.97911620195735,49.28351329400767,49.82260513305664,4513600
2020-10-12,50.109542140013396,51.36162734787847,50.100845238093534,50.996437072753906,8333900
2020-10-13,51.231212399965486,51.318164855127584,50.89210611707584,51.21382522583008,5345400
2020-10-14,51.0051323207878,51.396409997533226,50.52690552338621,50.94426727294922,5130800
2020-10-15,50.25736113672362,50.85732138483276,50.10954695883366,50.72689437866211,5815000
2020-10-16,50.935572502968036,51.03991210870794,50.283444162525164,50.405174255371094,5871800
2020-10-19,50.41386008773956,50.700798105518764,49.587830320161046,49.70956039428711,3940700
2020-10-20,50.02258787884985,50.092149824083926,49.38785005462139,49.54436111450195,4131700
2020-10-21,49.26612994756168,49.7791377884504,49.24873945773024,49.405250549316406,4116900
2020-10-22,49.41394745268052,49.4835060951095,48.9009396117918,49.405250549316406,3528800
2020-10-23,49.78782839496146,49.82260937254259,49.10092233066537,49.222652435302734,3942500
2020-10-26,48.831371208524885,48.84006479384498,47.6401510058911,48.02273178100586,6983400
2020-10-27,47.93577907464097,48.483564465034156,47.76187752917972,47.83143615722656,4402900
2020-10-28,47.19671020599543,47.466257835098496,46.1533073045962,46.21417236328125,6289000
2020-10-29,46.205472578190246,46.76195497540721,45.65768376728749,46.24894714355469,5951900
2020-10-30,46.10982048515565,46.527182228224646,45.70115564415476,46.18807601928711,6574100
2020-11-02,46.90106775091912,47.47494054193073,46.60543611210125,47.248870849609375,6042900
2020-11-03,46.97932942765664,48.248808582109625,46.95324535275647,47.31843566894531,7200700
2020-11-04,48.35315394465283,48.527055537411655,47.53581745375545,47.77058410644531,8391700
2020-11-05,48.309675672331785,48.787902528085574,48.153164582536476,48.379234313964844,5744700
2020-11-06,48.570525407496056,49.022668178168345,48.36184285299474,48.55313491821289,4527800
2020-11-09,50.2138791236183,50.63993773925296,48.58790682358441,48.622684478759766,8273800
2020-11-10,48.18793662917172,49.87477744107393,47.87491780295648,49.640010833740234,7449200
2020-11-11,49.735663106945914,50.518215246164665,49.59654250551391,50.205196380615234,5867500
2020-11-12,50.257367085377105,50.257367085377105,49.56176404289135,49.97043228149414,3890800
2020-11-13,50.013899540877084,50.544297819792234,49.857388464577646,50.48343276977539,4703700
2020-11-16,50.692113139154856,51.0399162758794,50.40517837071916,51.022525787353516,5018600
2020-11-17,50.65733146380046,51.25729170053512,50.596466413247164,50.900794982910156,4674100
2020-11-18,51.06600040757627,51.326851101964394,50.21388637023025,50.22257995605469,4978800
2020-11-19,50.013895502062155,50.126932007349495,49.50088775270723,50.08345413208008,6273800
2020-11-20,49.92693947195149,50.2399615767242,49.53566515788157,49.68347930908203,4884300
2020-11-23,49.648697518881626,50.00519417301336,49.44871191455366,49.86607360839844,4934700
2020-11-24,50.005194579192015,50.457337247087125,49.87477091456007,50.274742126464844,9101200
2020-11-25,50.43126169864238,50.509517237402335,49.97911895435111,49.987815856933594,4232600
2020-11-27,50.109544630251435,50.27474928908022,49.82260655676859,49.961727142333984,2644200
2020-11-30,49.77912048221491,50.005190137634564,49.46609840786799,49.95302200317383,7659600
2020-12-01,50.24865622291544,51.031208132832894,49.987805586276295,50.83122253417969,7386200
2020-12-02,50.72689534699572,51.08339207818463,50.274752585042066,50.55299377441406,5054900
2020-12-03,50.6573245863683,51.10946726973426,50.63124051592858,50.91817855834961,7775400
2020-12-04,51.06599260717592,51.4050987897712,50.97904349462699,51.32684326171875,5384900
2020-12-07,51.23120371050831,51.292072077246246,50.54429767416922,50.787757873535156,4834700
2020-12-08,50.657327070613434,50.95295871204686,50.45734144801086,50.683414459228516,5313200
2020-12-09,50.58777263948918,50.64863768981621,49.926947354657884,50.187801361083984,8669600
2020-12-10,50.43996412423065,50.500832502286144,49.63132783785475,49.71827697753906,8654300
2020-12-11,49.40525449195441,50.10085755623859,49.28352437031681,49.909568786621094,4992600
2020-12-14,49.883470070181694,50.379087348308815,49.7878240486315,49.81391143798828,5204400
2020-12-15,49.857376000801644,50.12692352413274,49.71825544741363,49.95302200317383,5465400
2020-12-16,49.96172644282368,50.25735809762308,49.6400107151261,49.73565673828125,5727100
2020-12-17,49.77043875293669,50.518209832439226,49.648705337444426,50.37039566040039,7811300
2020-12-18,50.53559400379176,50.78775107187762,50.29213383703078,50.709495544433594,10574800
2020-12-21,49.83998922439025,50.274741400679,49.60522265116682,50.153011322021484,5987400
2020-12-22,49.96172883547351,50.126936816797375,49.53567347888319,49.70087814331055,4886600
2020-12-23,50.013891074055735,50.19648619319484,49.84868644010548,49.86607360839844,4273400
2020-12-24,49.92694745052264,50.318225144016616,49.83999832614464,50.30083465576172,2347800
2020-12-28,50.56168745894296,50.93557465528073,50.37908899506199,50.6660270690918,3496500
2020-12-29,50.89209128076319,51.26597843672025,50.700802568966026,50.822532653808594,4479300
2020-12-30,50.765712204876515,51.02797628289158,50.625837807610566,50.70451736450195,4490400
2020-12-31,50.79192858183844,51.16784158294438,50.36356477537602,51.11539077758789,5321600
2021-01-04,51.13288479042313,52.452949211572125,50.118794572394144,50.634578704833984,9187200
2021-01-05,50.608351238225545,50.80942046850453,50.11004850778013,50.68703079223633,5421900
2021-01-06,50.69577820583603,50.99301172586792,50.407285376892375,50.59086990356445,7663200
2021-01-07,50.459742913324995,51.01049653029078,50.136280628590036,50.49470901489258,8589100
2021-01-08,50.153752691723575,50.94054813867307,50.118786598978836,50.870609283447266,6642700
2021-01-11,50.84439587053447,50.896850024323804,49.882759728479265,49.90898513793945,6761500
2021-01-12,50.13627942537684,50.29363855069606,49.620491922356955,50.11005401611328,7450900
2021-01-13,49.90898344440975,50.4684810597018,49.84778860116648,50.15376281738281,7276500
2021-01-14,50.197471670589806,50.450995063237734,49.82156192942715,50.10131072998047,7325200
2021-01-15,50.031365659410945,50.26740430590112,49.5592883664306,50.02262496948242,7410400
2021-01-19,50.25866765449014,50.44225217155603,49.84778516259816,49.95269012451172,6672100
2021-01-20,49.952690227010216,50.12753405380399,49.498097611293844,49.917720794677734,5179100
2021-01-21,49.760365216534936,49.83030408616485,48.912378098919795,49.06099319458008,6938100
2021-01-22,49.01728153863042,49.463133481433616,48.88614782960154,49.17464065551758,6241800
2021-01-25,48.94734440890113,49.87401102825644,48.77250058085736,49.716651916503906,7388700
2021-01-26,49.64671266977342,50.45973357467782,49.463128164761045,50.34608459472656,4759800
2021-01-27,49.82155585037664,50.68702755434017,49.20960417325866,49.32324981689453,7583000
2021-01-28,49.48061095436011,50.34608602886522,49.29702644411822,49.935203552246094,7522700
2021-01-29,48.12558237999923,49.69042956827114,48.04690281927972,48.46652603149414,14261000
2021-02-01,48.615137048648265,48.91237052883537,48.151803781100384,48.300418853759766,8868200
2021-02-02,48.615140691439244,49.629230876029,48.24796832493388,49.0959587097168,7378600
2021-02-03,48.816218470992716,48.903638731489174,48.24797677315826,48.326656341552734,7583100
2021-02-04,48.3528774986397,49.23583399660337,48.23922850993612,48.956085205078125,7185500
2021-02-05,48.99979312152362,49.42816031511668,48.90362885348017,49.13966751098633,4961600
2021-02-08,49.05225515719706,49.34074467285653,48.763762306668546,48.973575592041016,5432600
2021-02-09,49.15715140387204,49.165895428930654,48.44029475301389,48.51897430419922,9534900
2021-02-10,48.81620626541184,48.9036265040505,48.06438020759339,48.300418853759766,12875300
2021-02-11,48.1780316585762,48.73752921826522,48.12557751177967,48.676334381103516,7487100
2021-02-12,48.62388750012819,48.685082346434186,48.06438985683398,48.24797439575195,7845200
2021-02-16,48.21300170450411,48.32664735504285,47.81960393568542,47.97696304321289,7615200
2021-02-17,47.90702359955834,48.14306225799008,47.74966449393719,48.01192855834961,9388500
2021-02-18,47.78464183182197,49.20961470856561,47.78464183182197,49.069740295410156,9498800
2021-02-19,48.929854724950935,49.06098508151913,47.40871791073449,47.47865676879883,7071900
2021-02-22,47.426201408432306,47.67972476010843,47.08525782128701,47.487396240234375,7170500
2021-02-23,47.644764108654556,48.37036486921147,47.59230995678949,47.90702819824219,8987600
2021-02-24,47.679735507245624,47.880804762040846,47.35627322639034,47.496150970458984,7121100
2021-02-25,47.36500822866395,47.96821587812415,47.12896958282257,47.242618560791016,7989900
2021-02-26,47.434944542420695,47.46117328230762,46.46456787318237,46.47330856323242,8862000
2021-03-01,46.88420168252744,47.356275754484706,46.74432726586063,46.91042709350586,7076300
2021-03-02,47.06778043582747,47.33878854376792,46.464572713485,46.92790603637695,7706500
2021-03-03,46.81425128088906,46.86670542480061,46.25475375197253,46.28097915649414,10085600
2021-03-04,46.508277414922986,48.020670224775486,46.35965900697281,47.17267990112305,15288600
2021-03-05,47.312562863923496,48.87741010179869,47.312562863923496,48.58892059326172,13707800
2021-03-08,48.49275386883346,49.07847688279128,48.151810223709504,48.21300506591797,10432000
2021-03-09,48.58890476002886,49.09594807505895,48.29167132195333,48.623870849609375,8528800
2021-03-10,48.85117998889547,49.41067756904742,48.35287724814334,49.12218475341797,6147100
2021-03-11,48.90363439098594,49.48936075590665,48.76375998568484,49.1921272277832,7437900
2021-03-12,49.16589836023869,49.74288065837509,49.16589836023869,49.716651916503906,8551900
2021-03-15,49.83030282750856,50.0401160962298,49.384454216920474,50.0313720703125,6976800
2021-03-16,50.07508383857708,50.861879453515584,50.03137371216247,50.51219177246094,10309800
2021-03-17,50.70451757118639,50.8094225358463,50.31111978512586,50.634578704833984,8232300
2021-03-18,50.311124787952394,50.8006868964941,50.302384096223534,50.6258430480957,7947200
2021-03-19,50.59086953946802,50.98426733298322,50.494705263845546,50.79193878173828,17758000
2021-03-22,50.319862870450045,51.46508343918425,50.25866803096969,51.43885803222656,12187200
2021-03-23,51.42137824505929,51.578737371626644,51.080434582452995,51.22904968261719,6683800
2021-03-24,50.993015777862745,51.24653585799224,50.60835864203901,50.75697708129883,8280900
2021-03-25,51.04545051625432,51.32519925333449,50.63456809966306,51.194068908691406,6528900
2021-03-26,51.220308191384575,51.989619094272825,50.861879816437025,51.9633903503418,8498200
2021-03-29,51.87596816067903,52.65401972592515,51.79728860156039,52.61030960083008,7490500
2021-03-30,52.55318808681577,52.71137521080029,51.48982169413265,51.656795501708984,6674300
2021-03-31,51.24375081516762,51.89407263375245,51.21738406136493,51.43708801269531,7599100
2021-04-01,51.47224107212059,51.56891134638382,50.927376215492465,51.357994079589844,7649900
2021-04-05,51.49860357715244,52.13135201410728,51.42830005772199,51.69194412231445,6538200
2021-04-06,51.46345461891932,52.0786229989473,51.23496063283786,51.92922592163086,6514100
2021-04-07,51.9643744901597,52.13134827017956,51.70951712664312,52.0171012878418,7403400
2021-04-08,52.157714760697495,52.192868196179916,51.63921332078819,51.83255386352539,4923000
2021-04-09,51.89408663286843,52.034697065554745,51.296491455847296,51.71832275390625,5341900
2021-04-12,51.77983513143138,52.025905881668294,51.38437062848256,51.50740432739258,7362300
2021-04-13,51.38436435922636,51.78861884987077,51.366787639752715,51.577701568603516,7038900
2021-04-14,51.48103458889242,51.63921835916488,50.90980294002509,51.252540588378906,5782700
2021-04-15,51.41951204479333,51.89407339117332,51.322845120826706,51.59527587890625,5618600
2021-04-16,51.68316369408372,51.762257258274744,51.3492127172309,51.64801025390625,8814100
2021-04-19,51.885289130767575,51.990746095192975,51.45466788470447,51.577701568603516,7065200
2021-04-20,51.648013051287734,52.25439484131763,51.25254520891313,52.034690856933594,7610700
2021-04-21,52.17529892457827,52.55319002890432,52.11378207991279,52.3510627746582,7953600
2021-04-22,52.24560059489396,52.526821386007825,52.10499019933702,52.33348083496094,8847700
2021-04-23,52.36863145516589,52.6937923488236,52.17529091451835,52.29832458496094,6588300
2021-04-26,52.26318204734569,52.38621573555026,51.560126653462575,51.64801025390625,7693900
2021-04-27,51.507398474397284,51.797405967099486,51.40194150908889,51.604068756103516,7653800
2021-04-28,53.11562678671658,54.37233367355364,52.85198271202982,53.5023078918457,15348000
2021-04-29,53.502311675737396,53.82747261243383,53.133207263138395,53.5286750793457,8424300
2021-04-30,53.55502808274033,53.62533494859783,52.8959163011977,53.4407844543457,9065800
2021-05-03,53.528670709459576,54.29323952343273,53.528670709459576,53.96807861328125,7229000
2021-05-04,53.93292399387386,54.293238333010805,53.22108535083677,53.3792724609375,9154200
2021-05-05,53.55502918342732,53.87140338145659,53.168351470511524,53.73079299926758,8432300
2021-05-06,53.6780712660744,54.38112324335689,53.62534111062211,54.24051284790039,6330300
2021-05-07,54.87325300197189,54.87325300197189,54.082320856023046,54.35475158691406,5903100
2021-05-10,54.69749613036924,55.07538383505672,54.460215465275105,54.548095703125,6402300
2021-05-11,54.785376016010616,55.04023339751951,54.05595730736435,54.4426383972168,7675100
2021-05-12,54.609610688589164,54.609610688589164,53.9768622697912,54.09989929199219,7913800
2021-05-13,54.0208025303433,55.13689887945465,53.932918948277916,54.82931137084961,6788600
2021-05-14,55.09296549920773,55.27751937912715,54.802958006334045,54.811744689941406,5171400
2021-05-17,54.98750793032189,55.180848491726664,54.609616843439724,54.899627685546875,6976600
2021-05-18,54.85568933876829,55.092970044742074,54.54810510088568,54.644775390625,4068100
2021-05-19,54.47779710446291,54.82932144003286,54.240516417934536,54.78538131713867,6217300
2021-05-20,54.68870779410475,55.64661716705839,54.67992111101327,55.462066650390625,6706800
2021-05-21,55.62023824419536,55.97176246083663,55.29507406947262,55.68175506591797,8476200
2021-05-24,55.822387024971036,56.26179162770773,55.716930054410895,55.96299743652344,5996400
2021-05-25,56.08603109579178,56.08603109579178,55.54116617038711,55.98936080932617,5383100
2021-05-26,56.20027292104011,56.20905960426473,55.69934816682814,55.91905212402344,6652300
2021-05-27,55.91026340941419,56.094817285655246,55.59388916719115,55.63783264160156,7659300
2021-05-28,55.8311653137207,56.10359941182006,55.778438512577445,55.8311653137207,9001000
2021-06-01,56.06844041765423,56.20905079412346,55.46205879770864,55.655399322509766,5889800
2021-06-02,55.75207594139621,55.9366298164889,55.62025557623444,55.91026306152344,6288800
2021-06-03,55.69055231629737,56.06844335140936,55.64661219992955,56.015716552734375,4715700
2021-06-04,56.12995563204762,56.569366817332636,56.00692197523073,56.261775970458984,4693200
2021-06-07,56.46392322003357,56.481496588418935,55.629047420226776,55.95420837402344,6339500
2021-06-08,55.91904819680186,56.077235303066225,55.51479039611731,55.6202507019043,6291000
2021-06-09,55.49722223977093,55.883900006701076,55.37418520480475,55.63783264160156,5561300
2021-06-10,55.66419472909697,56.121179362353146,55.6290412913658,55.91905212402344,6471900
2021-06-11,56.13875257687909,56.13875257687909,55.70813137259371,56.05086898803711,3479500
2021-06-14,55.64661357118614,56.0684447330608,55.585096736272085,56.05965805053711,4344500
2021-06-15,56.121175506291756,56.173902306849335,55.81358797590274,55.945411682128906,6101000
2021-06-16,55.66419381783612,56.059661604796844,55.11053891609111,55.136905670166016,7275400
2021-06-17,55.154476654236845,55.681768131549816,54.96992614576457,55.53236770629883,7435700
2021-06-18,55.40055091658985,55.49722119460592,54.3723346487291,54.609615325927734,16415000
2021-06-21,54.86446595579489,55.26872038453714,54.653548706824715,55.066593170166016,9008400
2021-06-22,55.06660911693571,55.40056012767424,54.96115213811924,55.25115966796875,6230000
2021-06-23,54.969933285621416,55.189637258267716,54.7678060330768,54.77659606933594,4656300
2021-06-24,54.73265126638198,55.286306202709014,54.398703649793035,55.05781555175781,5778900
2021-06-25,54.89962027385065,55.62903559377497,54.87325352204462,55.52357864379883,5676000
2021-06-28,55.4444874696214,55.78722508604596,55.42691075180269,55.53236770629883,4611300
2021-06-29,55.48380100590835,55.660445427841964,54.900876771975874,55.05985641479492,4480300
2021-06-30,54.98919465072415,55.26299365999903,54.918538906879895,55.14817428588867,5302300
2021-07-01,55.1128347047108,55.43962460014738,54.98918128691346,55.174659729003906,3955300
2021-07-02,55.31598096533384,55.51028676312247,55.218826381833765,55.28948211669922,4102900
2021-07-06,55.25416561584312,55.25416561584312,54.59175156050112,55.05985641479492,6979800
2021-07-07,55.139340803058516,55.91657416145462,55.11284532160344,55.68693542480469,4967000
2021-07-08,55.68692661330204,56.13736994203407,55.26298213104388,55.59860610961914,6660600
2021-07-09,55.55444943780878,55.83707911086073,55.48379033494005,55.66043472290039,4261700
2021-07-12,55.57210726314527,55.66926183872321,55.3336412293592,55.59860610961914,4914000
2021-07-13,55.69577439768112,56.17270995188763,55.572120945185425,55.70460510253906,5315100
2021-07-14,55.987226838452344,56.28752129895608,55.64277212153574,56.09321212768555,6923500
2021-07-15,55.96957109543818,56.67614541971874,55.951906316179645,56.631988525390625,5512100
2021-07-16,56.53483723740177,56.923448927016196,56.53483723740177,56.75564193725586,5256000
2021-07-19,57.25022915335214,57.38271329050658,56.02255584333904,56.54365158081055,8164500
2021-07-20,56.7556307876283,57.32972424215339,56.7556307876283,56.88811492919922,7253800
2021-07-21,57.19723819385961,57.25022915335214,56.48182991780646,56.54365158081055,4527900
2021-07-22,56.420003623944986,56.543650316399784,56.04905006973463,56.384674072265625,4920600
2021-07-23,56.64080566626409,57.50636284807737,56.41117031566017,57.31205368041992,5975200
2021-07-26,57.223745478388985,57.49754114347964,57.108929462995214,57.26790237426758,6054500
2021-07-27,57.338555717330195,57.939144695855056,57.15308060110655,57.61235809326172,6916800
2021-07-28,56.420003932561485,57.117744051382374,55.810580954999125,55.99605941772461,9224500
2021-07-29,56.11088329430346,56.47300282886766,55.85475243025463,55.934242248535156,7636500
2021-07-30,55.95190345324391,56.22570246392325,55.75759762976654,55.872413635253906,6402600
2021-08-02,55.96955957175041,56.40233815144841,55.91656861409737,56.049049377441406,5021600
2021-08-03,55.98722807317745,56.16387247193618,55.837082524220115,55.978397369384766,3766900
2021-08-04,56.19037398226741,56.19037398226741,54.36211150273036,54.51226043701172,8212200
2021-08-05,54.733060810041025,54.830215400599634,54.423932261062575,54.63590621948242,5693000
2021-08-06,54.72422588580922,54.85671002891293,54.40626663772967,54.55641555786133,6275200
2021-08-09,54.777217864990234,54.98918844180099,54.67123257658485,54.777217864990234,4784200
2021-08-10,54.741889398167814,55.05101793519763,54.5917438507166,54.794883728027344,5599400
2021-08-11,54.86553123832724,55.44845530252734,54.75954596371208,55.174659729003906,8304200
2021-08-12,55.36896879313216,55.36896879313216,54.95385837239426,55.10400390625,5403500
2021-08-13,55.298317550769134,56.004891762877236,55.20116296487709,55.960731506347656,6595400
2021-08-16,56.08438692710586,56.4906667167071,55.93424136672746,56.252197265625,6865400
2021-08-17,56.28752670589037,56.63198482510694,56.04022655085358,56.57898712158203,5525600
2021-08-18,56.384675018613144,56.57898081768786,55.56328145894503,55.616275787353516,4412300
2021-08-19,55.56328367978501,56.305187461099734,55.45729838794339,56.24336242675781,5700100
2021-08-20,56.252194929691306,56.37584837154164,55.88124471177566,56.07555389404297,4215500
2021-08-23,56.022554291636524,56.11970887363061,55.61627455712627,55.7310905456543,4777800
2021-08-24,55.73993053003383,55.73993053003383,54.84787779094008,54.98036193847656,5829800
2021-08-25,54.98919198004221,54.98919198004221,54.51225646692413,54.644737243652344,5669400
2021-08-26,54.5652442586114,54.65356814050863,54.132469029555516,54.264949798583984,4632800
2021-08-27,54.26495024322694,54.86553916820295,54.15896495329341,54.66239929199219,5779300
2021-08-30,54.556412750865235,54.97152656663448,54.45042746336237,54.9008674621582,4185500
2021-08-31,55.006859548288524,55.08634936604318,54.54758542006294,54.82138442993164,7390000
2021-09-01,55.051021575927734,55.245327393172914,54.79488735181833,55.051021575927734,4335900
2021-09-02,55.20116460394545,55.20116460394545,54.476925593878626,54.68889617919922,4346200
2021-09-03,54.54758662518495,54.680070780773676,53.92050214305064,54.51226043701172,5360700
2021-09-07,54.21194757116512,54.370927156326,52.9401108898781,53.02843475341797,7789700
2021-09-08,53.15209661803303,53.83217535713972,52.913627187238866,53.752685546875,7162800
2021-09-09,53.79684816250828,53.79684816250828,53.461224130096554,53.531883239746094,4909300
2021-09-10,53.36407270116316,53.52305233808359,53.08144298424061,53.19626235961914,5596600
2021-09-13,53.514211463848014,54.264945875029916,53.46121713854136,53.67319107055664,7723100
2021-09-14,53.66436177787105,53.85867095208974,53.160927434860504,53.302242279052734,3858500
2021-09-15,53.258082635844836,53.5848725850789,53.04611205171905,53.44355773925781,5385200
2021-09-16,53.54071130101372,53.81451028357296,53.06377581126859,53.620201110839844,7513200
2021-09-17,53.417072971654726,54.070656370414554,53.12561251772473,53.8233528137207,16980400
2021-09-20,53.6732002207101,53.92933444954077,52.98429072033569,53.37290573120117,11213100
2021-09-21,53.602541834503505,53.999990924416736,53.099107443684076,53.18743133544922,7156700
2021-09-22,53.52305049068623,53.84984382708309,53.31107989491667,53.48772430419922,4999000
2021-09-23,53.43472709336461,53.98232170036361,53.399397539568106,53.63786697387695,6197500
2021-09-24,53.337580231894314,53.62020996478671,53.178600585990814,53.31108474731445,6647100
2021-09-27,53.13443261135679,53.47888733775814,52.4543538623952,52.5250129699707,6614000
2021-09-28,52.277707783913996,52.37486236910461,51.412153959179115,51.844932556152344,9139500
2021-09-29,51.747207421626875,52.85785315330358,51.560616362744625,52.46690368652344,7399100
2021-09-30,52.529090021328464,52.68902324875188,51.64057359760779,51.693885803222656,6778300
2021-10-01,51.84493467121338,52.013754969751126,51.24963026320713,51.720542907714844,6266400
2021-10-04,51.720537380086995,52.226991442730295,51.2051996450381,51.59614562988281,8281800
2021-10-05,51.5339605958579,52.52021452198265,51.44511029542683,52.27143096923828,8160900
2021-10-06,52.324739149914905,53.53312220167088,51.844939398878566,53.48869705200195,11222800
2021-10-07,53.36429111323727,53.61307459688857,53.12439130139319,53.21324157714844,7540700
2021-10-08,53.27545040166148,53.31099187637357,52.7867669873457,52.90227508544922,5787700
2021-10-11,53.17771286048247,53.17771286048247,52.7245709224163,52.795650482177734,5266400
2021-10-12,52.982238406182574,53.231021934816106,52.795647370286055,53.01777648925781,6343100
2021-10-13,53.26656035785683,53.666393427000244,52.75121920442284,53.27544403076172,5639000
2021-10-14,53.57753838752818,53.96848777381873,53.46203030617678,53.870750427246094,4941500
2021-10-15,53.870747083509755,53.90628516144035,53.09773542100912,53.44425964355469,10518900
2021-10-18,53.21325132271244,53.39983896962289,52.71568426428456,53.08885955810547,4434200
2021-10-19,53.22213462581061,53.22213462581061,52.71568054030447,53.12439727783203,6978000
2021-10-20,53.30210646328347,53.781902798555805,53.186598368948715,53.568660736083984,4228900
2021-10-21,53.46203919173345,53.57754729228265,53.08886386761986,53.453155517578125,5713400
2021-10-22,53.417609934825215,53.8352137658708,53.3998391984593,53.77301788330078,3822600
2021-10-25,53.932945513530754,54.110649469291886,53.417604380765574,53.61307907104492,4979500
2021-10-26,53.595305239493996,54.27057955448101,53.46202643301947,54.0484504699707,3938700
2021-10-27,54.16395911396178,54.16395911396178,53.426492261963354,53.65750503540039,5127600
2021-10-28,53.684162859567266,54.18173329711137,53.50646227919273,54.15507888793945,5106100
2021-10-29,54.12842044312943,54.341665882222856,53.87963692203815,53.96849060058594,5074300
2021-11-01,53.93295351223068,54.510487217331054,53.79967467828823,54.11954116821289,5322600
2021-11-02,54.11065427079156,54.537141768809946,53.639738237824744,54.519371032714844,5385800
2021-11-03,56.020959676127504,56.340826130051774,55.00805149831478,55.390113830566406,7451100
2021-11-04,54.88366282390189,55.46119649643593,54.80369620592994,55.16798782348633,5914100
2021-11-05,55.53227619364767,55.72775089046407,55.21240974046487,55.31903076171875,4609300
2021-11-08,55.3456873094638,55.44342465566522,54.661529275474926,54.98139572143555,4321100
2021-11-09,54.98139925006354,55.407886742242034,54.794808218330644,55.301265716552734,4258400
2021-11-10,55.550045670458196,55.9498787278798,55.38122877484511,55.73663330078125,7044000
2021-11-11,55.69221432946393,55.754410213129646,55.176873134037805,55.5056266784668,3661500
2021-11-12,55.61223856388264,56.136463346730615,55.35456800854259,55.78105545043945,5176500
2021-11-15,55.7544076142209,55.93211158330587,55.541162173434685,55.843257904052734,3503300
2021-11-16,55.90545639076881,56.2875187558133,55.47008520510884,55.5056266784668,6405000
2021-11-17,55.24795414037481,55.47896693024521,55.06136649593087,55.23906707763672,10948900
2021-11-18,55.105788846949544,55.61224293585591,54.96362635514111,55.390113830566406,7297800
2021-11-19,55.621130402878094,55.63890113924401,53.68416420147119,53.77301788330078,10543300
2021-11-22,53.66640121261585,54.51937629091911,53.25768102185158,54.172855377197266,7272400
2021-11-23,54.199505375207245,54.73261390837516,54.09288434645794,54.56379699707031,6544200
2021-11-24,54.55491626226438,54.91032084038014,54.15508314614027,54.48383331298828,5120400
2021-11-26,54.22616098803773,54.563798207559245,53.39095669703343,53.533119201660156,4999800
2021-11-29,53.68415636042757,54.004022789451994,53.21324377848656,53.87963104248047,6253700
2021-11-30,53.68416367179722,53.69305073460319,52.06706396208914,52.36915969848633,10679700
2021-12-01,52.75120921283087,53.09773001064703,51.98708468973856,52.03151321411133,5762300
2021-12-02,52.253650760240205,53.19547597602094,52.138142679078406,52.83118438720703,7525700
2021-12-03,53.13328306311717,53.8174411367469,53.03554571125274,53.54199981689453,7735400
2021-12-06,53.915181119608995,54.8392390867022,53.915181119608995,54.57268142700195,5921100
2021-12-07,54.57268067054051,55.034709647682675,54.39498008576546,54.56379699707031,7717900
2021-12-08,54.49272099911144,54.528259084734046,53.3376467861255,54.09288787841797,6678500
2021-12-09,54.075116140015574,54.26170379641176,53.77302038657442,54.19062423706055,3518600
2021-12-10,54.65264344739498,55.44342590750629,54.2883518511415,55.31903076171875,6999100
2021-12-13,55.35456666284724,56.42967060833143,54.99916216461702,56.1275749206543,9512200
2021-12-14,56.09204248970143,56.35859673756089,55.949879998214975,56.323055267333984,10391100
2021-12-15,56.491878165916155,57.726915503275336,56.39414081298765,57.56698226928711,11735100
2021-12-16,57.460355268219836,58.67762520429419,57.1582629391919,58.36664581298828,10808500
2021-12-17,58.295562230061954,58.695391903214734,57.69137079982165,57.71802520751953,12439900
2021-12-20,57.54920314805458,57.709136368158916,57.21156936287521,57.55809020996094,8996200
2021-12-21,57.46036297795339,57.629183289674735,56.94502175816217,57.149383544921875,6771200
2021-12-22,56.97167038391115,57.709133797074536,56.96278332240073,57.602516174316406,5122900
2021-12-23,57.70913663076099,57.97569425842852,57.56697753382249,57.70025634765625,3943300
2021-12-27,57.70914869934756,58.25114435113371,57.5581025088743,58.21560287475586,3813200
2021-12-28,58.29556632875627,58.71317015563038,58.20671603723561,58.65097427368164,3254900
2021-12-29,58.72206154450701,59.121898100227064,58.55324799234628,58.97085189819336,4753900
2021-12-30,59.140547371338855,59.25666440547596,58.67607242001057,58.72966384887695,5563000
2021-12-31,58.756456921385755,59.31025998229663,58.67606978170072,59.22986602783203,5076700
2022-01-03,58.72967077781196,59.00656894599654,58.13121036893143,58.92618179321289,8978100
2022-01-04,58.944035914371504,59.980182296150936,58.83685305748384,59.35491943359375,7519400
2022-01-05,59.66756386858531,60.703703602227094,59.56037417967855,60.212432861328125,10723200
2022-01-06,60.33747308954006,60.6768968203523,59.819399909790064,60.18561935424805,9204600
2022-01-07,60.08736938618439,60.525055465243284,59.82833958727073,60.33747863769531,6454800
2022-01-10,60.46253415407398,60.58758538132863,59.721154153363706,59.87300109863281,6823800
2022-01-11,60.140978684637155,60.25709574737672,59.176291838737335,60.078453063964844,5295500
2022-01-12,60.00697007923805,60.31959806180663,59.69434209666947,60.17668533325195,5798100
2022-01-13,60.06950402167452,60.53397897248396,59.9176570968695,60.41786193847656,6692100
2022-01-14,60.25707082336312,60.882333586241565,59.9176471393631,60.8287353515625,6337600
2022-01-18,60.07842985090484,60.22134257945952,59.533561017808644,60.17668533325195,6739500
2022-01-19,60.34639596735925,60.891264820272994,60.24814048143847,60.38212585449219,7244900
2022-01-20,60.364273821619804,60.90020858342913,60.25708414334585,60.525054931640625,10461100
2022-01-21,60.94486853265781,62.05246787415089,60.918066003816236,61.06098556518555,18880800
2022-01-24,61.28429047830865,61.55226124065741,59.0065594426829,60.39106369018555,13793300
2022-01-25,60.09629876282237,60.12309447679167,59.14054634749872,59.82833480834961,12863000
2022-01-26,59.37278951255866,60.283877896493216,59.06016147958014,59.50677490234375,10027600
2022-01-27,60.03378841983861,61.31110335705991,59.79262011802769,60.266029357910156,12175700
2022-01-28,58.17585407890942,59.435307030802456,57.0771890247014,59.32811737060547,15471000
2022-01-31,59.18521934873223,60.167767626353395,58.69394180253126,59.87300109863281,9657600
2022-02-01,59.83726573143239,60.13203223219919,59.006564475040605,59.560367584228516,6609500
2022-02-02,59.6764837118011,60.78408991325995,59.40851974547141,60.65010452270508,6882100
2022-02-03,60.48932958912832,61.150315617922445,60.25708867612145,60.68584060668945,7276500
2022-02-04,60.39107836910877,60.86448759151823,59.71222393699156,59.864070892333984,7909600
2022-02-07,60.10524806136118,60.52506585858438,59.658634543426956,60.27496337890625,6760900
2022-02-08,60.4893178509273,60.998456836362124,60.21241973343205,60.78408432006836,6590200
2022-02-09,61.16817899278595,61.26642767878647,60.55185027239427,60.703697204589844,5557700
2022-02-10,60.0605685745246,60.64116736183704,59.45317407337585,59.640750885009766,7609200
2022-02-11,59.91766239673444,60.18562637924893,59.444253227656425,59.57823181152344,8130100
2022-02-14,59.79261005407115,59.86406302586688,58.372375758688136,59.078025817871094,7225500
2022-02-15,59.220936992547664,59.613952133419566,58.56887845837892,58.836849212646484,6779000
2022-02-16,58.97976771320191,59.41744696080707,58.23838779343601,58.69393539428711,6103200
2022-02-17,58.57782001090886,59.23880598928714,58.17586382888866,59.00656509399414,7492700
2022-02-18,58.979764310955275,59.42637770942052,58.61354486789919,58.95296859741211,6050500
2022-02-22,59.444254894900766,59.55143776500055,58.72967062525911,59.37279510498047,8937100
2022-02-23,59.53357180167615,59.82833830211128,59.12268826233333,59.20307540893555,7177300
2022-02-24,58.33665381560222,58.83686557502396,56.46981263665383,57.747127532958984,10323900
2022-02-25,58.07760863310025,59.65862402409172,57.97042576915524,59.63182830810547,7561800
2022-02-28,58.56887437546109,58.899370707381145,57.76496898347913,58.488487243652344,7916600
2022-03-01,58.05080983209413,58.46169335653484,57.282634212337186,57.470211029052734,8740800
2022-03-02,57.371967639618816,58.12227497569429,57.14865750390411,57.791778564453125,7452400
2022-03-03,58.14906331634623,58.49742122315968,57.747113982262924,57.97935485839844,6539700
2022-03-04,57.20225580042679,57.39876682358661,56.46087578206234,57.014678955078125,10949600
2022-03-07,56.95214616619988,56.95214616619988,55.54084942312102,55.853477478027344,13768300
2022-03-08,55.799887776287015,56.09465089329235,54.2278064609574,54.308197021484375,13037600
2022-03-09,55.02277063043215,55.45152250161101,54.56722645246572,54.745872497558594,8709400
2022-03-10,54.147413861223235,54.22780441872268,53.3077817997548,53.73653030395508,7342000
2022-03-11,54.04022544138571,54.54936448287037,52.71825008740887,52.80757141113281,9385100
2022-03-14,53.12911764583628,53.97768359550486,52.88794605546379,53.004066467285156,9806700
2022-03-15,53.45069341217586,54.73693881514897,53.22738670564227,54.6386833190918,9677200
2022-03-16,54.89772457587446,55.53191485848301,54.50470596567837,55.33540725708008,12071100
2022-03-17,55.344333350929645,56.07677907605208,54.7905336725812,55.62123489379883,7243600
2022-03-18,54.978116521951236,55.27288304258602,54.44218173020293,54.942386627197266,12832900
2022-03-21,54.969191214930554,55.281819306621756,54.56723837747711,54.81734085083008,8934000
2022-03-22,55.094227169075644,55.228212546857606,54.370712262354516,54.9959716796875,7529800
2022-03-23,55.08529262084179,55.43365391924162,54.2456606936022,54.290321350097656,7435600
2022-03-24,54.59401969181274,54.63868034921395,53.86157400678574,54.352848052978516,10921000
2022-03-25,54.48683467497781,55.19248466313223,54.45110478528623,54.95131301879883,6223100
2022-03-28,55.067431456475134,55.2103476026607,54.62081807372153,54.9959716796875,8029500
2022-03-29,55.43366214605572,56.335819807754554,55.43366214605572,56.32688903808594,9902500
2022-03-30,56.272996007007514,56.461619747696865,55.83287051899138,56.362815856933594,6171600
2022-03-31,56.407723718330246,56.704135379776424,56.228080598642336,56.3897590637207,8379600
2022-04-01,56.587367977726444,57.16222323117972,55.868798910909845,57.063419342041016,6898700
2022-04-04,56.91071861051388,57.05443240795832,56.11131039807873,56.623291015625,6155500
2022-04-05,56.38975941913733,57.27899098267305,56.38975941913733,56.59634780883789,5364800
2022-04-06,56.632275724632684,57.11731111098877,56.33586749502005,56.7759895324707,5389600
2022-04-07,56.71311658293803,56.7490458925303,55.6442453206246,56.488563537597656,7458000
2022-04-08,56.66820066377331,57.11730670693956,56.38975368350365,56.94664764404297,7833600
2022-04-11,57.44963954874618,57.62030202417483,56.85681975702016,56.955623626708984,9693800
2022-04-12,57.55744113975285,57.78199419645961,56.847852658221626,57.189170837402344,7379200
2022-04-13,57.20712772250183,57.55743332156386,56.96461004303146,57.3508415222168,5873500
2022-04-14,57.62030509936349,57.683179669538006,57.19814433412856,57.234073638916016,6651300
2022-04-18,57.144259900851594,57.50354272938453,56.81192234219653,57.09934997558594,5777600
2022-04-19,57.25205230434193,58.83290441144211,57.12629970680656,58.57242202758789,7233700
2022-04-20,58.59935705656789,59.25505492238896,58.59935705656789,59.039485931396484,8234600
2022-04-21,59.14727063115661,59.59637672076723,59.04846674321706,59.13828659057617,6418800
2022-04-22,59.26403192555507,59.44367158791639,58.419710436266364,58.43767166137695,7740700
2022-04-25,58.9317057405514,59.2550626958676,57.95265083339525,59.08440017700195,8913900
2022-04-26,59.15625703526556,59.30895146715831,57.52151107788086,57.52151107788086,9883800
2022-04-27,58.868825058248895,58.97661298312476,57.422702950368276,57.53049087524414,9892400
2022-04-28,57.665214340606646,59.57841050809159,57.5843785405907,59.47960662841797,9786400
2022-04-29,59.24606756084009,59.31792617141385,57.808929613436234,57.916717529296875,10385400
2022-05-02,58.662226779709854,58.814928036315024,56.578378524687345,57.29694747924805,10049400
2022-05-03,57.58438954448994,58.28499402309925,57.16222867845207,58.10535430908203,9538700
2022-05-04,57.95264766616224,59.55147112576466,57.87181185815882,59.452667236328125,8348000
2022-05-05,59.03051518755443,59.3448881312317,58.21313868117732,58.59039306640625,8843800
2022-05-06,58.42870141290557,59.22810965511673,58.159235034553966,59.039485931396484,9037800
2022-05-09,58.74307644021516,59.919732173021494,58.59038201819593,59.53350067138672,11709000
2022-05-10,60.08141093609716,61.01555240641964,59.02152031138656,59.21014404296875,10974900
2022-05-11,58.931693128766675,59.65026550964896,58.77001468570887,58.88677978515625,9728200
2022-05-12,58.958646191410914,59.192183274006325,58.24007371549349,58.99457550048828,8676400
2022-05-13,59.12930895010277,59.69518015166628,58.70714813265053,59.623321533203125,7884200
2022-05-16,59.64130582748903,59.686212336624884,59.10237974814043,59.39878463745117,7955000
2022-05-17,59.40774209135961,59.506545961180635,57.97060423870895,59.030494689941406,10053400
2022-05-18,58.7430862237922,58.787992727433775,54.53046831282311,54.737056732177734,12698500
2022-05-19,54.189143206085966,55.293943791445066,53.57835864120991,54.889747619628906,10834400
2022-05-20,54.98854613571976,55.20411512201867,54.260993097544606,54.96159744262695,14293200
2022-05-23,55.743047051561845,56.066400546155954,55.24902762980538,55.72508239746094,7476200
2022-05-24,55.66221055154696,56.62329732143876,55.47358338743894,56.58736801147461,6505400
2022-05-25,56.41670755153723,56.569401975546,55.4915466877866,56.02149200439453,8517400
2022-05-26,55.958624375753566,56.7939620705205,55.9316791037959,56.138267517089844,5930800
2022-05-27,56.39874083066956,57.27000427246094,56.13825848894309,57.27000427246094,8631200
2022-05-31,57.14425690045155,57.431684518749364,56.23706412265047,57.09036636352539,8767500
2022-06-01,56.99156233660458,57.252044685796335,55.76101263465411,56.506526947021484,7621800
2022-06-02,56.45262852550477,56.641255668606455,55.21309830744917,56.623291015625,7719200
2022-06-03,56.44365415373205,56.62329727700426,55.76101439698675,56.05742263793945,6221300
2022-06-06,56.32689076934253,56.713122320515005,55.88676867473718,56.09335708618164,4556100
2022-06-07,55.65321522373598,56.89274875484684,55.58136004478831,56.80292892456055,5929700
2022-06-08,56.58736189921487,56.73107569714071,56.14723646571291,56.24604034423828,3861200
2022-06-09,56.08436392653838,56.60532860441099,54.97058280883617,54.997528076171875,7124600
2022-06-10,54.3508228566264,55.06939541251715,53.92866542040965,54.611305236816406,8265400
2022-06-13,54.07237215431043,54.16219199881228,52.967571620181886,53.17416000366211,8704100
2022-06-14,53.46158516438465,53.53344035140719,51.93462389307385,52.518463134765625,7096500
2022-06-15,52.940629446298836,53.784951164802465,52.35679353231196,53.030452728271484,9212300
2022-06-16,52.45559470210002,53.15619913302284,52.08732783117808,52.64421844482422,7999200
2022-06-17,52.743028981304086,53.17417048744999,52.18613487109186,52.814884185791016,11416100
2022-06-21,53.24602077881694,53.964593315830726,52.35679257519446,53.731056213378906,10582700
2022-06-22,53.74901775756606,54.557410101699595,53.5603940194041,54.144229888916016,10349500
2022-06-23,54.377760110194245,55.150223046717315,54.35979545743706,54.826866149902344,6459900
2022-06-24,55.32088884154617,56.326885533540725,55.07837113941749,56.27299499511719,6571600
2022-06-27,55.82389013672139,56.4167100573588,55.76101555623013,56.25503158569336,5213300
2022-06-28,56.47059445970595,56.74904144762518,55.29393878718557,55.437652587890625,6735200
2022-06-29,55.55509597145217,56.33196453151052,55.546064138731346,56.05192947387695,5056600
2022-06-30,55.62735923495371,56.46745743769533,55.56412262800227,56.08805847167969,7291000
2022-07-01,55.60025406561599,57.479192029825626,55.60025406561599,57.21722412109375,9481200
2022-07-05,57.027526199533945,57.0907593590937,55.22085662137243,56.44035720825195,9230900
2022-07-06,56.48552781965136,56.837827864488844,56.13322777481388,56.37712860107422,8540500
2022-07-07,56.2958221102549,56.5758571271064,55.80802051159047,56.34098815917969,9442400
2022-07-08,56.34098361377443,56.75652018982481,56.151284156025476,56.40421676635742,4951700
2022-07-11,56.5035901366224,56.74749094219011,56.02482380307211,56.25968933105469,5223500
2022-07-12,56.65716390338168,57.36176399622214,56.25969435689811,56.512630462646484,5921500
2022-07-13,56.04289319605749,56.59392798894877,55.51895734512844,55.97966003417969,5062800
2022-07-14,55.139555245581796,55.27505339365452,54.43495178099868,54.99502182006836,7261400
2022-07-15,55.672524392689475,55.672524392689475,54.5523877304311,54.86855697631836,6310300
2022-07-18,54.71499078493756,55.11245687255626,54.182023093430104,54.25429153442383,6884800
2022-07-19,54.98598518098825,55.64541913393529,54.74208438535875,55.482818603515625,8699600
2022-07-20,55.826087817124446,55.99772362797171,55.12148780275803,55.50992202758789,6356100
2022-07-21,55.473791326243514,55.73575925186404,55.058258134813705,55.41958999633789,4398700
2022-07-22,55.76285745987894,56.03385721394233,55.591225086360176,55.99772644042969,4779700
2022-07-25,56.06096287736532,57.01849562740481,55.91642943702262,56.693294525146484,6353400
2022-07-26,56.413256265487526,57.000421789985495,55.9796559956287,56.85588836669922,7701100
2022-07-27,56.892029414864304,57.65083083971144,56.268729598219856,57.47919845581055,8297500
2022-07-28,57.42499637190617,58.17476595450491,57.045597387421736,57.99409484863281,5228500
2022-07-29,57.29853257688071,58.21993113591998,57.271433632776365,57.84956741333008,6196400
2022-08-01,57.74115389412183,58.87032229892817,57.732122063100725,58.61738967895508,6121600
2022-08-02,58.86129714075392,58.86129714075392,58.30122710018286,58.499961853027344,5186400
2022-08-03,58.42768869554772,59.00582235243219,58.237989235497835,58.83418655395508,5314000
2022-08-04,58.689663022560886,58.87936250341635,57.8856956024078,58.03926086425781,5672800
2022-08-05,57.94892766702723,57.94892766702723,57.02752577550215,57.60565948486328,5679900
2022-08-08,57.83149656661585,58.346397177716845,57.55146495640777,57.75923156738281,4928700
2022-08-09,57.95796458782991,58.10249457331925,57.650827169331414,57.75019454956055,3475500
2022-08-10,58.10248974469284,58.40962713766659,57.97602343343808,58.23799133300781,3597400
2022-08-11,58.54512472865737,58.80709264117925,57.93085680423646,58.07539367675781,3636300
2022-08-12,58.25606278322387,58.41866333255977,57.62373114241649,57.99409484863281,4838300
2022-08-15,58.1657286767789,59.060028221435616,57.885697087175764,58.879364013671875,4763700
2022-08-16,58.879357688871565,59.90012344769215,58.77095504071924,59.58395767211914,5257200
2022-08-17,59.42135705991566,59.475554937964944,58.91549181973032,59.177459716796875,4194600
2022-08-18,59.1413279090543,59.38522526210467,58.80709156638047,59.21359634399414,3596400
2022-08-19,58.91549154576636,59.31296102800485,58.68062258881662,59.04195785522461,5057100
2022-08-22,58.942597618933576,59.15036766213267,58.084432287754204,58.274131774902344,5429800
2022-08-23,58.02119613824974,58.16572611972743,57.49726031011102,57.56049346923828,5409800
2022-08-24,57.6146887606299,58.42769140707142,57.44305640013606,58.35542297363281,5911400
2022-08-25,58.35542444564191,58.6896607898037,57.87665812285429,58.22895812988281,4375200
2022-08-26,58.31929197890342,58.42769463505031,56.52165767216047,56.66619110107422,7071900
2022-08-29,56.21452351098176,56.774590115346186,55.81705744432778,56.44035720825195,5480900
2022-08-30,56.413249191712765,56.503581277709024,55.68154688972956,55.871246337890625,4850300
2022-08-31,55.97062690711608,56.81976387801885,55.84416057850052,55.88029479980469,9945100
2022-09-01,55.59122578495957,56.02482608609971,55.07632521198385,55.97966003417969,7562500
2022-09-02,56.042889743205784,56.41325685964948,54.543354168586355,54.859519958496094,6262700
2022-09-06,54.976953118134404,54.976953118134404,53.9832828313168,54.2000846862793,8906800
2022-09-07,54.24525096283138,55.56411886872546,54.03748438417261,55.482818603515625,8278100
2022-09-08,55.11245212206806,55.329253980412794,54.29041762933988,55.05825424194336,5605500
2022-09-09,55.401512145996094,55.7809110203385,55.0401769310479,55.401512145996094,6341300
2022-09-12,55.663487718055634,56.404221955849316,55.509922460781944,55.91642379760742,5887200
2022-09-13,55.13051915242757,55.347321010464256,53.85681728207717,54.0916862487793,8652900
2022-09-14,54.308486534940414,54.62465577857307,54.13685416561897,54.41688919067383,6543400
2022-09-15,54.2813837932849,54.41688538048969,53.57678381009645,53.811649322509766,6629600
2022-09-16,53.73034661449854,54.552381039463086,53.64001452443805,54.4710807800293,11923900
2022-09-19,54.47109321850878,54.6156266631788,54.06459182851523,54.54336166381836,7782700
2022-09-20,54.23622636188983,54.407858746458494,53.531622820823145,53.97425842285156,6295200
2022-09-21,54.14589080742022,55.14859306336396,53.96522659037913,53.97425842285156,8873000
2022-09-22,54.08264996526031,54.50721839612752,53.74841707603961,54.01941680908203,7005900
2022-09-23,53.784558434423786,53.97425792814767,52.628287469454115,53.251590728759766,6145400
2022-09-26,53.10705279294686,53.40515147985524,52.48374958640879,52.7095832824707,7200000
2022-09-27,53.016717737649614,53.41418725180455,51.77011820493303,52.01401901245117,7415400
2022-09-28,52.384391665926444,52.80895671999718,51.724954165319325,52.51988983154297,6262700
2022-09-29,52.39712305247781,52.469873241021745,51.187680653754185,51.533233642578125,7336400
2022-09-30,51.369555299291996,51.560519350665544,49.75999371860041,49.860023498535156,14651500
2022-10-03,50.23285803534935,51.433208420252704,49.878206062106095,51.24224090576172,11676200
2022-10-04,51.68782237823676,52.67902107858808,51.59688811795192,52.315277099609375,11281900
2022-10-05,52.01519579748291,52.42440694225755,51.38773755252182,52.051570892333984,4901100
2022-10-06,51.84241237481124,52.133409645297625,50.74209184582989,50.93305587768555,6069700
2022-10-07,50.7875619154574,50.87849965178345,49.96914310204262,50.251041412353516,6753300
2022-10-10,50.50566057182586,50.79665437275253,49.98732764711775,50.578407287597656,6944600
2022-10-11,50.49656388241121,51.615071928966934,50.35106698535322,51.17858123779297,7976200
2022-10-12,51.77875248701463,52.324368411736394,51.47866667699914,51.67872619628906,8280200
2022-10-13,51.01489440334235,52.76995259309221,50.80574284043427,52.45167922973633,10000100
2022-10-14,52.933638299635085,53.033668064497974,51.68782093025088,51.77875518798828,7916400
2022-10-17,52.38802516872427,52.715394042809386,52.14249851316043,52.23343276977539,7340600
2022-10-18,52.851803450508676,53.37923193191253,52.55171758299136,53.06095504760742,6349100
2022-10-19,52.92454977773104,53.27919826295712,52.16978220646953,52.469871520996094,4619000
2022-10-20,52.515343599255026,52.624465419851944,51.64236209663941,51.75148391723633,5723200
2022-10-21,51.451390824210385,52.22434243744245,51.26951883612059,52.15159225463867,9719900
2022-10-24,52.897263450980795,53.45197144490767,52.56080253310958,53.41559982299805,6487800
2022-10-25,53.49744635438439,54.006683791355556,53.2155445811183,53.933937072753906,7080600
2022-10-26,54.415892531435475,55.05244276858297,53.92483919401429,54.470455169677734,6620200
2022-10-27,54.561394265177434,55.18884905041576,54.32496308301981,54.84329605102539,7547500
2022-10-28,55.161564410155265,56.20732575867351,54.943317326762696,56.107295989990234,6263700
2022-10-31,55.679898878327066,56.371011770846934,55.143378396865515,55.9072380065918,6840600
2022-11-01,55.979992092797744,56.634726468949495,55.961804544999076,56.26189041137695,8507500
2022-11-02,59.062698255381214,59.071793762415034,56.38009952104764,56.907527923583984,11491100
2022-11-03,56.461950110478824,56.97119104336419,56.23461096580286,56.38010787963867,8159800
2022-11-04,56.66200296198543,57.544076380070464,56.489223012371106,57.48951721191406,7507300
2022-11-07,57.65320576884763,58.6625920788152,57.62592271390263,58.553466796875,6480100
2022-11-08,58.380690666663874,58.835368964497206,57.262185939184405,58.12607192993164,6772100
2022-11-09,58.06241865965016,58.48072187130227,57.56227321363827,57.64411544799805,5584400
2022-11-10,58.88992916747399,59.26276172660101,57.716858444258534,59.089988708496094,8601500
2022-11-11,59.153642988094795,59.2809523428265,58.16244079729566,58.92630386352539,6384600
2022-11-14,59.1081674991356,59.40825678382793,58.25337024134733,58.28974533081055,5870400
2022-11-15,58.91721109404668,59.099079627018504,58.353407541290316,58.78990173339844,5930900
2022-11-16,59.09907404852207,59.60831838088612,58.81717576767282,59.10816955566406,4711100
2022-11-17,58.48071143372646,58.771705221976035,58.207908659777026,58.6080207824707,5152200
2022-11-18,58.79899295364596,59.190009577237596,58.48071263739524,59.09907531738281,4973200
2022-11-21,59.38098068974699,59.98115235655206,59.153641570625204,59.88112258911133,5824700
2022-11-22,60.244860240325366,60.372169578636324,59.84474121258315,60.29941940307617,4077900
2022-11-23,60.29942782450962,60.654076307597386,60.14483888323333,60.62679672241211,3235800
2022-11-25,60.62680181149227,60.76320668670821,60.46311734880117,60.64499282836914,2212200
2022-11-28,60.635896163903325,60.91779447955908,60.08118810301683,60.15393829345703,3755200
2022-11-29,59.84475297047822,60.13574679205272,59.64469341730076,60.06300354003906,3673500
2022-11-30,59.82657294199789,61.608911087030165,59.64469745505148,61.48160171508789,8415200
2022-12-01,61.61800839928879,62.318209965464966,61.55435371145459,61.9180908203125,5846500
2022-12-02,61.29972586300146,62.16361177509595,61.11785039772289,62.118141174316406,3798400
2022-12-05,61.42703069715809,61.51796495418245,60.97235247419715,61.31790542602539,4190000
2022-12-06,61.545242164691714,61.80895635638252,60.845040780976625,61.19059371948242,4819600
2022-12-07,61.49069660207313,62.572826252639466,61.363387231418265,61.863529205322266,7222700
2022-12-08,61.236058871473645,61.90898762717527,61.10874952587366,61.46339797973633,5929800
2022-12-09,61.436127410430984,61.49069352215024,60.872330779438784,60.981449127197266,4819200
2022-12-12,61.236062957026824,61.31790864913825,60.8359508175203,61.272438049316406,6225000
2022-12-13,62.063586829001224,62.290925974895,60.99054578286899,61.472503662109375,6992100
2022-12-14,61.59980970006926,61.890803513575044,60.73592376749139,61.16332244873047,7986500
2022-12-15,60.87232597121041,61.126944679654876,59.85384419959307,60.37217712402344,7717300
2022-12-16,59.94478576588361,60.372184480497424,59.36279809342573,60.16303634643555,17584900
2022-12-19,60.07209319609962,60.28124826124893,59.53557614637242,59.74472427368164,7117200
2022-12-20,59.817467913270804,60.20849147567385,59.45372393510807,59.88112258911133,5718300
2022-12-21,60.2448708888353,61.19060252476308,60.1084660200096,60.82685852050781,5608500
2022-12-22,60.64498705964612,60.772296414313594,59.99024927116225,60.68136215209961,4856700
2022-12-23,60.73592395916906,61.145131625820575,60.50858482484271,61.017822265625,3365200
2022-12-27,61.281525162273375,61.472489167255134,61.05418606998483,61.372459411621094,3139400
2022-12-28,61.6725501606258,61.68164566713071,60.745009694447006,60.77228927612305,3499200
2022-12-29,60.85919025322909,61.39881602543155,60.82260439066692,61.252479553222656,3277700
2022-12-30,61.17930892147103,61.27077009049112,60.46590203385849,60.959800720214844,4335300
2023-01-03,60.822608602271885,61.00553094970923,59.78908408097439,60.59395217895508,6545300
2023-01-04,60.6945526448933,61.6366158540437,60.60309148461409,61.03296661376953,6086900
2023-01-05,61.270774137316906,61.39882117801029,60.39273429625928,60.53907775878906,5353400
2023-01-06,61.417106026219805,62.432340927575055,61.17930143344171,62.212825775146484,5845500
2023-01-09,61.89270943251885,62.4963656463309,61.48113072531186,61.499420166015625,4132700
2023-01-10,61.29819619073046,61.70978184081056,61.27990675158935,61.563438415527344,3560600
2023-01-11,61.80126190185547,62.02991834029331,61.225050189086794,61.80126190185547,4928700
2023-01-12,61.65490219884369,61.764652782030396,60.87746501840138,61.060394287109375,4945800
2023-01-13,60.904917924197,61.38052716396571,60.56651090386449,61.33479309082031,4712700
2023-01-17,61.44454977883386,61.737229699770445,61.21589337253842,61.2982063293457,6245300
2023-01-18,61.03296763660263,61.133570029968254,58.92932602473036,59.057373046875,6751700
2023-01-19,58.91103397800003,59.276878609066955,58.30737777626932,58.38969421386719,5933700
2023-01-20,58.316526666249224,58.57262420654297,57.85921386667725,58.57262420654297,7524300
2023-01-23,58.65493608526843,59.24944410941656,58.46286555033554,58.86530303955078,6108900
2023-01-24,58.901894553956325,59.45981677099755,58.31653119427664,59.304325103759766,5025000
2023-01-25,59.3957815944038,59.46894633034468,58.60920311421997,59.45065689086914,4505600
2023-01-26,59.31346291964753,59.31346291964753,58.79212665814155,59.011634826660156,5051500
2023-01-27,58.94760822224921,59.40492095315273,58.59090485038754,59.19456100463867,7141800
2023-01-30,59.25859800707578,59.85310608828825,58.911042764509155,59.304325103759766,7920700
2023-01-31,59.432369108247194,59.88968186631052,59.194564520203365,59.85309600830078,5938700
2023-02-01,60.054317544899604,61.39881125488636,59.853098805461805,61.03296661376953,8004500
2023-02-02,60.5939447120722,61.087843362939104,60.182365992036154,60.96894454956055,6776200
2023-02-03,61.115279877415865,61.16101394680917,59.9262638535827,60.28297424316406,6271300
2023-02-06,60.282973407572264,60.63052860481033,60.045168810494026,60.52077102661133,4852700
2023-02-07,60.07260432926548,60.07260432926548,58.64579075349518,59.52383041381836,8080500
2023-02-08,59.22200865092547,59.441516844969684,58.92932873285329,59.25859451293945,4792500
2023-02-09,59.61529333793911,59.78907442456575,58.73725365157774,58.80127716064453,4150000
2023-02-10,58.801274407534585,59.98114214341408,58.63664153792259,59.9079704284668,5509500
2023-02-13,60.15492700447926,61.04211501731009,60.15492700447926,60.612239837646484,5588200
2023-02-14,60.72198636674622,60.74028278444191,59.70675150383768,60.05431365966797,5053000
2023-02-15,60.01773689094156,60.09090163868748,59.60615116692654,60.08176040649414,3746400
2023-02-16,59.441515058548696,60.14578066958281,58.92932696182531,60.072608947753906,6419600
2023-02-17,60.15491445116998,61.30734450411002,60.017726212280714,61.1427116394043,7339800
2023-02-21,61.00552366279393,61.22503882714667,60.13663214919247,60.9140625,6742100
2023-02-22,60.978091252051364,61.68235691997008,60.42931725008822,60.575660705566406,5358300
2023-02-23,60.74028999506238,60.868337021977844,60.045172578921594,60.42931365966797,4637300
2023-02-24,60.118341529700146,60.16406862118127,59.46895123709878,59.95370864868164,5240300
2023-02-27,60.37444383353232,60.63053791059702,59.926272220628846,60.03602981567383,3328900
2023-02-28,59.85309618420169,60.02687028771,59.45065872295079,59.615291595458984,5597000
2023-03-01,59.43237485871783,59.43237485871783,58.37140580789654,58.70981979370117,5115900
2023-03-02,58.80128099629335,59.93541479290223,58.60006224666089,59.779930114746094,6635100
2023-03-03,59.69760677419424,60.31955242935812,59.11224697851521,60.10004425048828,5641200
2023-03-06,60.05431950631642,60.43846057885895,59.953710133311546,60.072608947753906,3878900
2023-03-07,60.17321444652871,60.17321444652871,58.89273730912383,59.276878356933594,4850700
2023-03-08,59.17627083365297,59.67016947252354,59.0848096734264,59.53297424316406,3015400
2023-03-09,59.853101078278655,60.0908987084267,58.96591313599853,59.23115539550781,4065900
2023-03-10,59.45981271371878,59.917125517594094,59.21285989192394,59.35920333862305,5744800
2023-03-13,59.46895179808124,61.22503820485722,59.46895179808124,59.94456100463867,11336500
2023-03-14,59.98114420445425,60.721988654145335,59.70675375299287,60.63052749633789,7653600
2023-03-15,60.03601896841041,60.914058636005926,59.51468269771185,60.731136322021484,8512800
2023-03-16,60.71284156743213,61.316497780592165,60.12748177299529,61.22503662109375,7079900
2023-03-17,61.07869150980753,61.1975972941325,60.20980005132292,60.731136322021484,13634200
2023-03-20,60.9597926326071,61.95673110532888,60.9140585651447,61.94758987426758,8081300
2023-03-21,62.02075845127259,62.13051603315161,61.38967154507661,62.03905487060547,8566100
2023-03-22,62.19454412216093,62.5878334302903,61.58174661215745,61.60918426513672,6989600
2023-03-23,61.47199687483843,61.98418507065326,61.279926301407876,61.46284866333008,6043900
2023-03-24,61.718953171070666,63.200642527933816,61.718953171070666,63.14576721191406,7200600
2023-03-27,63.292083488450906,63.79513031801645,63.22805998087338,63.2555046081543,6253800
2023-03-28,63.30124843192785,64.07867893747414,63.25552133044914,63.6488037109375,5725900
2023-03-29,64.05122917510356,64.38049494689766,64.05122917510356,64.3622055053711,4833500
2023-03-30,64.39439430684793,64.57832995741882,63.84260138799056,63.989749908447266,7116000
2023-03-31,64.32081780475639,64.39438503796788,63.879379323354236,64.11849212646484,7037300
2023-04-03,63.87938954312295,64.93699674748622,63.41956093395872,64.57833099365234,5755700
2023-04-04,64.48636029152233,64.97377744635796,64.40358750152411,64.85421752929688,4397700
2023-04-05,65.24047937304829,65.84744943333537,65.15770658239312,65.66352081298828,5789300
2023-04-06,65.90264341317437,66.07737352350762,65.1669147897425,65.3416519165039,5024100
2023-04-10,65.03815568531574,65.12092146209469,64.14608711464147,64.86341857910156,4965500
2023-04-11,64.79904464706085,65.05654753716207,64.57832888646375,64.66109466552734,5060100
2023-04-12,64.70707992451348,65.01056847869279,64.38520131391154,64.56912994384766,6794200
2023-04-13,64.65189584731539,64.87261158299724,64.1184930543597,64.78064727783203,5410000
2023-04-14,64.49553810648833,64.70706228804684,64.08169529371474,64.20124816894531,4423600
2023-04-17,64.41277900674457,64.69787043983025,64.10929050392198,64.61510467529297,5178500
2023-04-18,64.57833540179033,64.9461997175178,64.31163394829862,64.8358383178711,3782300
2023-04-19,64.97377843932858,65.04735269457872,64.59671564349198,64.70707702636719,4785100
2023-04-20,64.63349936780979,65.53476640609946,64.63349936780979,65.3232421875,4808000
2023-04-21,65.51639154399601,65.78309303332142,65.13013711797817,65.5899658203125,4546000
2023-04-24,65.61753928292441,66.11415500885583,65.57156063315502,66.04058074951172,4203400
2023-04-25,66.04058228738221,66.79470092215142,66.0037951568535,66.6751480102539,5980400
2023-04-26,65.94861647191229,66.64755790323285,65.83825508283192,66.51880645751953,5877200
2023-04-27,66.573981467958,67.95346721245184,66.38085430570015,67.88909149169922,7665100
2023-04-28,69.78357572370923,72.27584553351028,69.60884565213514,70.55609130859375,14861600
2023-05-01,70.37215836506427,71.47575109743411,70.06867685385741,71.01592254638672,6670400
2023-05-02,71.10788410687803,71.5217269802659,70.37215564704785,71.36538696289062,7971900
2023-05-03,71.63210509322433,71.74246649291618,70.50093056620277,70.83200073242188,5957400
2023-05-04,71.19984463444796,71.27341887981457,70.59287465123892,71.08029174804688,5725400
2023-05-05,70.86877708109017,71.39298137110552,70.60207566807505,71.32860565185547,5461000
2023-05-08,71.04352109985179,71.92639119970384,70.7768196608713,71.83442687988281,5676500
2023-05-09,71.64128624270168,71.79762625866562,71.10788346496135,71.63208770751953,3825700
2023-05-10,71.63208770751953,72.08271770147356,71.28262055128958,71.63208770751953,5160400
2023-05-11,71.65968727121394,72.13791294395398,71.13548294837464,72.06433868408203,3679500
2023-05-12,72.1011276010971,72.2298790508504,71.49415046675061,71.6229019165039,5085400
2023-05-15,71.84361290090817,71.97236432951338,71.10788443765556,71.48494720458984,3189500
2023-05-16,71.36539601852841,71.74245883155463,70.74922738967958,71.54933166503906,4389300
2023-05-17,71.54932019658077,71.65967455037126,70.40894042028576,71.02511596679688,4907800
2023-05-18,70.63886346011475,71.09869203520505,70.46413337275096,71.06190490722656,5040200
2023-05-19,71.14467435270952,71.33780150319166,70.57448442050492,70.8687744140625,5806800
2023-05-22,70.88716774358599,71.00672063526135,69.56285933426766,69.77438354492188,5655800
2023-05-23,69.86635727849072,69.89394587133785,69.10304013305851,69.57206726074219,4807400
2023-05-24,69.5536508591845,69.76517503960984,69.11221946344763,69.40650939941406,4553800
2023-05-25,68.92829968461216,69.37893673404717,68.41329393260317,69.13982391357422,5125600
2023-05-26,68.98349479862509,69.24099771537168,68.45929042769717,69.0938491821289,7429000
2023-05-30,68.43169696479207,68.54205134044722,66.44523400586631,66.55559539794922,10882400
2023-05-31,66.64755162982037,67.81551306783241,66.47281453433102,67.51203155517578,13628600
2023-06-01,67.70515953431216,67.80632237857829,67.10738100449241,67.69596099853516,5445200
2023-06-02,67.84311174702934,68.38571316908701,67.59480737858122,68.30294036865234,5672300
2023-06-05,68.28454008328148,68.72597858114871,67.99944862583348,68.32132720947266,6670000
2023-06-06,68.33970926929926,68.56962351877631,67.00620942890286,67.39246368408203,4865100
2023-06-07,66.48201710835984,67.2729228292963,66.2429042815488,66.39005279541016,7789300
2023-06-08,66.22451845365433,67.3189057755535,66.08656846720868,67.21774291992188,4835500
2023-06-09,66.63834903827127,67.3372903612613,66.63834903827127,67.10737609863281,4406800
2023-06-12,67.10739175539568,67.29132040184011,66.40845026933627,66.96024322509766,4934300
2023-06-13,66.73951432850014,67.19014433521782,66.61996143345206,66.8774642944336,3796600
2023-06-14,67.16255230113183,67.5304165192809,66.79468808298274,67.2545166015625,5203900
2023-06-15,67.5764109883562,67.86150246178958,67.3097095708361,67.55801391601562,4908900
2023-06-16,68.18337632051072,68.4316876648445,67.53961916191719,67.65917205810547,10884800
2023-06-20,67.94427510655761,68.28455081498407,67.3648935649506,67.37409210205078,6284000
2023-06-21,67.36488813142003,67.59480242538392,66.7946981564757,67.26372528076172,6778600
2023-06-22,67.37408970512254,68.00864841389927,67.37408970512254,67.81552124023438,6226400
2023-06-23,68.13739495529713,68.15579202751789,67.07979484470212,67.22693634033203,7619000
2023-06-26,67.21775335476894,67.39249049915472,66.54640740837002,67.34651184082031,4951000
2023-06-27,67.58559826482927,68.0270367597333,67.09818112481506,67.99024963378906,6508000
2023-06-28,67.49363555887724,67.78792555698378,66.90505556266419,67.33729553222656,6290100
2023-06-29,66.74097734295013,67.08304459462056,66.47286619351009,66.82418060302734,6453900
2023-06-30,67.1015447718304,67.57304406048428,66.99060002852136,67.43437194824219,8377700
2023-07-03,67.27720079349501,68.04455275752943,67.01833677033055,67.96134948730469,3931700
2023-07-05,67.46210770834728,67.86889805503104,67.1477677894965,67.6932373046875,7448800
2023-07-06,67.18475820995455,67.55456702345293,66.69476452981368,67.37890625,6781100
2023-07-07,67.267966524579,67.27720663083973,66.51910176000254,66.5653305053711,6720300
2023-07-10,66.92587940385947,67.49908329110448,66.5745649879115,66.65776824951172,5702900
2023-07-11,66.56531650740973,66.6300325052069,65.16005181802201,65.53910064697266,8284000
2023-07-12,65.89966774503654,66.39890850716746,65.59457499259287,66.01061248779297,8454700
2023-07-13,65.96437026305442,66.5005924964833,65.82569112633814,66.40814208984375,5582900
2023-07-14,66.53758219140839,66.87040933874674,66.19550788622321,66.82418060302734,4556800
2023-07-17,66.61156240894846,67.13853768496045,66.46363605956853,66.5098648071289,5824400
2023-07-18,66.28795951753155,66.94437371989167,66.01985541669868,66.65776824951172,5777600
2023-07-19,66.73173766547607,67.75795364255175,66.57457123203596,67.68399047851562,6206000
2023-07-20,67.95209895618355,68.4605868718196,67.93361169266736,68.30341339111328,7003100
2023-07-21,68.28491404264032,68.83962354565286,68.08151891238245,68.39585876464844,22069200
2023-07-24,68.51605706655901,68.82114982195502,68.47907548528234,68.710205078125,6224000
2023-07-25,68.71944080622576,68.80264406012192,68.39586084077249,68.7841567993164,6928500
2023-07-26,68.50680370491649,68.75642759255301,67.89662530288845,68.10926055908203,5676000
2023-07-27,68.0722827701436,68.41435709488347,66.76871557981222,66.89814758300781,6446700
2023-07-28,70.15245419792988,70.97527501604326,69.02454766611739,69.37586212158203,10226400
2023-07-31,69.25567616955824,69.38510818023016,68.14624986642173,68.5345458984375,6476100
2023-08-01,68.64549512206159,69.03379117940314,68.34040233978637,68.73794555664062,5080300
2023-08-02,68.51606698507256,69.90284474288104,68.5068198250359,69.66246795654297,7211600
2023-08-03,69.43133386708368,69.9768034179199,69.41284660171517,69.60699462890625,7102500
2023-08-04,69.57926682830768,69.9028469044322,68.24795788251926,68.34040832519531,5070800
2023-08-07,68.54380224803302,68.88587663839898,68.39588295322375,68.65474700927734,2892100
2023-08-08,68.6085072795588,68.71020486437442,67.73021765089511,67.85964965820312,4870500
2023-08-09,67.78568972833584,68.52530727980734,67.69323929778082,68.22946166992188,5487300
2023-08-10,68.423613520415,69.06152646441517,68.07229198971741,68.15550231933594,4137800
2023-08-11,68.32191119138666,68.68247280321457,68.12776317374976,68.38662719726562,3611500
2023-08-14,68.50681128124974,68.58077444528587,67.57304573246144,67.68399047851562,6063900
2023-08-15,67.39738447978,67.4621004776783,66.76871176297587,66.82418060302734,4874800
2023-08-16,66.81494164748581,67.23097915948954,66.4358927714102,66.5283432006836,4065500
2023-08-17,66.5560691416914,66.73172987238422,65.78872432835452,65.82569885253906,4446400
2023-08-18,65.79796027409243,66.01060256904513,65.6130594507969,65.76097869873047,5330500
2023-08-21,65.72401737838844,65.86269656535578,65.2525180176225,65.39119720458984,4787200
2023-08-22,65.31722890651548,65.50212977228765,64.81798810471157,64.91043853759766,4685400
2023-08-23,65.17853326711514,66.14928020100974,65.10457011808212,66.08456420898438,5603900
2023-08-24,66.15854353824905,66.72250040402811,65.46515464296493,65.50213623046875,4736900
2023-08-25,65.69627513827014,66.39891109609296,65.56684312676535,66.10306549072266,3890200
2023-08-28,66.49136694263656,66.50986126208157,65.78873798108249,66.14929962158203,3577000
2023-08-29,66.38040975160234,66.39889701210355,65.52984764475083,66.08456420898438,6201300
2023-08-30,66.2232392232113,66.56531351247114,66.06607281470586,66.16777038574219,3883800
2023-08-31,66.04760104391656,66.21401464886826,65.55760738864655,65.88118743896484,7116600
2023-09-01,66.32495378131625,66.32495378131625,64.19856550939069,64.42969512939453,7284400
2023-09-05,64.33723607311224,64.4666751463998,63.810260834466625,64.30950164794922,6517300
2023-09-06,64.29101594668899,64.49441114085496,64.02290474106259,64.42969512939453,4784100
2023-09-07,64.68855890923712,65.1045894021268,64.40196043873604,64.71629333496094,6177900
2023-09-08,64.70703978464121,64.71628694347461,64.01365099596113,64.54987335205078,6838500
2023-09-11,64.83647926024065,66.1677881449331,64.60534963739913,65.9828872680664,6503900
2023-09-12,65.98287163512722,66.04758763204943,65.58532849588673,65.6962661743164,4834500
2023-09-13,65.55759823220201,66.00136308108176,65.45590065151808,65.9089126586914,4026600
2023-09-14,66.10305248524006,67.07379943405137,65.9828676563502,66.9166259765625,5183200
2023-09-15,66.84269203971716,67.21249380613385,66.41740731200817,66.5098648071289,9339800
2023-09-18,66.91662895885862,66.91662895885862,66.04758659293522,66.43588256835938,3915000
2023-09-19,66.31571514496338,66.31571514496338,65.78873988181465,66.11231994628906,4048700
2023-09-20,66.32494859901999,66.63928852549272,65.82570781239791,66.23249816894531,3845800
2023-09-21,66.02909544151007,66.38041691054892,65.3264666104621,65.37268829345703,4773400
2023-09-22,65.3726869276225,65.69626691588597,65.03985978154729,65.11382293701172,5976200
2023-09-25,65.01213797855657,65.07685398876872,64.06913225067716,64.44818115234375,4516700
2023-09-26,64.28176326163567,65.5853375920978,64.21704725573785,65.2432632446289,9672000
2023-09-27,65.44667183157978,65.60383829903341,64.38347404239167,64.7070541381836,10621700
2023-09-28,64.93492637626927,65.15817146398652,64.48845039405036,64.54425811767578,6688800
2023-09-29,64.73030046448991,65.093072024404,64.27452074588271,64.55357360839844,5562800
2023-10-02,64.36753267747577,64.45125137055118,63.288542997788916,63.707115173339844,4929100
2023-10-03,63.47456707573166,63.49317438191385,62.665326672006564,62.8792610168457,7959500
2023-10-04,63.05597969968527,63.99544972975868,62.6746080778294,63.883827209472656,5757700
2023-10-05,63.56757757255231,63.58618487734577,60.4794249613328,60.525936126708984,7626600
2023-10-06,59.884126822459606,59.91203778332047,56.91689646404,58.935359954833984,19041700
2023-10-09,59.344626731645256,59.89342515242335,58.330745023709596,59.31672286987305,8349300
2023-10-10,59.902729242564696,59.99574448135376,58.87954387436547,59.186500549316406,9107700
2023-10-11,59.24230953940576,59.49345494746844,58.3493504540522,58.50748062133789,5996400
2023-10-12,58.38656217745747,58.451673560354585,56.507625082259096,56.777374267578125,8044800
2023-10-13,56.80527469239069,57.62382230420801,56.619240660390744,57.233150482177734,7316600
2023-10-16,57.54940720753805,58.55398885022856,57.512203239823016,58.247032165527344,7588900
2023-10-17,58.0982091296577,59.14929845617701,58.06100161141002,59.10279083251953,7935800
2023-10-18,59.26091332824596,60.098064688893174,59.25161322348499,59.670188903808594,7677000
2023-10-19,59.605082625742774,60.43293040416071,59.35393719605908,59.72600173950195,8736200
2023-10-20,59.84691812095906,60.48873537250564,59.60507990448179,59.623680114746094,9887000
2023-10-23,59.45625118876159,60.144579626543084,59.21440941847749,59.521366119384766,5162100
2023-10-24,59.71669670056682,61.13055399709121,59.67949627920267,60.97242736816406,7711000
2023-10-25,60.814300794070625,61.465421790246566,60.50735115376591,61.102657318115234,6916700
2023-10-26,61.28867530875397,61.74445494531096,60.823592019358905,61.06543731689453,6808900
2023-10-27,60.73988390998815,61.437508884008196,60.33060832098177,60.47013473510742,6251600
2023-10-30,60.851485100148004,61.54910991064174,60.71195871872795,61.37238311767578,6471700
2023-10-31,61.40029612723487,61.697949140217396,60.767782587571055,61.586326599121094,5575200
2023-11-01,61.80956051381953,62.56300019753337,61.61422640222176,62.153724670410156,7991300
2023-11-02,63.71642937383067,64.01408248266155,62.47930575725459,63.22344207763672,10467800
2023-11-03,63.85594958666522,64.26521813596922,63.56759306494945,64.01407623291016,9269400
2023-11-06,63.939654560494205,64.38613768217013,63.41876349904603,63.474571228027344,5600600
2023-11-07,63.855945251425595,64.02337554096772,63.325750517310354,63.707115173339844,8028600
2023-11-08,63.95825792196671,64.51635646717318,63.95825792196671,64.2000961303711,6608800
2023-11-09,64.24660574678784,64.51635490805052,64.00476044761993,64.12568664550781,7639100
2023-11-10,64.33032885544607,64.46984817551858,63.59549635109471,64.29312133789062,7076700
2023-11-13,64.20940704373757,64.88843186653247,64.1442956577114,64.46055603027344,6178700
2023-11-14,64.9628284769232,65.33489651642397,64.75819779697501,65.20467376708984,7502900
2023-11-15,64.8698219177107,65.75348451679315,64.8698219177107,65.10236358642578,7262100
2023-11-16,65.567443547642,66.01392665109232,65.40001327092416,65.68836975097656,6440200
2023-11-17,66.04183420891881,66.04183420891881,65.3070016809167,65.69766998291016,5427800
2023-11-20,65.29769011692244,66.16274530746304,65.1767710180798,65.95811462402344,5778200
2023-11-21,66.04182750710049,66.4511030752421,65.95811592085762,66.01392364501953,6057500
2023-11-22,66.33947776052193,66.73944965906776,66.19995135933478,66.49760437011719,3647100
2023-11-24,66.63713811328947,66.86037612182044,66.45110762228173,66.61853790283203,2067700
2023-11-27,66.97199527763128,67.07431417147852,66.24646646424755,66.48831176757812,7100000
2023-11-28,66.55342552942169,66.79526374480578,66.26506904706643,66.44180297851562,5967700
2023-11-29,66.27437542186955,66.42320549585565,65.37211261400216,65.52094268798828,5163600
2023-11-30,65.37211212744991,66.12554485572352,65.05585886749603,66.09764099121094,9089900
2023-12-01,65.92091608051497,66.09764292647183,65.3349065221592,65.87440490722656,5266200
2023-12-04,65.46510886308924,66.43248277342856,65.43720500646704,66.24645233154297,6118900
2023-12-05,66.09763954239855,66.27437347591565,65.43722207584558,65.74417877197266,3992400
2023-12-06,66.0418352797796,66.3952960687514,65.6697671828253,66.31158447265625,6123300
2023-12-07,66.38598444325025,66.9440829137016,65.90229389801388,66.60922241210938,6082700
2023-12-08,66.50691340803107,66.77666257974053,66.08834126718321,66.12554168701172,5321900
2023-12-11,66.83246378106948,67.93006057066044,66.60922580085312,66.73944854736328,6648300
2023-12-12,67.30687086368742,67.3254710773583,66.5720382330201,67.22315216064453,5850100
2023-12-13,67.25104580431217,68.13470120657345,67.19523098445653,68.00447845458984,5504100
2023-12-14,67.93006135004208,67.93006135004208,65.64185251090066,65.76277160644531,8149600
2023-12-15,65.49302955458474,66.10693578137511,65.14886537965494,65.76277160644531,15088700
2023-12-18,66.28367858230894,66.50691659501807,65.66976517659825,66.09764099121094,5243900
2023-12-19,65.90231078644186,66.39529801328584,65.81859918789502,66.08834838867188,5096700
2023-12-20,65.45583091134391,65.77208417175075,64.4047380358081,64.48845672607422,9276100
2023-12-21,64.75819147335889,65.55813519635862,64.6465689434263,65.5395278930664,5538100
2023-12-22,65.88370658050233,66.57202792550356,65.80929154412155,66.23716735839844,4109000
2023-12-26,66.22785308017035,66.87897389913432,66.04182261567055,66.70223999023438,4002900
2023-12-27,66.75805231480183,67.21383904849603,66.54411797553199,67.16732788085938,4061500
2023-12-28,67.16265177749953,67.6959854591351,67.07844457764176,67.61177825927734,4095300
2023-12-29,67.49948968887104,67.97668520075138,67.47142062439973,67.77083587646484,4658600
2024-01-02,67.71470697941373,69.20242470820283,67.71470697941373,69.09014129638672,6321800
2024-01-03,69.57669133781488,69.64218820603098,68.49130650609281,68.566162109375,5610000
2024-01-04,68.38838183623561,69.10885452523604,68.34160243815167,68.566162109375,5218700
2024-01-05,68.36031289138282,68.71587343829472,67.92990387967869,68.38838195800781,3733200
2024-01-08,68.3977443454447,69.08078927049401,68.3977443454447,68.968505859375,5596700
2024-01-09,68.38837752670914,69.02463583726717,67.96732727737016,68.99656677246094,5078800
2024-01-10,68.95914138290692,69.02463824928446,68.13575118578608,68.3790283203125,4675800
2024-01-11,68.16381687045292,68.36030745983902,67.63048323108416,68.09832000732422,5221500
2024-01-12,68.49130659463853,68.65972813292957,68.04218725161124,68.41645812988281,4494000
2024-01-16,68.3041631779335,68.52872281148514,67.88311297269642,68.16381072998047,6040900
2024-01-17,68.02346714916591,68.6690842107355,67.88312182154033,68.58487701416016,4650700
2024-01-18,68.64101332267357,68.64101332267357,67.97668594793393,68.21996307373047,5121600
2024-01-19,68.26673538257123,68.42579815889438,67.76147085311351,68.16381072998047,6427700
2024-01-22,68.10768411991202,68.74394247138673,67.97669038331045,68.41645812988281,5210200
2024-01-23,68.5380893478852,69.81060598058764,68.4819512177616,69.62347412109375,6295100
2024-01-24,69.40826225059226,69.61411156791759,69.07141921108217,69.19305419921875,6612800
2024-01-25,69.5111815510099,69.81995550319616,69.13691074278006,69.70767211914062,5003800
2024-01-26,69.80124634483542,70.54978805039241,69.50183109033718,70.30651092529297,9517300
2024-01-29,70.42814003650192,70.94276330841979,70.1755113366836,70.84919738769531,9821900
2024-01-30,70.75564983121772,71.58839887745877,70.50301392720696,71.42932891845703,10329200
2024-01-31,69.03400222237627,71.12990924411746,68.84687034384751,70.42815399169922,19236200
2024-02-01,69.98839999583225,71.66324974166757,69.29599627468745,71.61647033691406,9887200
2024-02-02,71.95329336693743,72.23399113294175,71.17668265094316,71.92522430419922,8314800
2024-02-05,71.54159963088489,71.75680769094939,70.38136641384098,70.48429107666016,8487700
2024-02-06,70.46558485457989,70.62465481072172,69.77318830761294,70.4094467163086,6191700
2024-02-07,70.69949753942423,70.90534688119676,69.76382390491148,69.8199691772461,6067800
2024-02-08,69.7918959313812,70.3439471112383,69.65155059115142,69.95096588134766,4848800
2024-02-09,69.6608794589743,69.68895565648312,68.1450931700779,68.46321868896484,7424900
2024-02-12,68.36967844739841,68.91237091836773,68.16382908678081,68.77201843261719,5776400
2024-02-13,68.8842966956631,69.11821510820643,66.97552159267474,67.34979248046875,8809200
2024-02-14,67.1252188743362,67.58370405635034,66.40475337757823,66.81645202636719,7769400
2024-02-15,66.90065353258757,67.34977994205181,66.84451540838782,67.00357818603516,5890400
2024-02-16,66.95680412204216,67.4433584177614,66.48896729695551,67.34979248046875,7077700
2024-02-20,67.84569055816287,68.65972197133149,67.6024134383248,68.48194885253906,7733400
2024-02-21,68.88428996070718,69.16498774514073,68.69715096579542,69.0527114868164,7316400
2024-02-22,68.42580712213392,69.56733004503677,68.30417212523982,69.36148071289062,7953300
2024-02-23,69.27727613369534,70.21294975980366,69.22113800048828,69.22113800048828,6732600
2024-02-26,69.1462848799752,69.27727862124411,68.4351708997843,68.57552337646484,7264100
2024-02-27,68.55680550808742,68.97786293568741,68.31353549778356,68.42581176757812,8864100
2024-02-28,68.53808698072376,68.8187918988925,68.23867173270101,68.48194885253906,4628000
2024-02-29,68.88429036900189,69.09949129114754,67.99539619980347,68.36966705322266,9569500
2024-03-01,68.17318452277453,68.27610919810112,67.51821580580868,67.71470642089844,5652800
2024-03-04,67.36850465258622,67.6492096107548,66.71353593502442,66.91002655029297,7258200
2024-03-05,66.64803849964271,67.19072380162301,66.12405639140081,66.28311920166016,8569500
2024-03-06,66.36733000182244,67.22814801700311,66.36733000182244,67.01294708251953,5228900
2024-03-07,67.19072420163158,67.35914574838637,66.36733393895466,66.43283081054688,8339400
2024-03-08,66.17084828319561,67.59306923233594,65.843363900692,67.22815704345703,7227600
2024-03-11,67.27494570627448,67.92055575537847,67.26558696972968,67.74278259277344,5065300
2024-03-12,67.56498130191828,67.7240440806439,66.9942199066114,67.12521362304688,5862300
2024-03-13,67.4246299951416,67.59305151036051,66.81644793221655,66.89129638671875,6781100
2024-03-14,66.807092012486,66.91001667271199,65.95562566672962,66.39539337158203,7898500
2024-03-15,66.4328319967425,66.4889701337886,65.62815205217093,66.19891357421875,16858300
2024-03-18,66.43282858715291,66.99423134467179,66.26440704603492,66.72288513183594,8754500
2024-03-19,67.05037299968998,67.78019725894846,66.95679992963287,67.6024169921875,9590900
2024-03-20,67.64921192813368,67.90184068824048,66.70417948445854,67.24687194824219,6713900
2024-03-21,67.36849659086191,67.70533964490605,66.91001854343293,67.56498718261719,5859200
2024-03-22,67.61178883564368,68.0234804414982,67.32172511174976,67.74278259277344,6006000
2024-03-25,67.96733725473828,67.98605472643861,66.28312173289983,66.29248046875,6786800
2024-03-26,66.14277335252812,66.26440835850231,65.2070996919231,65.53458404541016,11413100
2024-03-27,65.94408491684558,66.22649637644783,65.73697887048128,65.99114990234375,7119600
2024-03-28,66.33946331062553,66.4430163307498,65.7369769292867,65.89701080322266,9931100
2024-04-01,66.03821379258162,66.03821379258162,65.05917172116072,65.67107391357422,8426000
2024-04-02,65.70874295761604,65.92525770663414,65.05918434615192,65.20039367675781,6886100
2024-04-03,64.936817306013,65.0403631709268,63.9107027069723,63.98601531982422,8755200
2024-04-04,64.53200425178767,64.64496595956018,63.93892655716514,64.21192932128906,13595000
2024-04-05,63.976588977092234,64.41904152742674,63.67534575719288,64.00482940673828,10258400
2024-04-08,64.01424349303484,64.3154867045374,63.57179095503318,63.63768768310547,8835200
2024-04-09,63.94835065053328,63.98600695203472,63.39292918114338,63.88245391845703,8120000
2024-04-10,63.364692326254904,63.56238253363935,62.432722153669495,62.77162170410156,6858500
2024-04-11,62.93165372234586,63.30820956512222,62.32916724678581,62.86575698852539,11259600
2024-04-12,62.470373468799515,62.818688862875256,62.14088981613595,62.78103256225586,7433500
2024-04-15,63.32703269971991,63.430585733707474,61.397195720017066,62.009098052978516,10783500
2024-04-16,62.169117414331076,62.272670424109826,61.66076823419997,62.11263656616211,8581200
2024-04-17,62.3479929851207,62.75278922023809,62.13147106215829,62.61157989501953,6755500
2024-04-18,62.752793216232234,63.383520102540196,62.64924018329152,63.23289489746094,8695700
2024-04-19,63.46823924550302,64.16487002210776,63.15758015719589,64.1177978515625,11020800
2024-04-22,64.25900329353807,65.36042306849856,64.2307628658013,65.34159851074219,10426900
2024-04-23,65.19097889607029,66.63129829148048,65.17215433670373,66.60305786132812,15893900
2024-04-24,65.8122916228912,67.34674805211603,65.76521945507635,67.1302261352539,16596900
2024-04-25,67.1114083514728,67.30909854828145,66.44302515782302,66.65013122558594,10654100
2024-04-26,66.1888414232572,66.97019345688385,66.12294469645764,66.47126007080078,7145100
2024-04-29,66.60304496531138,67.63856790288963,66.59362909634874,67.61974334716797,8544800
2024-04-30,67.80803367202195,68.3822797171095,67.610343470268,67.72331237792969,11058400
2024-05-01,67.55385242351606,67.63857370483623,65.40749377695388,66.54656982421875,11297500
2024-05-02,66.70659813083252,67.08315388596507,66.32062650671566,66.3676986694336,7423100
2024-05-03,66.53716043645711,66.59364129617289,65.26629081741737,65.79346466064453,8093500
2024-05-06,65.96291681764406,66.01939767941111,65.2098051437923,65.83112335205078,5653400
2024-05-07,66.21708288792904,66.78192019185644,65.93467141817001,66.73484802246094,4316400
2024-05-08,66.73486324186912,66.89489716278337,66.02882363314667,66.30182647705078,6514900
2024-05-09,66.4994934291758,66.4994934291758,65.82169449289547,66.08528137207031,5201700
2024-05-10,65.94408433767411,67.11140082796086,65.8593558729945,67.02667236328125,5363900
2024-05-13,67.29028418576293,67.72332094661463,67.0361059069156,67.55387115478516,5541500
2024-05-14,67.77979444016228,67.83627530389,67.1019953466078,67.71389770507812,4924700
2024-05-15,67.7421259903734,67.88333530657849,67.10198331482061,67.14905548095703,5926100
2024-05-16,67.14905357624401,67.80802079023695,67.13022183744195,67.7044677734375,5330100
2024-05-17,67.67622729999314,67.75153989074067,66.98901966048284,67.05491638183594,5827800
2024-05-20,67.09257772069853,67.18672206739002,66.10412672028531,66.15119171142578,4955200
2024-05-21,66.4712536415582,66.73484052326177,65.90642358330716,66.51832580566406,4251900
2024-05-22,65.95350076931499,66.25474400160483,65.29453344312006,66.1041259765625,5372100
2024-05-23,65.64285458466222,65.89702566634757,64.76736524209251,64.8144302368164,4526800
2024-05-24,64.68262587041565,65.21921555893012,64.24017333770635,64.29666137695312,3723600
2024-05-28,63.94835082618406,64.36256296163256,63.185830469749455,63.60945129394531,6177700
2024-05-29,63.06342740864874,63.3364301294727,62.73394384289674,63.0069465637207,5173300
2024-05-30,63.24231470779923,63.95777011208246,63.10110536479253,63.91069793701172,5823300
2024-05-31,63.60945386531571,64.53201533641628,63.38352322875849,64.51318359375,7977100
2024-06-03,64.26840165290814,64.40961095110302,63.27053506148325,63.40232849121094,6077900
2024-06-04,63.47765748823139,64.42845934757972,63.01638036491006,64.09896850585938,5178600
2024-06-05,63.88244965162506,64.24958958898574,63.19523476398307,63.995418548583984,5103000
2024-06-06,63.83537636199127,64.74852184532018,63.63768618243623,64.19310760498047,4769400
2024-06-07,63.88245272574846,64.38138614246836,63.684762533210666,63.83538055419922,4189100
2024-06-10,63.46823973378666,63.873035984093725,62.56451007356262,63.35527801513672,6263400
2024-06-11,63.110509109580704,63.684755060516025,62.8845785135058,63.618858337402344,3807700
2024-06-12,63.61886316872725,63.71300032572371,62.13147166868713,62.225608825683594,6274300
2024-06-13,62.03733451169066,62.48919573815557,61.689019130378576,62.225608825683594,7197000
2024-06-14,62.22560755667479,62.2726797253154,61.67019331417929,61.99026107788086,5029100
2024-06-17,61.88671973245597,62.53627843482327,61.538411474715986,62.20679473876953,5837600
2024-06-18,61.94320330308916,62.49861761024793,61.8584748261126,62.29151153564453,3795100
2024-06-20,62.13146927869303,62.649234395563916,62.05615668311101,62.187950134277344,5817500
2024-06-21,62.57392359614761,63.279963040035774,62.33857711485155,62.61157989501953,11563900
2024-06-24,62.950470885692354,64.50375170632935,62.84691787335607,64.40961456298828,10297100
2024-06-25,64.40962513646288,64.89914985372266,63.5717922134425,63.8730354309082,6501600
2024-06-26,63.298785483095294,63.43057893364053,62.67747452798265,62.73395538330078,5372400
2024-06-27,63.09168854469576,63.13876071905873,62.526858363367225,62.69630813598633,4751600
2024-06-28,62.67262624000858,62.77684433493999,61.59255437283979,61.99995040893555,10899600
2024-07-01,62.3978657042726,63.174759575529926,61.7915098646733,61.810455322265625,6769800
2024-07-02,61.76308632225696,62.59682377110972,61.67781369466694,62.55892562866211,9997100
2024-07-03,62.39786733779548,62.90000510295308,62.23680564488304,62.852630615234375,3462500
2024-07-05,62.82421091278119,63.53478488230895,62.50208751619473,63.4589958190918,6198200
2024-07-08,62.95685494339506,63.33582919769803,62.46419347263407,62.682106018066406,7929800
2024-07-09,62.41681116186492,62.56840373593063,61.7915098646733,61.810455322265625,5389900
2024-07-10,61.8862460059585,62.502078132760815,61.79150426991147,62.46417999267578,6904200
2024-07-11,62.24627488800881,62.34102386364143,61.49781002450138,61.886253356933594,7454000
2024-07-12,62.09467893753643,62.492598545267676,61.848344653942,61.92414093017578,8426600
2024-07-15,61.867303993249585,61.867303993249585,60.88197398119446,60.96723937988281,7712200
2024-07-16,60.84407236962174,62.41680542517993,60.80617422958851,62.36943817138672,7576700
2024-07-17,62.6347208260445,63.92322873356496,62.6347208260445,63.59162902832031,7404200
2024-07-18,63.184236279993456,64.78539128981565,63.00422190434344,63.40214157104492,5688200
2024-07-19,63.49688020196581,63.71479271066143,62.6631427657208,62.956844329833984,5012600
2024-07-22,63.62952458922806,63.724266325693506,62.61576560122129,63.0421142578125,4325800
2024-07-23,62.881054069346476,63.13685748668286,62.378909120380946,62.53997802734375,3431100
2024-07-24,62.59682298387462,63.14633519995682,61.93362357021091,62.90947723388672,5401400
2024-07-25,63.23160507086391,64.1695678872475,62.80526359311282,62.90000534057617,6593700
2024-07-26,62.5305051734464,63.288453582032986,62.44523977235457,62.92842483520508,5778500
2024-07-29,62.729467582665315,63.95165564687204,62.60630403324864,63.57268142700195,6616800
2024-07-30,63.2884525460926,63.74321580113535,62.805260262819516,63.52531051635742,7697900
2024-07-31,64.89908186067039,65.96967725120916,64.33062419514832,64.75696563720703,11087900
2024-08-01,64.093769142601,65.06962283792073,63.85691116885032,64.71907043457031,8359500
2024-08-02,66.23496580567053,67.13502319497397,65.07909776242589,66.96448516845703,10308900
2024-08-05,68.96356992259425,69.55098031177299,65.34438029840368,65.38227844238281,10618800
2024-08-06,65.16436106742104,66.11179291132848,64.82328502534784,64.8611831665039,7453100
2024-08-07,65.18331071641857,66.11178983234079,64.99382001946333,65.77071380615234,6031100
2024-08-08,65.41069676632875,66.79394642054596,65.41069676632875,66.58551025390625,6236900
2024-08-09,66.45287419986602,66.74657578159909,65.10752261010126,66.0549545288086,5609400
2024-08-12,66.13075307402868,66.33918203145879,65.50544451674186,65.6380844116211,5429500
2024-08-13,65.90335359679746,66.76552000311248,65.77071372326145,66.64234924316406,4958800
2024-08-14,66.95500796053257,68.1392977881704,66.75604813688919,67.45714569091797,7575400
2024-08-15,67.37188043592641,67.58031660256613,66.37707408726655,66.58551025390625,5534700
2024-08-16,66.689748201188,66.73712269983744,66.06444674335039,66.43394470214844,5130900
2024-08-19,66.74657218421336,67.26766260275036,66.3960270193171,67.16344451904297,3934900
2024-08-20,66.90763461474148,67.56135762483272,66.75604206100213,67.24871063232422,3817000
2024-08-21,67.48556699434302,68.06349371401721,67.19185823544065,67.36239624023438,3845800
2024-08-22,67.50451753209613,67.5518920146792,66.89816174235503,67.10659790039062,3630300
2024-08-23,67.44767467412626,67.5518927542851,67.00238055496229,67.4855728149414,4586600
2024-08-26,67.74137169867578,68.34772745449537,67.54241189395348,67.63715362548828,3516800
2024-08-27,67.94034204631146,68.08245827983248,67.41925882784356,67.50452423095703,4236000
2024-08-28,67.50452423095703,67.8361239569515,67.33398619639819,67.50452423095703,3363500
2024-08-29,67.63715732408913,67.63715732408913,66.7749981231471,67.01185607910156,5462600
2024-08-30,67.19186617393244,68.19614886673953,66.92658640809597,68.03507995605469,6158200
2024-09-03,68.15824851748182,68.61301175037973,67.68453260001993,68.45195007324219,7366700
2024-09-04,68.66986569627684,71.70164481447229,68.66038935356423,71.31319427490234,9422000
2024-09-05,71.3131941161653,71.74901913999666,70.60262020926385,71.12371063232422,7607800
2024-09-06,71.26582408163344,71.94797616220357,71.11423151780394,71.35108947753906,8019900
2024-09-09,71.15213038616136,72.04271863693602,70.9342251088429,71.73006439208984,8018300
2024-09-10,71.85321764098664,72.06165377436982,70.98158219986637,71.1805419921875,4770100
2024-09-11,71.2468822069046,71.2468822069046,69.86363237957808,70.44156646728516,5327500
2024-09-12,70.15733131585432,70.62157089797171,69.60781910858724,70.46997833251953,5807700
2024-09-13,70.50787964849495,71.43636608286614,70.33734161884847,71.30372619628906,3603100
2024-09-16,71.75848435184521,71.9858731940861,71.03844136974259,71.55952453613281,4731100
2024-09-17,71.70163464363716,71.94796892090179,71.14264615619018,71.1521224975586,3533600
2024-09-18,71.13319627855796,71.5311159836673,70.59316032781457,71.10477447509766,4622200
2024-09-19,71.13319335605529,71.2753095958505,70.63105557333344,70.84896087646484,5091100
2024-09-20,70.83947609280663,71.5216281798834,70.28997111451156,70.37523651123047,11330200
2024-09-23,70.6310560669955,71.08581936352002,69.84468579918703,70.6500015258789,5274000
2024-09-24,70.49840887066699,70.85843037883461,70.14785647679456,70.26155090332031,8149600
2024-09-25,70.5552519860211,70.69736821112105,69.99626342818308,70.16680145263672,4949700
2024-09-26,70.16680502244475,70.72579360872189,70.13838322164507,70.41313934326172,3961500
2024-09-27,70.79210707309785,71.16160490633376,70.21417308196861,70.2994384765625,4697000
2024-09-30,70.59502029800808,70.90013084193211,69.78457109768574,70.24223327636719,5792600
2024-10-01,70.23271110527574,70.46154221841726,69.5176075115998,69.59387969970703,5307600
2024-10-02,69.46992339502496,69.57480582585826,68.66900367542608,68.91690826416016,5047600
2024-10-03,68.84063341344284,68.84063341344284,67.76321333077291,67.84902954101562,4997100
2024-10-04,67.64879034752039,68.2685481888326,67.5057754624869,68.1827392578125,4378600
2024-10-07,68.17320788746149,68.25901682525348,67.50578078993557,67.69647216796875,4354600
2024-10-08,67.69646606653069,67.85855445069096,67.07670823216654,67.5534439086914,4186300
2024-10-09,67.50578039603904,67.88716314988004,67.0767138863533,67.74414825439453,4317100
2024-10-10,68.06832390904735,68.10646363867409,67.4581027838389,67.8299560546875,4572300
2024-10-11,68.08739510378825,68.08739510378825,67.29601210827282,67.3722915649414,4338500
2024-10-14,67.24832916259766,67.43902778593137,66.67624784141385,67.24832916259766,5143600
2024-10-15,67.50577245317938,69.31736214399818,67.43902975166931,68.45924377441406,5888600
2024-10-16,68.51645621009243,68.70714758262234,68.01111752591956,68.56413269042969,4231300
2024-10-17,68.79295685929169,68.98364821260344,67.71552961729466,67.81088256835938,5208500
2024-10-18,67.79181175094106,68.44017256202939,67.62018661640566,68.24948120117188,7374000
2024-10-21,68.17320637463371,68.47831693736198,67.12438926990589,67.15299224853516,4811700
2024-10-22,66.98137232761337,68.0683292467777,66.79068093893584,68.03018951416016,5687600
2024-10-23,67.58204994791573,68.0111164408771,67.23879966331043,67.27693939208984,6588700
2024-10-24,67.02904093196281,67.50577662202113,66.66671715189652,66.69532012939453,4756800
2024-10-25,66.790681174256,67.03857852552815,65.9516216025342,66.00883483886719,6176400
2024-10-28,66.18045654323862,66.7906776865844,65.80859598692774,66.30440521240234,4821900
2024-10-29,66.02789420771747,66.46649017717894,65.85626906537084,65.93254852294922,8407600
2024-10-30,65.13162203465268,66.89554975537358,64.64535691027619,66.54276275634766,10475200
2024-10-31,66.40927608198783,66.59996742815292,65.27464293140241,65.29371643066406,7207800
2024-11-01,65.56069450654117,65.76092262457536,65.04581908542062,65.32232666015625,6470400
2024-11-04,65.59883577758802,65.60836525409277,64.59768788946351,65.17930603027344,5704400
2024-11-05,65.18884312765535,65.97068939536364,64.84559283701174,65.83720397949219,5383800
2024-11-06,65.80859581855434,65.97069149247352,63.04353445239754,63.28190231323242,9758600
2024-11-07,63.32956694492748,63.4821258565555,62.53818395827804,62.662139892578125,6511600
2024-11-08,62.66214596659355,63.177021431632475,62.50958704017757,63.119808197021484,4864500
2024-11-11,62.64306602175977,63.472588731421155,62.595396817964286,63.02445602416992,7972400
2024-11-12,63.24376069150162,63.63468018888874,62.7384220055475,63.4249153137207,6304000
2024-11-13,62.97678795978022,63.11027337187746,62.32842712627528,62.92911148071289,5389200
2024-11-14,63.100729703480354,63.32003129897498,62.42376596651398,62.50957489013672,6837300
2024-11-15,62.280751445157534,62.299817672383114,60.936356919060465,61.4893684387207,7203200
2024-11-18,61.66099687364429,61.67053362497101,60.75520190667207,60.8696174621582,6983600
2024-11-19,60.73612785821697,60.99356556823427,60.4500871705993,60.898216247558594,5621700
2024-11-20,60.88867727042112,61.50843506491301,60.67891242233999,61.4226188659668,5232700
2024-11-21,61.432167017207846,61.88983652290853,60.974501148712164,61.77541732788086,6971800
2024-11-22,61.55611228227771,62.07098771978939,61.05077359575966,61.403560638427734,7125100
2024-11-25,61.53704792493313,62.070989606249995,61.42262873276101,61.91843795776367,10733800
2024-11-26,61.9470413414654,62.2426151634933,61.46076886457283,61.86122512817383,8706000
2024-11-27,62.06145515335142,62.3379627555335,61.937506479715346,62.03285217285156,5044800
2024-11-29,62.03283804833315,62.242602890116636,61.84214670548004,61.927955627441406,5096000
2024-12-02,62.03285061295593,62.23307874583002,61.394026483156246,62.1949462890625,9985400
2024-12-03,62.23307534306132,62.23307534306132,61.680067457250594,61.79447937011719,6626700
2024-12-04,61.2128626224298,61.4417010021812,60.07823293519878,60.32613754272461,8301800
2024-12-05,60.087770063742006,60.35474090071931,59.525221773536366,60.29753494262695,10781000
2024-12-06,60.35474111841613,60.898219545483,59.84940242168497,59.93521499633789,6789300
2024-12-09,59.86846828846607,60.19264870025912,57.52292958754232,58.58127975463867,19609200
2024-12-10,58.54314043613335,59.25824392531802,57.66594493138719,58.876853942871094,9728100
2024-12-11,61.11751074964159,61.3082093801357,60.06869374235527,60.183109283447266,12901700
2024-12-12,59.83986052235458,60.41194551655805,59.56335659422103,59.715911865234375,8041500
2024-12-13,59.391731255449656,59.81125733999259,58.9340654439834,59.04848098754883,7120400
2024-12-16,59.06754795285201,59.67776900486643,58.5908123013152,58.62895202636719,9072600
2024-12-17,58.59081764603994,59.47754632976322,58.39058952705848,58.48593521118164,10314300
2024-12-18,58.06641183812937,58.45733498093561,57.170146361545626,57.22735595703125,14385800
2024-12-19,56.998517795178394,57.39897766516007,56.48364601549432,56.51224899291992,13497300
2024-12-20,56.38829536918831,57.44664915549963,56.350155642048094,56.62666320800781,34652200
2024-12-23,56.607594490587395,56.96991463134631,56.15946541783245,56.52178192138672,8443400
2024-12-24,56.369222883967204,57.23688163142845,56.273877207755625,57.20827865600586,5885500
2024-12-26,56.96991615569268,57.465721720206794,56.93177642675973,57.06526184082031,6103500
2024-12-27,56.93177641552495,57.50386143779207,56.87457045934156,57.408512115478516,7608200
2024-12-30,57.332239576999854,57.52293459533917,56.57899625502227,56.788761138916016,7580200
2024-12-31,57.06746360010941,57.59604327131953,56.82719977991073,57.403831481933594,6904400
2025-01-02,57.66331263950892,57.89396750316622,56.97135171467172,57.18278503417969,6158900
2025-01-03,57.5479881766088,57.78825198401566,57.20200770736135,57.52876663208008,7035800
2025-01-06,57.26928135862619,57.36538541526673,55.85652899597469,55.95263671875,9337400
2025-01-07,55.55860662881475,56.80797774996777,55.55860662881475,56.01991271972656,11236800
2025-01-08,55.933417598547166,56.10640784090596,55.42405581109742,56.01991271972656,8332500
2025-01-10,55.27990117235808,55.952640614081176,54.02091741236393,54.05936050415039,11668000
2025-01-13,54.1074134982225,54.47261554441973,53.79026715068062,53.98247528076172,17172000
2025-01-14,53.92481236099575,54.885867641238384,53.79987414804643,54.87625503540039,10313600
2025-01-15,55.097300250245326,55.5586063387487,54.357287254270666,54.43416976928711,8839500
2025-01-16,54.09780344784768,55.8180933061652,53.82870547221407,55.741207122802734,10572800
2025-01-17,56.14484754455098,56.46199754582977,55.568215844579456,55.606658935546875,12663200
2025-01-21,55.22223766269066,55.92380760451691,55.02041692589169,55.35678482055664,11346900
2025-01-22,54.9146974341725,55.51055067389323,53.94403322646399,54.11702346801758,14606200
2025-01-23,54.338065397816116,54.78014993850006,53.92481134183138,54.74170684814453,8942300
2025-01-24,54.64560350674506,55.376003902427335,54.59755147623641,55.18379211425781,7383400
2025-01-27,56.154461302024124,56.97135683809319,55.472112920965486,56.05835723876953,11645300
2025-01-28,55.99108010862878,56.30823011705485,54.40534106490348,54.69365692138672,10769000
2025-01-29,54.67443924553429,55.34717873570423,54.67443924553429,54.905094146728516,9170600
2025-01-30,55.26067849103089,56.183290678139194,55.01080573182299,56.13523864746094,9024200
2025-01-31,54.85703773281918,56.183291393882484,54.85703773281918,55.731597900390625,10121600
2025-02-03,55.731596708067116,55.731596708067116,54.63599062095623,55.1741828918457,8130400
2025-02-04,54.472609965669314,54.80897782499759,53.7037665256799,53.934417724609375,12538200
2025-02-05,52.13725266407748,55.31834718790637,51.848936792710546,55.19340896606445,25658800
2025-02-06,55.798869723509185,56.31783677772202,54.99158315834659,55.57782745361328,14019100
2025-02-07,55.78925579044371,56.519659823806315,55.43366637917061,56.17367935180664,15972800
2025-02-10,56.30822921201913,56.34667230323501,55.27028774600018,56.25056457519531,9511900
2025-02-11,56.14484620358874,58.14384289253124,55.92380393500786,58.09579086303711,12175900
2025-02-12,57.57682145191927,58.30722184874995,57.23084096589713,58.23994827270508,10929200
2025-02-13,58.20150931779296,58.81658411296021,58.03812801312574,58.778141021728516,9058900
2025-02-14,58.835805260797606,59.768026386986335,58.278391440111506,58.45138168334961,10040900
2025-02-18,58.17267587262252,59.04723604501999,57.49032749258235,58.79736328125,10760300
2025-02-19,58.826189394984205,59.55659341843121,58.67242070575348,59.518150329589844,7674400
2025-02-20,59.316330262326055,60.171668834677654,59.22022253916955,59.748802185058594,9533500
2025-02-21,59.748797936023436,62.33403867999495,59.354765464440334,62.15143585205078,16291500
2025-02-24,61.9976721239808,63.208596379538356,61.57480549566402,62.81456756591797,16269900
2025-02-25,62.68001560508748,63.689119073765575,62.46858230719246,63.314308166503906,12045100
2025-02-26,62.85301665544201,62.94912071679994,60.8155768262124,60.97895812988281,9542900
2025-02-27,60.719468334409136,61.7093540254808,60.63297321904421,61.488311767578125,6944600
2025-02-28,62.18988287788044,62.18988287788044,61.17116668328228,61.728580474853516,8634600
2025-03-03,61.545981787132455,63.43926188576883,61.545981787132455,63.21821594238281,8668900
2025-03-04,63.727576213708005,64.79434821035807,62.631973730489605,62.7473030090332,13041600
2025-03-05,62.70885701030854,63.86212041322235,62.64158343400973,63.71796798706055,9321500
2025-03-06,63.554579948747545,64.62135184446392,63.13172063197074,64.16004943847656,10713500
2025-03-07,64.07354656431707,66.96632468538039,64.03510347756068,65.10187530517578,13950500
2025-03-10,65.62085281970806,67.85050075816099,65.21721136508543,65.49591827392578,14133200
2025-03-11,65.66891324471071,65.82267828657075,64.68863269030525,65.20760345458984,10840600
2025-03-12,64.12160536540834,64.29459559806669,62.33404207202859,62.449371337890625,8773100
2025-03-13,62.20910501333301,62.958726880398046,62.141831444039205,62.17066192626953,8727900
2025-03-14,61.757409707818056,62.31481615583139,61.57480687200527,61.805458068847656,6784700
2025-03-17,61.651697257428474,62.718469197524975,61.41143343906926,62.555084228515625,7012100
2025-03-18,62.66079719171157,62.95872929481171,61.97844886777286,62.13222122192383,6062000
2025-03-19,61.478707356596715,61.92079190496224,61.00778865689608,61.507537841796875,8181800
2025-03-20,61.622865399576476,61.82468612262974,61.09428207805385,61.4594841003418,6013600
2025-03-21,61.41143633305791,62.18027618867674,61.21922453608565,61.9976806640625,25429800
2025-03-24,62.036116012873876,62.535861490030655,61.74779652033813,62.4205322265625,7514400
2025-03-25,62.237935495563335,62.353257424484646,61.642078644483085,62.17066192626953,7459100
2025-03-26,62.16105304618743,63.948616374271595,62.16105304618743,63.746795654296875,9110100
2025-03-27,64.29459938040796,64.98656035174822,63.90056319806759,64.87123107910156,9020800
2025-03-28,65.28447756486071,65.71694945562756,64.40991384638544,65.08265686035156,11578500
2025-03-31,65.663330078125,65.84720912464357,65.05363636361041,65.663330078125,12950700
2025-04-01,66.00204246861388,66.07946599481792,65.08266209136079,65.46977233886719,8847000
2025-04-02,65.4697778101424,65.52784176789089,63.55358598578318,63.99876022338867,11356900
2025-04-03,65.50848447842404,66.77626334736699,65.04395070204407,65.71171569824219,13777300
2025-04-04,66.20527759134983,66.89239473739306,63.83423206467991,64.1729507446289,13787000
2025-04-07,63.079366482516,64.5407039739965,62.54708903689012,63.12775802612305,15963400
2025-04-08,63.2148628519432,64.2794105096864,61.637393555390375,61.99546813964844,12421600
2025-04-09,61.44384620857522,64.50200559604556,61.10512379184392,64.05683135986328,13380300
2025-04-10,64.30845002620319,64.80201584106064,62.624528719854915,63.85360336303711,10703600
2025-04-11,64.44393277044126,65.50848785800027,63.911662610176045,64.88911437988281,8840600
2025-04-14,64.55038260467636,66.38915068648187,64.37618336779977,66.09882354736328,6728400
2025-04-15,66.2923768882268,66.39883239069923,64.7245837110534,64.8697509765625,5782500
2025-04-16,65.08265974589114,65.57622547826237,63.998752568638174,64.33747863769531,6266300
2025-04-17,64.33747347433078,65.66331613469852,64.23101798405867,65.15039825439453,10777600
2025-04-21,65.1310510977433,65.67300099298076,64.75362065162955,65.57622528076172,7637100
2025-04-22,65.78913492892087,66.86335491109581,65.61493569709268,66.08914184570312,6720500
2025-04-23,65.54719163557952,66.33108448315106,64.72457964389051,65.20846557617188,6369500
2025-04-24,64.78265467086673,64.78265467086673,63.369708554051705,63.40841293334961,8277000
2025-04-25,63.76649267814298,63.77617246494848,62.52774577354233,63.476158142089844,6454700
2025-04-28,63.47615547464906,63.6213227365753,62.68258281076773,63.001949310302734,6660800
2025-04-29,62.972916000848244,63.60196920019613,62.218055115036165,63.53422546386719,8194000
2025-04-30,65.87623932678434,66.64078008795633,65.22783386294086,65.9343032836914,15854800
2025-05-01,65.0439528117502,66.0117247757105,64.74394586564702,65.68268585205078,9414200
2025-05-02,66.19560446801108,66.36980371859192,64.94717773610067,65.5665512084961,7395000
2025-05-05,65.57622506714905,65.74074451573685,64.84071636635585,65.61493682861328,6310600
2025-05-06,65.5665527625561,65.7504318046148,64.99557082871077,65.33428955078125,5436100
2025-05-07,65.40202569663421,65.49880140833723,64.75362030635908,65.0149154663086,6841600
2025-05-08,64.86006820787593,65.42137767082995,64.56974107371983,65.05362701416016,7143600
2025-05-09,64.70523187443905,64.94717485710342,64.1729543591719,64.23102569580078,5136200
2025-05-12,64.06650598734491,64.51168762249262,63.253581019192836,63.70843505859375,7069800
2025-05-13,63.27292636572695,63.33099770253702,61.41480602511076,62.07289123535156,10361300
2025-05-14,61.830948161257304,62.00514740440423,61.385773958440474,61.49222946166992,7455300
2025-05-15,61.89869346853082,63.079376437143765,61.743850103119044,63.04066467285156,7310000
2025-05-16,63.23421501353959,63.28260656394366,62.25677067030014,63.21486282348633,8015200
2025-05-19,63.137436910230896,63.69874638624438,62.90517372079946,63.60197067260742,6356200
2025-05-20,63.68906764110824,64.1632811976557,63.54390776003635,63.74713897705078,6235700
2025-05-21,63.84391651262187,63.84391651262187,62.92452873304103,63.15679931640625,6250400
2025-05-22,62.90517311177139,63.67939358039863,62.8471091608541,63.37937927246094,6956600
2025-05-23,63.46648816475169,64.289092870327,63.02131394036403,64.00843811035156,6737500
2025-05-27,64.11488904249049,64.83103818856239,63.901978040911715,64.74394226074219,6600500
2025-05-28,64.85039951965638,64.99556678680598,64.33748157477321,64.47296905517578,4550200
2025-05-29,64.4536061740861,65.44073763323514,64.3181187006364,65.29557037353516,6967400
2025-05-30,65.51816502192408,65.80849959117342,65.14073451200883,65.31493377685547,12140800
2025-06-02,65.00524323254537,65.39235350784637,64.51168483046312,65.33428955078125,5004500
2025-06-03,65.02459230155137,65.12136800886246,64.67619384842087,64.87942504882812,5156100
2025-06-04,64.97620889511964,65.1116963790291,64.056828485232,64.4826431274414,5978000
2025-06-05,64.56006460813765,64.65684032450062,63.650356630595205,64.23102569580078,6266000
2025-06-06,64.47297383717743,64.64717309397464,63.72778525617823,64.01811981201172,6279500
2025-06-09,63.853594936800604,64.69555178711119,63.543908215769875,64.55038452148438,4182000
2025-06-10,64.55037748947412,65.32459789946559,64.30843453429091,65.0729751586914,4827900
2025-06-11,64.70523195108369,65.05363043721418,64.66652018778987,64.79232788085938,6854400
2025-06-12,64.85039422967075,65.94397377043276,64.35682851502891,65.92462158203125,6146800
2025-06-13,65.77946349428511,66.2246377246963,64.68587641759858,64.77297973632812,6528800
2025-06-16,64.88911326677842,65.4020312273414,64.47297102610227,65.04395294189453,5516000
2025-06-17,64.83104340346348,65.02460223115632,63.77617548071614,64.211669921875,7817700
2025-06-18,64.25038168741357,64.80201142518813,63.86327141554219,64.211669921875,7003100
2025-06-20,65.09234904390554,66.49561553914606,64.63749500677505,66.10850524902344,12997700
2025-06-23,66.21495775541081,66.58271583690254,65.61494384731682,66.2923812866211,4783400
2025-06-24,66.29237600171341,66.39883150276222,65.74074630696671,66.2246322631836,6374600
2025-06-25,65.82784349748943,66.22463353328378,64.95685466640562,65.1116943359375,5384700
2025-06-26,65.50848725280721,66.1181809380831,65.1794409423704,65.5665512084961,6805800
2025-06-27,65.45041378666858,65.66332479529447,65.04395134302675,65.5955810546875,9119500
2025-06-30,65.68329270633247,65.97564710828424,65.07908171285287,65.72227478027344,9028300
2025-07-01,65.82946954149185,67.6518349160028,65.77099271667247,67.20355224609375,12038700
2025-07-02,67.22305515438684,68.03190907263493,66.84298176969791,67.78827667236328,8959600
2025-07-03,67.70057319958585,67.74929521904568,67.04764014527127,67.23279571533203,3342900
2025-07-07,67.20355695544201,67.27177372662004,66.29724417546501,67.06712341308594,7336000
2025-07-08,66.74552517320953,66.80400200063418,66.1218268711949,66.45317077636719,6727800
2025-07-09,66.56037306757707,66.60909508537331,64.46513299050248,65.14730072021484,11457400
2025-07-10,64.8549428904172,65.67354412293236,64.2214972118832,65.43965911865234,7360000
2025-07-11,65.04984695784425,65.64431057353804,64.32869717825864,65.4688949584961,6171100
2025-07-14,65.46890018923327,65.93667767840904,65.31297188115103,65.91718292236328,5324800
2025-07-15,65.68328546477046,65.80997161480876,65.00111039861851,65.04009246826172,5092700
2025-07-16,65.09857004553,65.80022500203978,64.7964608610574,65.75150299072266,5336200
2025-07-17,66.56036911280916,68.07088540601464,66.52138703984596,68.02216339111328,9140000
2025-07-18,68.10987027705899,68.70433390279663,67.61285812019776,68.03190612792969,10412200
2025-07-21,68.0708805411346,68.70432617014276,67.44718228843817,67.6518325805664,6118100
2025-07-22,67.68107610596707,69.19159992339334,67.47642578713452,68.94796752929688,6728700
2025-07-23,68.94796512506575,69.33777842904132,67.99292290207912,68.38273620605469,5627400
2025-07-24,68.28528772311066,68.74331781766904,68.11961947807868,68.39248657226562,6015200
2025-07-25,68.4607062951259,68.81153755564326,68.08064033541059,68.78230285644531,4520800
2025-07-28,68.42172073248629,68.44121548767254,67.4277038350356,67.80776977539062,7984000
2025-07-29,67.80777731845562,68.5386745827633,67.51541543870397,67.93446350097656,7926100
2025-07-30,65.79048745019921,66.219275366683,63.37365106199196,63.44186782836914,22047700
2025-07-31,63.09103845126852,63.97786387498494,62.53555692748102,63.04231643676758,12174500
2025-08-01,63.70499880822516,64.60156420204098,62.291926511924885,62.301673889160156,10650300
2025-08-04,62.34065680296273,62.642758585693265,61.71695848276844,61.911861419677734,8291500
2025-08-05,61.95084499665982,62.06778750514882,60.58650209999196,60.713191986083984,9069800
2025-08-06,61.10300265276087,61.200454119350084,60.41108757438605,60.48904800415039,7727900
2025-08-07,60.4987968951978,61.04453106980961,60.25516450509318,60.810646057128906,6067300
2025-08-08,60.80089928009844,60.98606227762896,59.92382489758205,60.255165100097656,6419700
2025-08-11,60.498794524470576,60.69369745488854,58.72514737387923,59.99203872680664,13278900
2025-08-12,59.982294823142325,60.23567459541424,59.5924852221987,59.82637023925781,7373300
2025-08-13,59.87509420117809,60.713190208808626,59.63146181372899,60.60599136352539,7656700
2025-08-14,60.479304610473875,60.615738151312826,59.79713318874395,59.89458465576172,5695700
2025-08-15,60.10898504967487,60.761918086659044,59.758153804564124,60.49879837036133,5849700
2025-08-18,60.4500632876553,60.76191242814908,60.06999738002443,60.2649040222168,5063900
2025-08-19,60.342868554290575,61.112747798688616,60.19669135085168,61.064022064208984,5990300
2025-08-20,61.619504454245025,62.45759676428938,61.10300497017001,61.561031341552734,6805400
2025-08-21,61.31739250940452,61.405100310465166,60.72293265503227,61.336883544921875,5687300
2025-08-22,61.73644876060427,62.2919303359898,61.30765707430846,61.794921875,6390600
2025-08-25,61.580518229496214,61.61950030199759,60.303886954124096,60.3818473815918,5851900
2025-08-26,60.245417362155884,60.5280318279857,59.89458612423408,60.46955871582031,8456900
2025-08-27,60.11872628346256,60.2746508619371,59.74840773304503,60.18694305419922,6463800
2025-08-28,60.18694335445643,60.391597385222575,59.46579356948976,59.71916961669922,7242500
2025-08-29,59.71917078512851,60.07974940220192,59.45604735545411,59.87509536743164,5866800
2025-09-02,60.01153239231507,60.47930613737341,59.641210116734825,60.216182708740234,7815300
2025-09-03,59.79713583304408,60.19669281354211,57.85782032633612,59.73866271972656,10566600
2025-09-04,59.836118864431775,59.98229607375765,59.339106687131775,59.348854064941406,4612500
2025-09-05,59.47553875716954,60.91784208169017,59.39757832430817,60.167457580566406,6149600
2025-09-08,60.021274242835496,60.39159650725193,59.44630166816333,60.36235809326172,6540800
2025-09-09,60.264908408798284,61.25892901055094,60.14796590198481,60.976314544677734,5785000
2025-09-10,60.70344718354413,60.87886280174387,59.80687805524152,60.683956146240234,6678900
2025-09-11,60.74242952172353,61.590269201677714,60.42083298111679,60.46955871582031,6423900
2025-09-12,60.40134048461914,60.8788615952629,60.11872602561642,60.40134048461914,4853600
2025-09-15,60.42083060080864,61.08351097576871,60.001782607303454,60.0310173034668,6760500
2025-09-16,60.050510741180986,61.34663684676281,59.8945861595167,61.103004455566406,8403200
2025-09-17,61.09325710459629,61.980078860234435,61.02504033243453,61.22969436645508,7039900
2025-09-18,60.683957579039294,61.74619497320239,60.52803299446193,61.63899612426758,6596000
2025-09-19,61.980077613917274,62.3991256159333,61.37587033654761,62.087276458740234,17133800
2025-09-22,61.697466306175485,62.03855015700302,61.37586977465081,61.882625579833984,7358100
2025-09-23,61.77542906730494,62.24320281646515,61.61950448425154,62.19447708129883,6698200
2025-09-24,62.19447648418938,63.052059823982056,62.155494409416455,62.74995803833008,6188700
2025-09-25,63.03257347467911,63.29569318960957,60.94708077017476,60.96657180786133,8679400
2025-09-26,60.96656626848124,61.84364057947482,60.68395182400703,61.74618911743164,5295200
2025-09-29,61.81440911404939,61.95084265505222,59.66069971956717,61.034786224365234,10956700
2025-09-30,61.34914559354897,61.761740125188126,61.054434678456346,61.36879348754883,6603800
2025-10-01,61.44738017724001,62.21363303922236,61.02495983270369,62.05644989013672,6259200
2025-10-02,61.044610723624686,61.59474053007815,60.53377670637206,60.690956115722656,5529500
2025-10-03,60.573071355316834,62.26275278461796,60.43553984315561,61.56526565551758,6205900
2025-10-06,61.447383194301395,61.447383194301395,60.356949402421044,60.690956115722656,7883300
2025-10-07,60.622187451110655,62.125219462613906,60.52395173027236,61.496498107910156,6638300
2025-10-08,61.04460873884343,61.31967175940051,60.337299546036554,60.57307052612305,6881500
2025-10-09,60.553423127474375,60.72042835378766,59.80682188808989,59.924705505371094,6642600
2025-10-10,60.121178651014695,61.24108234566637,59.79699403021947,60.36677169799805,7697800
2025-10-13,59.718410377623876,60.20959650591994,59.345107870832095,60.09170913696289,6417600
2025-10-14,60.22924131502633,61.09372615837133,59.76752517889821,61.034786224365234,5632000
2025-10-15,60.55342263216146,61.27055389822283,60.18994596250352,60.57307052612305,5711800
2025-10-16,61.10355139052687,61.63403327618814,60.22924073496618,60.51412582397461,7346400
2025-10-17,60.87760654706555,61.59473780471274,60.4748340942102,61.35896682739258,5991800
2025-10-20,61.712622824095206,61.85015433589,61.39826401214921,61.70280075073242,4069100
2025-10-21,61.77156540752305,62.125220001532846,60.45518650062691,60.66148376464844,9149800
2025-10-22,60.7498998117277,61.43756113306949,59.86576329179502,60.87760925292969,7148600
2025-10-23,60.74007316444321,60.808838916654075,59.905054570171714,59.93452453613281,5212500
2025-10-24,60.170295363149826,60.288178974166456,59.48263409522334,59.69875717163086,5401300
2025-10-27,59.590698312759095,60.63201420800782,59.37457522663419,60.57307052612305,7063700
2025-10-28,60.514124969544426,61.329495680154025,59.14862823486328,59.14862823486328,15035000
2025-10-29,57.43930417979218,58.22520119641225,55.98539376218191,56.830230712890625,20841600
2025-10-30,57.213357214587205,58.215373536970226,56.61410958726333,56.7614631652832,12884300
2025-10-31,55.965745130888315,56.91864361147355,55.631738434794336,56.447105407714844,13262800
2025-11-03,56.42745744579062,56.82040782217326,55.54332472010848,55.65138626098633,8849900
2025-11-04,55.887153558114576,55.96574513246951,54.492186840387234,55.091434478759766,12649100
2025-11-05,55.150373388503326,55.26825700039532,54.462712115470495,55.03248977661133,12718900
2025-11-06,54.53148000225005,55.84785892016316,54.53148000225005,55.199493408203125,8879700
2025-11-07,55.5433252365833,56.800760456776075,55.20931853778803,56.17204284667969,8717300
2025-11-10,55.995213419596354,56.05415709859459,55.20931643688198,55.2584342956543,9205200
2025-11-11,55.60226793872838,56.48640446410415,55.22896918130549,56.113101959228516,10048300
2025-11-12,56.103278686615035,56.53552111897648,55.82821566124436,56.00503921508789,7818800
2025-11-13,56.01486187782264,56.70252314993133,55.749620940832756,55.96574401855469,8720100
2025-11-14,56.23098758240118,56.64358211646947,55.52367838405254,55.85768508911133,6854200
2025-11-17,55.77909306248624,55.867506711566286,54.551127796070446,54.590423583984375,6549200
2025-11-18,54.845840204012106,54.90478013600819,54.256414651884164,54.79671859741211,9659700
2025-11-19,54.74760196213572,55.219140165907746,54.059940676340155,55.091434478759766,10779200
2025-11-20,54.993195216973824,55.56297289082549,54.21712028084588,54.767250061035156,9746800
2025-11-21,54.74760320433058,56.083630019058,54.472540182752326,55.995216369628906,11209100
2025-11-24,55.99521625138469,56.08362990062708,54.90478249321267,55.199493408203125,10860000
2025-11-25,54.75742946182201,55.72997586584655,54.71813367343952,55.53350067138672,9100900
2025-11-26,55.582623382002716,56.407812469670965,55.37632236263293,56.201515197753906,6893300
2025-11-28,56.054159970782514,56.61411183387395,55.85768477817353,56.55516815185547,3645200
2025-12-01,56.1916930965993,56.33904668470226,55.07178933822488,55.40579605102539,12849800
2025-12-02,55.405793693166345,55.45491155377706,54.413595670548105,55.003021240234375,8644000
2025-12-03,54.99319476204693,55.690678117755446,54.669013887930625,55.04231262207031,10060400
2025-12-04,55.1798447683541,55.317380024446365,54.35465571651581,54.816368103027344,9805500
2025-12-05,54.727955591387214,55.33702906722823,53.784879157601466,53.94205856323242,10435600
2025-12-08,53.657169112618476,54.325182515858394,53.5392854965916,53.794700622558594,9884300
2025-12-09,53.86347147070064,54.14835657092873,53.087396505274796,53.15616226196289,10114000
2025-12-10,53.21509978797831,53.25439557500712,52.19343555739674,52.94003677368164,17184600
2025-12-11,53.1463336684423,53.45087039463982,52.4684982103991,52.841800689697266,16302500
2025-12-12,53.01862895998721,53.686642357381075,52.93021531187765,53.08739471435547,9288900
2025-12-15,53.53928354415055,53.95187805892463,53.04809745658954,53.30351257324219,17381400
2025-12-16,53.75541016129885,53.98135532675961,52.940039403483645,53.01863098144531,12565000
2025-12-17,53.24457169527599,53.37228112505993,52.49796675687245,52.87126922607422,17839300
2025-12-18,52.80250791977966,53.87329381167888,52.73374216275011,53.81435012817383,19270400
2025-12-19,53.55893164571458,54.28588495955967,53.36245646043531,53.539283752441406,29240200
2025-12-22,53.19545883453277,53.942060095626225,53.126693076831515,53.352638244628906,8781400
2025-12-23,53.35263686452638,53.46069466136694,52.56673608692231,53.195457458496094,8644500
2025-12-24,53.25439688372886,53.686643056763195,53.17580905519246,53.657169342041016,3833500
2025-12-26,53.63751924657731,53.75540660572233,53.362456236810516,53.676815032958984,4689200
2025-12-29,53.76523026602023,54.09923696522115,53.60805086330525,54.069766998291016,7405700
2025-12-30,53.99117606309768,54.27606490497396,53.78487879723664,53.84382247924805,6088500
2025-12-31,54.03218993520897,54.03218993520897,53.32828524922638,53.367942810058594,6660400
2026-01-02,53.4769953178261,53.814077020290206,52.95154587473178,53.18948745727539,10842000
2026-01-05,52.901977763921266,53.407598445270224,52.33687073925637,53.278717041015625,15822000
2026-01-06,53.02094413408825,53.18948687445007,52.24764061771303,52.277381896972656,11217500
2026-01-07,52.39635001539722,52.624379092834374,50.998453181722994,51.06785202026367,13171600
2026-01-08,50.958800918284844,53.62570948675845,50.76051689572494,53.52656936645508,15509500
2026-01-09,53.52657000077039,54.765840429014304,53.09034438957848,54.61712646484375,9908600
2026-01-12,54.646865713093995,54.92446485042751,54.26021395897035,54.44858169555664,11636500
2026-01-13,54.726181466255746,55.56888382310105,54.33952970765724,55.4598274230957,9870400
2026-01-14,55.31111988376484,56.82798571124236,55.23180475926634,56.7387580871582,12569400
2026-01-15,56.649528597993225,57.075837923253985,56.38184573455369,56.80815505981445,8080600
2026-01-16,56.72884370488501,57.065925408910154,56.12407913749109,56.74867248535156,12019100
2026-01-20,56.63961464768882,57.82931497184577,56.342190512137854,57.49223327636719,13063700
2026-01-21,57.17497998519691,57.50214920116179,56.19347990120886,56.85772705078125,12515300
2026-01-22,56.76849768787934,57.71034396268321,56.718927627511384,57.08575439453125,11525500
2026-01-23,56.9965272515979,57.928457252980216,56.946953408860566,57.89871597290039,10550600
2026-01-26,57.78965772307884,58.40433477745423,57.49223358592643,58.02759552001953,9762400
2026-01-27,57.79957242022511,59.683264997081366,57.750002359140105,58.51339340209961,10450600
2026-01-28,58.473733117213264,59.07849766736372,56.86763976474783,57.23446273803711,9809400
2026-01-29,57.42283407886611,57.95819982394633,56.639618024345005,56.81807327270508,11868700
2026-01-30,56.61978615675933,58.027595503798636,56.50081725832224,57.96811294555664,11539900
2026-02-02,58.325023537143295,58.909955531419286,57.7400877609142,58.186222076416016,16530500
2026-02-03,57.561633014034825,59.42549297629828,57.502146673214575,58.959529876708984,15322700
2026-02-04,59.48498120330448,59.51472248368109,58.14657063901143,58.890132904052734,20600400
2026-02-05,59.61386500942603,60.327682195628114,58.73150508043033,59.792320251464844,13028400
2026-02-06,59.45524027168241,60.08974613646038,59.31644258650639,59.50481033325195,10807100
2026-02-09,59.46515128072851,60.278112372342676,58.414248604809956,60.20871353149414,12254600
2026-02-10,60.248371061759364,60.85313563051898,59.8220617356486,60.12940216064453,12195800
2026-02-11,59.84189099453308,61.200130323815245,59.36601160431641,60.94236373901367,8570900
2026-02-12,61.4678115033903,62.023006001053076,60.81347688705169,61.32901382446289,11966500
2026-02-13,61.368673712292825,62.26094616007662,60.89279053513091,62.05274963378906,11915000
2026-02-17,62.02300869902805,62.251034007463964,58.74141919354777,59.34618377685547,8970700
2026-02-18,59.385841475061014,59.80223453091138,58.84055945151419,59.56429672241211,7887000
2026-02-19,59.63369469987762,59.802233663289975,57.52197682482905,58.136653900146484,10733100
2026-02-20,58.1366539922757,58.672019727410195,57.83922984451873,58.29528045654297,9491500
2026-02-23,58.09699734148278,60.17897397232633,57.997857217994024,59.86172103881836,9489000
2026-02-24,59.782404453563416,60.7539920114331,59.782404453563416,60.605281829833984,7349600
2026-02-25,60.60528314191887,60.76390960823072,59.147899882585875,59.60395050048828,6866100
2026-02-26,59.861720765753624,59.861720765753624,59.11815849711989,59.42549514770508,10716600
2026-02-27,59.564293836537246,61.22986976119525,59.395751096892276,61.05141830444336,12554900
2026-03-02,60.63502460480751,60.81347985268907,59.76257714649245,59.92120361328125,6523100
2026-03-03,59.445321314815274,59.5841189937446,58.19613842249823,58.26553726196289,9949200
2026-03-04,58.49356249509676,58.66210145305023,57.680601420602514,58.186222076416016,11608700
2026-03-05,57.98794345458572,58.096996075265245,57.16506607614103,57.68060302734375,13089200
2026-03-06,57.531889202800855,58.08708371666132,56.85772578666787,57.89871597290039,9532600
2026-03-09,57.690513594445235,58.14656797035763,56.93703886451042,57.670684814453125,10735800
2026-03-10,57.63103201017781,57.80948725116898,56.06459240191161,56.094337463378906,7716800
2026-03-11,55.767167498421344,55.826653838589436,54.210644192577206,54.88480758666992,10296500
2026-03-12,55.07317661489474,55.48957344192335,53.84382247823597,53.88347625732422,10232100
2026-03-13,54.359359755704,54.5477274988638,54.00244926807221,54.41884231567383,9740600
2026-03-16,55.10292146423855,56.86764132229428,54.82532231997185,56.66935729980469,11950800
2026-03-17,57.085754580417024,58.3151087221394,57.00643945800748,57.44266128540039,13495300
2026-03-18,56.877555350203714,57.046098097533296,55.78699887013047,55.98528289794922,9252900
2026-03-19,56.04476547434798,56.47107481059196,55.350777049721295,56.00511169433594,8864400
2026-03-20,55.995195229076515,56.530560967991256,55.529228332396656,55.72751235961914,22557300
2026-03-23,56.25296408305242,56.74867224677284,55.43999921515403,56.37193298339844,12617300
2026-03-24,56.0546802496088,57.482318404419665,55.8068261669154,56.689186096191406,9066000
2026-03-25,56.49090411496798,57.03618236020669,55.75725812157869,56.937042236328125,9431900
2026-03-26,57.056009332747934,58.17631085043899,57.0262680529178,57.08575439453125,8416900
2026-03-27,57.085752904477076,58.27544945006723,56.788324986126455,57.76982879638672,14112900
2026-03-30,58.126739256371756,58.87030148813142,57.710342439970745,57.75,10310000
2026-03-31,57.900001525878906,58.25,56.77000045776367,57.63999938964844,11205800
2026-04-01,57.619998931884766,57.650001525878906,56.5099983215332,57.06999969482422,9978400
2026-04-02,56.970001220703125,57.58000183105469,56.72999954223633,57.540000915527344,5631700
2026-04-06,57.540000915527344,58.63999938964844,57.349998474121094,58.380001068115234,5896500
2026-04-07,58.290000915527344,58.599998474121094,57.45000076293945,57.5099983215332,9049900
2026-04-08,57.470001220703125,58.84000015258789,57.220001220703125,58.83000183105469,8101700
2026-04-09,58.18000030517578,59.22999954223633,58.08000183105469,59.09000015258789,7349400
2026-04-10,59.09000015258789,59.31999969482422,58.599998474121094,59.0,6807400
2026-04-13,58.720001220703125,58.83000183105469,57.41999816894531,57.68000030517578,9286300
2026-04-14,57.619998931884766,58.400001525878906,56.97999954223633,57.84000015258789,6585400
2026-04-15,57.68000030517578,57.68000030517578,56.34000015258789,56.58000183105469,8049800
2026-04-16,56.400001525878906,57.16999816894531,56.06999969482422,57.06999969482422,6754700
2026-04-17,57.34000015258789,57.4900016784668,56.849998474121094,57.25,8240800
2026-04-20,57.279998779296875,57.619998931884766,56.81999969482422,57.310001373291016,5552100
2026-04-21,57.09000015258789,57.18000030517578,56.0,56.130001068115234,7301900
2026-04-22,56.18000030517578,56.540000915527344,55.790000915527344,56.060001373291016,5639800
2026-04-23,56.31999969482422,57.9900016784668,56.18000030517578,57.709999084472656,7642700
2026-04-24,57.29999923706055,58.06999969482422,57.06999969482422,57.61000061035156,10095600
2026-04-27,57.29999923706055,58.2400016784668,57.29999923706055,57.41999816894531,6593200
2026-04-28,58.11000061035156,58.61000061035156,57.599998474121094,58.540000915527344,11613700
2026-04-29,60.0,61.9900016784668,59.77000045776367,61.040000915527344,14591800
2026-04-30,61.04999923706055,61.810001373291016,60.79999923706055,61.439998626708984,10111200
2026-05-01,61.90999984741211,62.189998626708984,60.810001373291016,61.369998931884766,6479700
2026-05-04,61.349998474121094,61.84000015258789,60.93000030517578,61.380001068115234,6280700
2026-05-05,61.220001220703125,61.810001373291016,60.2599983215332,61.36000061035156,8347500
2026-05-06,61.45000076293945,62.189998626708984,61.33000183105469,61.869998931884766,6020000
2026-05-07,61.34000015258789,61.90999984741211,60.779998779296875,61.310001373291016,5462600
2026-05-08,61.25,62.060001373291016,61.25,61.54999923706055,6472000
2026-05-11,61.540000915527344,61.72999954223633,60.880001068115234,61.40999984741211,7087400
2026-05-12,61.779998779296875,62.20000076293945,61.060001373291016,61.70000076293945,6609400
2026-05-13,61.27000045776367,61.91999816894531,60.779998779296875,61.52000045776367,10031900
2026-05-14,61.77000045776367,61.9900016784668,60.83000183105469,60.970001220703125,5913400
2026-05-15,61.560001373291016,61.58000183105469,60.29999923706055,60.439998626708984,8000800
2026-05-18,60.5099983215332,61.849998474121094,60.45000076293945,61.63999938964844,6207100
2026-05-19,61.5,62.59000015258789,61.040000915527344,61.290000915527344,6716900
2026-05-20,61.290000915527344,62.13999938964844,60.779998779296875,61.84000015258789,7100800
2026-05-21,61.7400016784668,61.88999938964844,60.900001525878906,61.5,5378000
2026-05-22,61.58000183105469,62.189998626708984,61.41999816894531,61.7599983215332,7049600
2026-05-26,61.939998626708984,62.52000045776367,61.220001220703125,61.2400016784668,7829300
2026-05-27,61.439998626708984,62.560001373291016,61.439998626708984,62.25,9301600
2026-05-28,62.220001220703125,62.54999923706055,61.790000915527344,62.38999938964844,6751300
2026-05-29,62.099998474121094,62.150001525878906,61.09000015258789,61.16999816894531,8924800
2026-06-01,60.619998931884766,61.150001525878906,59.95000076293945,61.04999923706055,8749300
2026-06-02,61.029998779296875,61.75,60.83000183105469,61.06999969482422,7236600
2026-06-03,61.27000045776367,62.2599983215332,61.11000061035156,61.310001373291016,6666700
2026-06-04,61.95000076293945,62.40999984741211,60.70000076293945,60.9900016784668,5876700
2026-06-05,61.150001525878906,63.13999938964844,61.130001068115234,62.040000915527344,8567100
2026-06-08,62.189998626708984,62.310001373291016,61.540000915527344,61.599998474121094,7007400
2026-06-09,61.91999816894531,63.290000915527344,61.56999969482422,62.93000030517578,8333400
2026-06-10,63.459999084472656,64.3499984741211,62.95000076293945,64.18000030517578,7761500
2026-06-11,64.29000091552734,64.3499984741211,63.290000915527344,63.36000061035156,7688800
2026-06-12,63.31999969482422,63.529998779296875,62.2400016784668,62.9900016784668,8009400
2026-06-15,62.9900016784668,62.9900016784668,61.400001525878906,61.5,10084600
2026-06-16,61.560001373291016,62.209999084472656,60.869998931884766,62.150001525878906,9967400
2026-06-17,61.72999954223633,62.20000076293945,60.02000045776367,60.86000061035156,8726000
