Date,Open,High,Low,Close,Volume
,MPWR,MPWR,MPWR,MPWR,MPWR
2007-01-03,9.569466793799084,9.569466793799084,9.398583618252454,9.526745796203613,74500
2007-01-04,9.552378488669966,9.569466398100415,9.398583229619826,9.535289764404297,54700
2007-01-05,9.475479685623583,9.603641842402565,9.355861075084112,9.407126426696777,86600
2007-01-08,9.407125219183435,9.774523735046387,9.407125219183435,9.774523735046387,127100
2007-01-09,9.765983374833516,9.996675465625144,9.680541376860154,9.97958755493164,394600
2007-01-10,9.902688248881402,10.116292392938947,9.859967257102864,10.107748031616211,90500
2007-01-11,10.107748798779202,10.124837522721682,9.834335734381149,9.996674537658691,128400
2007-01-12,10.013762502649259,10.056483494432394,9.825790627704547,10.030850410461426,86800
2007-01-16,10.04793750151199,10.389703750610352,10.030848781639566,10.389703750610352,332600
2007-01-17,10.329896759818286,10.381161299190222,10.107748249646134,10.3128080368042,111700
2007-01-18,10.252997540413066,10.295718526465127,9.859965935437163,10.039393424987793,277600
2007-01-19,10.039396434887177,10.321353886595057,9.757438983179295,10.304265975952148,146200
2007-01-22,10.252998352050781,10.321351609210978,10.193189455744383,10.252998352050781,93500
2007-01-23,10.244457431293458,10.35553171518638,10.167559787457176,10.278634071350098,248600
2007-01-24,10.304266185651143,10.620400279913671,10.25300082300857,10.526413917541504,129200
2007-01-25,10.53495301427432,10.560585275364982,10.25299569777237,10.287172317504883,111300
2007-01-26,10.287174318472985,10.680205929263275,10.210276705408683,10.62894058227539,113000
2007-01-29,10.552045091406471,10.680207252502441,10.39824984622319,10.680207252502441,80800
2007-01-30,10.680205696301261,10.72292668205347,10.466601582375235,10.577675819396973,49900
2007-01-31,10.586218420883613,10.654571660797986,10.381157886305596,10.517865180969238,97300
2007-02-01,10.56913012692831,11.107412523945879,10.398247020296129,11.064691543579102,127600
2007-02-02,11.081779097449106,11.133043616635637,10.782733081133259,11.030513763427734,169300
2007-02-05,11.064692918865832,11.406459989445082,11.03051629329141,11.28684139251709,279300
2007-02-06,11.346649718386255,11.36373843773979,11.14158997515376,11.27829647064209,89600
2007-02-07,11.19285601757049,11.321018161388038,10.91944219467933,11.073237419128418,293800
2007-02-08,11.090327793173493,11.09887215528579,10.774193728535467,10.834003448486328,184800
2007-02-09,10.893811991192644,11.047607244756742,10.705840105151545,10.782737731933594,157100
2007-02-12,10.851090007845123,10.885266637207033,10.560588250851337,10.76564884185791,162400
2007-02-13,11.107419999362817,11.662790673396767,11.107419999362817,11.637158393859863,514900
2007-02-14,11.70550724715834,11.808037141291628,11.53462409026953,11.7653169631958,253000
2007-02-15,11.714053179829895,11.773862089053909,11.611523271945039,11.731141090393066,93400
2007-02-16,11.731138199320705,11.748226920507733,11.53462279468032,11.71405029296875,134400
2007-02-20,11.662786665920637,11.90202390884515,11.543168859293575,11.85075855255127,100000
2007-02-21,11.731139915229713,11.884935169068243,11.526080120001803,11.679875373840332,187500
2007-02-22,11.67987409166712,11.910566132265206,11.577344205308515,11.876389503479004,361700
2007-02-23,11.321017141695377,11.58588658051903,11.321017141695377,11.534621238708496,305000
2007-02-26,11.543169239578772,11.560257149016223,11.329565075181689,11.34665298461914,222200
2007-02-27,11.175767893734278,11.321018765726633,10.851089521918134,11.098870277404785,297400
2007-02-28,11.030516405655707,11.380827025070793,10.782735664008326,10.842544555664062,308900
2007-03-01,10.731471159058266,11.150135031352962,10.637484826412695,11.073237419128418,240400
2007-03-02,11.056149288906726,11.227033242898965,10.919442777580997,11.098870277404785,130900
2007-03-05,10.945075582982291,11.218488598724186,10.765648087692908,10.799824714660645,273700
2007-03-06,10.876723058624043,11.021973947570215,10.834002879974726,10.979253768920898,51600
2007-03-07,10.94507850680045,11.004887416262301,10.5947669682567,10.987798690795898,120300
2007-03-08,10.987795236803453,11.056148487511795,10.808367749985306,10.962162971496582,82000
2007-03-09,11.03051793967295,11.175768823752707,10.970709039699573,11.15868091583252,310500
2007-03-12,11.278295976482012,11.671327541207724,11.244119354107383,11.57734203338623,128200
2007-03-13,11.474814580072705,11.483358126337345,11.056149849370648,11.261210441589355,204300
2007-03-14,11.209949226754038,11.534627734848543,11.064698293795036,11.406465530395508,123200
2007-03-15,11.42355314732766,11.42355314732766,11.064698006378276,11.201404571533203,111100
2007-03-16,11.192852719327366,11.57733985231667,11.107410772069834,11.389368057250977,203300
2007-03-19,11.440635729363311,11.756769695162532,11.440635729363311,11.534621238708496,121800
2007-03-20,11.560260012772066,11.560260012772066,11.346655795460057,11.406465530395508,64700
2007-03-21,11.372280156700349,11.44917693143037,11.175764003941941,11.389368057250977,88400
2007-03-22,11.449183616197136,11.4833602520877,11.29538916210724,11.372286796569824,76800
2007-03-23,11.30392889302134,11.466268469811705,11.115957866511966,11.218487739562988,72300
2007-03-26,11.175771119770427,11.321022033691406,11.039064568982521,11.321022033691406,37800
2007-03-27,11.244120365717569,11.244120365717569,10.953618641979908,11.192855834960938,60000
2007-03-28,11.115960121154785,11.167224660660748,11.030518135531294,11.115960121154785,52700
2007-03-29,11.20994683502214,11.244123469906786,11.004887025714265,11.16722583770752,90000
2007-03-30,11.150134656924477,11.150134656924477,10.834000673266804,11.021971702575684,188200
2007-04-02,11.090324952294369,11.098869312217957,10.816911953419627,11.021971702575684,173300
2007-04-03,11.090320860456542,11.406455542309512,10.953614411457803,10.970703125,174700
2007-04-04,10.945077713865878,11.107416519859404,10.825459088772867,11.08178424835205,40400
2007-04-05,11.056150989294427,11.201401883625735,10.93653318090526,11.141592979431152,140100
2007-04-09,11.167222754747597,11.218488100339252,11.124502584062078,11.192855834960938,78500
2007-04-10,11.158684670906993,11.415009079813066,11.150140306654011,11.406465530395508,95700
2007-04-11,11.372283689408523,11.372283689408523,10.859633476282266,10.876721382141113,180800
2007-04-12,10.825461156382158,11.056153273679817,10.825461156382158,11.03906536102295,88600
2007-04-13,11.01342931175504,11.150135825520005,10.85108971553282,11.133047103881836,49000
2007-04-16,11.175772242359194,11.53462738164154,11.141595601229227,11.449185371398926,181000
2007-04-17,11.432095550602403,11.654244088295433,11.073240471201434,11.107417106628418,165900
2007-04-18,11.090323959582888,11.218486902459624,10.996338453341231,11.0048828125,84700
2007-04-19,10.953619929033206,11.047606271188826,10.859634401712706,11.013429641723633,64900
2007-04-20,11.209949591032967,11.209949591032967,10.859638793631225,10.885271072387695,108500
2007-04-23,10.851088264823563,11.303928734837404,10.851088264823563,11.27829647064209,150700
2007-04-24,11.244117235814048,11.483353547366423,11.124499487455259,11.389368057250977,136100
2007-04-25,11.466273494948963,11.620068779344354,11.218492656109365,11.500450134277344,136500
2007-04-26,11.321015421600878,11.423545274808781,10.945072626505237,11.030513763427734,260700
2007-04-27,11.68841753119313,12.807702646836104,11.551711026824679,12.030183792114258,715700
2007-04-30,12.004556132146611,12.08999732274134,11.440641177847064,11.654245376586914,468800
2007-05-01,11.688423767769146,11.927660278063028,11.440642892684473,11.637158393859863,268500
2007-05-02,11.620064967713155,11.919110260034358,11.440637466386397,11.7482271194458,244800
2007-05-03,11.48335559370294,11.87638715442327,11.48335559370294,11.790946006774902,132900
2007-05-04,11.8422124885655,11.961831092834473,11.679873710833037,11.961831092834473,84600
2007-05-07,12.047270110685536,12.397580661996223,11.970372513600775,12.25232982635498,286800
2007-05-08,12.260875831398279,12.260875831398279,11.936197497236448,12.047271728515625,164000
2007-05-09,11.987464702946717,12.201068853536535,11.927655801528822,12.107083320617676,119800
2007-05-10,12.013097747634951,12.013097747634951,11.56025636321345,11.688419342041016,82700
2007-05-11,11.842214740484716,12.192526259280253,11.679875931881856,11.936201095581055,86200
2007-05-14,11.910567255816494,12.038730236980989,11.782405089487181,11.893479347229004,118000
2007-05-15,11.910567102411447,12.337775404453732,11.910567102411447,12.201068878173828,264200
2007-05-16,14.06369318265288,15.020640269129398,14.055150452749746,14.200401306152344,1546300
2007-05-17,14.45673010795052,14.926658624139074,14.243125940652002,14.507994651794434,877100
2007-05-18,14.525085515310273,15.362413583307191,14.525085515310273,15.114633560180664,1047800
2007-05-21,15.003552395243126,15.208612147539906,14.977920944749807,15.12317180633545,298400
2007-05-22,15.071904744765547,15.19152414870508,14.713049792286846,15.080449104309082,229600
2007-05-23,15.2513320309061,15.379494156274419,14.892477102072904,14.926652908325195,204300
2007-05-24,14.88394178393843,15.123179091702045,14.28584932936481,14.4994535446167,136600
2007-05-25,14.525083509016655,14.525083509016655,14.311479339766409,14.337112426757812,217800
2007-05-29,14.362736058289604,14.849753038073127,14.362736058289604,14.567795753479004,226500
2007-05-30,14.354200297549907,14.507995568469536,14.328568838843681,14.39692211151123,123000
2007-05-31,14.302935573572794,14.559261565158874,14.26875975249698,14.456730842590332,249500
2007-06-01,14.644704114925364,14.935205970875622,14.507997550910043,14.909574508666992,260800
2007-06-04,14.824129705430952,14.98646933073606,14.320023734486528,14.525083541870117,179500
2007-06-05,14.482365955683196,14.713057261795944,14.345659392923503,14.627616882324219,170000
2007-06-06,14.550718745908824,14.550718745908824,14.268761266025482,14.388379096984863,93700
2007-06-07,14.28584435199993,14.482361400112529,13.807371532849382,14.106417655944824,169700
2007-06-08,14.080781097332824,14.730137720758787,14.080781097332824,14.542166709899902,173200
2007-06-11,14.619068988187681,14.65324480578934,14.422551925714203,14.63615608215332,199300
2007-06-12,14.525084943752036,14.644702768853035,14.217494388154446,14.285847663879395,102900
2007-06-13,14.302933893768488,14.84121727211132,14.183316089545794,14.738686561584473,205500
2007-06-14,14.704508388372826,14.926656892147076,14.619068035103732,14.713052749633789,167700
2007-06-15,14.95229320043681,15.003557749387674,14.448187185019862,14.5592622756958,240100
2007-06-18,14.62761090455633,14.909568278731411,14.62761090455633,14.858302116394043,104000
2007-06-19,14.764315686374921,14.90956653668602,14.593431757890126,14.875389099121094,79300
2007-06-20,14.909564642005233,14.909564642005233,14.388370193061997,14.431090354919434,107600
2007-06-21,14.388373419110211,14.883934904248065,14.328564527232034,14.77286148071289,121300
2007-06-22,14.781409432679649,14.892484525121297,14.337113951925014,14.533629417419434,159400
2007-06-25,14.5336199524489,14.909563541797596,14.41400220433915,14.567795753479004,129300
2007-06-26,14.525086216182274,14.824132434802536,14.328570734966677,14.584895133972168,112300
2007-06-27,14.4652711321341,15.200069819570214,14.396917879558886,15.19152545928955,187100
2007-06-28,15.294056333416261,15.294056333416261,15.080452190129245,15.13171672821045,148900
2007-06-29,15.217163462866072,15.294061108833539,14.687425934724397,14.909574508666992,174200
2007-07-02,15.046276317015119,15.28551191359149,14.866847989912564,15.1744384765625,181700
2007-07-03,15.182980769392016,15.29405419128909,14.764316902749107,15.234245300292969,100800
2007-07-05,15.302597960763933,15.370951209217054,14.96937607826371,15.071905136108398,230300
2007-07-06,15.037730675694634,15.251334799981008,14.977921781641673,15.140259742736816,88600
2007-07-09,15.14025838456152,15.302597960763933,15.046273686482222,15.071905136108398,126800
2007-07-10,14.926657318102459,15.763986819198447,14.926657318102459,15.584558486938477,697900
2007-07-11,15.644368116830599,16.13992969950944,15.276968703355346,15.61019229888916,472000
2007-07-12,15.67854449272019,15.977590620200578,15.516204887001646,15.85797119140625,358400
2007-07-13,15.763987823346469,15.960503261463506,15.584559479657116,15.772530555725098,146300
2007-07-16,15.661454588461481,16.088662844152925,15.396585926240434,15.57601261138916,202100
2007-07-17,15.550380706787108,15.746896107569103,15.499114544232583,15.55038070678711,171700
2007-07-18,15.430761330486444,15.610189640552047,15.020641807008095,15.353863716125488,340100
2007-07-19,15.430760553646152,15.781071166023438,15.345318583138758,15.44784927368164,185400
2007-07-20,15.379496162570717,15.43076069347167,15.191525129487182,15.234245300292969,181400
2007-07-23,15.353863873115513,15.524747824480471,14.918111263837993,15.217157363891602,159600
2007-07-24,15.054816663363356,15.2513320309061,14.320018087735896,14.926652908325195,314000
2007-07-25,15.003556189872395,15.020644914303306,14.097874980750117,14.550716400146484,205100
2007-07-26,14.302933074387159,14.35419761187858,13.670665013092082,14.106417655944824,258100
2007-07-27,14.089327717962306,14.294387479906163,13.670663833618164,13.670663833618164,204800
2007-07-30,13.670664466338724,14.080784009208038,13.533957952048953,14.020975112915039,331200
2007-07-31,14.020978924154049,14.456731668027087,14.020978924154049,14.285847663879395,582600
2007-08-01,14.909569850966248,15.781073516891338,14.653243901259813,15.362409591674805,1016700
2007-08-02,15.51620418546001,16.259547289892396,15.370953308946566,16.216825485229492,638600
2007-08-03,16.011766208399536,16.302267970435185,15.866515327381713,16.037399291992188,502100
2007-08-06,16.14847620501307,16.208285116602614,15.63582583047745,15.892151832580566,350200
2007-08-07,15.892151832580566,16.06303420431203,15.78107674276803,15.892151832580566,331200
2007-08-08,16.08867072043473,16.233921663664887,15.678550985315807,15.9775972366333,506100
2007-08-09,15.89215196997165,16.49024272070832,13.841552083771901,15.276970863342285,903100
2007-08-10,15.071903804385135,15.738349140169795,14.50798914705575,15.558920860290527,389500
2007-08-13,15.73835655725282,16.609862030996315,15.65291455655178,15.892151832580566,356600
2007-08-14,15.977590620200578,16.16556168020554,15.61873559315817,15.85797119140625,298100
2007-08-15,15.900689547608094,16.362073551018064,15.823791942094777,16.045940399169922,495400
2007-08-16,16.003221063718136,16.208280833409255,15.32823285886031,16.054487228393555,448300
2007-08-17,16.456062702331113,16.456062702331113,15.909236640007656,16.216825485229492,335900
2007-08-20,16.319354179703165,16.866180174774847,16.293721100057923,16.738018035888672,329900
2007-08-21,16.66111668747674,16.960162697544867,16.32789487522149,16.891809463500977,321000
2007-08-22,16.960165991689042,17.08832812670534,16.857635305874027,17.037063598632812,363700
2007-08-23,16.960163333031744,17.079781089673137,16.7123818317949,16.93453025817871,339600
2007-08-24,17.0456098776713,17.190860748291016,16.806372670277018,17.190860748291016,548500
2007-08-27,17.131051566233168,17.2421266328811,16.994345045489773,17.18231773376465,255400
2007-08-28,17.03706406543538,17.207946373582498,16.985797906288234,17.13959312438965,340200
2007-08-29,17.131046534098946,17.404461124942245,17.045606205984576,17.378828048706055,573400
2007-08-30,17.17377591896466,17.4728220885585,17.037069377950996,17.41301155090332,366800
2007-08-31,17.472817873848232,17.583891300502785,17.361742817523552,17.498449325561523,296600
2007-09-04,17.35319868985102,17.848760195554025,16.720930674276165,17.626611709594727,336300
2007-09-05,17.549718001592165,17.925660137699527,17.455731652730147,17.84876251220703,458400
2007-09-06,17.891483364445293,18.03673424598279,17.677879222753106,17.9256591796875,587700
2007-09-07,17.712055148952395,17.771864048253637,17.38737756860125,17.677879333496094,319700
2007-09-10,17.823131813027437,18.361413584642904,17.38737912663852,18.139265060424805,345000
2007-09-11,18.25033953314543,18.90823909230059,18.062366833669348,18.745901107788086,713300
2007-09-12,18.711727695830557,18.762992247801563,18.42122585187699,18.53230094909668,291000
2007-09-13,18.686087612964418,18.686087612964418,17.746229235567206,17.780405044555664,370000
2007-09-14,17.635157701357443,17.677879508187846,16.806374204891153,17.31048011779785,638300
2007-09-17,17.225036803169512,17.60952488658988,17.225036803169512,17.47281837463379,395500
2007-09-18,17.60098632699458,18.780080788651283,17.558264509383754,18.59210968017578,542100
2007-09-19,18.600653961523125,19.01931799423536,18.600653961523125,18.899700164794922,585700
2007-09-20,20.45473607081498,21.984141102666516,20.45473607081498,21.744905471801758,3709700
2007-09-21,21.932872931873263,22.180652884263164,21.146809639676263,21.411678314208984,995400
2007-09-24,21.62528318855926,21.693636449788464,21.146810359954834,21.360414505004883,380000
2007-09-25,21.163897364824802,21.787621026622972,21.163897364824802,21.45439910888672,350700
2007-09-26,21.163903269999484,21.779082742776783,21.163903269999484,21.27497673034668,444000
2007-09-27,21.360414331821755,22.12938892183328,21.27497234856041,21.881608963012695,525500
2007-09-28,21.949964382637507,22.052493468899428,21.591109321379903,21.70218276977539,349300
2007-10-01,21.78762740492395,22.334453610454887,21.249345562563263,21.462949752807617,1442100
2007-10-02,22.214829778510893,22.351536292928113,21.744901338910473,22.172109603881836,1217700
2007-10-03,22.043937185163514,22.214821076078096,21.992672669756967,22.18918800354004,423500
2007-10-04,20.864848989224296,20.864848989224296,19.13892743403488,19.96771240234375,1239200
2007-10-05,19.865183931324054,20.796498061058667,19.865183931324054,20.59143829345703,857900
2007-10-08,19.728478821327084,20.087333847544667,19.420888333234792,20.027524948120117,465000
2007-10-09,20.001890973046596,20.309481447434326,19.728477942333154,20.13859748840332,396400
2007-10-10,20.13859574154745,20.352199856972724,19.56613664702092,20.078786849975586,260100
2007-10-11,20.206951012302635,20.26675990985039,19.113298875040297,19.523418426513672,345000
2007-10-12,19.600321155594386,20.078794090376423,19.446525876282497,19.82246971130371,241700
2007-10-15,19.796829768973904,19.976256446283198,19.35253281134599,19.651578903198242,211900
2007-10-16,19.57468158173342,20.47181824098333,19.395254901751485,20.394922256469727,316400
2007-10-17,19.993341284722167,20.67687530904219,19.984796926080318,20.574344635009766,424200
2007-10-18,20.50599379243274,20.839215670065382,19.976254902406772,20.830671310424805,244900
2007-10-19,20.813591540739854,20.8734004495881,19.617406845092773,19.617406845092773,245600
2007-10-22,19.437971056684294,20.095872006646665,18.848423346349847,19.805370330810547,301600
2007-10-23,20.078791065359376,20.463279205713146,19.463611670463756,19.993349075317383,218400
2007-10-24,19.865190354974057,20.02753000127949,19.087671206937976,19.583232879638672,264500
2007-10-25,19.29272686495616,19.29272686495616,18.737356397949885,19.01931381225586,449200
2007-10-26,19.309813668014304,19.420887098502362,18.993678838721827,19.326902389526367,248600
2007-10-29,19.608857441657534,20.053152740393337,18.94241204904885,19.96771240234375,360700
2007-10-30,19.420891866710992,20.044615688006125,19.420891866710992,19.74557113647461,355600
2007-10-31,20.830673745069344,21.10408839651401,18.156350792458554,18.737354278564453,1031900
2007-11-01,18.59210585536961,19.22437395890194,18.327237159354667,18.745901107788086,458600
2007-11-02,18.79716794909832,18.79716794909832,18.070913406949042,18.472490310668945,822900
2007-11-05,17.959839386488877,19.130389350355504,17.951295023946795,18.95950698852539,431800
2007-11-06,19.215830439307986,19.301272431026284,18.130720892727634,18.421222686767578,285400
2007-11-07,18.301601477634915,18.617736299386593,17.729142357997116,17.746231079101562,287400
2007-11-08,17.686425205567172,18.361413507772475,16.507329322705136,17.11396598815918,1109800
2007-11-09,16.99433913649941,17.38737146923068,16.874721379858013,16.93453025817871,358900
2007-11-12,16.874726117408777,17.190860944004978,16.48169530400448,16.703842163085938,437300
2007-11-13,16.823463325911895,17.17377400186319,16.490239743426994,16.917448043823242,277200
2007-11-14,17.028520567684517,17.16522707299129,16.609856691473766,16.874725341796875,290000
2007-11-15,16.87472355671418,17.03706312571926,16.473148443564686,16.66111946105957,626600
2007-11-16,16.66112277519529,17.00288907029089,16.464607359224104,16.84054946899414,300100
2007-11-19,16.541502191544982,16.720928855104567,16.26808920154754,16.36207389831543,261500
2007-11-20,16.379165591445737,16.46460757375047,15.490571582948963,15.883604049682617,301700
2007-11-21,15.806711008623607,15.934873204381,15.242796043554478,15.678548812866211,309800
2007-11-23,15.78961313831183,15.934863977308337,15.413671132401877,15.704171180725098,60700
2007-11-26,15.661457108428207,15.892149994741475,15.558926393509944,15.772530555725098,528500
2007-11-27,15.678544270046402,16.327901054027834,15.678544270046402,16.037399291992188,271800
2007-11-28,16.165561885845857,16.832007410165332,16.054488446627765,16.755109786987305,225600
2007-11-29,16.55004928574112,16.994344653062512,16.105752288749493,16.960168838500977,406100
2007-11-30,17.002890346901154,17.01143470862885,16.071576104296852,16.302268981933594,499400
2007-12-03,16.242460667210203,16.601315724406113,16.003223419189453,16.003223419189453,417800
2007-12-04,15.951953132686784,16.182645935603208,15.58455384574652,15.849422454833984,401000
2007-12-05,15.969047543006859,16.626947120763298,15.806707924234036,16.618404388427734,355600
2007-12-06,16.68675820118571,18.39559154624504,16.618404932570158,18.11363410949707,728700
2007-12-07,18.199077183804356,18.199077183804356,17.58389767463209,18.096548080444336,307600
2007-12-10,18.105087505231793,18.40413362951995,18.011101161397445,18.23324966430664,204200
2007-12-11,18.28451409381944,19.472154222717524,18.28451409381944,18.942415237426758,470100
2007-12-12,19.326904751122782,19.497787098113374,18.882607715540562,19.275638580322266,380000
2007-12-13,19.070575837634372,19.113297640029597,17.959835050080557,18.549381256103516,602500
2007-12-14,18.395590786561886,18.592106222007295,17.583894329311164,17.669336318969727,563500
2007-12-17,17.592439122407832,17.797498924811837,16.780742645263672,16.780742645263672,345200
2007-12-18,16.93452962365229,17.08832480766845,16.370615035372804,16.891809463500977,383900
2007-12-19,17.754780526337587,18.78007964129689,17.4813657993445,18.387048721313477,685400
2007-12-20,18.78862033456982,18.78862033456982,17.9598368414773,18.515207290649414,317600
2007-12-21,18.762986912500914,19.309814620159173,18.660457837713295,19.096210479736328,496300
2007-12-24,19.096212172733782,19.138932352737655,18.745901481756725,18.968050003051758,81400
2007-12-26,18.848422787200537,19.096204292044792,18.58355419520854,18.874055862426758,133200
2007-12-27,18.814259865278984,18.993686625706058,18.13072539159426,18.181991577148438,196000
2007-12-28,18.27597422431657,18.63482933360067,17.942752204863712,18.241798400878906,203100
2007-12-31,18.11363286475775,18.669003337803787,18.11363286475775,18.344324111938477,213500
2008-01-02,18.66900626628157,19.10475900324146,18.1136357061184,18.26742935180664,439700
2008-01-03,18.275977687963355,18.275977687963355,17.65225371756478,17.77187156677246,293400
2008-01-04,17.618074726709317,17.660794913855728,17.045615418725774,17.28485107421875,304800
2008-01-07,17.34464904401658,17.43009099406817,15.661449635579805,15.755435943603516,1044200
2008-01-08,15.857977643800819,16.216832816856495,14.781412124633789,14.781412124633789,737400
2008-01-09,14.781407893681985,15.379500220803655,14.166228471531213,14.525083541870117,935300
2008-01-10,14.414011413902665,14.610526876977026,14.106420859754527,14.328569412231445,698200
2008-01-11,14.328567712005814,14.439641160228998,13.935535202823633,13.96116828918457,481200
2008-01-14,14.140595162156933,14.68742293625285,14.063697531888296,14.550716400146484,419600
2008-01-15,15.140259966497744,15.379497175915464,14.157681306192732,14.294387817382812,587900
2008-01-16,14.27730135461289,14.525082963885682,13.884270480184844,14.097874641418457,674900
2008-01-17,14.174767083657816,14.362738090088346,13.6621169583284,13.704838752746582,473200
2008-01-18,13.696294501007404,14.140589758743399,13.551042843354036,13.892809867858887,346500
2008-01-22,13.33744184698178,13.909901806697228,12.850424681721085,13.63648796081543,672400
2008-01-23,13.286176576264666,13.721928366686598,13.021307105960886,13.670663833618164,501700
2008-01-24,13.721931038827137,14.294390263524562,13.559592232717298,13.96116828918457,550800
2008-01-25,14.114961579982245,14.431094786003651,13.593766971005607,13.63648796081543,305500
2008-01-28,13.585222328090737,14.3200210560293,13.585222328090737,14.08078384399414,451200
2008-01-29,14.19185960739222,14.19185960739222,13.363075314619431,13.551046371459961,426100
2008-01-30,13.482693278399097,13.944078194699138,13.414340017823918,13.568135261535645,157900
2008-01-31,13.38870848042953,13.995343497474437,13.311810854371673,13.363076210021973,180600
2008-02-01,13.140923121321253,13.371615104392285,12.628273002531333,13.0896577835083,779600
2008-02-04,13.243459537470407,13.474152449566644,12.952957714016762,13.226370811462402,633300
2008-02-05,12.807701427187215,13.405792734261805,12.807701427187215,13.243453979492188,993500
2008-02-06,14.243124507208162,14.439639930224358,12.952955271008719,13.123838424682617,864500
2008-02-07,13.021309268387729,13.33744332425979,12.508659778393248,13.320355415344238,1140500
2008-02-08,13.243457396985141,13.593768075176927,13.029853245420865,13.328899383544922,877400
2008-02-11,13.704837615148033,14.619062754102258,13.704837615148033,14.13204574584961,1019100
2008-02-12,14.174771838155044,14.337111452056387,13.645033632208655,13.764652252197266,304300
2008-02-13,13.756101330396332,14.593428826503777,13.645027125126708,14.567795753479004,283300
2008-02-14,14.567800839762972,14.610522643053724,14.234578922445923,14.294387817382812,270600
2008-02-15,14.183316115311634,14.31147828145025,13.89281433623991,14.277300834655762,463200
2008-02-19,14.46527366093537,14.46527366093537,13.944079000390953,14.029520988464355,319300
2008-02-20,13.901360526356434,13.96971379926542,13.704845070451915,13.824462890625,316200
2008-02-21,13.892813251295012,14.123506110131018,13.371618636073718,13.422883987426758,225200
2008-02-22,13.474147366657423,13.627941768536434,13.02985043607695,13.251998901367188,193200
2008-02-25,13.286177665356629,13.747562574968393,13.252001035564467,13.533958435058594,520200
2008-02-26,13.431430060253488,13.98680137554551,13.431430060253488,13.96116828918457,385800
2008-02-27,13.850088291049287,14.77285951618344,13.61939629960068,14.542166709899902,682900
2008-02-28,14.550716671178757,14.713054667284855,14.029521974021053,14.217493057250977,225800
2008-02-29,14.038066336395662,14.567803766257486,14.038066336395662,14.217493057250977,685100
2008-03-03,14.431096038002446,14.431096038002446,13.995343370840853,14.089329719543457,502800
2008-03-04,14.097871619894992,14.490902410086795,13.850090063727931,14.15768051147461,807300
2008-03-05,14.208945845317698,14.593433926714786,14.140592589699345,14.371285438537598,274100
2008-03-06,14.31147726110398,14.559258843687198,13.76465118874135,13.78173828125,275300
2008-03-07,13.662121418154232,14.49090494437492,13.662121418154232,14.012432098388672,386500
2008-03-10,14.072242930759606,14.294391475715015,13.884271837183757,13.93553638458252,284300
2008-03-11,14.320019488333834,14.328563848150067,13.969708884218347,14.268754959106445,227000
2008-03-12,14.132054527514454,14.730145304348717,14.132054527514454,14.448187828063965,280600
2008-03-13,14.251667973255644,14.285843787008217,13.790282265069433,14.17477035522461,406500
2008-03-14,14.302929319462805,14.396915638248224,13.721925948189002,13.892809867858887,253300
2008-03-17,13.713386676706826,14.337112074126127,13.713386676706826,13.96116828918457,207100
2008-03-18,14.200402905247525,15.550380906086255,14.200402905247525,15.217157363891602,404900
2008-03-19,15.362408414369531,15.43930603042135,15.165893008757177,15.388041496276855,453500
2008-03-20,15.3880414252738,15.47348340156715,15.063362241293103,15.20007038116455,700300
2008-03-24,15.29405953875236,15.712723551778275,15.285515175669715,15.50766372680664,375900
2008-03-25,15.388043459195769,15.490572540563498,14.909570610248847,15.422219276428223,215600
2008-03-26,15.37949680424044,15.541836393481724,14.909568387090031,15.430761337280273,219500
2008-03-27,15.413677248451318,15.49057324815445,15.088998006725028,15.106086730957031,135000
2008-03-28,14.721597880186865,15.191527996074935,14.525082449926394,15.003555297851562,465000
2008-03-31,14.995008867024598,15.208612991225348,14.61052242126533,15.063362121582031,251600
2008-04-01,15.311148264917653,15.721267914860922,15.302603901835006,15.50766372680664,257400
2008-04-02,15.345319617412068,16.148471586841897,15.276966362333155,15.866514205932617,518400
2008-04-03,15.789617600847457,16.50732763994691,15.42221822015723,16.438974380493164,415100
2008-04-04,16.456067816823104,16.891820581793972,16.14847724633291,16.857643127441406,585200
2008-04-07,17.33611014178035,17.729140917221734,16.883268847333966,17.13959312438965,416400
2008-04-08,17.088336479373094,17.541177982757954,17.019983198642432,17.515544891357422,455400
2008-04-09,17.515544891357422,17.814591105680602,17.40447142129663,17.515544891357422,477400
2008-04-10,17.566805095291333,18.250339363039032,17.122509695376237,17.84876251220703,704900
2008-04-11,17.737683922683505,17.74622828188894,17.21648941884111,17.301931381225586,386100
2008-04-14,17.344655540663037,17.788952543612286,17.088331224168613,17.54971694946289,282800
2008-04-15,17.43009835987857,18.011101910152913,17.21649420931714,17.566804885864258,400300
2008-04-16,17.780409057653742,18.540840942736143,17.669335616284137,18.369956970214844,514800
2008-04-17,18.250342016701723,18.506666385833586,17.41301237621841,17.763324737548828,251700
2008-04-18,18.088000318443267,18.651915169985045,17.814587254625483,18.506664276123047,533400
2008-04-21,18.515208609893282,18.540841695713585,17.942749397269765,18.164897918701172,278700
2008-04-22,18.011108268126033,18.19907940029312,17.447193241953855,17.91712188720703,416800
2008-04-23,17.95983662459998,18.275969841689065,17.660790500296866,17.9256591796875,215100
2008-04-24,17.90002866520971,18.720267830118676,17.558260716827284,18.156352996826172,361500
2008-04-25,18.369960444067406,18.532300085694853,17.361748400808494,18.147811889648438,465600
2008-04-28,17.925658328413093,18.05382048140804,17.609525126336905,17.754776000976562,223600
2008-04-29,17.959834013148114,18.58355762507583,17.95128965316239,18.13071632385254,1341700
2008-04-30,18.14781137671534,20.05316031733522,17.780411917470936,19.566143035888672,4443300
2008-05-01,20.104430893824823,20.608537011500434,19.7370313541964,20.318035125732422,1181700
2008-05-02,20.659798123287803,20.830680502495653,19.99335244426634,20.420560836791992,526400
2008-05-05,20.540171648960545,20.540171648960545,20.155683605660617,20.34365463256836,404600
2008-05-06,20.181322516032424,20.55726467846774,19.907907811983367,20.437646865844727,542900
2008-05-07,20.463280950244815,20.779414221779593,19.71139332937998,19.865188598632812,528200
2008-05-08,19.8737273820122,19.984800806584133,18.686089004574214,19.651578903198242,887800
2008-05-09,19.43798021724228,19.822468389891117,19.113302583415912,19.677217483520508,339000
2008-05-12,19.873728885593824,20.822131765039156,19.873728885593824,20.480363845825195,681000
2008-05-13,20.318027181701552,21.531298809753324,19.66867037503029,21.39459228515625,1368600
2008-05-14,21.454398945409416,22.095211323662554,21.249339179928832,21.51420783996582,1089500
2008-05-15,21.514213002790925,21.574021911699838,21.15535791966692,21.50566864013672,606100
2008-05-16,21.539839906554075,21.574017349944196,20.91611623171614,21.403133392333984,412200
2008-05-19,21.556925612060347,21.702176466804847,20.762318090791613,20.984466552734375,550300
2008-05-20,20.736688837285566,20.78795337095608,20.0360675683313,20.711055755615234,415700
2008-05-21,20.61707622716486,21.121182258785502,20.50600276258927,20.728151321411133,504600
2008-05-22,20.352196852693652,20.352196852693652,18.93386586600965,19.69429588317871,1431500
2008-05-23,19.429431371596177,19.87372835088419,19.19019416051721,19.728477478027344,367100
2008-05-27,19.625945822295446,19.69429907503281,19.25000374707499,19.651578903198242,333000
2008-05-28,19.668672943375466,19.73702621459961,19.446524404479373,19.73702621459961,250300
2008-05-29,19.685755746996012,20.249670472383603,19.660122666871104,20.19840431213379,611100
2008-05-30,20.249674875456027,20.86485426518748,19.99334890748179,20.7025146484375,795600
2008-06-02,20.941748462652622,21.360412349135256,20.7195999786612,21.078454971313477,676400
2008-06-03,21.206627010253065,21.642379820971115,20.71960964229492,20.899036407470703,713200
2008-06-04,20.779409010399306,21.112630923762882,20.591437967160648,20.711055755615234,421100
2008-06-05,20.87339259198239,22.98380048087023,20.830670794836934,22.915447235107422,2739800
2008-06-06,23.31702532937567,23.49645199876096,21.69363279663435,22.043943405151367,1819700
2008-06-09,22.343001412045705,22.343001412045705,19.69430871946764,20.899036407470703,2281400
2008-06-10,20.044603180891496,21.10408069830356,19.865176561928372,20.958829879760742,1151200
2008-06-11,20.90756641473893,21.104083403607802,19.967709782162448,20.01897430419922,805100
2008-06-12,20.07879292922365,20.283852746557383,19.51487802413825,19.95917510986328,1941200
2008-06-13,19.779743087091557,20.95029449424777,19.668669651071166,20.796499252319336,1487400
2008-06-16,20.85631441075325,22.360088206984912,20.343663993681197,22.0781307220459,1157100
2008-06-17,21.92432434037169,22.334443814642867,21.10408539182933,21.24933624267578,557700
2008-06-18,21.454402009039487,21.78762397181986,20.540176479596663,20.916118621826172,588600
2008-06-19,20.864860690249248,21.958514905107673,20.51454989284751,21.77054214477539,673000
2008-06-20,21.65946456453972,21.65946456453972,20.565810556737397,21.052827835083008,662300
2008-06-23,21.266423686419547,21.27496804598473,19.882270030259285,19.89935874938965,798300
2008-06-24,19.77974313694565,20.258215956629883,18.78862005276461,19.130386352539062,1318200
2008-06-25,19.138934696857937,19.848100527604927,19.138934696857937,19.4123477935791,500800
2008-06-26,19.13039100846252,19.224377374901096,18.318696052657984,18.42976951599121,681100
2008-06-27,18.30159856697377,18.60064462006113,17.814581500642586,18.378496170043945,1280400
2008-06-30,18.46394594785889,18.79716794909832,18.378503949428872,18.472490310668945,712900
2008-07-01,18.3528706744412,19.59177556490649,18.045281764758595,19.557598114013672,1024600
2008-07-02,19.685757922188017,20.63415917622322,19.685757922188017,19.771198272705078,1055900
2008-07-03,19.702849020967047,20.43764791845713,18.89115411830923,19.557598114013672,551100
2008-07-07,19.711384897811993,20.36074151818837,19.634487296078618,19.976253509521484,743500
2008-07-08,20.05315703626477,21.13826651051908,19.326904229242448,21.027193069458008,805700
2008-07-09,21.12972307088689,21.180989242539937,19.99334900730418,20.11296844482422,1047700
2008-07-10,20.215493946817674,20.642702190207178,19.80537442428458,20.394922256469727,606300
2008-07-11,19.942087996399227,20.266765659339395,19.036406655878096,19.583232879638672,789000
2008-07-14,19.822459048134974,20.070238930660025,19.24145569646274,19.805370330810547,389900
2008-07-15,19.549045151837134,20.1556816009662,19.070572457507474,19.48069190979004,536600
2008-07-16,19.600315639311397,20.693967753874553,19.5319623821512,20.505996704101562,573900
2008-07-17,20.77086673233225,20.87339743962317,20.001892131496426,20.651248931884766,796400
2008-07-18,20.79649767091856,21.052821968194444,20.540173373642677,20.6768798828125,678400
2008-07-21,20.796498622508135,20.830674436529314,19.90790464257457,20.44618797302246,293300
2008-07-22,20.386382943964094,20.386382943964094,18.85697627168786,19.301273345947266,844300
2008-07-23,19.66012651945247,20.275305895969847,19.480698182757592,19.643037796020508,559800
2008-07-24,19.651579843562168,19.651579843562168,19.13892960866564,19.420886993408203,513800
2008-07-25,19.651580919369103,19.651580919369103,19.036401581617973,19.2500057220459,236700
2008-07-28,19.65158311254208,19.694303293527256,18.404135575466004,18.57501792907715,546200
2008-07-29,18.47248721473237,19.369623973713527,18.47248721473237,19.198740005493164,602900
2008-07-30,19.087669042351806,19.343993398254124,18.609196150821244,19.053491592407227,371500
2008-07-31,19.22437733617322,19.309819339157013,18.438313842129535,18.58356475830078,616200
2008-08-01,19.97625728395047,20.63415838767927,18.754443043744338,20.249671936035156,1777100
2008-08-04,21.035736590990854,21.898695889321118,20.651248484075175,21.480031967163086,1716600
2008-08-05,21.46294809827529,21.616741734472267,20.60853140316302,21.283519744873047,1376100
2008-08-06,21.292062393018025,21.941419224579743,21.03573805699094,21.719270706176758,946800
2008-08-07,21.616740559790255,22.642041190077006,21.44585820785608,22.223377227783203,1152200
2008-08-08,21.744898737940005,22.428431228266803,21.462941381971454,22.069576263427734,1162700
2008-08-11,22.04394785914931,24.837890561550314,21.7876235283312,23.84676742553711,3631000
2008-08-12,24.581563849300554,24.692637280648984,23.282850338387107,23.624616622924805,1465600
2008-08-13,23.624612296783038,23.624612296783038,20.17277101054857,22.137928009033203,3328300
2008-08-14,21.6081957026453,22.872731827230144,20.60852825679925,22.68475914001465,1064600
2008-08-15,22.812918164295837,22.889815769430424,20.93320146271471,21.24933624267578,972900
2008-08-18,21.274971603353784,21.62528225575157,20.215495285166543,20.54017448425293,727100
2008-08-19,20.232579201977913,20.65978737218971,19.403794308778327,19.48069190979004,1267100
2008-08-20,19.33544911884651,19.967718908173847,19.27564021085702,19.608863830566406,895500
2008-08-21,19.31836019916504,20.061701742081407,19.292727114017094,19.643037796020508,338800
2008-08-22,19.66012157057444,20.07878541124859,19.53195943643663,19.89935874938965,319000
2008-08-25,20.07879099705552,20.557263858124447,19.745569029662747,20.11296844482422,763900
2008-08-26,20.121505330356058,20.446184471134497,19.882269784171875,20.053152084350586,417900
2008-08-27,20.053155054426174,20.420554417247377,19.702844413054834,20.036067962646484,460700
2008-08-28,20.18986649481947,21.044283219824738,19.933542129186115,20.89048957824707,595300
2008-08-29,20.736687331209666,20.87339383084901,20.2154927827909,20.779407501220703,659900
2008-09-02,21.138268644472877,21.54838826318284,20.941753197549833,21.49712371826172,856300
2008-09-03,21.360407221340523,21.428760459262026,20.266753784926784,20.352195739746094,1039500
2008-09-04,20.215493986090394,20.2240383465352,17.85730428243866,18.36141014099121,1409300
2008-09-05,18.12217730078791,18.318694378993175,17.549719680187685,18.062368392944336,1438900
2008-09-08,19.463612970814687,19.976261685975548,18.44685664369401,18.95950698852539,1438600
2008-09-09,18.865516035611357,19.010766904110465,17.33611136581026,17.498449325561523,960300
2008-09-10,17.541172812330316,17.942748014545998,17.182317786852586,17.677879333496094,560600
2008-09-11,17.515538530245955,17.58389178615279,16.46460660955204,17.16522789001465,1154300
2008-09-12,17.088332342820472,17.481363204463566,16.56713768486993,17.10542106628418,724700
2008-09-15,16.618403818561756,16.746565984915808,15.721265394742659,15.806707382202148,839300
2008-09-16,15.439303093484249,15.832335459614642,14.405460098270323,15.558920860290527,1509400
2008-09-17,15.22570191846111,15.823794126190332,14.695964595885087,15.618734359741211,797800
2008-09-18,15.900695622426811,16.310815255403,15.345323452725511,15.960504531860352,860700
2008-09-19,16.789286192719807,17.643702809445195,16.037400287056425,16.302268981933594,1378200
2008-09-22,16.34498814675267,16.65257863118342,15.815250789866676,16.037399291992188,412200
2008-09-23,16.020307569785988,16.404795603328836,15.943409963077418,16.174102783203125,499200
2008-09-24,16.13138832924696,16.857642928981775,15.832343755536185,16.5415096282959,921400
2008-09-25,16.541506588172386,17.00289072400855,16.49878477858637,16.678213119506836,456700
2008-09-26,16.285179479329578,16.67821195164759,15.73835339228221,15.85797119140625,654900
2008-09-29,15.541843592146014,15.576019420112074,13.653581429148035,13.713390350341797,1061400
2008-09-30,13.77319363717907,14.99500776923502,13.77319363717907,14.841214179992676,787000
2008-10-01,14.721601128754982,14.841220589385083,14.268761266025482,14.388379096984863,393700
2008-10-02,14.345653416096155,14.50799137319422,13.31180863257694,13.482691764831543,514100
2008-10-03,13.627944306398028,14.132051034486135,13.115294846608268,13.26054573059082,668900
2008-10-06,12.918779926104623,12.944412197998147,11.876391362690207,12.508660316467285,1140300
2008-10-07,12.568467139542097,12.79915917802201,11.355195606519317,11.363739967346191,830200
2008-10-08,11.184313278739713,12.816248833116221,11.184313278739713,11.919111251831055,1051300
2008-10-09,12.448850013362595,12.918779321886285,11.500447849307111,11.679875373840332,817000
2008-10-10,11.286844087749769,12.277967280917494,10.705840499409286,11.269755363464355,1425300
2008-10-13,11.76531687088916,13.029853036780416,11.560256269396255,12.970044136047363,887900
2008-10-14,13.24345604637635,14.149137100337018,13.140926161862035,14.08078384399414,1159600
2008-10-15,13.756106365314805,14.020975031504545,12.371950879079993,12.397583961486816,837600
2008-10-16,12.474481061712462,13.645031553522422,11.859300961657242,13.516868591308594,685600
2008-10-17,13.183650626113,14.226038467542153,13.183650626113,13.226370811462402,617000
2008-10-20,13.397252262763079,13.568135416148293,12.440305788970738,12.79916000366211,627700
2008-10-21,12.508660546389931,12.799161534471818,11.893480305791018,12.064363479614258,597700
2008-10-22,11.927655725237301,12.107083243178502,10.90235597193122,11.115960121154785,609500
2008-10-23,11.10741426777219,11.517533788076799,10.620397133701704,11.338107109069824,867500
2008-10-24,10.415339153487329,12.542837343304942,10.415339153487329,12.329233169555664,1162200
2008-10-27,12.312141735481706,12.756438710242014,11.620064821120176,12.038728713989258,547500
2008-10-28,12.04727673141319,13.610859348639604,12.04727673141319,13.448519706726074,700400
2008-10-29,13.593766609473692,14.174770099830985,12.995675212547992,13.66211986541748,532200
2008-10-30,13.944079593583986,14.311479017159838,13.636489890137947,14.22603702545166,453700
2008-10-31,14.114967092226221,14.661793367868798,13.645037650469314,14.516542434692383,336000
2008-11-03,14.516535962762873,14.567800495831307,13.51686860474274,13.670663833618164,427600
2008-11-04,13.867184148526732,14.550718560199648,13.593771035725846,14.448187828063965,546800
2008-11-05,14.27730010722985,14.456728434418359,13.345986730080114,13.397252082824707,307100
2008-11-06,13.192191585905022,13.516869982835779,11.996008704442351,12.055817604064941,429900
2008-11-07,12.209612130498474,12.662452661367649,11.876389391839027,12.491569519042969,405600
2008-11-10,12.730807411571437,13.046942280497348,11.491903465855053,11.58588981628418,317700
2008-11-11,11.500445537637134,12.209611131379477,11.175767186371298,11.303929328918457,349800
2008-11-12,11.141592376889099,11.432094149841255,10.637486454982138,10.714384078979492,457300
2008-11-13,10.680209772181911,10.996343883658254,8.885934204521213,10.364075660705566,1428700
2008-11-14,10.201735113565821,10.466604651017036,9.287509498673252,9.620732307434082,404400
2008-11-17,9.526745398350913,9.526745398350913,8.937198263626692,9.039728164672852,448000
2008-11-18,9.10807978677238,9.398581528011812,8.279295551148428,8.595430374145508,513900
2008-11-19,8.561252544957545,8.826121167261684,8.270750844493682,8.330559730529785,437700
2008-11-20,8.245118211749338,8.492898943500826,7.424878407531482,7.467599391937256,887600
2008-11-21,7.58721951164137,7.809368023373421,6.946407061146341,7.074569225311279,1117800
2008-11-24,7.219819879003129,7.732470148745717,7.168555340929955,7.681204795837402,650900
2008-11-25,7.860630636664963,7.860630636664963,7.450511159978863,7.647026538848877,529700
2008-11-26,7.433422698442741,8.467266600266692,7.031846752488646,8.38182544708252,759700
2008-11-28,8.313470978519014,8.475810546875053,7.963160393419604,8.176764488220215,176000
2008-12-01,7.826456648657554,8.082781815304664,7.262541770935059,7.262541770935059,602300
2008-12-02,7.416335251922723,7.60430628944179,7.100201254456968,7.459055423736572,571400
2008-12-03,7.2710840044396985,7.74101320323321,7.117288786512912,7.467599391937256,999800
2008-12-04,7.339435815826664,7.6726576362795935,6.920772043299481,7.066022872924805,859300
2008-12-05,6.903687229184846,6.912231592188848,5.9467405732898015,6.613185405731201,1731100
2008-12-08,6.715713350356786,7.732468965553893,6.715713350356786,7.706836700439453,1170400
2008-12-09,7.595764016029367,8.390370915496055,7.288173512513711,8.151134490966797,657600
2008-12-10,8.202399083202922,8.450179846402014,7.954618320003828,8.108412742614746,351200
2008-12-11,8.00588282952497,8.373282200063155,8.00588282952497,8.168222427368164,634600
2008-12-12,7.971706989415757,8.809035699679947,7.971706989415757,8.723593711853027,465700
2008-12-15,8.740679564879596,9.082446620975132,8.586885163729846,8.860298156738281,716700
2008-12-16,9.022639554833052,10.218822455681925,8.920108846911004,10.04793930053711,1387200
2008-12-17,9.988130168431768,11.338109210004506,9.603642843192507,11.047607421875,1296300
2008-12-18,11.004884792352666,11.039061420301412,10.252998162645145,10.3726167678833,1074000
2008-12-19,10.552046206644247,10.816914918192397,10.38116222067549,10.620399475097656,444800
2008-12-22,10.552043647048379,10.697294510987364,9.885598219033614,10.193188667297363,393300
2008-12-23,10.244455121093253,10.509324632928713,10.09066068293784,10.116292953491211,229600
2008-12-24,10.159015098807476,10.235911919181163,9.817247921749308,9.97958755493164,129200
2008-12-26,10.005218140248807,10.227366645629088,9.91123261020414,10.107748031616211,122600
2008-12-29,10.107749737056402,10.25300064470995,9.646364740637866,9.97958755493164,193700
2008-12-30,10.065024062305364,10.304261219557679,9.96249420126933,10.244451522827148,247600
2008-12-31,10.338441887440071,10.919444660775596,10.201734537702372,10.77419376373291,491400
2009-01-02,10.791279527766232,11.372282956557019,10.765647263212227,11.218487739562988,394400
2009-01-05,11.201400054422747,11.662784933178864,11.030516916889939,11.56025505065918,456900
2009-01-06,11.782404727984773,12.04727422906331,11.543168311253782,11.919111251831055,617500
2009-01-07,11.688419306260753,11.688419306260753,10.936532603213584,11.115960121154785,449800
2009-01-08,11.0646957551409,11.141593386103704,10.59476642190672,10.808370590209961,505300
2009-01-09,10.774191213088102,10.987795327014126,10.321350719718735,10.577675819396973,296800
2009-01-12,10.552043877757086,10.552043877757086,10.022304941906263,10.167555809020996,248700
2009-01-13,10.090661646195898,10.295721459868322,9.501113663343594,9.868513107299805,397700
2009-01-14,9.689085232323364,9.825791770054837,9.24478816986084,9.24478816986084,428500
2009-01-15,9.270420152562254,10.09066009608313,9.184978169239919,10.013762474060059,581500
2009-01-16,10.159015094081978,10.415339458212271,10.005219823735576,10.321353912353516,480100
2009-01-20,10.193191390829309,10.466604471375092,9.569466782290176,9.603643417358398,329700
2009-01-21,9.671994217470061,9.877054790346476,9.236242435340914,9.748891830444336,461800
2009-01-22,9.475480490135437,9.851423446152156,9.116625442883704,9.637819290161133,246700
2009-01-23,9.381492209269954,10.304262722891036,9.1678880972392,10.099202156066895,621500
2009-01-26,10.167557326430313,10.834002868476698,10.065027431077446,10.65457534790039,523200
2009-01-27,10.791282266770425,11.457727018174156,10.791282266770425,11.047607421875,610000
2009-01-28,11.321020499267908,11.602977925760971,10.953621082695344,11.543169021606445,873500
2009-01-29,11.321020292922553,11.50044781695096,10.902356341801335,10.936532974243164,340600
2009-01-30,11.06469617063781,11.209947075725236,10.193191554948521,10.381162643432617,579400
2009-02-02,10.22736401034029,10.594762489363664,9.988126843958868,10.235907554626465,451800
2009-02-03,10.09920371721906,10.697295975227316,9.740348688348167,10.680207252502441,741300
2009-02-04,10.680207271540059,11.440638322614365,10.543500748837971,11.15868091583252,628100
2009-02-05,10.85108778938167,11.919108257132523,10.85108778938167,11.57734203338623,394900
2009-02-06,11.714053486783369,12.192527217619169,11.68842121284931,12.013099670410156,375900
2009-02-09,11.936198626841737,12.1327140289706,11.637152528571221,11.927654266357422,215800
2009-02-10,11.739683255484387,12.226701245314304,11.235577358290065,11.261210441589355,389600
2009-02-11,11.28684131977871,11.355194570487049,10.748558859324264,10.962162971496582,217200
2009-02-12,10.799826628735458,11.23557849609451,10.526412749700816,11.047607421875,435500
2009-02-13,10.902355869597969,12.329231638205055,10.893811508148788,11.919111251831055,1037200
2009-02-17,11.62861299506005,11.62861299506005,11.192861022337572,11.201404571533203,500500
2009-02-18,11.209947232847464,11.483360321627679,10.962166417431574,10.987798690795898,558700
2009-02-19,11.07323776145641,11.449180659155813,10.78273602399843,10.816912651062012,419900
2009-02-20,10.68021011161068,10.851093310429377,10.244457343496476,10.586224555969238,573300
2009-02-23,10.63748917470017,10.808372374587188,10.201736403861744,10.26154613494873,461900
2009-02-24,10.261543877633192,10.91090070919491,10.176101889067368,10.859635353088379,839800
2009-02-25,10.816912259097649,11.08178172036883,10.440969375021007,10.825456619262695,325500
2009-02-26,10.87672558654334,11.090329788775554,10.56059146501991,10.586224555969238,308300
2009-02-27,10.475144621989342,11.312472251904499,10.167554215216489,11.064691543579102,618600
2009-03-02,10.85109270144604,11.073241254860644,10.620400599696506,10.731474876403809,540100
2009-03-03,10.842545274702587,10.842545274702587,9.620730205818113,9.663451194763184,1323800
2009-03-04,9.996674537658691,10.184646426849955,9.740349382367913,9.996674537658691,919100
2009-03-05,9.894143344542195,10.543500102399168,9.825790087381998,10.252998352050781,1016800
2009-03-06,10.32989269242298,11.047602479713138,10.32989269242298,11.030513763427734,802400
2009-03-09,11.064696108635871,11.432095550602403,10.808370935515855,11.107417106628418,515200
2009-03-10,11.321021759503246,12.35486604334186,11.15013857515705,12.277968406677246,596400
2009-03-11,12.37195317042064,13.15801658344021,12.286511991079097,12.636822700500488,953800
2009-03-12,12.645363002247638,13.22636560564031,12.41467018095078,13.140924453735352,407400
2009-03-13,13.149472248700938,13.226369061054346,12.747896203846672,12.99567699432373,638600
2009-03-16,13.064029445511066,13.234912598150375,12.491570273043026,12.68808650970459,434900
2009-03-17,12.807704527150278,13.02130867529422,12.619733463464925,12.970044136047363,821000
2009-03-18,12.952955696012516,14.063696638755324,12.688087002836067,14.012432098388672,1059300
2009-03-19,14.055155071697497,14.055155071697497,13.53396037414848,13.721931457519531,597700
2009-03-20,13.850089773185154,13.850089773185154,12.92732089380778,13.072571754455566,417100
2009-03-23,13.44851794618368,14.200405514754324,13.089662886109153,14.191861152648926,483700
2009-03-24,13.978258042130948,13.978258042130948,13.234914779663086,13.234914779663086,434000
2009-03-25,13.371619347876658,13.764651827890075,12.021641196793762,12.970044136047363,1125900
2009-03-26,13.055483802739587,14.097872153778873,12.816247412526248,13.858634948730469,529500
2009-03-27,13.636488522819452,14.439639742037132,13.46560537137262,13.49123764038086,553200
2009-03-30,13.345987282581085,13.482693809112567,12.559923940189892,12.927323341369629,320300
2009-03-31,13.055482146468186,13.559587944448257,13.055482146468186,13.243453979492188,333200
2009-04-01,13.012766918927003,13.525417303037676,12.747898178510235,13.508329391479492,441900
2009-04-02,13.713388332234143,15.037735286694389,13.713388332234143,14.704511642456055,618900
2009-04-03,14.678878618586776,14.772864973571567,14.362743734337325,14.661789894104004,591100
2009-04-06,14.448183283805466,14.678876136299957,13.952621765300739,14.422550201416016,457900
2009-04-07,14.251671626568708,14.354200723779217,13.764654340642254,13.969714164733887,229800
2009-04-08,14.020978383360843,14.089331656449387,13.585225656294915,13.93553638458252,394700
2009-04-09,14.234578819488961,15.259879275668851,14.063694866902262,15.20007038116455,865300
2009-04-13,14.772860470671178,14.7814032006382,13.850089185915946,14.465270042419434,841300
2009-04-14,14.311474166894412,14.525078258937612,13.944074867832924,13.995339393615723,362000
2009-04-15,13.926988528490892,13.926988528490892,13.405794748210727,13.66211986541748,265700
2009-04-16,13.747561000925753,14.345653176062054,13.739016640747227,14.15768051147461,164800
2009-04-17,14.208943555777683,14.490900893479322,13.995339462680382,14.302929878234863,168800
2009-04-20,14.06369668120128,14.41400899216336,13.687754544484052,14.277300834655762,412100
2009-04-21,14.18331969103864,15.422223115609762,14.106422046034895,15.157354354858398,926700
2009-04-22,15.020641807008095,15.917778468325748,14.952288553095036,15.353863716125488,466400
2009-04-23,15.251334380367522,15.370952165182375,14.57634458395207,14.918110847473145,484000
2009-04-24,14.952291874166919,15.618737470096876,14.80704097363105,15.439309120178223,374900
2009-04-27,15.148804103268688,15.379496948618803,14.892479805993096,15.140259742736816,490400
2009-04-28,15.379502459336535,15.456400102006876,14.986471512062103,15.396591186523438,718600
2009-04-29,17.156686243934278,17.284848415329286,15.635824022281035,15.772530555725098,2601500
2009-04-30,16.131384978943775,16.43897548192979,15.712721033029675,15.806707382202148,483300
2009-05-01,15.823800753338787,15.89215403744879,15.370959227565738,15.524754524230957,395800
2009-05-04,15.76398723045156,16.327902067116685,15.652912157661854,16.302268981933594,241200
2009-05-05,15.866520482582988,16.165566702979486,15.601651718081312,16.06303596496582,300600
2009-05-06,16.174111066953188,16.25100871304574,15.652916272252748,16.06303596496582,272600
2009-05-07,16.14846909485116,16.14846909485116,14.35419438882994,14.977919578552246,714800
2009-05-08,15.07190435869681,15.123170514644828,14.174767815315297,14.610520362854004,485100
2009-05-11,14.268755034208334,14.678874529526057,13.867178269081807,14.379828453063965,414400
2009-05-12,14.499450235983746,14.576347866300804,13.75610864914613,14.4738187789917,847700
2009-05-13,14.345651674656262,14.414004919260602,13.858632973471702,14.302929878234863,623800
2009-05-14,14.285839031203484,15.49911016441635,14.2602075868394,15.345314979553223,492800
2009-05-15,15.285512019399729,16.22537057870347,15.148805497646851,15.934868812561035,560900
2009-05-18,15.960506131441203,16.720936564171282,15.832343937000395,16.6696720123291,559500
2009-05-19,16.40479717775788,17.344654008317562,16.11429544223831,17.15668296813965,640300
2009-05-20,17.23358193060676,17.58389258678853,16.66966713628146,16.84054946899414,395400
2009-05-21,16.567133640813513,16.66111996725137,15.840880997259044,16.36207389831543,433600
2009-05-22,16.44751779246448,16.73801953579591,16.13992732783823,16.515871047973633,234900
2009-05-26,16.327901059768664,17.472819385918704,16.063030751562273,17.276302337646484,364400
2009-05-27,17.259220542511148,17.84022261545093,16.96017432738269,17.36174964904785,244100
2009-05-28,17.395921876134988,17.506995313112647,16.626945659865545,17.18231773376465,296200
2009-05-29,17.284845823708327,17.703509723316778,16.82346174993031,17.694965362548828,470500
2009-06-01,17.48990631828643,18.583560096875814,17.48990631828643,18.258882522583008,660900
2009-06-02,18.267427155316255,18.421222412182644,17.05415545407859,17.11396598815918,472200
2009-06-03,17.07124463639449,17.088333360876277,16.28518123660736,16.567138671875,436300
2009-06-04,16.60131591619969,17.430099487304688,16.60131591619969,17.430099487304688,438200
2009-06-05,17.51554104789732,17.70351212124219,16.7038445913705,17.17377471923828,367600
2009-06-08,17.190864639087042,17.404468813068554,16.62694812047898,17.071245193481445,293600
2009-06-09,17.096876059220687,18.686091428611636,16.917447728965108,18.455398559570312,431200
2009-06-10,18.293057303345808,18.745898639203677,18.164895153097778,18.737354278564453,357100
2009-06-11,19.386710957074648,19.993345893455476,19.12184066713048,19.44651985168457,691200
2009-06-12,19.40379933376945,19.437976778478827,18.882606339313483,19.096210479736328,351000
2009-06-15,18.839884532971357,18.99367977481933,18.12217449079433,18.942415237426758,388200
2009-06-16,18.07090419310242,19.079115675242626,18.07090419310242,18.660451889038086,599400
2009-06-17,18.609192350732304,19.472153229565983,17.934202519197676,18.711721420288086,535400
2009-06-18,18.831343162007506,18.882607703103883,18.412677582430913,18.62628173828125,416400
2009-06-19,18.908240099065523,19.19019753362203,18.67754883782508,18.856975555419922,431200
2009-06-22,18.77153138522813,18.77153138522813,17.9256591796875,17.9256591796875,226600
2009-06-23,17.994015713409738,18.053824623217064,16.934539173431286,17.57535171508789,391000
2009-06-24,17.74622981900341,18.318688897992875,17.6180676791607,17.942745208740234,176300
2009-06-25,17.874397410115233,18.523754296982847,17.66933759789449,18.463945388793945,255300
2009-06-26,18.88260752967218,19.839553226476983,18.874063167956194,19.643037796020508,1851800
2009-06-29,19.224371977644633,19.651580243814514,18.797163711474756,19.489240646362305,530400
2009-06-30,19.480698154375023,19.58322886514705,18.80570987649957,19.147476196289062,561800
2009-07-01,19.267093432369276,19.429433040606238,18.950960207017122,19.292726516723633,461200
2009-07-02,19.05348657551015,19.215826160660907,18.78861792686319,18.848426818847656,381700
2009-07-06,18.83134274594199,19.0620339906139,18.626281326746422,19.01931381225586,352400
2009-07-07,19.07912424165793,19.378170403122507,18.797166804773152,18.95096206665039,425000
2009-07-08,18.993679775278448,19.18165246183952,18.575015855610104,19.096210479736328,456400
2009-07-09,19.224369939284124,19.856637910615728,19.00222146886977,19.549047470092773,397200
2009-07-10,19.506330153080885,20.36929108103073,19.463609976612883,20.08733367919922,641200
2009-07-13,20.104422234991734,20.41201108828607,19.719934131285992,20.30093765258789,447500
2009-07-14,20.318023660265187,20.40346400107745,20.044609028787818,20.164228439331055,385900
2009-07-15,20.420555676250274,20.52308638160068,20.10442245828788,20.275304794311523,701600
2009-07-16,20.224048012796604,20.446196601529,20.087341439679886,20.18132781982422,337100
2009-07-17,20.164229694359594,20.471818525702258,19.950625569694072,20.403465270996094,370500
2009-07-20,20.403467125517647,20.582895453973848,19.950627383055902,20.06170082092285,272500
2009-07-21,20.21549190495158,20.36074275821975,19.54904652589704,19.89935874938965,214200
2009-07-22,19.907909494280457,20.676885868039857,19.63449639679739,20.49745750427246,449700
2009-07-23,20.42909720624834,20.933203042544445,20.420552846180772,20.6597900390625,281500
2009-07-24,20.57435283946346,20.7110593729081,20.241130867900953,20.429101943969727,191500
2009-07-27,20.34366585685601,20.557270081059748,19.83955975736152,20.18132781982422,343100
2009-07-28,19.942085820605275,20.172778719710884,19.472157289541716,19.608863830566406,562700
2009-07-29,19.56614257105404,20.061704203694866,19.318362569568908,19.95917510986328,307600
2009-07-30,19.865188519637755,20.591443049515608,19.82246833597987,20.326574325561523,355000
2009-07-31,18.36141464794369,19.60886387468907,17.771866669904075,18.95950698852539,2351500
2009-08-03,19.044947518683077,19.71139144897461,18.908239358200554,19.71139144897461,446700
2009-08-04,19.437975960020527,20.206950507230157,19.437975960020527,19.856639862060547,335600
2009-08-05,19.754110884906588,20.08733281001516,19.275636454883276,19.45506477355957,332300
2009-08-06,19.472154574041127,20.044612116205546,18.404133852683106,18.515207290649414,569300
2009-08-07,18.814252050637297,18.98513437582808,18.378499432445025,18.52375030517578,474000
2009-08-10,18.361415223808756,18.592108130668624,18.181988493809236,18.472490310668945,190400
2009-08-11,18.327235781890455,18.55792701350918,18.173440541031137,18.258882522583008,143000
2009-08-12,18.327238649707123,19.010771349739674,18.327238649707123,18.677549362182617,301800
2009-08-13,18.831338860829575,19.489238272031404,18.79716142145805,19.386709213256836,226800
2009-08-14,19.378172492914675,19.702850146592553,18.916786657525922,19.574687957763672,482300
2009-08-17,19.275639314200088,19.566141107781732,19.044948055496207,19.224374771118164,274000
2009-08-18,19.224373027162184,19.574683694172403,19.062033420847353,19.47215461730957,236900
2009-08-19,19.198739828464834,20.06170076364688,19.147475290339546,20.027524948120117,226800
2009-08-20,19.924991045719544,20.07878626509299,19.608857876714143,19.916446685791016,211800
2009-08-21,20.0617025545868,20.138600183474647,19.625949867445815,20.121511459350586,448800
2009-08-24,20.078796395864952,20.215502964356748,19.84810345040848,19.890825271606445,356800
2009-08-25,19.88227094959612,19.907902399806883,19.37816511963075,19.66866683959961,342700
2009-08-26,19.591771364211706,20.018979630750398,19.549049559755712,19.950626373291016,198000
2009-08-27,19.916452149550114,19.916452149550114,19.13038874685196,19.25855255126953,577600
2009-08-28,19.506332770281357,19.83955475451753,19.190197881122828,19.232919692993164,504100
2009-08-31,19.19873955498061,19.301270259440926,19.036401581617973,19.2500057220459,402500
2009-09-01,19.198735170888995,19.497781225134034,18.617733410521637,18.686086654663086,373200
2009-09-02,18.58355950387313,19.10475410800495,18.241793218241686,18.99367904663086,274300
2009-09-03,18.839888511192694,19.65158506804542,18.839888511192694,19.4123477935791,330900
2009-09-04,19.318364819439704,19.822470873554522,19.12184771231287,19.68576431274414,234000
2009-09-08,19.831012600244208,20.130058797952152,19.531968032206933,20.104427337646484,273100
2009-09-09,19.90790557643762,20.138598443165467,19.86518539948963,20.06170082092285,522600
2009-09-10,20.02752516718429,20.335114028970754,19.75411212129841,20.30948257446289,180400
2009-09-11,20.283848930274242,20.651248311666343,20.198406948376274,20.30093765258789,268400
2009-09-14,20.249670204323493,20.43764123374103,19.856637795961348,19.916446685791016,236000
2009-09-15,19.899367350959658,20.20695627991278,19.728483345130744,19.82246971130371,251800
2009-09-16,19.7882832518808,20.693964159355158,19.51487027073155,20.6341552734375,477200
2009-09-17,20.69397214216275,20.933209407790322,20.232587965909524,20.326574325561523,536100
2009-09-18,20.50599792480469,21.360414505004883,20.50599792480469,21.360414505004883,524400
2009-09-21,21.09554633234259,21.386048107019654,20.93320672186533,21.027193069458008,262600
2009-09-22,21.2407900816816,21.360407844114306,20.993008568448374,21.035730361938477,244200
2009-09-23,21.12972119005077,21.582562554654466,20.77941052995612,20.796499252319336,309600
2009-09-24,20.93320295718726,20.941747317219985,19.771196067457144,20.04460906982422,414600
2009-09-25,20.05315927406139,20.215498902654655,19.36108220641508,19.608863830566406,600100
2009-09-28,19.643037100483667,20.975926517243785,19.643037100483667,20.651248931884766,263900
2009-09-29,20.608528135552486,20.762321747364524,20.258215846803775,20.30093765258789,142800
2009-09-30,20.36928988256796,20.471818951926792,19.643035517650485,20.036067962646484,352000
2009-10-01,20.001891879374217,20.155687123536868,18.318691814231375,18.32723617553711,671600
2009-10-02,18.387042559360005,18.583557953494534,17.942745610270585,18.011098861694336,437200
2009-10-05,18.139257311648986,18.404127532955545,17.79749112410635,17.95128631591797,291300
2009-10-06,18.130720892727634,18.506664678485876,18.019647444263157,18.421222686767578,739500
2009-10-07,18.446854468749784,18.882607128996277,18.43831010721511,18.77153205871582,480700
2009-10-08,18.92532149889413,18.92532149889413,18.20761164694693,18.216156005859375,498100
2009-10-09,18.258882969391607,18.677546896603513,18.122174817761113,18.515207290649414,492500
2009-10-12,18.66045369252191,18.66045369252191,18.147803543451985,18.199068069458008,306600
2009-10-13,18.22470070878954,18.549378205242117,18.16489182494327,18.250333786010742,232000
2009-10-14,18.540839329295522,19.01076776832998,18.540839329295522,18.99367904663086,354400
2009-10-15,18.891143295523896,19.079114278733673,18.831334420396676,19.036394119262695,340300
2009-10-16,18.968050421833407,19.03640368915097,18.583562274628097,18.72881317138672,413100
2009-10-19,18.839882077176064,19.14747252077732,18.463940012407914,18.933868408203125,362000
2009-10-20,18.968050791230187,19.190197692085672,18.711724811544634,18.95096206665039,412600
2009-10-21,18.754445897552966,18.891152429562457,18.250339949641564,18.352869033813477,676300
2009-10-22,18.31014400720993,18.848425630811768,17.942744688554242,18.797161102294922,723700
2009-10-23,17.506989768086832,18.079448753510015,17.028517097032605,17.71204948425293,2398700
2009-10-26,17.55826263343518,17.925662077281274,17.088334097618876,17.35320281982422,1269000
2009-10-27,17.353194341227756,17.58388712995236,17.105414465303717,17.33610725402832,352000
2009-10-28,17.25066983911692,17.44718524581907,16.55004855979958,16.703842163085938,879200
2009-10-29,16.89181503593194,17.43864108867517,16.832006140121923,17.259214401245117,404800
2009-10-30,17.131048923262682,17.27629978285209,16.908902083580085,17.079784393310547,598000
2009-11-02,17.079788584903916,17.17377493760661,16.40480028092849,16.65258026123047,425900
2009-11-03,16.50732599765864,16.934534234159827,16.379163852642304,16.874725341796875,223000
2009-11-04,17.00289331196872,17.054157861604363,16.370625100893612,16.379169464111328,417800
2009-11-05,16.558594309634106,16.703845208388373,16.17410778681667,16.567138671875,300100
2009-11-06,16.490237183166126,16.87472524569558,16.34498631839612,16.532958984375,328100
2009-11-09,16.69529534654578,17.242121259092126,16.56713159733168,17.09687042236328,335000
2009-11-10,16.968711193894084,17.284844367320545,16.814915972369842,17.05415153503418,220700
2009-11-11,17.225035164371477,17.70350791069568,17.165226274789706,17.60097885131836,295500
2009-11-12,17.54117846029294,17.746238308067404,17.002894933923017,17.088336944580078,255500
2009-11-13,17.190861379063712,17.54117202758789,17.011433059516822,17.54117202758789,251400
2009-11-16,17.75478116499022,19.3867170742975,17.75478116499022,19.361083984375,1110900
2009-11-17,19.33544613240373,19.395256660825744,19.002224193832426,19.130386352539062,371400
2009-11-18,19.079123263886633,19.250007241586168,18.94241673359516,19.18165397644043,379000
2009-11-19,18.98514005375274,18.98514005375274,18.31869601575462,18.58356475830078,609100
2009-11-20,18.38704984465595,18.643374231638063,18.378505481133786,18.59210968017578,210600
2009-11-23,18.865518222172916,19.343991055762032,18.865518222172916,19.292726516723633,281500
2009-11-24,19.250005721122704,19.403799333300416,18.822797440287342,18.942415237426758,232000
2009-11-25,19.07912389094143,19.164565882599334,18.976593175017854,19.070579528808594,71800
2009-11-27,18.48957247675505,18.874060552339014,18.463941024829545,18.60919189453125,82900
2009-11-30,18.532296581143044,18.728812008773296,17.95983739176814,18.369956970214844,183700
2009-12-01,18.677541617204522,19.771193483754214,18.523746416053516,19.69429588317871,386700
2009-12-02,19.75410934735152,20.412008785503325,19.49778343057504,20.386377334594727,382100
2009-12-03,20.41200923178921,20.48890684553643,20.11296476685015,20.335111618041992,319000
2009-12-04,20.505996316205476,20.839218234849362,20.42055433895392,20.59143829345703,420800
2009-12-07,20.651245678994933,20.984467573279794,20.505994817186394,20.6597900390625,180600
2009-12-08,20.42909637922643,20.76231826002162,20.309478602463024,20.369287490844727,368300
2009-12-09,20.386377378375165,20.437641909972523,20.078786929450853,20.26675796508789,184600
2009-12-10,20.403468052848414,20.54017621056996,19.660126510278893,19.796833038330078,246000
2009-12-11,19.87373283544738,19.87373283544738,19.28418485026938,19.617406845092773,159500
2009-12-14,19.74557183557942,20.377840042114258,19.506334556213275,20.377840042114258,233900
2009-12-15,20.34366659057192,20.420564244432335,20.198415647687916,20.318035125732422,232200
2009-12-16,20.42055058419615,20.60852322552079,20.232579572541376,20.47181510925293,372900
2009-12-17,20.394921738586405,20.50599516199236,20.147140181470693,20.26675796508789,430200
2009-12-18,20.369284456643904,20.480357857140188,20.224033622352,20.352195739746094,328800
2009-12-21,20.514541135431493,21.146809173752978,20.34365717710884,20.847763061523438,213400
2009-12-22,20.93320410215255,21.104088052813687,20.796497593491697,21.078454971313477,210400
2009-12-23,21.104090693911957,21.104090693911957,20.83922037427265,21.027193069458008,81600
2009-12-24,21.001556153269338,21.095542483715345,20.864849652440622,20.873394012451172,35300
2009-12-28,20.881945040873084,20.924665224897996,20.480368140488437,20.608531951904297,168100
2009-12-29,20.651248931884766,20.762322370918817,20.454733508386667,20.651248931884766,61100
2009-12-30,20.62561929974189,20.92466548058208,20.557266026664465,20.770870208740234,94500
2009-12-31,20.77086559935493,20.77086559935493,20.471819484877823,20.480363845825195,238700
2010-01-04,20.80504281530375,20.933204968770344,20.377834550634965,20.505996704101562,232600
2010-01-05,20.48891411440927,20.56581175543754,20.1215146360899,20.420560836791992,208400
2010-01-06,20.164234567168126,20.224043475780434,19.412346954032035,19.73702621459961,663700
2010-01-07,19.779741196048025,19.89081625111934,19.429430569444847,19.43797492980957,639400
2010-01-08,19.429429094401105,19.71138644635095,19.429429094401105,19.66012191772461,171100
2010-01-11,19.694300358901025,19.813919781241953,19.275636454883276,19.45506477355957,251300
2010-01-12,19.37816574581166,19.549048061528698,18.67754450313062,18.848426818847656,336000
2010-01-13,18.916781926948644,19.13893042587832,18.352867133384933,18.814252853393555,546800
2010-01-14,18.805712327421382,19.22437632743619,18.754447780189313,19.002227783203125,232200
2010-01-15,19.062034122634824,19.062034122634824,18.352868401155465,18.617738723754883,339000
2010-01-19,18.771536342199365,18.925331625577474,18.583565234554293,18.899700164794922,357500
2010-01-20,18.80571174621582,18.856976291863518,18.61774065906058,18.80571174621582,485300
2010-01-21,18.891147429300787,19.198736230071848,18.780072382899313,18.797161102294922,355000
2010-01-22,18.728814134032227,18.865520675693954,18.224708150528166,18.310150146484375,603900
2010-01-25,18.506663159474055,18.83134237542009,18.036734688100434,18.335779190063477,366900
2010-01-26,18.22470281453092,18.352864956105474,18.01109870201665,18.070907592773438,210500
2010-01-27,18.01964705248882,18.549384456218174,17.840218710814398,18.506664276123047,269800
2010-01-28,18.498119913508447,18.711724073317253,17.67788072208443,17.85730743408203,312900
2010-01-29,17.925663344438764,17.985472257261012,17.421557322550328,17.618074417114258,757400
2010-02-01,17.737682244995103,18.207610549157515,17.549711249264085,17.95128631591797,374100
2010-02-02,17.771864696060643,18.48103041158445,17.694967071393094,18.369956970214844,597300
2010-02-03,17.002890137447956,17.32756936041939,16.47315275421929,16.977258682250977,1882700
2010-02-04,16.806373352215854,16.832006435013597,16.182649671169383,16.216825485229492,857700
2010-02-05,16.063026190629337,17.301930508540927,15.721259987999526,16.609853744506836,1480300
2010-02-08,16.678213119506836,17.037068171677365,16.27663625775029,16.678213119506836,524900
2010-02-09,17.301934575489362,17.618069405775408,16.780739975424606,17.259214401245117,509500
2010-02-10,17.250666185217735,17.660785633120103,16.96016450220277,17.506990432739258,469700
2010-02-11,18.105088456436953,18.327236971017385,17.42155418934246,18.156352996826172,754600
2010-02-12,17.848762320728195,18.669003107291946,17.848762320728195,18.369956970214844,477400
2010-02-16,18.540841723935475,18.634826446078833,18.32723756411903,18.506664276123047,157200
2010-02-17,18.61773833816547,18.61773833816547,18.173441318816952,18.39558982849121,235800
2010-02-18,18.32723940223909,18.481033043808434,18.10509085818928,18.472490310668945,242700
2010-02-19,18.429764854540235,18.429764854540235,18.05382111354427,18.105087280273438,313500
2010-02-22,18.113629878059267,18.13071696896867,17.8487595980874,17.891481399536133,503100
2010-02-23,17.9171091516752,17.951286585778114,17.421547764871207,17.55825424194336,396400
2010-02-24,17.558263336720998,17.865853884293067,17.558263336720998,17.797500610351562,275100
2010-02-25,17.532622843733755,17.720593842801904,17.319018769018683,17.71204948425293,152800
2010-02-26,17.669337717685202,17.703513538451762,17.301938273839113,17.35320281982422,150600
2010-03-01,17.430094780779182,17.951289322621378,17.284843923036437,17.81458282470703,620400
2010-03-02,17.891485251512023,18.369958123060766,17.677881087290388,18.079456329345703,626200
2010-03-03,18.139264060669102,18.301603671279207,17.72914448302601,17.8743953704834,207100
2010-03-04,17.85730395837715,17.94274593160452,17.592435308075373,17.891481399536133,134500
2010-03-05,17.99400949209336,18.02818693140695,17.686420686621084,17.81458282470703,288200
2010-03-08,17.865850057881413,18.156351817332354,17.438641779826536,18.105087280273438,784100
2010-03-09,17.994019687707016,18.09655043407285,17.575355596915802,17.823137283325195,241100
2010-03-10,17.754775115449366,18.062363941362072,17.72059767386456,17.865848541259766,398500
2010-03-11,17.737690938035826,17.737690938035826,17.455733491420293,17.66079330444336,381800
2010-03-12,17.771857975006014,17.92565316617804,17.30192967279791,17.395915985107422,349600
2010-03-15,17.421548473675475,17.54971222710606,17.336108144281514,17.506990432739258,170600
2010-03-16,17.55825691886513,17.99400949209336,17.447183500435976,17.81458282470703,166600
2010-03-17,17.78895455552489,18.5493848595098,17.729145650223217,18.421222686767578,553400
2010-03-18,18.463947669911764,18.83988989059343,18.352872572692075,18.53230094909668,372600
2010-03-19,18.318696975708008,18.63483028474249,18.147812960785604,18.318696975708008,339200
2010-03-22,18.199075190308346,19.292729160932744,18.199075190308346,19.241464614868164,510200
2010-03-23,19.326904942191895,20.05315777600493,19.147476601956978,19.71139144897461,488800
2010-03-24,19.694297448049497,19.728474886429765,19.275633605910997,19.378164291381836,307100
2010-03-25,19.44652521368653,19.90790940623093,19.301274302582247,19.566143035888672,360300
2010-03-26,19.574676955246083,19.591765672063563,18.515200957608354,18.874055862426758,455500
2010-03-29,18.899693530227744,19.07912021140228,18.60064743193339,18.703176498413086,262900
2010-03-30,18.780078610796057,19.181655501414898,18.780078610796057,19.11330223083496,331200
2010-03-31,19.053491592407227,19.292728853007763,18.899697956668142,19.053491592407227,309900
2010-04-01,19.215833067488823,19.608865631280516,19.156024154006985,19.361083984375,249800
2010-04-05,19.352533352387404,19.771197240817166,19.343988991847596,19.506328582763672,133600
2010-04-06,19.420887889913473,19.63449202850822,19.241461195735603,19.46360969543457,119300
2010-04-07,19.386710236409215,19.677211967718677,19.190193208991573,19.497783660888672,112800
2010-04-08,19.378167214213025,19.62594716116305,19.224371977644633,19.489240646362305,215200
2010-04-09,19.46361449535748,19.643041233783784,19.378172492914675,19.574687957763672,174600
2010-04-12,19.643030775568064,19.805370330810547,19.566133177277926,19.805370330810547,174600
2010-04-13,19.702837046695166,20.232575805894683,19.591763658138746,20.224031448364258,445300
2010-04-14,20.377837767118393,21.232254431318992,20.33511595610609,21.146812438964844,596800
2010-04-15,21.02719352342828,21.12972260513356,20.805045006839688,20.975927352905273,135700
2010-04-16,20.984472871220834,20.984472871220834,20.429102363975222,20.685426712036133,241300
2010-04-19,20.548720854986225,20.847767024055422,20.232587590573182,20.599987030029297,191900
2010-04-20,20.7025069958438,20.86484655258565,20.60852230903098,20.822126388549805,142600
2010-04-21,20.770862983001013,20.933202561211893,20.540171785161355,20.839216232299805,145900
2010-04-22,20.625616224049534,21.104090693911957,20.437645158534515,21.027193069458008,277300
2010-04-23,20.97592539136623,21.095544815063477,20.659792184389016,21.095544815063477,114900
2010-04-26,20.941746164182454,21.10408573652587,20.822128389650437,21.010099411010742,175200
2010-04-27,20.899025602274175,21.078453904352983,20.574348068056878,20.6597900390625,223500
2010-04-28,20.728142750559993,20.984467027236917,20.58289189253107,20.80504035949707,298200
2010-04-29,20.924664667739073,21.360417377806794,20.429103049760776,21.283519744873047,570500
2010-04-30,21.189525349936943,21.650910972540377,20.975921257176815,21.061363220214844,1088800
2010-05-03,21.24933611069322,21.556924899651168,20.582890746889497,20.6341552734375,487600
2010-05-04,20.352206502511173,20.43764850251439,19.369627576650696,19.566143035888672,602600
2010-05-05,19.361082254084007,19.993350415297538,19.224375712722733,19.301273345947266,249800
2010-05-06,19.22437460433009,19.65158292887076,17.13959752426391,18.63482666015625,581500
2010-05-07,18.472485480223266,18.472485480223266,17.378831771578298,17.626611709594727,671800
2010-05-10,18.207616472448127,18.822797439824903,18.207616472448127,18.788619995117188,282500
2010-05-11,18.498117612379406,18.822796807514774,18.352866736591523,18.438308715820312,282500
2010-05-12,18.42976088098996,18.4468495995486,17.9854639764847,18.199068069458008,430900
2010-05-13,18.156348721448545,18.293055216742324,17.370285558674325,17.780405044555664,1121900
2010-05-14,17.61807618835672,17.754782754171625,17.08833702357087,17.524089813232422,457800
2010-05-17,17.182318124791504,17.686424042631327,17.03706723948731,17.25067138671875,672500
2010-05-18,17.489901197527615,17.524078632009864,16.50732277153973,16.72947120666504,575000
2010-05-19,16.70384475995867,17.40446777786893,16.70384475995867,17.11396598815918,555700
2010-05-20,16.720934110070523,16.883273735026975,16.430432309483393,16.5073299407959,571300
2010-05-21,16.327899563669163,17.61806865267196,16.285177761580925,17.15668296813965,831400
2010-05-24,17.122503863286454,17.182312745037944,16.532956145206402,16.609853744506836,465700
2010-05-25,16.35353689091118,16.58422981606295,15.832343755536185,16.5415096282959,836400
2010-05-26,16.61840332423313,17.13105197440017,16.52441697785636,16.63549041748047,334700
2010-05-27,16.96871175262641,17.131049709873967,16.703841471426536,17.06269645690918,274200
2010-05-28,17.002892492704667,17.002892492704667,16.285182313705064,16.396257400512695,390700
2010-06-01,16.23391069437411,16.832002792876892,16.02030660629024,16.097204208374023,748000
2010-06-02,16.268089446878108,16.51586936167369,15.960499013657389,16.490236282348633,214300
2010-06-03,16.558596920539355,17.06270296454463,16.558596920539355,16.857643127441406,301700
2010-06-04,16.404796968306044,16.806372124787618,16.088662155569846,16.165559768676758,317500
2010-06-07,16.174105987906426,16.293723786633926,15.25133615423788,15.362409591674805,458000
2010-06-08,15.388043426335406,15.482029775447092,14.815584229298551,15.003555297851562,481300
2010-06-09,15.174444691717659,15.541844227991337,14.926663002725292,15.336784362792969,733700
2010-06-10,15.661460085519694,15.755446456254795,15.336782414289578,15.678548812866211,376300
2010-06-11,15.533293609639447,15.960501897562775,15.396587087877606,15.85797119140625,245300
2010-06-14,15.994674776647695,16.251000680144063,15.883601359234929,15.900690078735352,218200
2010-06-15,16.10575559894446,17.05415705591656,16.063033784874182,16.925994873046875,541000
2010-06-16,16.874726436226126,17.694965521264283,16.695299747500354,17.481361389160156,629800
2010-06-17,17.643705336565528,18.002560432176075,17.35320351489649,17.797500610351562,475600
2010-06-18,17.917113314987024,17.917113314987024,17.37028727963513,17.404464721679688,275400
2010-06-21,17.686422475385342,17.99401131196645,16.866181775271993,17.011432647705078,216400
2010-06-22,17.01997807493327,17.242126577849834,16.20828168464854,16.225370407104492,749100
2010-06-23,16.199738290010366,16.233915736961535,15.815251789831917,15.994678497314453,348100
2010-06-24,15.840889721343968,16.105758497566956,15.473490202569993,15.49912166595459,388900
2010-06-25,15.541830138284855,15.815243044015627,15.276959959897386,15.695625305175781,807200
2010-06-28,15.558925621064885,15.97759119233131,15.558925621064885,15.71272087097168,332500
2010-06-29,15.370958117330636,15.610195409271103,15.054824812282556,15.319693565368652,296700
2010-06-30,15.276962384614476,15.499110813196877,15.148800268420324,15.259875297546387,314200
2010-07-01,15.242795753499262,15.39659103734986,14.8497631803621,15.114633560180664,406000
2010-07-02,15.182985165441522,15.251338436323675,14.849761543929322,15.012101173400879,130700
2010-07-06,15.276972406469842,15.456400790584352,14.738690513467903,14.832676887512207,198900
2010-07-07,14.841217825560895,15.558926307331754,14.77286455921746,15.473485946655273,259600
2010-07-08,15.63581785047985,15.823790482021327,15.413671043572297,15.593097686767578,204100
2010-07-09,15.157350402718526,15.772529772675355,14.858304264529798,15.71272087097168,288100
2010-07-12,15.678544270046402,16.097208190704773,15.499115944238376,16.037399291992188,197100
2010-07-13,16.327902283218172,16.60985970528247,16.13138522022093,16.430431365966797,311200
2010-07-14,16.63549226246539,16.63549226246539,16.18265246261692,16.259550094604492,261700
2010-07-15,16.24245778215003,16.524415160602075,15.960500403697983,16.23391342163086,194500
2010-07-16,16.114298054897326,16.114298054897326,15.746898645721474,15.823796272277832,213600
2010-07-19,15.883606297073097,16.28518155215335,15.746899757910862,16.259550094604492,136700
2010-07-20,16.037400995667024,16.208283348760297,15.550383763362014,15.832341194152832,342100
2010-07-21,15.986133699641726,16.02031114566089,15.533293947580052,15.584558486938477,223800
2010-07-22,15.806703021607756,16.0288514758502,15.755438495142549,15.875056266784668,303200
2010-07-23,15.781073344982888,16.02885493069958,15.644366825163425,15.883604049682617,312900
2010-07-26,15.969046683655593,16.609859132586084,15.857971613225589,16.575681686401367,590500
2010-07-27,16.703840219270123,17.0028862897002,16.601311162343798,16.82345962524414,466800
2010-07-28,16.74656893411985,16.832010936626357,16.233918548751465,16.379169464111328,389200
2010-07-29,16.780739762065416,16.84909301778924,15.541836798362331,15.57601261138916,1280000
2010-07-30,15.396596101968358,15.439316303903544,14.977931930252815,15.054829597473145,1244600
2010-08-02,15.123172900101382,15.165893073793297,14.670331562484323,14.678875923156738,1183500
2010-08-03,14.721600285651977,14.77286646427347,14.456731548123445,14.5592622756958,704500
2010-08-04,14.601980424054434,14.764320041029164,14.516538434611395,14.730142593383789,686500
2010-08-05,14.704504819998897,15.097537194273873,14.610520128276308,15.037728309631348,612100
2010-08-06,14.78141206116758,15.422224751039082,14.78141206116758,15.336784362792969,550000
2010-08-09,15.490567101593165,15.729804256902057,15.054816214273437,15.704171180725098,274000
2010-08-10,15.5076589448474,15.627278361447843,15.31968790400402,15.353863716125488,286700
2010-08-11,14.670329248456783,14.755771212033572,13.585220059272354,14.610520362854004,1178900
2010-08-12,14.311478417141442,14.952290883580613,14.311478417141442,14.755775451660156,581500
2010-08-13,14.67033425634539,15.088998228150555,14.619069712567534,14.661789894104004,407900
2010-08-16,14.593439426798906,14.858308188436967,14.52508614541906,14.627616882324219,285200
2010-08-17,14.781403711775722,15.08044979073142,14.636152852264098,14.798492431640625,224900
2010-08-18,14.815580681805805,14.943742817389392,14.5763435002918,14.695962905883789,314400
2010-08-19,14.824131248876688,15.020646714371107,14.396922864930216,14.533629417419434,264900
2010-08-20,14.636159750965557,14.96083906275504,14.44818863286219,14.909574508666992,248000
2010-08-23,15.302605794485249,15.610196384821297,14.65324878692627,14.65324878692627,476100
2010-08-24,14.83266855665079,14.849755645331125,14.4823579788208,14.4823579788208,566300
2010-08-25,14.525085602462447,15.046280372045434,14.525085602462447,14.995014190673828,373500
2010-08-26,15.234244998344627,15.259878078122075,14.644697200823522,14.72159481048584,333400
2010-08-27,15.131720657531293,15.191531202105963,14.550718605842276,15.114633560180664,655900
2010-08-30,15.73835825671873,15.76399134859815,14.747234852772252,14.909574508666992,805200
2010-08-31,14.849758559505553,14.943744899206095,13.892812959477153,14.020975112915039,591800
2010-09-01,14.260210611694594,14.687418824857776,14.174768643127958,14.34565258026123,321800
2010-09-02,14.422555565109384,14.875397077711913,14.22604008271747,14.832676887512207,319800
2010-09-03,14.977926122711873,15.088999582478479,14.738688847491462,14.807042121887207,303300
2010-09-07,14.789948843665423,14.883935178157953,14.114960670471191,14.114960670471191,294800
2010-09-08,14.166224405039895,14.285842184259105,13.986797736211079,14.055150985717773,278000
2010-09-09,14.226030644598254,14.73868073523606,14.183310482740817,14.431090354919434,837300
2010-09-10,14.439639010059475,14.584889885134976,13.764650799769937,13.867179870605469,442300
2010-09-13,13.95261936188361,14.627609081503342,13.95261936188361,14.610520362854004,635700
2010-09-14,14.550715535048772,15.054821468096316,14.482362271059461,15.003555297851562,524600
2010-09-15,15.464936631537592,15.473480990802733,14.337107283257328,14.901021957397461,2125200
2010-09-16,14.789945255398926,14.926651728946378,14.260208077819973,14.431090354919434,970500
2010-09-17,14.627611364370024,14.678875898648764,14.003886073686353,14.294387817382812,4496000
2010-09-20,14.268759562548036,14.533628283624166,14.114964295577856,14.251670837402344,829700
2010-09-21,14.234582883666363,14.320024884354627,13.961169785200408,14.046611785888672,600700
2010-09-22,13.995341739195926,13.995341739195926,13.252000286918776,13.414339065551758,765100
2010-09-23,13.277636474179092,13.909905498538343,13.209283198275712,13.508329391479492,283000
2010-09-24,13.66212043152821,14.02097544752035,13.457060655199879,13.978255271911621,779300
2010-09-27,13.93553003294144,14.157678476644355,13.841545343825855,13.892809867858887,424700
2010-09-28,13.850091603258887,14.414008030034259,13.525414028735128,14.35419750213623,651800
2010-09-29,14.354195433765797,14.362739793662886,13.986797736211079,14.055150985717773,398600
2010-09-30,14.200406911067576,14.200406911067576,13.773198541813288,13.952625274658203,521000
2010-10-01,14.11496201680079,14.140593470710757,13.610856114081459,13.798827171325684,356800
2010-10-04,13.739020892071123,14.06369853097117,13.559593346976207,13.824462890625,407900
2010-10-05,13.986800591172292,14.08932967152538,13.773196439154617,13.901358604431152,395300
2010-10-06,13.858636411449082,13.909902579872602,13.474149926294503,13.602312088012695,353800
2010-10-07,13.696295971561394,13.815913750371621,13.47414750400668,13.747560501098633,206400
2010-10-08,13.747561915015456,13.986799126911121,13.49123679646158,13.92698860168457,281400
2010-10-11,13.918446042032809,14.294388141494581,13.918446042032809,14.020975112915039,162700
2010-10-12,14.012434478041122,14.516540494655345,13.82446337832776,14.40546703338623,456500
2010-10-13,14.439641135023717,14.482362945550706,14.14059498001654,14.191861152648926,304400
2010-10-14,14.15768531401525,14.217494225883122,13.542505839512062,13.739021301269531,569400
2010-10-15,13.926989160430104,14.097873122878546,13.6108559484718,13.78173828125,343200
2010-10-18,13.756107890447684,13.79882806952523,13.619400546959906,13.764652252197266,163200
2010-10-19,13.57667922665076,13.662120392459006,13.320354099555793,13.422883987426758,392500
2010-10-20,13.431431235238328,13.576682144649348,12.970046233237236,13.004222869873047,464000
2010-10-21,13.012763353860196,13.123837600481348,12.602643810799107,12.893145561218262,328700
2010-10-22,12.901691436767578,13.106751232372698,12.799160724129823,12.901691436767578,828800
2010-10-25,12.978589754165489,13.704845114539177,12.893148570172041,13.593770027160645,822000
2010-10-26,13.465608201490335,13.773198753577242,13.397254926545537,13.739021301269531,519900
2010-10-27,13.585225620608256,13.833007253447446,13.525416710521714,13.824462890625,569400
2010-10-28,13.798825967409933,13.867179221323283,13.388706443929825,13.516868591308594,587800
2010-10-29,13.414336701631909,14.09786995324088,13.320351195284214,13.730470657348633,646600
2010-11-01,13.841549878273145,14.208947655483007,13.72193044344935,13.764652252197266,457400
2010-11-02,13.892812189642553,14.114960670471191,13.88426782926413,14.114960670471191,424200
2010-11-03,14.106420295256504,14.456731021386515,13.986802475505936,14.39692211151123,1085600
2010-11-04,12.82479144120153,13.363073916380397,12.816247080920506,13.158013343811035,3761100
2010-11-05,13.192194174281697,13.696300998658879,13.106752988747587,13.226370811462402,1463100
2010-11-08,13.234914574996147,13.234914574996147,12.773529586537228,12.935869216918945,1302800
2010-11-09,12.97858718118141,13.465605174218215,12.816248393392563,13.303265571594238,699500
2010-11-10,13.183650535934605,13.969714000549317,13.183650535934605,13.952625274658203,771200
2010-11-11,13.747564158445797,13.764652882727763,13.491238998062864,13.65357780456543,568600
2010-11-12,13.576680763365696,13.918447909787904,13.56813640136722,13.679210662841797,421200
2010-11-15,13.756103146619886,13.978251586489478,13.627940209079012,13.841545104980469,542700
2010-11-16,13.721930645464449,13.901358985506512,13.28617878267794,13.320355415344238,374400
2010-11-17,13.380166593194772,13.696301517639416,13.286181041095357,13.465608596801758,298200
2010-11-18,13.585220599170308,13.90989974773138,13.491235087368672,13.79028034210205,268500
2010-11-19,13.815916235948855,13.815916235948855,13.52541446685791,13.52541446685791,445000
2010-11-22,13.37161792546732,13.679208387569082,13.2434557761483,13.62794303894043,289200
2010-11-23,13.49978115720823,14.140592731340286,13.380162551260396,13.92698860168457,529700
2010-11-24,14.038059435600962,14.166221548877498,13.95261748352671,14.13204574584961,305400
2010-11-26,14.05515256258531,14.29438814786391,14.003886397451154,14.17477035522461,80400
2010-11-29,14.080784739545201,14.183315445415655,13.82446041937449,14.123506546020508,169600
2010-11-30,13.98679968805623,13.98679968805623,13.696297929696021,13.78173828125,269900
2010-12-01,13.952622413800295,14.294388713193545,13.952622413800295,14.106417655944824,455200
2010-12-02,14.046612120467762,14.55071814389825,14.046612120467762,14.533629417419434,341100
2010-12-03,14.507998321993187,14.977928586734041,14.4311006719387,14.892486572265625,517000
2010-12-06,14.866846183805706,15.054818849331495,14.567800094744742,14.77286148071289,369000
2010-12-07,14.866849485195573,15.63582414949233,14.78140749368028,15.601648330688477,675700
2010-12-08,15.618735888813934,15.823795675338388,15.157350146881173,15.165894508361816,707500
2010-12-09,15.311141424104846,15.37949466855608,14.866844520336898,14.901021957397461,284400
2010-12-10,14.901030457957159,14.926661920704612,14.388380017287352,14.65324878692627,511400
2010-12-13,14.653247243429837,14.824131248876688,14.490907601222395,14.533629417419434,211600
2010-12-14,14.619067808102463,14.619067808102463,14.243124066808964,14.35419750213623,363300
2010-12-15,14.396918664729252,14.414007386222552,13.833003892811778,13.92698860168457,434600
2010-12-16,13.909901687378932,14.302932508719602,13.824459708492203,14.17477035522461,368700
2010-12-17,14.208943485658923,14.226032204143152,13.909899060534356,13.995339393615723,444400
2010-12-20,13.926989329886302,14.106417655607382,13.71338518906185,13.798827171325684,399100
2010-12-21,13.867178685087849,13.93553193635802,13.730472182547505,13.815914154052734,268000
2010-12-22,13.79882806952523,13.850092610352359,13.448517386144164,13.764652252197266,353900
2010-12-23,13.764650799769937,14.055152549920939,13.730473356377962,13.867179870605469,189900
2010-12-27,13.892809867858887,13.944074391891917,13.670661424155972,13.892809867858887,102800
2010-12-28,13.892816510583918,14.114965060505162,13.64503568639032,14.046611785888672,256800
2010-12-29,14.046610256198036,14.260214419821672,13.926990816392902,14.191861152648926,210300
2010-12-30,14.22603625119847,14.268758059562643,14.012432098388672,14.012432098388672,135500
2010-12-31,14.029518696357083,14.208945375293613,13.88426782926413,14.114960670471191,206600
2011-01-03,14.183310482740817,14.627607336604896,14.174766124435386,14.431090354919434,419300
2011-01-04,14.183314388233335,14.183314388233335,13.089660669037432,13.474148750305176,1229700
2011-01-05,14.080785124038426,14.097873847095178,13.499782392306658,13.559591293334961,1178600
2011-01-06,13.62794490870949,13.961167683426572,13.585223914796757,13.764652252197266,496900
2011-01-07,13.850093633893907,13.909904170561074,13.679211275284903,13.721931457519531,219200
2011-01-10,13.67920568872435,13.739014571295197,13.46560160544571,13.645029067993164,340000
2011-01-11,13.739017847457939,13.77319529117388,13.53395807417292,13.63648796081543,441700
2011-01-12,13.679209876228883,13.7304744156014,13.56813562114155,13.696298599243164,508400
2011-01-13,13.636488718793224,13.679209710977673,13.568135457232168,13.602312088012695,430400
2011-01-14,13.619401170836719,13.75610852058678,13.533959993932557,13.65357780456543,530400
2011-01-18,13.679209881762487,13.721930059645144,13.542503356933594,13.542503356933594,242400
2011-01-19,13.533958034283154,13.533958034283154,13.269088550111015,13.311809539794922,452000
2011-01-20,13.24345931115315,13.252003674011137,13.029855128715194,13.081120491027832,377900
2011-01-21,13.106751232372698,13.13238350311454,12.824793809706861,12.901691436767578,318300
2011-01-24,12.884603116792144,13.294723535688814,12.841882120993604,13.064030647277832,265100
2011-01-25,12.961497454558994,13.081116049449507,12.75643770460527,12.824790954589844,180100
2011-01-26,12.816244539297518,12.987127636854508,12.722259039349893,12.884597778320312,338200
2011-01-27,12.927320829566707,13.012761984629918,12.799157874719368,12.824790954589844,353500
2011-01-28,12.80770414039645,12.850425131702226,12.397584579465326,12.517202377319336,399100
2011-01-31,12.585554848204605,12.662452464765543,12.303597464037889,12.534290313720703,782500
2011-02-01,12.500111863182434,12.884599075091108,12.500111863182434,12.782069206237793,266700
2011-02-02,12.816250236403548,12.841882508722486,12.585557341027366,12.636822700500488,375600
2011-02-03,12.585552762826918,12.670994725922796,12.397581747751904,12.65390682220459,421600
2011-02-04,14.080785485279874,14.183316196580472,13.029853435382988,13.363076210021973,2400500
2011-02-07,13.328897878456269,13.662119795774872,13.140926018151491,13.474148750305176,627200
2011-02-08,13.439971726213063,13.568134695571857,13.320353932613651,13.405795097351074,377600
2011-02-09,13.414340979112048,13.448517611848779,13.243457815428398,13.337443351745605,304300
2011-02-10,13.422884937202738,13.585223734109748,13.320355042076969,13.49978256225586,560300
2011-02-11,13.405798118638597,13.593770027160645,13.286180298080712,13.593770027160645,304900
2011-02-14,13.559590703693933,13.747562574968393,13.39725191588994,13.533958435058594,208500
2011-02-15,13.48269442711571,13.516871060315127,13.166560366312302,13.200736999511719,500700
2011-02-16,13.243455143108196,13.465603618488485,13.209278517267771,13.35452938079834,193700
2011-02-17,13.320355042076969,13.653576997526928,13.252001778659789,13.49978256225586,195900
2011-02-18,13.602311752970747,13.926989329970976,13.576679484225494,13.875724792480469,683500
2011-02-22,13.713384727008401,13.73901780972496,13.286177274588788,13.388707160949707,416400
2011-02-23,13.345984499291111,13.380161123796485,12.713716538524189,12.730804443359375,567100
2011-02-24,12.739347970465518,12.944407704093688,12.474479351571205,12.65390682220459,733800
2011-02-25,12.585556602338174,13.217825529498853,12.585556602338174,13.166560173034668,337300
2011-02-28,13.166560366312302,13.337443532309386,12.944411843098488,13.200736999511719,374700
2011-03-01,13.277633007509426,13.33744190460049,12.79915938627557,12.83333683013916,383300
2011-03-02,12.79061586931307,12.944410292874403,12.739350518235884,12.850424766540527,354600
2011-03-03,13.055487402453867,13.132385038505177,12.850427582873902,13.081120491027832,285800
2011-03-04,13.175104497574404,13.175104497574404,12.799160724129823,12.901691436767578,327700
2011-03-07,12.961498110552142,13.13238124416213,12.277964761277136,12.295053482055664,425500
2011-03-08,12.312141257117188,12.628275254643825,12.013095980187419,12.371950149536133,412500
2011-03-09,12.303597740195853,12.389039719366906,11.756771680973435,11.859301567077637,641200
2011-03-10,11.696961571781722,11.961831046335147,11.55171151586735,11.71405029296875,334600
2011-03-11,11.714049362477576,11.919109111422806,11.662784017823764,11.867844581604004,349700
2011-03-14,11.739680666317929,11.94474039847594,11.696959685076273,11.790946006774902,648800
2011-03-15,11.432097458251642,11.5260830176502,11.278302165749093,11.449185371398926,668500
2011-03-16,11.41500142054018,11.748224069300907,11.278294943561896,11.329560279846191,303300
2011-03-17,11.534621718512387,11.551710438105056,11.167222395619978,11.218487739562988,311100
2011-03-18,11.346653708525446,11.500448977450617,11.064696258719485,11.372286796569824,804900
2011-03-21,11.517538653658859,11.722599315274055,11.355199812000368,11.449185371398926,313500
2011-03-22,11.491903890163389,11.491903890163389,11.107416556929044,11.269755363464355,363100
2011-03-23,11.150134824673096,11.859300412299785,11.150134824673096,11.82512378692627,449600
2011-03-24,11.927657141459504,12.149805678589106,11.833671597982486,12.021642684936523,336300
2011-03-25,12.107082531806507,12.158347068300337,11.970376014709473,11.970376014709473,273200
2011-03-28,12.004555307487037,12.098540855135454,11.978923033552977,12.013099670410156,223600
2011-03-29,12.013101777203632,12.226705998730589,11.902027484229363,12.15835189819336,249600
2011-03-30,12.226700251731883,12.26942042408887,12.055816302963704,12.235243797302246,222700
2011-03-31,12.260879562602126,12.337776378579562,11.970377763903253,12.12417221069336,487900
2011-04-01,12.209613624241545,12.226702347982222,11.919111839331602,11.944744110107422,261500
2011-04-04,11.936198371588528,11.936198371588528,11.457724787554778,11.645696640014648,363000
2011-04-05,11.748226514781294,12.705172867659638,11.748226514781294,12.371950149536133,811300
2011-04-06,12.457392130994938,12.551377649834018,12.303596904862763,12.448847770690918,221700
2011-04-07,12.483025194088624,12.884601190831894,12.474481648074162,12.662452697753906,316300
2011-04-08,12.790613275813316,12.799156820231248,12.457390598465572,12.50011157989502,194500
2011-04-11,12.457392861032115,12.670996992140122,12.38903960426436,12.474481582641602,326000
2011-04-12,12.39758625783059,12.43176289253496,12.055819095951628,12.218158721923828,317100
2011-04-13,12.269426191167629,12.269426191167629,11.970380769931154,12.15835189819336,307500
2011-04-14,12.07290629619526,12.260878170750466,11.970376405029278,12.192524909973145,209400
2011-04-15,12.149808348607214,12.175440627036526,11.936204127080257,12.15835189819336,204700
2011-04-18,11.910568215755719,12.149805473943502,11.825127036261721,12.064363479614258,328400
2011-04-19,12.064363624134653,12.41467433837752,11.996010353786545,12.40613079071045,446400
2011-04-20,12.722262076005133,13.166558235701608,12.619732192998255,13.149470329284668,666600
2011-04-21,13.226367921477047,13.260545366025223,13.098205763761893,13.209280014038086,256400
2011-04-25,13.183646424654109,13.192189970100088,13.08111654578695,13.158013343811035,144500
2011-04-26,13.217823509251511,13.670664026991794,13.192190427519648,13.62794303894043,500100
2011-04-27,13.627941907453401,13.747560501098633,13.47414750400668,13.747560501098633,442100
2011-04-28,13.662119473161738,13.850090514192743,13.636487206627521,13.670663833618164,929800
2011-04-29,14.507994651794435,15.85797292393425,14.405465564106606,14.507994651794434,2400000
2011-05-02,14.653247132027484,14.713056044577984,14.149141112429497,14.285847663879395,1037200
2011-05-03,14.157683728940441,14.396920979297875,13.89281502189251,13.96116828918457,609100
2011-05-04,13.944083300378493,14.01243658598149,13.636493515165004,13.713390350341797,468200
2011-05-05,13.585222481302463,14.089328363642716,13.516869224188708,13.867179870605469,306500
2011-05-06,13.926987638587416,14.140591753471702,13.815914215902417,13.850090026855469,273000
2011-05-09,13.875721149957931,14.012427633825904,13.662117065205495,13.892809867858887,130500
2011-05-10,13.790279660814637,14.012428112099952,13.790279660814637,13.995339393615723,187700
2011-05-11,13.978254141348701,14.020974313502217,13.73901694014673,13.884267807006836,288100
2011-05-12,13.824455370250174,14.217486068254175,13.764646492699104,14.13204574584961,164400
2011-05-13,14.311478185184203,14.550715422125325,13.850092434584258,13.901358604431152,529500
2011-05-16,13.850090365547937,14.354196219375948,13.704841128357936,13.884267807006836,433800
2011-05-17,13.764650021240904,13.986798501713425,13.670663686899038,13.884267807006836,275500
2011-05-18,13.961164127115726,14.285841642543321,13.909899599347149,14.200401306152344,176900
2011-05-19,14.208949958023483,14.388378324500108,13.875727944143424,14.328569412231445,350000
2011-05-20,14.226036971400081,14.490905677985667,13.8330060925744,14.191861152648926,433300
2011-05-23,13.969711135853352,13.995342589763318,13.764651356222307,13.798827171325684,227500
2011-05-24,13.833004222377014,14.09787289315283,13.67066462366335,13.807371139526367,263000
2011-05-25,13.764649684637806,13.961165079210534,13.6706633525943,13.850090026855469,260700
2011-05-26,13.833005434019913,14.294389558053005,13.815916710622668,14.277300834655762,281400
2011-05-27,14.311479372136734,14.584892448648187,14.191861558580595,14.525083541870117,351100
2011-05-31,14.670338641634366,14.789956489429274,14.533632064248485,14.781412124633789,569400
2011-06-01,14.6703344850823,14.6703344850823,14.208948694876367,14.217493057250977,794500
2011-06-02,14.191857350430363,14.379828377377454,14.140591191532975,14.268754959106445,256700
2011-06-03,14.046607394596391,14.251667154339465,13.756105660876178,13.884267807006836,234000
2011-06-06,13.858633920040985,13.91844443911611,13.713383061627134,13.747560501098633,175100
2011-06-07,13.86717930923257,13.986798726591838,13.713384079535034,13.858634948730469,127900
2011-06-08,13.798825404055712,13.935531906301202,13.45705914844199,13.585221290588379,223600
2011-06-09,13.66212015530048,13.85863556659977,13.175102992658674,13.21782398223877,406900
2011-06-10,13.166559561218913,13.234912823438162,12.78207225752685,12.970044136047363,289500
2011-06-13,12.970044701969286,13.012764881593954,12.799160724129823,12.901691436767578,255200
2011-06-14,13.046939489292727,13.20073389510478,12.952953158970619,13.072571754455566,239800
2011-06-15,12.92732100138599,13.055483143101739,12.56846602677986,12.628274917602539,308300
2011-06-16,12.602644134599664,12.910233799798403,12.465937616733559,12.619732856750488,315600
2011-06-17,12.679542534988663,12.679542534988663,12.081451075096497,12.201068878173828,667700
2011-06-20,12.20106449002018,12.389036303467943,12.047270110685536,12.25232982635498,260600
2011-06-21,12.329230190135744,12.653908553554736,12.175434961454366,12.559922218322754,260800
2011-06-22,12.474483331115254,12.542836597463676,12.380496978759766,12.380496978759766,233300
2011-06-23,12.201068530876361,12.893146319012681,12.175436261637282,12.858969688415527,318400
2011-06-24,12.858971583036581,12.978589400333354,12.696631952654863,12.935869216918945,869100
2011-06-27,12.884601957654606,12.961499580206992,12.636821182116446,12.858969688415527,294700
2011-06-28,12.876058372604215,13.038397988854642,12.756440565719894,12.99567699432373,227600
2011-06-29,13.029854761200019,13.029854761200019,12.670999679639165,12.935869216918945,200600
2011-06-30,12.901691087823364,13.294722759520683,12.858970094518948,13.175104141235352,342600
2011-07-01,13.18364774546208,13.363075255164372,12.952954883772652,13.209280014038086,181100
2011-07-05,13.192192617406343,13.243457974544977,13.0469425376565,13.106751441955566,136500
2011-07-06,13.098206131608032,13.217824746380604,12.773527732798328,12.876057624816895,211500
2011-07-07,12.978585424133458,13.277631505428316,12.978585424133458,13.072571754455566,274600
2011-07-08,12.884598818827543,13.055481930184351,12.551376140555556,12.65390682220459,290900
2011-07-11,12.491572351986745,12.799162077928951,12.414674716792373,12.645367622375488,203200
2011-07-12,12.534295629108305,12.542839993424037,11.927659614893603,11.953291893005371,303200
2011-07-13,11.996008509116093,12.303598178383382,11.944743156820646,12.175436019897461,230500
2011-07-14,12.132715981126925,12.252334602648803,11.773860931396484,11.773860931396484,344000
2011-07-15,11.808035778884676,12.0130963583266,11.534622759408874,11.620064735412598,394100
2011-07-18,11.577343747410737,11.748226884583113,11.47481386510731,11.620064735412598,158700
2011-07-19,11.722595805730013,11.944743499149888,11.671330451965332,11.671330451965332,317100
2011-07-20,11.696959993911083,11.722593072233833,11.483355896897963,11.534621238708496,558500
2011-07-21,11.534623374090044,11.714050881391517,11.534623374090044,11.662785530090332,313600
2011-07-22,11.688417710689063,11.961830723624695,11.551711204221245,11.910565376281738,531900
2011-07-25,11.739681433251294,11.867844385348926,11.568798311956114,11.69696044921875,238600
2011-07-26,11.731143455139446,12.260882641581485,11.731143455139446,12.15835189819336,546600
2011-07-27,12.03872926673871,12.124170432460529,11.432093486322792,11.662785530090332,398500
2011-07-28,11.645697622880014,11.876389666647555,11.491902383811576,11.662785530090332,295600
2011-07-29,11.46627312568965,11.799495959536785,11.440640850727664,11.526082038879395,514600
2011-08-01,11.577343149099441,11.799491623360545,11.090325214783173,11.303929328918457,322700
2011-08-02,11.064694945266776,11.406462078437654,10.893811786098928,10.902356147766113,254500
2011-08-03,12.107080955373437,12.952953030898763,11.577342863180757,11.867844581604004,1760300
2011-08-04,11.705510641668548,11.927659217463004,11.192861022337572,11.201404571533203,661200
2011-08-05,11.372285649002894,11.748228605863027,10.808369991459907,10.936532974243164,678200
2011-08-08,10.714382215697546,11.107413814017729,10.02230453491211,10.02230453491211,781500
2011-08-09,10.21882268944315,10.534956737401593,9.407127072810917,10.50078010559082,797100
2011-08-10,10.082114450946586,10.526410589075534,9.800157082655993,10.133378982543945,567300
2011-08-11,10.218824353602184,10.76565136646176,10.039396803666644,10.63748836517334,363400
2011-08-12,10.757103134686973,10.757103134686973,10.295718288620389,10.560586929321289,303100
2011-08-15,10.63748589820346,10.757104508697827,10.440970482571771,10.705839157104492,480900
2011-08-16,10.603309463498654,10.808369243967983,10.466602943185768,10.663118362426758,296700
2011-08-17,10.688751417194416,10.816913575932233,10.543500536046151,10.722928047180176,230400
2011-08-18,10.381163427175382,10.48369415660686,9.825792852737399,9.911234855651855,310600
2011-08-19,9.7574398008343,10.082118278609817,9.663454247334288,9.791616439819336,163800
2011-08-22,10.056481522128951,10.056481522128951,9.552375710591818,9.859965324401855,317800
2011-08-23,9.911234617213534,10.671665002549856,9.791615978978072,10.63748836517334,335800
2011-08-24,10.63748662459066,10.722928611468967,10.466603465669216,10.65457534790039,216600
2011-08-25,10.543499907627037,10.66311769803011,10.304263511985807,10.3726167678833,222200
2011-08-26,10.27008714318444,10.680206688918043,10.124836267028346,10.594764709472656,170500
2011-08-29,10.688752185331097,10.936532974243164,10.569133564367096,10.936532974243164,209500
2011-08-30,10.85109324662834,10.945079616552537,10.577680130126007,10.910902976989746,218800
2011-08-31,10.927986293544336,10.93653065355051,10.637484572014609,10.791279792785645,293100
2011-09-01,10.765652185741962,10.936535385628979,10.167559763884341,10.26154613494873,214600
2011-09-02,10.022304470559314,10.124835160623643,9.70617048489351,9.774523735046387,177500
2011-09-06,9.484024851935525,9.663452375561391,9.372950593039969,9.637819290161133,187300
2011-09-07,9.808702648467426,10.005218899629932,9.808702648467426,9.996674537658691,237100
2011-09-08,9.936864254641096,10.235909548620635,9.65490686739763,9.757436752319336,160300
2011-09-09,9.65490682995781,9.808701249326438,9.432758339404678,9.586553573608398,261000
2011-09-12,9.415674275479802,9.945412635803223,9.40712991124021,9.945412635803223,357500
2011-09-13,9.962499583324531,10.312810334821911,9.868514030309612,10.210280418395996,262500
2011-09-14,10.278630308575012,10.842545070490763,10.227365774674531,10.60330867767334,247300
2011-09-15,10.646029716396308,10.953619365765876,10.526411112001714,10.927987098693848,327400
2011-09-16,10.987795388223395,10.987795388223395,10.688750115962097,10.825456619262695,899600
2011-09-19,10.57767636916827,10.74855950622368,10.235909280222378,10.432425498962402,220300
2011-09-20,10.449512287913173,10.5178663502615,9.842877419941011,9.859965324401855,230600
2011-09-21,9.484025210916704,10.082116707362976,9.34731786144636,9.36440658569336,482500
2011-09-22,9.065360064092907,9.355861845882881,8.954285805477022,9.142257690429688,320500
2011-09-23,9.142255464058259,9.484022518455523,9.005548968233349,9.398580551147461,191000
2011-09-26,9.48402484031078,9.560921651911736,8.98846326420584,9.39003849029541,214000
2011-09-27,9.603643800900988,9.783071345883803,9.236245162953535,9.501113891601562,555500
2011-09-28,9.526740529411493,9.620726835128906,8.92010498046875,8.92010498046875,158800
2011-09-29,9.142258464492564,9.202068187171395,8.774859840093843,9.031184196472168,194900
2011-09-30,8.87738544397612,9.116621774261047,8.680869275830213,8.697957992553711,167600
2011-10-03,8.612516646796662,8.77485620779438,8.245117359645432,8.262206077575684,395000
2011-10-04,8.168221460598978,8.834666050396624,8.108411756182198,8.80048942565918,518100
2011-10-05,8.791947527736836,9.193523591979645,8.527078000725135,9.056817054748535,223100
2011-10-06,9.065359867309548,9.244787386588774,8.937197702753744,9.184978485107422,250200
2011-10-07,9.227699695701604,9.390038495620377,9.08244880453656,9.313140869140625,318900
2011-10-10,9.492566108703613,9.518199187919581,9.330227347844115,9.492566108703613,296100
2011-10-11,9.381493343472885,9.509656315086986,9.347316714009482,9.407126426696777,171600
2011-10-12,9.501114244184501,9.61218852042296,9.330231055677379,9.552379608154297,252200
2011-10-13,9.475479961786096,10.082115763568218,9.475479961786096,10.030850410461426,221500
2011-10-14,10.16755807405876,10.218823432922363,9.996674902572147,10.218823432922363,232100
2011-10-17,10.107744776975471,10.201730276757301,9.595094670373948,9.65490436553955,227900
2011-10-18,9.6719961162684,10.030851170708448,9.492568589048377,9.996674537658691,170200
2011-10-19,9.971042066847797,10.022306607977937,9.612187019596062,9.637819290161133,157900
2011-10-20,9.629272115109213,9.714713256412262,9.287505105392365,9.595094680786133,153900
2011-10-21,9.783069249028866,9.911232219309792,9.61218610348941,9.885599136352539,172600
2011-10-24,9.953953159032954,10.42388245648341,9.953953159032954,10.406794548034668,138300
2011-10-25,10.287174002807765,10.449512769423729,10.065025530735374,10.099202156066895,223400
2011-10-26,10.252995765174868,10.577674062185592,9.936861826862163,10.517865180969238,169900
2011-10-27,10.748557521483129,11.466267379424501,10.722925259366628,10.893808364868164,431300
2011-10-28,9.962497550090175,10.962165049766067,9.962497550090175,10.902356147766113,563400
2011-10-31,10.680205142539485,10.885264885715847,10.51786638290028,10.646028518676758,172200
2011-11-01,10.176104151180178,10.475150362802308,10.065029867287254,10.278634071350098,343900
2011-11-02,10.210280791236817,10.295722798796104,10.073574231010259,10.278634071350098,336200
2011-11-03,10.398247750766233,10.492233262307622,10.124834760947659,10.415335655212402,324500
2011-11-04,10.321352061644543,10.680207084883437,10.278631070337982,10.663118362426758,137600
2011-11-07,10.63748662459066,10.731472973123834,10.466603465669216,10.65457534790039,187500
2011-11-08,10.731473547644418,11.09887215528579,10.466604026009737,10.834003448486328,138400
2011-11-09,10.534959062659306,10.70584225943021,10.193192669117499,10.22736930847168,166400
2011-11-10,10.167555437587577,10.466601521272223,10.167555437587577,10.32989501953125,138200
2011-11-11,10.432424820876571,10.825456417975317,10.364071570497227,10.791279792785645,122400
2011-11-14,10.714383856978863,10.774192756699724,10.39824982085623,10.509324073791504,110800
2011-11-15,10.466598936884445,10.979249006665775,10.423877961930197,10.919439315795898,112000
2011-11-16,10.774193755356034,11.15868190301434,10.517869410030793,10.851091384887695,258200
2011-11-17,10.799825019875515,11.047605776102927,10.218821530169132,10.295719146728516,177100
2011-11-18,10.312808973531192,10.372618694677934,10.19319116090818,10.218823432922363,118800
2011-11-21,10.03939417715346,10.03939417715346,9.74889242803668,9.928319931030273,129200
2011-11-22,9.90268839805928,10.030850560490432,9.62927535029407,9.646363258361816,106100
2011-11-23,9.543832210404442,9.620729824490638,9.355860355397638,9.458390235900879,144900
2011-11-25,9.415668050136043,9.552374528241813,9.26187285484961,9.270417213439941,70000
2011-11-28,9.663454247334288,9.834337442259468,9.41567341098394,9.791616439819336,167100
2011-11-29,9.748894088109331,9.859968353146595,9.543834282579875,9.629276275634766,68200
2011-11-30,10.039391620735445,10.312804578595545,9.757434304233497,10.287172317504883,241500
2011-12-01,10.252997303555238,10.628940179491524,10.073569818149622,10.560586929321289,250900
2011-12-02,10.688753553546904,10.799827826909734,10.423884007091653,10.526413917541504,142800
2011-12-05,11.004885312442314,11.346651608081622,10.80836908132337,11.261210441589355,322000
2011-12-06,11.261208072712172,11.628606559530699,11.15013384628589,11.57734203338623,366800
2011-12-07,11.517535062956195,12.098538595867568,11.380828541055907,12.055817604064941,689200
2011-12-08,11.893478395133611,12.38903992702792,11.893478395133611,11.970376014709473,682800
2011-12-09,11.944741578708848,12.107081160500556,11.58588741939223,11.902021408081055,419500
2011-12-12,11.65424288550637,11.953288210920366,11.449182279272708,11.551712989807129,247900
2011-12-13,11.662786090532025,11.867846690755597,11.201401165990509,11.671330451965332,418000
2011-12-14,11.602975628609494,11.696961147221574,11.415003776550293,11.415003776550293,256100
2011-12-15,11.6115218963029,11.731139700579549,11.380829019766201,11.474815368652344,236800
2011-12-16,11.577348969728135,12.18398499145811,11.577348969728135,12.15835189819336,722800
2011-12-19,12.218156160295058,12.38049493739646,11.696961571781722,11.71405029296875,175500
2011-12-20,11.996008537357524,12.43176118097173,11.919110916150885,12.423216819763184,224100
2011-12-21,12.423216064644224,12.525745948409304,12.089993331281402,12.457392692565918,226100
2011-12-22,12.474483512730696,13.09820728094962,12.39758588326037,13.064030647277832,237200
2011-12-23,13.140929422406249,13.277635969011806,12.935869602497913,13.269091606140137,138600
2011-12-27,13.20928004338334,13.337442201383213,13.029852533282439,13.303265571594238,220300
2011-12-28,13.294718027291973,13.294718027291973,12.850421158808915,12.884597778320312,281200
2011-12-29,12.901692945186538,13.2007383116985,12.833339671993217,13.081120491027832,181100
2011-12-30,13.038397231639323,13.175103754330745,12.867514078275043,12.876057624816895,142800
2012-01-03,13.200734282338043,13.269087534667381,12.91023255252083,12.987130165100098,238100
2012-01-04,12.884602359469223,13.072574241033173,12.457394056264448,12.696630477905273,232700
2012-01-05,12.653908263703329,13.089660043594106,12.542834024959392,12.987130165100098,244500
2012-01-06,12.952953538935427,13.106748764093961,12.87605592635616,12.987130165100098,139900
2012-01-09,13.046941968666891,13.397252646858677,13.004220975387,13.328899383544922,307500
2012-01-10,13.49978024432891,13.49978024432891,13.251999503277062,13.35452938079834,178600
2012-01-11,13.243457062778097,13.422884578157529,13.243457062778097,13.37161922454834,189000
2012-01-12,13.431428939564919,13.431428939564919,13.260545785592877,13.37161922454834,215500
2012-01-13,13.243458951105836,13.320356585066547,12.944412777888694,13.029854774475098,168000
2012-01-17,13.149469364779101,13.371617020915405,12.918776533808494,13.072571754455566,214100
2012-01-18,13.20073700127024,14.29439007863248,13.021309473240597,14.097874641418457,603500
2012-01-19,14.140591809333653,14.354195925061774,14.02951838620986,14.31147575378418,256400
2012-01-20,14.277301539887358,15.088998014976521,14.208948272592409,15.029189109802246,401900
2012-01-23,15.037736570603299,15.080456760339162,14.57635069903625,14.627616882324219,247200
2012-01-24,14.576350770049213,14.875396988669477,14.507997488336365,14.584895133972168,229900
2012-01-25,14.59343213429302,14.59343213429302,14.012428718063022,14.234577178955078,292200
2012-01-26,14.23457751984152,14.755772060941636,13.773193497455024,14.268754959106445,158000
2012-01-27,14.183314328649573,14.354196652085017,14.106416712719069,14.260211944580078,133100
2012-01-30,14.072241000428159,14.174771710831818,13.80737230725171,14.012432098388672,123400
2012-01-31,14.132050004406496,14.226034713306841,13.901357153189856,14.003886222839355,99800
2012-02-01,14.16622397380468,14.687418503971253,14.097870726378734,14.465270042419434,176200
2012-02-02,14.302934830918675,14.456730091950671,14.07224193937068,14.166228294372559,186100
2012-02-03,14.33711372401455,14.687424462908277,14.29439190849664,14.5592622756958,148300
2012-02-06,14.44818499427613,14.542171344493978,14.029521043705387,14.06369686126709,97800
2012-02-07,14.029519300974194,14.114961278770515,13.824459532065127,13.92698860168457,187900
2012-02-08,13.96971383596208,14.234582565471364,13.833007289784994,13.93553638458252,201300
2012-02-09,14.046609492989985,14.490904890637283,13.721930269307723,13.901358604431152,266500
2012-02-10,14.029521933275486,16.00322400530422,14.029521933275486,14.525083541870117,1214600
2012-02-13,14.798495505883633,15.071908561840873,14.388375921947775,15.003555297851562,464900
2012-02-14,14.661788209693839,15.06336341088152,14.388375168062202,15.02064323425293,304300
2012-02-15,15.063363185122476,15.20861406502115,14.918112305223802,15.046276092529297,182900
2012-02-16,15.03773441221604,15.857973671044103,14.815585872199136,15.789620399475098,361200
2012-02-17,15.875060089053004,15.92632462786127,15.516205058054528,15.567469596862793,226900
2012-02-21,15.464941791476885,15.772530679300733,15.029189101583459,15.106086730957031,203100
2012-02-22,15.046280281766034,15.285515941381892,14.65324770862887,15.114633560180664,199100
2012-02-23,15.191523111595433,15.866511172754423,14.892477066667091,15.849422454833984,298100
2012-02-24,15.849425346618917,16.36207557007813,15.704174477133309,16.23391342163086,698800
2012-02-27,16.165568938504194,16.86619058452851,15.892155772218704,16.72093963623047,454000
2012-02-28,16.703840893688117,16.951622445659215,16.30226575011811,16.4646053314209,467800
2012-02-29,16.46460757375047,16.46460757375047,15.883604049682617,15.883604049682617,342600
2012-03-01,16.080120032839517,16.21682655745919,15.815251345097689,15.969046592712402,334100
2012-03-02,15.986133124712083,16.216825988033776,15.661455547558424,15.883604049682617,446300
2012-03-05,15.823798642817838,15.823798642817838,14.960837527483397,15.24279499053955,526400
2012-03-06,15.06336358010236,15.200071732124224,14.78995053539922,14.960834503173828,435700
2012-03-07,14.977924019457326,15.097541825435059,14.807040042628808,14.866848945617676,639400
2012-03-08,14.935203539949644,15.131718990027014,14.772865540148612,15.012101173400879,498300
2012-03-09,15.020641050814703,15.550379964224522,15.020641050814703,15.44784927368164,394200
2012-03-12,15.456394371773928,15.64436541213017,15.345319315909242,15.55038070678711,163700
2012-03-13,15.712715970810143,15.943408773726565,15.60164256366696,15.849422454833984,290200
2012-03-14,15.883600892502285,16.481693020082478,15.823792005678255,16.080116271972656,400100
2012-03-15,16.09720471454766,16.413337862237416,15.909233697804293,16.35352897644043,336700
2012-03-16,16.430432453722037,16.44752117853494,16.165563737804018,16.259550094604492,229500
2012-03-19,16.157015282087325,16.729474380925573,16.139926561603776,16.532958984375,158300
2012-03-20,16.42188446404218,16.42188446404218,16.080118191626084,16.23391342163086,188400
2012-03-21,16.2766358967505,16.532961859570335,16.26809316469317,16.302268981933594,103200
2012-03-22,16.097204990970933,16.225367124118133,15.960498498324593,16.080116271972656,133500
2012-03-23,16.0544933621769,16.473157422293255,15.815256057965776,16.344993591308594,111900
2012-03-26,16.550051386103195,16.797831369548284,16.51587393753397,16.780742645263672,152500
2012-03-27,16.772193624263963,17.011430808783636,16.652575846839124,16.76365089416504,190100
2012-03-28,16.738017814858292,16.814915423108545,16.319353964201362,16.76365089416504,268200
2012-03-29,16.609858012660503,16.780740343051303,16.233914278328395,16.712387084960938,135800
2012-03-30,16.883269299955018,17.002887081831815,16.438972353455398,16.806371688842773,305500
2012-04-02,16.797830626967574,17.079788046517415,16.47315302826518,16.985801696777344,212600
2012-04-03,16.99434700589691,16.99434700589691,16.49024104137742,16.567138671875,144400
2012-04-04,16.362070443010953,16.362070443010953,15.99467120416218,16.276628494262695,279000
2012-04-05,16.003233768814006,16.88328407171214,16.003233768814006,16.797842025756836,248300
2012-04-09,16.456057670065057,16.626939947450193,16.233909242761637,16.319351196289062,243900
2012-04-10,16.438979966118463,16.98580622754868,16.242464482125833,16.344993591308594,460900
2012-04-11,16.541508741416738,16.712391112993732,16.26809564315706,16.49878692626953,263600
2012-04-12,16.524414404591468,17.054151695182806,16.498781324206703,16.994342803955078,151000
2012-04-13,16.960165619170954,16.960165619170954,16.661119557587956,16.849090576171875,149800
2012-04-16,16.85763599737182,16.977255407341104,16.6696649669487,16.83200454711914,169500
2012-04-17,16.985800518695264,17.729143643954536,16.925991620161696,17.24212646484375,445400
2012-04-18,17.08832812670534,17.148137014401613,16.789282058554,17.037063598632812,326900
2012-04-19,16.985801084278147,17.23358267750514,16.59277023530193,16.78928565979004,210000
2012-04-20,17.071244817307274,17.088333541970158,16.413343584820506,16.5073299407959,233800
2012-04-23,16.233911699442586,16.38770691313187,16.003218878908665,16.327898025512695,399400
2012-04-24,16.39625284824488,16.567135167909584,16.29372215270996,16.29372215270996,314300
2012-04-25,16.584231537974237,16.832013215827843,16.2680982044648,16.601320266723633,483700
2012-04-26,16.626943970893766,17.259213602193608,16.601312519401954,17.122507095336914,345900
2012-04-27,17.199403999969515,17.592436450469613,17.002888589554562,17.481361389160156,318700
2012-04-30,17.395921435379616,18.01964512417704,17.17377293738254,17.703510284423828,606500
2012-05-01,18.47249080539886,19.138934825726416,18.199076077166108,18.26742935180664,1050400
2012-05-02,17.942752204863712,18.250342764155988,17.72914801194867,18.241798400878906,430700
2012-05-03,18.21616248774764,18.369957743557244,17.78895416813003,17.85730743408203,473700
2012-05-04,17.618068372621124,17.951290275262043,17.395919894303816,17.737686157226562,349900
2012-05-07,17.54971611850423,17.857304957799514,17.404465244789446,17.694965362548828,202300
2012-05-08,17.31902282951127,17.857304506940174,17.31902282951127,17.746231079101562,316500
2012-05-09,17.51554667389862,18.002564052376744,17.370295733855063,17.823137283325195,265400
2012-05-10,17.83167218783326,18.130716644268386,17.65224388430212,18.011098861694336,270000
2012-05-11,17.848768747663456,18.33578612614158,17.69497344295017,17.823137283325195,324500
2012-05-14,17.59244523287614,18.02819807546319,17.49845884633648,17.900035858154297,217000
2012-05-15,17.891484840213824,18.164897903384894,17.53262978738419,17.669336318969727,202700
2012-05-16,17.81458745761988,17.81458745761988,17.361746046967617,17.48990821838379,231000
2012-05-17,17.541172421482134,17.908570170384962,17.430097356965963,17.609525680541992,409300
2012-05-18,17.44718236403746,17.618066290135104,16.233911051819913,16.41333770751953,795400
2012-05-21,16.413345287311543,16.84055367017342,16.18265399911582,16.379169464111328,572400
2012-05-22,16.302265512377968,16.41333893185793,15.875057294936543,15.986130714416504,703600
2012-05-23,15.78962221507721,15.93487313757214,15.482033272483214,15.909241676330566,564000
2012-05-24,15.909233061038636,15.917775790379215,15.541833771939523,15.558920860290527,365400
2012-05-25,15.601647590101592,16.028855897728675,15.157350559048536,15.806707382202148,214400
2012-05-29,16.071577835027547,16.24246182864308,15.832342199570448,16.208284378051758,322100
2012-05-30,15.96905287177612,16.242466028522067,15.746904274502295,15.9775972366333,340900
2012-05-31,15.969045250271376,16.174105019962493,15.729808037463311,16.054487228393555,283900
2012-06-01,15.661448879065327,15.78961098311711,15.182976263426207,15.285505294799805,352400
2012-06-04,15.413678992238783,15.798165552934112,15.123177166111311,15.50766372680664,425600
2012-06-05,15.490572357736347,15.823795942424518,15.302601291000459,15.71272087097168,267500
2012-06-06,15.815252365970386,16.037400890234597,15.618736927853346,15.772530555725098,472900
2012-06-07,16.01176267123208,16.037395749162112,15.464936712750614,15.490568161010742,137400
2012-06-08,16.225375733318288,17.216499145730268,16.225375733318288,17.088336944580078,924400
2012-06-11,17.25067316692661,17.395924067220175,16.48169848347205,16.5073299407959,298000
2012-06-12,16.558593908527776,17.13959748947093,16.558593908527776,16.65258026123047,262600
2012-06-13,16.68676814399928,16.78075292580247,16.35354433498533,16.44753074645996,164000
2012-06-14,16.490238584578293,16.67821126653191,16.13138357227711,16.558591842651367,126500
2012-06-15,16.498778776895204,16.686751411354862,16.182645649309105,16.64402961730957,324000
2012-06-18,16.48169618947559,17.088331163539518,16.438974383764588,16.900360107421875,126400
2012-06-19,16.925991127197598,17.395921199948127,16.866182230405943,17.267757415771484,241400
2012-06-20,17.207944756026283,17.464270638657204,17.113960065764484,17.42154884338379,190200
2012-06-21,17.361738901869966,17.447180857541206,16.84054443897818,16.908899307250977,196900
2012-06-22,16.951626785406695,17.498452930203538,16.849096068422057,17.370290756225586,526300
2012-06-25,17.16522697523559,17.16522697523559,16.524414624133225,16.532958984375,196600
2012-06-26,16.53295297600597,16.81491024283592,15.68708117551611,16.4047908782959,211400
2012-06-27,16.396256090327793,16.66112479746698,16.396256090327793,16.592771530151367,375500
2012-06-28,16.379170533995772,16.601319103155134,16.199742154044817,16.5500545501709,209100
2012-06-29,16.94308011638509,17.096875356087594,16.720931617889274,16.960168838500977,313200
2012-07-02,17.07978376708159,17.498447610625476,16.6782086427852,17.037063598632812,420100
2012-07-03,17.105421146327473,17.652247262362035,16.943081532003323,17.63515853881836,117600
2012-07-05,17.669335805838113,17.857306873891794,17.46427601441491,17.84876251220703,224400
2012-07-06,17.669334572305562,17.669334572305562,16.934535815417462,17.14813995361328,484300
2012-07-09,17.00288313133078,17.122502515084904,16.763647623161877,17.01997184753418,415900
2012-07-10,16.994346809809983,17.173775155457516,16.532962661818583,16.780742645263672,453100
2012-07-11,16.840546714951877,17.1054169762965,16.592766802654943,16.82345962524414,541200
2012-07-12,16.64403051885038,16.7294724818992,16.165557807314837,16.41333770751953,233300
2012-07-13,16.51587756596012,16.66112849494907,16.208286979943328,16.31081771850586,539900
2012-07-16,16.242451116637326,16.404790640541023,15.618727721730318,15.695625305175781,371900
2012-07-17,15.781074134300216,15.875060482503333,15.499116719361208,15.71272087097168,249100
2012-07-18,15.669993215090361,16.319349721685867,15.652904499995056,16.02030372619629,152400
2012-07-19,16.148469305554524,16.780737233131777,16.139924946167948,16.66111946105957,543000
2012-07-20,16.60986060551423,16.652580787363135,16.157019181431654,16.473154067993164,326300
2012-07-23,16.1484714461093,16.39625301215481,15.652909943688428,16.23391342163086,348600
2012-07-24,16.020303601974444,16.148465704856328,15.037725306987257,15.0975341796875,979400
2012-07-25,15.225699377006023,15.66999627831937,15.02918400400316,15.268421173095703,311700
2012-07-26,15.499120290303411,15.678548666424446,15.242795901182758,15.396591186523438,234100
2012-07-27,15.430763777693068,16.16556259604477,15.405132321954536,15.823796272277832,467700
2012-07-30,15.772525800498205,15.832336316809455,15.140257866522983,15.294053077697754,550200
2012-07-31,14.584890089829955,17.6009810653535,14.584890089829955,16.558591842651367,1731200
2012-08-01,16.644032948530175,16.712386203013395,16.1484714461093,16.23391342163086,535300
2012-08-02,16.233917007385138,16.746567344078766,16.08866610581645,16.259550094604492,510300
2012-08-03,16.43897298975836,17.242124942646015,16.268090670415745,17.15668296813965,448700
2012-08-06,17.113961586401057,17.481359280377884,16.08866122411549,16.951622009277344,565300
2012-08-07,16.977263009312303,17.75478218875012,16.857643545780576,17.515544891357422,728700
2012-08-08,17.370289458468626,17.720600135015744,17.079787683331453,17.566804885864258,235700
2012-08-09,17.481364780171585,18.164899113297974,17.438644597332033,18.062368392944336,470600
2012-08-10,17.712055753267034,18.156352777049843,17.694967030120697,18.02819061279297,218600
2012-08-13,18.0452779784442,18.0452779784442,17.5497164521724,17.729143142700195,197000
2012-08-14,17.78040296516006,18.122169163425387,17.506990006547802,17.95983123779297,439300
2012-08-15,17.83167969415788,18.011106443549444,17.73769332275997,17.976930618286133,227700
2012-08-16,18.028184030504512,18.737349485450117,17.91710900027836,18.660451889038086,384500
2012-08-17,18.566472824861613,18.797165704170048,18.293059766275494,18.78007698059082,316600
2012-08-20,18.711721420288086,18.8398835720679,18.481028569282312,18.711721420288086,302200
2012-08-21,18.72881317138672,19.044948051274467,18.566473550381097,18.72881317138672,277800
2012-08-22,18.634821308764728,18.91677865680461,18.28451071361427,18.82279396057129,518900
2012-08-23,18.720265789271203,19.138929687760346,18.523750381144293,18.865516662597656,583900
2012-08-24,18.76298899436952,19.30981676270167,18.720268813412986,19.224374771118164,677100
2012-08-27,19.30981164305005,19.711386778450464,18.985132487049707,19.26708984375,1154300
2012-08-28,19.19019825847957,19.4038024330201,18.882609355317157,18.95950698852539,797800
2012-08-29,19.010772205117394,19.010772205117394,18.626284025505218,18.694637298583984,295900
2012-08-30,18.643370821751247,18.643370821751247,18.28451576780873,18.352869033813477,151500
2012-08-31,18.5493848595098,18.5493848595098,18.16489834128313,18.421222686767578,394300
2012-09-04,17.626610415222796,17.874391964714068,16.925989196160614,17.233579635620117,967500
2012-09-05,17.21649779698209,17.378837441545663,17.165233246472262,17.28485107421875,424600
2012-09-06,17.404465202414958,18.01964450917794,17.404465202414958,17.968379974365234,320700
2012-09-07,17.89148092050307,18.079451952834415,17.660788087866845,18.070907592773438,259800
2012-09-10,18.002557936289737,18.13926446521966,17.71205615489605,17.78895378112793,148000
2012-09-11,17.86585296773943,18.07091277904397,17.788955334791414,17.908573150634766,184700
2012-09-12,18.011108417046476,18.09655043407285,17.74623963096855,17.823137283325195,155200
2012-09-13,17.925660700034033,17.994013965986035,17.703512178272426,17.85730743408203,209400
2012-09-14,17.9940173474136,18.361416832073555,17.84876642626131,18.096548080444336,318200
2012-09-17,18.096544870954013,18.096544870954013,17.489908203258782,17.64370346069336,253300
2012-09-18,17.549715723753188,17.78895130119386,17.481360839147115,17.626611709594727,237600
2012-09-19,17.72914336754011,17.754776450656394,17.430097249864424,17.703510284423828,174000
2012-09-20,17.60952044100476,17.823124515719833,17.489901050988884,17.71204948425293,173000
2012-09-21,17.959835253368745,17.976923974520265,17.609524618113355,17.626611709594727,559900
2012-09-24,17.541175537887167,17.746235351498132,17.344658457214944,17.35320281982422,240100
2012-09-25,17.54117416072324,17.660791968520762,16.81491969265883,16.86618423461914,217400
2012-09-26,16.87473222529873,17.019983150146356,16.105757411852178,16.5500545501709,396800
2012-09-27,16.686753614227463,17.190859442821868,16.53295839470103,17.079784393310547,169400
2012-09-28,16.968711675321565,17.062696379176163,16.77219464798175,16.874725341796875,211800
2012-10-01,16.891817918347108,17.14814226689207,16.45606522208431,16.567138671875,216700
2012-10-02,16.66111996725137,16.7123844954584,16.22536740331671,16.36207389831543,228700
2012-10-03,16.430423110466215,16.447511825561524,15.883597264772979,16.02030372619629,310300
2012-10-04,16.054493882991252,16.054493882991252,15.558930530405332,15.65291690826416,433700
2012-10-05,15.678545960085197,15.84088558099721,15.593103968569903,15.601648330688477,360000
2012-10-08,15.524748001934784,15.644365791455453,15.294055153856217,15.31114387512207,227500
2012-10-09,15.405128121177283,15.678541105634682,15.003551374294283,15.294053077697754,492300
2012-10-10,15.285509292662027,15.482026308587187,15.0291850175179,15.379495620727539,276600
2012-10-11,15.516205442610929,15.798162857549936,15.413676362453298,15.71272087097168,313600
2012-10-12,15.678536591150241,15.815243044015627,15.499108353221006,15.695625305175781,316900
2012-10-15,15.652913629006319,15.832341982813169,15.558927270837469,15.815253257751465,307400
2012-10-16,15.875063836050359,16.122845486503206,15.763990370804018,16.105756759643555,258900
2012-10-17,16.03739638011096,16.550046551191148,15.840880997259044,16.36207389831543,252000
2012-10-18,16.268089109106924,16.344985086145535,16.00321885059076,16.174102783203125,229900
2012-10-19,16.071574473403018,16.071574473403018,15.576012951177162,15.687088012695312,240700
2012-10-22,15.635819231050645,15.875056406104344,15.576010344704702,15.738349914550781,129700
2012-10-23,15.516201039446658,16.174102030829633,15.499112321046347,16.071571350097656,182200
2012-10-24,16.191191992214783,16.191191992214783,15.695630528251126,15.721261978149414,167500
2012-10-25,15.849428288692852,15.943414642179938,15.524750677046326,15.832341194152832,220100
2012-10-26,15.88361553695505,16.481708215967625,15.772540390726585,16.44753074645996,337500
2012-10-31,16.413347509822035,16.729482473002346,16.2680982044648,16.601320266723633,417800
2012-11-01,16.626942855029913,17.0541510677039,15.669997371255386,16.951622009277344,286800
2012-11-02,14.670331299365852,16.567135333527787,14.670331299365852,16.23391342163086,633300
2012-11-05,16.11429843776772,16.738022197170647,15.37949960195744,16.618404388427734,194900
2012-11-06,16.618398103281308,16.857633630287275,16.532956145206402,16.609853744506836,213200
2012-11-07,16.404801560343138,16.4987862907053,15.969048840651308,16.268095016479492,206300
2012-11-08,16.11429563370276,16.438973185080517,16.04594237921954,16.23391342163086,173400
2012-11-09,16.148472298297886,16.797829064991447,16.131383576357738,16.712387084960938,346400
2012-11-12,16.541502942055374,16.644032003121314,16.37061900071875,16.4646053314209,270100
2012-11-13,16.319362082525302,16.51587756596012,15.875064931539002,16.31081771850586,273500
2012-11-14,16.396254544664743,16.42188599894781,15.934868811526036,16.01176643371582,210400
2012-11-15,15.763983777429907,16.020308054432828,14.986464956895034,15.721261978149414,241100
2012-11-16,15.678544163182249,16.199737155318267,15.379498041987333,16.131383895874023,255500
2012-11-19,16.27663629822916,16.90036168237295,16.105753948471328,16.86618423461914,555300
2012-11-20,16.772197112952504,16.772197112952504,16.447519522549335,16.575681686401367,194500
2012-11-21,16.652591036534258,16.917459912291378,16.42189800135638,16.797842025756836,141800
2012-11-23,16.908898451551426,17.14813395972033,16.695294388017953,17.01997184753418,108900
2012-11-26,16.98580337597813,17.35320281982422,16.857641196180094,17.35320281982422,156000
2012-11-27,17.26775791868942,17.472819327476312,17.131051399278327,17.24212646484375,152000
2012-11-28,17.173772651871143,17.472818764575234,16.994344332380606,17.38737678527832,137600
2012-11-29,17.506998902151675,18.147811460633086,17.41301253874647,18.0452823638916,410000
2012-11-30,18.028191786240235,18.190531407356403,17.80604325988928,18.079456329345703,295200
2012-12-03,18.233244354967358,18.378495194201992,17.994007199266257,18.301597595214844,232500
2012-12-04,18.284517058796354,18.455401050708776,18.036737063160924,18.310150146484375,243400
2012-12-05,18.378500997251276,18.429765536206325,17.976925787707824,18.335779190063477,175400
2012-12-06,18.190523462032683,18.327229937049736,17.857300003217595,17.95128631591797,349500
2012-12-07,18.01964552352655,18.02818988475467,17.464275081060915,17.9256591796875,192100
2012-12-10,17.942745610270585,18.14780536454184,17.788950387149626,18.011098861694336,155600
2012-12-11,18.216160833625057,18.814253078647972,18.181985018587604,18.788619995117188,356900
2012-12-12,18.90823660233844,19.062031834504136,18.59210340703798,18.737354278564453,345600
2012-12-13,18.720262389428118,18.85696887718179,18.284509848587092,18.378496170043945,215100
2012-12-14,18.301604138443704,18.711723726555462,18.22470651196395,18.62628173828125,145300
2012-12-17,18.694634434574066,18.85697404439225,18.523752092891538,18.77153205871582,146900
2012-12-18,18.72880960532462,19.121840410147897,18.583558736222514,19.010766983032227,265500
2012-12-19,18.974982696131878,19.377564358489106,18.787112391272256,19.234424591064453,235200
2012-12-20,19.305992126464844,19.377562001471667,18.99287328342484,19.305992126464844,333300
2012-12-21,19.001827627875752,19.64595677062436,18.509784746015708,19.404409408569336,559500
2012-12-24,19.484923520713636,19.493869971072183,19.171804583608193,19.4401912689209,85600
2012-12-26,19.475970343692417,19.645947722714787,18.930249004830223,19.279151916503906,141000
2012-12-27,19.511760176985263,19.583330069867063,18.876577590954373,19.44913673400879,336500
2012-12-28,19.29704567879394,19.65489505382805,19.153905928780294,19.305992126464844,173200
2012-12-31,19.35966928405055,19.976960528132732,19.0823362291454,19.93222999572754,475000
2013-01-02,20.38849226083913,20.5763625783711,20.200620236946417,20.42427635192871,637500
2013-01-03,20.52268692712909,20.737396606753038,20.290084347612932,20.531633377075195,321200
2013-01-04,20.6389844920984,20.6389844920984,20.155888206750404,20.200618743896484,181100
2013-01-07,20.012748737935343,20.120102711227045,19.7175227518422,19.842769622802734,259000
2013-01-08,19.878550072582364,20.066422050989786,19.57437769334012,19.95906639099121,364000
2013-01-09,20.00380080502625,20.567413388895073,19.94117737419199,20.54952049255371,321200
2013-01-10,20.567415237426758,20.603201033325792,20.12904947582757,20.567415237426758,369700
2013-01-11,20.51373856063913,20.51373856063913,20.093263984260304,20.209566116333008,203100
2013-01-14,20.066426246855585,20.29902880352247,19.887500678231614,20.07537269592285,238500
2013-01-15,20.021682929770638,20.477941341731757,19.994845303770404,20.343748092651367,306100
2013-01-16,20.245350808384146,20.782125826435337,20.245350808384146,20.57636260986328,292400
2013-01-17,20.728441960975186,21.15786115043476,20.71949551456642,21.095237731933594,583200
2013-01-18,21.005783406994922,21.07735330063664,20.791073726069758,20.969999313354492,487500
2013-01-22,21.00577680530779,21.05945548843961,20.39743204736308,20.943153381347656,432800
2013-01-23,20.987889167497247,20.987889167497247,20.70160961120141,20.862642288208008,303700
2013-01-24,20.77317950027537,21.113137753147242,20.63003972212745,20.862642288208008,240600
2013-01-25,21.00577680530779,21.00577680530779,20.728443767901346,20.943153381347656,170800
2013-01-28,20.90736961364746,21.068400546385757,20.808960399451543,20.90736961364746,251200
2013-01-29,20.844750824326788,20.844750824326788,20.621094692278813,20.782127380371094,247300
2013-01-30,20.74633505733638,20.871581895567516,20.621086512745052,20.737388610839844,299400
2013-01-31,20.79107239913405,21.086298404859225,20.728448959489427,20.862642288208008,313500
2013-02-01,20.93420846455192,21.23838086576076,20.86263858817104,21.166810989379883,293200
2013-02-04,20.826857780250727,21.148921421460916,20.764232635498047,20.764232635498047,209100
2013-02-05,20.808964157684,21.06840435147478,20.647931489501815,20.755287170410156,397500
2013-02-06,20.612152818479647,20.80002317650442,20.272194494871332,20.773183822631836,488700
2013-02-07,21.202592962459374,22.446119980520425,21.03261389678048,21.998807907104492,1677900
2013-02-08,21.998810434900964,22.544531773210334,21.739368583455413,22.213520050048828,438800
2013-02-11,22.0077568821605,22.222466497308368,21.91829411592547,22.213520050048828,247000
2013-02-12,22.17773981670325,22.52664278858167,22.0256535996146,22.365610122680664,382900
2013-02-13,22.285091947658227,22.48190868617924,22.17773798350513,22.347715377807617,259900
2013-02-14,22.33876789247884,22.544532775878906,22.20457459033822,22.544532775878906,137800
2013-02-15,22.50875473022461,22.75030378100793,22.28509858091287,22.50875473022461,300800
2013-02-19,22.41928910327296,22.902387143945017,22.41928910327296,22.821870803833008,387700
2013-02-20,22.812920319940574,22.956060075635282,22.383501052856445,22.383501052856445,231000
2013-02-21,22.29403860987707,22.29403860987707,21.712533130440715,22.00775909423828,229300
2013-02-22,22.07038880264263,22.41034539757008,21.980926001968776,22.222475051879883,285000
2013-02-25,22.356660981061744,22.356660981061744,21.694639205932617,21.694639205932617,230400
2013-02-26,21.801991179347656,22.088270632925674,21.69463553107583,21.828828811645508,174300
2013-02-27,21.83777615149183,22.320874028943763,21.83777615149183,22.02564811706543,238400
2013-02-28,21.998807907104492,22.204571051349387,21.873561072583275,21.998807907104492,201500
2013-03-01,21.766210113032862,22.150898852057676,21.38152137400805,22.00775909423828,233600
2013-03-04,22.007759865529597,22.133006731420885,21.632017561495168,21.730426788330078,202200
2013-03-05,21.8556720855117,22.052488818694254,21.721478780779936,21.96302604675293,228900
2013-03-06,21.989864899971785,22.186681628766245,21.91829502528649,22.052488327026367,233600
2013-03-07,22.016709270583274,22.19563314497523,21.766213798801576,21.87356948852539,238900
2013-03-08,22.177738196534005,22.2493080754437,21.85567288826011,22.00775909423828,218400
2013-03-11,21.97197170733224,21.97197170733224,21.69463865997532,21.80199432373047,213700
2013-03-12,21.77515639808363,21.819886932181944,21.605177297061147,21.721479415893555,243500
2013-03-13,21.739369970079842,21.99881183807364,21.63201600883861,21.96302604675293,168100
2013-03-14,21.971969604492188,22.222464991706804,21.909346184278586,21.971969604492188,192200
2013-03-15,21.936184231043587,21.9809147553134,21.47097927065301,21.54254913330078,411100
2013-03-18,21.274171829223633,21.623074848109272,21.02367634781087,21.274171829223633,350700
2013-03-19,21.23837616283931,21.59622546550331,21.086289995912097,21.13996696472168,378900
2013-03-20,21.327843862436787,21.86461879412653,21.23838108942842,21.775156021118164,206400
2013-03-21,21.506774058524012,21.605181594385908,21.095245896251463,21.157869338989258,218500
2013-03-22,21.19365466316058,21.32784799549783,20.97894499014882,21.07735252380371,182800
2013-03-25,21.184709468829166,21.48888195021033,20.898429887849456,21.05051612854004,279600
2013-03-26,21.20260205611826,21.810945303535895,21.18470915598104,21.71253776550293,222300
2013-03-27,21.578344081778603,21.73937506135325,21.426257845768507,21.596235275268555,210300
2013-03-28,21.64096168127794,21.84672485491822,21.42625206012803,21.80199432373047,339900
2013-04-01,21.712539581667883,21.89146347892372,20.987892422744547,21.122087478637695,283900
2013-04-02,21.29206605297406,21.327851858137507,20.71056036995691,20.773183822631836,265500
2013-04-03,20.791071657614467,20.791071657614467,20.182726769002226,20.209566116333008,157100
2013-04-04,20.200608399450985,20.37058742501134,19.95905952729044,20.343748092651367,231200
2013-04-05,19.941183685317835,20.146946939283367,19.6817417253396,20.13800048828125,298800
2013-04-08,20.236406566296495,20.52268612798077,19.932234105416754,20.486900329589844,243600
2013-04-09,20.46005702925611,20.701604276155702,20.066421887613338,20.46900177001953,229300
2013-04-10,20.51373970571089,20.925266149590065,20.424276915975177,20.638986587524414,348800
2013-04-11,20.558463976611215,20.808959370192408,20.361647264314737,20.4063777923584,312200
2013-04-12,20.24535309003622,20.25429954042076,19.914342957612973,20.04853630065918,229800
2013-04-15,19.85171840744936,19.95907239337265,19.32388980863746,19.619115829467773,384200
2013-04-16,19.824877864724435,20.316920634376817,19.61911464878695,20.27219009399414,256000
2013-04-17,20.111160575867853,20.111160575867853,19.198643075366906,19.467031478881836,378400
2013-04-18,19.56544117849904,19.69068807918861,18.84974045911039,18.9392032623291,372800
2013-04-19,18.974984496906533,19.01077029533917,18.465048813766927,18.778167724609375,349500
2013-04-22,18.7871137585302,19.037609222933806,18.4918877534363,19.00182342529297,206600
2013-04-23,19.216529532721413,20.012746319145233,19.037605696740208,19.93222999572754,396300
2013-04-24,19.905391735317718,20.22745704650879,19.860661200479193,20.22745704650879,839000
2013-04-25,20.22745302623916,20.64792577177682,20.22745302623916,20.585302352905273,296600
2013-04-26,20.451116264804128,20.844749809464002,20.44216981519448,20.638986587524414,289100
2013-04-29,20.782117680982637,20.907366216799147,20.343752071525035,20.835796356201172,447900
2013-04-30,21.64991041165882,21.918297039806095,21.345737989699604,21.578340530395508,592600
2013-05-01,21.551502458205455,21.676749331225146,20.889480590820312,20.889480590820312,343400
2013-05-02,20.728451418453787,21.497829097038775,20.728451418453787,21.381526947021484,266200
2013-05-03,21.632016758364262,21.882510480846765,21.5783397758838,21.685693740844727,350500
2013-05-06,21.74832528247135,21.91830444780689,21.658862474065216,21.766218185424805,123700
2013-05-07,21.68569471021561,21.855673819755896,21.479931512875602,21.84672737121582,236600
2013-05-08,21.560446132557644,22.007758285903815,21.560446132557644,21.96302604675293,237900
2013-05-09,21.998811603473087,21.998811603473087,21.649908673619198,21.694639205932617,284500
2013-05-10,21.66780905071218,21.918304574424187,21.66780905071218,21.882518768310547,181200
2013-05-13,21.89145692898693,21.918296273407414,21.569393327743636,21.685693740844727,71700
2013-05-14,21.658858109077766,22.007762820909555,21.658858109077766,21.87356948852539,136000
2013-05-15,21.73936605581234,21.963022092215184,21.73936605581234,21.828828811645508,281400
2013-05-16,21.712541182925584,21.98987435325957,21.64991772894963,21.766218185424805,191800
2013-05-17,21.7751637784114,21.802003131783437,21.354690813749286,21.587291717529297,412500
2013-05-20,21.462033936148263,22.05248576016473,21.462033936148263,21.667797088623047,224900
2013-05-21,21.73936605581234,21.980914984653847,21.54254935806749,21.828828811645508,152300
2013-05-22,21.801999580394774,22.02565570297988,21.336794435891164,21.399417877197266,165300
2013-05-23,21.21155099166522,21.53361643233846,21.02368062217997,21.4888858795166,166100
2013-05-24,21.408356719207145,21.596226976364022,21.256270541640063,21.56938934326172,90900
2013-05-28,21.954090380537824,22.07039083768484,21.632024950959696,21.882518768310547,184900
2013-05-29,21.766213798801576,21.90935358085946,21.623074016743693,21.87356948852539,143300
2013-05-30,21.91830008232606,22.231418996202876,21.83778374143314,22.17774200439453,226700
2013-05-31,22.00776013737445,22.168792799144114,21.96302789446033,21.980920791625977,195900
2013-06-03,22.034601494284423,22.186687733130174,21.64991437848482,22.16879653930664,309800
2013-06-04,22.329822481661935,22.812920439432364,22.26719905151255,22.347715377807617,577300
2013-06-05,22.446120550692743,22.517690416002893,22.04353899184804,22.061431884765625,757900
2013-06-06,22.016705930703722,22.285092554758467,21.408361096061718,21.784103393554688,237600
2013-06-07,22.007762433033598,22.05249297425303,21.453094507564447,21.92724609375,759400
2013-06-10,22.088275093441045,22.401393948908403,22.043542853311145,22.383501052856445,374600
2013-06-11,22.11511747069463,22.347720050138193,21.8646236977253,21.900407791137695,279500
2013-06-12,22.061436037576502,22.168791708930286,21.50676990360339,21.515714645385742,172700
2013-06-13,21.533606365392153,22.133004707337246,21.390466615646496,22.034595489501953,256400
2013-06-14,21.963025812534003,22.070381478990818,21.533606559427614,21.694639205932617,371300
2013-06-17,21.989867328518656,22.37455608732205,21.74831833489412,22.285093307495117,252000
2013-06-18,22.258259148332826,22.437184749680533,22.07038880264263,22.222475051879883,572600
2013-06-19,22.168788409668963,22.49979840988972,22.088272094726562,22.088272094726562,188400
2013-06-20,21.739370232007776,21.90934933010825,21.435197827558707,21.60517692565918,172600
2013-06-21,21.676746802802462,21.81094010915106,21.426253085981205,21.60517692565918,302500
2013-06-24,21.390465755333963,21.46203562732829,20.996830606184986,21.21154022216797,285000
2013-06-25,21.381526351731623,21.47098914778625,21.077353868962447,21.336795806884766,413800
2013-06-26,21.51572128896284,21.703593345252553,21.211548783625997,21.524667739868164,262700
2013-06-27,21.712532101402157,21.83777895696808,21.39046680839215,21.694639205932617,187400
2013-06-28,21.66779684190381,21.918292224473173,21.50676592420943,21.56938934326172,698100
2013-07-01,21.64991235309473,21.676749994499758,21.301007657582883,21.408363342285156,312200
2013-07-02,21.417307128535324,21.846726401229443,21.220488682113473,21.515714645385742,195600
2013-07-03,21.45309270016282,22.007760578901756,21.301006483924777,21.909351348876953,86900
2013-07-05,22.141958701909516,22.24931440399034,21.927249004108862,22.222475051879883,143400
2013-07-08,22.240363475323484,22.311933360180202,21.51571647149348,21.703588485717773,239900
2013-07-09,21.801995104891084,22.320877134518227,21.793048657060908,21.96302604675293,304300
2013-07-10,21.94513093607542,22.115108295394172,21.676742668209773,21.998807907104492,344200
2013-07-11,22.22246905122217,22.58926489921544,22.150899171281058,22.580318450927734,260500
2013-07-12,22.401386575810626,22.651880212649708,22.27613805103116,22.481901168823242,268900
2013-07-15,22.544535787480342,23.081309067747448,22.48191064551258,22.99184799194336,284600
2013-07-16,22.991850987430464,23.269184112548828,22.893441743591975,23.269184112548828,247900
2013-07-17,23.35863944306767,23.600186690936955,23.26023023067183,23.555456161499023,302900
2013-07-18,23.555464762825586,23.6180882094499,23.304969269967383,23.394432067871094,371000
2013-07-19,23.260231075511186,23.349693843996768,23.027628559992827,23.242338180541992,273600
2013-07-22,23.215507728972415,23.546517856538568,23.161829027452843,23.466001510620117,255900
2013-07-23,23.609135598416827,23.975931438384887,23.367588325375774,23.61808204650879,220600
2013-07-24,23.77911651761332,23.84173995268481,23.349697214528263,23.483890533447266,345600
2013-07-25,23.385485491029403,23.707550879197395,23.179722251415825,23.430217742919922,250000
2013-07-26,23.161828418692213,23.322861106296703,23.07236733123271,23.269184112548828,283300
2013-07-29,23.17077584985236,23.430217792281137,23.15288294905846,23.260238647460938,359600
2013-07-30,23.32285493794796,23.43915705106351,23.179715188236823,23.340747833251953,152200
2013-07-31,23.304964430752854,23.64492265092334,23.242340997132132,23.421266555786133,241600
2013-08-01,23.53756278441886,23.671756076340646,23.278122647551452,23.64491844177246,271400
2013-08-02,23.448100319342956,23.51072544897282,23.072359779725605,23.43915557861328,235000
2013-08-05,23.28708042957257,23.644929951001576,23.25129462424911,23.627037048339844,156500
2013-08-06,23.439159616450148,23.627029918623023,23.358643285130174,23.537567138671875,510200
2013-08-07,24.15486347969764,25.7651870291331,24.011723684474973,25.67572593688965,1492400
2013-08-08,25.299976569896618,25.98883600452719,25.291030121867585,25.73834228515625,529800
2013-08-09,25.32682123196516,25.416284030707313,24.521659456007693,25.353660583496094,493700
2013-08-12,25.121053567746678,25.94410809985869,25.121053567746678,25.917268753051758,216000
2013-08-13,25.9441099417833,26.284066493669993,25.702560922453905,26.25722885131836,339900
2013-08-14,25.890431112605484,26.167764204167817,25.73834489342085,25.917268753051758,266700
2013-08-15,25.684668448084928,26.3914226186198,25.425228231684084,25.71150779724121,491400
2013-08-16,25.595205123171862,26.328796872288095,25.496795891240435,25.917268753051758,287700
2013-08-19,26.024625746204283,26.12303498309797,25.514690075683795,25.550474166870117,158100
2013-08-20,25.648883024047244,26.140925788509794,25.568366687119088,25.92621612548828,170400
2013-08-21,25.908322103917747,25.908322103917747,25.550472681060445,25.648881912231445,197500
2013-08-22,25.568369336393733,25.917272361660302,25.487852991122846,25.818864822387695,108300
2013-08-23,25.809915697903563,26.015678911670758,25.702560013212445,25.92621612548828,192100
2013-08-26,26.069357733362725,26.069357733362725,25.68466892018915,25.792024612426758,150500
2013-08-27,25.434165056335893,25.720444513556107,25.23734664972687,25.595197677612305,331700
2013-08-28,25.523641261888617,26.114093380108617,25.496801908747322,25.863597869873047,195200
2013-08-29,25.944106992611214,27.17868788490923,25.944106992611214,27.062387466430664,838200
2013-08-30,27.29499476209243,27.47391864523971,26.901359488991,27.393404006958008,464800
2013-09-03,27.64389781034565,27.894393294617867,26.57929413513984,27.071338653564453,289400
2013-09-04,27.07133838783448,27.778090876753733,27.07133838783448,27.56338119506836,269500
2013-09-05,27.572327499246327,27.72441373626406,27.22342448164835,27.447080612182617,279500
2013-09-06,27.563380487468944,27.563380487468944,26.910305009146388,27.232370376586914,274100
2013-09-09,27.411290578635207,27.500753358303772,27.008710629667565,27.34866714477539,443100
2013-09-10,27.617060445959638,27.81387723150565,27.438134854473514,27.778091430664062,267000
2013-09-11,27.563379379212193,28.126993749571547,27.18763703442621,27.697572708129883,222800
2013-09-12,27.706520836294715,28.046479110268876,27.420241262228593,27.447080612182617,112100
2013-09-13,26.12303201399474,27.169742584228516,26.078299772145105,27.169742584228516,406500
2013-09-16,27.393395753595772,27.688621692882936,27.00870704650879,27.00870704650879,191600
2013-09-17,26.901358766297875,27.491810806907342,26.785058330694547,27.330778121948242,179500
2013-09-18,27.384456309766176,27.626003626333052,27.187637828998078,27.42024040222168,158900
2013-09-19,27.44708028672929,27.697574057886488,27.303940501393505,27.482864379882812,93000
2013-09-20,26.838728993871754,27.77808382611309,26.838728993871754,27.321826934814453,384300
2013-09-23,27.357612880915337,27.59021541945179,27.017656374660856,27.169742584228516,158400
2013-09-24,27.1786837493278,27.545481258779425,27.062383348545815,27.268146514892578,198700
2013-09-25,27.28603915613538,27.29498560324489,26.919243356446973,26.999759674072266,221700
2013-09-26,27.125016038602087,27.303941630853707,26.883467000970676,27.017662048339844,218100
2013-09-27,26.865576371486945,27.01766261618905,26.695597225911428,26.758220672607422,203800
2013-09-30,26.740328645449615,27.0892333984375,26.418264951009803,27.0892333984375,340600
2013-10-01,27.10711776294063,27.733355505281537,27.035547881504,27.572322845458984,367300
2013-10-02,27.429183082585734,27.787032489768865,27.250257525813883,27.572322845458984,171400
2013-10-03,27.554434272550704,27.706520507765077,27.40234803733633,27.482864379882812,293000
2013-10-04,27.41129118547673,28.028582501858995,27.41129118547673,27.88544273376465,174900
2013-10-07,27.6796817779541,27.957014887860662,27.64389597984447,27.6796817779541,257600
2013-10-08,27.760192695185644,28.037525750923177,26.64191231809509,26.96397590637207,398600
2013-10-09,27.044490176683702,27.044490176683702,25.69360737896058,26.659801483154297,545500
2013-10-10,26.92819708534445,27.482863305241715,26.695594516678874,27.357616424560547,240300
2013-10-11,27.259195928276277,27.527584184214724,27.187626067964704,27.491798400878906,367900
2013-10-14,27.27709796462049,28.02858260300807,27.27709796462049,28.019636154174805,258700
2013-10-15,28.019638328191746,28.109101117105055,27.572326089985975,27.6796817779541,177800
2013-10-16,27.804927000707224,27.974906118871182,27.277098454588096,27.930173873901367,269900
2013-10-17,27.795977185323682,28.180665913670833,27.38445081960564,28.028579711914062,250600
2013-10-18,27.787031879951115,27.804924776507736,27.277096272611193,27.527591705322266,440500
2013-10-21,27.48285681503523,27.73335222360266,26.937137173541,27.00870704650879,508200
2013-10-22,26.981874546670326,26.981874546670326,25.86359393148551,25.89937973022461,702100
2013-10-23,25.666778158034333,25.792025045781898,24.94213106256691,25.09421730041504,639900
2013-10-24,25.094214171463722,25.129999967135742,24.37851532162986,24.682687759399414,799200
2013-10-25,28.404332070628012,29.433151762684496,27.73336359651869,28.88743019104004,2625700
2013-10-28,28.771115750419376,29.05739523747066,28.305910730780873,28.520620346069336,518900
2013-10-29,28.520624416204907,28.96793831150846,28.484840328396974,28.941097259521484,318800
2013-10-30,28.914258532159252,28.914258532159252,27.643891895113022,28.037527084350586,724200
2013-10-31,27.9927957922549,28.699549824118073,27.9927957922549,28.484838485717773,403400
2013-11-01,28.484841235483053,28.619034555167147,27.8496570196494,28.18961524963379,431900
2013-11-04,28.12699251130702,28.42221850447319,28.091206715112,28.368539810180664,349700
2013-11-05,28.118046321673337,28.511681551646774,27.974906548294033,28.350648880004883,173400
2013-11-06,28.38643537562822,28.654822046867256,28.109102254499767,28.583253860473633,168300
2013-11-07,28.62798059136732,28.690604025893236,27.91228175912738,27.921226501464844,274600
2013-11-08,27.778085944209227,28.583249240507925,27.590215645979907,28.538516998291016,263300
2013-11-11,28.422222328864308,29.343684522185768,28.171726840875465,28.994781494140625,492200
2013-11-12,28.797963001306208,29.191599986975042,28.797963001306208,28.994781494140625,206100
2013-11-13,28.74427882847112,29.978857867254117,28.74427882847112,29.73731231689453,471800
2013-11-14,29.621010684205377,29.925183078249027,28.914256678527362,29.13791275024414,447000
2013-11-15,29.093182218444948,29.218429072571013,28.726386397338267,29.13791275024414,430700
2013-11-18,29.155811309814453,29.51366245917191,28.941099937655682,29.155811309814453,320200
2013-11-19,29.137913327273182,29.343676507800925,28.198558490004483,28.404321670532227,324800
2013-11-20,28.56535994892086,28.842694766587062,28.20751049782342,28.440113067626953,208000
2013-11-21,28.5116785970591,29.18264514876872,28.44010871778604,28.81584930419922,306400
2013-11-22,28.8158511515168,28.95899091923928,28.654818486238852,28.833744049072266,228300
2013-11-25,28.789007685729704,29.075287163242443,28.457995973380417,28.869524002075195,272400
2013-11-26,28.896367805075162,29.343680010765866,28.878474907320978,29.29000473022461,265500
2013-11-27,29.2273775268513,29.96097267498048,29.075293016869264,29.934131622314453,308600
2013-11-29,30.113048160525892,30.229350253301295,29.790982926821833,29.880447387695312,282300
2013-12-02,29.95203140623547,30.014654855652093,29.263170049930544,29.316848754882812,327900
2013-12-03,29.218432777461246,29.799940002748173,28.976883779852272,29.173702239990234,383000
2013-12-04,29.137913788600002,29.978859419643445,29.003718775699447,29.28105354309082,299500
2013-12-05,29.37946713257309,29.86256515558101,29.048457040980903,29.34368133544922,213400
2013-12-06,29.656794711872337,30.345652368618577,29.486813923330267,30.238298416137695,268000
2013-12-09,30.36356394482118,30.36356394482118,29.808897534222407,29.87152099609375,220100
2013-12-10,29.880458229120826,29.952026411066218,29.17370408903218,29.513662338256836,286400
2013-12-11,29.603115589791667,29.603115589791667,28.672705581514972,28.869524002075195,389400
2013-12-12,28.958991120271524,29.02161455578976,28.252238725530603,28.34170150756836,334900
2013-12-13,28.47588586484184,28.744274126481617,28.180659971490158,28.386423110961914,213000
2013-12-16,28.627982204247385,28.914261753272143,28.458003082128666,28.771121978759766,347300
2013-12-17,28.67271164303542,29.40630338583598,28.574304118311865,29.084238052368164,293500
2013-12-18,29.15581362534808,29.44209320248157,28.78901770385069,29.254222869873047,332800
2013-12-19,29.218428899193484,29.36156864773402,28.57430003076107,29.191591262817383,355600
2013-12-20,29.370515445449566,30.07726600157784,28.97687859559921,29.71047019958496,694300
2013-12-23,29.898355274086438,30.300937064066183,29.558400351634507,30.256206512451172,359100
2013-12-24,30.202506187067062,30.39932456857777,29.889389137136288,30.229347229003906,174300
2013-12-26,30.354600238449063,30.417223661204485,29.969911548539713,30.327762603759766,212000
2013-12-27,30.39933357923608,30.721398876182388,30.059375386601545,30.283031463623047,238500
2013-12-30,30.336716460986864,30.757191065320328,30.300930662166653,30.551427841186523,282300
2013-12-31,30.703517910244198,31.097151530167555,30.623001554723256,31.0076904296875,244700
2014-01-02,30.85559101639176,30.85559101639176,29.925181003503315,30.444061279296875,257600
2014-01-03,30.479847889900082,30.873481330874025,30.256191827653844,30.65877342224121,295000
2014-01-06,30.801913961394757,30.837699751331712,30.166731547257275,30.19356918334961,226100
2014-01-07,30.39039636855491,30.48880561286573,30.03254519155589,30.318824768066406,207100
2014-01-08,30.372500319769674,30.6766727648693,30.175681851551857,30.667724609375,399200
2014-01-09,30.694560121237675,30.694560121237675,30.077267186996288,30.15778350830078,157200
2014-01-10,30.256202886979825,30.42618032783812,29.987816196727067,30.10411834716797,196200
2014-01-13,29.96991672263171,30.148842281131955,29.477873996296918,29.585227966308594,278100
2014-01-14,29.69257339516825,30.220401763916016,29.495758408881418,30.220401763916016,327000
2014-01-15,30.21147347704869,30.739302133244806,30.21147347704869,30.51564598083496,260700
2014-01-16,30.363543572226458,30.766125137515466,30.157780419461062,30.40827751159668,313300
2014-01-17,30.256200474791616,30.81086671212257,30.21146993210264,30.766136169433594,198900
2014-01-21,30.900323431864656,30.93610922209635,30.569309991302664,30.80191421508789,147700
2014-01-22,30.819810710724738,31.088197343375104,30.605099356971728,30.971895217895508,202800
2014-01-23,30.79295433646069,31.034503209471424,30.444051546351684,31.025558471679688,209900
2014-01-24,30.8824330066184,30.909270645078156,29.835720741314063,30.086217880249023,208200
2014-01-27,30.050425924203388,30.29197485896584,29.647844366265968,29.987802505493164,210500
2014-01-28,29.9251805476333,30.059372131682995,29.558384757544616,29.889394760131836,178000
2014-01-29,29.62996023078695,30.193574578480572,29.51366151179219,29.63890838623047,137800
2014-01-30,29.907289447705356,30.336708685317667,29.58522416631594,29.925182342529297,152900
2014-01-31,29.35262715822979,29.889400421540895,29.16475344462184,29.245269775390625,374600
2014-02-03,29.21843696746448,29.406307299416603,28.66377071529652,28.96794319152832,315600
2014-02-04,28.797955076950192,28.994773515625923,28.109095660666455,28.252235412597656,429500
2014-02-05,28.16277388739413,28.16277388739413,27.545484319757843,28.055419921875,274500
2014-02-06,27.97491005440196,28.994781494140625,27.97491005440196,28.994781494140625,769300
2014-02-07,29.522598067960867,31.249223015862274,28.63691862432505,30.40827751159668,499900
2014-02-10,29.701533366931407,30.622995487659267,29.701533366931407,30.48880386352539,338900
2014-02-11,30.61404226481631,31.258169390232247,30.506684899979813,30.7303409576416,320700
2014-02-12,30.712454501506187,31.213441935876407,30.49774316340399,31.07925033569336,215000
2014-02-13,30.90032983506296,31.57129818370243,30.90032983506296,31.472888946533203,387100
2014-02-14,31.490783280349895,31.58024436582318,31.240286098125715,31.39237403869629,229200
2014-02-18,31.34762841921066,31.580229177204068,31.186595812630607,31.338680267333984,221200
2014-02-19,31.168711408339544,31.472883813287602,30.676668715467347,30.73929214477539,323900
2014-02-20,30.73929259232588,31.374475048967437,30.497743613169025,31.276065826416016,153600
2014-02-21,31.481826288213654,31.481826288213654,30.81980625098752,30.945053100585938,173400
2014-02-24,31.070305117313552,32.17964087901116,31.070305117313552,31.98282241821289,504700
2014-02-25,32.081235350398735,32.331729120157746,31.750225238542665,32.018611907958984,298700
2014-02-26,32.08122623415023,33.0026881219669,32.08122623415023,32.57326889038086,376000
2014-02-27,32.34067274654557,32.64484517267255,32.233315363638745,32.43013381958008,165200
2014-02-28,32.46592090348735,32.850609675714395,31.947037103656903,32.06333923339844,268100
2014-03-03,31.786001725043835,32.0275507064989,31.293959020326206,31.750219345092773,255400
2014-03-04,32.16173471338664,33.46788498432081,32.16173471338664,33.17266082763672,462500
2014-03-05,33.18162746704896,33.539478682022306,32.8416691540965,33.12794876098633,187100
2014-03-06,33.31581040568663,33.342648042593474,32.814819569526826,33.08320617675781,326300
2014-03-07,33.288957212873406,33.31579825271,32.734291305231615,33.0384635925293,157500
2014-03-10,33.02951884925517,33.25317486555637,32.53747629593653,32.92216491699219,215800
2014-03-11,33.13688872218897,33.244242695038906,32.53748859727421,32.74325180053711,147900
2014-03-12,32.82376614478897,33.351594647345436,32.78798376448764,33.10110092163086,250900
2014-03-13,33.32475700893918,33.74523154514955,32.8148214028939,33.10110092163086,279100
2014-03-14,33.15477076964992,34.3356743227039,33.15477076964992,33.843631744384766,426100
2014-03-17,33.959949249960125,34.83668095496544,33.959949249960125,34.335693359375,215100
2014-03-18,34.39832164150794,34.82774110351056,33.951009275331565,34.76511764526367,355500
2014-03-19,34.81878292048373,34.81878292048373,34.05835348200601,34.362525939941406,278000
2014-03-20,34.20149615645459,35.03349726144624,34.18360325591778,34.50566864013672,302100
2014-03-21,34.657748842647344,34.657748842647344,33.78101397589501,33.86153030395508,488700
2014-03-24,33.86153586359882,34.094140144061335,32.70747285554977,33.27108383178711,481200
2014-03-25,33.548411340076996,33.93310006312755,33.145829721451896,33.38737869262695,276800
2014-03-26,33.74522416228765,33.86152284508471,33.08320078709685,33.33369445800781,355900
2014-03-27,33.45000714656398,33.92415700600632,33.14583470153724,33.476844787597656,273000
2014-03-28,33.54841618636112,34.07624473753539,33.11004871326193,33.208457946777344,196700
2014-03-31,33.4589548786195,34.73826808009574,33.36949038843714,34.68458938598633,683800
2014-04-01,34.86351407163139,35.6060505513924,34.77404958371236,35.588157653808594,333100
2014-04-02,35.58815011774663,35.58815011774663,34.56827906048399,35.096107482910156,296000
2014-04-03,35.00665207510995,35.50763953131976,34.702479656959234,35.11400604248047,250100
2014-04-04,35.43606474707601,35.46290238073208,32.609052440381376,33.61103057861328,530900
2014-04-07,33.43212313879784,33.94205893037158,32.44803736169259,32.841670989990234,376500
2014-04-08,32.76113504840882,33.56629813942738,32.53747901342813,33.253177642822266,471500
2014-04-09,33.44105640053883,33.7362806370755,33.172669800218,33.56630325317383,174400
2014-04-10,33.59313553533903,33.78995393680855,32.45696247609991,32.49274826049805,260400
2014-04-11,32.179647123114016,32.77009920735822,31.4102694409457,31.43710708618164,408000
2014-04-14,31.830733735507362,32.39434457855531,31.472882656001932,31.86651611328125,299300
2014-04-15,32.000721167804286,32.40330290545699,31.285022196822744,31.94704246520996,245400
2014-04-16,32.188594227558994,32.20648712993562,31.374485939394507,32.143863677978516,178200
2014-04-17,32.018603430309206,32.7521950584156,31.77705446797357,32.50170135498047,274600
2014-04-21,32.43014835917036,32.96692186347444,32.197547417364646,32.80588912963867,249900
2014-04-22,32.877441537373386,33.40526998699923,32.32277545203256,33.18161392211914,375600
2014-04-23,33.21740364911919,33.360543411101304,32.84165964096545,33.14583206176758,216200
2014-04-24,33.37843839749145,34.16570543131687,32.95796382728102,34.07624435424805,663600
2014-04-25,34.44303134915598,35.33765554004315,33.07425742916916,33.61103057861328,494800
2014-04-28,33.82574861191465,34.44303819778892,31.93809064776668,33.11004638671875,716200
2014-04-29,33.19056236043953,33.53052057248932,32.60011041989046,33.217403411865234,407300
2014-04-30,33.09215358319836,33.45894940109495,32.555376968143314,33.19055938720703,532300
2014-05-01,33.08322006169184,33.548425302073944,32.358572846587016,32.841670989990234,370900
2014-05-02,32.78799569364919,33.33371387854286,32.55539136709699,32.841670989990234,375900
2014-05-05,32.43013426861285,33.28002812509316,32.286994502143,32.850608825683594,270200
2014-05-06,32.573266815306546,33.21739732801173,32.54642918151732,32.62694549560547,358100
2014-05-07,32.76113979009553,33.03847454219094,32.04544105711467,32.95795822143555,539200
2014-05-08,32.591171736032464,33.74523819294703,32.483817748537675,32.671688079833984,313900
2014-05-09,32.49275331662475,33.36053995335269,32.286990143397446,33.26213073730469,365300
2014-05-12,33.38738266781256,35.03349171673105,33.19056420577973,34.75615692138672,380700
2014-05-13,34.675638085244785,34.80088836013886,33.92415349948549,33.933101654052734,262900
2014-05-14,34.25517305834989,34.371471786646254,33.163730071999986,33.42317199707031,338300
2014-05-15,33.360542801961564,33.360542801961564,32.439077401600976,33.10110092163086,218600
2014-05-16,33.02952652671901,33.611033669357056,32.528539117894375,33.602088928222656,353800
2014-05-19,33.51262834870482,34.443038519986096,33.51262834870482,33.90626525878906,222800
2014-05-20,33.87047675213961,34.23727258088441,33.136885094650005,33.691551208496094,422000
2014-05-21,34.04941980696088,34.49673218975621,33.60210742416554,33.94206237792969,282200
2014-05-22,33.95100716812651,34.621975675746704,33.727350998919775,34.32674789428711,174700
2014-05-23,34.344624463565026,34.89929054384466,34.23727050896397,34.88140106201172,242900
2014-05-27,35.31976918121381,35.72235082413881,34.97981097021925,35.57026290893555,331300
2014-05-28,35.57921582287468,35.784979042844455,35.069280144531874,35.310829162597656,263500
2014-05-29,35.50765262242356,35.78498750416085,35.114018988457836,35.31978225708008,211500
2014-05-30,35.4092412851698,35.5523810764914,34.95298085408594,35.14979934692383,184500
2014-06-02,35.37344120617679,35.40922699274323,34.6845801720149,34.93507385253906,229000
2014-06-03,34.79193042658796,35.07820986329623,34.53248862059606,34.78298568725586,285800
2014-06-04,34.49671405003201,35.221357544972,34.45198010509722,35.0513801574707,230000
2014-06-05,35.22135752267281,35.89232574361962,34.78299352944457,35.50763702392578,297000
2014-06-06,35.77600732169127,36.56327380981202,35.53445848577275,35.95492935180664,232800
2014-06-09,36.29491646866305,37.287950230948596,36.00863689555463,37.15375518798828,551900
2014-06-10,37.0732290171844,37.448972990236015,36.79589767390808,37.3595085144043,397500
2014-06-11,37.28794717272637,37.65474305898336,36.97482998179531,37.0463981628418,238000
2014-06-12,36.894313046516565,37.654742447994,36.32175054382799,37.00166702270508,559500
2014-06-13,37.25216340751573,37.538442972757764,36.76012061805109,37.332679748535156,339100
2014-06-16,37.37741195521345,37.57423044485269,37.07323947700815,37.50265884399414,306600
2014-06-17,37.314793873510524,38.227311439268675,37.314793873510524,37.89630126953125,283000
2014-06-18,37.815783074313416,37.905244171171084,37.404256568412805,37.8784065246582,136500
2014-06-19,37.94102088395124,38.12889118996997,37.30583837538051,37.63684844970703,208300
2014-06-20,37.5921227892832,37.95891870645592,37.43109010245404,37.76210021972656,444500
2014-06-23,37.64579911234207,38.15573478419874,37.64579911234207,38.00364685058594,184000
2014-06-24,37.83366196357421,38.34359753478395,37.14480085219665,37.17163848876953,270600
2014-06-25,36.99272547328112,37.57423282252809,36.80485512822176,37.484771728515625,220000
2014-06-26,37.53863352008991,37.57454446150608,36.91912268715166,37.3680419921875,115700
2014-06-27,37.04481343582779,37.97856625832109,36.92809690175257,37.82593536376953,370900
2014-06-30,37.61944711202534,38.42749997750866,37.61944711202534,38.02347183227539,405800
2014-07-01,38.15813660231017,39.04699823250905,38.15813660231017,38.27485656738281,273200
2014-07-02,38.20303856373072,38.625023877043795,37.90675355383872,38.14019012451172,179600
2014-07-03,38.310771322566715,38.98415027088916,38.1760975878917,38.696842193603516,134200
2014-07-07,38.72378564963305,38.72378564963305,37.84390409919291,37.8708381652832,149600
2014-07-08,37.709212127809735,37.96958608116401,37.13459611004969,37.43986129760742,194600
2014-07-09,37.368037713881755,38.068354078545795,37.26029805200348,37.79899978637695,223900
2014-07-10,36.91013576272136,37.67329700359022,36.61384745804281,37.30518341064453,171000
2014-07-11,37.15255621235701,37.61943261977215,37.03583625425775,37.26029586791992,97200
2014-07-14,37.70921902565722,37.84389617788461,37.24234256957978,37.493736267089844,159000
2014-07-15,37.58352471211182,37.77206999796275,36.64079485787467,37.134605407714844,234100
2014-07-16,37.47579243252073,37.52966056768847,36.92811022509428,37.233375549316406,209100
2014-07-17,36.89219292160414,37.386003529660194,36.568970436336066,36.70364761352539,145300
2014-07-18,36.56897034310996,37.99653403274938,36.56897034310996,37.834922790527344,239400
2014-07-21,37.727179017561674,38.131207079353835,37.502719363786305,37.93368148803711,189400
2014-07-22,38.03243709651055,38.46339913932024,37.83491154252124,38.35565948486328,202400
2014-07-23,38.669893327106564,38.669893327106564,36.53303732351863,36.60486602783203,368600
2014-07-24,36.5779384276754,38.60705173268011,36.326541343219205,36.90115737915039,514100
2014-07-25,39.80118841910998,40.19623618636556,37.33213216755177,37.448848724365234,1086000
2014-07-28,37.35008964766837,38.13121180561198,36.36246841863684,37.63739776611328,379500
2014-07-29,37.55658675163377,38.66990459299058,37.296212760113406,37.987548828125,438900
2014-07-30,38.16711972917224,38.562170929486534,38.04142286542957,38.5262565612793,287300
2014-07-31,38.01449196042176,38.16712290051076,36.89219354806281,37.02687072753906,453300
2014-08-01,37.10766497462096,37.538627021854495,36.70363698503268,37.26029586791992,165000
2014-08-04,37.17949508416039,37.45782627413446,36.551007399530704,37.29621505737305,413400
2014-08-05,36.919127296340456,38.14916881169124,36.919127296340456,38.068363189697266,380400
2014-08-06,37.574551929503684,38.418522582700255,37.574551929503684,38.03245162963867,300500
2014-08-07,38.068355213691554,38.33770608890996,37.54760721995139,37.87980651855469,411800
2014-08-08,37.74512607257413,38.42748172995996,37.592491767972895,38.05936813354492,243600
2014-08-11,38.16710599866509,38.41850306069372,37.933669539261466,38.131195068359375,235200
2014-08-12,38.07734820586368,38.88540459845975,37.83493128808486,38.85846710205078,319100
2014-08-13,39.19962925952597,39.81015972110212,39.05597523474229,39.59467697143555,240400
2014-08-14,39.77425948416115,39.77425948416115,39.12781785554725,39.235557556152344,140000
2014-08-15,39.70241943389972,40.0795099586537,39.07393180099435,39.55876541137695,231000
2014-08-18,39.92688610812749,40.025648908234785,39.46000959624562,39.94484329223633,221300
2014-08-19,40.07053811558308,40.85165674713765,39.87301252542671,40.770851135253906,295000
2014-08-20,40.69901614655493,41.848248197776364,40.46557624553703,41.31852340698242,492100
2014-08-21,41.318539048079266,41.381387485610304,40.295003436878964,41.03123092651367,355400
2014-08-22,40.851657008122174,41.794386869466955,40.52843455852225,41.56992721557617,281100
2014-08-25,41.821317517859235,41.848251575927186,40.96837028756069,41.085086822509766,271800
2014-08-26,41.30057564222267,42.87179319382897,41.30057564222267,42.1445426940918,609200
2014-08-27,42.06373915937543,42.24330757341942,41.56095171003141,42.027828216552734,227500
2014-08-28,41.78540328032177,42.180450974738314,41.56992054019696,41.98292541503906,162000
2014-08-29,42.00088134298502,42.96156820472199,42.00088134298502,42.898719787597656,254700
2014-09-02,42.916684375103394,43.31173555090898,42.503679441290686,42.80894470214844,483900
2014-09-03,42.95260023540744,43.09625427933926,42.00987035804341,42.1265869140625,300000
2014-09-04,42.31514419555168,42.76406360183808,41.95600730052925,42.117618560791016,225700
2014-09-05,41.947029513953964,42.71019111817442,41.90213483430778,42.41390609741211,246000
2014-09-08,42.18944370020738,42.86282275202502,42.027832453772504,42.2073974609375,157300
2014-09-09,42.05475711842309,42.50367638594469,41.17487576507862,41.192832946777344,300100
2014-09-10,41.2646584084033,41.48911804303341,40.5463882625834,41.04917907714844,341100
2014-09-11,40.71699264766451,41.516072143740374,40.71699264766451,41.408329010009766,150400
2014-09-12,41.534021468610206,41.534021468610206,40.83370829912775,41.372413635253906,267000
2014-09-15,41.291599573315054,41.291599573315054,40.528434692572674,40.71697998046875,162000
2014-09-16,40.55537001334977,41.36342616509193,40.40273908745549,41.12998962402344,360200
2014-09-17,41.103052891791904,41.93804312229208,41.103052891791904,41.498104095458984,246500
2014-09-18,41.533996903685555,42.781994977186,41.533996903685555,42.43183517456055,246000
2014-09-19,42.198415704634165,42.198415704634165,40.4925209338155,40.806766510009766,689600
2014-09-22,40.63617085362648,40.86961079224757,39.971772251358956,40.007686614990234,261000
2014-09-23,39.96278598492231,40.58229667768394,39.57671862093081,39.890960693359375,295900
2014-09-24,39.88199407950038,40.654135922459446,39.87301719934214,40.2860221862793,181000
2014-09-25,40.26806830876875,40.26806830876875,39.57673545535936,39.77425765991211,296700
2014-09-26,39.927394506496505,40.332795185960094,39.927394506496505,40.22468948364258,188700
2014-09-29,39.65713500955164,40.19766704604208,39.65713500955164,40.18865966796875,218800
2014-09-30,40.12559928844844,40.323792543420105,39.68416213989258,39.68416213989258,389000
2014-10-01,39.774236235242554,39.88234191360734,39.00847880222998,39.17063903808594,390900
2014-10-02,39.062546356070634,39.81929322963358,38.945429827516485,39.72920227050781,248800
2014-10-03,39.792275502219525,40.14362518746773,39.46795826729911,39.5400276184082,257700
2014-10-06,39.73822767671952,39.88236982763146,39.3238194224252,39.69318389892578,258900
2014-10-07,39.341835941877925,39.810298812425685,38.34185165834993,38.46797561645508,530600
2014-10-08,38.29679071168117,39.314796266098334,37.55806199052715,39.269752502441406,464800
2014-10-09,39.14364048375836,39.34183379139572,37.39591305520578,37.819332122802734,318800
2014-10-10,36.03557628329172,36.03557628329172,32.08967971801758,32.08967971801758,1269200
2014-10-13,32.125704088777916,32.63020320500441,30.85545063793639,31.251840591430664,953800
2014-10-14,31.459047267965047,32.56714393962929,30.981577121225698,31.05364990234375,611000
2014-10-15,31.080661498280694,32.8824389764419,30.621209753461425,32.58514404296875,668000
2014-10-16,32.053643301817075,34.53108890450562,31.792384577108393,34.25181198120117,862700
2014-10-17,34.76529836494948,35.54006327022782,33.77432207568807,34.260799407958984,551300
2014-10-20,34.13468682174973,35.05359409925463,34.01757027864895,34.504051208496094,485200
2014-10-21,34.74728291777948,35.684208153260556,34.639177217260354,35.48601150512695,732700
2014-10-22,35.70222765976428,35.945468072368634,35.25178321493068,35.3238525390625,445800
2014-10-23,35.72024949184532,35.99952287667998,35.46799824011948,35.666194915771484,415400
2014-10-24,35.76529184476712,36.60311883950574,35.34187294041445,36.45897674560547,418900
2014-10-27,36.45897954477113,36.882395045013254,35.93646226637939,36.035560607910156,569400
2014-10-28,41.03549863467224,41.4408994250674,37.26978184676918,38.29679489135742,954600
2014-10-29,38.12563462000948,38.377882522431534,37.26978910399475,37.819332122802734,555300
2014-10-30,37.594107560820795,38.03554480039274,36.76529110986249,37.99049758911133,461600
2014-10-31,39.071558699950394,40.116589902309386,39.071558699950394,39.81028747558594,550100
2014-11-03,40.07154104194833,40.873331676764806,39.45893626636791,39.72920227050781,271000
2014-11-04,39.368844144241606,40.278740387083495,39.296771385361545,39.40488052368164,321700
2014-11-05,39.467948050458865,40.07154202664983,39.260743994305905,40.008480072021484,236600
2014-11-06,39.87334290670993,40.621082375257075,39.81929176983471,40.37784194946289,477300
2014-11-07,40.24270873687347,40.431898032857575,39.51299086885869,40.26072692871094,320700
2014-11-10,40.053522435000396,40.53099592187158,40.008478674213706,40.41387939453125,193400
2014-11-11,40.34179676908254,40.53999339205027,39.97243252230858,40.440895080566406,164600
2014-11-12,40.476946336641376,41.13459494772916,40.46793552140206,40.882347106933594,283400
2014-11-13,40.819279228980456,41.12558160694864,40.179645467863715,40.42288589477539,188800
2014-11-14,40.50396985390033,41.17062924640032,39.87334684729091,40.95441436767578,263200
2014-11-17,40.756228659442435,41.18865506028236,40.25172947348609,40.521995544433594,302500
2014-11-18,39.72921307471198,42.12557825324033,39.72921307471198,41.81026840209961,425900
2014-11-19,41.81026572430577,41.81026572430577,40.999464106701886,41.31477737426758,263300
2014-11-20,40.98144101323339,41.64809693068844,40.64810961788716,41.612060546875,250300
2014-11-21,42.26971623380983,42.34178901362304,41.61206758280106,42.008460998535156,268300
2014-11-24,42.01745509145121,42.7742018571042,41.98141871293959,42.512943267822266,218200
2014-11-25,42.52196378832687,42.8372735807418,42.05350107058256,42.44088363647461,211700
2014-11-26,42.33279440546078,43.69313588694127,42.098561237023404,43.43187713623047,183600
2014-11-28,43.52195493438381,43.684115252068395,42.99943759148474,43.35979461669922,157600
2014-12-01,43.0805208878569,43.476910895166256,42.00846398652642,42.44989776611328,254800
2014-12-02,42.539972026824834,43.39581367356484,42.11655317327939,43.34176254272461,199800
2014-12-03,43.24267046496152,44.56697834766895,43.24267046496152,44.27869415283203,213400
2014-12-04,44.630039416395405,44.729137750773496,43.71113227482396,44.28770065307617,283100
2014-12-05,44.305720557691735,44.864270766144315,44.02644373515607,44.747154235839844,176300
2014-12-08,44.51292794943546,45.04445262790956,43.224656329347724,43.693119049072266,212100
2014-12-09,43.02645376614435,44.87327882114324,42.60303830612744,44.78318786621094,224300
2014-12-10,44.566977407956706,44.954359930966696,43.91833626494115,44.143558502197266,246900
2014-12-11,44.29672085859616,44.8102308705945,44.089516752445064,44.26969528198242,274200
2014-12-12,43.68412277863305,44.323753343805706,43.27872191457296,43.74718475341797,139500
2014-12-15,43.8822961758095,44.837239618301766,42.94537092317012,43.269691467285156,217900
2014-12-16,43.24266828192494,43.54897065305332,42.296735600581535,42.756187438964844,250900
2014-12-17,42.74718484265103,43.269698689120055,41.85530319747709,43.03546905517578,448600
2014-12-18,43.927345836892044,44.476888673110615,43.440868391944996,43.97239303588867,166700
2014-12-19,43.88229614121602,44.00842003346837,43.18861129720976,43.90031433105469,588400
2014-12-22,43.846269814452775,44.76517708719863,43.594021972113595,44.59400939941406,218500
2014-12-23,44.75617331294802,45.612018694034326,43.81924777077734,44.260684967041016,189800
2014-12-24,45.107522266116575,45.43184293011146,43.99942895521381,45.04446029663086,119100
2014-12-26,45.05345533276249,45.63903453082864,44.891298481812626,45.44083786010742,98500
2014-12-29,45.41373707481532,45.73902504957187,44.9980928612351,45.23302459716797,163400
2014-12-30,44.92580767709768,45.44084581138908,44.77219793787122,45.00712966918945,121300
2014-12-31,45.06135206285545,45.504105995434045,44.63667351795341,44.94388961791992,234200
2015-01-02,45.08845318673158,45.35952535391868,43.30840699231591,43.9318733215332,203200
2015-01-05,43.534300666485976,44.11258887069609,42.89276240536974,43.0734748840332,204000
2015-01-06,43.09153698344484,43.35357484330086,41.23920692507586,41.645816802978516,321300
2015-01-07,41.998209099901494,42.86564117138333,41.727137008422005,42.2512092590332,209200
2015-01-08,42.739155237516634,44.0041633456017,42.43193917965997,43.71501922607422,184400
2015-01-09,43.832465002845396,44.022218559779155,42.90178293711415,43.452964782714844,172600
2015-01-12,43.38971125504537,43.61560520986326,42.23313530937558,42.58552932739258,169400
2015-01-13,43.01022426946021,43.76019414429399,41.84461363096786,42.41386413574219,211400
2015-01-14,41.953028627616035,42.73913868265492,41.88074090229968,42.278316497802734,171400
2015-01-15,42.33253557405052,42.7481831669535,41.06753120174679,41.38378143310547,235900
2015-01-16,41.23018553420499,42.450012101287854,40.67900346644152,42.29640579223633,268000
2015-01-20,42.36869278021393,42.91987488284015,41.59161659925698,42.15183639526367,259400
2015-01-21,41.91689825885064,42.52229608922528,41.492216353074525,41.98014831542969,242100
2015-01-22,42.151831094583336,42.59458150218755,41.09464514856637,42.477115631103516,279100
2015-01-23,42.49518455593352,43.77826446090785,42.3777221400469,43.37165451049805,226300
2015-01-26,43.20900173677442,43.80536172705244,42.9469638835194,43.227073669433594,215200
2015-01-27,42.73915890076141,43.66080715332743,42.187976798522605,43.1276969909668,170000
2015-01-28,43.5342896309022,44.3836497846713,43.16382362856083,43.227073669433594,299300
2015-01-29,43.308410935393304,44.22102145228274,42.77530079774405,44.16680908203125,224700
2015-01-30,43.88669186855284,44.67280212775602,42.89275951539338,42.910831451416016,234800
2015-02-02,43.19094302795722,43.42587477758726,42.1427947408926,42.85662078857422,314800
2015-02-03,42.657838726407185,44.121634897561144,42.657838726407185,43.85055923461914,312500
2015-02-04,43.43491067620653,43.80537680607257,42.69397841647445,43.19094467163086,535700
2015-02-05,44.91677210090431,45.4498821970895,41.347645419452235,42.94697570800781,658000
2015-02-06,42.82046926792277,43.81440500984388,42.54939713716943,43.5614013671875,442200
2015-02-09,42.97409183578808,43.32648605577785,42.39580008464031,42.80241012573242,286400
2015-02-10,43.254194571136644,44.4198087729786,43.02830050629301,44.36559295654297,468500
2015-02-11,44.36558738485339,45.25109504107874,44.36558738485339,44.736053466796875,709500
2015-02-12,44.95291343321766,45.44987962602004,44.4288376120617,45.32337951660156,281700
2015-02-13,45.5492747216781,45.919740814559454,44.9890584598045,45.467952728271484,243700
2015-02-17,45.223984228816285,45.85648820375925,45.196878048147234,45.72998809814453,241300
2015-02-18,45.368558902629914,45.64866875764879,45.034236683127716,45.585418701171875,152000
2015-02-19,45.45892757850239,46.28118192218676,45.359533628133356,46.11853790283203,390900
2015-02-20,46.01912921287982,47.247993211355066,45.72998514816436,46.97692108154297,463800
2015-02-23,47.32026866062449,47.59134073977713,46.73294639693853,47.18473434448242,586200
2015-02-24,47.23896749897586,47.68172139920554,46.84139517089596,47.63654327392578,406400
2015-02-25,47.78110875031675,47.79918068730917,47.293176792130005,47.66364288330078,212900
2015-02-26,47.66364831510836,48.241936577290105,47.410648062121325,47.961830139160156,265400
2015-02-27,47.817235585890444,48.12445153369965,47.4015914938158,47.64555740356445,195600
2015-03-02,47.266083379842314,49.12744858363829,47.266083379842314,48.93769836425781,405700
2015-03-03,48.738898616417664,49.100330472416466,48.04314453408522,48.39554214477539,334400
2015-03-04,48.11543024185683,48.422646272355664,47.68171410118837,48.02507400512695,184400
2015-03-05,48.070246491559644,48.31421243839051,47.266064359525885,47.60942077636719,188800
2015-03-06,47.18475937864917,47.41968771939255,46.552255227135014,46.73297119140625,337200
2015-03-09,46.723920437252765,47.401602528693026,46.498026406772674,47.25703048706055,256600
2015-03-10,46.705857740243594,47.618471734157445,46.543213730375186,47.23896789550781,360700
2015-03-11,47.46485808991671,48.241934196449314,47.1847516656106,48.06121826171875,368400
2015-03-12,48.01604280671204,48.40458088155894,47.53714848291607,47.916648864746094,387900
2015-03-13,47.99795344076157,48.24191936059043,47.27509337101054,47.546165466308594,285100
2015-03-16,48.0341066297731,48.88346694573965,47.663640556685955,48.54914474487305,287700
2015-03-17,48.223856360118766,48.8382883949308,48.16060630772953,48.829254150390625,386100
2015-03-18,48.70274999603425,49.66957608430136,47.69978003887308,48.946712493896484,246600
2015-03-19,49.055146306598694,49.8954723383953,48.820214595091464,49.43464660644531,357900
2015-03-20,49.69669757464235,50.77195215402046,49.416587674712034,50.708702087402344,673300
2015-03-23,50.49184043491294,50.66351867684691,50.130408566044856,50.13944625854492,374600
2015-03-24,50.18462365238133,50.24787371148518,49.18165350534928,49.244903564453125,297900
2015-03-25,49.60633062406078,49.60633062406078,46.741992516431104,47.02210235595703,532500
2015-03-26,46.37153939981322,46.84139952955794,45.49506921097497,46.416717529296875,665700
2015-03-27,46.45299995709387,48.122078819372824,46.2262229565687,47.895301818847656,281000
2015-03-30,48.00414853226304,48.56655792317644,47.49617032155679,48.385135650634766,309800
2015-03-31,48.18556992063946,48.29442535837228,47.64130657334324,47.75923156738281,327300
2015-04-01,47.70480489364388,47.75015959685521,46.19900590877021,47.16054153442383,335900
2015-04-02,47.16960018357769,47.21495487630134,46.716046335658675,46.89746856689453,301800
2015-04-06,46.5164787107379,47.17866687324998,46.217134988665244,47.078887939453125,240200
2015-04-07,47.05167605976103,47.40544751384068,46.64347689723016,46.72511672973633,344700
2015-04-08,46.80675777290602,47.26031164070682,46.54369915944101,46.94282531738281,253200
2015-04-09,46.69790620176763,47.26031203362078,46.552769101278386,46.99725341796875,184000
2015-04-10,47.2966025201102,47.51430992562385,47.08796813084478,47.36009979248047,131100
2015-04-13,47.43267407645686,47.913440167853956,46.86119511664571,46.93376541137695,161500
2015-04-14,46.97003881404472,47.269386036500464,46.46206068188927,46.84304428100586,232700
2015-04-15,47.142393379205046,48.41234222046502,47.060753538954344,48.040428161621094,238000
2015-04-16,47.6957301775198,48.83868449237647,47.36009779731142,48.503055572509766,285900
2015-04-17,48.07671465183355,48.12206935094618,47.12425212910142,47.88622283935547,306600
2015-04-20,48.03135315222645,48.929387832670606,48.03135315222645,48.439552307128906,298400
2015-04-21,48.893116025123284,49.11989299470114,48.43956208596756,48.947540283203125,283600
2015-04-22,49.41015927434148,49.519011233296894,48.09485237074031,48.91124725341797,236800
2015-04-23,49.37387425850236,50.39890696723431,45.85429528025716,48.53933334350586,683900
2015-04-24,48.5302655689053,49.14709912772992,44.67505755642217,45.3191032409668,1124700
2015-04-27,45.0832623945341,46.344141795938285,44.802057705596425,45.73637771606445,616400
2015-04-28,45.71822222068938,46.38947987454638,45.17395561071646,46.24434280395508,540700
2015-04-29,45.98129826713832,47.369175709038096,45.97222871067662,47.178680419921875,820800
2015-04-30,46.81583510531626,47.42359568325193,46.5527730072508,47.01539993286133,827500
2015-05-01,47.16960900072517,48.13114458377073,47.05168400932762,48.004146575927734,475300
2015-05-04,47.804582996816045,48.13114236697374,47.65037286742303,47.88622283935547,498800
2015-05-05,47.65943916981213,47.732005986101726,46.8430408594214,46.89746856689453,448300
2015-05-06,46.824897726701465,47.46894681285435,46.235279807707855,46.77047348022461,311800
2015-05-07,46.77047677628808,47.71386620522974,46.77047677628808,47.08796310424805,234700
2015-05-08,46.9791176050092,48.37606456085855,46.906547314155866,47.66851806640625,228700
2015-05-11,47.505236909375625,47.922509148248295,47.32381464817122,47.36009979248047,151400
2015-05-12,47.2240374528755,47.51431169749049,46.480209268506826,47.31474685668945,220500
2015-05-13,47.541526643632324,48.07672046266816,47.09704223378541,47.46895980834961,140900
2015-05-14,47.86807406336586,48.25813065379357,47.18774328383026,48.23091506958008,218900
2015-05-15,48.103933046114015,48.103933046114015,47.64130951834879,47.98601150512695,220900
2015-05-18,47.95879397594883,49.4010956835379,47.84994199622759,49.255958557128906,284100
2015-05-19,49.210590586806106,49.76392681341832,48.59375710078014,48.85681915283203,207400
2015-05-20,48.98382396160658,49.34666848619967,48.52120048007515,48.639122009277344,161700
2015-05-21,48.76611475873317,49.1380288255897,48.43955885103661,49.07453155517578,183200
2015-05-22,49.02010195766046,49.2922335812501,48.77518245832737,49.101741790771484,238700
2015-05-26,48.84775915829111,48.88404430486785,47.85901140629811,48.385135650634766,239700
2015-05-27,48.584681914853874,49.927200681657695,48.27626520759214,49.64599609375,357600
2015-05-28,49.67322453321303,49.999783914115255,49.34666861265265,49.845577239990234,163800
2015-05-29,49.6913673070802,49.9453598601132,49.3103836680435,49.5280876159668,200800
2015-06-01,49.71858070713504,49.99071236023042,48.90218228750719,49.4645881652832,232500
2015-06-02,49.28317084306507,49.65508492082407,48.65726421586303,49.32852554321289,287600
2015-06-03,49.53716646978551,49.62787588205243,48.87497807127863,49.51902389526367,234300
2015-06-04,49.23781123919492,49.63694089361579,48.76611475873317,49.07453155517578,262800
2015-06-05,48.98382409039666,49.31038347132067,48.403275617794804,48.657264709472656,258800
2015-06-08,48.43048647397475,48.96568023191083,47.550590771857365,47.586875915527344,260500
2015-06-09,47.360088215913265,47.55965300049123,46.915607417969035,47.34194564819336,293100
2015-06-10,47.61408729837739,48.49397946244469,47.61408729837739,48.312557220458984,190300
2015-06-11,48.239987521365585,48.38512461422546,47.88621607379097,48.103919982910156,125600
2015-06-12,47.81365188441267,48.448628044142296,47.74108505891478,48.18556594848633,125600
2015-06-15,47.79551412995983,48.602843069753185,47.32381760548828,48.385135650634766,131800
2015-06-16,48.31256262921194,48.73890442655753,47.92250943673586,48.639122009277344,182600
2015-06-17,48.86589897206256,49.074533362583935,48.57562473652483,48.639122009277344,111500
2015-06-18,48.74797198726312,49.32852039336689,47.795506081886344,49.09267044067383,279100
2015-06-19,49.346669498799805,49.528088304477244,48.9112546762166,49.22874450683594,320800
2015-06-22,49.60066021040322,49.77300946554658,48.89311715626078,49.6097297668457,223500
2015-06-23,49.84557443588884,49.89092913394227,49.0473186008501,49.301307678222656,141200
2015-06-24,49.37387258621954,49.446439403133674,48.90217616508324,48.93846130371094,162500
2015-06-25,49.183391764129986,49.40109572374967,47.45988535882092,48.81147766113281,139700
2015-06-26,48.756845633016674,48.90252421327293,47.509472572494296,47.78261947631836,292100
2015-06-29,47.372899320078396,47.791728294527495,46.17105011553211,46.252994537353516,199200
2015-06-30,46.62628934580457,46.83570206592636,46.116416104899685,46.171043395996094,309400
2015-07-01,46.653591539580404,46.97226221319952,45.81593745381752,46.371337890625,195700
2015-07-02,46.344041919754886,46.98138350994213,46.180153089920694,46.96317672729492,209800
2015-07-06,46.444197919057416,46.908550809346195,45.87969382084997,46.39867401123047,273300
2015-07-07,46.32582861181721,46.32582861181721,44.65962677602602,46.07088851928711,314200
2015-07-08,45.497266907196426,46.71732580470784,43.16640713296943,44.82350158691406,448100
2015-07-09,45.397131677967714,45.533703394023675,43.33941781284509,43.45778274536133,360800
2015-07-10,43.92212998820042,44.5412612735886,43.74003091685053,44.304534912109375,497700
2015-07-13,44.45931924441796,44.7688831428694,44.04049034864375,44.513946533203125,197600
2015-07-14,44.64141358499931,45.13308000977013,44.313635968485436,45.07844924926758,163900
2015-07-15,45.16040059431142,45.47907486967878,44.81441614437142,45.260555267333984,238900
2015-07-16,45.670265702296405,45.69757934315368,44.732460318193,44.8052978515625,458700
2015-07-17,44.86903194537441,44.950976341104614,44.431996325896776,44.577674865722656,251300
2015-07-20,44.905465713523775,44.905465713523775,44.35917189611649,44.668739318847656,188400
2015-07-21,44.55947668263441,44.91457147580653,44.195281971055934,44.42290496826172,211100
2015-07-22,43.78555057481942,43.80376082751545,42.74759048389958,43.09357833862305,449400
2015-07-23,43.257461193393986,45.2878608372932,43.257461193393986,44.8052978515625,548800
2015-07-24,44.84172495662785,45.37891530316013,43.7764511273567,44.00407409667969,256800
2015-07-27,43.348523084434035,44.25901505101068,43.16642399646847,43.49420166015625,327900
2015-07-28,44.22260045068729,46.42599311045502,42.59281877905666,45.32429504394531,1196500
2015-07-29,45.29698139273697,45.52460441481102,44.413802955649096,45.32429504394531,349500
2015-07-30,45.123983713668466,46.598979746617005,45.123983713668466,46.49882507324219,456800
2015-07-31,46.76286456349385,47.154376358552966,46.38045615920893,47.08153533935547,389900
2015-08-03,46.89033487432982,47.209005663786954,46.35314449120842,46.562557220458984,343400
2015-08-04,46.39865936554695,46.62628230608426,45.661163261086315,45.98893737792969,229100
2015-08-05,45.870583581583205,47.09064288478792,45.75221866030001,46.67181396484375,162900
2015-08-06,46.74465357357002,46.74465357357002,45.34249523532783,46.35314178466797,243400
2015-08-07,46.02536765437738,46.771970780003,45.77953440961024,46.73555374145508,185900
2015-08-10,46.70823094940609,48.00113117527347,46.70823094940609,47.454833984375,234200
2015-08-11,47.25452998939732,47.2909470249483,46.043574121116876,46.280303955078125,179100
2015-08-12,45.61564694152721,46.65361071928071,45.105773654123325,46.59897994995117,272000
2015-08-13,46.553446763196405,46.78106971347357,45.95252231339471,46.180145263671875,234000
2015-08-14,46.034481280666306,46.37136238116235,45.45176342604254,46.33494186401367,156800
2015-08-17,46.052683550775306,46.8174934387207,45.79774344820909,46.8174934387207,152600
2015-08-18,46.69001977758919,46.69001977758919,45.08755569028338,45.58832550048828,292400
2015-08-19,45.41533029814982,45.66116349196318,44.65051707514728,45.05113220214844,214700
2015-08-20,44.58679300703565,44.73247158371302,43.30299946467534,43.33941650390625,298300
2015-08-21,42.46533927268028,43.81286679212588,40.98123658661319,42.72027587890625,396100
2015-08-24,40.316567290860874,43.78554156771605,37.10253302605597,41.4273681640625,503000
2015-08-25,42.856855065243636,42.856855065243636,41.163339511899224,41.227073669433594,231000
2015-08-26,42.20129957455561,43.0207437010183,41.35454180162787,42.94790267944336,201400
2015-08-27,43.475987140689945,44.1588560486589,42.76580458784252,44.00407409667969,325600
2015-08-28,43.712713374722824,44.26811397399225,43.594351931756215,44.104225158691406,168700
2015-08-31,43.66719187050386,44.24080275551568,43.40314837878799,43.78555679321289,193300
2015-09-01,42.747601685328455,43.77645865612356,42.39251034783539,42.53818893432617,316500
2015-09-02,43.18463363364078,43.648983001708984,42.70207400971189,43.648983001708984,226000
2015-09-03,43.81286487539081,46.371348108982176,43.54882489045838,44.17706298828125,262500
2015-09-04,43.530617691034756,44.18616947767175,43.530617691034756,43.9039192199707,157400
2015-09-08,44.996519668004424,45.91611866985503,44.377388211273264,45.68849563598633,222400
2015-09-09,45.99806207431229,46.662720901583654,45.15130412935999,45.21503829956055,204300
2015-09-10,45.37892673728942,45.96164112986268,44.696057657257924,45.24235153198242,162400
2015-09-11,45.35160740751204,46.5625599517325,44.978305829428884,46.08910369873047,304100
2015-09-14,46.60807929458296,46.844809134537826,45.606539589930456,46.043575286865234,532000
2015-09-15,46.05269678541549,46.70824880251162,45.907014700225155,46.553466796875,236700
2015-09-16,46.8357000529211,46.87212056092065,46.189251665557734,46.462398529052734,235300
2015-09-17,46.316713703717475,47.11794740504771,46.25297955996681,46.58075714111328,239700
2015-09-18,45.79775215062306,46.34404949714198,45.66118041893213,45.92522048950195,443700
2015-09-21,46.37136063969841,46.899444225515445,45.779539414639004,45.81595993041992,171600
2015-09-22,45.50638071468287,45.50638071468287,44.61409914850289,44.832618713378906,247700
2015-09-23,45.15128946085366,45.57011486417782,44.759777700670014,44.832618713378906,179100
2015-09-24,44.40469496245291,45.05114344458759,43.648984940301496,44.95098876953125,262800
2015-09-25,45.42443119262295,46.2529785159297,45.00560583650091,45.97983169555664,360300
2015-09-28,45.76959530107345,45.879287783246454,44.96517562866211,44.96517562866211,197300
2015-09-29,45.010869980846834,45.44050018823808,44.55381404617441,45.28510284423828,344300
2015-09-30,45.87014507280098,46.87566697955533,45.85186241250678,46.80253982543945,315000
2015-10-01,46.7019917376152,46.76597931169139,45.03830783751176,46.089534759521484,312000
2015-10-02,45.63247732131587,47.140763779079506,45.19370390327181,47.10419845581055,224900
2015-10-05,47.53382365996403,49.069532087943095,45.02915526357468,48.66732406616211,423600
2015-10-06,51.7387417912801,51.7387417912801,48.51192729853622,49.52659225463867,514100
2015-10-07,49.89224338965406,50.714942241797694,49.782547419719315,50.27616882324219,554600
2015-10-08,50.148184132201735,50.67836727104617,49.54487036065573,50.550392150878906,409900
2015-10-09,50.64181849483754,50.806358973766386,50.18476238382659,50.267032623291016,159100
2015-10-12,50.395011299007756,50.73323186841996,49.91052941626958,50.44985580444336,101300
2015-10-13,50.13905862163027,50.72409342697963,49.79169845581055,49.79169845581055,196400
2015-10-14,49.85567122454048,52.26892643895006,49.85567122454048,51.446224212646484,590500
2015-10-15,51.64733129322312,52.643713576238525,51.31825039431003,52.25978469848633,417400
2015-10-16,52.28720949853152,52.71683978705971,51.555920562361564,52.05868148803711,436500
2015-10-19,52.022121113834245,52.85396301161271,51.86672372571766,52.50659942626953,377300
2015-10-20,52.41519262667374,52.835683393268894,51.88500588761454,52.18666458129883,372400
2015-10-21,52.54316538558091,52.79911566890591,50.98003446316993,51.05316162109375,335900
2015-10-22,51.65649232888509,53.155639656099744,51.27256677877581,52.78999328613281,290200
2015-10-23,53.20132491816093,54.152002339068936,52.22322525011204,53.6949462890625,338600
2015-10-26,53.01850266919844,53.69494716859504,52.52488129021126,52.79911422729492,389900
2015-10-27,56.88519846023212,57.214279390913376,54.161144682014424,56.36415481567383,865300
2015-10-28,56.6749484806899,57.607343212851774,56.17218753835401,57.570777893066406,356300
2015-10-29,56.83034679599684,57.48850861473947,56.089918236972245,56.428138732910156,277800
2015-10-30,56.54697170899051,57.30568289370439,54.86500540529935,57.05887222290039,271800
2015-11-02,56.99488741798657,57.936425241909625,56.99488741798657,57.4062385559082,461400
2015-11-03,57.12286865851846,57.74446170013367,57.095442923359094,57.38795852661133,189300
2015-11-04,57.3148232339395,57.625621454162264,56.83948457435995,57.49764633178711,354400
2015-11-05,57.30569246205328,58.04612459809547,57.22342222471526,57.698760986328125,194300
2015-11-06,57.3513988043053,58.95109160705122,57.09544502673456,58.88710403442383,260800
2015-11-09,58.41176401384291,58.61286978973658,57.78102443928947,58.503173828125,260800
2015-11-10,58.119245235100756,58.37519549069725,57.342247908087444,58.14666748046875,160500
2015-11-11,58.329491090088126,59.28930804392944,58.21979513354686,58.33863067626953,263900
2015-11-12,57.95471599988143,58.494042347833656,57.50679947887919,57.89986801147461,264900
2015-11-13,57.6439190652035,58.11011477293625,56.96747447381911,57.18686294555664,194100
2015-11-16,57.17770612965279,58.08267856338064,55.514022532914076,58.064395904541016,201600
2015-11-17,57.17771526112137,59.18876272286253,57.17771526112137,58.88710403442383,188900
2015-11-18,59.00593468684797,60.72446280306954,58.612866232580316,60.69704055786133,347400
2015-11-19,60.541654959868666,60.980424916775796,60.038890452868074,60.21257400512695,220500
2015-11-20,60.505094280898916,61.31865365534207,60.13944797264819,60.898162841796875,299200
2015-11-23,60.66049012997611,61.23637834307706,60.38625366233391,60.51422882080078,170600
2015-11-24,60.102896125232654,61.65688456619711,60.102896125232654,61.556331634521484,276200
2015-11-25,61.58372693599749,62.31501233947579,61.37347811084838,62.0407829284668,148100
2015-11-27,62.04081415530982,62.46130504313165,61.71173311716673,61.9951057434082,74500
2015-11-30,62.38813494079487,63.17427170457186,62.049911039223815,62.461265563964844,257200
2015-12-01,62.59841855141246,63.2291513481894,62.04080944435131,62.96405792236328,305700
2015-12-02,63.00061681170363,63.30227553860134,61.32778966158711,61.510616302490234,319900
2015-12-03,61.71169507891651,62.30586919677427,60.642178877124486,60.843284606933594,247200
2015-12-04,60.82502507785681,61.72999418008528,60.623919283112166,61.40091323852539,362500
2015-12-07,61.382613738172864,61.48316660224944,60.7427312418565,60.952980041503906,220900
2015-12-08,60.34967082258987,60.88900052601573,59.89261482523147,60.53249740600586,144800
2015-12-09,60.441099124698646,60.441099124698646,58.9053904018205,59.005943298339844,276400
2015-12-10,58.960221093956505,59.17960601038951,58.347767757932296,58.969364166259766,248400
2015-12-11,58.15580920048637,58.84139674338887,57.66219133044659,57.936424255371094,201000
2015-12-14,57.86328904042176,59.83777082564268,57.15942238029784,57.49764633178711,232900
2015-12-15,57.909006534339056,58.804839559868256,56.72066137053723,58.55802536010742,222300
2015-12-16,58.74084366590126,59.124769062132636,57.6347654092472,58.302066802978516,168700
2015-12-17,58.61288653278736,59.19791788025586,57.781040944719585,57.790184020996094,141200
2015-12-18,57.43367302533518,58.39349016843098,56.7755111045557,57.72618865966797,491100
2015-12-21,58.00955936565215,58.88710624061443,57.954714865380325,58.859683990478516,115000
2015-12-22,58.97851637954422,59.07906927999259,57.79017469788939,58.9876594543457,124800
2015-12-23,59.23446506823936,59.24360116759378,58.47575037452377,58.914520263671875,118500
2015-12-24,58.914538777908064,59.472147875111986,58.631166178193354,59.024234771728516,61100
2015-12-28,58.80483621254807,59.07906567274483,57.9272858994373,58.74998474121094,94300
2015-12-29,59.19013485026131,60.01539832940644,58.795839345292855,59.72196960449219,160300
2015-12-30,59.72196038999555,60.006224451694976,59.34600817352948,59.401023864746094,174700
2015-12-31,59.18096307130923,59.48356341063481,58.2639974340021,58.41987991333008,269600
2016-01-04,57.26449918609855,57.38370568679237,55.558942706732914,55.90739059448242,351600
2016-01-05,55.87070467035466,56.43005414974065,54.44023732133208,54.926231384277344,362100
2016-01-06,54.100963465224126,54.65114135552269,53.67916018279884,54.018436431884766,282200
2016-01-07,53.15649818700677,54.29353359858818,52.1753452520348,52.45960235595703,380700
2016-01-08,52.59716142442851,53.93593071850812,52.45044702915879,52.587989807128906,416100
2016-01-11,52.78971325618298,54.0367871250256,52.202855788009145,53.578304290771484,204600
2016-01-12,54.22934214584828,54.42190407212006,53.22068143856621,54.183494567871094,264700
2016-01-13,54.25686427734533,54.724518790492425,52.98228238510978,53.358238220214844,251200
2016-01-14,53.74336368688892,55.08213285532808,53.321560277317154,54.84372329711914,318500
2016-01-15,53.04646380070968,53.5324579953192,51.65267902922534,52.65216827392578,394900
2016-01-19,53.156486725251305,53.807531336498144,51.57013696218223,52.542118072509766,351900
2016-01-20,51.909402244334174,54.12845642253469,51.17583075972015,53.404056549072266,394100
2016-01-21,53.78003713305603,55.62313656284442,52.28538213408764,55.05461883544922,455900
2016-01-22,55.97157981758317,56.80601835509078,55.49475729644367,56.47591018676758,325500
2016-01-25,55.999089965232486,57.27367161352973,55.98075023313407,56.265010833740234,400200
2016-01-26,56.49424572800139,56.80601414185579,55.93489620626738,56.22832489013672,257900
2016-01-27,55.85237616136164,56.10912541739822,54.559454768119025,54.70616912841797,170800
2016-01-28,55.42139447640334,55.64146773913551,55.06377848516619,55.36637878417969,184100
2016-01-29,55.84321494479867,57.493752576606965,55.68732895012327,57.37454605102539,418100
2016-02-01,57.282846737807866,57.603783324325825,55.31136914077912,57.12696075439453,231500
2016-02-02,56.37505208860391,56.796855480616635,53.31238644156317,54.082637786865234,427600
2016-02-03,54.541111993406616,54.788693118465346,52.76220003677059,53.42241287231445,384600
2016-02-04,53.18400336185757,53.651654266115564,52.377072676252766,53.42241287231445,838900
2016-02-05,56.11829860336189,57.30118513397795,54.24768783372901,55.02710723876953,858800
2016-02-08,54.09180798707189,55.65064687309435,50.81823723176371,51.6801872253418,1035100
2016-02-09,51.26754408946512,52.450430496060406,50.62566750075826,51.542633056640625,415900
2016-02-10,51.689356709276204,53.37657377570126,51.53347421573285,51.808563232421875,415300
2016-02-11,50.84573450368657,52.05612860836686,50.6256612583149,51.58847427368164,182400
2016-02-12,52.04696273803711,52.505445510034406,50.74487334457884,52.04696273803711,171800
2016-02-16,52.93642850680217,53.64249250309218,52.15700907473926,53.266536712646484,199600
2016-02-17,53.51412005390863,54.311879252002186,52.89058308359858,53.94509506225586,197300
2016-02-18,54.100975274762234,54.55945811607378,53.12899039192103,53.294044494628906,222600
2016-02-19,53.376564266968686,53.93591381676116,52.377071669293436,53.54161834716797,255700
2016-02-22,54.01843120556037,54.559440927787335,53.56911662352968,53.89005661010742,245700
2016-02-23,53.734175103230584,54.82536625041183,53.00060342736021,53.3857307434082,209500
2016-02-24,52.698016895502874,52.84473125922493,51.06581566390536,52.532962799072266,365200
2016-02-25,52.725515050085626,53.138150215284135,50.478948926623275,53.046451568603516,326300
2016-02-26,53.32154665805335,53.88089268982032,53.32154665805335,53.86255645751953,227800
2016-02-29,53.541625589670794,54.55028993821221,53.541625589670794,54.1559944152832,328800
2016-03-01,53.73417742200928,55.29301948671822,53.449920352937475,55.25634002685547,297700
2016-03-02,55.01794471216813,55.84321528202934,54.65115701490832,55.485595703125,215100
2016-03-03,55.47643395961418,55.76986275196149,54.541128372276944,55.439754486083984,210100
2016-03-04,55.742346095662555,56.79685455857546,54.80704065598335,56.668479919433594,346800
2016-03-07,56.19165568664222,57.19114841661432,55.91656668254686,56.402557373046875,270900
2016-03-08,56.09077952574073,56.164138446807726,53.73417840462463,53.972591400146484,204900
2016-03-09,54.23851585446847,54.843713001794775,53.19317214731747,54.80703353881836,177600
2016-03-10,55.1463097744168,55.87071342675941,53.95425521237791,54.696998596191406,159100
2016-03-11,55.11881235770288,56.081625705492215,54.366900714823835,56.008270263671875,196900
2016-03-14,56.127472535386275,56.22833932722959,54.87123044139845,55.3205451965332,149800
2016-03-15,54.91707596770635,55.02711087379283,54.10097704316732,54.72451400756836,375200
2016-03-16,54.449419329621996,55.613966083237955,53.86256189427611,55.40306091308594,158100
2016-03-17,55.265508406913575,55.6506322190994,54.47691755573808,55.558937072753906,227200
2016-03-18,55.834028541332515,57.36536273994368,54.91706304451852,57.347023010253906,459000
2016-03-21,57.19114468495905,57.264503613502676,56.15497605387711,56.347537994384766,169000
2016-03-22,55.989911794595194,56.61344858219415,55.86153369295785,56.42088317871094,232400
2016-03-23,56.41173365965931,56.75101000953794,55.84321587106195,55.870723724365234,205900
2016-03-24,55.51309901315142,56.1549756414085,54.38523172967433,56.127464294433594,131500
2016-03-28,56.45757848815477,56.677651797664105,55.62313983192401,55.861549377441406,169100
2016-03-29,55.70514983292489,57.32432710691862,55.429154743564226,57.195526123046875,306300
2016-03-30,57.692314025832246,58.152306968489754,57.08512348190305,57.54511642456055,166500
2016-03-31,57.39792253720859,58.989501310117845,56.983928160135896,58.54790496826172,366900
2016-04-01,57.98672739717518,59.51390781439369,57.66473364021268,59.29310607910156,228100
2016-04-04,59.54148079039898,60.03827395375239,58.37309842894216,58.39149856567383,238300
2016-04-05,57.931515505634245,58.281107634453264,57.499120992739144,57.81191635131836,209800
2016-04-06,57.76592132234265,58.95270409516587,57.69232075838397,58.77790451049805,229300
2016-04-07,58.547894463692174,58.86068976919611,57.51751137298927,58.39149856567383,357100
2016-04-08,58.70432657263312,59.10911927781939,58.32713233318456,58.55712890625,200000
2016-04-11,58.9342935252179,59.24709237584842,58.327106491189085,58.437503814697266,166600
2016-04-12,58.58470720406665,59.03549836678628,57.91311786304804,58.455909729003906,197500
2016-04-13,58.833098949946475,60.73746597087805,58.58470233605079,60.61787033081055,304500
2016-04-14,60.617865213052866,60.71906421492586,59.17348775415217,60.03827667236328,246700
2016-04-15,59.78069372600729,60.47987803655656,59.320700723255094,59.51389694213867,220900
2016-04-18,59.04469156879244,59.99227586219594,59.04469156879244,59.72547912597656,201800
2016-04-19,59.91868029410477,59.91868029410477,58.345505217080614,58.82389831542969,287100
2016-04-20,58.60310920759781,60.09348555272132,58.455911587208675,58.65830612182617,217600
2016-04-21,58.49271078316616,58.89749984488218,57.9683155414607,58.33631134033203,240200
2016-04-22,58.11551205216841,59.55069493853657,58.11551205216841,59.05390167236328,247100
2016-04-25,58.44670801133759,59.38509763873152,58.28111025467607,58.60310745239258,203500
2016-04-26,58.89750022118515,60.29588286204344,58.70430751427201,59.743892669677734,212800
2016-04-27,59.50468884247883,60.93986461367807,58.584702933979734,60.130279541015625,204600
2016-04-28,59.826686518231114,60.222280766168964,58.83310349535249,59.05390167236328,204700
2016-04-29,59.1366923667083,59.201091098774185,56.96552508715082,57.42551803588867,310300
2016-05-02,56.201945917738186,58.62151012504888,56.201945917738186,58.42831039428711,412700
2016-05-03,60.259094368926526,60.259094368926526,57.416336952212156,59.29310607910156,582600
2016-05-04,58.538715212127926,58.69511116107377,57.195532869070945,57.2783317565918,404700
2016-05-05,57.28752373698874,57.637119369712366,56.55153570188724,56.74473190307617,325400
2016-05-06,56.16514866904742,57.50832748413086,56.11915006760699,57.50832748413086,254400
2016-05-09,57.50832127433604,58.75950275143502,56.83673193931308,56.90113067626953,256200
2016-05-10,56.98392736972079,57.517520894872625,56.20194073123863,57.40712356567383,177900
2016-05-11,57.26913090819047,58.143118346835614,56.80913788884757,57.34273147583008,213200
2016-05-12,57.49911848125338,57.49911848125338,55.25435415915362,56.05474090576172,234100
2016-05-13,55.71434380856807,56.8919245623186,55.71434380856807,56.53313064575195,222500
2016-05-16,56.73552541910395,58.501900067750164,56.73552541910395,57.8303108215332,297700
2016-05-17,57.93152167585558,58.33631426735005,56.96553353271698,57.12193298339844,367800
2016-05-18,56.76314320611628,58.76871318961615,55.21756627370412,57.96832275390625,187700
2016-05-19,57.72911295084217,58.51109953124982,56.34913415520451,57.14952087402344,297700
2016-05-20,57.63713265816241,59.02631368482326,57.63713265816241,58.9895133972168,309600
2016-05-23,59.044698873001735,61.1606693770884,59.044698873001735,60.13948440551758,557100
2016-05-24,60.59948954042211,62.135864708962345,60.45228838900073,61.537872314453125,676300
2016-05-25,62.11746105556606,62.421058166169736,61.215878569390384,61.537872314453125,253000
2016-05-26,61.556264399725315,62.54064910331671,61.556264399725315,62.43024826049805,299500
2016-05-27,62.24624463834747,63.16623046851683,62.062243260952684,63.03742599487305,406900
2016-05-31,63.11103732379104,63.460636491077466,62.51304502827021,62.86264419555664,294600
2016-06-01,62.15424847680125,63.41463175391888,62.15424847680125,63.221435546875,198800
2016-06-02,63.092644814824475,63.267437390952495,62.595851506959335,63.193843841552734,251000
2016-06-03,63.34104421588489,63.35024604256998,62.568259228830605,63.20304489135742,165900
2016-06-06,63.295050091074344,63.66303893687507,62.94545086105141,63.2674446105957,141600
2016-06-07,63.65382557440487,64.70260892088707,63.377827001568384,64.60140991210938,299500
2016-06-08,64.76702954224436,65.36502197287844,64.03103777855047,64.97862243652344,218900
2016-06-09,64.42662862779132,65.15341852479959,63.93903709384662,65.08901977539062,217500
2016-06-10,64.19660795958409,64.49100313463691,63.31342243442562,63.543418884277344,210300
2016-06-13,62.86266407470998,63.966644800988,62.44866603815202,63.11105728149414,212400
2016-06-14,63.11103938989172,63.534232115623624,62.6602482066676,63.24903869628906,245700
2016-06-15,63.617025975836775,64.1782179327088,63.17542965837169,63.44222640991211,208600
2016-06-16,62.95464764298662,63.460642793820504,62.227857798578285,63.396244049072266,147000
2016-06-17,63.55262848726984,63.55262848726984,61.65745273562107,62.467044830322266,397500
2016-06-20,63.02823684656488,63.95741756479055,62.82583882273418,62.908634185791016,204700
2016-06-21,63.12024878742644,63.46984098915952,62.29225986865111,62.77065658569336,228000
2016-06-22,62.862643783560465,63.21223592961963,62.33825205500371,62.7154426574707,233000
2016-06-23,63.43303948474989,64.32542713458989,63.00065190890363,64.2978286743164,279800
2016-06-24,61.087066122030784,62.76144020553848,60.32347612850822,60.9030647277832,484100
2016-06-27,60.18546868420677,60.18546868420677,57.38871455040827,58.23509979248047,435600
2016-06-28,58.9826743840237,61.382222009829235,58.79809325579371,61.234554290771484,567600
2016-06-29,62.03747446418051,63.39414155039885,61.354528945830666,61.76060104370117,289400
2016-06-30,61.659089149804316,63.07112828435182,60.57006435303165,63.05267333984375,337100
2016-07-01,62.92346852773419,63.08036020249986,62.175920043463414,62.38818359375,187000
2016-07-05,62.07440428216161,62.67429212367113,60.810025726437544,61.013065338134766,256600
2016-07-06,60.40394393879101,61.64986749564419,60.0901605821687,61.391448974609375,206200
2016-07-07,61.80674721133411,63.21878612520557,61.71445842084786,62.23128128051758,249400
2016-07-08,62.84958665102493,63.910924715180734,62.554258471894364,63.52330780029297,232500
2016-07-11,63.91096490259817,64.49239064053216,63.62486752949815,64.42778778076172,233500
2016-07-12,64.91690850757618,65.57217497450166,64.5846703411723,65.25838470458984,198400
2016-07-13,65.42450707336795,65.812124133765,64.66772789018148,64.90768432617188,260700
2016-07-14,65.61833484352093,65.75677156030571,64.70466377863553,65.1661148071289,208200
2016-07-15,65.48911876464649,65.65524139028656,64.6123647656023,65.45220184326172,145800
2016-07-18,65.88594861039955,66.15359093538568,65.32297803735648,65.38758087158203,194100
2016-07-19,65.38760947352792,65.85829149516104,65.18456989395348,65.5075912475586,124600
2016-07-20,65.95979694663886,67.334918744128,65.59986578515635,66.73503112792969,330700
2016-07-21,66.83653444560122,67.11340775144997,65.79365813710814,66.02438354492188,235600
2016-07-22,65.9136324019086,66.99342561383702,65.31374493711039,66.52275085449219,178000
2016-07-25,66.07053978498375,67.70407999570347,66.07053978498375,67.56564331054688,461200
2016-07-26,67.44565467102869,68.2670365810952,65.55370346085975,68.10091400146484,959100
2016-07-27,68.59931111929541,69.06998609550607,67.80561479238852,68.2393798828125,392200
2016-07-28,68.10093805888525,68.36858047845854,67.28878685000247,67.62102508544922,249700
2016-07-29,67.63024132280742,67.90711467332515,66.51353101376766,67.11341857910156,430000
2016-08-01,67.06727525744505,67.72253472119456,66.85501177656484,67.2149429321289,163800
2016-08-02,67.17803485061216,67.32569550353826,65.30454498899553,65.71061706542969,348900
2016-08-03,65.4337679982662,66.44895901949369,64.60315460228553,66.27360534667969,323600
2016-08-04,66.31974972636242,66.94732347629378,66.15362705605163,66.70736694335938,156600
2016-08-05,67.19648724595038,67.55641843522628,66.30127124758312,67.35338592529297,172200
2016-08-08,67.55641325715122,67.73176686352616,66.6427423883423,67.24263000488281,163600
2016-08-09,67.15036066486508,68.48856593120236,67.15036066486508,68.02711486816406,188800
2016-08-10,67.98097158409959,67.98097158409959,67.10421037060121,67.63026428222656,140500
2016-08-11,67.9071264335474,68.11016598693209,65.60909553334763,67.71331787109375,113700
2016-08-12,67.47337636951583,67.92559644893542,67.32570864657946,67.87945556640625,85200
2016-08-15,67.90710947772418,69.01458871269784,67.31645294691405,68.86692810058594,187100
2016-08-16,68.53470079198512,68.53470079198512,67.7686904834508,68.07324981689453,193000
2016-08-17,67.81483839743309,68.32243024532289,66.56891513174205,68.07324981689453,178000
2016-08-18,67.85176222708726,68.6639206165545,67.85176222708726,68.5624008178711,93100
2016-08-19,68.49776684203773,69.81751658438414,68.49776684203773,69.22686004638672,261400
2016-08-22,69.08845483884892,69.80831738224246,68.86696029653965,69.77140045166016,110400
2016-08-23,70.28821296568793,70.62968216661548,69.24532929924572,70.05748748779297,141800
2016-08-24,70.00211724380316,70.1682398900829,69.06076027567373,69.2361068725586,278800
2016-08-25,69.27303518719499,70.02981469106727,69.0238546974013,69.48530578613281,103200
2016-08-26,69.95596922366019,70.85117818261494,69.77138461265177,70.77735137939453,320100
2016-08-29,70.72195059923652,71.15571549945207,70.2235828654472,70.29741668701172,239000
2016-08-30,70.35284228173944,71.69104774043575,70.30669435232835,70.48204803466797,335700
2016-08-31,70.46354701196591,70.90654294887685,69.9559552755601,70.80502319335938,342600
2016-09-01,70.74043632791285,71.7463960800751,70.25129941787554,71.67256927490234,238300
2016-09-02,72.0325037549865,72.40165892121212,71.10960175705551,71.4049301147461,5209500
2016-09-06,71.8294495267737,71.97711015488626,70.29742914316158,70.74042510986328,374100
2016-09-07,70.601997184049,70.76811981201172,69.78061503500632,70.76811981201172,268000
2016-09-08,70.44510497145257,70.52816276416407,69.58680590751968,69.73446655273438,297700
2016-09-09,69.15304438520177,69.71601514605638,67.71331957576801,67.75946044921875,470400
2016-09-12,67.75946463101386,69.58681372907171,66.0797832359514,69.56835174560547,407800
2016-09-13,69.24533235628793,70.26052309560781,68.64544467904064,68.93154907226562,444100
2016-09-14,69.03306770740332,69.4114538401764,68.6639055243489,68.90386199951172,260000
2016-09-15,69.02384371349703,69.58681451545758,68.35935312487582,69.41146087646484,645100
2016-09-16,69.93750897892778,70.08517667140198,68.85771538214698,69.78984832763672,466100
2016-09-19,70.33435554943186,71.05421793140592,69.6421790988902,70.10363006591797,161400
2016-09-20,70.29742248638264,70.52814791692047,69.64216310859698,69.74368286132812,252500
2016-09-21,70.02980851365513,70.59277935554204,69.44838272796821,70.55586242675781,208300
2016-09-22,71.30342499561624,71.91253677810244,70.96194865132927,71.39571380615234,438800
2016-09-23,71.12806002476461,71.95867326997777,70.08518325316486,70.62969207763672,300900
2016-09-26,70.1774728336942,71.8479232935564,69.78062466994317,70.4728012084961,455900
2016-09-27,70.53737479503253,72.41086405523113,70.39893813654112,72.37394714355469,389000
2016-09-28,72.49426820171723,73.09568984646883,72.13341662670389,73.04017639160156,322800
2016-09-29,73.2252099398836,73.6045706230479,72.33695956024307,73.04940795898438,334400
2016-09-30,73.34549880860394,74.89069135912248,73.34549880860394,74.48357391357422,787400
2016-10-03,74.23374976679717,74.48356732133594,72.9568840948377,73.27147674560547,377300
2016-10-04,73.52131315933133,73.7988945659658,72.41100165117028,73.15120697021484,205300
2016-10-05,73.22519351431325,74.29850022761077,73.22519351431325,74.03942108154297,249900
2016-10-06,74.28002067857207,74.39105464261216,73.29924537004173,74.30777740478516,373600
2016-10-07,74.2059915406289,74.4373069844079,73.1049348284881,74.27075958251953,181200
2016-10-10,74.57612173904812,75.28857748904508,74.3540608179014,74.4743423461914,158200
2016-10-11,74.52058854767424,74.62236791358956,72.1796772499969,73.20671844482422,379000
2016-10-12,72.947638715533,72.947638715533,72.17042217285076,72.27220153808594,310200
2016-10-13,71.90209346431591,71.90209346431591,70.46794191315092,71.15263366699219,418000
2016-10-14,71.68929417639825,72.52202422810981,71.35619933203843,71.40245819091797,157900
2016-10-17,71.19886591494523,71.59672862171297,70.72698765699035,70.79175567626953,254400
2016-10-18,71.680053376648,71.89285969866462,71.180411013946,71.22667694091797,170400
2016-10-19,71.06010244702279,71.56899215412591,70.17184498964667,71.35618591308594,138500
2016-10-20,71.0600925439232,71.77254085825379,70.70848862378271,71.18962860107422,273500
2016-10-21,70.7177538429812,71.84657427565594,70.26437757482365,71.79105377197266,193800
2016-10-24,72.06861349336378,73.50277155891789,72.06861349336378,73.43800354003906,193100
2016-10-25,73.3732715181729,73.75262522652176,72.69782722490463,73.26223754882812,133800
2016-10-26,72.91987068459639,73.64157366495981,72.84585511523618,73.33624267578125,108300
2016-10-27,73.98393827456017,74.74265272555638,72.68857024478454,73.10494232177734,265000
2016-10-28,73.23447897494032,73.67860072274631,71.78181811044654,72.14266967773438,355900
2016-10-31,72.14265961874713,73.53055224070322,72.0871461728087,72.91987609863281,532600
2016-11-01,73.345488295703,76.41735670834997,69.43163544766927,70.77326202392578,922700
2016-11-02,70.93979383782852,71.53196060243378,70.2551023398508,70.79175567626953,386000
2016-11-03,71.08784115833424,71.46719469412186,70.19959098518959,70.72698974609375,244000
2016-11-04,70.49568219724368,71.48571180769665,69.91276288265753,70.95831298828125,330500
2016-11-07,71.92063634580964,72.75336670663661,71.4857619676232,72.6885986328125,466000
2016-11-08,73.28997095671909,73.38249570547252,71.99460329661339,72.7995834350586,207000
2016-11-09,71.4949893989571,74.12273706758947,70.80104292065052,73.79889678955078,351900
2016-11-10,74.61309903196349,75.36255871093717,71.78180063656407,71.97610473632812,428500
2016-11-11,72.29995360308997,74.17823385269203,72.29995360308997,73.36400604248047,503100
2016-11-14,73.7526211271588,74.12272727854852,73.13269738261394,73.86365509033203,383700
2016-11-15,73.87289124394017,74.7611486940887,73.31773563198729,74.20598602294922,203500
2016-11-16,73.808138379933,75.25155173876333,73.808138379933,74.9277114868164,188700
2016-11-17,75.19600364883223,75.70490032897474,74.72412533726605,75.5383529663086,240700
2016-11-18,75.55687955652387,76.01951044170704,75.17751884226388,75.71417236328125,174400
2016-11-21,77.72197293231531,78.48994174001776,76.33408055852397,76.66717529296875,461400
2016-11-22,77.17607750723016,77.82375783765202,76.77821471591783,77.67571258544922,424600
2016-11-23,77.86075260474726,77.9070114418407,77.08352931422027,77.72196197509766,260800
2016-11-25,77.62021033909413,78.10135041895239,77.04654549285917,78.03657531738281,103200
2016-11-28,78.00881454792719,78.35116393087293,77.08355281376912,77.4629135131836,307800
2016-11-29,77.51842999522862,77.74049084355391,76.7504610315859,76.88925170898438,291200
2016-11-30,76.91704066474094,77.1946221358585,75.78822676153166,75.90850830078125,253100
2016-12-01,75.59387425311652,75.85295344576441,70.24586302635802,70.78251647949219,671400
2016-12-02,70.68073280370795,71.75403964423643,69.4686423710299,70.92130279541016,668600
2016-12-05,71.30993243846837,72.67932311979114,71.18965093600141,72.15192413330078,297300
2016-12-06,71.97610527020198,72.69780823444626,71.55973328831674,72.42948150634766,192900
2016-12-07,72.38325145327208,73.71562397144369,71.66154114274235,73.41954040527344,214800
2016-12-08,73.66935181747337,74.97396736899407,72.74408995768731,74.7704086303711,194500
2016-12-09,75.27931262187546,75.30706935083346,73.84515377941239,74.3262939453125,226700
2016-12-12,74.14123719430812,74.56685684238063,72.74409673841411,74.09497833251953,173400
2016-12-13,79.22091735751977,81.5063080593844,75.68641758618566,76.833740234375,1062600
2016-12-14,76.69493991880148,77.37038404973167,76.0565071020908,76.64867401123047,442600
2016-12-15,76.99102100434996,79.19314118875448,76.33408608033668,77.9162826538086,540500
2016-12-16,78.2678922289714,78.86006627508614,76.97253135705971,77.04654693603516,628600
2016-12-19,77.39814145780414,79.38745549485158,77.23159407193072,77.82376098632812,265700
2016-12-20,78.28639069122853,79.28567499194092,77.84226198229426,79.04510498046875,303400
2016-12-21,79.28568525841584,79.57251415515147,78.19387606089627,78.2586441040039,262100
2016-12-22,78.57321446986855,78.6009711887846,77.61094154539181,78.00880432128906,180600
2016-12-23,78.24011993408203,78.82303926962426,77.10205210035981,78.24011993408203,190200
2016-12-27,78.1013227155538,79.32266755238831,78.1013227155538,78.66572570800781,161800
2016-12-28,79.35205405043493,79.35205405043493,77.03344557934152,77.19111633300781,197400
2016-12-29,77.43226089605146,78.17421857489133,76.40279797768173,77.18185424804688,236300
2016-12-30,77.25605096228617,77.2653203032366,75.45680820130912,75.9854507446289,250600
2017-01-03,76.87578815783257,77.94234955650103,75.90196969038918,77.54354858398438,433900
2017-01-04,77.85887679081252,77.95162679885304,76.50481016824028,77.00563049316406,363400
2017-01-05,76.70885112986416,77.68266963638997,76.2358529630517,76.7552261352539,231900
2017-01-06,76.67172962987159,78.12781520851821,76.31002733857807,77.8495864868164,269200
2017-01-09,78.02581713866418,79.5839224623776,77.67339116485755,79.20367431640625,481900
2017-01-10,78.91615219831348,79.52826821302853,78.4988055161578,79.361328125,300300
2017-01-11,79.7601488757205,80.08475271760624,78.88834963537046,80.05693054199219,261500
2017-01-12,79.88070812261529,79.96418171915367,78.64721361413417,79.7137680053711,142000
2017-01-13,79.97345110679325,81.25332050928999,79.81578034404116,80.81742095947266,160300
2017-01-17,80.50206268627882,80.6319041522382,78.73991940790677,78.99032592773438,220300
2017-01-18,79.50972927148523,80.6226585698092,79.41697926676497,80.17748260498047,259600
2017-01-19,80.00127718180653,80.65048479247062,79.20367521680078,79.3984375,211500
2017-01-20,79.40771054699935,81.4295375462128,79.40771054699935,81.18840026855469,452500
2017-01-23,81.02146781097683,82.19931798745749,81.02146781097683,81.92108917236328,651500
2017-01-24,82.32911823065558,84.51788444245683,82.2827503226417,83.97997283935547,364600
2017-01-25,84.43447163036497,85.10223219749956,83.41428501983538,83.52557373046875,455200
2017-01-26,83.68323102799793,84.15622212354002,81.38316800963015,81.89326477050781,507400
2017-01-27,82.31988750802162,83.60903341426503,81.7634228200327,83.26587677001953,196100
2017-01-30,82.54246929522218,83.10821038117736,81.24404701473765,82.5888442993164,228200
2017-01-31,82.58882574520702,82.58882574520702,80.81740570908447,80.91014862060547,437100
2017-02-01,81.83757723894618,82.70937601802308,80.82666765540324,82.4682388305664,398100
2017-02-02,82.07874785269313,82.36625306678089,81.40171099997706,81.86543273925781,238700
2017-02-03,82.71865656480882,83.23802246298646,82.12509351665446,82.60736083984375,345900
2017-02-06,82.37552776300504,82.44044852211567,81.52228147874183,82.1158447265625,286200
2017-02-07,82.23642062381823,83.29370574002408,81.93036254390786,82.88563537597656,214100
2017-02-08,82.588834601299,83.87798031441994,82.31059876106988,83.38643646240234,448000
2017-02-09,83.45135610986803,83.84088062036525,82.44043917453239,82.5517349243164,649300
2017-02-10,81.38316042053152,82.8577920676496,79.06455186154203,81.98600006103516,977200
2017-02-13,82.10657131256593,82.68158882559146,78.78632190904568,79.67667388916016,768700
2017-02-14,79.37061614812829,79.50973408780386,78.61011276384514,78.95326232910156,353200
2017-02-15,78.89760294107346,80.01980850905578,78.32258553543474,79.77867126464844,461800
2017-02-16,79.95490674986881,80.42790493659406,79.30569910207547,79.90853881835938,252900
2017-02-17,79.7694176605918,80.32588234712995,78.85124349817983,80.2424087524414,239300
2017-02-21,80.24240318829582,81.8283376949151,80.17748243063197,81.81906127929688,327900
2017-02-22,81.76340856689444,82.625924083631,81.59646848201581,82.35697174072266,272700
2017-02-23,82.59811488630623,82.59811488630623,80.53918920808873,81.78196716308594,462400
2017-02-24,81.13275560943303,82.3848028438973,80.72467822973164,82.37552642822266,266400
2017-02-27,82.49608258378053,82.64447691515711,81.79123073723535,82.63520050048828,413000
2017-02-28,82.54248506817281,82.54248506817281,81.34608190741051,81.58721923828125,509000
2017-03-01,82.31060800574592,83.00619060861139,81.587203230899,82.95054626464844,312700
2017-03-02,82.8670396469708,83.23801830248199,82.3940416842983,82.4682388305664,229100
2017-03-03,82.54245477686497,82.57027694409501,81.80049729685291,82.1436538696289,267100
2017-03-06,81.57794238876089,82.05094063024107,80.68759733621985,81.76343536376953,178000
2017-03-07,81.74485110028056,82.8856094615427,81.34605020212899,81.93961334228516,258000
2017-03-08,82.20858991607194,82.95054753414978,81.69849316916441,81.95818328857422,153400
2017-03-09,81.95818776287571,82.21787082063001,81.45736740470697,81.92108917236328,160700
2017-03-10,82.4311735061296,82.83925089937327,82.07874753294873,82.77433013916016,205300
2017-03-13,82.76504857063588,84.39735096615932,82.54246413173824,84.3602523803711,222300
2017-03-14,84.28605036508581,84.86106779801096,83.78523009947321,84.75904846191406,303900
2017-03-15,84.86107162382017,86.15021739171112,83.85016170797931,85.9925537109375,259000
2017-03-16,86.29861119719678,86.79015506704586,85.54737723165859,85.62157440185547,188000
2017-03-17,85.8070791052607,86.53049105988283,85.32481154467911,86.21515655517578,503900
2017-03-20,86.52119814061194,87.63412742250792,86.07602218235448,86.92927551269531,252000
2017-03-21,87.5228402626387,87.5228402626387,84.95381796307957,85.02801513671875,288100
2017-03-22,84.93527309389263,85.50101416608905,84.39735419314324,85.40826416015625,234200
2017-03-23,85.25986328717757,85.90907077015862,84.31387422971505,84.50863647460938,204300
2017-03-24,85.21351224039931,86.2058765723294,84.46228521670287,84.7961654663086,222500
2017-03-27,84.24897276264271,84.72197097726557,82.62594647159995,84.46228790283203,286400
2017-03-28,84.46228915118947,86.07603904890146,84.41591414042672,85.94619750976562,272200
2017-03-29,85.77889399913909,86.42950580353106,84.97956687309363,85.3885269165039,173900
2017-03-30,85.41640018467703,85.9647719199111,83.72480258197929,85.44428253173828,260700
2017-03-31,85.27698902502053,86.11349496774397,84.49625487256978,85.602294921875,226000
2017-04-03,85.72310637994151,86.01123337468975,84.64494185962494,85.03530883789062,339300
2017-04-04,84.73790135493128,86.38303078840637,84.73790135493128,86.001953125,329500
2017-04-05,86.13209002595336,86.42022421488083,84.39402386684921,84.56132507324219,295800
2017-04-06,84.67282624058545,84.99813206363818,83.46454645622748,84.62635803222656,301000
2017-04-07,84.44979151456934,85.55583881154831,84.09660321816072,85.25841522216797,180100
2017-04-10,85.48147659737795,85.73242485680296,84.33825052610605,84.79368591308594,256900
2017-04-11,84.52412800684222,85.61158206825401,83.10207160482129,84.18022918701172,439400
2017-04-12,84.18023520606138,84.35683286821438,82.97194810178502,83.09278106689453,288500
2017-04-13,82.72099758212426,83.87351286628963,81.96814582834942,82.693115234375,200800
2017-04-17,83.03699507999515,84.059394958546,82.95334804873295,84.04080200195312,148600
2017-04-18,83.80842916673654,84.76576066822766,82.91615882288654,84.68211364746094,173300
2017-04-19,85.31416695980403,85.9461928775494,84.94238575681206,85.3234634399414,268400
2017-04-20,85.65806447533839,87.30318687712112,85.25840092931462,87.191650390625,267700
2017-04-21,87.04292899748654,87.50765365087288,85.91829618722788,86.78268432617188,382400
2017-04-24,88.28840097274846,88.91113749141573,87.75861507167751,88.53005981445312,340500
2017-04-25,89.18065108933783,90.00786033959737,88.53003946254995,89.42230987548828,458500
2017-04-26,89.43162926497638,89.48739396409182,87.0708267568876,87.09870910644531,366900
2017-04-27,88.29768749221088,89.78480502122098,86.4202029414236,87.79578399658203,536700
2017-04-28,87.60987534757406,88.06530342727412,84.9795326567923,85.04459381103516,414500
2017-05-01,85.04466231416328,86.07635222756069,83.92932531699078,85.37926483154297,376300
2017-05-02,85.28625702049091,85.63014867182208,84.00361263965988,84.68211364746094,244100
2017-05-03,84.40328591924532,84.62635884960902,83.34371431899088,84.41258239746094,245800
2017-05-04,84.62635615127202,86.29006405092527,84.579880852811,86.21571350097656,288100
2017-05-05,86.6990546898763,86.8663558959961,85.42571331826102,86.8663558959961,211500
2017-05-08,86.58749618533169,86.97786317139686,85.73239747963429,86.141357421875,251900
2017-05-09,86.29008923006252,87.81439295252389,85.16545617226448,87.1080093383789,208800
2017-05-10,87.60060737227143,88.85536266441623,87.2009438401371,88.6601791381836,361200
2017-05-11,88.39063867870453,89.02266456977284,87.80508809522479,88.79959869384766,314900
2017-05-12,88.52075726841224,89.022660786265,87.7957878841147,88.12109375,165800
2017-05-15,88.54865790641952,89.64540868876655,88.54865790641952,89.31080627441406,257800
2017-05-16,89.580325476201,91.39275595682736,89.40373492231203,91.28121948242188,284800
2017-05-17,89.9242411210417,90.51908824695452,86.33656540411538,86.40162658691406,306000
2017-05-18,86.07631376633022,88.00027383601606,85.64876787208188,87.21024322509766,263000
2017-05-19,87.84225332922594,89.0226507932605,87.84225332922594,88.390625,189600
2017-05-22,88.59511026325123,89.13419257902643,88.23262559015927,88.50216674804688,182800
2017-05-23,88.75310343571131,88.75310343571131,87.25668963427896,88.33485412597656,136300
2017-05-24,88.70663433587703,90.84436325128678,88.38132144143377,90.55623626708984,243800
2017-05-25,90.93732888004487,91.40205359531363,90.25883476678887,90.77003479003906,117000
2017-05-26,90.72354054244487,91.4020345140572,89.7476160076617,91.09532165527344,115800
2017-05-30,91.29980165089106,91.95041328019657,90.63988645256484,90.9187240600586,212600
2017-05-31,91.55076453217127,91.69947983769472,90.23094810576288,91.27192687988281,155800
2017-06-01,91.73664703816641,91.89465881525818,90.98379534179344,91.63440704345703,211400
2017-06-02,92.09912728581148,94.02309413495429,91.58793442797625,93.68849182128906,361300
2017-06-05,93.68848350839046,94.33909512104724,93.01927894043793,93.8836669921875,230800
2017-06-06,93.2888466083813,94.75737139355,92.96353361835075,93.71639251708984,241500
2017-06-07,94.06959064029869,95.38940733500264,93.6978093920495,94.60867309570312,227300
2017-06-08,95.08267613795078,96.21659844559804,93.91156791235558,96.05859375,229800
2017-06-09,96.3746194902178,96.58838890100046,89.82199777625867,91.02098846435547,331900
2017-06-12,89.76622639295825,91.92254875668615,87.08011814520218,90.47260284423828,344600
2017-06-13,91.26263663678924,92.83340126263515,90.4354272581876,91.1511001586914,237100
2017-06-14,91.32769768767588,92.14561058589378,88.7624154239372,89.6546859741211,165000
2017-06-15,88.04671764939042,89.83125824558898,88.04671764939042,89.60819244384766,199800
2017-06-16,89.03197535765953,90.71427681390705,88.84608118856693,90.33320617675781,391600
2017-06-19,95.73328822785919,95.74258470738003,90.70496356865056,91.39276123046875,169500
2017-06-20,91.24403726233115,91.79241604383263,89.5059715871195,89.59891510009766,335800
2017-06-21,90.286718810183,91.25334708702604,89.8126976061913,90.67708587646484,147000
2017-06-22,90.47261656781795,90.77004723385616,89.45951995339043,90.21237182617188,119800
2017-06-23,90.32388399211,91.81100146597534,89.94280637226628,91.62511444091797,293900
2017-06-26,92.01551118513989,94.10677280298398,91.95974647782813,92.48953247070312,856100
2017-06-27,92.38726874295673,92.38726874295673,89.86846180264538,90.00787353515625,518400
2017-06-28,90.6039611375126,92.36425547754577,89.52357219028194,92.2338638305664,319600
2017-06-29,91.78682758456421,93.13731582165286,88.8436849938096,90.45496368408203,298700
2017-06-30,90.54808070993072,91.22797899449313,89.72846795377421,89.78435516357422,238700
2017-07-03,90.25004625923816,90.52014528534163,87.77259063720703,87.77259063720703,150900
2017-07-05,87.80051277320862,89.95198882324051,87.79120416117554,89.16963195800781,260300
2017-07-06,88.21964392116399,89.66326768043433,87.79121323162374,88.75984191894531,178200
2017-07-07,89.25346510422423,91.44218995862549,88.9740503969342,91.30248260498047,374400
2017-07-10,91.51668789857659,91.72159103937318,90.53874367416016,91.06962585449219,242600
2017-07-11,91.06033603062951,92.18730362546657,90.6691610719555,91.94514465332031,260800
2017-07-12,92.80201342406527,93.5750547883704,92.55985443285141,93.27701568603516,137800
2017-07-13,93.37011865802302,93.50051027521529,92.09413542600126,93.14659118652344,192800
2017-07-14,93.3794357037083,94.11522104308142,93.14659251172226,93.87306213378906,140300
2017-07-17,94.14318251426928,94.85102086281307,93.15592232361706,94.09661102294922,233900
2017-07-18,93.83583555159818,94.86966021398153,93.40740479780699,94.65544128417969,169300
2017-07-19,95.11179866968537,96.81620559676821,94.962775601847,96.49954223632812,172700
2017-07-20,96.82553022291644,97.924550578996,96.1549405675714,97.79415893554688,127500
2017-07-21,97.87800337734845,97.87800337734845,96.0618285316267,96.62996673583984,237200
2017-07-24,96.53681234075077,97.76622440976341,96.25739759996117,97.65445709228516,261200
2017-07-25,97.73830436894454,98.03634350409857,96.76035968175695,97.72898864746094,367900
2017-07-26,98.4088776346603,100.46721117562886,97.63583631535457,99.4613265991211,386800
2017-07-27,94.62747528321381,100.17845633167876,92.67159381973823,97.40296936035156,588000
2017-07-28,96.7789791322611,96.7789791322611,95.2701522004915,95.57750701904297,224300
2017-07-31,95.55887903527685,96.62995952588294,94.68339314959749,95.298095703125,220400
2017-08-01,95.81032053455743,96.84414488987827,95.00002365703801,96.11766815185547,273400
2017-08-02,96.3412150524737,96.35052366528981,94.19905454009105,94.86964416503906,232500
2017-08-03,94.7485611928362,95.74512983744403,93.83581269220147,94.47846221923828,245900
2017-08-04,94.62747410504824,95.4191395559066,94.02208036998815,94.5809097290039,188100
2017-08-07,94.86033976801501,96.06181180514093,94.06867412967031,95.71720123291016,220900
2017-08-08,95.71718845549188,96.72307287868955,95.25150201206458,95.47503662109375,195000
2017-08-09,95.00934835703828,95.83826964198968,94.42257890184473,95.13973999023438,196000
2017-08-10,94.67404766712342,94.81375500994707,93.35149998078886,93.57502746582031,240500
2017-08-11,93.7427119986807,94.74859673858879,92.87653465695098,94.16182708740234,158700
2017-08-14,95.00004655452648,95.95935961319617,94.32014113400048,94.78582763671875,227100
2017-08-15,94.94415857735278,95.4750408622099,94.44121634341265,94.79513549804688,178700
2017-08-16,95.000035188298,95.03729095675547,94.1711138811003,94.50640869140625,190800
2017-08-17,93.9289872478027,94.20840205443844,90.82751273856353,90.8833999633789,200100
2017-08-18,90.8926844793658,91.91720042817317,89.9147471270658,90.91131591796875,181700
2017-08-21,90.9578763401114,90.9671849524683,88.94610756451223,89.29071807861328,317900
2017-08-22,90.07310270878622,91.14418332647162,89.49564875778542,90.8833999633789,504100
2017-08-23,90.17552188231248,91.1907220156893,90.02650591665831,90.929931640625,147200
2017-08-24,91.13482920279284,92.32698527790873,90.79953441844016,91.64708709716797,255800
2017-08-25,91.85199330265824,91.97306921543219,90.54806988755576,90.80885314941406,329800
2017-08-28,91.13483497447339,91.3583624762612,90.66914853402558,91.31179809570312,164400
2017-08-29,90.62258221713007,91.89855848897407,90.33385179827016,91.553955078125,206500
2017-08-30,91.76817164062756,93.17454672366905,91.2279736476962,93.13729095458984,326900
2017-08-31,93.4353338997397,94.45053410852304,93.07209901832677,94.36670684814453,210100
2017-09-01,94.4598590133992,95.91280589545372,93.85446507136089,95.66133117675781,259100
2017-09-05,95.15836684469532,96.59268195370214,94.65542462939594,96.40641021728516,453200
2017-09-06,96.66719277933787,96.66719277933787,95.11180176368535,95.47503662109375,309200
2017-09-07,95.92212314848734,96.4157498038011,95.05594579484567,95.64271545410156,242400
2017-09-08,95.46571299483738,96.20149836720218,94.72992762247257,95.67061614990234,241500
2017-09-11,96.38777740748168,98.18532735097028,96.33189730851463,97.95248413085938,206400
2017-09-12,98.0270111735974,98.52995346129481,97.17945830752984,98.51132202148438,301900
2017-09-13,98.50198723275231,98.52061156180147,96.4809028991142,96.69512176513672,535200
2017-09-14,96.57406980361746,97.51475142872941,95.57750096588215,95.71720123291016,370100
2017-09-15,95.88482307840658,97.00247465714168,95.5215882694155,96.17355346679688,545500
2017-09-18,96.67649929078908,97.7103236652057,96.59267204393367,97.0304183959961,197900
2017-09-19,97.03973014920528,97.46816076615637,96.2294332898222,96.369140625,223600
2017-09-20,96.23875121251696,96.66718183928624,93.37943705770103,94.41326141357422,290500
2017-09-21,94.413276284625,96.01523175216077,93.71474658851275,95.54954528808594,297500
2017-09-22,95.17701828632673,96.15495576677772,95.00005512546822,95.90348815917969,103500
2017-09-25,95.89412883695502,95.89412883695502,94.08726359108815,94.70197296142578,187400
2017-09-26,95.25151472731773,96.00593169832973,94.60887218155244,95.71720123291016,223600
2017-09-27,96.32258111197271,99.50787464188451,95.93140620952272,98.91179656982422,292700
2017-09-28,98.80918850747477,99.48104360948757,97.92271737628725,99.31307983398438,202500
2017-09-29,99.3970489354563,99.84495466829428,99.16376633109113,99.425048828125,243600
2017-10-02,99.7422773746533,100.48878431397996,99.16373414071423,100.35814666748047,166100
2017-10-03,100.56342456680076,101.60853280869433,99.98488847938147,101.1419677734375,193400
2017-10-04,100.84338646306091,101.30061829503761,100.14353877118646,100.51679229736328,154100
2017-10-05,101.05800987338479,101.06733605013498,99.7516260872513,100.99269104003906,122300
2017-10-06,100.43280603127869,101.43125511188939,100.40481326291315,101.36593627929688,110800
2017-10-09,101.36592916776883,101.74851595984018,100.79671918687428,101.33793640136719,172600
2017-10-10,102.64433576119742,104.09069061279297,101.72986491014113,104.09069061279297,266700
2017-10-11,104.28663002804373,105.06112266028657,103.26951443845377,104.99580383300781,159400
2017-10-12,105.02380505836408,106.4141670391625,104.809181983585,105.57434844970703,195300
2017-10-13,106.040927953443,106.62879748634839,105.54637002777697,106.45150756835938,226700
2017-10-16,106.4608476171561,106.96473890496736,105.91030407925616,106.2182388305664,143000
2017-10-17,105.9289455668947,106.5728077340736,105.53703256044624,105.56502532958984,159200
2017-10-18,106.20888467300689,106.62879043743497,104.87450813195963,106.23687744140625,159400
2017-10-19,105.47171240699427,106.35819042769634,103.64277794722202,106.31153106689453,127500
2017-10-20,107.32864936911521,107.4033015054807,106.2835479368767,106.35820007324219,162500
2017-10-23,106.54478954385802,107.62721670138983,106.28351426856472,107.03001403808594,146700
2017-10-24,107.43129545284653,108.20579535787273,106.88075195936838,107.06737518310547,180100
2017-10-25,106.51682640534887,107.3286452194726,105.07980487236084,106.45150756835938,232600
2017-10-26,105.63032445101764,107.72054100043299,105.52767957050092,107.16999053955078,190300
2017-10-27,109.30686840241093,113.03938911171427,107.86051377986858,112.80610656738281,464700
2017-10-30,112.61014319837444,113.48728778957346,111.16378866427624,111.928955078125,258000
2017-10-31,112.1809299274204,114.00053123159813,111.69569816682669,113.53396606445312,213800
2017-11-01,114.61637007641708,114.7190149553289,111.11713225683499,112.55415344238281,222700
2017-11-02,112.43286512907612,113.1887054948292,111.14514790919979,111.86365509033203,207100
2017-11-03,112.30222006344162,113.9911905953452,111.50906080374406,113.98185729980469,221300
2017-11-06,114.07517608415297,116.4639873092784,113.46863998174312,116.25869750976562,257400
2017-11-07,116.4173333719843,117.3411303371219,114.12183378391029,115.41888427734375,184100
2017-11-08,114.89633177577315,116.0347518857993,114.21515064057341,114.92433166503906,377600
2017-11-09,113.87920733134413,114.56972166697817,110.37063588242663,112.33020782470703,278700
2017-11-10,112.46083047596605,114.07514859466933,112.25554784514067,113.65524291992188,194700
2017-11-13,112.9087616415645,114.56039907196411,112.30222554774537,112.79678344726562,356600
2017-11-14,112.2835746732278,113.0114151938585,110.61327052292994,111.76101684570312,301300
2017-11-15,110.93051603960106,112.27422581091743,109.59613956370174,110.96784210205078,209000
2017-11-16,111.69568229610297,114.01918162417951,111.69568229610297,113.11404418945312,213500
2017-11-17,112.82476613602911,114.85898296155017,112.82476613602911,114.42041778564453,345200
2017-11-20,114.54172172644653,116.20269219366963,114.41108407975825,116.0627212524414,228500
2017-11-21,116.72526838537823,118.2089492971104,116.64129007375041,118.17162322998047,233800
2017-11-22,118.27425567391737,118.32091503271879,115.96942288581221,116.04407501220703,199000
2017-11-24,116.10004099509109,117.24779410765892,116.10004099509109,117.14514923095703,58200
2017-11-27,116.46398128560749,116.90255363111598,115.42820616470576,116.01608276367188,263400
2017-11-28,116.33335508752046,117.69572449809225,115.82013768392675,116.5853042602539,235200
2017-11-29,116.33331542922913,116.87453253801725,108.70964503536135,109.0642318725586,394500
2017-11-30,110.66927199670522,111.07051838240858,107.92587326394366,110.43598937988281,431000
2017-12-01,110.02538378985912,110.24933304140573,105.25708796373475,109.14823913574219,303000
2017-12-04,110.54794495681594,111.4530824637749,103.52147511633845,103.76408386230469,505400
2017-12-05,103.41883476169626,106.01293590438218,102.19642920512102,103.8014144897461,342400
2017-12-06,103.07357398142062,104.51992882073769,97.98801660047616,103.8014144897461,256600
2017-12-07,104.20264804053848,105.30374196463737,103.49347421223094,103.820068359375,410000
2017-12-08,105.20111285196991,107.15135897038046,104.65056936695333,105.24777221679688,305700
2017-12-11,105.52768836594794,107.30997042236149,105.33173188296112,106.26486206054688,394400
2017-12-12,105.71430111214049,106.37682257386466,104.61320740073005,105.26639556884766,498200
2017-12-13,105.46236870329537,106.46081770063826,103.38149241051656,104.04401397705078,343100
2017-12-14,103.72676631556193,104.8558531106528,102.64433176337751,102.88694763183594,383300
2017-12-15,102.87761994568713,106.52616299091827,101.86983747025954,104.93050384521484,593600
2017-12-18,105.98492450228837,107.63656174089074,105.81696078995438,107.09534454345703,333800
2017-12-19,106.76877206013616,108.09381543762402,105.86363448900644,106.38619232177734,348200
2017-12-20,107.27264912630342,108.07514168421359,105.69565677797924,107.281982421875,263800
2017-12-21,107.5899278466662,107.78588435792611,105.96627597756532,106.10624694824219,194800
2017-12-22,105.61168925355533,106.12491377409013,105.14512409642163,105.60235595703125,255500
2017-12-26,104.84650804525172,106.10623236982578,103.9133778612386,105.57434844970703,145600
2017-12-27,105.40638328033774,106.3488467465941,105.04246308312138,105.341064453125,186500
2017-12-28,105.74304209784538,106.02347374393707,105.38781869486643,105.92064666748047,178300
2017-12-29,106.03279845872808,106.90214990596385,104.97649262510184,105.03257751464844,196700
2018-01-02,105.63085051450366,108.76238315205853,105.31302659996204,108.72499084472656,285800
2018-01-03,108.90260601446096,111.17413705179638,108.43521285560061,110.77217864990234,268100
2018-01-04,111.45455635562611,112.17433855668311,110.38889357803343,111.80042266845703,183700
2018-01-05,112.37068429773905,113.38025542928149,111.37046302811507,112.23981475830078,227700
2018-01-08,112.32394925885599,114.28699948240748,111.73502919949203,113.63264465332031,206700
2018-01-09,113.7728334344179,114.10000719498004,112.64174292970137,113.43630981445312,157800
2018-01-10,112.14630390856055,113.15587473739171,111.77238799434313,112.19303894042969,212200
2018-01-11,112.30522436496041,113.95045023308374,111.12739164206558,113.78218841552734,213200
2018-01-12,113.9878257585271,115.66109382791866,112.84738551097568,114.87586975097656,120700
2018-01-16,115.67982080213251,116.32482572152571,111.95936766983381,112.08089447021484,283300
2018-01-17,113.33349784642219,113.33349784642219,111.81914848680505,112.65110778808594,542900
2018-01-18,112.63240353115356,114.39914913413051,111.6789246072667,111.87522888183594,315300
2018-01-19,112.17436603507183,112.76327888928846,110.86566367162516,112.1650161743164,304000
2018-01-22,111.93130874687304,113.28675315107695,111.31435350194674,112.35196685791016,384100
2018-01-23,112.32392653178998,113.95045271570314,111.43587525739592,113.2400131225586,379600
2018-01-24,111.67891576831884,113.75414240931016,111.44521920301537,112.14630889892578,377900
2018-01-25,113.60458117843397,113.87567006908455,109.60369683999801,109.91217803955078,322800
2018-01-26,111.08999457868411,114.46457351331117,109.99629637731717,114.43653106689453,223900
2018-01-29,113.6232734876087,115.39936168756626,112.80065700912405,114.75436401367188,307200
2018-01-30,112.79135530374703,115.33396888131932,111.24895597746908,111.78178405761719,303700
2018-01-31,112.99697208561196,113.77284647232354,110.79087571607897,111.35175323486328,225300
2018-02-01,110.38890993677714,113.0250141300868,110.04304357269163,112.35196685791016,172500
2018-02-02,111.11806010267833,111.23022990444147,107.42564960446867,107.53782653808594,337300
2018-02-05,106.14497915000813,108.46324500396636,102.35909207001964,102.396484375,507400
2018-02-06,99.97540327503218,106.97695859133263,96.41386935014917,106.60304260253906,645600
2018-02-07,106.17305258583511,106.68718088271086,102.7891228818594,102.8265151977539,384200
2018-02-08,102.59278982899266,103.48083390415617,97.0027649763771,97.04950714111328,674700
2018-02-09,98.15255233322378,104.92040251623395,98.15255233322378,102.9012680053711,1038100
2018-02-12,103.57432219082281,103.58366491864459,100.76996336397946,102.74236297607422,667200
2018-02-13,101.73282108543691,102.86391194552246,100.04085259462337,102.79847717285156,409000
2018-02-14,101.62062871474973,105.78043247495,101.00367339915262,105.62151336669922,389700
2018-02-15,106.92087051452802,108.82783570928457,104.89238564995411,108.5941390991211,329000
2018-02-16,108.31369674051405,110.29543923444172,108.31369674051405,109.37000274658203,411600
2018-02-20,108.84652315271171,112.39870694735393,108.43521488303115,111.87522888183594,417100
2018-02-21,112.48284817509906,112.75393708439452,109.4447924034193,109.51957702636719,283300
2018-02-22,110.01502355192166,110.51045924719972,108.6221865562342,109.5476303100586,258900
2018-02-23,110.14587784337074,111.0058795777174,108.80913307139228,110.35153198242188,223400
2018-02-26,110.92176258134938,112.13698067629257,110.5571893078264,112.00611114501953,156400
2018-02-27,112.01544485863043,113.21197019027143,110.65065770648658,110.84696197509766,455600
2018-02-28,111.35173560408862,112.00608309659293,109.37933613572918,109.42607116699219,197400
2018-03-01,109.53827477016482,110.0524101623049,107.17326623002948,108.22022247314453,214800
2018-03-02,106.88346652474185,110.82826601445393,106.22911894050922,110.44500732421875,194400
2018-03-05,109.50087751208595,111.42653519958893,108.82783016798862,110.69740295410156,223100
2018-03-06,111.50132814647175,111.95937151634408,110.04306354663468,111.26763153076172,380800
2018-03-07,110.42630145913627,112.45479312109316,110.3421741166391,111.58544158935547,223400
2018-03-08,112.21175315273987,112.48284204726697,111.02457050664346,112.05284118652344,232000
2018-03-09,113.10912813930454,116.84827287118237,112.95955892674019,116.72675323486328,268400
2018-03-12,116.8482920666638,118.28786388074755,116.16589490297883,117.32503509521484,214600
2018-03-13,118.01678779846999,119.28809792470881,115.16568630980474,115.6330795288086,249100
2018-03-14,116.39960538733715,116.39960538733715,114.47394758631324,115.16568756103516,165000
2018-03-15,115.6611118052611,116.84828726586679,114.29631753396473,115.35263061523438,245000
2018-03-16,115.67046928335336,116.95112924256146,114.95068688002605,116.58656311035156,488600
2018-03-19,115.75457174571832,116.18457252290641,111.9873846671804,115.03478240966797,338300
2018-03-20,114.98806860005112,117.26894239856263,113.92241275301085,116.95111846923828,339100
2018-03-21,116.73610947261669,119.09177492017828,115.92284996369352,117.21285247802734,307100
2018-03-22,115.63305640800772,116.08175694654985,112.00608832121691,112.202392578125,238500
2018-03-23,112.24913350925334,112.24913350925334,107.33215588562379,107.39759063720703,352900
2018-03-26,109.83740254538503,112.82871618749635,108.6502269495061,112.03414916992188,336000
2018-03-27,112.80066673591703,113.63262601386737,107.49108000179767,108.17347717285156,419000
2018-03-28,108.23906988584609,108.6420730371472,105.23060749373849,106.10221862792969,252800
2018-03-29,106.38339230690627,109.99167254957473,104.82761028335264,108.50149536132812,298900
2018-04-02,107.77046658179377,108.3327947555972,103.2905752149331,103.84353637695312,301400
2018-04-03,105.08065032304123,106.22404772603993,103.3186798373381,105.30558013916016,415900
2018-04-04,102.8688479009517,107.63927473138303,102.37212447935855,107.18941497802734,200100
2018-04-05,108.23907234594213,108.66082383036317,106.10222103945863,106.94571685791016,193900
2018-04-06,105.44617555755846,106.98320924586795,103.08438720208439,103.97474670410156,173300
2018-04-09,105.24936165179587,107.28311869418701,104.17156180132247,104.55581665039062,234300
2018-04-10,106.9269574586027,109.75735345063924,105.57737143925905,108.56708526611328,206400
2018-04-11,107.62988727729316,110.0853958916537,107.44244692827247,109.63553619384766,179700
2018-04-12,111.35063602781491,114.03107448877464,110.57275214469576,113.42188262939453,357700
2018-04-13,114.60278836155787,115.21198028213878,112.9907754580115,113.24382781982422,318700
2018-04-16,113.88111582553272,115.0620028130224,112.7095958495696,114.34972381591797,228700
2018-04-17,115.09011528513653,117.22696639130994,114.63087434623498,116.55216979980469,239800
2018-04-18,116.48658050207258,117.3863070272284,115.07138230346723,116.00859832763672,182300
2018-04-19,114.74337792766345,114.96830781017341,112.14729223884972,112.69087219238281,379300
2018-04-20,112.4659095152931,113.6749189006293,111.34125328029616,112.00667572021484,309600
2018-04-23,112.12852710869433,113.56246651420976,110.72270304048062,111.5287094116211,356000
2018-04-24,112.05354281854581,113.25317815605355,109.86983496998435,111.53807830810547,342500
2018-04-25,111.60368141316752,112.7658272345749,108.6889391224774,111.88484191894531,275300
2018-04-26,113.05636703022563,114.07793622027468,111.55682281355767,113.63744354248047,189000
2018-04-27,114.89332238825102,114.94018605508866,111.75364977070336,112.72835540771484,316800
2018-04-30,112.98138514358114,114.8370687123297,109.23252135980925,109.74798583984375,412800
2018-05-01,112.18475417098198,112.18475417098198,107.80795709563536,111.64117431640625,511500
2018-05-02,111.9504614370163,112.20351379083985,110.73208478471183,110.91952514648438,259100
2018-05-03,110.02914342163349,112.94388531899463,109.12004289314349,112.71894836425781,400200
2018-05-04,111.99730504439886,116.4678219405852,111.40686157520902,116.09294128417969,243300
2018-05-07,116.39288124122268,117.64874750705485,115.78368928598512,116.06484985351562,219200
2018-05-08,116.38346828995428,117.4331526499249,115.50248307443624,116.31786346435547,355900
2018-05-09,116.53342824497216,118.59530763324194,115.98984842615027,118.24853515625,271800
2018-05-10,118.50161053154778,120.76967186471892,118.05174364006668,120.59159851074219,311800
2018-05-11,120.37603017544347,120.70404720818335,118.56720293658974,118.61405944824219,157300
2018-05-14,119.07328977171403,120.77901537095582,118.09858432186853,118.24853515625,292000
2018-05-15,117.67684648613405,118.45473753388318,116.98330860218947,118.3047866821289,309000
2018-05-16,118.1829510794026,120.22608250317138,118.07985673436539,119.74810028076172,296600
2018-05-17,119.37319615255535,121.04143222152888,118.59530521081923,120.67591857910156,189900
2018-05-18,120.86339096482345,122.13800539506327,120.35728627739077,120.84464263916016,313500
2018-05-21,122.17549742920535,123.61880400246392,120.28231680906474,121.62254333496094,217500
2018-05-22,122.26919550805155,123.1501664623039,121.29448294048291,121.40694427490234,205100
2018-05-23,120.4229207092357,122.58788795139107,117.6206389827972,122.51290893554688,184000
2018-05-24,122.49412368602464,122.89713398711964,121.37883440027191,122.39102935791016,133000
2018-05-25,122.60659797739036,124.49039689681432,122.3910280113895,123.44071960449219,152800
2018-05-29,123.02834930364962,124.00304765906546,121.56629462013518,123.28138732910156,272800
2018-05-30,123.95618580114962,126.23362816880596,123.74063012051764,125.4369888305664,445600
2018-05-31,125.20266696360838,126.28047381456913,123.43132950848144,123.534423828125,223300
2018-06-01,124.66845077399645,125.47445694084047,123.86244460715244,124.93087005615234,335500
2018-06-04,125.51198691617546,126.37422407061372,124.71536175756694,126.2242660522461,231100
2018-06-05,126.52417870767178,127.92063590243104,125.66194157627646,127.23645782470703,197700
2018-06-06,127.53631959540303,128.57662963867188,126.66470152093478,128.57662963867188,212100
2018-06-07,128.61411332680183,129.14833316850272,124.83713499958219,124.9964599609375,292500
2018-06-08,125.22141233170966,128.3517098895483,124.2654481449088,125.83059692382812,491100
2018-06-11,126.64601508386129,129.05465300381158,126.42107807350726,128.71725463867188,227700
2018-06-12,129.0265512902631,131.3977071092721,127.9487583909987,130.95721435546875,326000
2018-06-13,131.34145796022088,132.68168436124242,128.8672081360402,129.0171661376953,380900
2018-06-14,130.3292319120505,130.9759131272434,128.76408318147134,130.9384307861328,433500
2018-06-15,129.87937333800045,132.9159578199147,129.4201324263001,132.73788452148438,467500
2018-06-18,131.47267536786802,132.46612216088508,130.59168993231464,132.2599334716797,262700
2018-06-19,130.19804732269142,131.2289906613647,128.34236361386107,130.33863830566406,292500
2018-06-20,131.13525677027118,132.55982904849833,130.44171180438067,132.42861938476562,278400
2018-06-21,132.82227171407297,132.82227171407297,129.78568629027,132.26931762695312,495700
2018-06-22,133.0846618323302,133.60950046410753,129.79503907193867,129.84188842773438,4484100
2018-06-25,129.51386271077246,129.7106700340443,123.38446294342363,125.83059692382812,585600
2018-06-26,126.35547847430153,129.3264517248555,125.58695442612431,128.32362365722656,484300
2018-06-27,128.9703179229144,129.50452370422354,124.97778218089238,125.00589752197266,419000
2018-06-28,125.24070659671959,127.89900873520158,123.8223253142163,126.40547943115234,355300
2018-06-29,127.43875460652178,128.38747166886242,125.46617244724592,125.56009674072266,434400
2018-07-02,124.4610493687669,127.30721410580367,123.93502760434028,126.53697204589844,345800
2018-07-03,127.65479843971927,127.65479843971927,124.35775898851843,124.6489486694336,219700
2018-07-05,125.37218578135146,128.52833035986149,124.72404677271741,128.06805419921875,623500
2018-07-06,128.21839606967302,130.13462073737156,127.16635227823238,129.9185791015625,309400
2018-07-09,130.848553127104,130.848553127104,128.2184286472226,129.83407592773438,293600
2018-07-10,130.20035709514102,132.3889947771251,129.94673432234808,132.14476013183594,258800
2018-07-11,130.40703849685642,131.52484222905449,128.6410955025924,128.8853302001953,273700
2018-07-12,129.82459740241424,131.7877905140455,128.8852689088473,131.72203063964844,212000
2018-07-13,131.5248660821297,132.48297145518336,130.61371569818724,131.42153930664062,273300
2018-07-16,131.74085027030853,132.4453467958182,130.93302701440336,131.21482849121094,138100
2018-07-17,130.5855014519068,133.7416469784279,129.82464737254364,132.77413940429688,266700
2018-07-18,133.25320080585425,133.31894637690593,131.553017758514,132.86807250976562,161500
2018-07-19,132.83051590494622,133.52561018435463,131.94754436113487,133.1968536376953,179900
2018-07-20,133.7604542685296,133.7604542685296,131.56242767752795,132.18238830566406,236200
2018-07-23,132.02269068444883,133.38471483553104,130.4915798642061,132.9244384765625,337300
2018-07-24,133.4128373843592,134.23945112326757,128.42500490611746,129.12950134277344,299300
2018-07-25,129.43950812778328,130.4164037477541,125.29706478799064,127.26966094970703,594900
2018-07-26,129.97494153475773,132.30448763816378,122.43213125295232,127.89903259277344,700100
2018-07-27,128.58472860851356,128.98864747631077,122.84542863201492,124.47986602783203,299400
2018-07-30,124.16046123021417,124.60194686779022,120.93857065494494,123.09902954101562,358500
2018-07-31,123.57809850949376,125.71037896559676,123.49356235476793,124.63014221191406,331100
2018-08-01,124.4046700579128,126.49936862028852,123.64381625870547,123.95379638671875,301800
2018-08-02,124.80860470643324,127.65476963307981,121.78396502646247,127.40116119384766,323900
2018-08-03,127.11934904014429,128.03049898528255,126.3490926605355,127.4668960571289,370400
2018-08-06,126.98789012212383,129.04502293057254,125.87008631603356,128.9416961669922,208700
2018-08-07,129.87161096974745,133.3940944102663,129.3174103483644,132.86807250976562,514400
2018-08-08,132.4265969861074,133.74166617181345,131.03639409426768,133.1968536376953,240300
2018-08-09,133.38467549649778,133.6852675605641,131.10211363369532,131.21482849121094,289300
2018-08-10,129.6273368509611,131.37448848618595,128.6973964484489,130.961181640625,494000
2018-08-13,130.8578878032613,133.83555826480813,130.8578878032613,131.3087615966797,380500
2018-08-14,131.52484695821653,133.77923076270156,130.92367698815232,132.68960571289062,360900
2018-08-15,131.59056185394172,132.56747178567647,129.6273681958281,131.43087768554688,308200
2018-08-16,132.12603960864786,132.33269316505184,130.886118270224,131.80667114257812,224900
2018-08-17,131.09276314100498,132.44539929947499,129.81527502834157,132.18238830566406,248900
2018-08-20,132.44532598693098,133.807349522321,131.01754257297625,133.35647583007812,229100
2018-08-21,133.56321906496348,136.36241602210518,133.56321906496348,135.95851135253906,316300
2018-08-22,136.29663071669825,137.81833896592215,134.75613187600862,136.7287139892578,288600
2018-08-23,136.3905741944718,138.1565173821057,135.26338220933212,136.71934509277344,238500
2018-08-24,137.50834273926435,138.64493689611237,137.2171531039534,138.30677795410156,190300
2018-08-27,139.4151686606509,141.91378652728633,139.32124438727766,140.22299194335938,399000
2018-08-28,141.0120258790423,141.12475507430875,138.67310648929575,140.1008758544922,174700
2018-08-29,140.8992445235641,141.65071002762556,139.55601193895205,140.3920135498047,165500
2018-08-30,139.91297541001248,140.97442118793404,139.17091221107745,139.52784729003906,141300
2018-08-31,139.77211688143595,141.23746739637295,138.87035500061842,140.77719116210938,257100
2018-09-04,140.3638846757047,142.53374607295464,139.26487178601698,142.19558715820312,251300
2018-09-05,142.5901437676703,142.5901437676703,138.7670678926458,140.2418212890625,306200
2018-09-06,140.17600861153235,141.04959169789214,138.13766718738293,140.26055908203125,257600
2018-09-07,139.09578186225573,142.9752135962258,138.53217896477705,139.01124572753906,304300
2018-09-10,140.0163630221027,140.2511952462329,136.22148058668824,137.63986206054688,318700
2018-09-11,137.1983822773327,138.31618600591017,135.29154568141422,137.1514129638672,374000
2018-09-12,136.39990984921744,136.67230883177058,130.7639383510001,132.79287719726562,485200
2018-09-13,132.25753695791707,132.68023217612108,121.3894926530904,128.48143005371094,1206800
2018-09-14,128.8571089541274,130.90485304906773,128.60350051551669,129.8246307373047,686100
2018-09-17,129.59917024084262,129.90915040395237,124.33892426028103,124.50801086425781,399200
2018-09-18,124.05716046702423,126.7624176421355,123.90686442034585,124.95890808105469,498700
2018-09-19,125.56006958439131,126.60272504772352,123.80352944634346,125.53189086914062,359300
2018-09-20,126.5651938861629,128.03993295444153,125.1655885243884,127.05363464355469,329100
2018-09-21,127.14753160928578,127.48569050982982,124.63952573567508,124.83677673339844,585500
2018-09-24,124.38592063427309,124.95891178783921,122.66694717357474,124.75225830078125,382500
2018-09-25,121.83090754809346,123.2586909278016,120.45009346151693,121.30488586425781,883000
2018-09-26,121.31431199674951,122.11274723108399,119.04114512707429,119.2384033203125,503100
2018-09-27,119.76567112029332,120.13287662153839,118.46632913000211,118.92768859863281,452400
2018-09-28,118.72055873310237,119.17250788358226,117.27057167080619,118.19329071044922,579100
2018-10-01,119.14424173235923,119.5585277831135,116.8656828201844,117.15756225585938,452600
2018-10-02,116.75268963660486,118.59813451400377,116.72444416750224,117.50593566894531,378500
2018-10-03,118.2403632012528,121.05561507520231,117.87315768438766,120.49067687988281,851300
2018-10-04,119.3608046137889,119.6903542804422,115.35919987259047,116.91276550292969,720200
2018-10-05,116.6962077816998,117.16698479268489,111.54590613216497,112.47804260253906,748200
2018-10-08,111.14103674187352,111.44233373919647,108.26929412403989,109.89818572998047,690500
2018-10-09,109.37094342596497,110.85859365836156,108.25990914091614,109.8887939453125,495800
2018-10-10,108.96603972419217,108.96603972419217,103.70274950826656,103.94755554199219,759600
2018-10-11,103.42970328667465,107.1865016562383,102.93068082653426,104.40892028808594,632000
2018-10-12,107.49720971483322,108.62707873305014,105.93423393733973,107.29948425292969,626400
2018-10-15,106.60272734310632,108.67414292604701,105.38812202260071,107.32772064208984,346600
2018-10-16,107.57253004968845,111.65887041269306,107.34655913141967,111.38582611083984,547200
2018-10-17,111.38585320620471,112.68519528168149,110.1335845257633,111.92253875732422,523600
2018-10-18,111.02804128056972,111.04687638252926,108.08097997072583,108.98487091064453,404400
2018-10-19,109.38031482211535,110.15238873265697,106.64039670895019,107.66668701171875,378000
2018-10-22,107.91149965302434,108.35403116244521,106.32027116599693,107.74201965332031,346200
2018-10-23,105.00211274420712,109.17319780072609,103.69335308657026,108.23164367675781,489300
2018-10-24,106.03782430562457,106.32970377509417,97.92162545582649,98.0816879272461,880900
2018-10-25,98.90084454513247,102.42225490404195,97.00831877325457,102.09271240234375,1023300
2018-10-26,103.1190058486039,110.47254853800442,96.02910435150179,106.02841186523438,1416900
2018-10-29,108.30695229187596,109.7192832504246,102.88359939967287,104.84203338623047,791400
2018-10-30,104.62548406965425,108.6741619983982,104.56898594434118,108.5611801147461,465900
2018-10-31,110.09591043139177,112.97706339685793,109.29559096137196,111.21636199951172,568600
2018-11-01,111.99784564900224,118.05203816836368,111.4799952580661,117.05399322509766,719300
2018-11-02,117.30821398635742,118.2497680230733,115.73582046907883,117.0163345336914,528000
2018-11-05,117.3553015363962,117.3553015363962,113.11830811935641,115.36862182617188,415400
2018-11-06,115.08614091398977,117.31761914790275,114.31406697276284,116.95983123779297,236000
2018-11-07,117.0445730608278,119.62443614046906,115.96179172963899,118.35333251953125,322100
2018-11-08,117.71307902134103,123.23059327116401,116.6679606803642,121.66761016845703,594100
2018-11-09,119.77507021638604,120.07636717568671,116.44196856341141,117.43060302734375,335100
2018-11-12,116.07478274893654,116.31017126268226,111.16928698449401,112.34622955322266,504700
2018-11-13,113.92804243000288,116.47023554471538,113.31603084802023,113.91862487792969,262800
2018-11-14,115.35919173887746,116.43256989670233,113.84329642319652,115.00140380859375,391600
2018-11-15,113.4760883751749,120.41534415256491,112.9676555211591,119.53028106689453,378200
2018-11-16,116.89393700218523,120.50950111409095,116.74328490577882,120.35885620117188,395600
2018-11-19,119.73744677185634,119.97283532359003,113.44786438219259,113.57968139648438,417500
2018-11-20,110.05824273503256,114.82250351397224,109.7851912223185,113.28777313232422,398000
2018-11-21,115.17087878212877,116.84684366239529,113.77737577653846,116.35723876953125,192000
2018-11-23,114.53064778945925,118.2497838591612,114.53064778945925,117.06343078613281,89000
2018-11-26,119.0501031458871,119.57737114513384,116.94101678192477,119.54912567138672,319400
2018-11-27,118.35333965857781,119.41730031854846,116.02770721972401,116.39491271972656,255300
2018-11-28,117.48710871380035,121.58287442135885,115.99004127966207,121.45105743408203,366900
2018-11-29,120.4718347693858,123.61662176857173,120.4718347693858,121.82767486572266,434400
2018-11-30,121.95951094317667,124.86890989119534,120.49068873124399,124.35106658935547,311100
2018-12-03,127.1945203011287,129.8026287785802,125.47147483987199,126.85556030273438,423400
2018-12-04,126.24355238805393,128.0419238385757,119.23838886514162,119.42669677734375,373200
2018-12-06,116.60202896087003,118.25916579976341,115.12378965775372,118.20267486572266,425900
2018-12-07,117.68484080731747,119.5773664931125,113.82447056982787,114.70953369140625,274100
2018-12-10,114.34231389156625,116.34782121734222,111.47057147306133,113.1277084350586,510000
2018-12-11,115.50981944406844,118.35330873404666,112.07314666793494,113.61729431152344,288900
2018-12-12,116.27250464606466,117.85431569690321,115.32154025202416,116.42315673828125,206400
2018-12-13,117.45887630501974,117.45887630501974,113.84331193737225,114.16343688964844,152600
2018-12-14,113.14654585217036,115.00140843720384,111.46116327956348,111.68714141845703,223600
2018-12-17,111.32933605095208,111.8189481233697,106.75338331978706,107.10176086425781,577200
2018-12-18,108.79654908692531,113.14652323035565,108.22220066983836,110.99036407470703,416600
2018-12-19,110.94328851691446,112.86405917488852,105.52935404301947,106.23551940917969,428900
2018-12-20,106.13195180773307,108.48583644795609,103.35436362217841,106.1507797241211,426600
2018-12-21,107.56313200365709,108.04332657760064,103.75925280287167,103.95698547363281,533500
2018-12-24,102.59172944983999,105.3128201068173,100.27550732574272,100.38849639892578,183200
2018-12-26,101.94205637637675,107.43131834887924,100.85927493864955,107.36540985107422,307200
2018-12-27,105.08684787189785,107.46897846397849,103.52386470414484,107.4218978881836,370500
2018-12-28,108.50754621691759,110.80155495904721,107.20477137421055,108.5641860961914,390500
2018-12-31,109.6309375946425,109.98967601347124,107.8561518679383,109.74422454833984,256000
2019-01-02,106.88381392371954,110.1313017958286,106.44011561532942,108.97957611083984,247300
2019-01-03,107.32749023409202,107.32749023409202,101.43669848243022,102.53178405761719,494200
2019-01-04,104.3915418042905,107.60126684992495,103.20205398099714,106.75163269042969,398000
2019-01-07,106.73276095074552,110.76380070939261,106.5628340981164,109.55543518066406,392700
2019-01-08,110.75435656356858,111.69839301815148,108.91348835810255,111.42462158203125,304100
2019-01-09,112.52913169132846,115.8143814066341,112.52913169132846,115.13467407226562,298800
2019-01-10,114.07736039225531,116.48465620450712,113.15220871084725,115.9182357788086,227300
2019-01-11,115.97487288371701,119.19404053661245,114.81371211920217,117.22100067138672,312300
2019-01-14,115.50285868922707,116.11648382472106,112.48194491784722,113.69975280761719,350800
2019-01-15,113.9735132498342,116.48464622961906,113.9735132498342,115.77661895751953,233400
2019-01-16,116.3052890137749,118.27832896082259,114.45497841610423,114.58714294433594,233200
2019-01-17,114.01128026064013,116.7395522599939,113.20885070903097,115.7388687133789,247600
2019-01-18,116.84340088684469,119.33566401067505,115.57839536416877,117.78743743896484,265700
2019-01-22,116.58847123977532,117.27762083803273,113.22770465699169,114.20950317382812,264000
2019-01-23,114.71929720703291,116.29584342830988,111.51901446957507,112.94451141357422,179600
2019-01-24,113.77525733804673,120.1947073767367,113.77525733804673,119.70381164550781,322500
2019-01-25,122.29045388517802,124.10301622663685,120.3646262040475,123.39498901367188,326300
2019-01-28,120.9310650426838,123.31947591199963,119.45836340437874,121.08209991455078,247700
2019-01-29,120.86496931711804,122.15829447045894,119.16570825666983,119.3733901977539,201800
2019-01-30,120.846068932894,122.27157281584523,117.14544875267919,119.66603088378906,406000
2019-01-31,119.45834107308173,120.83663305456946,118.41046031961767,119.47721862792969,355000
2019-02-01,119.46779929862947,122.58312203877216,118.87305180687147,122.29045867919922,335100
2019-02-04,122.17716847892129,124.09356089415216,120.7044742489754,124.04635620117188,277900
2019-02-05,123.46109218483403,125.16979594321977,123.46109218483403,125.04708099365234,283900
2019-02-06,126.00052736856459,129.0780805514759,126.00052736856459,127.36937713623047,355800
2019-02-07,126.0288595754895,126.29318861546939,122.63032276881628,123.74429321289062,328700
2019-02-08,122.299943831465,124.61283060953454,121.96009008088114,123.94255828857422,312600
2019-02-11,124.66000594452235,125.50963291834228,122.45096428870906,123.35723114013672,520600
2019-02-12,124.00861789871124,125.38691733437096,122.3093495550389,124.61280059814453,943800
2019-02-13,121.97894103192584,127.92635841115514,121.83732693894102,126.76519775390625,813700
2019-02-14,126.29322966506965,128.89876579383886,125.45303757100277,128.3889923095703,414500
2019-02-15,129.0025901991288,130.82458825097683,127.7375846655304,130.7301788330078,340800
2019-02-19,129.73891776158928,130.37143483670158,128.6910511682855,128.7854461669922,233100
2019-02-20,128.98369312076144,129.77668020995884,128.23789632591846,129.0025634765625,355900
2019-02-21,129.2385805527437,129.41794977789846,126.93514378059326,127.71868133544922,309400
2019-02-22,128.61550317247074,129.38017022595406,127.61481265294636,128.91758728027344,333100
2019-02-25,130.27700594453785,131.39096183466293,129.5217740435994,129.84274291992188,272700
2019-02-26,129.61619575653924,130.06932917824466,128.77600396813568,129.0025634765625,236200
2019-02-27,128.3511930542461,128.41726811057598,125.5568390206148,127.37882232666016,471500
2019-02-28,126.44423661132633,127.98302053937743,126.07606299475087,126.60472106933594,223600
2019-03-01,127.90748021905821,128.9364763027186,126.70855011519816,128.55885314941406,201200
2019-03-04,129.5218151528832,130.0599229147303,127.26556831580542,128.86099243164062,233600
2019-03-05,129.08752977621313,130.446929957916,127.9924442031725,129.42738342285156,250800
2019-03-06,129.5689936509728,129.5689936509728,126.94457365691503,127.37882232666016,168800
2019-03-07,126.80295737913511,127.55817486338367,124.79215553544043,126.59526824951172,219400
2019-03-08,124.82050576723454,126.982342989589,124.78273624094462,126.78410339355469,120900
2019-03-11,127.1333831335892,130.4280754298209,120.52512818419291,129.8050079345703,188400
2019-03-12,130.02213011809133,130.89064188271556,128.20958194780783,129.984375,161800
2019-03-13,130.90947523129643,132.5143336096607,129.45566607567972,130.92835998535156,290200
2019-03-14,130.73021200875414,131.49487951184878,129.9277893718035,130.22987365722656,195700
2019-03-15,131.11721028057985,134.05316395465402,131.11721028057985,133.2035369873047,392900
2019-03-18,133.21298434299496,133.93044686090292,131.49483108570197,133.0336151123047,220800
2019-03-19,133.70389647291643,134.30807926742446,132.82593502184068,133.6000518798828,200100
2019-03-20,134.11922907982265,134.47795303846968,131.90073826059495,132.6654052734375,147400
2019-03-21,132.28782647915173,137.53666660351237,132.2689417176307,136.89471435546875,228300
2019-03-22,135.81852709222838,135.9412564471853,131.79693677474654,131.85357666015625,267400
2019-03-25,131.7402966418408,131.96685618305403,128.8704176110736,130.86233520507812,176900
2019-03-26,132.56155644558092,133.32622343379097,131.0699775775946,132.41050720214844,161600
2019-03-27,131.79690441461156,133.184638885834,126.65190961690978,127.83195495605469,375600
2019-03-28,128.2296658965726,129.38480402981236,126.44015099303468,127.15027618408203,317100
2019-03-29,128.62729852487587,129.43209809216296,127.4532201327103,128.28643798828125,285900
2019-04-01,129.66877674004368,132.9637515418402,129.07228177307474,132.8785400390625,224400
2019-04-02,132.85016329541182,133.26677221286826,130.63457708624227,131.07958984375,381500
2019-04-03,132.29156022717265,137.75479284277762,132.04538875093937,137.08253479003906,419100
2019-04-04,136.82689067788,137.64116798719039,135.28356204615838,136.09783935546875,229400
2019-04-05,136.79851991843887,138.04834725491773,136.30617682910002,136.9310760498047,363100
2019-04-08,136.71327873703845,138.15246959970798,135.34983628267062,138.07672119140625,235500
2019-04-09,137.95361877985513,139.67686244382728,137.0541299700758,138.2944793701172,325600
2019-04-10,138.33238035607758,141.31490010696015,137.96311586837277,140.93617248535156,252400
2019-04-11,140.82250946757645,142.37531546643268,139.69577555454413,140.9456024169922,293900
2019-04-12,142.3847639079016,144.25948937039908,141.9018697882623,144.1458740234375,282300
2019-04-15,144.05120781705995,145.37676856725153,142.2711567117782,143.5115203857422,198100
2019-04-16,143.93762832484134,148.0847491040213,143.73878693899215,146.56982421875,345700
2019-04-17,147.50714071483443,152.64845260266688,145.0548461469641,146.8443603515625,253700
2019-04-18,146.99586492873846,148.2740956201739,145.5756150260453,145.72711181640625,223900
2019-04-22,144.76136493092832,146.1342705376467,143.30324778150705,145.19691467285156,147200
2019-04-23,145.20638997648507,147.44091767345694,145.20638997648507,146.4751434326172,192500
2019-04-24,146.9011649332574,150.0920026357611,146.7780864418008,149.15463256835938,203900
2019-04-25,148.58658922763848,148.58658922763848,144.7235208712919,147.45986938476562,209600
2019-04-26,146.24790662322928,146.9864355866014,142.41322811493103,146.74024963378906,385800
2019-04-29,146.04906880813516,148.207848053516,144.43945473184704,146.00172424316406,204800
2019-04-30,146.10583652438825,147.63970176647814,145.424115428453,147.43141174316406,379500
2019-05-01,148.61496067442906,149.1451850092171,146.0111691073217,146.19105529785156,227300
2019-05-02,146.12483400475855,148.6528780312029,144.62883515456207,147.86700439453125,389000
2019-05-03,137.59383337427423,140.4722004854033,132.5566728703848,137.26243591308594,957600
2019-05-06,128.66518632847857,135.03737087600194,128.64624561573214,133.7023468017578,473200
2019-05-07,132.06426384532574,133.1531304725032,129.68771819752823,131.0606231689453,296400
2019-05-08,129.84875910323052,132.09275010816808,128.65575397039046,129.95291137695312,271800
2019-05-09,127.92664496440644,130.04755671148524,125.54062105488394,129.46051025390625,331900
2019-05-10,128.2012062945189,129.6782781854991,125.75838941344146,128.9113311767578,344100
2019-05-13,124.4138705173364,126.67680117496249,118.99799095047973,119.79332733154297,493000
2019-05-14,121.55446277925384,123.48599634007205,120.24782821169683,121.50711822509766,305300
2019-05-15,120.28570732091684,123.20194849236769,119.21578825669665,122.30245971679688,182200
2019-05-16,122.28351269034506,123.54280269012868,119.84068831086738,121.90478515625,382600
2019-05-17,120.21944539080064,121.98055620164747,117.36000430060159,118.07012939453125,303700
2019-05-20,115.32429665611748,117.15168517962933,113.92298022007003,114.80353546142578,360100
2019-05-21,116.0533537294008,117.76711963818623,115.72196352932689,116.44155883789062,358600
2019-05-22,115.4473831726165,117.14221562613079,114.86034393310547,114.86034393310547,175400
2019-05-23,112.97614717909715,113.18445165741852,110.79842773598325,112.4459228515625,306900
2019-05-24,113.36437362488981,114.49110053291813,112.72052658154533,112.99510192871094,161500
2019-05-28,113.08975154590416,113.66732033406079,110.49542356430229,110.55223846435547,294600
2019-05-29,109.87052887405272,111.90622176326855,108.73432466381483,111.26237487792969,279700
2019-05-30,110.0788293443653,113.55370543855356,110.0788293443653,112.12398529052734,298500
2019-05-31,110.32501369924528,112.7205080327466,110.04096804154307,110.25873565673828,210700
2019-06-03,111.01620615627324,114.0176660303768,110.88365007010725,112.82466125488281,483800
2019-06-04,117.37893382403158,118.5151309764862,113.77150100241109,118.47725677490234,419600
2019-06-05,119.66078496192398,119.95430818508534,116.79188133600205,119.04534912109375,275000
2019-06-06,118.77077783549016,118.87493008197897,115.88293322605543,117.06647491455078,205100
2019-06-07,117.7482001358855,118.57194777998758,116.56465840665197,118.43938446044922,229600
2019-06-10,119.52822919765991,124.97252768819254,119.25364668431031,123.63748931884766,412000
2019-06-11,125.40805897030303,126.22233612955137,122.82320828645076,124.19611358642578,272300
2019-06-12,123.36291467768855,123.36291467768855,120.65497785775364,120.76860046386719,203600
2019-06-13,121.47870086798311,123.17352591700595,121.45029702815515,123.04096984863281,208500
2019-06-14,119.13057354337967,121.41243819376083,119.13057354337967,119.689208984375,358500
2019-06-17,120.01111335795748,120.78751632702289,119.34833297842519,119.38619995117188,200900
2019-06-18,120.61710708690642,125.04829494243842,119.73655172983216,123.53335571289062,368100
2019-06-19,124.45179103788735,124.45179103788735,121.10947011362465,121.5166015625,283700
2019-06-20,124.3286749702937,124.8399730291701,122.51075681685042,123.39131927490234,186800
2019-06-21,122.98418610662323,123.51441048331867,121.65862516488461,121.98054504394531,410800
2019-06-24,122.57702892914908,122.75691509608946,120.4655877749778,120.72122955322266,256700
2019-06-25,120.73072169223423,121.7911776378601,117.57776492363371,117.64404296875,352300
2019-06-26,120.01112346038919,123.12619873017961,119.37674686889781,121.91425323486328,535600
2019-06-27,122.90201065609418,126.72014536425169,122.80704097723988,126.15028381347656,459000
2019-06-28,126.8911477653446,130.68077663721812,125.95085639122408,128.961669921875,757400
2019-07-01,132.67531989455296,136.73090134561272,130.3958297602513,131.7540283203125,506100
2019-07-02,131.60203794811116,131.60203794811116,128.7431939939265,129.5885009765625,317900
2019-07-03,129.80692574916824,130.55726292562093,127.51794374423733,129.41751098632812,635800
2019-07-05,128.50576063228633,130.38632863876856,128.2018228371711,130.23435974121094,202300
2019-07-08,128.95217586463937,130.09191374957177,128.40129941353544,129.18011474609375,206900
2019-07-09,128.71473505330528,131.8775175938776,128.59125849250762,131.77304077148438,216600
2019-07-10,133.0932311146248,135.07827611523138,132.7702935534909,133.72007751464844,276300
2019-07-11,134.2614475450774,134.85030890292305,132.59932578369225,133.60609436035156,321900
2019-07-12,134.56531181512443,136.32241698910022,133.5585436801073,136.1229705810547,241000
2019-07-15,136.5029323578721,137.1582855153036,135.19222604300916,136.58840942382812,181700
2019-07-16,136.49342785536598,137.44321159678026,134.50836882147235,135.93304443359375,242300
2019-07-17,136.47444728674785,137.50970823205168,135.02127911773005,135.5911407470703,216200
2019-07-18,135.73359236481892,139.14331237763585,135.73359236481892,138.6019287109375,205500
2019-07-19,139.14332561393337,139.41875653706123,137.6046805075593,137.67115783691406,272900
2019-07-22,138.4404765786134,140.0076284887654,135.84757095415304,138.01307678222656,244100
2019-07-23,139.23836018621515,139.5517761977622,137.8516689704168,139.32383728027344,254900
2019-07-24,139.7037166197955,146.0672661358383,139.69422399768982,145.6113739013672,377900
2019-07-25,144.43363017995145,145.16495327515065,135.933053531327,142.39158630371094,211300
2019-07-26,143.74979108448724,145.2124518325925,142.51506918449888,143.3983612060547,174900
2019-07-29,143.39835726151844,143.53132641677942,142.17314250893853,143.0089569091797,159300
2019-07-30,141.70774196556417,144.17718567576543,141.0334035743317,143.33187866210938,193100
2019-07-31,143.5123529439384,144.70907543942647,139.3997869219324,140.71998596191406,517900
2019-08-01,149.10652543187533,153.39004404516967,140.31152044235262,142.23008728027344,584800
2019-08-02,141.4798004491599,143.56932189919547,138.73492586190878,139.247802734375,274900
2019-08-05,134.375414523029,135.23022868027067,132.01995464200687,135.09725952148438,478200
2019-08-06,137.29125468544308,139.5137453558398,136.65490126234067,137.9561004638672,234000
2019-08-07,135.5816347077648,139.5707236885725,135.5816347077648,138.94386291503906,227100
2019-08-08,140.11211473157923,144.98449592705052,138.73493107588112,144.78504943847656,329700
2019-08-09,143.39837963347853,143.6738251004178,140.40656592706964,141.69827270507812,178400
2019-08-12,140.22611176478162,141.33735732615636,138.07960510253906,138.07960510253906,215500
2019-08-13,137.23427914588748,144.6235966325091,137.23427914588748,143.5693359375,264800
2019-08-14,139.7037366205032,141.50833506508476,136.59795311862223,136.75941467285156,316900
2019-08-15,137.74713148766585,138.7349146703966,136.7593627974845,137.8516082763672,215600
2019-08-16,138.4689583027642,144.33862906489438,138.4689583027642,143.7687530517578,287800
2019-08-19,146.26669930940335,148.1662668329021,145.47837704804536,145.80130004882812,272000
2019-08-20,145.09852150349394,146.4377060746613,143.64535298500522,144.81358337402344,212500
2019-08-21,145.69683532135528,147.1500034377733,144.31965165127593,146.66561889648438,214200
2019-08-22,146.86507088769173,148.28974656107408,143.9207353656814,147.56790161132812,170500
2019-08-23,145.6208514587577,146.17171328013347,140.188087251132,140.66297912597656,241400
2019-08-26,142.98040468314352,142.98040468314352,140.3685000038913,141.10934448242188,160500
2019-08-27,142.46756309713658,143.09442385297595,139.02935054534166,139.18130493164062,178700
2019-08-28,138.37400806114428,140.01713002378213,136.9398252072794,139.63722229003906,303000
2019-08-29,142.21116279514965,144.623622415734,142.21116279514965,142.86651611328125,167300
2019-08-30,143.99672660051868,144.50960349040952,141.91669770044552,142.99945068359375,155900
2019-09-03,142.05917043118026,143.07543156469345,138.71592738529293,138.9248809814453,334300
2019-09-04,141.0428771255752,142.28709143326233,140.2070628457339,142.2016143798828,164200
2019-09-05,144.93697694073083,149.23949530479376,144.93697694073083,148.23272705078125,205800
2019-09-06,147.7863672957308,149.24902799296737,147.20699858933074,148.16627502441406,207400
2019-09-09,148.71714693309363,149.87588431127827,145.81081086709136,146.0957489013672,296900
2019-09-10,145.9722601854514,146.30467578723022,143.68327797434472,145.23143005371094,283800
2019-09-11,145.96281852718394,149.72397006863451,145.27898728493048,149.61000061035156,202100
2019-09-12,150.92062686193287,153.71299330923242,148.6601514699923,153.2191162109375,263200
2019-09-13,153.8649608055507,155.01420546977064,151.91790130425457,153.43756103515625,194200
2019-09-16,153.42807362692514,153.42807362692514,150.78767573711454,152.25035095214844,179200
2019-09-17,151.87043875849034,152.45931462733705,149.72393237671304,149.9708709716797,239700
2019-09-18,150.23677929813817,151.186563001859,148.41319632610006,150.3887481689453,322300
2019-09-19,151.66147030510186,151.8704239006127,148.2422573188844,148.4987030029297,295700
2019-09-20,147.2734703913821,148.3277309653335,144.77553441603993,146.5231475830078,539700
2019-09-23,146.92206532310647,150.15132459955294,145.85831205416903,149.28701782226562,221400
2019-09-24,151.02511037130859,152.57326253681254,147.33995923961365,149.38198852539062,288200
2019-09-25,149.07806271080275,152.93418238942323,146.95054190869672,151.9274139404297,306400
2019-09-26,151.936900996721,153.4280538828282,150.72117900933637,152.17434692382812,216700
2019-09-27,152.98369610951596,152.98369610951596,147.72776366559182,149.12744140625,350300
2019-09-30,149.95578809162652,149.95578809162652,146.75652768182556,148.1847686767578,599600
2019-10-01,149.4892983504588,151.6316609064367,145.8425194561573,146.013916015625,378500
2019-10-02,144.29047185990362,144.4428211071514,140.94839197304006,142.7574920654297,459300
2019-10-03,142.4527678887865,145.87102143438366,139.9200168513163,144.47134399414062,666100
2019-10-04,145.12837103876348,145.9757937076839,144.01434446471012,145.6139678955078,360300
2019-10-07,144.96649258633138,145.68061323946603,141.71962052982866,142.07192993164062,478300
2019-10-08,140.62465089148412,140.79603288604267,134.83551066006694,135.02593994140625,518600
2019-10-09,126.58030236107966,131.8267049327254,124.85689304836663,128.6845703125,2067100
2019-10-10,127.49433606440238,132.88357013397666,127.49433606440238,130.465087890625,745300
2019-10-11,132.42655321527522,134.1499622953513,129.8366741409522,131.52200317382812,925600
2019-10-14,131.69339146787047,135.9019415323992,131.27443828454486,135.70199584960938,530700
2019-10-15,135.94952992195036,137.7681606982004,134.959288994786,137.69198608398438,368400
2019-10-16,136.85409907686827,138.1204749745244,134.97834070872133,135.0735626220703,528400
2019-10-17,136.0447747912636,137.00645221656606,135.43539230347127,135.89242553710938,382700
2019-10-18,135.19728407752228,136.2065719534748,133.23582110618344,135.31153869628906,299100
2019-10-21,136.4161056309526,138.9107627119919,136.4161056309526,138.44419860839844,355900
2019-10-22,138.36802586548637,139.025004667574,136.11139470338523,137.31112670898438,569600
2019-10-23,139.0155028241265,145.1664691362873,136.16853626879018,143.48114013671875,928000
2019-10-24,144.29997113693398,145.1664409457933,141.52917974138813,143.05264282226562,456000
2019-10-25,142.509912234155,146.08051541058347,142.509912234155,145.04266357421875,403500
2019-10-28,146.68038472747944,147.1374178763806,145.9091367484519,146.5375518798828,271500
2019-10-29,146.50900386716086,147.76586332193213,144.75703116853128,144.9950714111328,331600
2019-10-30,146.04242148137374,147.16596420021148,142.84316075837697,144.42373657226562,293600
2019-10-31,144.2618567714233,144.54750787598937,142.13854256172863,142.7479248046875,236100
2019-11-01,143.87155954717304,148.15628484042514,143.10029679017336,148.13723754882812,266700
2019-11-04,149.76539709098134,153.7930485761855,149.0512763419652,153.3931427001953,466100
2019-11-05,153.4978212004627,156.93512164797667,152.80273348141898,154.80227661132812,395500
2019-11-06,154.16438374662664,154.16438374662664,151.87918873680417,152.4885711669922,455100
2019-11-07,154.8309079037184,156.2877131383347,153.32649171115025,155.54502868652344,282200
2019-11-08,154.52621043246268,157.18274789845938,153.51692204393976,157.1446533203125,310800
2019-11-11,155.59259359151264,157.04939839493758,154.64994920684111,156.05914306640625,228700
2019-11-12,156.92563634839667,158.2872339968398,154.1834082941722,154.7737579345703,263800
2019-11-13,152.93610715589156,154.89755664499228,152.01250975120627,152.6028594970703,302800
2019-11-14,151.56499406482502,152.73616265648468,150.6794912323666,152.4695587158203,262300
2019-11-15,154.15486334787536,156.0591853881398,153.08844765455103,154.72616577148438,221600
2019-11-18,154.00252594664667,155.12606895701546,152.95514303119788,153.4217071533203,317800
2019-11-19,154.09775055999566,154.97373703776228,152.55525421097465,154.02157592773438,218100
2019-11-20,152.90753694288242,154.583349660948,151.04130945263134,151.5364227294922,292400
2019-11-21,151.07941654195406,151.38411510116526,149.60356376953214,150.8794708251953,250800
2019-11-22,151.82202545754205,152.33620038776192,150.21287149960392,150.42234802246094,183100
2019-11-25,151.23170163447776,156.43049146726693,151.23170163447776,156.2591094970703,239000
2019-11-26,156.20200050136629,156.71616100110512,154.6594899445047,154.9927520751953,167300
2019-11-27,155.66879938492966,156.32577823807122,154.64998019172106,155.38314819335938,164400
2019-11-29,155.07844458082891,156.154391070968,152.91704975053796,152.9932098388672,90900
2019-12-02,153.9168185775781,153.9168185775781,150.10817460877868,150.44143676757812,239500
2019-12-03,147.32782589160865,150.09861710671427,146.61370534310637,149.90818786621094,291400
2019-12-04,151.46024700225166,154.70710475079642,151.46024700225166,154.0786895751953,220800
2019-12-05,155.2117673970229,156.12584839692187,153.9358750780349,154.54525756835938,183100
2019-12-06,156.83994591480942,158.76331501687716,153.97394681234775,158.0491943359375,219500
2019-12-09,157.74450922771373,158.40150263441708,156.42100603479818,156.44956970214844,278200
2019-12-10,156.54478380452065,157.99205797416016,156.54478380452065,157.22080993652344,192200
2019-12-11,157.48740315587318,161.15322834179435,157.48740315587318,160.96279907226562,216400
2019-12-12,161.6197977529986,165.6950452769001,160.791407883446,165.43795776367188,317400
2019-12-13,165.61885431139126,167.70408881865785,164.69525715950772,166.24728393554688,196200
2019-12-16,167.723190036577,170.17976768289242,167.0186000450597,168.75152587890625,295700
2019-12-17,169.50367942491562,170.1892364026181,168.7514642135485,170.10353088378906,227000
2019-12-18,169.7607933610467,171.3509151575112,168.61820296542368,170.28448486328125,339400
2019-12-19,170.37969654162134,171.6079778740976,168.71341474392509,171.32232666015625,277800
2019-12-20,172.19834477357054,174.2835654271223,171.02717613242723,174.1407470703125,448000
2019-12-23,174.68343399016914,174.68343399016914,170.19875004388382,170.50344848632812,466600
2019-12-24,171.2080732685977,171.34137523225897,169.13236918746873,169.8083953857422,227100
2019-12-26,169.83695701898873,170.60820512298733,169.1038034920507,170.58917236328125,259700
2019-12-27,170.2939989367357,171.38897826411585,168.7324554937045,169.8750457763672,152200
2019-12-30,169.46465942026154,170.6766249528423,167.07890852386436,170.23764038085938,165400
2019-12-31,169.92274813325554,171.32557106151555,168.968447613975,169.88458251953125,272000
2020-01-02,171.88864981448663,172.6043753910779,168.0428188811875,171.78367614746094,333700
2020-01-03,168.6631001751933,170.34266405766553,168.07142387722556,168.67263793945312,233300
2020-01-06,166.17236189047355,167.7564897602004,165.07490750484908,166.94534301757812,339900
2020-01-07,167.98552404263194,169.779613729799,166.63995677725666,168.5008544921875,645300
2020-01-08,168.6248750147954,169.47420177447086,167.07891305170415,168.2813262939453,297500
2020-01-09,169.34058580784836,170.9151900442396,168.78708988488663,170.55255126953125,180600
2020-01-10,170.48579376979873,171.25878947566613,168.33861745248905,168.78713989257812,275000
2020-01-13,170.03729713617795,171.7264135060298,169.06392087552814,171.11566162109375,272400
2020-01-14,171.10612240926375,172.72843072477076,169.8750663231538,170.75302124023438,212200
2020-01-15,170.91520533334545,171.6118405394475,168.60578558005068,169.97998046875,324300
2020-01-16,171.35417287396393,172.3466534176262,170.371244653384,172.09852600097656,388200
2020-01-17,173.27235074403487,173.76857652541688,171.31603178450402,173.31051635742188,356100
2020-01-21,172.8428599389671,175.61987721453858,172.82378441785653,173.8544158935547,322100
2020-01-22,175.5721823143242,176.46922701402568,172.93831847046178,173.3868408203125,330800
2020-01-23,173.6731679581958,175.0855287407002,172.108115587996,174.66563415527344,393400
2020-01-24,175.59128654764828,176.49786908220364,174.11211790628448,174.91372680664062,413900
2020-01-27,169.8654603859568,170.30444494905612,167.81372048116287,168.00457763671875,302600
2020-01-28,169.92272697054432,172.93831973065224,168.70122362291275,172.04127502441406,229800
2020-01-29,172.04133685981253,172.68071661053068,169.28340829377208,169.3883819580078,229100
2020-01-30,168.46269317392614,171.1252001512441,167.29844521190083,170.34266662597656,299700
2020-01-31,168.86348182539538,169.61738742510184,163.11858835501656,163.34762573242188,460500
2020-02-03,164.5405113018442,167.62289823001996,163.38581570502404,167.20301818847656,340900
2020-02-04,171.6214288495354,174.60839460372188,169.77963554753603,174.27438354492188,284900
2020-02-05,176.81279610421703,178.4446563720703,173.94035683112554,178.4446563720703,425000
2020-02-06,178.59734640717934,182.15689802862528,171.39238873041532,173.54910278320312,765700
2020-02-07,172.21306241275258,174.1502911253236,170.63845796264158,171.9744873046875,527000
2020-02-10,168.65349602170318,175.9920680101169,167.79463153514317,175.7725830078125,247300
2020-02-11,176.54556707309268,181.97553846587834,175.63898464095686,180.8590087890625,258900
2020-02-12,181.74649945844692,183.2065778347594,180.095563923679,182.01370239257812,335700
2020-02-13,179.81886080399738,183.97007437099313,179.60892806185518,182.6817626953125,327200
2020-02-14,183.78874324462757,184.2754458545713,180.94493162381073,182.45272827148438,321600
2020-02-18,179.22714972626488,180.06693870950298,175.08548962523705,176.86048889160156,331300
2020-02-19,175.87764023223434,180.30559535875267,175.87764023223434,178.8932342529297,285300
2020-02-20,178.3969498557163,178.54964144078784,173.47275544819152,175.6485595703125,263900
2020-02-21,174.3315961828163,174.3315961828163,167.5274439945197,168.55809020996094,318900
2020-02-24,160.77102815863356,161.97344170923876,158.14670142845776,158.2898406982422,543200
2020-02-25,160.2747364460825,160.60874738394975,154.90203552568525,157.02056884765625,423300
2020-02-26,157.52641712386256,161.8684734828709,155.2169967098083,156.7152557373047,329800
2020-02-27,151.91509888180698,154.4821695559151,148.17424267024296,150.03512573242188,364000
2020-02-28,144.0707453030908,153.2606636280629,143.49815918782988,151.39022827148438,448100
2020-03-02,153.5087523870718,157.04921303504202,149.20486312069082,156.61976623535156,370600
2020-03-03,157.6409310793553,160.5706265842163,151.84831898354906,154.797119140625,429700
2020-03-04,157.91765496080117,163.93928925490744,155.35058408605246,163.70071411132812,277500
2020-03-05,161.62986924657872,169.1020438267232,159.12960662376474,164.45460510253906,447500
2020-03-06,159.46364170205834,162.1261340628032,153.7473756645601,158.47116088867188,391700
2020-03-09,144.44293754858487,151.79104916218364,141.44643428541983,141.72317504882812,432400
2020-03-10,147.14359266462952,156.26670288165627,145.65488625250813,156.14263916015625,582200
2020-03-11,152.5544966119908,155.56053771904868,145.88393008344516,148.68003845214844,475800
2020-03-12,138.65988958608034,149.64388500200442,133.2108263799456,139.318359375,612600
2020-03-13,148.09788005733458,162.9754196631152,135.9305500681238,162.76547241210938,660800
2020-03-16,144.57654352575994,152.64993315543413,129.75625610351562,129.75625610351562,703500
2020-03-17,132.88636520792903,153.46108484493692,130.14752700837752,151.82923889160156,577100
2020-03-18,139.11791856112023,148.00245342877048,130.40515078511913,135.15757751464844,508700
2020-03-19,135.08122656390327,147.2962747799102,132.11335169280795,143.56495666503906,504300
2020-03-20,144.67194150160373,149.71064627583303,129.04049682617188,129.04049682617188,636600
2020-03-23,132.07519114307524,135.9019456924768,124.17358370328009,133.4589385986328,480800
2020-03-24,143.8130606728785,155.7131872718178,140.18671640939942,155.06427001953125,485200
2020-03-25,154.9116096619373,161.62034134762865,149.87290393479014,151.0753173828125,550900
2020-03-26,152.23956498452628,166.84036625503828,151.90555396873694,166.7926483154297,541000
2020-03-27,160.41794233802244,162.22156995312687,153.88097717305874,154.31040954589844,471400
2020-03-30,156.88542595703018,161.30796488300896,153.16168312043015,158.12986755371094,279000
2020-03-31,156.97154936615422,162.73426080937912,155.21019381357425,160.30282592773438,467000
2020-04-01,153.6977522778317,161.34626936589837,148.17435478906995,152.60647583007812,454300
2020-04-02,152.07041486832054,152.74049434658295,145.66633931232164,150.78768920898438,399800
2020-04-03,149.80169643887427,151.76406872008118,144.56548049139747,146.86289978027344,212800
2020-04-06,153.76477173973313,162.7342987060547,153.42972469385987,162.7342987060547,391600
2020-04-07,162.73429808018193,169.0713584254157,157.71824739861515,159.71893310546875,580400
2020-04-08,163.17463548960131,169.10964782222584,161.5759975592936,166.0655517578125,487800
2020-04-09,168.23854657142908,169.26282240100147,157.9767120074744,160.7527618408203,416900
2020-04-13,160.41772728063606,165.6922277368809,157.23004784549263,164.55308532714844,228600
2020-04-14,168.65973651399344,176.86345172855602,166.90794797679507,176.0210723876953,311400
2020-04-15,171.32096161663068,173.09189988834743,169.52130669027122,170.880615234375,346500
2020-04-16,172.87169078615048,177.03578029993403,171.541099116883,175.9445037841797,325000
2020-04-17,177.09318185869083,180.92222362860846,174.89147991966115,177.8302764892578,292800
2020-04-20,174.65217187235868,178.43334785174437,173.49389486983102,176.35609436035156,191500
2020-04-21,173.7331957347266,175.41796878499625,166.1612624441994,169.55953979492188,296700
2020-04-22,175.21691495753393,178.95023880782998,174.4511184200059,176.88255310058594,384100
2020-04-23,176.93045854084443,180.60633532560567,172.9291020876648,173.52261352539062,285300
2020-04-24,175.75302660154685,178.50035945235825,171.16774081052873,178.08872985839844,254500
2020-04-27,181.16155228569377,186.11058739058322,179.51506303298115,185.58409118652344,274500
2020-04-28,187.6230531105725,190.3608186534922,182.72188415241973,183.1334991455078,390900
2020-04-29,190.4756849390991,199.88555714698958,188.10168305452842,194.85037231445312,850300
2020-04-30,193.56763819206762,195.19497800354688,189.82474640102083,191.36593627929688,320900
2020-05-01,187.04873434650816,189.98753169741207,179.5725306401857,180.92227172851562,457800
2020-05-04,178.6344005428721,182.3389943781517,173.2258840139172,181.6593475341797,324000
2020-05-05,186.40732093071296,191.88285180251324,185.70852490109758,188.5228729248047,329400
2020-05-06,192.03601281242712,194.62061301664744,188.5420181335079,192.17002868652344,303800
2020-05-07,195.47259410689463,199.0910376825688,192.2657801478375,194.39089965820312,358500
2020-05-08,195.97037345567577,202.75734698953138,195.92250750868246,202.2404327392578,384700
2020-05-11,200.77584413369573,204.3751387426236,198.50712657204858,201.50335693359375,587900
2020-05-12,202.02983828955428,210.1952694626058,200.14403387214676,200.54608154296875,429500
2020-05-13,200.58437404775646,201.91496566001575,188.6281988387421,191.24151611328125,478900
2020-05-14,189.60459620194035,192.39979513797627,183.81316719587505,192.37107849121094,379500
2020-05-15,187.62306323223078,188.43674052257617,181.34343651417305,184.76084899902344,486300
2020-05-18,189.25039643548232,198.04762269813375,189.05894725832007,196.06610107421875,398900
2020-05-19,195.56835294423738,200.38337282619696,193.1847686767578,193.1847686767578,309900
2020-05-20,197.04250440401862,200.7566799423538,195.26199923020846,200.55564880371094,312900
2020-05-21,198.28693255293373,200.8906821917416,192.93585004792018,193.78781127929688,262900
2020-05-22,194.41961770426914,195.04183120041347,190.44697777718687,193.53892517089844,263200
2020-05-26,199.38779777233358,200.7949719792865,195.28115635243074,196.13311767578125,337600
2020-05-27,197.93276795594497,201.54162971161966,193.3761983910191,200.7949676513672,317800
2020-05-28,201.84795248505023,205.58126264549284,195.02268034885418,196.38198852539062,297100
2020-05-29,198.55498155601614,201.92454278234644,195.62576660966772,200.785400390625,286000
2020-06-01,199.53138452850536,205.72486124289426,198.95702237557035,204.2698211669922,271800
2020-06-02,204.49956793361284,210.34843024851293,201.98196811193293,210.0899658203125,267100
2020-06-03,212.17679786279993,219.50941727808728,212.1480812144522,217.6906280517578,396800
2020-06-04,215.26879920781744,219.78707105492842,215.26879920781744,219.28929138183594,338600
2020-06-05,222.5917898253117,228.72783332690724,222.5917898253117,225.0998077392578,564900
2020-06-08,226.89945668265233,226.89945668265233,218.3319780709749,219.82530212402344,319400
2020-06-09,216.91522089342968,218.65742729353286,214.58907043578444,216.83863830566406,286200
2020-06-10,217.98736708536936,223.00341747551778,217.41300492991795,220.02633666992188,250300
2020-06-11,213.67015344643815,214.3402329717467,201.88626272244582,201.98199462890625,438500
2020-06-12,207.01714795211737,209.64004694858446,199.6270958135268,204.85374450683594,383700
2020-06-15,200.86195115431454,211.31523295231943,199.65580831068746,210.42498779296875,413600
2020-06-16,215.7856292514249,219.6721039877249,211.69812341199759,213.85195922851562,349600
2020-06-17,216.427020901156,218.24582459800862,213.05747448966744,215.68035888671875,379600
2020-06-18,216.0441341482295,217.26942647395305,213.31593575977382,213.46910095214844,232800
2020-06-19,216.29301446986818,216.32173111732192,209.67834068247342,212.35867309570312,595000
2020-06-22,214.86670130028736,217.12583669655115,211.3631243150701,216.97267150878906,315600
2020-06-23,219.1935358022651,223.78838976509064,215.9962887914826,216.76210021972656,296900
2020-06-24,216.2068352231955,217.6331584821684,208.60618528570404,210.5302734375,289000
2020-06-25,211.8609166787948,219.00207236190272,206.7012681764466,218.8106231689453,335800
2020-06-26,219.6051470494896,221.86428253965977,213.04790641639113,216.5802001953125,657600
2020-06-29,215.46732239825667,220.85905224957327,214.66144606938698,220.60960388183594,406400
2020-06-30,221.25242086422122,227.8145974167605,220.65760938427118,227.37327575683594,367500
2020-07-01,226.61534204932528,228.8123176095363,223.04644435196937,225.98214721679688,519900
2020-07-02,227.92005460803477,230.5967200225524,225.7806253446144,227.4979248046875,265900
2020-07-06,232.16052685986068,233.52284561501148,230.05948091135096,232.30442810058594,292600
2020-07-07,232.58266293493358,237.8112996153564,231.59450195590415,234.08889770507812,306400
2020-07-08,236.83271109711637,238.68430875033164,233.82984493690049,237.47549438476562,227500
2020-07-09,239.93153633934284,241.0732018125528,234.25200386463288,239.3463134765625,432000
2020-07-10,241.24584608692288,241.4568963457801,235.21133406593052,237.8400421142578,219400
2020-07-13,241.02521621283418,245.30406070115853,232.10297251403276,232.5730743408203,223600
2020-07-14,231.76721859139369,239.94114721813494,227.1238189692266,239.38470458984375,328000
2020-07-15,240.10424544048826,241.0060657667482,231.8055924424279,236.6984405517578,290100
2020-07-16,235.11541926664415,237.005385649891,232.26605760932702,235.56631469726562,138300
2020-07-17,237.36040718669895,241.0732061973674,235.6239302813371,239.28875732421875,181400
2020-07-20,239.21200120009567,243.46206568603884,238.62677833622055,242.30120849609375,243500
2020-07-21,243.69232708835654,244.62292769409504,237.47554321167289,238.6076202392578,275200
2020-07-22,239.39424499626264,241.30341770056657,236.04600136160536,239.1352081298828,265300
2020-07-23,239.7780093978915,242.05175159313575,233.2446292256192,235.24014282226562,347000
2020-07-24,233.34055315420744,239.49977491422766,229.36871801404538,235.1729736328125,412900
2020-07-27,238.44448606753022,244.56533996020408,238.36774848954929,243.57717895507812,304200
2020-07-28,243.24139645247806,243.35653210055855,237.1013653177792,237.42755126953125,294500
2020-07-29,242.51233331716645,253.55481823782745,239.8452552499069,253.16146850585938,688100
2020-07-30,250.77250023538366,260.7500522675906,250.77250023538366,258.79290771484375,337200
2020-07-31,260.5869912797553,260.8940001425221,249.90907898508132,254.24549865722656,352700
2020-08-03,257.7663442446599,261.843711346429,256.41361423401077,257.5361022949219,315700
2020-08-04,256.8838110341442,264.6355949753127,256.8838110341442,264.4245300292969,285300
2020-08-05,265.85399994092757,266.9285310324761,259.7523520947358,266.7462463378906,367200
2020-08-06,266.02665959526746,271.12096833139657,265.7484310183905,271.0250244140625,273300
2020-08-07,270.47820391386927,271.96526162167567,262.8319382756965,267.408203125,225500
2020-08-10,266.81331992171715,267.8398641723828,259.9921380290674,261.0858459472656,301600
2020-08-11,258.668163086079,264.2038072524938,255.9531291810897,259.2054138183594,298100
2020-08-12,262.1699444813787,268.93359575439246,260.4622480642583,268.6265869140625,221700
2020-08-13,268.6266389859662,270.9675306107966,266.0267250707579,267.7823791503906,189300
2020-08-14,268.80888960331134,270.37268488072647,263.46513190011257,264.6547546386719,164300
2020-08-17,267.87823501268076,271.1689032315683,267.02437228036734,269.95050048828125,206500
2020-08-18,269.9505470895605,270.91953096924243,263.8488705895269,264.21343994140625,253200
2020-08-19,264.9905597133135,267.54251612715836,262.4194262237476,263.3404235839844,232300
2020-08-20,260.8172441110174,263.70498962017103,258.37083483964636,259.8099060058594,272700
2020-08-21,259.80991097441324,262.4290310870805,257.40185580794605,261.6711120605469,157100
2020-08-24,264.5876408197165,264.7315420850943,255.2048977033633,257.2195739746094,268700
2020-08-25,257.7567733364619,260.79799314372326,257.7567733364619,260.5389709472656,230400
2020-08-26,261.0570866417897,261.64232413462685,256.01076371278253,258.60107421875,226000
2020-08-27,259.2726595985704,259.2726595985704,251.91419602571028,253.2861328125,312100
2020-08-28,253.3916201619933,258.84089539004214,253.3916201619933,258.51470947265625,172900
2020-08-31,258.7641810956186,262.17957427663123,255.24324080591225,256.2793884277344,322600
2020-09-01,257.1140221456739,261.7574211218134,251.92376915542104,261.5463562011719,464200
2020-09-02,265.09614460083975,272.9438735518177,261.9493763334706,271.36090087890625,291000
2020-09-03,267.04368064984425,267.04368064984425,250.44637343354745,252.4035186767578,382400
2020-09-04,252.52817298433385,254.84988701316598,236.04600599302026,245.41915893554688,381600
2020-09-08,236.02689789930741,242.68500382245287,232.11262199131727,232.77459716796875,344300
2020-09-09,238.0415228332058,239.20237986397962,234.06009898060142,236.54489135742188,444700
2020-09-10,238.4061385268891,239.71089705368234,232.09341084865324,233.31182861328125,295500
2020-09-11,232.61143730524986,235.50875630906108,226.0492625769208,227.40199279785156,396400
2020-09-14,232.9184566053599,238.33895197077575,232.53471016212262,237.5426788330078,253500
2020-09-15,246.73351254284285,258.19812320751345,241.76392772193907,248.1630096435547,536300
2020-09-16,250.2352632445093,251.13708347410397,239.16401604726556,240.075439453125,302000
2020-09-17,234.11767826672613,242.8672258359611,234.11767826672613,241.86947631835938,258200
2020-09-18,243.80742200436117,244.86273199109357,235.78699876585145,243.62513732910156,635800
2020-09-21,238.67471324446353,246.70472447629305,237.80167335310938,245.57266235351562,373700
2020-09-22,247.51064247380964,249.17998496978177,241.2938590075454,248.9401397705078,407300
2020-09-23,247.93276885069292,248.2493809049124,240.55514292240298,241.82151794433594,196100
2020-09-24,239.8547405390734,250.7916882538033,239.8547405390734,249.0456085205078,276300
2020-09-25,249.03600163788218,255.10889719185158,244.7379953158782,254.40853881835938,242900
2020-09-28,261.037828349757,264.1558148746389,258.35157474719995,263.7145080566406,344600
2020-09-29,262.6573028118943,268.36641078512673,262.6573028118943,265.85784912109375,189300
2020-09-30,264.75259239450133,271.8841826491066,264.75259239450133,268.74127197265625,263300
2020-10-01,269.93302564347124,274.2388638363592,267.35720753432247,269.4428405761719,348900
2020-10-02,264.0509638736682,266.66523576004016,261.1675770577283,261.7826843261719,254100
2020-10-05,264.15669951449786,271.76885435024724,263.0514069944686,271.5189514160156,372400
2020-10-06,270.644309837419,280.7457849480224,270.644309837419,275.3730773925781,357300
2020-10-07,281.4377897316986,287.2141548488229,278.22762251792926,286.7239990234375,347300
2020-10-08,287.3776207851498,291.8853189225674,285.7725221712984,291.2221374511719,204100
2020-10-09,293.81715457087967,305.61019714417046,293.81715457087967,303.19775390625,397400
2020-10-12,307.21525178509523,310.19472787230825,301.97708761389003,303.9089660644531,311400
2020-10-13,303.5918661395133,307.62862038477897,302.2078377886413,303.217041015625,265700
2020-10-14,303.2169078208768,305.4851575859447,300.6410604857698,302.1692810058594,333500
2020-10-15,297.16184341569175,310.319701162715,294.2015791385986,308.4551086425781,272100
2020-10-16,311.5403312233013,312.5398841463029,301.80409091397706,302.9574279785156,259800
2020-10-19,305.38906970521055,310.204334602807,298.8918586608444,300.2662658691406,384700
2020-10-20,301.34274985704843,306.1483944688926,300.94868347911796,303.6398620605469,237800
2020-10-21,304.89904765699873,306.3407415562093,298.74779688863026,299.0841979980469,255700
2020-10-22,299.7568507632638,305.89844845951035,297.73847444442924,302.5921630859375,252300
2020-10-23,304.0724038781491,309.24328304760706,301.94831681342333,308.9549560546875,233800
2020-10-26,305.5429072581505,311.82869921371514,298.4882238249902,304.6298522949219,241600
2020-10-27,306.9269354893522,309.17597385999574,303.94742968280866,307.4459533691406,260600
2020-10-28,301.3523538144866,307.08067366124925,291.7506564673829,291.9525146484375,298000
2020-10-29,292.85607581647804,311.7710912291139,292.85607581647804,306.2445983886719,450700
2020-10-30,295.6625128199802,307.8400307543387,291.1067705220727,307.1768493652344,561900
2020-11-02,313.17425511782045,314.20267013899337,300.8814075729389,303.0055236816406,342800
2020-11-03,307.3689617182765,309.9448090533835,301.1504575486925,302.1692810058594,391200
2020-11-04,307.0710726350812,325.7458300474573,305.8984941665583,322.80474853515625,667200
2020-11-05,328.9464388271905,343.57482509598753,325.1115430534785,342.7386474609375,729100
2020-11-06,342.4501919230521,344.7473039160278,333.6943223217556,343.2959899902344,285500
2020-11-09,342.93078115334066,344.36288316534655,303.7263542847469,304.5240783691406,826700
2020-11-10,302.3326443518503,307.5035214992015,290.7318137948832,297.71923828125,567700
2020-11-11,301.34281170065765,309.4835765170776,301.1698154986463,305.100830078125,599700
2020-11-12,306.38867080977377,307.15756220035763,297.4213510422352,298.6708068847656,309600
2020-11-13,302.6787852073791,305.2546041229219,291.45277517111543,295.0185852050781,368100
2020-11-16,293.0097068227535,295.3933167648167,284.69594871276513,294.10540771484375,489600
2020-11-17,294.23041319222585,294.73018969210426,288.3386879749257,291.0779113769531,298400
2020-11-18,290.9241876651216,295.19160348024195,288.1753430163785,288.4444580078125,230800
2020-11-19,289.39594125952254,301.72721314648277,288.7712132898347,300.1798095703125,416500
2020-11-20,301.0352114933878,307.76311461890464,297.65204790954954,303.457275390625,292100
2020-11-23,305.0238510962338,309.67574074523554,297.76733969392274,306.5039978027344,382100
2020-11-24,306.0427171043285,306.98460477695585,289.67469097872737,292.8464050292969,763400
2020-11-25,297.83468419720657,298.7189065258361,288.8673334494259,294.5091857910156,696100
2020-11-27,301.03518014263483,316.71119044603347,297.8250130768219,315.3848571777344,468000
2020-11-30,318.008716517802,318.008716517802,296.9888320311349,307.5227966308594,2944700
2020-12-01,309.66610001936397,315.0388066581801,305.5428491267566,307.3689880371094,391800
2020-12-02,306.6770330138358,314.23152231943124,301.75605715304243,308.3590087890625,377500
2020-12-03,306.82119769056527,314.65439257335225,302.7748237924379,311.54034423828125,242900
2020-12-04,310.8291349544361,320.62304251109396,307.98420112382826,308.8876647949219,664500
2020-12-07,309.09908827565147,311.9824752384256,307.12875625229174,309.90643310546875,487400
2020-12-08,309.3682456110406,312.6937441510211,305.6006065576256,310.9156494140625,371700
2020-12-09,308.9549361372212,310.11789404213323,293.96131751403135,296.614013671875,467200
2020-12-10,295.44147096346074,301.2755019697022,293.97091536781807,295.32611083984375,615700
2020-12-11,294.45146210685925,301.5542193932799,291.79876605048815,294.6533203125,656800
2020-12-14,298.87267022015675,308.43591564965175,298.4305590861348,307.0422668457031,685100
2020-12-15,309.92556703290495,319.65218524346676,307.57081920543754,318.6718444824219,918700
2020-12-16,320.63263677967274,321.05553588158045,312.4342076720765,319.1236572265625,686600
2020-12-17,321.4399508150817,332.2141975429058,321.20928926571423,328.1966857910156,431500
2020-12-18,331.65667753618027,337.51956829545037,327.2354797833872,334.69384765625,912200
2020-12-21,330.0900208329879,336.0201680868743,329.7536199443906,333.0983581542969,514700
2020-12-22,333.96346619836373,341.7486162978101,333.6366858861129,340.29730224609375,570600
2020-12-23,342.13307698091813,347.8133526528906,337.6157591374898,340.1339416503906,431200
2020-12-24,342.95967772715437,344.6704863213719,337.71192114757275,343.19036865234375,124100
2020-12-28,348.67843508656784,350.8409756940561,342.0466497565373,346.4486083984375,272700
2020-12-29,347.5057733756814,350.3507067940019,334.85731314471514,338.5,305700
2020-12-30,341.8687558362935,349.03935857476193,341.8687558362935,347.20098876953125,225600
2020-12-31,349.7516328223872,353.28397499314406,345.49738962607944,352.4947509765625,277200
2021-01-04,357.9519965308646,367.46145480346087,347.68218811913414,351.1375427246094,514000
2021-01-05,347.9805350117418,357.4803582685514,347.9805350117418,356.6622314453125,355800
2021-01-06,349.57827118351054,363.813554156722,343.5145337512275,345.1507873535156,632700
2021-01-07,351.7054612948391,367.8850072472188,350.5408500400674,366.9513854980469,348100
2021-01-08,372.4568097740704,378.0103971159428,368.19296261760064,372.88031005859375,413100
2021-01-11,370.0121292890738,381.2348300791605,368.15452006741145,377.740966796875,523500
2021-01-12,382.4860232349953,382.4860232349953,371.6098086680355,376.8361511230469,330900
2021-01-13,376.5666987387746,381.33106281720575,373.26534649754956,373.65997314453125,216200
2021-01-14,375.30575611590103,378.92474756205127,370.67615643249155,371.7156677246094,278000
2021-01-15,372.2932089677195,372.56270650479615,361.25338555488935,365.00714111328125,477000
2021-01-19,371.79275235563307,380.4263379749187,368.89563156523343,376.64373779296875,416200
2021-01-20,381.46577876726843,386.1242822270848,379.4830406460782,381.55242919921875,282100
2021-01-21,385.9606355934064,389.14649285407336,380.20490282248676,388.0588684082031,208000
2021-01-22,383.84314886031603,391.0907379546771,378.8189217616694,382.0240478515625,164400
2021-01-25,390.1090401412753,391.49503598051405,369.1073817454791,376.64373779296875,195600
2021-01-26,376.5762744164513,377.02864836830713,366.70106354612426,368.8763122558594,266100
2021-01-27,360.95499547109716,363.13987871365885,337.8358677455357,338.5577392578125,524000
2021-01-28,347.6918380087638,358.28892203985595,341.4741257862611,354.1790771484375,373600
2021-01-29,362.54318488998223,362.54318488998223,341.66665560691104,341.96502685546875,435000
2021-02-01,349.8478034167214,354.8720300748533,345.2855557054357,354.1308898925781,283100
2021-02-02,360.43529055923403,364.0735220224861,354.1983097480754,360.52191162109375,289900
2021-02-03,361.45557876318753,365.26705282912934,350.2809904105645,352.2926025390625,356100
2021-02-04,355.36286620676276,358.78934697757063,347.1431778468152,353.8132629394531,510200
2021-02-05,373.5444735779754,377.7698131435206,343.610860525903,346.0267333984375,775500
2021-02-08,350.3483199684741,356.4986795746664,345.4395876327717,354.7950439453125,549900
2021-02-09,353.3032220187229,368.48176512646575,351.3204836846726,364.9397888183594,1092200
2021-02-10,365.7193793949691,369.3191028022504,356.67192848280627,359.7230224609375,657100
2021-02-11,365.5845695034345,371.5231783088231,357.1049884312539,370.2430725097656,10003300
2021-02-12,370.06989812664585,374.2663939249887,363.15918724843357,371.4462890625,421900
2021-02-16,373.1979788285978,383.92982666483044,371.8601254183086,373.40972900390625,492500
2021-02-17,370.5222636899978,370.5222636899978,357.903961639847,366.0177917480469,385400
2021-02-18,361.64795141134715,363.5729418877974,353.66888703503776,361.78271484375,317000
2021-02-19,365.6808511628991,379.7044154575893,363.97724496821564,378.9825439453125,470600
2021-02-22,369.7330531940008,374.3818937577316,356.74896830288424,358.68359375,506400
2021-02-23,345.63204014303795,361.8982035225033,338.461438988928,357.7209777832031,531200
2021-02-24,356.4216637820495,373.85247048387794,350.338685897402,373.3134460449219,438900
2021-02-25,367.3940865479559,371.75418924592003,347.1528108030592,348.9911804199219,377600
2021-02-26,354.5930723781172,363.09189715647165,350.48322598869237,360.4739074707031,448300
2021-03-01,366.6626124933047,377.076789776186,364.8146085114785,374.45880126953125,444900
2021-03-02,375.7966917302467,375.7966917302467,355.43992068549056,356.6815185546875,354700
2021-03-03,356.40243009760684,359.3765373605721,341.1179984370382,341.50299072265625,367500
2021-03-04,337.40271723242085,338.93311061478926,313.73496122028956,315.6695861816406,808800
2021-03-05,321.8199476290748,325.77581899439616,297.52657314873954,320.4243469238281,659100
2021-03-08,317.6715801429033,321.1365692952291,290.2019838619996,290.7217102050781,723000
2021-03-09,303.0223535254164,321.4926389237822,301.38612929500954,311.71368408203125,1054600
2021-03-10,318.2394919381174,321.81994661431844,310.63575480877097,311.2806396484375,572200
2021-03-11,326.9019448438586,331.8010428015209,323.56208470154706,324.9384460449219,571100
2021-03-12,318.1817070373511,320.79009064311424,312.84950382696616,318.5859680175781,426800
2021-03-15,320.0200489131075,329.44288600723223,318.0950583370753,328.826904296875,340700
2021-03-16,334.4094338660892,338.71178986163454,327.6045837333823,329.799072265625,262400
2021-03-17,322.8883464741139,343.360613911311,318.3934798445907,338.99090576171875,694000
2021-03-18,332.2534398322181,337.3161459064042,323.00384331873585,323.16748046875,506700
2021-03-19,329.66440947079724,336.67137694648443,324.2070459630136,330.30926513671875,1149900
2021-03-22,334.611544039653,342.5714003697918,330.8770569189489,335.1794128417969,410200
2021-03-23,335.2756670561652,336.77715763307896,320.9922378674277,324.0722351074219,446900
2021-03-24,326.0260896291945,326.23783980004777,318.4608602278269,318.57635498046875,255000
2021-03-25,314.4087649434307,320.4147271085394,306.03504283989804,319.14422607421875,271300
2021-03-26,305.43828230156635,338.0187569958016,305.43828230156635,337.8070068359375,386900
2021-03-29,337.2006001576172,337.6818478080173,323.3984210689038,327.7681579589844,536800
2021-03-30,325.89765516427997,332.48308891784467,321.96375558734763,330.32330322265625,360500
2021-03-31,333.0808621080117,344.3233393692635,333.0808621080117,340.56298828125,428000
2021-04-01,345.9432598491463,354.86205657534873,344.82479099898364,354.36065673828125,507600
2021-04-05,360.4832920348774,365.381415200836,354.67885336367027,364.54254150390625,378000
2021-04-06,363.1155713568464,369.42141018047937,359.12379291784157,361.12933349609375,486500
2021-04-07,358.1499136339147,365.1210182115462,357.3206913990671,359.7601013183594,314900
2021-04-08,365.6321242975144,369.46962833076714,360.79187934516995,364.82220458984375,352800
2021-04-09,361.11967397886036,364.4461559362119,355.10311122977964,363.3758850097656,293500
2021-04-12,361.9681340265989,363.9832962949693,354.4281286148904,360.531494140625,283100
2021-04-13,361.5439018669635,365.6513785921453,358.00529619118237,363.03839111328125,192700
2021-04-14,361.5727755361757,369.28632808094744,355.8840364193801,356.6746826171875,251900
2021-04-15,361.2257039785885,369.9034511724062,360.9171547941729,367.9075622558594,237000
2021-04-16,368.4378507917461,372.68029901594946,361.93919186773735,365.06317138671875,322000
2021-04-19,363.5301673591348,365.63210382263713,349.7711256087466,356.3662109375,238900
2021-04-20,357.32078899028124,358.10178407805216,348.98051355274674,351.2367248535156,266600
2021-04-21,349.8579012705542,364.34008879994036,349.1540288514138,364.05084228515625,234900
2021-04-22,363.3469696857358,366.29740183456715,356.4337131619568,358.85382080078125,237200
2021-04-23,365.5549212909433,373.26847424814457,363.7422316380219,367.1554870605469,416200
2021-04-26,366.6734352181394,377.09637258290337,365.7574389215652,375.58258056640625,277900
2021-04-27,379.7961055731473,381.7148721212884,369.62386810246903,371.21478271484375,195100
2021-04-28,368.5054248763869,368.5054248763869,361.9874619392688,364.00262451171875,257600
2021-04-29,367.91725936318056,371.0605422938193,354.97778793712786,357.8221435546875,290600
2021-04-30,352.2394180722124,358.91162519055905,345.97215602368897,348.44049072265625,327700
2021-05-03,349.2793513882022,352.3069353212752,336.831600648324,337.7379455566406,541400
2021-05-04,331.27785527432957,333.0905452150238,318.45408321709795,322.1565856933594,494900
2021-05-05,332.6470290123857,336.7834307425481,324.5670761794093,325.72412109375,510000
2021-05-06,321.1152622018191,323.35217050548334,314.6262242873117,321.4430847167969,355800
2021-05-07,327.62359139907403,332.0492397316074,324.1139100021042,330.51617431640625,295500
2021-05-10,325.0877621149906,328.65526346220315,308.1757854172419,310.3355712890625,486300
2021-05-11,302.8533764719569,313.58486164677174,298.90982608475986,308.93743896484375,611400
2021-05-12,303.200511764206,305.40852480762015,294.58061292472246,295.1398620605469,429900
2021-05-13,301.40708823880345,308.8795926797573,293.05716361637906,295.361572265625,518000
2021-05-14,299.48840571298655,308.0504566144312,298.24461613430736,305.1867980957031,462200
2021-05-17,300.74180794271444,303.5379651586156,294.8409443136742,301.1178283691406,382100
2021-05-18,303.99118361029775,307.35621236646284,298.1578197523517,298.32171630859375,326800
2021-05-19,292.15088175573607,309.67992759911004,290.7335149147776,308.3493347167969,428200
2021-05-20,312.013315693136,322.21447956253803,308.55186130628675,320.0836181640625,398000
2021-05-21,320.748858971314,322.30119757165477,310.8080187244808,312.82318115234375,425500
2021-05-24,314.7033450024824,320.11246009889027,314.7033450024824,318.087646484375,261300
2021-05-25,320.11249920217745,322.8026094675701,317.5573902591831,319.48577880859375,255100
2021-05-26,321.7323324308983,327.48857331891105,319.8135952765185,326.8907775878906,420200
2021-05-27,324.0753003584635,333.8040457880012,322.243337252582,330.30401611328125,478900
2021-05-28,332.85919524858724,334.4501101394013,329.7255634174863,330.8343811035156,251700
2021-06-01,333.08088373461044,338.3453755996474,327.15106612152636,330.17864990234375,278800
2021-06-02,330.29435497315967,333.2833628073228,327.25714920008704,331.3260498046875,365100
2021-06-03,327.2282070996401,329.8700895881935,321.5008916387896,323.911376953125,335700
2021-06-04,326.86180109025395,335.0671023270912,326.86180109025395,334.6042785644531,267700
2021-06-07,330.76690639388437,332.5024741222565,327.59472772333714,330.3716125488281,225700
2021-06-08,334.84537679770517,335.16354795215364,323.99819152295464,326.5340270996094,222100
2021-06-09,328.7419662329642,332.62766699609557,325.0490866208745,328.3177185058594,184800
2021-06-10,329.079464882904,333.15801689467276,327.08360527489685,331.1042785644531,233500
2021-06-11,332.5216925646103,335.21180297364106,328.72276456543796,334.7297058105469,220700
2021-06-14,335.7131520941493,340.39915152254287,333.1580431771144,339.19390869140625,254500
2021-06-15,337.6029461827673,339.4638337882846,332.26130247340365,333.04229736328125,197400
2021-06-16,333.032652168788,336.3977097474959,328.2791820906148,331.3742370605469,280400
2021-06-17,330.6221886090571,346.0782206129876,330.6221886090571,343.33026123046875,367900
2021-06-18,340.1387699031786,344.34267182418455,337.53546327502863,341.2861633300781,625900
2021-06-21,340.52447067667873,342.58783091597184,336.9183644432592,341.4307861328125,236800
2021-06-22,341.0547180175781,342.5202823697738,337.03401591190874,341.0547180175781,213500
2021-06-23,341.0644683153246,342.31790916471414,337.25588897122634,337.5451354980469,490700
2021-06-24,340.9101135987597,347.31234709553223,339.6952196217916,346.483154296875,198400
2021-06-25,349.1925644455505,354.4570563794205,346.0107060268272,352.5865173339844,518800
2021-06-28,354.4859490618312,364.0796919666098,354.4859490618312,361.0714111328125,298700
2021-06-29,361.04254545426625,365.7263986587441,357.04436061412486,364.4709167480469,239400
2021-06-30,364.21011074950826,365.6297519885037,359.00474971582736,360.65618896484375,234100
2021-07-01,363.3312866698517,363.3312866698517,355.5184410766801,357.4981994628906,376600
2021-07-02,361.2259901062661,363.756228339233,358.99512940638493,363.418212890625,223400
2021-07-06,363.53399047485163,370.98951448951254,362.2302338254734,370.3231506347656,541300
2021-07-07,374.00272585451063,374.00272585451063,358.7729919605147,364.00732421875,440300
2021-07-08,357.7203817378066,360.646577869874,350.9988278499867,360.2216491699219,354000
2021-07-09,361.1486855356686,370.22664980278046,357.527154886122,369.4927062988281,272100
2021-07-12,372.4382438170462,374.0606826390248,368.0924065975425,373.6937255859375,340300
2021-07-13,371.4918143814303,375.4320269310825,368.8553293444109,374.17657470703125,328700
2021-07-14,376.94823454934124,382.74268362921475,368.2661983036415,369.7534484863281,572600
2021-07-15,369.56032219390215,369.637568548151,360.7624015791295,366.5085754394531,529500
2021-07-16,368.0537337146279,370.9606250985779,365.66838047175156,366.46026611328125,852200
2021-07-19,361.45778926312005,368.2759230614936,357.41132932826565,367.69647216796875,383600
2021-07-20,369.6569069379805,380.8402113311776,366.885233221657,378.9183654785156,368500
2021-07-21,379.11150112656753,391.6564744503925,378.95697894166517,391.4150390625,319300
2021-07-22,390.0050415057873,393.3175277578012,385.9682491330775,391.12530517578125,311800
2021-07-23,393.1823430805186,401.6036101708867,390.63277136438256,400.0680847167969,292400
2021-07-26,397.1805639303416,403.0136518387725,395.3939654278781,398.7933654785156,335100
2021-07-27,397.2964089473607,397.2964089473607,381.94109555386297,393.3078918457031,515600
2021-07-28,395.9540750808893,417.21005815227807,391.25091797778094,416.2346496582031,581500
2021-07-29,414.515617355045,425.87274818360777,413.3181071829785,424.9842529296875,798500
2021-07-30,420.696320460305,435.5301256822646,419.13182389769634,433.8690490722656,462200
2021-08-02,436.3606918365234,441.92337302164293,435.0279636799139,438.89093017578125,497900
2021-08-03,441.1700951962005,444.2411464833696,431.58028795519937,440.8996887207031,286900
2021-08-04,442.16472651558087,454.22682773332355,442.16472651558087,450.4507751464844,231300
2021-08-05,451.3586174469241,454.6131617111857,443.87412053492915,447.6018981933594,362400
2021-08-06,442.6766054569469,446.92586227744226,439.9242362130956,445.96978759765625,218500
2021-08-09,445.969798727173,448.4517321124414,438.81365030340936,444.01898193359375,203500
2021-08-10,447.0804150447924,447.0804150447924,437.47127441369446,442.6766357421875,255600
2021-08-11,443.7099618760544,444.98471830872563,435.38524505343526,443.49749755859375,187500
2021-08-12,440.45539449251135,447.45702075125257,434.9796563917715,446.5009460449219,270100
2021-08-13,445.0136561338315,452.05391967932474,444.6370322872487,448.9249267578125,168600
2021-08-16,446.2691458229019,449.0794570790766,438.5914892333049,442.8214416503906,263900
2021-08-17,438.2921937241891,439.7504730694674,428.1229351702229,437.16229248046875,332400
2021-08-18,437.3071566824783,447.09976203857644,433.61801637409906,442.2227783203125,336400
2021-08-19,437.63545157489324,456.15836773703404,437.0077254514268,451.2137756347656,274800
2021-08-20,453.1646263822737,461.2672134009162,451.55185424585,459.85723876953125,356500
2021-08-23,461.9817741728524,469.99744661032264,461.7693098559052,468.5584716796875,388300
2021-08-24,470.4707847138586,474.4979115658925,467.9212121833355,468.7034606933594,240200
2021-08-25,468.4908585802458,474.1597861071167,460.33036035052925,466.7138977050781,353700
2021-08-26,466.0668737650562,473.9762993467368,464.6568993668254,470.5285949707031,394700
2021-08-27,470.2292404862031,479.79007631982546,468.31706153064084,478.0034484863281,280100
2021-08-30,481.38351978103753,487.26488222304533,475.7049548102458,485.7100524902344,233900
2021-08-31,486.8400192825759,486.8400192825759,476.0044260347057,477.9745178222656,390200
2021-09-01,481.43177277056736,484.3676055165854,477.24045847428914,479.09466552734375,256200
2021-09-02,482.7742170768089,486.76273457664325,479.96390550085715,480.9586181640625,297200
2021-09-03,480.76545180593405,486.5212630278683,479.5389412102157,484.92779541015625,244000
2021-09-07,483.9620927214689,488.4914231832171,478.6987892126534,480.32122802734375,308900
2021-09-08,478.486335442255,479.50038182788813,472.19937752854923,475.20281982421875,279400
2021-09-09,475.86923839539264,478.3125637982243,470.97292074133884,471.60064697265625,438500
2021-09-10,477.0667015372135,487.83474436081895,473.39689510770836,477.0956726074219,304700
2021-09-13,480.0991213458378,480.5047163092595,465.9413460999751,472.6146240234375,300400
2021-09-14,475.02895584423135,480.09909895520485,470.14230598456527,478.4862976074219,283800
2021-09-15,478.650485618898,480.3984754537644,473.1457470355787,478.9981384277344,392900
2021-09-16,474.25631766583444,483.60471768239046,473.8120848328782,481.7408142089844,411800
2021-09-17,479.09470471444916,486.2122149655749,471.8999481098319,480.4757080078125,811300
2021-09-20,470.35469576772084,473.1650067548277,463.7200571208377,471.88055419921875,500200
2021-09-21,475.34766879259547,478.95956244884013,468.93515983865666,475.79193115234375,328300
2021-09-22,478.805026311109,491.06028932191055,476.3327302235048,490.52911376953125,339300
2021-09-23,490.5291060702574,503.7983857431831,486.9365462693312,500.0126953125,374400
2021-09-24,500.83360766423453,503.53773150196014,494.6625631759834,500.1769104003906,201300
2021-09-27,495.5219611317691,498.4481862943403,488.10510264194994,491.6976623535156,181000
2021-09-28,481.61535161728114,483.4019500141041,470.77006275131447,473.3968811035156,374900
2021-09-29,476.2203056264352,480.5714687151586,466.6477232246733,468.5815734863281,340300
2021-09-30,475.1083142134643,477.73835172802137,467.9434250201647,468.6492614746094,365500
2021-10-01,471.11493569638725,473.90933394212993,452.22121063517375,467.1021728515625,383800
2021-10-04,464.12408810971357,466.82181763415144,445.9652343427496,448.6629638671875,397700
2021-10-05,453.04309952890736,455.4120483446679,446.2746237555129,453.98101806640625,586700
2021-10-06,448.5082056881592,454.16472332581776,445.0175907939714,451.3799743652344,249500
2021-10-07,457.22988508515584,463.1764687796173,456.24363206778315,456.5820617675781,221900
2021-10-08,457.52964104590035,460.30471153936054,451.84411637236514,453.2171630859375,260200
2021-10-11,449.88125427814515,457.3169110482623,444.9596088016858,445.5881042480469,186800
2021-10-12,449.48478322786923,450.8094953882276,443.9249639596962,446.4196472167969,243600
2021-10-13,451.86346030012925,453.9423434347338,446.42934577320653,450.55810546875,248700
2021-10-14,457.2202553666768,464.2498207551025,457.2202553666768,464.18212890625,222800
2021-10-15,467.07319926518517,471.6080807479025,464.47216815434854,465.12969970703125,231500
2021-10-18,463.30218563848035,477.1195544707654,462.28692602129826,474.1027526855469,274700
2021-10-19,475.8238731056711,480.7648464674602,474.5475248233151,479.6625671386719,172300
2021-10-20,478.61828944712886,485.0580147412931,478.1541842420673,484.4005126953125,212500
2021-10-21,484.5455200748815,500.65452591124654,483.90734594328785,500.3837585449219,265500
2021-10-22,502.2885461234781,508.68964448825125,493.9150008454954,494.0503845214844,316900
2021-10-25,495.67480672625936,508.5348984414301,492.38726736754467,505.5180969238281,227700
2021-10-26,506.3786972533191,511.967493759548,503.0524724791656,506.0112609863281,182000
2021-10-27,504.2514432779948,514.800570227667,503.2748394773404,507.63568115234375,301000
2021-10-28,511.43565082604636,533.259155911503,503.8646112900487,531.5283813476562,432100
2021-10-29,495.41369111220945,509.71454998708674,483.5205251207853,508.0804443359375,626700
2021-11-01,509.85955719360743,517.2952130448505,501.5053107593591,511.77410888671875,394500
2021-11-02,511.764532983995,518.852052395056,503.84541302651826,518.2525634765625,318300
2021-11-03,521.1725166523079,523.3480976587414,513.2244223700148,521.2305297851562,266200
2021-11-04,524.6051385933304,529.4204651478195,512.0061367324842,517.37255859375,700900
2021-11-05,522.139595622559,531.1900011160736,517.3049697371649,528.2119140625,373900
2021-11-08,532.6403704594048,538.2678818773378,526.3843931079647,530.21337890625,244900
2021-11-09,531.731307909804,536.3145223503233,522.1684657993428,535.1638793945312,297000
2021-11-10,529.2562313699638,534.1102153834398,515.3711978763034,519.8190307617188,209800
2021-11-11,525.7460981535792,537.4168896922808,522.4585886460402,536.2469482421875,193300
2021-11-12,537.6102772260876,544.6591389315776,528.5888508336506,543.189453125,248300
2021-11-15,546.3127160437476,546.3127160437476,537.7457732799955,544.3402099609375,197500
2021-11-16,542.7545020172737,557.6258174563696,541.7198848918667,556.919921875,222600
2021-11-17,557.1325299190783,557.1325299190783,542.5996185331724,544.9105834960938,244000
2021-11-18,549.6485441577917,550.2480329540431,538.5965981659439,542.3966064453125,223400
2021-11-19,541.9518552749583,553.9707275279256,541.3137106580299,551.7178344726562,267900
2021-11-22,553.3810805992794,560.8167393838365,538.8578420148015,539.4089965820312,239500
2021-11-23,545.3746822940951,545.3746822940951,521.4045761374724,527.7863159179688,303700
2021-11-24,520.5440235826279,534.6321271957514,513.785227620123,534.3034057617188,269800
2021-11-26,527.5157734481479,537.9392566906558,513.1956118676652,517.3244018554688,195100
2021-11-29,526.7905520466915,547.5697665797854,524.3732388805998,545.6552734375,294000
2021-11-30,543.7988562566013,543.8858464914241,524.9727884562168,535.154541015625,397400
2021-12-01,544.7172575598073,554.6282403093509,535.6765310485019,536.8368530273438,303200
2021-12-02,534.4872928817582,543.4506498776839,528.8984365717076,536.1213989257812,264800
2021-12-03,540.6851151104988,546.1579436667024,516.6087179895146,526.606689453125,200900
2021-12-06,526.9451297869892,526.9451297869892,480.9775329680888,493.3445129394531,591000
2021-12-07,506.03063425245733,523.7640084642184,505.5858274372935,520.9599609375,392500
2021-12-08,517.9817316038982,526.2005940610669,510.7974859733081,521.1822509765625,227000
2021-12-09,519.0744372310465,530.34875834844,496.2936833898448,498.5369567871094,452000
2021-12-10,505.7212137889833,513.1375132081554,482.25392137630206,486.7597961425781,505400
2021-12-13,491.40093359987594,496.12918138641174,463.8725783635154,464.1336669921875,695500
2021-12-14,462.24814711979036,466.36725691966654,452.72393029821734,462.11279296875,514700
2021-12-15,464.5107431126201,475.0405700508424,450.8094330062172,474.17999267578125,525300
2021-12-16,475.3017345830822,478.92770397347,455.0833257212941,459.7729187011719,432900
2021-12-17,462.46092783696747,474.1317206788253,455.2379962816302,467.01513671875,736000
2021-12-20,458.66092815589616,467.8177100545714,456.04056939108693,461.6874084472656,398500
2021-12-21,468.66857453697503,471.81108088911964,458.9606389591279,469.3937683105469,260300
2021-12-22,468.62994653107677,477.93176174861594,467.55664427078403,476.5007019042969,208000
2021-12-23,475.72716300259714,479.43047325943036,475.35004803871374,479.2080993652344,236000
2021-12-27,483.4238492410489,496.49666555113805,482.84368829799934,494.18572998046875,194500
2021-12-28,496.6611092237335,496.6611092237335,481.093579453056,481.6060485839844,157800
2021-12-29,482.3216278757152,486.4890730625121,479.81729518748847,481.8381652832031,147600
2021-12-30,484.5197465587275,484.9263576868778,474.8097971864064,475.8166198730469,175100
2021-12-31,476.1554099754701,482.1382033264225,474.9549574346602,477.5881652832031,166300
2022-01-03,476.0973675110504,481.14111214477487,470.49211368684223,479.0597229003906,300800
2022-01-04,483.31934204101566,488.0823618762195,460.0270792677999,475.5746154785156,328400
2022-01-05,471.886164901133,473.24148606350803,445.71867270238187,445.8348388671875,473700
2022-01-06,445.7380131129273,453.7151009143538,435.0696637750959,450.7527160644531,387700
2022-01-07,449.62978905820523,454.8187416249754,430.016259770204,430.50030517578125,411200
2022-01-10,424.02370296214013,435.92154527413584,412.5808644355309,434.9921569824219,441300
2022-01-11,438.00296630540447,440.20052159694336,424.00438281168425,438.07073974609375,448100
2022-01-12,443.3468731325745,448.9327761914108,430.77138256595424,434.5856628417969,359600
2022-01-13,438.7677684899868,441.19765611200245,419.2026337303129,419.7738037109375,309600
2022-01-14,414.3912638274404,425.95996094797414,413.58776144582765,424.1980285644531,462500
2022-01-18,415.0108739201605,417.1503464525376,402.62898352513116,403.06463623046875,363700
2022-01-19,406.89828233806895,414.2945109682326,398.0789884521104,400.7605895996094,547200
2022-01-20,405.78487898655476,411.486917532437,391.15701395321355,391.2635192871094,454800
2022-01-21,386.71354468556365,406.1334438699853,383.65437419656837,384.7483215332031,610500
2022-01-24,378.7945482732826,389.588754249681,361.001035523931,389.19183349609375,752600
2022-01-25,377.33262359778786,382.6280798152203,360.58466976314406,362.9080810546875,583900
2022-01-26,373.53786035456795,382.1538630101947,358.7841357118462,366.1416320800781,742000
2022-01-27,371.94050715351085,375.03838007032846,348.1932403743254,349.5969543457031,495000
2022-01-28,351.2717480963267,359.2100748262712,340.0031571506316,359.0552062988281,623100
2022-01-31,363.8181689789208,391.2828978167076,363.8181689789208,390.0727844238281,538000
2022-02-01,393.5870046013754,396.2976471018003,378.88170256304824,393.3740234375,385800
2022-02-02,397.88533320041563,403.39377241528206,395.6877776406441,401.2736511230469,498600
2022-02-03,386.01649637647154,397.236664628818,379.1914684033829,380.61456298828125,502500
2022-02-04,378.19434752409614,391.26357304939785,374.58335828023127,387.35247802734375,289700
2022-02-07,388.330211727589,397.39152613711883,380.17887535947943,384.2835998535156,317200
2022-02-08,384.4289114796531,393.8968395260137,380.4500424228595,392.6576843261719,420900
2022-02-09,397.8368197369967,411.0512497160642,394.84539396606306,409.318359375,363800
2022-02-10,397.9627131467441,412.82291134493653,391.9218366146911,394.2936706542969,534900
2022-02-11,426.61827566658116,452.2726836112641,407.1015602660507,410.75128173828125,1541200
2022-02-14,407.26611177379357,425.15643998758827,397.7594532430105,419.49310302734375,747200
2022-02-15,427.5766490606937,467.05538815694405,427.5766490606937,463.9768371582031,978300
2022-02-16,456.72589192103936,473.6868326760955,448.2454067716175,472.0120544433594,507300
2022-02-17,460.87908988691623,475.1390514220822,445.8542986449879,447.1418762207031,457000
2022-02-18,448.4873979211031,451.856364417979,434.24679104480714,442.7563171386719,525900
2022-02-22,437.2188619256724,449.84277449541224,430.23893538314553,435.7473449707031,284900
2022-02-23,440.6361987748463,444.8570603544431,415.45614837276895,417.64404296875,438500
2022-02-24,402.3772938642802,441.0912373852792,399.2697009736034,440.61688232421875,549700
2022-02-25,438.78718428717735,447.9743571362766,430.7520419302117,446.7158508300781,351300
2022-02-28,442.85314943628674,445.84454647085965,432.2331921507471,444.0632629394531,394300
2022-03-01,440.65557142972966,445.9413685673325,418.3798217981844,422.66845703125,553500
2022-03-02,427.17005464830254,444.57633742588183,427.17005464830254,438.98077392578125,375800
2022-03-03,441.09119284942227,441.09119284942227,416.06604107019035,416.2790222167969,511500
2022-03-04,412.28084443799395,414.22671649519873,394.35181258065927,400.5766296386719,453500
2022-03-07,403.219530349634,406.23996908183494,369.24922588733205,369.32666015625,696700
2022-03-08,372.8504968204891,393.88709054100565,361.66903059630533,381.8537292480469,492600
2022-03-09,395.15527712924876,409.32813995786535,390.86664217680186,404.81683349609375,433800
2022-03-10,393.22878640668733,398.6791420880816,386.85873268989803,396.0072021484375,260400
2022-03-11,405.62038705781913,409.9961767294267,382.5120625532508,383.1122741699219,235300
2022-03-14,385.4743788943449,392.71570854956315,371.03048103107454,372.7246398925781,546000
2022-03-15,372.99569254620815,410.1316394561842,371.84366219265627,408.36004638671875,805000
2022-03-16,415.01079675889963,429.9000361725111,404.855534960472,426.6181945800781,544800
2022-03-17,421.20664717143916,439.1744111029597,418.8348422995005,436.84130859375,434200
2022-03-18,435.8247658698106,457.1324521819789,429.144945775783,454.886474609375,1154600
2022-03-21,447.0837097375999,455.79652712061454,438.4580169831609,449.61041259765625,589200
2022-03-22,451.45946456285367,465.72911364105767,446.9868897499113,455.14788818359375,496400
2022-03-23,449.89115598172515,468.2558395669787,444.69251313325356,448.9230651855469,424800
2022-03-24,452.11772585356715,479.9793761132164,449.62975511002634,478.8370361328125,499400
2022-03-25,477.82057183645907,480.6667610839968,464.8094294316539,475.8359680175781,347600
2022-03-28,471.37306219880094,483.52258907653265,465.6613327846934,483.48388671875,269900
2022-03-29,489.10858993445555,498.27641219959213,481.03471514439565,495.8658752441406,395200
2022-03-30,494.76059381072633,496.3893643114665,471.21117603585554,473.5089111328125,482300
2022-03-31,480.7026762931948,483.78571240964834,470.0962296501507,470.871826171875,463700
2022-04-01,470.45488913186506,474.9243175655979,442.03854363596923,449.4649963378906,635400
2022-04-04,453.09101551079783,464.7833093091019,449.8625586924469,460.0617980957031,383300
2022-04-05,454.3319324494997,457.2016747819483,424.79095109875976,425.98345947265625,693600
2022-04-06,419.75917269387105,425.7410642844352,408.6292133461047,418.101318359375,716700
2022-04-07,416.71499711629883,427.3796122811802,408.98799749062306,423.0071105957031,437200
2022-04-08,416.976809080186,417.2385662899937,398.1198457223017,399.0408630371094,494600
2022-04-11,394.5810231104557,394.61010723859414,380.8721616175549,384.0327453613281,552500
2022-04-12,394.5228705056035,398.1682391748168,385.5161399518255,388.8124694824219,414400
2022-04-13,390.65444627147696,410.0543550358439,388.1046296859772,407.8147888183594,492700
2022-04-14,406.47693009980884,408.86191734266777,396.8787536985087,396.8981628417969,390400
2022-04-18,395.28873868567587,416.3562080487054,395.28873868567587,412.933837890625,441500
2022-04-19,410.55856919718457,425.1593934160102,407.1459032494738,424.1123352050781,366500
2022-04-20,429.43496321925517,433.6620146004011,415.79394401921166,419.0127258300781,246400
2022-04-21,423.85055013203737,430.46261816969434,399.95212465783095,402.8897399902344,322800
2022-04-22,402.44375468347965,406.418753060407,390.9162623491011,391.8857727050781,281800
2022-04-25,387.80418344363517,408.4547443771643,386.01058317778615,407.3592224121094,405000
2022-04-26,398.1004015258606,400.407841277329,381.81263676637366,382.3458557128906,434900
2022-04-27,379.5244804081317,392.90373982993145,377.7212055153525,380.41644287109375,379000
2022-04-28,388.75431530867,405.22628857341874,378.47749850450157,399.9133605957031,586400
2022-04-29,391.23621593681474,402.269248482331,378.20599443209375,380.2807312011719,594900
2022-05-02,380.8527374201209,402.95759113195237,378.4871593884468,398.34271240234375,652100
2022-05-03,431.43214578633894,448.0592439143903,413.71920069945963,443.5316467285156,1231100
2022-05-04,439.3433273865417,467.58516949214754,422.75498939811274,464.5796813964844,659700
2022-05-05,456.9787215479269,458.54932362277583,430.0166403640643,438.1993103027344,593100
2022-05-06,432.88636564412366,440.93328960960815,413.09865610756424,431.3739318847656,367800
2022-05-09,421.73699450242407,423.9862655740094,390.85808450476765,394.338623046875,600000
2022-05-10,407.0586710117286,409.850866031512,386.39840428447434,400.2042541503906,673600
2022-05-11,395.62806645799463,409.69564048013893,373.949801244914,374.9193115234375,593900
2022-05-12,370.8667795169806,383.5382864316396,364.6522148489946,376.57720947265625,666100
2022-05-13,388.54094818365553,421.37825654060475,385.8650903505368,418.5085144042969,494300
2022-05-16,412.4781087579371,419.225891176533,403.3453100467798,404.2857360839844,355600
2022-05-17,415.2219063710521,429.8324349692191,415.2122017993304,429.5900573730469,524100
2022-05-18,420.81603704298664,433.83658605016814,394.80408233549645,398.8178405761719,605900
2022-05-19,397.7707253192842,416.92826027144974,391.38165534031054,403.98529052734375,411800
2022-05-20,415.58058537124504,416.80217782062783,383.4801134478543,405.37164306640625,567900
2022-05-23,401.86206368062034,407.1943709188433,398.3621453133448,405.98248291015625,297500
2022-05-24,398.2360331384017,398.2360331384017,375.54946999581347,376.5965576171875,588300
2022-05-25,372.80582692262783,395.7444461675407,372.80582692262783,389.36505126953125,370600
2022-05-26,389.07419975294164,412.27457553990155,385.1670741901619,408.8134460449219,404800
2022-05-27,416.28838283430684,444.7531941507458,416.28838283430684,441.9513244628906,545300
2022-05-31,441.67009689595875,444.03570432527147,426.70085593776287,436.6577453613281,685700
2022-06-01,441.63133729900386,443.06622324665364,428.12606542873704,434.5830078125,462800
2022-06-02,429.8130036588867,458.61717700518335,427.4086369646093,457.89971923828125,353500
2022-06-03,442.4748534181482,446.3141062115568,435.59132385113736,443.51220703125,485700
2022-06-06,456.13525414280315,460.5174304081701,442.31973123055803,451.8887939453125,234400
2022-06-07,444.675612828766,461.65174822535283,444.365362421339,459.0049743652344,262600
2022-06-08,451.5784969597687,459.1794540032511,437.5205979021081,443.9387512207031,313800
2022-06-09,438.88772319764263,448.21440974115944,430.42388563857065,430.54022216796875,242900
2022-06-10,423.39489818537595,425.69263320627175,409.68603587727864,410.7040100097656,381100
2022-06-13,395.41481609423954,399.6224876110106,376.48995445982246,377.7600402832031,651000
2022-06-14,384.28485404056664,398.7014697622055,382.5688311877995,394.7458801269531,577900
2022-06-15,399.3995397424992,412.9630118398312,390.7999862887527,403.5005798339844,386100
2022-06-16,390.73210533814176,390.73210533814176,369.58708400968357,375.31689453125,550600
2022-06-17,376.9844383345248,388.77368891028755,369.9457830275254,386.4080810546875,847400
2022-06-21,394.73610859549694,404.35366368914754,393.46605248276035,400.25262451171875,385600
2022-06-22,390.20852132020366,400.543504804392,387.26120168510494,388.2500915527344,427000
2022-06-23,392.0990716148984,398.09063859718026,381.34720516817447,387.4648132324219,289000
2022-06-24,396.7817909228408,407.95053881705564,394.3386060552489,406.622314453125,682900
2022-06-27,415.3382122296083,415.3382122296083,399.62245833808,404.1500549316406,418300
2022-06-28,405.82732008341435,415.52242325438993,383.7709603694449,385.0216369628906,494300
2022-06-29,377.9988420971724,382.8944284366832,372.65644542714324,381.1654357910156,388400
2022-06-30,374.8419654827274,383.5355136035857,365.2256575554963,373.0352783203125,545800
2022-07-01,368.75164464100385,371.58795496051124,346.13873805645653,354.4923095703125,772900
2022-07-05,345.4976905515884,358.7662662376944,338.04746167927584,358.19317626953125,679200
2022-07-06,361.5249206995146,363.8658658541787,354.3369731752536,358.5234680175781,382300
2022-07-07,367.5665505376989,379.12554650931736,367.5665505376989,375.6092834472656,333400
2022-07-08,369.33445239963135,384.2445717052423,367.3626235963797,384.1474609375,352400
2022-07-11,379.4461791789971,383.91434192461725,375.5704929400027,378.4845275878906,349700
2022-07-12,381.9133179721107,383.6326171344477,369.3441146580452,374.3271179199219,290000
2022-07-13,364.08919761630176,379.5627444782231,361.3403045787314,376.34759521484375,388000
2022-07-14,375.94935260528,386.566145649205,368.64481970962106,384.6331787109375,300200
2022-07-15,392.2387688550996,400.69917435702763,386.80895459905065,398.4942321777344,403800
2022-07-18,405.81820736235085,412.5107585281353,394.6671568736199,397.3189392089844,378000
2022-07-19,402.6030655567613,415.9299194567912,402.5447872312076,414.02606201171875,435500
2022-07-20,413.4043772685058,432.49129778920303,412.0153612366637,429.4218444824219,444700
2022-07-21,432.67580405262754,444.8564754118744,425.8666679284925,442.96234130859375,463000
2022-07-22,434.871098773598,441.22367271409405,419.4072758049987,423.9337463378906,450600
2022-07-25,419.52386087720254,419.52386087720254,402.3990453637897,417.9502868652344,460700
2022-07-26,415.1528583035428,416.6487379440817,407.5860722487526,410.0144348144531,357100
2022-07-27,420.699117141906,443.3217450296533,419.40724164679693,438.0862121582031,515000
2022-07-28,439.6306662029826,448.5573273634741,427.8191097758685,446.9254455566406,363600
2022-07-29,442.5836429665101,456.2018889776929,442.5836429665101,451.4034423828125,465900
2022-08-01,448.16886706147386,452.16108063387315,434.5603146332974,449.0527648925781,801600
2022-08-02,480.18435932461057,497.32859095529034,467.7802659262744,491.2285461425781,1288500
2022-08-03,496.4155239564314,513.9289010219723,484.924526792257,511.0439758300781,720600
2022-08-04,507.41102450103614,522.5737003034137,506.4494027804978,515.7451782226562,591800
2022-08-05,509.75207127887666,520.5825906825498,507.1100415950255,517.0760498046875,428400
2022-08-08,515.4247309588794,521.1750759651372,506.9642958334784,520.1746215820312,587500
2022-08-09,507.4499289010375,508.71266527157115,488.2853151542317,496.41546630859375,860200
2022-08-10,512.1801771287924,518.8241990377732,497.82373745101705,516.7649536132812,559700
2022-08-11,519.8443068837869,525.8763794804624,502.4378245361873,503.12744140625,419400
2022-08-12,506.48829126598037,515.7646218699225,503.71025948011163,512.627197265625,444000
2022-08-15,512.384386423202,523.2731830682259,508.3241722384937,521.49560546875,331800
2022-08-16,518.8535102010048,522.573777370214,507.3528210153948,516.1823120117188,350500
2022-08-17,509.1304238512253,512.3844053651368,496.2795208897012,505.5849914550781,424200
2022-08-18,509.9463100817182,519.4460909255511,506.12893203462795,512.1318359375,361300
2022-08-19,503.97255696330916,505.85696822748275,495.4829833408384,496.9885559082031,309700
2022-08-22,485.6723997303548,490.39312122705024,476.30862163487,477.5519714355469,439800
2022-08-23,481.30140194626466,487.9551204951295,477.7754151870932,483.2538146972656,246100
2022-08-24,486.1969390816215,486.1969390816215,478.261038947749,482.8652038574219,262100
2022-08-25,483.72968614168656,499.89287703181054,483.72968614168656,499.6888732910156,552600
2022-08-26,494.8321935813476,498.2999017664621,462.0687511755721,462.9623718261719,709200
2022-08-29,458.367988488336,463.17612826586253,447.13921345250225,448.52825927734375,523300
2022-08-30,454.5699628779706,456.60007000952885,440.62143574578715,449.8977966308594,547900
2022-08-31,450.3251499438757,454.7739257422774,433.99684617494484,440.19403076171875,545000
2022-09-01,427.3917465899851,429.1110163536176,391.85024103868454,413.2781066894531,1403100
2022-09-02,419.8055172388973,423.5937560822152,407.23631298312876,412.2581787109375,705600
2022-09-06,412.54955419490574,414.6768016244856,403.98228616150925,406.8866271972656,408800
2022-09-07,410.63604837906576,419.1255931518993,403.6423533797131,414.9488220214844,386900
2022-09-08,408.8973230748046,426.2066955566406,405.6724806753799,426.2066955566406,433700
2022-09-09,431.7433474519492,441.28193086088896,431.7433474519492,434.3854064941406,473700
2022-09-12,436.13387931108065,438.89249539142253,426.77009983393435,434.1134948730469,322700
2022-09-13,414.66717264015364,421.3888930518113,408.8488256030424,410.2281188964844,616200
2022-09-14,418.4844773874767,419.436405986297,406.8963407540873,417.3965759277344,502100
2022-09-15,414.4340462838203,419.03821193168244,404.5166224922004,406.8769836425781,504400
2022-09-16,404.8662357426253,407.3723220011965,395.4247628204539,405.9832763671875,804400
2022-09-19,398.6302281271957,410.2086421654086,398.25138940614937,405.69189453125,514900
2022-09-20,401.4277133889341,404.3806103117988,397.3092203218746,399.0673522949219,360900
2022-09-21,400.8254526625039,410.05322888112903,392.0736555850899,392.2873229980469,541400
2022-09-22,389.74236531126905,391.60736030919406,369.49954389891866,370.7720031738281,872800
2022-09-23,365.7695815162181,367.77054935618105,350.21834237767416,360.6020202636719,1465500
2022-09-26,360.1454378454977,367.9453340397985,353.79286530740376,356.8234558105469,887700
2022-09-27,370.2960940267697,370.2960940267697,353.85123242541266,361.98138427734375,831500
2022-09-28,358.0571107074898,370.9371520712889,356.06586575100647,368.460205078125,527900
2022-09-29,363.0001612107628,363.0001612107628,350.6396323118099,355.63250732421875,882500
2022-09-30,352.4987063280422,366.7084455956606,350.48403152923333,353.68609619140625,1288000
2022-10-03,356.75175107200323,370.4553956476581,352.9852046781276,366.92242431640625,1026300
2022-10-04,378.5919832418681,386.9621044489984,378.42654410798576,383.4778137207031,640400
2022-10-05,375.3996781364376,393.4051594549918,370.7766491492413,389.1519775390625,680300
2022-10-06,386.85501987880366,399.8092294687137,382.59209638787127,384.7819519042969,530900
2022-10-07,373.62828646204923,373.62828646204923,348.14807902755933,352.9073791503906,1384700
2022-10-10,350.5034582735159,352.2942701217292,330.14265258076244,335.1355285644531,1190000
2022-10-11,328.5366495308851,330.86277647307736,314.7259613786983,319.241943359375,1588500
2022-10-12,319.05705399112367,320.838123210651,311.9911114738441,314.346435546875,756300
2022-10-13,300.4870860531514,334.113550565695,293.625550924478,323.0863952636719,1406500
2022-10-14,329.19856081997625,329.19856081997625,300.35087751722824,300.9348449707031,901900
2022-10-17,309.46066686159196,313.3926827504988,305.52868067450396,307.7185363769531,763800
2022-10-18,320.5364981196149,325.39310227690845,302.60889478234196,307.1637878417969,638300
2022-10-19,302.7158958332476,314.1128690108702,299.6403618231325,306.414306640625,576200
2022-10-20,306.4921895808916,317.04242353349025,305.0517405556831,308.9545593261719,536200
2022-10-21,306.75491370401465,325.1496917084878,305.3923430558708,323.93310546875,797900
2022-10-24,323.320041624741,326.52207592232656,312.56539909362147,322.1423645019531,649600
2022-10-25,324.4684915340574,335.5053607279687,324.1278413727637,333.0137939453125,798200
2022-10-26,324.5560106847499,337.89952019653117,320.21523931386366,324.41973876953125,851400
2022-10-27,330.7071005567833,334.95053938024904,315.086114400969,320.6726989746094,1160300
2022-10-28,316.5752408336209,339.38867173307267,311.45586538100173,337.52972412109375,2143900
2022-10-31,332.0113363947886,335.4177786917098,324.2154403763951,330.3762512207031,1048600
2022-11-01,340.31328691548333,344.3523478569702,334.2887486360481,339.55413818359375,1177300
2022-11-02,338.15267106412057,346.01667354620275,325.4125801282078,325.5975036621094,996000
2022-11-03,320.14710559148494,332.53683059048905,319.42689603976487,325.2665100097656,780400
2022-11-04,334.785158534682,343.72950508394297,330.1913266069896,342.33770751953125,896500
2022-11-07,345.86089484291944,346.7563154881812,336.21582415144576,343.5250549316406,690300
2022-11-08,350.2893234964943,354.04612837479,340.3230563316132,346.62982177734375,587600
2022-11-09,339.49569394125353,343.34983079927383,333.1986424301522,334.6488037109375,675500
2022-11-10,354.27970732005065,378.4557090681489,354.09478380826357,376.52862548828125,900600
2022-11-11,376.5384115170043,391.7798115088887,371.798595030296,382.85491943359375,751600
2022-11-14,378.582254535788,385.6189716646929,375.85708302360564,377.5992431640625,619200
2022-11-15,394.6022299340692,398.77756272824024,389.75533907853446,394.20318603515625,611200
2022-11-16,386.02773279838186,388.6652837764424,363.73987606508075,365.34576416015625,734100
2022-11-17,354.0752944210753,369.443222161733,351.5448184673424,365.9881286621094,500800
2022-11-18,373.89108177433883,374.037066207079,362.19239723561645,367.22418212890625,364900
2022-11-21,360.167934038772,366.2703201502091,358.29927413847776,358.4355163574219,413300
2022-11-22,362.1339806731463,364.275184733599,356.3333047209443,364.0221252441406,460700
2022-11-23,361.19961413905617,372.22676938502514,360.8979031021374,365.6474609375,359500
2022-11-25,360.52809761822544,362.58171104663745,359.28231424760764,359.4088439941406,213400
2022-11-28,352.6738430126433,357.80299114149756,343.6711021479148,345.98748779296875,574400
2022-11-29,348.71256801342815,350.172471553983,342.42522871346637,345.46185302734375,396200
2022-11-30,347.2040001629944,372.7328586820214,341.50065764279555,371.7498474121094,781000
2022-12-01,370.8253011528442,374.6794388034412,360.06094635823354,371.8569641113281,669100
2022-12-02,361.5111827648129,375.847451499482,359.05855460710507,372.966552734375,585800
2022-12-05,368.44077436807015,373.34605929803763,361.7057683492761,365.0343322753906,471300
2022-12-06,364.1973580104319,364.88837084772274,350.37692305369706,354.13372802734375,546500
2022-12-07,350.4158270754306,359.14605238934354,349.0532562291522,357.9391784667969,369600
2022-12-08,360.39185435792353,378.5141218065863,355.38923649670585,375.0492858886719,622400
2022-12-09,369.84219780306637,381.04453282531244,367.9832505604179,375.7791442871094,673600
2022-12-12,375.5358612723046,382.71859146803064,372.5479182209224,382.52392578125,534800
2022-12-13,401.8433394134333,405.01620609442205,379.54574139783307,390.7869873046875,736300
2022-12-14,390.77726361730237,395.62412445044004,379.99342596969416,384.82086181640625,596200
2022-12-15,373.50173509096675,374.21220247871554,363.03909294469395,363.3213195800781,662800
2022-12-16,362.017173252148,365.6766746448305,351.0678956614194,357.2189636230469,1631300
2022-12-19,357.66666382617916,357.66666382617916,339.15509562756796,349.4133605957031,730200
2022-12-20,342.902231041011,353.7639194907436,342.902231041011,348.3038635253906,370200
2022-12-21,351.8270360762076,359.66187012160566,349.99728542308475,357.18975830078125,454900
2022-12-22,347.78807538324423,350.61055063431513,330.37630168516347,338.3084411621094,982800
2022-12-23,334.53207548172315,341.51042839890374,328.1960837717079,341.2378845214844,421300
2022-12-27,338.9020329695985,343.5348034991988,329.0525541981092,333.13055419921875,441400
2022-12-28,330.5903715418276,339.15512886227333,327.63162477400357,331.1840515136719,343600
2022-12-29,339.0751567739085,347.1126000159012,337.45595762000124,344.73260498046875,506600
2022-12-30,337.5047170647925,345.37632528991173,335.3978085816161,344.9178771972656,346200
2023-01-03,350.8094059582568,352.15548882041384,330.94012747165704,334.5199279785156,588700
2023-01-04,340.1090717465282,352.2237881819904,339.95300114271043,349.0341491699219,591800
2023-01-05,343.5230714011669,348.6440213766427,337.816864046437,338.5289306640625,627100
2023-01-06,342.33301585776576,361.5097553987059,337.20233257997216,358.4176940917969,549800
2023-01-09,367.73295097092233,381.8765260082655,363.32406795141645,374.0341491699219,615000
2023-01-10,373.99517757629917,381.7985298162164,371.9662893241619,378.62841796875,391700
2023-01-11,380.7743010519639,388.11920475351036,378.9697699921509,387.60223388671875,486200
2023-01-12,388.21676582104686,394.58625076304185,377.5944385181317,389.81646728515625,457600
2023-01-13,383.0958619485098,388.9386129909059,381.72051740799714,388.6654968261719,208900
2023-01-17,386.18791161653775,393.85469082776484,386.18791161653775,391.8063049316406,478500
2023-01-18,395.8152322752945,399.5120483664311,387.45588540078637,388.0704040527344,307400
2023-01-19,381.9642503946015,383.57368548671377,369.7812789144199,373.8682861328125,650500
2023-01-20,380.7840721365294,388.1582373593812,373.858591316623,388.0021667480469,358900
2023-01-23,394.0595136279291,419.0400097821588,389.2507050857161,417.976806640625,792500
2023-01-24,415.4504652730337,424.1121608152536,405.30608406187406,408.8273620605469,445800
2023-01-25,397.7661265821762,415.72359413556336,392.25501512695286,414.2507019042969,350700
2023-01-26,420.8542823831963,425.6923821589537,410.4270506693583,422.1223449707031,295700
2023-01-27,418.1035906667375,422.1418096179833,411.75360381234697,414.621337890625,484200
2023-01-30,406.21324704430583,408.0080143994635,396.1664136671872,397.60028076171875,635000
2023-01-31,397.7661039635877,416.29906410715535,395.72748191988615,416.07470703125,466500
2023-02-01,416.0649650530143,453.29672160528867,415.9576832507314,446.5175476074219,1083100
2023-02-02,450.0486060948882,467.8012147995478,450.0486060948882,462.3096008300781,608400
2023-02-03,449.07319990827875,461.6755976224314,442.45983003720426,445.0837097167969,693500
2023-02-06,435.8562781017388,451.8141504606334,434.07127420123584,438.62646484375,473200
2023-02-07,440.5479551763797,459.461342577348,438.4215490464262,456.1253967285156,598600
2023-02-08,448.6927310951843,459.8515266151194,446.15663579203084,451.6189880371094,726900
2023-02-09,477.64320251372845,516.9233474693996,477.64320251372845,497.8831481933594,1785000
2023-02-10,496.09806023299467,496.2736284914289,476.9115573050535,479.92559814453125,580300
2023-02-13,480.64750243253144,491.00644802016086,474.1121828656925,489.0946350097656,621000
2023-02-14,481.35950033008464,510.0075508560781,479.0770235012308,507.76409912109375,660900
2023-02-15,503.43312246871983,517.6059855387252,501.43352593031665,517.0597534179688,453800
2023-02-16,505.56945761434474,511.9682043552365,497.95143703155395,500.7508850097656,484100
2023-02-17,499.5413538483519,501.4141417208856,486.2561513892524,489.7481384277344,488900
2023-02-21,480.335372581479,488.7142188794606,468.2596796473863,470.073974609375,645700
2023-02-22,473.07820019685863,477.34077633068983,463.0703920444379,470.844482421875,383800
2023-02-23,490.52848143214294,493.71809088640424,466.0551922157948,482.73486328125,661100
2023-02-24,474.024416729733,476.921412620002,468.0841180390659,471.1859436035156,372500
2023-02-27,477.53585474971976,479.94514070783646,473.06841936142723,474.3072204589844,342800
2023-02-28,471.3712370460669,481.7789709906697,469.4984194473577,472.38568115234375,379300
2023-03-01,474.4731308422763,481.74977914689185,470.8153090232084,474.5706787109375,281500
2023-03-02,467.25495801597697,483.40789412374335,460.8757094806686,481.6033630371094,262400
2023-03-03,482.4324822738087,495.8542573127184,480.6864739193898,493.5912780761719,326800
2023-03-06,495.4250939000363,503.2089486454038,483.4079240442705,484.98809814453125,347500
2023-03-07,483.7883481027229,490.92839288072213,478.33575921949284,480.6864929199219,205200
2023-03-08,483.2127484789023,494.76170385393635,481.671570057757,492.3621520996094,303700
2023-03-09,492.78172256996123,503.9892780790594,479.8378925518681,480.5597229003906,472300
2023-03-10,485.29051248606845,485.29051248606845,464.02638746224125,467.177001953125,360600
2023-03-13,457.9787521162644,482.18866063526303,452.4871677437799,474.3462829589844,588300
2023-03-14,485.7001316107151,491.12345878411696,472.1808090040516,481.5838623046875,624900
2023-03-15,474.0340785832288,478.13082002365473,454.4671782085191,464.8943786621094,620300
2023-03-16,466.2015229704732,488.67515529857775,459.72472652192135,485.7294006347656,706400
2023-03-17,488.43133668891477,491.4356441010568,472.21987647170386,476.306884765625,688900
2023-03-20,477.8090678080378,485.8270142645192,470.4153741170309,482.1886901855469,379300
2023-03-21,488.9093243420018,493.2011624121244,480.33538215086793,486.1878967285156,495900
2023-03-22,487.436363963401,498.1562088100177,476.70675540160687,477.76995849609375,647100
2023-03-23,488.2069594876277,505.1012232367581,484.76373170514523,497.9513854980469,466200
2023-03-24,493.1036368844018,493.80593985622784,467.3233161463132,473.46844482421875,661300
2023-03-27,478.5308089003789,479.7110575684791,463.63617132285367,470.9615478515625,369700
2023-03-28,470.2494617038643,473.3317890265694,451.2482906515262,463.3630065917969,562800
2023-03-29,473.65365981848424,483.44687390397803,467.7231260074109,478.8428955078125,386400
2023-03-30,487.7764687603907,493.17179127377085,479.8496876497883,486.5449523925781,393800
2023-03-31,483.3194700996146,491.46131225070803,481.08122263541225,489.2328186035156,464100
2023-04-03,485.25473621540505,489.4966919689063,471.61010118318313,481.83380126953125,342800
2023-04-04,482.4299858128763,485.5088509912234,467.8959047549281,472.0987854003906,296200
2023-04-05,467.9252307818721,468.41393575777437,456.0594894776213,462.627685546875,547500
2023-04-06,455.99108318129987,466.9576245040676,450.1364068638822,462.9111328125,299000
2023-04-10,457.076038161151,478.03168164387756,455.77606612482,477.71893310546875,404400
2023-04-11,480.8857711670354,483.4563645130605,471.5124118490769,473.6920471191406,315800
2023-04-12,481.5699626802593,482.20527327233793,454.84754460381527,455.3656005859375,373300
2023-04-13,455.62947456429123,467.08472159563553,452.6777069379836,466.0682067871094,338200
2023-04-14,465.5697574755055,475.00178916097275,460.3992793265983,466.488525390625,190600
2023-04-17,460.2037478533038,471.7372044276986,460.2037478533038,471.4635009765625,302600
2023-04-18,477.23999409916007,478.93092422282905,461.24958000794425,464.8757629394531,349800
2023-04-19,460.2721217857149,460.2721217857149,451.3874689456208,453.0295104980469,290800
2023-04-20,444.75083169097866,462.9697667938609,444.12530485707254,455.883544921875,294700
2023-04-21,452.8340435898893,454.5738322064482,446.9891508473868,452.54083251953125,221800
2023-04-24,455.238447634529,464.2599219822412,453.80165387872654,462.2464599609375,389400
2023-04-25,455.6001311427106,459.8225495299293,440.10817657267614,440.635986328125,430700
2023-04-26,446.1779315502206,451.91532412317036,438.8278182614761,443.7832946777344,510200
2023-04-27,442.1802834102098,442.1802834102098,423.62906047471074,438.47589111328125,568000
2023-04-28,439.77587703092837,453.4596176297314,438.04587199337004,451.53411865234375,425000
2023-05-01,451.19201966975857,463.1164341360096,451.19201966975857,461.0834045410156,432900
2023-05-02,461.77741144615476,471.2778387654007,452.1205949322814,457.55499267578125,501900
2023-05-03,456.83171045813793,465.7847605195826,447.48764267493885,455.5805969238281,489200
2023-05-04,449.2078382912437,454.3587780234256,444.47717768155775,448.562744140625,741400
2023-05-05,395.8999092314611,409.4956859336027,374.5337409132235,401.9794006347656,2187500
2023-05-08,396.90663110837244,413.9624471714972,396.90663110837244,409.1633605957031,744900
2023-05-09,400.52307383489017,403.8951503101802,389.0189687228744,392.3128356933594,744000
2023-05-10,398.089342713923,409.4859473359563,398.089342713923,406.5830383300781,782400
2023-05-11,405.1071466981524,406.6025828892088,387.37691398252076,389.60540771484375,597500
2023-05-12,391.68730645850184,394.49246861948996,384.2199089475825,390.1723327636719,373500
2023-05-15,390.53399407762316,404.0027046456134,387.93407951967913,403.2403259277344,416500
2023-05-16,400.3959954500861,405.0777976425281,392.97745722366994,393.4466247558594,350600
2023-05-17,396.6232313513305,411.3137031656245,390.4557763405909,406.3191223144531,638000
2023-05-18,410.60996655596983,422.2313564997733,406.3386894246956,421.7231140136719,1017600
2023-05-19,421.65460026950876,425.25146133268623,417.59835538703226,422.2605895996094,532300
2023-05-22,418.80066891057334,440.2743688995564,418.80066891057334,438.2706604003906,554000
2023-05-23,431.9565487299724,433.66701611491493,412.51585082015424,414.12860107421875,566400
2023-05-24,402.4877163910317,407.94165166474005,397.4735977686446,406.3387145996094,571400
2023-05-25,443.86144398999454,483.8179713235262,436.9022892557903,477.28887939453125,2121600
2023-05-26,484.384867788964,519.9821555468565,479.1655016115417,509.1524353027344,2053700
2023-05-30,528.1142349775332,541.1333447320678,500.75653568955244,503.33685302734375,1179700
2023-05-31,493.45518730336426,502.32030296488495,477.35727359659256,478.8429260253906,900800
2023-06-01,483.8179501104321,492.9860606850345,476.6437642881769,488.01104736328125,734200
2023-06-02,494.1687161460755,494.1687161460755,467.329046016073,486.0171203613281,778200
2023-06-05,484.06225941526657,485.0592067883847,466.5763817540957,476.1452331542969,637800
2023-06-06,475.40247523768545,496.17243821914747,472.5582084923711,486.17352294921875,486900
2023-06-07,490.2689086464742,499.8279781635113,479.30236620917003,483.407470703125,456000
2023-06-08,487.14113931973736,489.9365474377701,478.55948069022116,486.45697021484375,389000
2023-06-09,495.06800361760406,500.96175555073563,484.7074505015262,490.5328063964844,536400
2023-06-12,495.3025570521347,516.6687270407901,495.24391483370675,514.3327026367188,612100
2023-06-13,528.5638496894494,536.1974199989944,519.0145341540866,523.5888061523438,669600
2023-06-14,516.5026178893274,526.2278607347198,508.3705583481048,525.0745239257812,493000
2023-06-15,517.0498961904041,521.4580248882002,506.85551692711607,507.54949951171875,729100
2023-06-16,517.9296448457883,517.9296448457883,504.51954701962114,505.917236328125,1110500
2023-06-20,499.2316372846056,507.16823062335106,495.16560857497984,498.703857421875,494900
2023-06-21,494.7454145947438,502.94589927560696,492.17482137699346,493.6702575683594,381800
2023-06-22,489.24256229238136,504.7149792558008,488.626819049664,500.6684875488281,289300
2023-06-23,489.4869745049272,496.5243392763402,489.1937634011974,494.56951904296875,568600
2023-06-26,497.6483095973836,508.3607151482129,497.6483095973836,499.3685607910156,364600
2023-06-27,498.14682725512614,521.0670758401739,497.8731536245885,520.7738647460938,466400
2023-06-28,510.35467417708446,526.4037302649584,508.36071952349795,515.3590087890625,541100
2023-06-29,521.2150192964735,525.6413266092042,513.3514742050279,524.69140625,399100
2023-06-30,530.3809346371344,536.3545008783778,522.1257186786198,529.029541015625,434200
2023-07-03,533.9259922059699,536.3056050243155,521.0388583903332,531.3211669921875,256700
2023-07-05,524.1625836356149,526.8849154367997,511.70627347191703,512.411376953125,539300
2023-07-06,498.79956575843664,504.7535275368138,492.3266234036238,503.8232116699219,506200
2023-07-07,504.1855111680543,514.0173923996425,501.3848212379055,503.2454528808594,350300
2023-07-10,508.65098376330684,528.3146870916012,508.65098376330684,523.2518920898438,551900
2023-07-11,530.5278054845909,532.2415230769981,520.3434027418234,531.2818603515625,421000
2023-07-12,539.3314424843389,551.2687127532654,537.304352087382,549.4080810546875,658500
2023-07-13,555.6264821353586,569.5026829020687,553.3154256752056,564.6651000976562,619500
2023-07-14,561.5216470190776,569.0326703890792,549.9565023739193,553.2958374023438,335500
2023-07-17,556.2238901350545,583.6237732023626,554.8333471452439,576.5142822265625,402300
2023-07-18,571.921502618323,579.0701418632544,565.5268585413623,575.9168701171875,405700
2023-07-19,572.2641164417772,577.2290078437841,559.2986295156943,562.5987548828125,508100
2023-07-20,533.7006225805279,538.5773540972449,514.0467227564338,518.081298828125,1144000
2023-07-21,524.084294084464,527.8251025401408,517.1706689725941,522.6055908203125,592800
2023-07-24,519.3640445426018,524.8479757392399,510.32542903671754,522.1647338867188,385200
2023-07-25,527.7760179334039,546.9598270398491,527.7074620637211,540.09521484375,536600
2023-07-26,531.3407450996268,531.3407450996268,504.43043527938465,517.8366088867188,1070900
2023-07-27,537.8822406348837,543.6109311949633,519.0117381243111,526.0526733398438,787900
2023-07-28,542.8960689741962,543.5228144557917,530.1949396985386,534.2393188476562,550300
2023-07-31,535.3947983256669,552.1108985126954,534.8562132580515,547.8902587890625,796900
2023-08-01,501.3946602505889,543.6598106548411,489.6336504047105,538.8809814453125,1557100
2023-08-02,527.6488061307784,535.1989784217384,511.90217143888367,519.4327392578125,717000
2023-08-03,514.3111477993358,525.2005943326867,508.269085882601,521.6360473632812,455600
2023-08-04,515.5941067095739,532.2416531027841,507.9558326713434,525.90576171875,517800
2023-08-07,531.4777169866434,531.4777169866434,518.1499035192121,530.4886474609375,338200
2023-08-08,519.3054319739659,520.4707624399471,509.69882224909844,518.7178955078125,343000
2023-08-09,516.9453510560627,518.0029165456986,504.88077257474214,510.2373352050781,451700
2023-08-10,516.994389601235,522.5664230243905,502.89291633199275,507.7304992675781,413600
2023-08-11,497.96721800975064,505.7131959564375,491.5823761679111,491.7586669921875,468700
2023-08-14,487.5282828534246,514.1055846466799,486.6273436927808,513.7824096679688,452000
2023-08-15,507.12325367262946,511.83352610353666,501.0616177267224,508.1319274902344,505700
2023-08-16,505.98740036762194,505.98740036762194,482.2695463613521,483.6698913574219,543200
2023-08-17,485.0800569096063,485.0800569096063,473.8380576889437,475.2873840332031,522900
2023-08-18,467.6001035898034,475.679058259156,465.2106891513512,472.2908020019531,501200
2023-08-21,473.7499174264385,491.16128824538134,472.8489783910915,488.5466613769531,505300
2023-08-22,498.75061259421136,502.75584204085527,483.0333848110441,490.2505798339844,455100
2023-08-23,485.8733048836498,515.0652330878318,481.956235379478,508.6804504394531,737500
2023-08-24,516.0542602471276,519.0410733141356,476.6191770165935,477.8922424316406,908900
2023-08-25,477.8922396713682,481.75055518407373,464.6329521993555,478.9400329589844,692200
2023-08-28,486.2551051334024,488.7424521325241,476.4526610063237,483.63067626953125,421700
2023-08-29,478.6756195805575,504.27367970653887,478.30349324592356,502.1878356933594,496200
2023-08-30,498.69184884658324,508.47471914592495,496.6060048150427,504.4597473144531,256200
2023-08-31,502.6774372154433,515.3002055406482,502.6774372154433,510.40386962890625,423000
2023-09-01,514.6343857977045,517.5917324746415,507.85781287711643,514.0369873046875,252200
2023-09-05,513.2143633596343,524.1429588521415,509.5616561139694,517.7581176757812,331500
2023-09-06,515.0946098599579,525.2692116504069,505.811174800964,512.3330688476562,344100
2023-09-07,497.31109877281136,498.5156083024359,483.86574807374876,495.6463623046875,487200
2023-09-08,495.75408927447285,498.4372722142527,488.2920769493426,490.4856262207031,369300
2023-09-11,498.8975131926212,498.8975131926212,468.39334259713354,476.0805969238281,554700
2023-09-12,470.91987241488204,479.8409832900903,463.43825580007194,464.11395263671875,516200
2023-09-13,461.9203987815847,470.97862133438446,458.8552873415992,460.608154296875,594500
2023-09-14,466.50337047860415,471.7816057909587,458.2971055590241,469.23553466796875,500200
2023-09-15,466.61108284883676,466.61108284883676,452.8621909837834,454.60528564453125,992700
2023-09-18,450.4628968210829,462.6939341737863,449.93408418314016,453.5867614746094,533000
2023-09-19,453.3322222861144,453.56726676929594,444.74405847755963,448.28900146484375,448300
2023-09-20,452.4018895836938,457.64094540157936,443.2653095133098,443.470947265625,394900
2023-09-21,439.1034691655938,443.85292174034043,430.4761262932119,431.249755859375,597600
2023-09-22,436.5573429629198,442.9323825406771,432.7186319477176,439.9750061035156,428400
2023-09-25,438.8096562393944,446.05622783872576,435.5976608874542,443.75494384765625,328600
2023-09-26,439.2993091060924,444.5285928108347,432.8753181207626,435.323486328125,405300
2023-09-27,441.87479642786553,444.1662783334844,429.6437274768327,432.03314208984375,711800
2023-09-28,432.582774364757,450.4361162355975,429.36348180383743,443.5558776855469,553500
2023-09-29,451.5353585062589,457.77766286834543,451.0838805971409,453.44927978515625,519700
2023-10-02,452.8309284027369,456.2563256645313,444.0760371326259,450.8385009765625,283700
2023-10-03,446.59840597511766,456.36426175812505,437.7257413130373,440.6211242675781,367100
2023-10-04,444.15457247066155,450.6618692071154,439.8163646621061,448.7087097167969,550000
2023-10-05,446.3825176110037,449.05217685768594,434.04518681974963,443.3988037109375,454400
2023-10-06,438.5109880384,468.1422334738128,438.5109880384,464.9131164550781,598200
2023-10-09,458.68058060188724,469.15311199230837,454.43073400091794,467.2097473144531,364500
2023-10-10,470.5860972762944,486.8690442783644,469.7125850620471,480.9310302734375,440700
2023-10-11,481.31385468354,493.79840360930046,481.31385468354,492.74822998046875,463800
2023-10-12,495.23139580219595,503.60349090709786,481.4217970052492,483.914794921875,469200
2023-10-13,486.7022313831655,487.01631599481067,464.88365462229154,466.9447937011719,356800
2023-10-16,467.07244339407055,477.77070079083825,467.07244339407055,474.1784362792969,407700
2023-10-17,462.1943533770332,474.5709518360484,458.61191393914396,467.7397766113281,312000
2023-10-18,457.944497099901,465.12902530370076,451.6237165502231,452.52667236328125,547500
2023-10-19,452.34019460149904,454.1461362127247,423.5432241028792,425.7221374511719,961300
2023-10-20,424.35785808747903,432.3766607431415,410.94087949467644,412.2658996582031,646000
2023-10-23,408.3791577263136,414.64108116511426,400.6253773052287,405.83709716796875,624200
2023-10-24,409.66491516306996,416.5844210202953,404.1391110188867,410.26361083984375,585000
2023-10-25,403.6680071262951,403.6680071262951,387.9150733439115,392.331787109375,628600
2023-10-26,393.7843461739246,406.47505886217226,391.4876587843016,396.58160400390625,590600
2023-10-27,398.7998494923279,402.96136612167874,392.1355102105909,398.41705322265625,521600
2023-10-30,392.59679813196163,402.67671014100665,384.8430173594071,396.52276611328125,1174400
2023-10-31,417.7229751836449,436.7835318634137,401.4792656233025,433.5642395019531,1734400
2023-11-01,431.88589436875293,449.8668337820014,424.632684554465,448.1099548339844,1024700
2023-11-02,459.1321540043734,469.15317900171704,451.18206276295564,462.9894104003906,970500
2023-11-03,472.3136208727952,493.14088404982755,471.3811914138407,483.806884765625,842600
2023-11-06,483.797027875745,486.7709473027473,477.64305414510375,484.4055480957031,522100
2023-11-07,483.89511190751165,490.0098170525209,480.52860197551155,483.4436340332031,360300
2023-11-08,481.313888227065,489.2050625373234,476.1315815835383,483.8166809082031,371800
2023-11-09,490.86377412522086,497.6164438759793,471.5381942538167,473.1380310058594,553500
2023-11-10,482.5210535079407,497.8028899096874,476.3965535045342,495.2411804199219,478300
2023-11-13,494.5345185590583,502.50425833740996,491.27598805568107,497.73419189453125,469200
2023-11-14,513.9484419916093,529.0241434651675,513.9484419916093,525.5594482421875,702400
2023-11-15,531.576014142637,546.1315564795023,528.6217737049684,537.4649658203125,742000
2023-11-16,531.4483929742254,535.0308623891982,522.9977620506348,527.04150390625,585100
2023-11-17,528.2193579494394,533.4409025838162,525.4613678226417,530.0253295898438,304300
2023-11-20,530.0055111024298,542.9317398496661,529.7993762821327,540.9982299804688,354500
2023-11-21,534.9327128482479,535.884731198055,525.4809414415108,528.1309814453125,394800
2023-11-22,533.5095272332892,543.913316786315,533.2052671587811,535.9632568359375,288700
2023-11-24,534.2947032515829,539.8499805621535,534.2947032515829,539.2708740234375,134800
2023-11-27,535.9632849289892,543.7465084478944,529.7111863661718,536.4049682617188,195400
2023-11-28,533.4999153887138,541.7640632110681,528.0428209733885,533.3821411132812,247800
2023-11-29,543.1380633142012,550.2637050232448,540.1739382195087,542.235107421875,392400
2023-11-30,544.5808208673119,544.5808208673119,532.9796379603331,538.5642700195312,489100
2023-12-01,537.2784719984751,549.9692153927984,532.6850969465669,549.252685546875,359500
2023-12-04,542.0781488768721,550.1656353004421,535.8162236312811,549.1841430664062,399700
2023-12-05,542.9222263007898,549.6847222762485,539.2122167490638,543.1480102539062,259500
2023-12-06,554.4939175891491,561.3250635721809,543.03009821351,543.9821166992188,265700
2023-12-07,547.6527754716843,560.5692411085939,546.3277855036991,557.9780883789062,303300
2023-12-08,555.6814556765241,569.9523869593702,555.6814556765241,565.0743408203125,297800
2023-12-11,568.4604973899021,582.6038298612918,567.2532814675853,581.4358520507812,427100
2023-12-12,582.0247877593689,587.9039155752927,576.6756440863785,584.7926025390625,339800
2023-12-13,584.9693063497341,605.6885907258358,583.0750337376337,597.453857421875,463100
2023-12-14,603.9119571105321,627.9389196784972,603.3819730478644,625.5931396484375,920400
2023-12-15,622.6094753116548,635.1431483093202,619.0859523010217,621.5887451171875,857100
2023-12-18,623.1786539011653,626.8200104688716,610.8903559654829,622.5897827148438,320600
2023-12-19,627.2125717642103,631.8550692576763,618.7030536351299,623.5025634765625,293200
2023-12-20,620.6758990084307,623.7185001641434,598.6806303347087,599.7210693359375,584600
2023-12-21,613.5207584897386,615.346318928466,603.6665421108939,610.222900390625,799500
2023-12-22,612.2939410376746,613.795592512897,602.007865059174,606.2086791992188,484500
2023-12-26,614.580820683555,629.9117207269886,614.580820683555,625.2496337890625,462900
2023-12-27,626.702310398628,630.3730810073113,619.6159067885203,624.778564453125,522100
2023-12-28,626.5676175762962,626.8821963600778,620.344981634132,621.4951171875,251800
2023-12-29,621.0527860610824,624.8374513506568,610.3179877856313,620.07958984375,276900
2024-01-02,609.9740673848336,609.9740673848336,586.6171136413337,593.7539672851562,611500
2024-01-03,580.7974392209175,584.8868433027357,566.6122344374389,568.4898071289062,613600
2024-01-04,551.7586173023101,565.5309048174803,551.5619980516067,561.3726806640625,858400
2024-01-05,560.2520258207843,571.5569431603027,558.4432726463345,564.2529907226562,419500
2024-01-08,569.1681754992587,583.3927419042151,567.0350035365824,580.6893920898438,456500
2024-01-09,568.7847716620972,591.4831059289794,568.7847716620972,583.6777954101562,261400
2024-01-10,584.0513924068382,587.8557382877483,572.4614154207839,579.1951904296875,401700
2024-01-11,579.1951762910131,585.260493632707,567.1431413139993,578.4480590820312,366400
2024-01-12,578.8707820014721,579.9816178987162,566.140449019622,568.942138671875,280700
2024-01-16,563.4861516918618,586.8037394823718,560.3305841705657,586.2925415039062,577300
2024-01-17,578.1825604463378,581.849326370189,567.1234029007377,574.4371948242188,399500
2024-01-18,588.514291174918,602.1489990741048,585.9485809789849,600.536865234375,696700
2024-01-19,610.4655189032254,622.173454387605,602.0900307482976,620.6203002929688,674100
2024-01-22,625.4175898079695,636.6340083763226,614.2404710944492,626.9412841796875,390700
2024-01-23,629.6838384114345,632.8983860491801,618.3887618491514,631.1092529296875,277700
2024-01-24,632.4954103867971,637.0075737675534,612.19574515472,621.2789916992188,538500
2024-01-25,630.7259027338843,632.0038379172246,602.5422689606894,605.2357788085938,519900
2024-01-26,598.7476924706929,599.6520689550839,588.6518917163926,590.9423828125,376000
2024-01-29,597.0077421237049,609.4529546391371,589.0058126549765,609.2662353515625,462500
2024-01-30,609.0498946445971,615.3118303252375,596.388383817864,603.0140380859375,307200
2024-01-31,594.7370182817881,607.1920725919824,589.4679576106769,592.4956665039062,439200
2024-02-01,596.7030434392848,606.700505966823,584.2774500128601,603.7120971679688,429200
2024-02-02,604.2920242432764,626.7838987947347,601.5002348495213,625.0734252929688,481100
2024-02-05,630.1262839545294,641.7850803622287,621.5836958953108,635.2479248046875,516900
2024-02-06,639.5927991144488,639.5927991144488,612.392206322631,622.2421875,556200
2024-02-07,630.5883210596771,644.753908966811,619.4997018372262,634.4614868164062,860500
2024-02-08,668.4646992358081,747.1076050282561,667.9436611850408,724.5665893554688,1658500
2024-02-09,734.3279931188501,748.5820170816659,724.713870915078,739.5479125976562,661900
2024-02-12,739.6265796134081,745.4068369465904,715.6896134803101,717.4885864257812,645400
2024-02-13,691.0743882899443,712.0720252895363,678.3931984167243,700.0396728515625,759500
2024-02-14,711.914918566235,733.5908575325687,706.439399036002,732.5390014648438,602700
2024-02-15,735.9108495103242,737.2674445137451,711.7183386156161,721.86328125,600100
2024-02-16,723.180473241157,735.4881071754814,708.6413876588299,718.1080322265625,373000
2024-02-20,707.7861620572837,707.7861620572837,686.60174101233,700.2364501953125,466700
2024-02-21,684.7830095052236,701.9370036106392,683.9671326392966,701.8092041015625,477100
2024-02-22,733.571154208175,737.2772202351513,725.3038453785053,728.7247924804688,660200
2024-02-23,724.0652155831921,729.1376564972825,700.8753628389022,708.89697265625,564300
2024-02-26,717.075905248174,719.6612957486743,711.3447863060229,712.59326171875,302200
2024-02-27,713.2517702527578,716.1615791163778,695.1638794784815,697.2577514648438,301900
2024-02-28,690.0915452604751,702.3205203428598,688.3122517959058,698.5161743164062,266600
2024-02-29,694.3578900744285,710.3322300306976,684.3309077634617,707.825439453125,859400
2024-03-01,714.6181824388324,739.2333874539368,704.4339417376739,731.1331787109375,634200
2024-03-04,731.1333060823349,736.7956052191523,713.7729100480675,723.2001953125,802000
2024-03-05,710.1061505079175,721.9025871584719,695.1738253810997,705.4662475585938,480600
2024-03-06,711.541284335819,730.9660896532316,711.541284335819,718.9631958007812,473600
2024-03-07,730.6711650064117,763.819116392838,730.6711650064117,754.5785522460938,770300
2024-03-08,757.3508427761949,764.9497545094606,719.2581844747812,719.7890625,537700
2024-03-11,708.68062726112,715.6208606947932,699.9218007887885,706.9701538085938,494900
2024-03-12,714.8443740163958,726.6015104975664,704.0112941148465,724.055419921875,417400
2024-03-13,711.1578045563247,725.4019881642041,693.6106340248308,696.16650390625,537300
2024-03-14,696.4812653336518,706.0167300841176,674.2646674612406,681.2442016601562,517300
2024-03-15,674.431683025896,687.4077734448192,670.4798581256468,675.3360595703125,960900
2024-03-18,688.1155950241889,693.0406166659923,660.4627781010659,662.8613891601562,624400
2024-03-19,651.7530948393252,657.8184122703962,629.7428967388471,639.2489013671875,955600
2024-03-20,642.827036635313,657.4350006564249,635.5132446623496,655.6950073242188,581400
2024-03-21,671.9052895689937,677.3512888969648,657.7889031522444,663.785400390625,635200
2024-03-22,656.6387473031883,667.8650653703072,651.8120653319561,660.9051513671875,490300
2024-03-25,651.703938293828,660.7380444461995,648.0273920685577,658.0150146484375,299400
2024-03-26,666.0071389311058,666.6952763882597,654.3089821588253,655.1838989257812,375500
2024-03-27,660.0787761675475,666.3918527999374,647.4722195832619,662.9644775390625,503100
2024-03-28,664.7667719926383,673.423936232375,661.5757591433562,667.1797485351562,353400
2024-04-01,667.1796766395759,677.7573144306843,654.917866642826,658.3748168945312,435500
2024-04-02,648.171373949632,648.4373116689873,634.9936309655412,639.15966796875,564000
2024-04-03,634.1664527286721,651.09660097736,634.0186961719376,640.0166625976562,443900
2024-04-04,650.0032474401933,656.8974303953333,630.7290744506796,633.4178466796875,655600
2024-04-05,633.9300949687654,649.0973251005912,633.9300949687654,644.4191284179688,406800
2024-04-08,658.650738919671,680.4363584484778,658.650738919671,671.0208740234375,574600
2024-04-09,680.7711585072266,690.2555916231184,662.3341678487764,671.8383178710938,370400
2024-04-10,652.8791586001926,669.0016932883537,647.3933514478286,656.4148559570312,417500
2024-04-11,661.733426961375,674.7831340802195,655.5581878283753,673.9952392578125,301500
2024-04-12,655.8141672578626,662.5310793009147,648.2404114605108,648.27978515625,422500
2024-04-15,661.1129101069978,662.8463146909761,630.7587933188586,636.855224609375,485900
2024-04-16,635.2498150873112,649.3336361744961,634.2747901054121,645.6206665039062,380600
2024-04-17,646.004724485926,653.4012086851178,624.0221190497674,628.079833984375,530100
2024-04-18,622.5350624083089,624.5835768877305,608.5004719822416,610.93310546875,652900
2024-04-19,609.8003785171746,609.8003785171746,578.6485719286126,582.5782470703125,734000
2024-04-22,587.7489621540159,594.1507050850731,576.1076316412677,591.5505981445312,467800
2024-04-23,594.5150442003235,608.4708254800912,592.2498243487313,602.128173828125,508600
2024-04-24,626.8881060493823,645.3250933698223,618.7628184725038,632.501953125,768900
2024-04-25,628.6806765932886,656.9763591963888,626.7798587267532,650.3579711914062,435500
2024-04-26,652.3867167348789,670.6562897809122,651.3230259479046,666.9924926757812,402800
2024-04-29,664.7963287313767,678.6733629909946,662.3045447489392,669.42529296875,428300
2024-04-30,670.0457537494058,679.618791734789,658.9658152778899,659.2120361328125,502800
2024-05-01,648.9397096333896,676.378547293945,637.7120145977823,642.72509765625,906900
2024-05-02,670.8041026622939,710.2979655995182,661.2014888972135,702.1135864257812,1200600
2024-05-03,716.0004006359251,716.9459103764644,690.6101368747677,696.5292358398438,585700
2024-05-06,708.2494514747802,722.2249514105233,703.2068525233901,721.9688720703125,399900
2024-05-07,714.040407218597,714.040407218597,691.3880908516621,691.604736328125,625700
2024-05-08,679.5695231990406,704.3196470196239,677.1664053791696,702.5862426757812,337000
2024-05-09,702.6454542250934,703.6992868226409,695.9581166528286,697.3172607421875,352500
2024-05-10,708.4462932179588,708.4462932179588,687.3106750450978,691.919921875,432000
2024-05-13,699.3065663487878,699.3164248004888,687.034958031393,692.4222412109375,346500
2024-05-14,692.1168804856256,705.8658729913791,692.1168804856256,702.9210815429688,320700
2024-05-15,714.3163186503751,731.2661248554482,706.4569076098235,730.133544921875,589800
2024-05-16,727.1788851213868,729.7395580893376,716.8966993263961,717.0936279296875,398500
2024-05-17,723.9682142849424,727.6418106778486,710.9185072921551,719.0142211914062,258900
2024-05-20,714.4935964928723,750.3531778237723,714.4935964928723,744.4537353515625,419400
2024-05-21,729.0993748337887,748.5015915470805,728.8531539620782,745.3007202148438,322300
2024-05-22,753.4358033920403,762.1815728208077,740.2285434056147,749.1220092773438,432800
2024-05-23,764.2794209152509,764.2794209152509,725.258343166557,735.107177734375,767200
2024-05-24,743.5870225314335,747.3886583123385,735.6587225918466,741.9915161132812,287900
2024-05-28,749.5160128748748,754.2040676555812,738.0814704794911,748.0977783203125,465400
2024-05-29,733.6889114214567,745.6847841927586,733.6691945171689,735.1170043945312,478600
2024-05-30,738.7610141450004,742.4346701027629,729.2372085004375,732.65478515625,441600
2024-05-31,732.2903683718605,743.2126913928523,696.2534590488222,724.509765625,762300
2024-06-03,735.0676827356875,735.2351561904109,698.3020296354756,720.727783203125,345000
2024-06-04,721.5354985842549,724.0863733414567,709.1062734152298,715.5769653320312,256000
2024-06-05,730.064510204192,747.0044559688562,721.899788647579,746.157470703125,498100
2024-06-06,745.7241604936469,751.2198267955131,734.0434575875857,747.1423950195312,463600
2024-06-07,737.2936062380943,748.7478058993353,732.3199566953518,740.27783203125,324700
2024-06-10,733.7677593778252,771.8039541216336,733.7677593778252,767.7954711914062,466300
2024-06-11,766.633239290979,775.6252292685252,758.5276082789704,772.1288452148438,299000
2024-06-12,784.361186968904,810.0469035184506,777.9397277752604,803.3004760742188,630100
2024-06-13,796.1009387369867,809.5741361246844,784.26262130607,804.6497192382812,529000
2024-06-14,794.4659862106536,800.9957677086396,784.6270110438945,794.3773803710938,299800
2024-06-17,798.2283382670203,817.7585943756014,786.2423232275203,814.8827514648438,445200
2024-06-18,812.1052446894133,843.3555731317291,808.6285777230726,839.672119140625,531200
2024-06-20,833.2112809691496,835.6242571032045,807.2399128713457,812.853759765625,673000
2024-06-21,810.9529443715786,816.1629554594311,794.6727943456074,813.6810302734375,988000
2024-06-24,807.446810300447,822.0033552828141,783.0118562410742,786.0748291015625,752000
2024-06-25,798.1987942413338,811.2977319424541,787.5522066824985,807.4763793945312,454200
2024-06-26,804.2064965176727,813.3561014146845,791.7477580667373,804.1080322265625,295600
2024-06-27,798.356341366168,808.549920916312,795.2933683312392,798.4450073242188,361100
2024-06-28,809.3053436056293,825.9558540337956,802.5780586397524,810.5087280273438,721800
2024-07-01,796.8962476520215,811.1498007003847,783.3134422499496,808.2596435546875,548900
2024-07-02,807.8454152162259,823.6476321673501,804.6297274026936,817.4826049804688,257100
2024-07-03,822.3061486943396,836.7076283308068,816.6638844238331,827.8102416992188,312500
2024-07-05,835.8395444528873,835.8395444528873,818.1533223403919,830.2072143554688,181700
2024-07-08,832.4365210559417,841.6693121107145,827.9780140521844,840.239013671875,313600
2024-07-09,852.8353639923284,857.155759659125,826.5674113189078,834.6953735351562,259800
2024-07-10,840.6334499621257,851.1091190957304,832.7718365306341,849.106689453125,439100
2024-07-11,864.7313365858772,864.7313365858772,818.7451738452127,819.6526489257812,629300
2024-07-12,821.7537798086632,863.9225671594128,804.9651579532508,844.03662109375,513200
2024-07-15,849.728176557062,871.5375625656534,844.727099213858,859.0693969726562,335900
2024-07-16,867.7596463527848,879.5471909260845,852.9142722340159,877.386962890625,314400
2024-07-17,849.6689400427579,849.6689400427579,804.2745949288568,806.2671508789062,1156200
2024-07-18,827.7411669071703,838.0885380622975,801.4534690405062,832.0023803710938,704100
2024-07-19,840.8800744777815,840.8800744777815,794.1936006545811,797.8334350585938,624400
2024-07-22,818.6663510038647,848.2584832634996,804.8270682518756,845.7431640625,625700
2024-07-23,828.5105850019339,843.375705539416,828.5105850019339,834.9024658203125,310800
2024-07-24,821.5071620602469,827.820113856901,775.4026317908691,777.1682739257812,787900
2024-07-25,777.1780843614616,814.2076794417859,750.9988761801322,779.1607666015625,876400
2024-07-26,801.1575907150535,820.8363686937554,793.542518153212,810.6073608398438,627400
2024-07-29,827.3171575848357,837.625096703777,810.923119527177,816.0130004882812,429500
2024-07-30,820.5699882963015,824.5649135455803,769.3953299926696,771.2201538085938,677900
2024-07-31,813.3495263526466,851.6811829614409,806.1290396595263,851.355712890625,861000
2024-08-01,830.7990311665354,849.7182586320389,767.7382107717325,774.278076171875,1133000
2024-08-02,777.8291648280366,825.4034891997901,759.2551534230219,784.941162109375,1366800
2024-08-05,738.1066984921905,782.6132593090343,719.670798218599,759.9653930664062,843300
2024-08-06,774.0906889502431,802.8739607185187,756.7003754071151,779.417236328125,532400
2024-08-07,807.3916095168197,817.206283439975,741.568814316505,746.7474365234375,689700
2024-08-08,767.8072985404613,834.8038653177405,754.7275671909231,832.0518188476562,860900
2024-08-09,826.8336480387,831.1738509931495,798.5337065744236,811.8107299804688,441700
2024-08-12,812.57025719207,828.421780887906,805.7541700348927,812.747802734375,318700
2024-08-13,828.6881237762414,859.1680415284555,828.6881237762414,856.0115356445312,525400
2024-08-14,853.5356461971494,865.6684072941026,832.0714785575184,850.89208984375,416100
2024-08-15,876.7951469353524,913.3118570493697,865.3528799899289,908.1726684570312,816300
2024-08-16,890.1016609276986,911.5757022278834,887.9216857077861,902.2245483398438,448600
2024-08-19,896.4837298464954,906.7028641657201,883.226453360219,904.7399291992188,359200
2024-08-20,900.6463361537006,915.7481840547579,889.9438732433106,892.39013671875,398200
2024-08-21,912.1774199171313,939.0668120500575,903.1024878833751,934.28271484375,506000
2024-08-22,935.7328328408298,943.6240682268025,889.9932645513138,896.1780395507812,565700
2024-08-23,913.7950587339781,928.9955219212242,902.0568239339077,923.5604248046875,413300
2024-08-26,912.9368938910337,916.5767280342368,897.8350470139658,899.8472900390625,499000
2024-08-27,891.3544580772367,938.5736303849627,882.8319098833815,932.6058959960938,482800
2024-08-28,930.6824164468563,942.1641780056718,902.1457446441118,916.6655883789062,462200
2024-08-29,924.0832950901348,946.5930487218662,908.3797552955322,917.9577026367188,449300
2024-08-30,935.2592481171679,939.2245524083767,900.744911567795,921.9723510742188,520100
2024-09-03,907.2257058316208,910.5992522508425,821.931345671261,827.2283325195312,960900
2024-09-04,819.1989428970637,855.6071613438162,815.2040173016213,838.94677734375,446400
2024-09-05,824.3380573783614,846.7096989131438,816.2791513802792,830.04931640625,493600
2024-09-06,830.0494163258628,831.8249321778472,785.1285823055306,795.3477172851562,804000
2024-09-09,808.5358609550176,826.9915068891896,807.7368758885759,824.6438598632812,630000
2024-09-10,822.36526672946,837.3783110902915,803.1303831185404,836.1749267578125,388500
2024-09-11,839.6470177862149,884.8736899030474,817.5318508056035,882.9896240234375,770100
2024-09-12,873.8753223920734,892.9721563094488,865.2344106779625,883.7294921875,411500
2024-09-13,894.0867284176678,906.328039952199,888.5135800380212,901.6721801757812,311000
2024-09-16,883.4730788075547,888.1288784338644,864.100082953921,873.1947021484375,483000
2024-09-17,881.0760823137654,891.5221310805312,852.2533755261345,855.5183715820312,546100
2024-09-18,864.5735379312879,878.3634514599587,844.8355772815834,848.958740234375,446900
2024-09-19,883.3052885715532,909.0997846686357,873.7569023313878,898.732666015625,733600
2024-09-20,887.1129477804611,889.4309740074737,859.039857256139,879.2019653320312,1267600
2024-09-23,885.2288088412935,887.8822388318448,874.5065988547425,881.1450805664062,300700
2024-09-24,894.8660553228335,904.5919879489015,880.9774649540857,898.6143798828125,275300
2024-09-25,890.0819029751328,910.9246308133588,889.8353018982067,902.303466796875,312200
2024-09-26,927.2200247581479,937.3701031424824,892.4492738297174,931.5503540039062,545000
2024-09-27,936.8868123386296,936.8868123386296,908.1232888195971,912.4141235351562,571700
2024-09-30,908.6606463181764,918.696048343944,896.8176649859132,913.1647338867188,392100
2024-10-01,910.0435751106426,915.1205083012019,874.2380324920803,880.8756103515625,589100
2024-10-02,890.7234552011066,918.9628842328252,876.4110640263968,907.633544921875,362500
2024-10-03,894.2890826367857,922.7359555276089,894.2890826367857,911.4362182617188,347400
2024-10-04,937.7792241416652,939.3299817377815,915.3378210934694,924.1385498046875,435400
2024-10-07,911.4065942901765,926.4005268949784,907.9692815106525,918.8344116210938,322100
2024-10-08,918.597409301828,920.5728876014018,901.1736762307517,911.821533203125,446200
2024-10-09,908.147073091072,935.4185956597278,904.0973668661445,924.53369140625,434100
2024-10-10,907.2483026985057,920.800054994226,905.5098721363787,918.6665649414062,231800
2024-10-11,911.7622417710647,942.0166957732832,906.8432599692167,926.9635009765625,284000
2024-10-14,935.5074802505524,942.3031302898434,923.5459738516619,931.6454467773438,422000
2024-10-15,926.8153365663226,931.9120436697548,877.398721680923,883.7202758789062,854100
2024-10-16,903.7813189283512,903.7813189283512,882.051057708216,893.8446655273438,520400
2024-10-17,926.8647549858705,931.5565158148526,905.9147865073112,906.8729248046875,482500
2024-10-18,926.2918101421549,926.3510720754832,899.0401226852088,905.055419921875,260700
2024-10-21,896.8671375931393,899.3364854389355,848.4481457409896,872.4304809570312,735700
2024-10-22,867.6893640409328,871.709469655828,859.283694144953,866.0595703125,391000
2024-10-23,861.1207555706405,884.0165388984167,856.0536495577026,872.8057250976562,439800
2024-10-24,879.7397019876355,891.9284293085924,879.5422023922104,888.994873046875,400600
2024-10-25,893.508732736402,913.925342585655,890.1603431290772,890.2393188476562,566800
2024-10-28,890.2394080513129,900.2057227269676,875.0578619468898,879.542236328125,631200
2024-10-29,883.9277243038663,925.689301138877,880.2631906241912,921.7877197265625,693100
2024-10-30,901.5194247556543,920.2272067398417,898.4080223065017,908.5323486328125,977600
2024-10-31,816.1885899639839,819.3295931045786,724.8819840725992,749.9902954101562,3055200
2024-11-01,756.8254986627384,779.0595176353045,746.4740111689329,750.0595092773438,1018100
2024-11-04,749.5063382022295,775.1381810722139,737.4361947880601,757.1712036132812,959000
2024-11-05,759.72940303902,766.3373802331012,741.7427120573624,753.6152954101562,626600
2024-11-06,764.4804673311933,776.866755282575,753.4178366994349,775.6616821289062,820500
2024-11-07,783.9093483761905,786.8133040179534,753.3091471517696,765.705322265625,947900
2024-11-08,755.6796679120924,771.4440055361399,740.6561346076313,751.9657592773438,822300
2024-11-11,621.5842217294169,642.949023909438,564.98678170354,639.3734130859375,4011000
2024-11-12,656.8465310216097,681.3128489200143,623.7671567217649,636.2027587890625,2652000
2024-11-13,625.2388402071585,632.9333059686999,591.705086246111,594.0953979492188,1607900
2024-11-14,595.6561199766294,597.2562526777617,565.0263173544114,569.7180786132812,2087600
2024-11-15,558.6357339155468,583.2501808662274,554.9020503518223,566.3499755859375,1615200
2024-11-18,566.3696136070087,581.6893961244868,554.6945304259596,580.632568359375,1203100
2024-11-19,580.7905956665423,586.6281072702593,569.3031850143426,578.6867065429688,998700
2024-11-20,574.1728725027542,579.8029988590918,540.0070021227701,553.1932983398438,1662800
2024-11-21,563.0804510381872,566.9721456077926,545.0245508693829,565.4509887695312,1021900
2024-11-22,559.30730191422,584.3464656202898,558.7640574310922,573.6887817382812,1031800
2024-11-25,584.8995774228136,603.340710409378,580.4844124438865,593.492919921875,1267800
2024-11-26,591.4285546411816,594.9152422822762,561.134553322348,565.0657958984375,1287100
2024-11-27,568.7698515524257,568.7698515524257,541.5279889185848,553.3709716796875,1237800
2024-11-29,561.035808423333,568.1079938483884,556.1069999635318,560.6802368164062,595300
2024-12-02,560.0975163789101,581.7191425177402,559.0702892865139,573.2344360351562,808600
2024-12-03,563.7422287993171,578.6076908432973,563.7422287993171,575.7037353515625,609200
2024-12-04,581.9265358532074,585.5317475260583,572.8788116105004,574.4987182617188,698200
2024-12-05,580.1287675429717,580.1287675429717,559.6627839800344,565.3027954101562,696500
2024-12-06,571.1304998939579,586.0355101288985,568.9377479281551,582.4500122070312,734400
2024-12-09,584.5933671102566,605.7803830398428,583.753812982958,602.1948852539062,1015400
2024-12-10,603.3900300512599,606.8767175160543,583.8920710322607,588.0208129882812,941700
2024-12-11,606.1063233009853,621.0607071157727,596.9302491506093,616.17138671875,948100
2024-12-12,603.8148092354202,616.1516614067256,585.8280578531343,598.0266723632812,862100
2024-12-13,613.3859811543774,617.6826221250342,594.688087224137,600.97998046875,896900
2024-12-16,599.5576814369118,629.8911733163227,592.5348703455885,620.91259765625,1143000
2024-12-17,614.4626705663362,632.2222010822072,614.452783529007,620.5174560546875,796200
2024-12-18,624.2511014892774,636.9040367519784,585.8379140189905,590.7371215820312,958400
2024-12-19,604.2691672445557,605.4840670432548,579.427504816393,581.926513671875,782400
2024-12-20,579.7239099886182,595.7944470514043,575.1506723887982,585.9466552734375,2364800
2024-12-23,584.4748271365057,611.2623061915714,583.2401532851962,609.7116088867188,687900
2024-12-24,609.3065430488883,615.4206497794661,605.5234858548234,611.9833374023438,252500
2024-12-26,606.0372031960457,617.643137686378,606.0372031960457,612.2303466796875,320300
2024-12-27,609.0596644396337,614.3045565236112,596.7425870951438,605.187744140625,354600
2024-12-30,599.4884710868548,601.6022471815891,586.5688270725424,596.2487182617188,689200
2024-12-31,596.4070492740182,602.7515679684968,583.2824420486736,585.657958984375,492000
2025-01-02,597.92149188317,603.4741920797112,583.3814932322164,588.1522216796875,548100
2025-01-03,594.1898681447651,619.1127365239097,592.9724475630244,613.5402221679688,654500
2025-01-06,625.9126906599233,638.6611742599717,621.6170414277669,624.6556396484375,785900
2025-01-07,636.5033613543347,638.2255838500032,615.7672781311801,618.4891967773438,599200
2025-01-08,611.1450337207864,626.6748205562546,604.0680204804473,614.6192016601562,346000
2025-01-10,605.2162153421501,608.2548738759364,576.1164036333784,585.1927490234375,1076900
2025-01-13,572.5630877743298,585.3512023354306,570.5340328534405,581.3524169921875,854100
2025-01-14,585.2323668137604,591.9728252465613,573.2558876479305,583.8367309570312,472800
2025-01-15,601.3857032127285,605.1369803904183,595.338048740919,596.258544921875,570300
2025-01-16,607.8984694176339,608.2350241349792,589.923934376183,590.5672607421875,494900
2025-01-17,600.336563341572,622.2702541379725,599.6337916231533,619.4295654296875,1066100
2025-01-21,630.5846077301183,648.3116995283443,626.3482824362433,631.9702758789062,1257500
2025-01-22,648.4402932674977,692.1889670640538,645.3818195211716,682.380126953125,1558100
2025-01-23,667.0581940921503,692.2384208553476,666.4741921821152,691.6544189453125,757500
2025-01-24,692.8521311474525,692.8521311474525,663.1584683839902,671.5023803710938,1063300
2025-01-27,645.787671163245,649.8755034649755,591.6164927063425,594.6551513671875,2095600
2025-01-28,600.1682412469141,616.0444901192584,584.5097772953644,611.2637939453125,1015800
2025-01-29,609.3535145566613,613.6590711294261,601.2174202315558,612.441650390625,435800
2025-01-30,617.6281209132097,635.1968695449556,616.0741454749449,630.2776489257812,593600
2025-01-31,633.464721187206,650.4692825471466,625.6552744224631,630.861572265625,753400
2025-02-03,608.9872601182943,637.7010374881596,608.9773525662458,622.3593139648438,774300
2025-02-04,621.9238341469048,651.1621694592703,621.3893096060763,649.58837890625,981800
2025-02-05,645.3521228001645,658.1995604528834,641.25438319222,647.193115234375,883000
2025-02-06,643.8872633396448,659.5753898586623,632.5343556893043,654.1513671875,1611200
2025-02-07,679.6879252740769,716.5971248493928,670.0869626194518,712.8953247070312,2551700
2025-02-10,709.7774583997723,712.8953169949893,692.1295692312709,698.1573486328125,1009100
2025-02-11,685.0822776719075,705.6995329408522,679.1138227713553,691.8920288085938,708300
2025-02-12,682.4692172900552,693.6241552886352,675.7980511073335,692.317626953125,487300
2025-02-13,692.3176065037882,700.2655781284935,686.9925386136421,692.8421630859375,478200
2025-02-14,685.8740989098003,691.2387368044876,674.1846966572069,677.9359741210938,625300
2025-02-18,685.2703451600593,697.57341163154,678.1042241212652,683.7163696289062,611800
2025-02-19,681.7466453192571,701.1266633046918,675.6792361510293,685.4385375976562,710800
2025-02-20,690.7141452204307,700.1962770886465,675.1744511727921,682.76611328125,679300
2025-02-21,677.8666726119574,682.73647649837,652.7557381989307,654.3295288085938,847300
2025-02-24,653.9435397738376,658.209526922831,630.5152566857694,646.07470703125,1327500
2025-02-25,651.5284179598091,652.9339010118168,637.2754363797457,644.669189453125,897500
2025-02-26,659.8822695482941,674.0461442601026,653.7356596122596,664.7223510742188,692500
2025-02-27,664.3659729081165,665.1776069290406,601.850942309338,603.157470703125,1202100
2025-02-28,601.4154147424094,617.9548059339412,590.5079237610141,604.7708129882812,961700
2025-03-03,613.0157231977465,615.37136458322,570.1974569431666,573.0084228515625,1054600
2025-03-04,572.226584338466,599.5744527864144,552.0942542491173,582.144287109375,936100
2025-03-05,585.9450367587584,606.8592780331262,577.4526323059249,605.9387817382812,636700
2025-03-06,585.658031138255,602.6131177126767,553.7967280061987,559.9235229492188,1283100
2025-03-07,564.1795660315242,594.189967038981,559.0722828571103,590.6959838867188,782400
2025-03-10,576.3342017467518,591.250264513598,566.0700371971844,575.6512451171875,1152500
2025-03-11,580.7981307767918,580.7981307767918,552.8959829255226,564.5260009765625,674200
2025-03-12,574.968240822976,587.0139515659841,569.3660033319801,577.036865234375,695900
2025-03-13,570.227186968652,580.7387387474311,556.9541463028754,565.3772583007812,485700
2025-03-14,579.4025147972648,601.1481435670092,576.6805958687023,599.871337890625,916000
2025-03-17,603.7810329631873,638.1860988901599,603.4345706604782,634.0982666015625,1109700
2025-03-18,625.3485703795203,631.5248430095338,608.4033904518724,615.9356689453125,690500
2025-03-19,615.4705045322396,637.6417383296925,610.5512225768967,623.4086303710938,706300
2025-03-20,614.5499347709239,646.2231739094284,597.584941558504,602.8011474609375,998100
2025-03-21,584.7374955345228,591.9035561289686,569.1285082461186,584.9453125,1713600
2025-03-24,602.86057191701,629.852071085966,594.7145691115793,621.51806640625,1170800
2025-03-25,621.9436193075443,632.1879687030379,617.548955018733,626.5065307617188,702400
2025-03-26,622.4781242044045,623.5668675862208,587.2713336533219,594.33837890625,907100
2025-03-27,587.1921510143147,604.8697628401354,577.1854016754066,595.2985229492188,707000
2025-03-28,593.3584931277228,606.6216854831802,567.1786311106897,573.9685668945312,810800
2025-03-31,563.5476845450793,577.1145742566714,549.8418361159933,575.6060180664062,1141400
2025-04-01,570.7926395646106,583.7541446432684,562.2673947310308,577.0947265625,676900
2025-04-02,562.9125788473979,592.9046477625164,559.9848139503732,586.1956787109375,506100
2025-04-03,548.7799645938862,557.5532642101016,490.46309079545927,494.9192199707031,1927700
2025-04-04,473.00574419814814,488.66673868085917,447.8866210811927,473.789794921875,1734100
2025-04-07,461.59244600227413,521.0803795446133,439.35144778777254,484.93505859375,1814700
2025-04-08,504.7743200308014,512.029189485469,435.55033734038716,451.7572021484375,1587900
2025-04-09,455.5483816761642,563.428631770006,446.1398642773842,557.6029052734375,2335400
2025-04-10,522.0133180451674,526.6382087152925,466.6738510269317,481.0545654296875,2145600
2025-04-11,485.99703383939067,534.3793885567615,472.4102737532001,529.1094360351562,2218600
2025-04-14,556.5211097195316,556.5211097195316,528.1070177201408,534.7366333007812,1291300
2025-04-15,541.0983508679166,550.5862522357968,533.2975805845483,540.1455688476562,634400
2025-04-16,514.1629622539549,527.0748565259203,495.92157089142654,520.9017333984375,1275000
2025-04-17,533.9427051986196,535.7489870465279,510.41149093765523,519.6314697265625,864600
2025-04-21,508.8533499541962,510.9474836602973,492.6564484411823,504.3575439453125,798700
2025-04-22,508.49601930505077,522.598876307779,502.4916575330091,507.9601135253906,859100
2025-04-23,541.7929915440575,549.8021388853049,528.6925878411337,532.92041015625,828700
2025-04-24,544.2741642789022,578.1765821147429,542.6366440237621,576.3703002929688,1046700
2025-04-25,572.8570168678413,583.8137373652033,564.6692338958686,579.31787109375,508700
2025-04-28,575.6954403916282,586.9300784861127,559.9649359739021,580.7966918945312,552300
2025-04-29,579.7347564913835,589.2822029714324,570.5346462766192,582.3151245117188,783800
2025-04-30,560.9475135685932,591.4258765840895,558.138838937588,588.6271362304688,784700
2025-05-01,595.4751222113265,609.3695417295908,590.3540628132483,597.0928344726562,990100
2025-05-02,610.0444476868629,644.5026419307451,604.3676135456003,632.0869750976562,1651600
2025-05-05,629.8737162515049,637.7538395560128,621.2790518674286,622.6685180664062,629000
2025-05-06,615.61209782231,626.658166431174,608.3274859203789,618.291748046875,567200
2025-05-07,616.9817093625487,635.6895899676025,608.3771104224301,631.9083251953125,569400
2025-05-08,643.8971722773705,651.459701716624,625.2488975987955,635.10400390625,638300
2025-05-09,642.5969992157039,651.0527648751716,625.8641637295917,632.9602661132812,639200
2025-05-12,688.7463549918631,715.5626040015063,674.8718040513513,703.88134765625,1506800
2025-05-13,700.4276371253734,736.60276418646,700.4276371253734,732.1664428710938,909300
2025-05-14,731.4419508540167,749.3062047419031,720.3760137990754,728.7424926757812,589500
2025-05-15,720.1478001749068,724.8520442187668,698.0457279012619,704.9631958007812,981400
2025-05-16,707.3747825718614,711.3842930295076,691.1977214410648,710.0048217773438,362000
2025-05-19,687.5554446744261,701.3704503543192,682.9106854806749,697.0929565429688,512400
2025-05-20,690.2548842204455,696.9341105170133,687.5454919093297,694.8896484375,420900
2025-05-21,685.7889007609832,698.6610598802282,669.3835308318215,673.5022583007812,487500
2025-05-22,674.8917097118097,689.5800847278801,666.009193216915,667.1306762695312,461300
2025-05-23,645.0881456928133,663.0714903992363,643.7880273700209,657.1862182617188,508500
2025-05-27,678.1767330306798,684.3200540149428,666.5946978804283,680.3502197265625,787300
2025-05-28,680.8861615693972,684.2010000284995,670.3759980819523,672.370849609375,517800
2025-05-29,694.234699935319,694.234699935319,672.0036038673001,675.5863647460938,419800
2025-05-30,666.4657676077544,674.8420602268209,638.5081646079086,656.9083862304688,950300
2025-06-02,656.322763433792,666.0885822508162,650.5565816623423,663.6173095703125,422700
2025-06-03,664.7387248905706,683.6053697588264,657.7915157251864,680.5883178710938,521300
2025-06-04,688.1608909439509,715.830641869634,683.9925526620224,689.5106201171875,534600
2025-06-05,696.467669653404,700.5764622810876,669.7308358929712,675.9237670898438,568800
2025-06-06,693.0040510975766,693.4903460951022,680.3502045849831,681.8984375,293500
2025-06-09,688.3096412017101,705.6379882907357,684.6971383252721,700.95361328125,550300
2025-06-10,707.3449993971033,733.2382685476025,703.454579003122,726.3208618164062,901100
2025-06-11,731.0548854792131,735.3125714703152,703.8615572750878,715.3939208984375,564900
2025-06-12,708.0596227881828,724.4947337780156,708.0298199560664,713.1509399414062,322600
2025-06-13,694.5720616748991,697.6387851135001,664.9471994802385,667.9345092773438,1027900
2025-06-16,679.2981205116731,707.3548792073719,676.0825043075146,701.26123046875,613800
2025-06-17,694.7210027127325,705.3700638417869,684.6177816851225,685.6598510742188,430100
2025-06-18,688.6173480746521,701.0727514706568,680.8861176941665,688.011962890625,455200
2025-06-20,699.6534875411286,699.6534875411286,671.5569879066894,680.7273559570312,1074600
2025-06-23,680.7273747955053,689.758723783443,666.1183527727014,687.3966674804688,480600
2025-06-24,700.5268429285201,713.726590096645,695.3661069310551,711.1759643554688,709700
2025-06-25,711.9103744585807,719.5225145772268,703.4844110598326,717.368896484375,337400
2025-06-26,722.5097611669548,738.3990308538262,713.5677007220735,729.6256713867188,494500
2025-06-27,730.538854173133,739.8579940923216,719.5125934427217,730.4793090820312,562300
2025-06-30,733.4728983904653,737.4611198517415,719.2705200381887,727.4060668945312,396500
2025-07-01,725.2676561793429,752.6281883003077,718.3256019435944,742.9112548828125,587100
2025-07-02,739.0524930982966,765.8162525660875,731.762303203505,760.2467041015625,578700
2025-07-03,765.8162671592988,772.6588900909783,750.3109474562231,754.5180053710938,400100
2025-07-07,744.1644591984864,751.206006886109,732.6275122918456,737.142822265625,450600
2025-07-08,749.0676598238416,765.9653952300654,746.0839603979558,757.1734008789062,504200
2025-07-09,757.8695871964298,774.6280075294018,726.033505548776,747.0586547851562,584700
2025-07-10,752.2999998872547,752.2999998872547,731.4042092595142,736.4267578125,386900
2025-07-11,735.1239509856798,743.5379453389926,721.0607650813165,732.0606689453125,383100
2025-07-14,725.4666138813716,725.6158231334757,699.2399008892758,717.2216796875,561100
2025-07-15,738.7142236656714,750.8877071845696,713.0544216420204,713.7207641601562,585700
2025-07-16,712.6466404522191,718.3057261255635,683.1378701231605,710.1503295898438,779700
2025-07-17,706.0328126984698,713.820224526391,699.6078913876564,709.6928100585938,431700
2025-07-18,715.978531689896,721.8862594534341,702.0048837359327,721.2994384765625,432700
2025-07-21,724.6312214691004,733.7513791326851,719.9765969037131,720.8319702148438,409700
2025-07-22,719.5588700755238,725.9837911857686,698.5039153588519,716.0679321289062,554200
2025-07-23,713.9793469878232,717.5399117711105,704.1530258944832,716.0977783203125,401900
2025-07-24,713.5617653939868,716.9034945576087,698.7426989656177,709.1259765625,343500
2025-07-25,707.7434266019768,714.3473624892041,700.1947011371338,710.7967529296875,275900
2025-07-28,718.6339403256667,737.0433752491092,717.7984777880718,734.5370483398438,545500
2025-07-29,741.4692491824646,747.4067821512917,711.1150596583542,720.4341430664062,488700
2025-07-30,730.4693622158854,743.4384880334613,722.1050236274485,726.5706176757812,629600
2025-07-31,727.2667561071999,735.9791678609273,702.1639087970468,707.3754272460938,1344500
2025-08-01,735.9792000962118,798.6368887530515,707.5942944214444,781.351318359375,1524100
2025-08-04,787.1197867143997,827.4494453433206,774.6678556614569,826.1167602539062,1360400
2025-08-05,825.4901606873332,829.9060381919219,769.9336928754616,798.4180908203125,988800
2025-08-06,797.6423785844569,803.0130622727947,785.777206845797,801.471435546875,416400
2025-08-07,811.8646583452548,815.0472834291853,780.7347376350342,793.6044311523438,640200
2025-08-08,794.181314064994,810.5717516549248,790.1831370427458,799.919921875,399400
2025-08-11,801.8492870565963,810.9695050811745,791.4958770539472,793.1766967773438,540400
2025-08-12,803.4107902600101,839.4141089702932,798.6368832975656,835.9927978515625,713900
2025-08-13,841.0054415592639,860.4293552143022,835.4358932192122,857.117431640625,543900
2025-08-14,840.9358514555713,850.3444118024207,831.964842098322,844.197998046875,582300
2025-08-15,847.2910375072848,847.2910375072848,819.3735498257187,821.9793090820312,575600
2025-08-18,819.1150321859956,848.6038918315585,818.5381666318681,845.6898193359375,563800
2025-08-19,849.7576527765622,863.2837330685779,835.396109904285,840.2097778320312,557900
2025-08-20,836.2614040278419,842.9647728205501,801.5609627455028,821.780517578125,673100
2025-08-21,809.7959244293637,826.7930930004021,807.5880158881488,816.280517578125,413000
2025-08-22,817.7723468461414,855.1183066707749,816.1810647322227,839.4141235351562,548800
2025-08-25,836.8381328509192,845.8190970628658,827.6782146653007,833.3074340820312,348000
2025-08-26,835.2966103443526,853.3281059368003,835.2966103443526,846.01806640625,404000
2025-08-27,843.2930158840038,865.2729127187832,838.946764845365,861.6129150390625,326600
2025-08-28,862.269258700468,870.2954177697918,852.7413551827971,853.7955932617188,468100
2025-08-29,844.7947298224293,848.8525782631833,820.676491461802,831.2189331054688,568900
2025-09-02,806.7028405625313,820.4875180479335,796.6179214172014,819.1747436523438,517400
2025-09-03,825.7488183388502,825.7488183388502,805.1413682357685,823.0634765625,432600
2025-09-04,823.063500377169,845.5208303101897,813.127790150363,843.5018310546875,424500
2025-09-05,849.0117765415214,862.5079914738151,841.7414973448497,861.1553955078125,491500
2025-09-08,864.5865953477678,874.7212303366023,846.0379059773569,859.6237182617188,495400
2025-09-09,861.0061681370078,864.5965385563047,843.5216724443062,853.208740234375,281900
2025-09-10,864.1589596461728,864.9745114740626,841.4032728941255,850.5333862304688,751800
2025-09-11,850.5134427190557,855.9238867881661,825.8581615797425,835.8137817382812,576000
2025-09-12,840.3689440230916,840.3689440230916,825.4902071115241,829.6077270507812,329700
2025-09-15,833.4467438447845,847.9077191937872,826.4847782040762,845.0931396484375,393100
2025-09-16,842.9647377318362,855.5261175135528,840.0407097866107,852.3634033203125,401200
2025-09-17,851.7666519344655,879.6543363287738,845.3815517990406,872.8912353515625,408400
2025-09-18,890.4850938525854,919.3772993169414,885.2537250396852,912.7932739257812,853300
2025-09-19,918.3529026141373,918.3529026141373,888.217548545897,911.3809814453125,1232000
2025-09-22,915.3990199107751,932.9431266258406,912.8031552422087,917.7958984375,416300
2025-09-23,912.6539912808627,927.1845928575244,902.0917002120739,909.3023071289062,425500
2025-09-24,915.3294322930301,915.3294322930301,895.0104453531006,903.5139770507812,349400
2025-09-25,892.7726267485599,893.3096707955123,867.5503746331937,886.546630859375,336500
2025-09-26,883.7221056234861,887.6904164892564,872.2348739848018,882.7275390625,304300
2025-09-29,903.583540276274,910.674803997158,881.1063018429398,881.772705078125,333100
2025-09-30,894.8543430446532,926.0790245950515,891.0882867554517,917.2516479492188,505700
2025-10-01,904.0304901345633,919.941745408062,891.5964412672357,912.4992065429688,444000
2025-10-02,923.8373156403907,936.6499706378156,921.6454004376731,927.0853271484375,389300
2025-10-03,936.9787539641452,951.2958609400494,913.4257453602102,915.4483032226562,420400
2025-10-06,929.1476974160673,982.9987566098065,927.1849162928211,964.5369262695312,652000
2025-10-07,966.1311118691066,969.1599015098643,937.4171741876471,942.0101928710938,423000
2025-10-08,943.7039025489406,979.8603165731038,942.5083069451412,977.2898559570312,570100
2025-10-09,970.2459000375256,976.4927823655316,958.3996458026161,975.6459350585938,361400
2025-10-10,981.8231245373389,986.6054462728463,898.0725045878405,901.1112670898438,872600
2025-10-13,964.0387833094426,987.0238828887516,950.1500861907742,978.0570068359375,774000
2025-10-14,963.9790535874408,991.1686546636349,956.4668256196746,964.6864624023438,754100
2025-10-15,996.319530335762,1013.2171314620431,983.6762330633804,1004.2203369140625,631900
2025-10-16,1007.7971918617717,1037.6668331393398,1004.2203778454497,1023.05078125,517700
2025-10-17,999.2089553411489,1020.5699892763417,991.1985068049289,1000.9525146484375,502800
2025-10-20,1014.8311471006599,1034.0700744741685,1014.8311471006599,1027.793212890625,442600
2025-10-21,1023.5390264791203,1031.8881898246073,1008.6241508405758,1024.8841552734375,255000
2025-10-22,1009.8196624871208,1018.9957873866717,977.1703123546222,997.7144165039062,713000
2025-10-23,1041.15391608795,1072.0398217326642,1034.7774467274144,1066.8590087890625,727500
2025-10-24,1082.1026145571582,1087.8912893903707,1069.5789316090027,1070.953857421875,378600
2025-10-27,1093.2414881957166,1107.9671195684537,1089.6745865546288,1100.98291015625,555000
2025-10-28,1093.8093962631738,1106.9409414768834,1081.9930609663961,1082.3616943359375,475700
2025-10-29,1091.936281153936,1119.2454334012998,1086.4864425385958,1090.05322265625,817300
2025-10-30,1066.819155574269,1096.4596628671043,1066.819155574269,1083.557373046875,1262700
2025-10-31,1016.4053250779485,1034.508434269277,932.4853488650414,1001.3011474609375,1646500
2025-11-03,1026.2091661377901,1036.5609411557828,981.1257051982416,1000.235107421875,828000
2025-11-04,962.5642407969005,973.3145068721261,949.5822286546845,954.3446044921875,866100
2025-11-05,957.5029500720132,1011.254403732335,953.1590112850326,996.4690551757812,697100
2025-11-06,991.4874304393435,1002.2974732973183,950.5785519039831,954.5438842773438,676700
2025-11-07,940.5256883190536,955.4804550208441,900.7326816583881,954.7332153320312,739900
2025-11-10,983.0187067266514,986.0773542269002,944.3814054516884,972.7167358398438,608300
2025-11-11,963.6303379739373,975.1577628232997,947.6194750101024,951.1962890625,580500
2025-11-12,970.4052672738285,977.3396732228896,953.4778078751945,954.8228149414062,543900
2025-11-13,947.1710984335004,955.6398146877357,909.5899538449321,920.88818359375,675800
2025-11-14,875.8745181043766,935.0857852531965,863.1913889233497,916.8033447265625,486200
2025-11-17,910.9249885378275,920.5992733563355,876.1833303486264,893.7086181640625,483900
2025-11-18,883.9546090161967,891.2178175123919,848.9040942647445,853.8060302734375,878600
2025-11-19,862.9721644168028,887.5613858414885,856.8049436143768,881.3941650390625,843200
2025-11-20,905.2758633344245,914.0634090498567,849.551718281546,854.03515625,1053100
2025-11-21,860.9794836383439,880.5372414529324,830.1135231495106,869.1393432617188,763000
2025-11-24,884.4229358861427,900.3042725222296,878.6442944484187,889.6834716796875,1145200
2025-11-25,880.4376036011445,909.8987792567214,861.2684256671826,905.265869140625,559700
2025-11-26,916.8032855978631,928.3506558942904,910.9748405771336,921.5457763671875,603700
2025-11-28,915.6774496797027,926.9757402133987,906.6807157009157,924.75390625,357500
2025-12-01,905.3754699580298,934.2388788687539,891.0982546268294,924.9332275390625,545000
2025-12-02,935.1953652863052,960.3623459134568,928.1712638452806,948.675537109375,603000
2025-12-03,950.7977121488154,958.6785730726444,930.3831341954925,954.4940795898438,464100
2025-12-04,946.6032221844347,955.8490972082398,928.5499160012429,949.2335205078125,478800
2025-12-05,960.7011420013964,967.5458525584366,950.8774456701927,959.7347412109375,348100
2025-12-08,972.4377607970711,998.810309044848,970.8735318686864,979.9599609375,444800
2025-12-09,974.9385329108353,984.413541778186,953.8664104316732,959.4059448242188,440200
2025-12-10,964.9752782105064,985.6090771947394,959.4058861926056,975.416748046875,446700
2025-12-11,964.0587016485106,983.9552343438228,947.0515199230814,977.86767578125,590900
2025-12-12,976.3931602657274,984.4633243069812,937.9053311344929,943.0264282226562,781600
2025-12-15,957.2638293496442,971.4115793858812,942.9666678644295,945.9058227539062,690800
2025-12-16,944.3216591941748,965.2742891618698,938.533044863689,947.8585815429688,577000
2025-12-17,956.0781967779992,962.5841926829673,905.6544785252595,908.8925170898438,855800
2025-12-18,932.96356926139,948.1275845346734,919.4833972817414,926.05908203125,731400
2025-12-19,938.4234474406112,962.7734999837226,933.6610107421875,933.6610107421875,5577200
2025-12-22,972.4576601695826,972.4576601695826,933.6510025105074,941.6813354492188,569200
2025-12-23,936.4208556957718,943.0264594040925,932.3857735417238,940.0773315429688,355300
2025-12-24,951.2361175513099,954.5538787745855,943.5644446349296,949.7416381835938,191700
2025-12-26,956.9051239509572,956.9051239509572,941.1433418188035,942.8370971679688,221600
2025-12-29,934.5477913934285,945.7962178650005,925.4813072936715,926.6170654296875,446300
2025-12-30,925.9694550867488,931.7181776255013,919.7225119549882,920.5095825195312,287900
2025-12-31,924.5116074158858,926.2182173598127,904.5216052062125,904.551513671875,381900
2026-01-02,925.7591194417794,955.1902681172378,924.3319800391804,934.4417724609375,618800
2026-01-05,944.2720930211236,964.1324107665329,936.3679129125424,953.1244506835938,649100
2026-01-06,967.8549486020445,1007.5755840856767,965.4298045093972,1003.3739624023438,658900
2026-01-07,988.3040781943293,996.5974944341524,934.8708700241892,957.1663208007812,727100
2026-01-08,945.7790733200554,958.4537448754783,939.2221752955722,957.1763305664062,457300
2026-01-09,963.0745160123332,973.6833106317357,948.5136009320871,957.0565185546875,529500
2026-01-12,944.5715157699207,969.0525384912683,942.1164023688326,965.2301635742188,350200
2026-01-13,974.5914516038737,1002.7351952810301,968.8030367415832,981.3180541992188,341900
2026-01-14,978.593488010496,996.6574094736144,962.1862884466594,981.6373901367188,420900
2026-01-15,1012.036635465443,1039.8709400293026,1006.0386175207839,1007.525634765625,537200
2026-01-16,1027.94480187161,1045.8988959950536,1017.4557631277323,1031.1085205078125,547700
2026-01-20,1007.4957646589129,1052.8949900773398,1006.4877701355425,1032.4259033203125,661900
2026-01-21,1044.751237731575,1085.639584119349,1041.8071725079578,1072.7852783203125,601200
2026-01-22,1090.4598338068106,1096.737322145858,1069.8010641069588,1074.521728515625,409400
2026-01-23,1075.4597509370278,1085.270092557839,1048.78310676312,1061.617431640625,402500
2026-01-26,1060.1405163652435,1075.100597551851,1049.8610188948974,1066.0087890625,683700
2026-01-27,1091.9567952697228,1107.9648284429875,1085.8390220439858,1093.3040771484375,578700
2026-01-28,1108.2642249080773,1169.2322971023466,1107.2861998074663,1159.4619140625,667700
2026-01-29,1163.6036946325582,1182.6855399704534,1118.7532992491363,1180.789306640625,642900
2026-01-30,1151.4279169206163,1186.288273904639,1111.617495721436,1121.906982421875,1046100
2026-02-02,1108.4638981080643,1180.0507547333827,1097.8051544591842,1170.8790283203125,729300
2026-02-03,1182.6455251734158,1197.3660940737225,1140.4298788506533,1162.5057373046875,840300
2026-02-04,1165.1704936834465,1223.8532190981593,1106.7872184110854,1134.5616455078125,1263300
2026-02-05,1123.354093484209,1176.6475701355985,1097.8051969034423,1153.6834716796875,820400
2026-02-06,1247.5058773549745,1247.5058773549745,1167.2862545444702,1227.3660888671875,1556700
2026-02-09,1213.5736675954838,1238.4240080160355,1177.8650315917976,1203.7733154296875,660900
2026-02-10,1194.8711022135285,1194.8711022135285,1125.09057058773,1139.7413330078125,779600
2026-02-11,1162.675492971366,1201.5976768562443,1152.0966673577486,1194.3421630859375,768900
2026-02-12,1203.8432014654816,1222.7254947504496,1148.9329619154767,1153.6236572265625,726100
2026-02-13,1146.7672504062941,1171.038669230188,1133.823037859639,1169.1324462890625,434200
2026-02-17,1147.855155411598,1188.972901228658,1137.3561262435312,1170.8392333984375,446700
2026-02-18,1175.380017224762,1200.5198181417688,1170.010747242085,1185.9488525390625,357100
2026-02-19,1167.944915487065,1173.2742262268678,1150.5496407675716,1172.875,301900
2026-02-20,1157.9948464413776,1203.3441197509687,1157.9948464413776,1201.6973876953125,375900
2026-02-23,1202.0367376899778,1217.5657494964598,1169.0827244110249,1187.685546875,463200
2026-02-24,1197.6156347164058,1237.7753342633582,1159.4919037503817,1211.2484130859375,610500
2026-02-25,1224.3621844226477,1253.7134144534707,1217.805225428106,1229.4918212890625,435400
2026-02-26,1234.7313420710766,1237.2263537725028,1150.479864906434,1177.7752685546875,644500
2026-02-27,1153.7631971675457,1161.0586697310182,1126.348038312952,1140.4598388671875,805300
2026-03-02,1105.8690086086335,1142.3161598929025,1100.2602270449295,1140.3001708984375,540200
2026-03-03,1106.118519419655,1127.9250198545433,1066.6774755064182,1072.226318359375,820500
2026-03-04,1080.479826525502,1100.0007351707975,1077.845079489762,1096.8271484375,433700
2026-03-05,1069.3520022883888,1090.879031005241,1049.6913592374724,1076.2880859375,588100
2026-03-06,1037.296085465836,1060.2901515258407,1010.4398072069416,1021.118408203125,756900
2026-03-09,1011.0286396564723,1063.89297979391,986.0286343389536,1059.8809814453125,913300
2026-03-10,1049.6814007357125,1089.2023620435014,1037.9248762642242,1053.7132568359375,448000
2026-03-11,1056.9468555240069,1076.1384653135608,1051.7171991149205,1068.9527587890625,332400
2026-03-12,1043.8530124071333,1047.3361610074144,1019.7413057627195,1031.817138671875,485600
2026-03-13,1052.0666715084303,1081.7673014950321,1040.7691899412978,1050.48974609375,406100
2026-03-16,1076.687312372975,1094.8809178171205,1071.6274823548172,1075.250244140625,484200
2026-03-17,1067.715314829913,1082.8351105546196,1057.8949825931466,1064.53173828125,336300
2026-03-18,1078.4238933613444,1092.3161628811995,1068.473815570138,1073.14453125,581500
2026-03-19,1039.3818847795021,1101.8969107333571,1031.8768703121832,1090.5096435546875,364800
2026-03-20,1092.2561909808217,1101.0686503346744,1048.8031497582926,1066.71728515625,1035300
2026-03-23,1097.8051046225448,1106.66739070384,1072.7052635469636,1074.2022705078125,472800
2026-03-24,1066.6175274054003,1107.775231652429,1057.8849862453562,1099.3919677734375,429500
2026-03-25,1114.0925597883481,1125.4898173883964,1099.661450724274,1116.427978515625,308700
2026-03-26,1099.2822119070165,1110.2203045781719,1054.9109613465882,1056.16845703125,547000
2026-03-27,1047.1664179337918,1071.2183067618575,1036.9668391706878,1050.908935546875,537300
2026-03-30,1055.7991536285067,1055.7991536285067,994.0226402441458,1000.3400268554688,590200
2026-03-31,1008.3800048828125,1096.1600341796875,1008.3800048828125,1093.3499755859375,815400
2026-04-01,1100.75,1138.4200439453125,1095.010009765625,1119.510009765625,668200
2026-04-02,1071.8900146484375,1125.72998046875,1071.8900146484375,1118.489990234375,344000
2026-04-06,1128.3499755859375,1182.5699462890625,1128.030029296875,1180.030029296875,499400
2026-04-07,1179.2099609375,1194.72998046875,1153.1700439453125,1191.219970703125,438900
2026-04-08,1255.260009765625,1322.6199951171875,1251.97998046875,1312.93994140625,1012900
2026-04-09,1312.93994140625,1340.1099853515625,1303.93994140625,1334.2099609375,554800
2026-04-10,1339.010009765625,1370.0,1339.010009765625,1353.8499755859375,522400
2026-04-13,1336.4100341796875,1377.25,1332.0400390625,1372.22998046875,393500
2026-04-14,1372.489990234375,1378.550048828125,1349.010009765625,1363.4200439453125,557500
2026-04-15,1345.719970703125,1362.25,1329.4599609375,1353.0,466100
2026-04-16,1365.6199951171875,1405.1400146484375,1353.550048828125,1402.81005859375,467900
2026-04-17,1437.6199951171875,1479.22998046875,1420.3399658203125,1468.3499755859375,635600
2026-04-20,1471.449951171875,1492.75,1453.6700439453125,1490.8599853515625,384500
2026-04-21,1502.260009765625,1548.1700439453125,1499.5999755859375,1527.949951171875,551900
2026-04-22,1545.06005859375,1560.0899658203125,1519.2099609375,1522.0400390625,538600
2026-04-23,1550.4000244140625,1597.760009765625,1533.0,1592.1700439453125,638700
2026-04-24,1626.3299560546875,1661.7900390625,1595.9000244140625,1632.06005859375,692300
2026-04-27,1610.4300537109375,1621.030029296875,1550.9200439453125,1587.5699462890625,608100
2026-04-28,1527.3199462890625,1537.739990234375,1488.030029296875,1504.0799560546875,637600
2026-04-29,1550.9599609375,1554.4100341796875,1507.3399658203125,1526.8399658203125,690200
2026-04-30,1550.0,1621.9100341796875,1541.6099853515625,1614.4100341796875,1077600
2026-05-01,1564.56005859375,1589.7099609375,1521.0,1583.47998046875,898700
2026-05-04,1590.469970703125,1603.699951171875,1552.8399658203125,1573.300048828125,515400
2026-05-05,1588.93994140625,1607.8699951171875,1557.050048828125,1588.1199951171875,682200
2026-05-06,1581.0,1662.0,1556.31005859375,1652.3499755859375,854100
2026-05-07,1636.3299560546875,1636.3299560546875,1559.0,1575.9599609375,600100
2026-05-08,1608.6400146484375,1617.050048828125,1581.93994140625,1600.8399658203125,686600
2026-05-11,1594.489990234375,1663.989990234375,1585.0,1661.0999755859375,526600
2026-05-12,1619.5400390625,1622.010009765625,1538.25,1599.52001953125,731800
2026-05-13,1631.199951171875,1675.4200439453125,1614.0,1650.3499755859375,626900
2026-05-14,1639.8499755859375,1644.9000244140625,1601.0,1613.969970703125,373600
2026-05-15,1562.550048828125,1587.739990234375,1548.6099853515625,1550.02001953125,685000
2026-05-18,1563.280029296875,1579.989990234375,1458.43994140625,1486.3299560546875,806900
2026-05-19,1434.9100341796875,1493.1400146484375,1412.8900146484375,1468.1099853515625,639400
2026-05-20,1492.3699951171875,1555.550048828125,1481.0699462890625,1553.27001953125,753100
2026-05-21,1535.800048828125,1562.489990234375,1516.010009765625,1561.25,449800
2026-05-22,1579.6199951171875,1596.75,1560.0,1589.81005859375,476600
2026-05-26,1650.489990234375,1714.0899658203125,1622.0999755859375,1662.97998046875,821400
2026-05-27,1707.6199951171875,1707.6199951171875,1592.760009765625,1620.1700439453125,858600
2026-05-28,1616.9300537109375,1656.780029296875,1575.0,1633.1700439453125,501000
2026-05-29,1645.0,1657.0,1556.77001953125,1566.2099609375,1164100
2026-06-01,1536.0799560546875,1569.989990234375,1508.239990234375,1542.3900146484375,593200
2026-06-02,1572.0,1627.8499755859375,1558.1099853515625,1624.989990234375,692900
2026-06-03,1647.510009765625,1697.3499755859375,1617.8299560546875,1689.8900146484375,443700
2026-06-04,1630.0400390625,1666.68994140625,1591.6400146484375,1652.5999755859375,679000
2026-06-05,1591.25,1599.989990234375,1473.949951171875,1481.050048828125,1369000
2026-06-08,1559.6700439453125,1584.3599853515625,1518.3399658203125,1559.1800537109375,870700
2026-06-09,1597.510009765625,1627.6400146484375,1405.0,1531.97998046875,985900
2026-06-10,1510.760009765625,1563.3699951171875,1468.5,1473.0400390625,737300
2026-06-11,1523.43994140625,1593.77001953125,1506.8199462890625,1589.550048828125,896700
2026-06-12,1592.2099609375,1598.4200439453125,1558.18994140625,1577.3199462890625,567500
2026-06-15,1652.56005859375,1666.6400146484375,1605.010009765625,1652.2900390625,761200
2026-06-16,1650.8800048828125,1656.219970703125,1496.52001953125,1498.77001953125,1039700
2026-06-17,1545.56005859375,1548.0,1435.8299560546875,1448.2099609375,1110900
