Date,Open,High,Low,Close,Volume
,TXN,TXN,TXN,TXN,TXN
2007-01-03,18.06417229418347,18.126204904541268,17.586513621972756,17.71678352355957,20786800
2007-01-04,17.67956012477337,18.057965123610526,17.62372984024999,18.051761627197266,20417600
2007-01-05,17.7291921354874,17.952513339366114,17.7291921354874,17.840852737426758,21465900
2007-01-08,17.80983025353988,18.051761884319163,17.704374362600262,17.92769432067871,17777900
2007-01-09,17.92769220352769,17.989725978022108,17.629931505789497,17.890472412109375,17943500
2007-01-10,17.8780658346055,18.28748709927617,17.82223555458715,18.19443702697754,15761300
2007-01-11,18.002135431605215,18.473590525766713,17.95871213847913,18.008338928222656,19199700
2007-01-12,17.94630963372621,18.12000284967229,17.87807233706379,18.026952743530273,11719300
2007-01-16,17.971121128760455,18.03935842043185,17.822240733183396,17.91529083251953,14020600
2007-01-17,17.822243321192964,18.120004155585626,17.816039822576904,18.070377349853516,13775400
2007-01-18,17.87807131013135,17.927698109436236,17.518276719371872,17.567903518676758,25711900
2007-01-19,17.766417804651297,17.865671442863015,17.52448720940982,17.6113338470459,18915900
2007-01-22,17.68577053136689,17.89668475904226,17.555499422180848,17.735397338867188,24661400
2007-01-23,18.47979492224666,18.610064807968335,18.26267726284782,18.36193084716797,46361400
2007-01-24,18.529424262900648,18.79616756795076,18.361933372625572,18.61006736755371,19235600
2007-01-25,18.858199475349252,19.335858107284444,18.839590167089504,18.901622772216797,31739600
2007-01-26,19.01327331096905,19.360660685601253,18.88300348918028,19.2427978515625,23674700
2007-01-29,19.267655046346377,19.466418542278756,19.15585028370344,19.21796417236328,21549100
2007-01-30,19.28007722874415,19.379458972420245,19.06267922018125,19.15584945678711,18473400
2007-01-31,19.149631978651293,19.453988621848076,19.006770914753034,19.373241424560547,15835900
2007-02-01,19.460204175713073,19.690025174570433,19.38566728332796,19.485050201416016,14654600
2007-02-02,19.590648011155395,19.68381825982801,19.46020871523454,19.49747657775879,14612100
2007-02-05,19.572013223958017,19.839102135353592,19.491264807398252,19.6217041015625,16178000
2007-02-06,19.590646626519277,19.665182346299705,19.267655348207008,19.391881942749023,19840800
2007-02-07,19.255223333067057,19.367028045201895,19.00676907539151,19.28006935119629,25202100
2007-02-08,19.19311734588237,19.410515354800907,19.13100345980224,19.304922103881836,14441900
2007-02-09,19.55958730177933,19.863944029969215,19.106157962928517,19.20553970336914,22885100
2007-02-12,19.249023432249434,19.304925822015985,18.758326125628024,18.950878143310547,15849000
2007-02-13,18.98193834856335,19.13722253279344,18.57819970650998,18.801809310913086,22314600
2007-02-14,18.913606260002474,19.367035605352257,18.913606260002474,19.22417449951172,14839500
2007-02-15,19.099946492014904,19.3856687001386,19.037832607941642,19.354612350463867,14958200
2007-02-16,19.25523713740315,19.37946494766317,19.025416043839364,19.118587493896484,13397800
2007-02-20,19.068892372492094,19.32355826072483,18.857705852778516,19.28628921508789,11016300
2007-02-21,19.180685900135465,19.255222767610928,19.05645936730745,19.242799758911133,9520000
2007-02-22,19.627915190474788,19.957117988031452,19.540955267979776,19.93227195739746,31591200
2007-02-23,19.894998767456343,20.230413002807044,19.882575754726975,20.006803512573242,17396900
2007-02-26,20.06891949981021,20.093763156964872,19.640335018712808,19.733505249023438,14960600
2007-02-27,19.323553254677492,19.721080160694896,18.808010104164808,19.05025291442871,19193200
2007-02-28,19.16206252013481,19.4229399146531,19.006778384938784,19.23038673400879,20170600
2007-03-01,18.975716414130407,19.261439772199445,18.571977993883227,19.12479019165039,21552000
2007-03-02,19.00677746327668,19.242808816050662,18.91360722362179,19.106159210205078,19287100
2007-03-05,18.932237889317626,19.435359244964943,18.882547022864973,19.193115234375,16564800
2007-03-06,19.62790982728214,19.714868541292326,19.373244006489195,19.472625732421875,20665600
2007-03-07,19.472627146682193,19.621699746408076,19.28628550848206,19.342187881469727,9366000
2007-03-08,19.497474071743458,19.826676838446435,19.41051534212238,19.690027236938477,14480000
2007-03-09,20.186934420580844,20.329795518300486,19.98817094814939,20.16208839416504,20543900
2007-03-12,20.162091400066277,20.4540263303569,20.14966838500627,20.242839813232422,19909500
2007-03-13,19.938472978603034,19.994375336725902,19.57200367550914,19.71486473083496,23939700
2007-03-14,19.74592742537069,19.795618291745072,19.460204055175215,19.671390533447266,15481500
2007-03-15,19.615491139899028,19.727295902403295,19.54095423665489,19.60927963256836,11917000
2007-03-16,19.67760398410632,19.67760398410632,19.317344871115242,19.429149627685547,20476600
2007-03-19,19.714873221061293,19.714873221061293,19.28628868579016,19.391881942749023,10072400
2007-03-20,19.485048744344365,19.683812196209722,19.34839798264421,19.472625732421875,10420900
2007-03-21,19.51610859297248,19.870156203256975,19.416726849198717,19.690027236938477,12455200
2007-03-22,19.69003445826471,19.69003445826471,19.33598553340882,19.4105224609375,15543600
2007-03-23,19.410518285488237,19.621704819212272,19.30492501862622,19.478843688964844,9957800
2007-03-26,19.44777993571154,19.54716166280492,19.106155396918506,19.348398208618164,11102700
2007-03-27,19.255232333335634,19.472630354689045,19.236597811028574,19.391881942749023,9455100
2007-03-28,19.360823324894753,19.360823324894753,18.938450346480945,19.068889617919922,14112000
2007-03-29,19.211747433283172,19.242803776793888,18.571976568339778,18.876333236694336,20090100
2007-03-30,18.776952346695317,19.019196338748042,18.671359115473265,18.696205139160156,19141900
2007-04-02,18.70863222060942,18.764533416617635,18.41669730240322,18.57198143005371,17293300
2007-04-03,18.702416366334155,18.845277446233677,18.603034642515045,18.677570343017578,14580500
2007-04-04,18.72105340855547,19.068890695567696,18.6775740438599,19.006776809692383,12438200
2007-04-05,18.94465962800141,19.379455568763028,18.938448122022116,19.143423080444336,10632400
2007-04-09,19.193113943555066,19.335975026907963,19.012985009050027,19.143423080444336,7900000
2007-04-10,19.09994355749073,19.42914626319351,19.06888721258751,19.416723251342773,12564700
2007-04-11,19.454000686039823,19.48505823096693,19.10616447592564,19.118587493896484,12354900
2007-04-12,19.068897044403016,19.31735148590134,19.04405100789107,19.255237579345703,10804200
2007-04-13,19.33597768842335,19.33597768842335,18.988141598770067,19.14963722229004,11256200
2007-04-16,19.224179573985502,19.584438779522404,19.193122031002243,19.5720157623291,11140400
2007-04-17,19.5347385960142,19.621697305522613,19.304917626240247,19.447778701782227,10358000
2007-04-18,19.690020420158856,20.025434577816178,19.677597410307083,19.845304489135742,17555200
2007-04-19,19.69003043611014,20.273897979464902,19.65897289568231,20.180728912353516,16295200
2007-04-20,20.385700833252542,20.435392893251265,19.969540493278494,20.18693733215332,15304500
2007-04-23,20.186937233575883,20.34222136614185,19.895002306128557,20.13103485107422,20359000
2007-04-24,22.03171334982738,22.050346687396246,21.53480223314471,21.690086364746094,56577100
2007-04-25,21.8329583776364,22.02550925957486,21.752209934222577,21.950973510742188,23770700
2007-04-26,22.069245026028717,22.069245026028717,21.664589380522756,21.88870620727539,17599600
2007-04-27,21.633458992170834,21.85757578184557,21.533851793962388,21.683263778686523,13975100
2007-04-30,21.50273037273324,21.66459121978314,21.37199633763637,21.396896362304688,12525100
2007-05-01,21.39067151595115,21.757973589123015,21.241259496854344,21.68949317932129,13620300
2007-05-02,21.689488773458386,21.94473237416497,21.583654786675023,21.857576370239258,12153200
2007-05-03,21.845134735107422,21.957193182010432,21.73930070199945,21.845134735107422,11527000
2007-05-04,21.888706207275394,21.93851100203079,21.664589380522756,21.88870620727539,9823600
2007-05-07,21.795321454129304,21.93228225262715,21.701941034554228,21.913606643676758,8503700
2007-05-08,21.857582474061726,21.969640903208433,21.795326471855965,21.894933700561523,12409400
2007-05-09,22.1439547332002,23.052871064784554,22.050571909824555,22.928363800048828,36915900
2007-05-10,22.729138471019674,23.10889166130974,22.54860205458622,22.797618865966797,21477700
2007-05-11,22.797633992040808,22.971948487968945,22.57974384066131,22.84743881225586,12717800
2007-05-14,23.127574757555028,23.164925981368064,22.785172707112277,22.99061393737793,14102200
2007-05-15,23.02796357932933,23.177373198556758,22.754041986040583,22.828746795654297,16820900
2007-05-16,22.735371511809998,22.841203151428104,22.542381470665454,22.66689109802246,16427800
2007-05-17,22.511253192317778,22.623311612163057,22.06301951293667,22.374292373657227,31790100
2007-05-18,22.405407068782914,22.523689824420337,22.087907626291102,22.330699920654297,14451500
2007-05-21,22.193754329370233,22.46767357224462,22.056793520521396,22.131498336791992,15437300
2007-05-22,22.1626266701758,22.2311070793108,21.838904985794183,22.094148635864258,12294400
2007-05-23,21.870035348624434,22.11282783875318,21.664594087854667,21.79532814025879,14520200
2007-05-24,21.876255064320905,21.93851105792376,21.465375005835376,21.546306610107422,16380900
2007-05-25,21.633461283500786,21.90115610231845,21.546305272690045,21.720617294311523,8600100
2007-05-29,21.795322028822177,22.05056564877456,21.652136815173105,21.757970809936523,11402000
2007-05-30,21.645918473175175,21.98209378634906,21.533860035450548,21.79532814025879,12579500
2007-05-31,21.8824838895161,22.150178749886685,21.73929627830281,22.01321792602539,13038100
2007-06-01,22.13149428641081,22.39918906844703,22.03811387686834,22.361835479736328,14813900
2007-06-04,22.268465868449635,22.561063184843732,22.18753424107646,22.22488784790039,9876800
2007-06-05,22.18752512411332,22.256005521072925,21.757969508852682,21.919830322265625,11627500
2007-06-06,21.84512598217674,22.14394759591123,21.757969975023734,21.81399917602539,13278400
2007-06-07,21.695723802076188,21.901165090289112,21.403128842108902,21.409353256225586,13972600
2007-06-08,21.801555824508764,22.51125770938742,21.78910462260269,22.392974853515625,26224500
2007-06-11,22.368058848069346,22.56727320777981,22.249776064123285,22.280902862548828,12985100
2007-06-12,21.701940774022074,22.199976796912885,21.614784766869064,21.81399917602539,20399400
2007-06-13,21.969642511021284,23.91198480033863,21.863808486938034,22.312042236328125,16654200
2007-06-14,22.343172775828247,22.90346505593961,22.343172775828247,22.803857803344727,13876700
2007-06-15,22.990618577654363,23.09645023291632,22.75405048818933,22.947040557861328,19275600
2007-06-18,23.021731239679504,23.364130773870276,22.909672864879248,23.345455169677734,13277200
2007-06-19,23.17737328365854,23.17737328365854,22.72291526336991,23.015512466430664,14947500
2007-06-20,23.164921897747806,23.18982429244891,22.81007108513779,22.878551483154297,14017200
2007-06-21,22.816309277114705,23.357923571090268,22.629543598315177,23.33302116394043,14719700
2007-06-22,23.3267971246021,23.420177590678932,23.003072950922295,23.102680206298828,12550100
2007-06-25,23.071551541222025,23.32679526116098,22.85988584360259,23.077775955200195,16027700
2007-06-26,23.121352833385288,23.158706439878234,22.834982308077983,23.059099197387695,10247900
2007-06-27,22.984395037309238,23.631843386907207,22.847436544958196,23.519784927368164,14245100
2007-06-28,23.507319961232074,23.631829551695354,23.413939549501798,23.494871139526367,11134900
2007-06-29,23.6131644194399,23.71899607464718,23.345469512378706,23.426401138305664,12834400
2007-07-02,23.476206921501944,23.75635307058924,23.476206921501944,23.69409942626953,7906900
2007-07-03,23.718992092841816,23.781248092651367,23.644287267893922,23.781248092651367,4367000
2007-07-05,23.718997924174218,23.762575947342807,23.50733222243072,23.731449127197266,9013600
2007-07-06,23.79369766125317,23.961785286979065,23.65051243374372,23.8684024810791,5864300
2007-07-09,23.818606158741673,24.111203504825585,23.7189989052614,23.812381744384766,9484600
2007-07-10,23.71277615154699,24.024049137324806,23.575815277860936,23.72522735595703,9760200
2007-07-11,23.66297133390682,23.781256588390015,23.413954370179216,23.72522735595703,9964600
2007-07-12,23.83728287035314,24.142329028756507,23.582039148601208,24.123653411865234,14294400
2007-07-13,24.217025544277583,24.447366758502156,24.086289159339728,24.09251594543457,14324000
2007-07-16,24.142333250928672,24.378901397161943,24.092530805567453,24.322872161865234,11104400
2007-07-17,24.31663543809748,24.671486290415807,24.15477222925064,24.391340255737305,11652200
2007-07-18,24.09252528757968,24.210808146193347,23.638067094181068,23.980466842651367,13953500
2007-07-19,24.20457764980998,24.210802061931116,23.75011957061833,23.9057559967041,12783200
2007-07-20,23.868401265074343,24.27305690359398,23.631833243717175,23.662960052490234,13823400
2007-07-23,23.82482422141464,24.148548270358603,23.619383000521527,23.768795013427734,18521000
2007-07-24,22.71670083420401,23.096451836651315,22.49880834528518,22.698022842407227,27074100
2007-07-25,23.096441448350873,23.152470648892184,22.772719817248927,22.903453826904297,16815000
2007-07-26,22.722923392142803,23.189832776912862,22.044348324617363,22.392974853515625,17791300
2007-07-27,22.411684913506484,22.4803179632048,21.90005975408595,21.918779373168945,15699000
2007-07-30,21.99365644773488,22.64878616377157,21.943740623978666,22.430410385131836,11901700
2007-07-31,22.586390916970586,23.079298903898938,21.875107178930776,21.95621681213379,18554300
2007-08-01,21.99365370632981,22.24322803376766,21.450832281287248,21.90630340576172,24418500
2007-08-02,21.80647287906579,21.80647287906579,21.3510017811542,21.725360870361328,20020100
2007-08-03,21.594335055928976,21.681685349901223,21.051513671875,21.051513671875,17095700
2007-08-06,21.07022804245637,21.46330669191571,21.057749090714537,21.219970703125,17196800
2007-08-07,21.0827069941982,21.525699070508196,20.80817481611125,21.219970703125,15761300
2007-08-08,20.901772222647587,21.41339750156867,20.727071604513775,21.045276641845703,28551600
2007-08-09,20.74577929322977,21.039028664425427,20.358941368329933,20.670907974243164,24953100
2007-08-10,20.46501856576007,21.095192741071003,20.40886445489194,20.645959854125977,17088400
2007-08-13,20.920481991375933,21.026551886000824,20.664669443313805,20.695865631103516,17889800
2007-08-14,20.78946439088937,20.932968812769236,20.55860965831024,20.564847946166992,20794900
2007-08-15,20.527415683765987,20.645962206833236,20.071942076978058,20.1655330657959,18649400
2007-08-16,20.053224667331023,20.514936558877487,19.841087157180112,20.296558380126953,21696600
2007-08-17,20.74578912010071,20.87057629759849,20.4026261670699,20.645959854125977,16633400
2007-08-20,20.71459429682963,21.145107588672722,20.62100331245967,20.883056640625,13305700
2007-08-21,21.026559002970433,21.18254237483206,20.964164226155365,21.014080047607422,13128900
2007-08-22,21.157583274593485,21.375959030875382,21.13886603265996,21.294849395751953,13444100
2007-08-23,21.463312547005856,21.475789122034563,21.082712745462523,21.307329177856445,12021700
2007-08-24,21.38220238904149,21.900065982014883,21.163824225161232,21.86886978149414,13310800
2007-08-27,21.806472271727422,21.825189511631365,21.400914619617467,21.500743865966797,9058500
2007-08-28,21.488266715763768,21.55066148754083,20.7520250696147,20.85185432434082,14205000
2007-08-29,21.026547920331872,21.519455686841752,20.96415317640372,21.394668579101562,12051800
2007-08-30,21.213731275187858,21.58809028682102,21.02031110377801,21.263647079467773,10972600
2007-08-31,21.519455271498884,21.613043815410606,20.982872384653838,21.36347198486328,12387500
2007-09-04,21.4445838948388,22.361766480888853,21.425866660059434,21.98116683959961,17250400
2007-09-05,21.8688659086071,22.14339813685316,21.72536150753171,22.087244033813477,13005800
2007-09-06,22.118436900362028,22.511515562488185,21.90005880801783,22.492795944213867,13316300
2007-09-07,22.168353336941447,22.212028485313407,21.613052981826172,22.02484893798828,14854800
2007-09-10,22.28066930615984,22.461610629682806,21.687931882964076,21.974943161010742,10247900
2007-09-11,22.19954928026018,22.561429378179167,22.056042518199927,22.28689956665039,13939000
2007-09-12,21.79399774018321,22.14340136335454,21.681689517739482,21.91254425048828,21759300
2007-09-13,21.943743792685943,21.9624634193564,21.613059742960964,21.775283813476562,15022800
2007-09-14,21.61305783379288,21.81271637977711,21.45707444598535,21.638015747070312,14086000
2007-09-17,21.525697219176298,21.669201581690164,21.500739317839155,21.575613021850586,10333500
2007-09-18,21.56313167119401,21.868857598138906,21.488257975516063,21.675439834594727,20511000
2007-09-19,21.80024012652192,22.11220694082307,21.719130468488515,21.974943161010742,14130400
2007-09-20,21.987414126917244,22.42416560408825,21.962456219616886,22.318098068237305,11911000
2007-09-21,22.829724835933916,23.147929845467583,22.3180996017082,22.84844207763672,19556600
2007-09-24,22.991945098130152,23.09177434805514,22.66126115402558,22.748611450195312,12640600
2007-09-25,22.692454911661795,22.842199960528333,22.53023329049679,22.611345291137695,13316200
2007-09-26,22.767325851495816,23.010659443646627,22.636298057162175,22.64877700805664,10488600
2007-09-27,22.742360951322603,23.14167773659987,22.729882004268216,22.954498291015625,10487900
2007-09-28,22.98571054998771,23.191607370146354,22.736136194522892,22.829727172851562,9408300
2007-10-01,22.917073702307217,23.191603543931873,22.80476549888871,22.966989517211914,9339500
2007-10-02,23.11673382870556,23.17288793436708,22.754853665644713,22.85468292236328,10784500
2007-10-03,22.723647348673442,22.835955521740726,22.36176730888052,22.530229568481445,10759700
2007-10-04,22.523987165277155,22.742365209442827,22.39296176684749,22.586381912231445,9789000
2007-10-05,22.80476505059794,22.929552205289585,22.611347221937052,22.798526763916016,8370700
2007-10-08,22.77355939649205,22.960738860713988,22.66749190614216,22.717405319213867,7273300
2007-10-09,22.811009929232807,22.929556439014,22.46160630760555,22.829727172851562,11032400
2007-10-10,22.817245188240484,22.910836154145624,22.51775742950803,22.704936981201172,10318100
2007-10-11,22.67997137271967,22.85467429108693,21.862620385803094,21.98116683959961,21851500
2007-10-12,22.105959187425285,22.305617672687543,21.974933752743844,22.08100128173828,9609300
2007-10-15,22.074771916470123,22.074771916470123,21.438359344958926,21.475793838500977,18860400
2007-10-16,21.388442867368866,21.70665033357185,21.29485425622276,21.469554901123047,15136300
2007-10-17,21.881344091856903,22.02484848787734,21.62553149371316,21.856386184692383,14108600
2007-10-18,21.793992250405662,21.831429108495936,21.226212993345904,21.463308334350586,16703700
2007-10-19,21.425875469308203,21.432113756760756,21.014079474037988,21.163822174072266,16270500
2007-10-22,20.97664440587882,21.550664485494913,20.964165449787433,21.3822021484375,21866800
2007-10-23,19.85356123786765,19.903475863875055,19.1797131917384,19.610227584838867,58654800
2007-10-24,19.522871219782708,19.703811236557467,19.160988806116823,19.67261505126953,19316600
2007-10-25,19.747489050731144,19.841078809348588,19.27953906758558,19.54783058166504,16423400
2007-10-26,19.778688542436647,19.99706427251115,19.622705198064303,19.791166305541992,19529700
2007-10-29,19.93513246146272,20.216789814249722,19.853763906298855,20.147939682006836,13387800
2007-10-30,20.04779328523939,20.435857205734802,20.03527486319326,20.129161834716797,10200900
2007-10-31,20.210521069193245,21.43729721255611,20.16044740408761,20.404550552368164,11736300
2007-11-01,20.17297468787899,20.285638096246807,20.003979575327264,20.09160614013672,11471800
2007-11-02,20.15419584847524,20.254340823135653,19.866278150959857,20.097864151000977,15045800
2007-11-05,20.07282773721902,20.404557525151617,19.80994687469042,20.141677856445312,14804400
2007-11-06,20.15420202995691,20.85521706758764,20.14168360582927,20.792627334594727,17108400
2007-11-07,20.429600089027442,20.636150504565506,20.141683498560976,20.198015213012695,17605000
2007-11-08,20.23556737156492,20.348228395488047,19.72232280844147,20.016498565673828,20261100
2007-11-09,19.559587533612742,20.32319459497137,19.559587533612742,19.885059356689453,17233800
2007-11-12,19.691024353138324,20.204267659884607,19.60965700682438,19.6472110748291,14914600
2007-11-13,19.772391384270392,20.003976178751255,19.640950365551834,19.93512725830078,14571100
2007-11-14,20.02901183501551,20.041530253929707,19.37181036170792,19.446918487548828,17895000
2007-11-15,19.409372197643034,19.615921417157036,19.190304554201486,19.33426284790039,15117000
2007-11-16,19.43440548702786,19.866281509399414,19.340519706639906,19.866281509399414,15222800
2007-11-19,19.778645141293367,19.860012458965183,19.22784676660674,19.346769332885742,12884600
2007-11-20,19.415629914887518,19.834987533594898,19.046344794212843,19.378074645996094,15822500
2007-11-21,19.2466321818774,19.490735427526833,18.833533830552646,19.17778205871582,16732000
2007-11-23,19.177774295619034,19.403101011974645,19.121442616530132,19.346769332885742,5629800
2007-11-26,19.384334322643003,19.5971427428444,19.015049193106613,19.03382682800293,10396200
2007-11-27,19.09641513016251,19.371814435073148,18.93993844229866,19.221595764160156,11474600
2007-11-28,19.45318277110867,20.191751772360124,19.434405137839477,19.960166931152344,15797600
2007-11-29,19.853755631713256,20.11663643437867,19.822460781276288,19.941383361816406,9951900
2007-11-30,20.14167392479665,20.204263627706016,19.622171511423314,19.759870529174805,13214300
2007-12-03,19.766129738230152,20.12915550668595,19.6409479447673,19.759870529174805,8786000
2007-12-04,19.622176150456035,20.0540521268018,19.515771959003377,19.841243743896484,10157100
2007-12-05,19.985204331501308,20.417079164305463,19.92261341268517,20.266862869262695,15144900
2007-12-06,20.260604945672274,20.335715490038073,20.047796511926354,20.198015213012695,11136800
2007-12-07,20.273126513507197,20.66118816899325,20.20427636431785,20.329458236694336,13252900
2007-12-10,20.348232599131208,20.523488157578257,20.12290811709137,20.44837760925293,15505000
2007-12-11,21.32463812228759,21.65636786326193,20.561031290081026,20.61110496520996,21772800
2007-12-12,20.84268994726062,21.274567042713453,20.69247369569428,20.886503219604492,15434300
2007-12-13,20.742543962833754,21.130605379200187,20.70499109561245,20.961612701416016,10686500
2007-12-14,20.780101715397546,21.12434990295383,20.780101715397546,20.83643341064453,9187800
2007-12-17,20.81140044593249,20.93658227952723,20.64240532872633,20.78636360168457,9686600
2007-12-18,20.967877141014693,21.074280147601044,20.54226033937952,20.78636360168457,10437300
2007-12-19,20.654917691905016,21.274566273225606,20.598586002694052,20.679954528808594,8099100
2007-12-20,20.786354417096877,20.9803862928167,20.65491462434014,20.936573028564453,8443100
2007-12-21,21.18068603000564,21.262054581864337,21.030467348700732,21.155649185180664,11979600
2007-12-24,21.1431333407904,21.437310334241058,21.1431333407904,21.355941772460938,4783800
2007-12-26,21.25579346238934,21.537451988090897,21.21198017924075,21.343420028686523,6109100
2007-12-27,21.343410725854152,21.380965975460317,20.992904613438558,21.05549430847168,6684900
2007-12-28,20.917797043584244,21.12434736387802,20.786357233021377,20.961612701416016,7299300
2007-12-31,20.886507962497156,21.168166482698187,20.767586537365524,20.90528678894043,6175700
2008-01-02,20.654923471391186,20.8051421472014,19.978944205534916,20.248083114624023,16982100
2008-01-03,20.191747598739425,20.248079293080828,19.716059592468795,19.803686141967773,15540900
2008-01-04,19.59713897021162,19.65347067023364,18.94619660547827,19.108932495117188,18535500
2008-01-07,19.190298914080444,19.29670309854663,18.789719016712336,19.083894729614258,13987000
2008-01-08,19.14647869530423,19.784903570634626,18.933670403527433,19.090147018432617,23463000
2008-01-09,19.00253048002261,19.159007177140523,18.64576380160536,19.077638626098633,16788900
2008-01-10,18.96497240339612,19.15274512841152,18.71460996386454,19.046340942382812,14883200
2008-01-11,18.908639879049066,18.952454348647088,18.601945754796276,18.714609146118164,15917400
2008-01-14,18.90238057886303,19.152742990447397,18.84604888702878,19.02756118774414,12608800
2008-01-15,18.78346516301665,19.0651225359897,18.483030154316353,18.601951599121094,17655400
2008-01-16,18.157554500755044,18.971232777612357,17.83834192308329,18.464248657226562,23419000
2008-01-17,18.514319860381804,18.858568062686366,18.263957422903733,18.332807540893555,17070700
2008-01-18,18.464240093116945,18.814747367394144,18.126250040411865,18.4392032623291,25799800
2008-01-22,17.56294069206238,18.395396509064387,17.525386626418847,18.138774871826172,24510800
2008-01-23,17.844597433967422,18.964969635009766,17.775747325463186,18.964969635009766,30201600
2008-01-24,19.115190350147632,19.23411175836417,18.670795991909177,19.040081024169922,21660800
2008-01-25,19.25288466127376,19.384324457185365,18.57690566873222,18.645755767822266,17958500
2008-01-28,18.63324316358924,18.97749137878418,18.407916364510477,18.97749137878418,11939300
2008-01-29,19.11564786765859,19.285200992624457,18.883295514523432,19.07168960571289,10918300
2008-01-30,18.95864655064946,19.618022637490718,18.94608670954694,19.373111724853516,15077700
2008-01-31,19.15332636046953,19.649429487032318,19.08424840670185,19.435916900634766,15432300
2008-02-01,19.39823468750431,19.83781964539466,19.153323718327695,19.793861389160156,13278900
2008-02-04,19.78129970751947,19.800139471772365,19.43591241395751,19.567787170410156,9163000
2008-02-05,18.85190356552064,19.203570979501595,18.676069259643555,18.676069259643555,15453900
2008-02-06,18.8016563563987,19.06540708997525,18.44370918892466,18.519065856933594,13565000
2008-02-07,18.24276243529344,18.63838928973222,17.853416703053966,18.343238830566406,21202700
2008-02-08,18.21135549015154,18.745136838900148,18.21135549015154,18.58814239501953,11750100
2008-02-11,18.619546612099604,19.14704820388736,18.52535015594599,18.939815521240234,11492300
2008-02-12,19.015171362927646,19.45475517703182,18.95237333297768,19.03400993347168,10865900
2008-02-13,19.247515709373097,19.467308137577643,19.09680120946002,19.373111724853516,14531700
2008-02-14,19.41707247723628,19.479870493082267,18.902130903289756,18.977487564086914,9848100
2008-02-15,18.90840845867105,19.01516471291922,18.770252601542612,18.92096710205078,9414300
2008-02-19,18.990046112673085,19.109362214872025,18.625819082914823,18.713735580444336,11758400
2008-02-20,18.575586351050674,19.140766225054783,18.52534816664526,19.03400993347168,10577000
2008-02-21,19.12193264306891,19.45476025241854,18.732585714023948,18.81422233581543,12647000
2008-02-22,18.93981458980166,19.203565372724572,18.5881472784954,18.946094512939453,13829600
2008-02-25,18.920974118112966,19.203564659960556,18.682343036598304,19.07796859741211,11767200
2008-02-26,19.02144994131458,19.800142343448996,19.02144994131458,19.56151008605957,17739700
2008-02-27,19.435914688243233,19.888058303267254,19.435914688243233,19.731063842773438,12677300
2008-02-28,19.555228415536927,20.132969240376447,19.241239513821704,19.47987174987793,9010500
2008-02-29,19.310325584294244,19.42964175254928,18.75770541166632,18.81422233581543,14705800
2008-03-03,18.82049813303284,18.971212692517163,18.61954538705374,18.795379638671875,11494700
2008-03-04,18.657218312707666,18.713736405832982,17.916205576412686,18.380908966064453,26459800
2008-03-05,18.343233888287944,18.87073542023109,18.343233888287944,18.682342529296875,14315700
2008-03-06,18.625821422074935,18.682339519805396,18.236475857456853,18.336952209472656,12655000
2008-03-07,18.230196653762437,18.946090989514918,18.217636809822622,18.399749755859375,17623300
2008-03-10,18.44998309808639,18.90840769955495,18.44998309808639,18.619537353515625,18363600
2008-03-11,18.14856258718913,18.70118385612653,17.376149993101173,18.060646057128906,36458100
2008-03-12,17.89737748292207,18.19880671095833,17.75294279420969,17.822019577026367,19354500
2008-03-13,17.67129399395164,18.349509934932634,17.60221725401279,18.223915100097656,20270600
2008-03-14,18.32438913959575,18.36834738614122,17.501738703148256,17.71525001525879,19791600
2008-03-17,17.325904977782983,18.23019320841204,17.27566680929095,18.010400772094727,19531300
2008-03-18,18.318115952986027,18.525348618433863,17.985287224575266,18.512788772583008,12732800
2008-03-19,18.311834470898606,18.3997509888233,17.639898346136523,17.65245819091797,17274600
2008-03-20,17.671300481730306,18.28043990640974,17.413829598353235,17.759218215942383,22544400
2008-03-24,17.815733868786733,18.493949965010753,17.708977575965694,18.25531768798828,13952200
2008-03-25,18.292995108804956,18.544187218905407,18.13600063887855,18.39347267150879,9945100
2008-03-26,18.330672876369178,18.613262176323165,18.054362300566776,18.17995834350586,9713900
2008-03-27,18.255317038659328,18.255317038659328,17.909929678873816,17.953887939453125,11258700
2008-03-28,18.05436298594148,18.46254834432997,17.746653986609463,17.796892166137695,12506600
2008-03-31,17.771772070480992,17.872248427236368,17.614777613329135,17.752933502197266,17441500
2008-04-01,17.884806324815372,18.462545912167926,17.872246482144714,18.412307739257812,14292600
2008-04-02,18.399752689065288,18.845617637825384,18.399752689065288,18.55046844482422,11678100
2008-04-03,18.475103521102326,19.09680128486317,18.399745671962055,18.92096710205078,14872800
2008-04-04,18.958650100981107,18.964930022708387,18.49394667311569,18.77025604248047,17797000
2008-04-07,18.826772174658412,19.008886292418282,18.663497820113434,18.877010345458984,12435500
2008-04-08,18.669787714090106,18.707467260647306,18.286721906276835,18.343238830566406,11971900
2008-04-09,18.318112272245077,18.581862993252326,18.318112272245077,18.537904739379883,10130600
2008-04-10,18.525351594066475,19.115651268372496,18.443714978468684,18.883298873901367,14081500
2008-04-11,18.80793586303881,18.8330543525629,18.437428859820724,18.475107192993164,9576600
2008-04-14,18.431153054511007,18.493951089005808,17.979008164366732,18.035526275634766,9153400
2008-04-15,18.16112234462437,18.16112234462437,17.652460540984947,18.035526275634766,11906600
2008-04-16,18.393474360450426,18.65094521894963,18.230199953001907,18.59442710876465,11731000
2008-04-17,18.17367563641141,19.15332054877579,17.765490356073958,18.079479217529297,17394300
2008-04-18,18.57558255204367,18.883291518316973,18.336951524365055,18.58814239501953,20450300
2008-04-21,18.776545083824818,19.253808586947848,18.569312357263666,19.209850311279297,24603700
2008-04-22,18.48138879639361,18.613263573382426,17.822011318131352,18.09832191467285,29711900
2008-04-23,18.192516782689218,18.7137383187454,18.054362095245484,18.249034881591797,20526300
2008-04-24,18.267873585770367,18.67605890030546,18.09203937742596,18.58814239501953,13255900
2008-04-25,18.62582063030893,18.720017056597968,18.286713256113885,18.56302261352539,9452400
2008-04-28,18.569330315356517,18.695352721765705,18.4307066297774,18.500019073486328,8155400
2008-04-29,18.437001429462338,18.859174781059863,18.437001429462338,18.689044952392578,11161500
2008-04-30,18.701648206931274,18.752056913614176,18.19125990153712,18.373991012573242,15252800
2008-05-01,18.424401499578806,18.89698362108529,18.37399278802499,18.651241302490234,19120600
2008-05-02,18.878079882915696,18.878079882915696,18.411799001093232,18.714252471923828,16996500
2008-05-05,18.581927709520226,18.79616502066465,18.254270504024234,18.44330406188965,14922500
2008-05-06,18.342487744864084,18.815069865104785,18.197561647926356,18.67644500732422,13026300
2008-05-07,18.68274951988914,18.966299322449764,18.531523359136372,18.6008358001709,12716300
2008-05-08,18.632337529628128,18.89698356495927,18.468508917105186,18.758359909057617,11843200
2008-05-09,18.525218818402763,18.90328475384741,18.43070263500122,18.7835636138916,11316300
2008-05-12,18.808767926198758,18.934789099138115,18.651240558645735,18.859176635742188,7299400
2008-05-13,18.871775901279186,18.997797052767524,18.76465726150307,18.827667236328125,8538900
2008-05-14,18.878081506130048,19.5270947740891,18.783565314172936,19.18683624267578,16959400
2008-05-15,19.16162846145948,19.82954414832726,19.155327222678658,19.76023292541504,20177100
2008-05-16,19.753929060446662,20.068983746572325,19.533390539791046,20.031177520751953,18492400
2008-05-19,20.30843839800809,20.743213291096943,20.283233429333286,20.49747085571289,24858500
2008-05-20,20.41555148030298,20.44075403686481,19.98077432904845,20.2706241607666,23526900
2008-05-21,20.270624920788016,20.57937968610054,20.163507441271413,20.24542236328125,26879500
2008-05-22,20.30843245882327,20.44705734231584,19.980775172908274,20.05638885498047,22770500
2008-05-23,19.999678297825756,20.15090445562437,19.7728384602085,20.005979537963867,23270900
2008-05-27,19.92406992256361,20.44075850005851,19.917768681127967,20.377748489379883,15737000
2008-05-28,20.491160128944852,20.57307503257909,20.28322285133721,20.472257614135742,17604200
2008-05-29,20.39034261192115,20.793612283744878,20.365137656512957,20.60457992553711,17996000
2008-05-30,20.636087506431725,20.768409933407245,20.43445264522794,20.465957641601562,18057300
2008-06-02,20.396642123077182,20.54156700742264,20.012276177719162,20.23911476135254,17485000
2008-06-03,20.232807158388553,20.31472202888258,19.766526486271133,19.892547607421875,21487900
2008-06-04,19.873650080652517,20.28952216816076,19.791735189630387,20.144596099853516,14158600
2008-06-05,20.18240737915039,20.2832248073159,19.89255757363419,20.18240737915039,20691900
2008-06-06,20.087893476822785,20.45965943802446,19.672021237847016,19.68462371826172,18626500
2008-06-09,19.785444309147586,19.90516548847801,19.319163276086677,19.741336822509766,18231400
2008-06-10,19.375866685234367,19.50188906310949,19.149026885794534,19.167930603027344,18654800
2008-06-11,19.149032310866268,19.18683975604303,18.739461269495116,18.752063751220703,15865400
2008-06-12,18.815066678348348,18.94738907272149,18.254268506729716,18.619731903076172,18289400
2008-06-13,18.707950423533987,19.142725090714297,18.619734280848263,19.01040267944336,13016300
2008-06-16,18.922186478529685,19.28134865873454,18.78986287423201,19.01670265197754,10877800
2008-06-17,19.07971583892296,19.1175220719054,18.82137104350574,18.865478515625,9948100
2008-06-18,18.808775167444804,18.83397893100057,18.373999129097978,18.512622833251953,12514700
2008-06-19,18.474806950208226,19.319153621080837,18.329882080300994,18.89698028564453,16827600
2008-06-20,18.789866934921502,18.896985608468775,18.342489723060805,18.52522087097168,13137200
2008-06-23,18.569324663668493,18.745755738575724,18.153452531665646,18.285776138305664,10482900
2008-06-24,18.229072534287656,18.714257257686967,18.229072534287656,18.292083740234375,14279900
2008-06-25,18.437003326325637,19.00410161172331,18.437003326325637,18.707950592041016,13702900
2008-06-26,18.380289768427374,18.462203455033237,17.932911505437527,18.090438842773438,16340200
2008-06-27,17.857297873540666,18.08413760886499,17.680866834750848,17.96441650390625,14090700
2008-06-30,17.95181921645183,17.95812045556914,17.649366949851903,17.74388313293457,16473700
2008-07-01,17.580050189820916,17.58635142738565,16.949940855405558,17.416221618652344,36933600
2008-07-02,17.51703785009914,17.61155520544103,17.088564540759425,17.138973236083984,18245800
2008-07-03,17.302800552206914,17.403619144447646,16.842821058265134,17.290199279785156,10075200
2008-07-07,17.33430991905194,17.75648326952958,17.06336268193129,17.28390121459961,13536600
2008-07-08,17.151578838837366,17.460332325881808,17.0129551921557,17.403623580932617,16118700
2008-07-09,17.43513077956172,17.47923825445961,16.8176237273142,16.84912872314453,21605500
2008-07-10,16.842826011060584,17.296505603119396,16.82392349595043,17.201988220214844,16310500
2008-07-11,16.975151458174516,17.62416351955868,16.937344020196708,17.328012466430664,16551900
2008-07-14,17.573753027733545,17.624161738103382,16.98145098134757,17.08856964111328,12375500
2008-07-15,16.949949818511413,17.359520862094264,16.685303710039005,17.063369750976562,21840100
2008-07-16,17.19569042431571,17.876208699262605,17.05076431249735,17.68087387084961,20297900
2008-07-17,18.096744389030505,18.462207850587244,17.661969699794064,18.35508918762207,23432800
2008-07-18,18.235367460759782,18.361388627177455,17.624160537107837,18.159753799438477,14912900
2008-07-21,18.1786544146589,18.210159400430207,17.78798610116863,17.970718383789062,15856900
2008-07-22,15.68342582643899,16.181212932317543,14.668950299785871,15.343167304992676,74086000
2008-07-23,15.443981062044054,15.784239502597119,15.343163657299572,15.765336990356445,34903600
2008-07-24,15.513297304359313,15.708630923994825,15.021811433641814,15.047015190124512,34817400
2008-07-25,15.141534794501242,15.26125475850525,15.07222235082827,15.122631072998047,31876800
2008-07-28,15.116336502981767,15.22345523509137,15.002916527590509,15.103734016418457,21383100
2008-07-29,15.24292885225189,15.489700662595535,15.097396820863246,15.369479179382324,15657300
2008-07-30,15.46439096105611,15.692179854961921,15.299876022368208,15.502355575561523,16116000
2008-07-31,15.451732661770581,15.74279666077649,15.28089011963767,15.426422119140625,13704400
2008-08-01,15.363150448475299,15.70483437640204,15.16699733470198,15.274564743041992,15614800
2008-08-04,15.274566642099948,15.451736868120523,15.204965044666467,15.28089427947998,11387500
2008-08-05,15.350494024981343,15.818728235940396,15.350494024981343,15.780763626098633,12548400
2008-08-06,15.761780920915768,15.894658867384566,15.356821859055056,15.825056076049805,16165600
2008-08-07,15.692178316516253,16.362893279304544,15.56562921161385,15.882003784179688,17162400
2008-08-08,15.938952835976984,16.413514740444604,15.818730148920654,16.286964416503906,12847400
2008-08-11,16.236342656488333,16.71723214240076,16.230015020333447,16.540061950683594,14247500
2008-08-12,16.489449226538795,16.894409668136046,16.489449226538795,16.7045841217041,14123800
2008-08-13,16.736221796025035,17.020958296512323,16.38820890848678,16.546396255493164,10186300
2008-08-14,16.42616974448818,16.67927040680951,16.160416221422906,16.30594825744629,16875700
2008-08-15,16.356563721628103,16.356563721628103,15.698504108694069,16.147756576538086,18504000
2008-08-18,16.15408459086814,16.30594422659701,15.850364112537294,15.970586776733398,11881700
2008-08-19,15.894662361025821,15.93895461729311,15.635234047266698,15.698509216308594,9418200
2008-08-20,15.711169380803218,15.742806371732856,15.331519455278354,15.4390869140625,17215600
2008-08-21,15.306210114294887,15.571964941655226,15.280899556034928,15.432759284973145,10530300
2008-08-22,15.477046360590018,15.622579607992677,15.445409380257036,15.597269058227539,6417500
2008-08-25,15.502354246250633,15.64155862541607,15.356822230731325,15.388459205627441,8232600
2008-08-26,15.312531684613372,15.432753168075877,15.204964268391459,15.344168663024902,12253700
2008-08-27,15.331513561578609,15.496028506292781,15.223946144145241,15.40744400024414,8240800
2008-08-28,15.48970065678619,15.660543236286191,15.363151536576583,15.622578620910645,7915600
2008-08-29,15.565628815464624,15.622576333627004,15.394786260977487,15.508681297302246,12459000
2008-09-02,15.91996484040226,15.91996484040226,15.103719253005279,15.45805835723877,19803700
2008-09-03,15.394788795075227,15.527666761617883,14.711419671512177,14.863279342651367,22326500
2008-09-04,14.692436236653812,14.913898701753498,14.135617462312329,14.173582077026367,19908700
2008-09-05,13.831901445013973,14.451995530370619,13.800263252777226,14.325445175170898,23255700
2008-09-08,14.540574628544524,14.679780208689344,13.901497866340454,14.160924911499023,18686100
2008-09-09,13.844548779431085,14.066011189848624,13.597777034411193,13.736981391906738,22380300
2008-09-10,14.363411124951547,14.38872047207717,13.768626381578912,13.825573921203613,21295600
2008-09-11,13.705346294370992,14.059685475325333,13.635743502677508,14.040703773498535,15838200
2008-09-12,13.964774324274325,14.097652280740533,13.699019618215202,14.01539421081543,11616400
2008-09-15,13.69269423692284,14.14194685998767,13.680040168358225,13.863536834716797,17625700
2008-09-16,13.72433289129109,14.439339081580895,13.648402442959036,14.293807029724121,30285300
2008-09-17,14.23052784795544,14.39504276726323,13.952117891675085,13.977428436279297,25710900
2008-09-18,14.211552128246934,14.679787785290731,13.540838046314114,14.395050048828125,26142800
2008-09-19,15.021465857050062,16.00855427072304,14.54057632042135,14.932881355285645,23381700
2008-09-22,14.875939820197633,14.932887367652835,14.160932260759562,14.369739532470703,16606600
2008-09-23,14.369736920879248,14.534251893975608,13.876193208463755,13.939468383789062,15847400
2008-09-24,13.983757964799294,14.160926973511607,13.882518186428442,13.99008560180664,11579200
2008-09-25,13.926807086934764,14.534245610971702,13.926807086934764,14.357076644897461,16248000
2008-09-26,14.02173235820035,14.736740149296644,14.02173235820035,14.717757225036621,15527500
2008-09-29,14.521595692564363,14.54690503485479,13.47755847015083,13.61043643951416,23202800
2008-09-30,13.920487337334212,13.920487337334212,13.521855730971364,13.60411262512207,20644800
2008-10-01,13.502870354003173,13.7686251121249,13.34468302671342,13.692694664001465,17970900
2008-10-02,13.572474868331172,13.572474868331172,13.021982369220222,13.072602272033691,22349700
2008-10-03,13.249770566711328,13.673712642363876,13.059945054209193,13.325699806213379,21456800
2008-10-06,13.040964352279794,13.344683747429672,12.4398519933646,13.059946060180664,30513400
2008-10-07,13.2307839469823,13.369988318322262,12.319624880091467,12.338607788085938,26658500
2008-10-08,12.098166091645735,12.863792098557376,11.971615759935897,12.237370491027832,34664300
2008-10-09,12.433518420774845,12.680291367567495,11.718512535095215,11.718512535095215,25306700
2008-10-10,11.187007389856705,12.74989766669389,10.902269732981717,12.123476028442383,41776900
2008-10-13,12.680295366628924,12.90808427267351,12.053872556104464,12.781535148620605,22068100
2008-10-14,13.19915050606904,13.19915050606904,11.591966738636085,11.927324295043945,27264800
2008-10-15,11.655242489870224,11.933652527811208,10.902270463264935,10.978200912475586,21511400
2008-10-16,10.984526484691143,11.212315375737159,10.282174487355404,11.155367851257324,28675200
2008-10-17,11.028819662061457,11.579310835781857,10.794701907657013,11.168024063110352,18348000
2008-10-20,11.199658284452402,11.408465415531271,11.111072599810493,11.376827239990234,20818000
2008-10-21,10.155625052312846,10.92125227785745,10.0290759255327,10.661825180053711,36651900
2008-10-22,10.573239107867495,10.933907184578603,10.123987731577948,10.30115795135498,25830700
2008-10-23,10.294827569067959,10.927576633568169,10.225224785773555,10.807353973388672,31129300
2008-10-24,10.04173164928079,11.09209602875815,9.870889646441753,10.725101470947266,24947100
2008-10-27,10.566915695161816,11.408472367396351,10.490985234467347,11.174354553222656,28860900
2008-10-28,11.43377637001072,12.325952529907227,11.00350677663901,12.325952529907227,27031600
2008-10-29,12.179599178840009,12.217780615630428,11.505076240665566,11.536892890930176,25164900
2008-10-30,11.912329871587188,12.275046076794116,11.708700487859916,12.173230171203613,23070900
2008-10-31,12.007786654626386,12.637765749009873,11.931425000582639,12.44686222076416,17201900
2008-11-03,12.49140464380139,12.586857004323441,11.931423692538223,12.033238410949707,14420300
2008-11-04,12.332323015230907,12.351413736304833,11.988698531993274,12.147784233093262,17137600
2008-11-05,11.982328293471493,12.071415848142234,11.606886150606366,11.632340431213379,16273700
2008-11-06,11.562346180370257,11.899608227101035,10.824188791892627,10.906912803649902,20715600
2008-11-07,11.002363985906122,11.167811991560303,10.72873647745724,10.957818984985352,22507400
2008-11-10,11.12963134377671,11.17417512924073,10.658737990157315,10.766916275024414,12280100
2008-11-11,10.658740888429246,11.059636280342028,10.576016866320325,10.747828483581543,17077600
2008-11-12,10.620557413868294,10.786006621183994,10.391473709319312,10.410564422607422,14610500
2008-11-13,10.391470743789245,11.104174724700957,10.047845891893378,11.065993309020996,20927000
2008-11-14,10.887823741987471,10.906913245775188,10.226026766193286,10.251481056213379,16729200
2008-11-17,10.156028564732036,10.429655487427969,10.066940376607992,10.124211311340332,14264500
2008-11-18,10.270568114762778,10.353293323905337,9.748767430855796,10.073302268981934,16724100
2008-11-19,10.175122276343846,10.232393231351956,9.309696197509766,9.309696197509766,16386900
2008-11-20,9.20787319125165,9.729673679673953,8.889702043313505,8.92151927947998,22951600
2008-11-21,9.106060042961694,9.341506658963972,8.673347015247554,9.335143089294434,23327900
2008-11-24,9.335147131874354,9.869675078324498,9.214241683248709,9.710589408874512,17628700
2008-11-25,9.786949141774546,9.926944681993437,9.150606549515057,9.277874946594238,18984900
2008-11-26,9.106059498058539,9.914213984964716,8.997881247603349,9.876033782958984,15029200
2008-11-28,9.793310939656902,10.111482178161971,9.767857264851035,9.907852172851562,5333300
2008-12-01,9.704222799690958,9.723312904129232,8.91515827178955,8.91515827178955,15318700
2008-12-02,9.055153411492538,9.347870983432715,8.806980226864306,9.316054344177246,17494600
2008-12-03,9.03606590338655,9.729679519286682,9.03606590338655,9.710589408874512,17477600
2008-12-04,9.551500144164319,9.691495043643279,9.118787091940595,9.20787525177002,16746600
2008-12-05,8.915160542724234,9.32241944441925,8.514264606220477,9.265149116516113,19828900
2008-12-08,9.475142658935129,9.697862231295268,9.29060330727048,9.430598258972168,18263300
2008-12-09,9.150605543160763,10.27056792115126,9.09969818992772,9.895126342773438,34561000
2008-12-10,9.786946017130965,10.416925443552884,9.672404192897272,10.009665489196777,17628800
2008-12-11,9.958763022476573,10.066941330136707,9.487869569640516,9.634228706359863,15936700
2008-12-12,9.424232918283458,9.97785083375148,9.26514728946402,9.92057991027832,16684700
2008-12-15,9.920582161449808,10.124211618349817,9.583320721743256,9.844221115112305,11404600
2008-12-16,9.94603271588178,10.423288953694815,9.77421996050378,10.366019248962402,17939700
2008-12-17,10.149662809042526,10.499651307326097,9.952396972809051,10.34056568145752,14059600
2008-12-18,10.124207478406612,10.1814783914567,9.475138546520217,9.583316802978516,16590700
2008-12-19,9.615137511579297,9.799676861342776,9.513322781622021,9.596047401428223,16725900
2008-12-22,9.519682255584579,9.583316737844042,9.144240145353217,9.360596656799316,8122500
2008-12-23,9.494227472717581,9.506954003561745,9.004243594519044,9.074241638183594,9444400
2008-12-24,9.22696666951119,9.22696666951119,9.055153895405109,9.195149421691895,3520200
2008-12-26,9.20151296241145,9.20151296241145,9.042427330700923,9.131515502929688,3387400
2008-12-29,9.106060042961694,9.354233191439645,9.067879231807867,9.335143089294434,10322400
2008-12-30,9.360599538177429,9.685134405244844,9.27787492852121,9.646953582763672,14589800
2008-12-31,9.634223611756994,10.003302134417039,9.570589132596282,9.876033782958984,13453400
2009-01-02,9.863308452978627,10.289657963688718,9.799673962149502,10.206933975219727,15194500
2009-01-05,10.11784468776297,10.213295812286537,9.914215298452188,10.092391014099121,11656300
2009-01-06,10.156026190545706,10.6269200955615,10.098755269201657,10.46783447265625,14433000
2009-01-07,10.181480917882764,10.187844489103693,9.793312176359363,9.914216995239258,13510100
2009-01-08,9.876035994414913,9.926943346397382,9.487866676969212,9.723313331604004,11072500
2009-01-09,9.71695320050165,9.793314250736609,9.309693659051513,9.519686698913574,14448900
2009-01-12,9.430595314250018,9.602408074321849,9.26514673145843,9.373324394226074,13139200
2009-01-13,9.271512235572976,9.66604460656931,9.239695588497764,9.44332504272461,13456700
2009-01-14,9.322418147422619,9.34150886093127,8.883342053403949,8.972430229187012,15888500
2009-01-15,8.927889268135058,9.360602564104719,8.845164631737108,9.252424240112305,17708800
2009-01-16,9.417873374377336,9.583322644739587,9.118792094393848,9.557868957519531,21501200
2009-01-20,9.46877898583345,9.60241097057386,9.12515396891006,9.169697761535645,25107600
2009-01-21,9.271512081707373,9.366963841939867,8.857889607957464,9.265149116516113,14159300
2009-01-22,8.959702681330432,9.290601084807973,8.857887974679965,9.13787841796875,16011200
2009-01-23,9.004244861355282,9.74876552981939,8.857886398307448,9.538772583007812,18915200
2009-01-26,9.392417250883579,9.806039712637022,9.195150770948734,9.398780822753906,20003300
2009-01-27,9.990577171748342,10.105119016439044,9.634225710053828,9.742403984069824,27095100
2009-01-28,9.909047634187562,10.082103128406636,9.716763276301272,9.973142623901367,15213200
2009-01-29,9.941099582017648,9.941099582017648,9.492436286814089,9.582168579101562,12144800
2009-01-30,9.748815138000296,9.774453023118916,9.300151842796737,9.582168579101562,22446700
2009-02-02,9.498843647184392,10.191067036219797,9.396292124550301,10.05646800994873,25470700
2009-02-03,10.159019437524584,10.415398226284882,9.909049660041857,10.267980575561523,19034200
2009-02-04,10.203886888983918,10.973024576989449,10.203886888983918,10.54358959197998,25157200
2009-02-05,10.383353866110019,10.979434236775537,10.325668471769678,10.793560028076172,24018600
2009-02-06,10.793558329278138,11.24222216519652,10.723053697845382,11.139669418334961,19352100
2009-02-09,11.120442281938647,11.222993810995998,10.92174884720386,11.088394165039062,18485500
2009-02-10,10.960207740243556,11.210176993679777,10.492316134705172,10.588458061218262,21405200
2009-02-11,10.614092940797628,10.761511832171005,10.17183932295411,10.402580261230469,19878400
2009-02-12,10.229524644260572,10.614092872237093,10.088515988374855,10.505131721496582,23169700
2009-02-13,10.575637256964974,11.101214185648786,10.56922763313825,10.86406421661377,28325400
2009-02-17,10.51154067786118,10.575635684085022,10.075696713807027,10.107744216918945,22021200
2009-02-18,10.191066360471567,10.351303256776184,9.915459314481195,10.159019470214844,16093900
2009-02-19,10.223115323913284,10.24875320653809,9.486025740008584,9.588577270507812,22447500
2009-02-20,9.434754140614842,9.83214180239102,9.293745418289229,9.639857292175293,23155500
2009-02-23,9.748814725395404,9.793680869640244,9.357836841070181,9.415521621704102,17635500
2009-02-24,9.460389583881895,9.896233668044097,9.447570334602341,9.800091743469238,17631900
2009-02-25,9.735997126945438,10.075699912001708,9.524484395026503,9.844958305358887,19345600
2009-02-26,9.91546088084542,10.191067970373968,9.312969713260442,9.383474349975586,26612300
2009-02-27,9.287329768645701,9.447566654693786,9.082226750105821,9.19759750366211,18487200
2009-03-02,9.037365140645209,9.31938193228164,8.780985627902025,8.825852394104004,17135600
2009-03-03,8.915582779554134,9.345017805293375,8.813031241094983,9.101457595825195,27213900
2009-03-04,9.229644293795616,9.691126691861959,9.16554990681056,9.518071174621582,25781000
2009-03-05,9.319383127465233,9.819322355109682,9.236059820981893,9.550124168395996,24419200
2009-03-06,9.639853608909533,9.819318797953557,9.075819546372946,9.428340911865234,25806900
2009-03-09,9.332198957036647,9.729586465184097,9.319379709392194,9.415521621704102,19836600
2009-03-10,9.614215593732302,10.120564257218655,9.498844811005798,10.037240982055664,25254300
2009-03-11,10.082107844644522,10.19106901137509,9.844957249776645,10.069289207458496,18154900
2009-03-12,10.050060335119369,10.242344160008905,9.8321380149055,10.216706275939941,16567300
2009-03-13,10.26797991101026,10.447444440272141,10.139789913671413,10.389759063720703,17751600
2009-03-16,10.447447867649712,10.562818658600998,10.02442306042429,10.069289207458496,13918600
2009-03-17,10.101335360251268,10.54999799282895,9.979554961439751,10.54358959197998,16366900
2009-03-18,10.498723774610706,10.960206944380957,10.43462997659669,10.819197654724121,20669000
2009-03-19,10.90251887290034,11.005070391571682,10.524359689358318,10.639730453491211,13561200
2009-03-20,10.639731356688857,10.6845974971024,10.024421581172424,10.114153861999512,21513200
2009-03-23,10.447444863664122,10.902518272399902,10.19106608110687,10.902518272399902,18965800
2009-03-24,10.825605976133607,10.953796001755252,10.575636770933151,10.671778678894043,12410100
2009-03-25,10.723055082859366,10.992253174678508,10.332077804213318,10.530771255493164,14638800
2009-03-26,10.684598712987343,11.158899886707424,10.58204717394034,11.126852989196777,18412900
2009-03-27,11.011483756251591,11.29990954208684,10.889703328004202,10.973027229309082,13932000
2009-03-30,10.735874309094324,10.844835470385563,10.42821969692286,10.524361610412598,9464600
2009-03-31,10.665371092952862,10.7743322687948,10.485906489809144,10.582048416137695,13422900
2009-04-01,10.402580304695023,10.60127496096001,10.255162635216346,10.415399551391602,25568200
2009-04-02,10.325667593247932,10.825606004981047,10.293619475501776,10.556407928466797,27660800
2009-04-03,10.588458645048469,10.883294065613477,10.415402434276317,10.870474815368652,21634200
2009-04-06,10.74869499227895,10.755104617035641,10.402582590483057,10.582048416137695,19203300
2009-04-07,10.453857526069399,10.75510375287455,10.31925908452645,10.485905647277832,12218100
2009-04-08,10.697421532116005,10.889705426391572,10.415404094335482,10.761516571044922,18854700
2009-04-09,10.96020591510281,11.139670488705786,10.864064004599685,11.049938201904297,16652300
2009-04-13,10.985843721648937,11.075577235324955,10.735874497682465,11.005072593688965,11580800
2009-04-14,10.876884348884184,11.280682170618356,10.857656696189878,11.107625961303711,17589000
2009-04-15,10.74869100286555,11.017889030178281,10.620501000331691,10.902518272399902,16308700
2009-04-16,11.152486220287097,11.453732326742614,11.056344340092705,11.408864974975586,20099800
2009-04-17,11.408870624852243,11.613974952684696,11.190948269820398,11.517831802368164,18948200
2009-04-20,11.370414456056983,11.402462581341354,10.947388982391091,11.101216316223145,26619100
2009-04-21,11.312723852232928,11.440913849415395,10.646139045411182,10.966612815856934,44089800
2009-04-22,10.85124871686624,11.710119046119841,10.723058641077786,11.31273078918457,30991300
2009-04-23,11.402456751885882,11.402456751885882,10.767917643281375,11.114029884338379,20384200
2009-04-24,11.210173904736768,11.537057342817878,11.017890104694038,11.460143089294434,16676400
2009-04-27,11.299908723828992,11.549879187131621,11.030710609702908,11.197357177734375,19288000
2009-04-28,11.068356004915533,11.25540923354899,10.939353693426442,10.965154647827148,12316600
2009-04-29,11.061906674672297,11.40376196701004,10.971605787369139,11.210258483886719,11803800
2009-04-30,11.326359248208707,11.977818575145239,11.287659047375437,11.648863792419434,18908600
2009-05-01,11.661761040241716,11.687561987157602,11.31990587514739,11.577910423278809,16325400
2009-05-04,11.648860894673012,12.035866497506614,11.590809992735126,11.842364311218262,16309000
2009-05-05,11.823018925810912,11.823018925810912,11.442463388478012,11.519865036010742,17431400
2009-05-06,11.577909644178403,12.016514639922121,11.384406246101065,11.810111999511719,23624200
2009-05-07,11.9907174329323,11.9907174329323,11.158655230708,11.339258193969727,21294200
2009-05-08,11.384408561842415,11.468260420476222,10.855501380639748,11.158655166625977,19658400
2009-05-11,11.081252846381474,11.30055596580573,10.855499490473353,11.132853507995605,15177300
2009-05-12,10.81679907972636,11.216703891460444,10.687796813211424,10.855499267578125,15468700
2009-05-13,10.803898941360034,11.113502914268713,10.790998468257966,11.01030158996582,18937000
2009-05-14,11.061903163818021,11.377957399326316,10.997402023248448,11.313457489013672,19577100
2009-05-15,11.307007731604417,11.48115921919623,11.158654732923786,11.37150764465332,20495700
2009-05-18,11.468263422586842,11.565014551504671,11.300560891675843,11.545663833618164,12261400
2009-05-19,11.474712150986774,11.810115938388213,11.365060557915958,11.661764144897461,14973700
2009-05-20,11.958466149248451,12.190668527406286,11.81656339732527,11.8681640625,21075000
2009-05-21,11.739163352921967,11.82946421201528,11.307007308285927,11.584360122680664,14786400
2009-05-22,11.610165982633024,12.100373138419537,11.58436502325915,11.932670593261719,17773200
2009-05-26,11.83591522427952,12.255170822143555,11.752063366552504,12.255170822143555,19727200
2009-05-27,11.803663235290673,12.577674463615967,11.803663235290673,12.242269515991211,17422300
2009-05-28,12.2809723702766,12.448673633382297,11.990717818253131,12.42932415008545,13523900
2009-05-29,12.448671014969161,12.564772811358072,12.171318227242871,12.513172149658203,17612700
2009-06-01,12.58412729021285,13.254936093241044,12.5776770517862,13.13238525390625,21789900
2009-06-02,13.003383319665872,13.229136750059096,12.816331320945011,12.958232879638672,16115500
2009-06-03,12.674425037915269,12.945328833653075,12.622824373501253,12.932428359985352,15783800
2009-06-04,12.971131986680286,13.158183965642245,12.738928342203423,12.951781272888184,16149900
2009-06-05,13.035627143294683,13.177529865415982,12.609921437444072,12.69377326965332,21577100
2009-06-08,12.719576054327906,12.893728766133664,12.532524098514155,12.751827239990234,14095400
2009-06-09,13.648390121145932,13.719341503682257,13.274284956398342,13.558089256286621,45900900
2009-06-10,13.629037856455815,13.674189514000496,13.22268278060867,13.519386291503906,21526300
2009-06-11,13.4871298137115,13.738682775635969,13.351678597369485,13.44197940826416,17724100
2009-06-12,13.396841875606945,13.422641604828954,13.029186814826726,13.40974235534668,15721600
2009-06-15,13.3516915963929,13.693545702036504,13.254939227373224,13.629044532775879,22468900
2009-06-16,13.719337094117732,13.719337094117732,13.332331578705162,13.371031761169434,18978400
2009-06-17,13.635490063962044,14.009595240174358,13.435537615535733,13.809642791748047,31802600
2009-06-18,13.803193726834172,13.880595355845745,13.596791023146187,13.75804328918457,20650400
2009-06-19,13.899941532335623,14.022493569830434,13.654838687602862,13.970892906188965,19844500
2009-06-22,13.8225407202696,14.093444503490138,13.448435612989508,13.525835990905762,17365100
2009-06-23,13.416184262879334,13.577436483492098,13.229132326702068,13.293633460998535,32446400
2009-06-24,13.396836307459244,13.732241259742711,13.351685877393576,13.53228759765625,19656700
2009-06-25,13.519386463573655,13.8289916822505,13.474236035711188,13.770940780639648,15680700
2009-06-26,13.641936297840177,14.03539207174803,13.635486062008951,13.835439682006836,14728500
2009-06-29,13.783850648241339,13.964452482773435,13.680648018177346,13.738698959350586,17545000
2009-06-30,13.758049683160909,14.016053182676568,13.029189643246953,13.738698959350586,16175700
2009-07-01,13.783839160283067,14.125693050881068,13.783839160283067,13.932190895080566,13218800
2009-07-02,13.758049683160909,13.880601806777495,13.687098259447454,13.738698959350586,11393200
2009-07-06,13.699984172893647,13.906386753009672,13.538732003395948,13.80318546295166,12281700
2009-07-07,13.732246120192505,14.016049275414906,13.325889645260043,13.396841049194336,14751600
2009-07-08,13.390383693769262,13.435534115821717,12.971128192952113,13.171080589294434,20795600
2009-07-09,13.216233759465423,13.454887621697267,13.151732615868411,13.18398380279541,18404900
2009-07-10,13.15172922683478,13.416182740204926,13.11947927847517,13.190430641174316,13790300
2009-07-13,13.267834730599587,13.480687648139693,13.016281618122285,13.448437690734863,15331300
2009-07-14,13.519384776786458,13.654837273730601,13.39683398223787,13.609686851501465,12566500
2009-07-15,13.945096873313473,14.151499582403872,13.874145480717202,14.119248390197754,15115000
2009-07-16,13.964449144920316,14.480457250870503,13.964449144920316,14.409505844116211,20689600
2009-07-17,14.467554316925538,14.873909508811339,14.254701363031598,14.841659545898438,22853500
2009-07-20,14.957754921785334,15.241557917588176,14.815852193627217,15.228658676147461,35335500
2009-07-21,14.938411524120491,15.015813161923552,14.519155830851929,14.88036060333252,32683200
2009-07-22,14.893261355766763,15.15771500855934,14.757808794679873,15.035162925720215,15158700
2009-07-23,15.028712572034276,15.43506902194002,14.828760081747417,15.364117622375488,18386800
2009-07-24,15.17705405126493,15.564058258943536,15.080301769088905,15.53825855255127,15080100
2009-07-27,15.531821896102578,15.589872824052998,15.267368215553976,15.486671447753906,15887400
2009-07-28,15.396361498399823,15.63501407942347,15.260909002738876,15.602764129638672,16723000
2009-07-29,15.518540452910804,15.699967268980387,15.30471510834487,15.641651153564453,24475400
2009-07-30,15.797158973350669,16.08225981929544,15.61573217346731,15.6481294631958,21394700
2009-07-31,15.628687123648765,15.848990855512268,15.512054936506479,15.583329200744629,14897300
2009-08-03,15.758275696903617,15.80363237879428,15.544450456649857,15.790674209594727,14225400
2009-08-04,15.667568233679166,16.030423061335977,15.641649413765002,15.939709663391113,13172800
2009-08-05,15.933222837533409,16.036895599101904,15.674040933612174,15.797151565551758,10828400
2009-08-06,15.842507930263364,16.030414328769645,15.641640892982952,15.74531364440918,13642200
2009-08-07,15.913783438658056,16.036895304210628,15.609244861635153,15.615724563598633,12709800
2009-08-10,15.531494718443184,15.648126919913388,15.220476338440763,15.324149131774902,12116000
2009-08-11,15.29822722926241,15.479653948401149,15.188074762980962,15.317665100097656,11653800
2009-08-12,15.28527332816888,15.596291732281664,15.239916632053758,15.473179817199707,12617900
2009-08-13,15.667564928673611,15.913787486531803,15.518535453236362,15.900829315185547,11041100
2009-08-14,15.75827153417377,15.842506409042148,15.343580568288113,15.525007247924805,11587100
2009-08-17,15.226958100927998,15.337110613220869,15.077928594848627,15.123285293579102,9532600
2009-08-18,15.175111973356174,15.505569298484579,15.129755303689315,15.447253227233887,8767000
2009-08-19,15.23343194301215,15.589806926632,15.17511585683772,15.537970542907715,8315200
2009-08-20,15.531491134112628,15.661082713811973,15.44725747242188,15.62220573425293,9749300
2009-08-21,15.661085225061937,15.93322659736683,15.486136935177985,15.900829315185547,10667300
2009-08-24,15.95914273355916,16.121131601579307,15.648124403570952,15.680522918701172,10795500
2009-08-25,15.712917910231157,15.881386456749162,15.609245148662664,15.797151565551758,9912400
2009-08-26,15.836024646884345,15.93969737486097,15.719392518941543,15.848982810974121,9872000
2009-08-27,15.86842691412436,15.913783592430216,15.58980590638633,15.887866020202637,8186500
2009-08-28,16.101689415642344,16.41270766232628,16.062812443776014,16.179443359375,12029000
2009-08-31,16.082257023307786,16.13409341938776,15.784198054817216,15.9332275390625,9799100
2009-09-01,15.91379233009631,16.296086308401513,15.687007578171235,15.751803398132324,15366500
2009-09-02,15.686993503737263,15.823064727159645,15.583320779166097,15.60923957824707,11119600
2009-09-03,15.674047065813772,15.784199572560173,15.557414854449666,15.758280754089355,10019700
2009-09-04,15.758265628035884,16.127599785587336,15.758265628035884,16.10816192626953,9874600
2009-09-08,16.114649918527796,16.270159052487887,15.952661082834771,16.237760543823242,14021800
2009-09-09,16.218322311901943,16.38031114397332,16.043374076654445,16.289596557617188,12821800
2009-09-10,16.29607610780513,16.425667666608934,16.101690005476122,16.198883056640625,20192300
2009-09-11,16.16649159800427,16.1859294737006,15.745319498385735,15.803635597229004,20994700
2009-09-14,15.706443530101273,16.114656248487737,15.706443530101273,16.043380737304688,13744800
2009-09-15,16.127610653806176,16.19888614833949,15.965621792322782,16.088733673095703,11989800
2009-09-16,16.121137725240832,16.121137725240832,15.550937237003449,15.635170936584473,16204900
2009-09-17,15.615729650012875,15.680525454876435,15.291751861572264,15.291751861572266,19475700
2009-09-18,15.414858595234266,15.68699865977389,15.304706134687708,15.589805603027344,18163700
2009-09-21,15.52501539007448,15.699963696513466,15.427822298456336,15.531495094299316,11203400
2009-09-22,15.680523703516238,15.680523703516238,15.272311043583182,15.39542293548584,16118700
2009-09-23,15.479656420146382,15.907306949083411,15.460218546207354,15.583329200744629,16874100
2009-09-24,15.602766721233479,15.648123403640467,15.201033810428767,15.272309303283691,13610000
2009-09-25,15.175111688958427,15.395416568248617,15.000163478485065,15.129755020141602,13594800
2009-09-28,15.226954047176847,15.667563979048243,15.175117657302389,15.492615699768066,11428300
2009-09-29,15.525021152173665,15.79068418048379,15.239921475729554,15.259359359741211,15327100
2009-09-30,15.337112495564982,15.628693074443166,15.207520852535234,15.350071907043457,18646900
2009-10-01,15.239914129924058,15.382463899435562,14.643795001975008,14.676192283630371,22199300
2009-10-02,14.54660362852587,14.753949221562173,14.423491719206607,14.572521209716797,20423400
2009-10-05,14.637307683897562,14.857612545003592,14.572511918417595,14.643787384033203,18528800
2009-10-06,14.805786436865157,15.058488737838648,14.766909444994765,14.967775344848633,16976100
2009-10-07,14.89649701424198,14.974252219163407,14.689151448954249,14.786344528198242,14012800
2009-10-08,14.857618281707495,14.857618281707495,14.423488092008224,14.59843635559082,21887000
2009-10-09,14.566036942839599,15.324144802335017,14.566036942839599,15.317665100097656,20651300
2009-10-12,15.363017245939151,15.751790614307863,15.28526331379129,15.421333312988281,17958600
2009-10-13,15.492615886616544,15.563891387007423,15.201035417632982,15.304709434509277,14914000
2009-10-14,15.563891387007423,15.596288667615804,15.129761153119139,15.304709434509277,22533500
2009-10-15,15.155682459530565,15.20103915789326,14.987213839985314,15.064969062805176,16662800
2009-10-16,14.980731858979498,14.980731858979498,14.604917714521315,14.740987777709961,23914600
2009-10-19,14.902971182006306,15.259346085486253,14.831695706959678,15.239908218383789,36034900
2009-10-20,15.622201115871402,15.622201115871402,15.233427727583091,15.330620765686035,30411700
2009-10-21,15.317662246625252,15.40837682517256,14.805778223999209,14.902971267700195,27725900
2009-10-22,14.818745721999704,15.49909863548108,14.818745721999704,15.473179817199707,32594400
2009-10-23,15.550933188580453,15.550933188580453,15.14920020408952,15.22695541381836,23598300
2009-10-26,15.149201477906928,15.525015678796128,15.103844783366768,15.356548309326172,19752700
2009-10-27,15.570363948711874,15.777709415608129,15.350059081165487,15.421333312988281,29322600
2009-10-28,15.584153156137669,15.994433276673288,15.245508497896774,15.265046119689941,28936800
2009-10-29,15.369247026727255,15.584155936229722,15.245511217577247,15.577643394470215,18265200
2009-10-30,15.688354364601183,15.746965999209884,15.22597382959259,15.271561622619629,23463400
2009-11-02,15.22597382959259,15.375759808115019,15.004553617020154,15.271561622619629,18532500
2009-11-03,15.121771409871254,15.395291880743654,14.985011795505056,15.284581184387207,18038800
2009-11-04,15.492977170797273,15.629736771319173,15.32365487338453,15.349703788757324,13586600
2009-11-05,15.49948816333342,15.831620212251401,15.401802558861036,15.746959686279297,13147600
2009-11-06,15.66880939608616,15.94232981536576,15.584148875848562,15.65578556060791,11756600
2009-11-09,15.727419879312542,16.09211333157698,15.649271903468575,16.040014266967773,10613700
2009-11-10,16.020480772380093,16.456810982677393,16.007455693352735,16.31353759765625,19411900
2009-11-11,16.378664509635005,16.73033424977296,16.365639428413576,16.495887756347656,14682800
2009-11-12,16.450295920404088,16.834526997807526,16.404709392939225,16.52193260192871,13326000
2009-11-13,16.567522048950195,16.723819274432564,16.437273739978256,16.567522048950195,10336600
2009-11-16,16.652177207607593,16.98430917040069,16.619615761940235,16.899648666381836,12384100
2009-11-17,16.8149924619838,16.912678073319903,16.652182695710305,16.84755516052246,10938500
2009-11-18,16.821504438768688,16.89314113101652,16.593570525185502,16.769405364990234,10757200
2009-11-19,16.15073218032782,16.254930356293272,15.922799446741045,16.202831268310547,19635100
2009-11-20,16.118166821307874,16.280976587179673,16.05304266653117,16.11165428161621,13252900
2009-11-23,16.235383242002857,16.534952489333893,16.2093330941622,16.372142791748047,9020200
2009-11-24,16.39819754005839,16.63264396783993,16.372147384909436,16.463321685791016,11281600
2009-11-25,16.502399591965446,16.574036293482838,16.39820143092564,16.55449867248535,8281900
2009-11-27,16.150717300754202,16.54146072170484,15.994420180801766,16.443775177001953,7278500
2009-11-30,16.508909274462937,16.534958189143566,16.30051298845852,16.46983528137207,12468900
2009-12-01,16.639162362405013,16.951758146840454,16.469841250267027,16.893146514892578,15842300
2009-12-02,16.938724954200083,17.147121215959302,16.749865065643476,16.90616226196289,20674200
2009-12-03,16.971291780600538,17.37506059727295,16.932217779677433,17.21876335144043,14466700
2009-12-04,17.4141344762252,17.58345680189283,17.15363906832888,17.48577117919922,16339200
2009-12-07,17.394599386848714,17.583459361402213,17.212253195848387,17.335988998413086,12624500
2009-12-08,17.401108092557543,17.518331327869966,16.35912653898044,17.147125244140625,18215400
2009-12-09,16.77591836276864,16.925703048706055,16.613108597495817,16.925703048706055,22731100
2009-12-10,16.984319612526924,17.055956327605507,16.632651062979953,16.893146514892578,20118800
2009-12-11,16.867093397036037,16.971291559567312,16.60659799070785,16.697771072387695,9887600
2009-12-14,16.775915424599635,16.97779915038042,16.73684143557684,16.919187545776367,8483500
2009-12-15,16.854066341264573,16.860578880927164,16.541471890299835,16.567522048950195,11323100
2009-12-16,16.652184587848165,16.984316697842058,16.5675240463078,16.6586971282959,14328800
2009-12-17,16.495882398318816,16.671717211274874,16.32004758536276,16.333072662353516,10735700
2009-12-18,16.515420615021362,16.63264382792605,16.320048179466966,16.580543518066406,13545600
2009-12-21,16.743358308913294,16.925705721989587,16.61962376210379,16.828020095825195,7729700
2009-12-22,16.84755701789897,16.938730099578816,16.645671991122057,16.697771072387695,7209700
2009-12-23,16.567527233731706,16.684750500063302,16.45681650910079,16.489377975463867,8227300
2009-12-24,16.515426432195653,16.834533489645466,16.48937626809027,16.821508407592773,3977800
2009-12-28,16.78894230865433,16.828016301882677,16.50239679332015,16.600082397460938,8776900
2009-12-29,16.613105656858437,16.66520472283824,16.463320997433968,16.52193260192871,6088600
2009-12-30,16.5544940832376,16.919187545776367,16.482857401579377,16.919187545776367,7178900
2009-12-31,16.89965513207557,17.10805144521256,16.893142592022535,16.971290588378906,8432700
2010-01-04,17.06246218213812,17.329470070971734,16.860577199154807,16.9387264251709,10369300
2010-01-05,16.899657004469816,17.12758972087966,16.736847211525557,16.841045379638672,10943800
2010-01-06,16.867090817549567,16.95175258799644,16.64566944549759,16.71730613708496,8933800
2010-01-07,16.671719756923128,16.828016978258482,16.515422535587774,16.769405364990234,10775400
2010-01-08,16.671722031000986,17.15363883972168,16.61962295011605,17.15363883972168,12875600
2010-01-11,17.15363030907387,17.25131588188574,16.749861701408147,16.932209014892578,11677000
2010-01-12,16.945246136288127,16.951758678057562,16.066072871659618,16.222370147705078,21165300
2010-01-13,16.28748617974846,16.38517177316793,16.066064838856484,16.29399871826172,18809200
2010-01-14,16.209342465696427,16.28097917153603,15.942334506654447,16.092119216918945,22908400
2010-01-15,16.072582706751728,16.13119433066592,15.759988207302777,15.95535945892334,20359100
2010-01-19,15.922789737372229,16.137698499521843,15.857665606570032,16.098623275756836,11783800
2010-01-20,15.968378666370887,16.02699026872506,15.759982410062566,15.9879150390625,13253500
2010-01-21,15.987917427835184,16.20282625453037,15.636249003306636,15.746959686279297,18407800
2010-01-22,15.694863150423801,15.740449690400883,14.978499864975236,15.05013656616211,21806400
2010-01-25,15.245513740660904,15.512521786288088,15.108754067498925,15.427861213684082,20192100
2010-01-26,15.23247648255047,15.56460844900003,15.167353590498811,15.206427574157715,19646700
2010-01-27,15.219460769731468,15.408319493297594,15.030600804025134,15.32365894317627,19535100
2010-01-28,15.356384549611356,15.389114167319491,14.852360921978617,15.088007926940918,20198600
2010-01-29,15.127281747856696,15.297471995062532,14.583982640760304,14.727989196777344,23137300
2010-02-01,14.767265164444717,15.1076456975658,14.767265164444717,15.088007926940918,13199000
2010-02-02,15.03564138400434,15.297473324620599,15.016004862413176,15.258197784423828,11891100
2010-02-03,15.225466797446906,15.264741082381606,15.009456357545545,15.186192512512207,12877300
2010-02-04,15.061819136019844,15.061819136019844,14.662526707745782,14.786896705627441,14643500
2010-02-05,14.760717253678962,15.140372028429917,14.727988888884276,15.035639762878418,23094000
2010-02-08,15.055276242288759,15.297470365964303,14.858903573313873,15.120734214782715,16138900
2010-02-09,15.271284894087037,15.487295304135149,15.232010614580155,15.3040132522583,17494900
2010-02-10,15.310560718997761,15.434930739914419,15.14691641460999,15.343290328979492,12401200
2010-02-11,15.336744073657522,15.70985287979146,15.251648338061436,15.559300422668457,16194800
2010-02-12,15.408749476245593,15.886590581879277,15.317107809810722,15.7294921875,21796600
2010-02-16,15.794946681193014,16.285879562374202,15.794946681193014,16.22696876525879,22856400
2010-02-17,16.272788171433227,16.34479080816501,15.906224072497448,16.17460060119629,19430500
2010-02-18,16.13532685060404,16.27278870433325,15.965136638061944,16.253150939941406,13218600
2010-02-19,16.233515528083444,16.403705765289224,16.096054902940526,16.3709774017334,15979000
2010-02-22,16.377522544972834,16.46261703527377,16.115691903461904,16.187694549560547,11176800
2010-02-23,16.148418345715584,16.18114670382354,15.749125884562957,15.906224250793457,12905800
2010-02-24,16.05678193851693,16.364432826186672,16.024052323760273,16.200788497924805,14513800
2010-02-25,15.847314002465845,16.069870358628712,15.716399306698081,16.050233840942383,17886100
2010-02-26,16.00441386997976,16.10914612753447,15.860406079461793,15.958592414855957,13204600
2010-03-01,16.05677572994449,16.318606304221667,16.01750020742292,16.12223243713379,14892800
2010-03-02,16.06332337830897,16.312062138502647,15.87349541122141,16.0240478515625,16888500
2010-03-03,16.082961676638476,16.22696946033118,15.938955141452706,15.971683502197266,13012700
2010-03-04,16.01096981284501,16.200797943589023,15.814597003841019,16.1484317779541,13538000
2010-03-05,16.23351134964774,16.423339305230343,16.109142601341947,16.344789505004883,10345800
2010-03-08,16.423343020685575,16.423343020685575,16.069870712465,16.16151237487793,22269200
2010-03-09,15.899688424115368,16.03060317789131,15.624765818126104,15.834230422973633,27986900
2010-03-10,15.834229065580429,16.154971870320892,15.821137216772877,16.096059799194336,13878500
2010-03-11,15.958592962089746,15.971684806859763,15.57893820330849,15.755674362182617,23056400
2010-03-12,15.775312101202871,15.866952517415484,15.644396150750254,15.709854125976562,15073900
2010-03-15,15.650945000508177,15.703311140782487,15.513484350478338,15.67058277130127,9053400
2010-03-16,15.716401412689665,16.200788473802707,15.683671797981738,16.15496826171875,18282000
2010-03-17,16.076424340314833,16.364438813005865,16.076424340314833,16.305526733398438,12620400
2010-03-18,16.29242478661599,16.364428672296278,16.069868456792214,16.1811466217041,10499500
2010-03-19,15.945500373840332,16.187693229294613,15.794946674807075,15.945500373840332,16945400
2010-03-22,15.85386001344399,16.200786393762836,15.82113165144524,16.187694549560547,10651200
2010-03-23,16.233516523964234,16.67862928726931,16.18769631277232,16.658992767333984,17937200
2010-03-24,16.567347947345848,16.580439790485666,16.18114731426943,16.22696876525879,16894900
2010-03-25,16.469161620810986,16.508435901723555,16.22042284368888,16.22696876525879,11306500
2010-03-26,16.305520768131828,16.384070595040665,16.04369009261427,16.200788497924805,10138000
2010-03-29,16.272790288368462,16.410250906971584,16.115691903461904,16.187694549560547,9217600
2010-03-30,16.187696603679814,16.29242887357407,16.03714412177022,16.109148025512695,11074400
2010-03-31,16.089509546315234,16.213879579513513,15.958593590474193,16.017505645751953,9899700
2010-04-01,16.12877835755405,16.364426498656844,15.997863694668794,16.12223243713379,9057000
2010-04-05,16.1876975996154,16.691722459808204,16.141877384781004,16.619718551635742,14225500
2010-04-06,16.52152768140417,16.560801962165886,16.31860910754395,16.397157669067383,10626400
2010-04-07,16.436443345692126,16.626270193656094,16.292435479815,16.573904037475586,13333000
2010-04-08,16.4429784792663,16.573893159540578,16.1811466217041,16.1811466217041,16002500
2010-04-09,16.279333153234006,16.344789864938825,16.115688876958462,16.325153350830078,13451500
2010-04-12,16.53461934199447,17.005914451453815,16.52152749904944,16.81608772277832,18574600
2010-04-13,16.7768183235428,17.019012512486793,16.744089952729404,16.933917999267578,11606700
2010-04-14,17.287384894617556,17.614673516247585,17.26774712785723,17.60812759399414,20317400
2010-04-15,17.58849130018619,17.673585793552796,17.411755142608975,17.66703987121582,11570500
2010-04-16,17.496845064830254,17.549211181338087,17.24810632354472,17.398658752441406,14772100
2010-04-19,17.326669975130464,17.464131931085323,16.960106840097147,17.300487518310547,13289700
2010-04-20,17.41175634525494,17.568854746672162,17.28084038648703,17.44448471069336,11003900
2010-04-21,17.50339456254962,17.608126816968962,17.05828185701394,17.293930053710938,10479800
2010-04-22,16.986284942520488,17.411760025690935,16.6262666040629,17.346302032470703,17497200
2010-04-23,17.32665700538497,17.50993905996105,17.038643953417086,17.45757293701172,14470700
2010-04-26,17.58194383891003,17.902686514305135,17.53612363506886,17.778316497802734,21070400
2010-04-27,17.542679004807038,17.96160951359429,17.28739414288763,17.37248992919922,37647800
2010-04-28,17.58947016744137,17.59604582080902,17.155487078597588,17.35932731628418,17187200
2010-04-29,17.51714280424736,17.786738376371446,17.333029489144803,17.76043701171875,15133100
2010-04-30,17.694681314148465,17.720983932377525,17.102886199951172,17.102886199951172,18069000
2010-05-03,17.247546212703046,17.56974574926674,17.162065214911788,17.392208099365234,12975600
2010-05-04,17.21467664831393,17.24097802279916,16.728089305642776,16.92535400390625,21086300
2010-05-05,16.787262682293807,17.214670204666742,16.56369543905051,17.01082992553711,21484600
2010-05-06,16.95164838552662,17.17521560368736,15.445857489925029,16.484786987304688,27373200
2010-05-07,16.37958109323891,16.616299649119657,15.754907683743802,16.267797470092773,26491900
2010-05-10,16.885894395561962,17.096310321932677,16.734658105255242,16.977951049804688,17622700
2010-05-11,16.76753286569953,17.194940315362214,16.603145288584827,16.866165161132812,15890100
2010-05-12,16.97138283465323,17.194950167966187,16.87932614005792,17.162073135375977,12698500
2010-05-13,17.08315528424775,17.155486213466695,16.70835184043607,16.760955810546875,13313600
2010-05-14,16.61629925874549,16.67547889632534,16.109985139085815,16.359853744506836,18323300
2010-05-17,16.40588137446842,16.76753355736801,16.215191175144025,16.714929580688477,16456000
2010-05-18,16.83329276348986,16.872745441646547,16.037656019898865,16.136289596557617,25045000
2010-05-19,16.063957518151646,16.353280064151292,15.846965922196395,16.2086181640625,19404600
2010-05-20,15.87326568236457,16.241494796096408,15.715453742555702,15.95217227935791,24563200
2010-05-21,15.7088790060979,16.33355240174407,15.518190038004343,16.15601348876953,19264900
2010-05-24,16.077104457129725,16.17573674589825,15.879838625415086,15.939018249511719,12654300
2010-05-25,15.531333612670613,16.070524483546823,15.419550047671112,16.044221878051758,20761600
2010-05-26,16.136291260769298,16.320404613940994,15.807515982473378,15.873270034790039,17978000
2010-05-27,16.116562586387392,16.353281163037252,16.083684309531566,16.340129852294922,14974200
2010-05-28,16.28752936912864,16.373010398996144,15.912725711548008,16.05738639831543,14589500
2010-06-01,15.965329917188875,16.34670923646561,15.958754260317756,16.0113582611084,15099700
2010-06-02,16.123134798891982,16.29409803950144,15.939020250348472,16.280946731567383,12846000
2010-06-03,16.313829325193275,16.557123588448622,16.208621334103988,16.46506690979004,12150800
2010-06-04,16.215191469879084,16.405881672669558,15.827236664499209,15.899567604064941,14542600
2010-06-07,15.991628983683311,16.14944096329067,15.524768700783804,15.564221382141113,16883500
2010-06-08,15.774632919698284,15.781208573772023,15.182837849017389,15.702301979064941,19113300
2010-06-09,15.978479419386636,16.13629267043198,15.544496114457594,15.610251426696777,19882500
2010-06-10,15.912710169082263,16.156002961658075,15.80750227161536,16.129701614379883,17308800
2010-06-11,15.95874910608197,16.169165041285996,15.879842503291508,16.07710838317871,13942700
2010-06-14,16.26779710943744,16.36642942080844,16.116560815056705,16.15601348876953,14604200
2010-06-15,16.27437255653433,16.93849861742354,16.129711918646947,16.899045944213867,17740500
2010-06-16,16.655749950151783,16.833288841761863,16.504513673970337,16.714929580688477,19305300
2010-06-17,16.892469925299125,16.892469925299125,16.57684478389578,16.787261962890625,10056300
2010-06-18,16.774113782010616,16.89247307533578,16.61630180896976,16.734661102294922,12038300
2010-06-21,16.93850419695096,16.99768385334813,16.511096542887852,16.603153228759766,11123000
2010-06-22,16.662330835666086,16.820142815254673,16.23492323417473,16.274375915527344,11927500
2010-06-23,16.359846186007086,16.5045080128898,16.090250741224047,16.294092178344727,11448400
2010-06-24,16.175740332328377,16.274372642965318,15.892993455438702,15.965324401855469,14724700
2010-06-25,15.925878949639054,16.06396526135938,15.689161528970489,15.807520866394043,26127200
2010-06-28,15.886416596138028,16.10998381885638,15.794359947081453,16.017927169799805,11670500
2010-06-29,15.81409416038699,15.84039679093661,15.570801098695256,15.70888614654541,19408500
2010-06-30,15.787789993542496,15.827242678215258,15.228871734935714,15.307778358459473,17478500
2010-07-01,15.261747345536737,15.432710635476326,14.893519396378144,15.235445976257324,16440000
2010-07-02,15.320923277345168,15.380102911589757,14.932968454709673,15.195989608764648,11337000
2010-07-06,15.36694893067019,15.478732516327296,15.08420214023295,15.202561378479004,13470200
2010-07-07,15.255164736579562,15.958743231228077,15.22228647494614,15.945591926574707,16852400
2010-07-08,16.057382444047224,16.09025946570502,15.689154533932339,15.925871849060059,10670900
2010-07-09,16.03107508996364,16.11655732771878,15.892990134758952,16.096830368041992,7698500
2010-07-12,16.017931605468156,16.30725294095817,16.017931605468156,16.274375915527344,9822500
2010-07-13,16.491363514079364,16.793837341672617,16.405882516342164,16.69520378112793,15212100
2010-07-14,16.82013183892298,16.96479241226668,16.412450217060105,16.49793243408203,17591100
2010-07-15,16.484792497189815,16.734662414734466,16.27437651663317,16.701784133911133,14120800
2010-07-16,16.570264313315775,16.721500547102025,16.261214939552048,16.287517547607422,12003700
2010-07-19,16.35328174549971,16.82014200587862,16.35328174549971,16.8004150390625,15506000
2010-07-20,15.886411554004654,16.366422863418777,15.787779282151769,16.287517547607422,30930000
2010-07-21,16.287528123380497,16.38616045927706,16.04423385760266,16.109989166259766,15249900
2010-07-22,16.221764332504765,16.714927008295334,16.208613026814408,16.629446029663086,15635900
2010-07-23,16.603151942568513,16.741236960679398,16.438764299572785,16.68863296508789,12517200
2010-07-26,16.622874999846704,16.872743606567383,16.497940069397423,16.872743606567383,9569100
2010-07-27,16.958230934411397,17.043711962379582,16.747813684454588,16.820144653320312,13152100
2010-07-28,16.79371145221182,16.92584186499493,16.582303799830047,16.66158103942871,11958100
2010-07-29,16.747472144881314,16.780504129786095,16.278410146678862,16.436965942382812,12190000
2010-07-30,16.245374299966,16.436962035030987,16.020753327759355,16.311439514160156,13150900
2010-08-02,16.285017217198668,16.66819404842371,16.126461417390665,16.588916778564453,9116900
2010-08-03,16.562487530735723,16.582307475072714,16.318047851025952,16.390718460083008,9204100
2010-08-04,16.397329899679654,16.681409551074676,16.26520067909127,16.635164260864258,10671300
2010-08-05,16.562499261662165,16.866398989629726,16.450188684383527,16.780513763427734,13410400
2010-08-06,16.648373024669702,16.912632653931745,16.555881209361004,16.820140838623047,12003500
2010-08-09,16.879602158147826,17.077797857397428,16.747472952070936,16.978700637817383,8919100
2010-08-10,16.76728763148864,16.872992735205248,16.49642137468228,16.747468948364258,15417300
2010-08-11,16.522848405620014,16.608732308320818,16.423751207091623,16.496421813964844,12745300
2010-08-12,16.053794846284056,16.49643040634668,16.000942895534333,16.126466751098633,18134400
2010-08-13,16.093426952593827,16.31144130125801,16.014148434857173,16.04057502746582,9836200
2010-08-16,15.97450101318983,16.245367137889193,15.875403865632018,16.20572853088379,10180900
2010-08-17,16.37750896667454,16.43036089968954,16.285017138831186,16.318050384521484,9929400
2010-08-18,16.351085132833703,16.608738192304198,16.2123492577618,16.456789016723633,10860600
2010-08-19,16.417136115030747,16.549265225078297,16.15287663484705,16.20572853088379,9449500
2010-08-20,16.14628128720037,16.43036089968954,16.14628128720037,16.318050384521484,12589100
2010-08-23,16.357681895427323,16.42374709794679,16.093422345438377,16.10002899169922,12780000
2010-08-24,15.934868876656164,16.23876708724539,15.875410311960167,16.033966064453125,14861700
2010-08-25,15.901836617527572,16.12645759571353,15.763100798106992,16.060392379760742,14788700
2010-08-26,16.060397763582085,16.080217713038788,15.690434194350903,15.7432861328125,15337500
2010-08-27,15.815951311455219,16.00093238755529,15.419561311100805,15.954687118530273,17892700
2010-08-30,15.7036495107365,15.789533449232675,15.360111236572264,15.360111236572266,19672200
2010-08-31,15.333677199900054,15.58472476318903,15.161909406183376,15.208154678344727,17039700
2010-09-01,15.432775781004027,15.76310059645299,15.300645350788775,15.690428733825684,13779500
2010-09-02,15.697040447678093,15.934874794792627,15.664007199417975,15.882022857666016,10832200
2010-09-03,16.033965960895284,16.179308418052834,15.815951645114406,16.073604583740234,11599200
2010-09-07,15.901832326317903,15.934865555424663,15.558294304140672,15.604540824890137,11004700
2010-09-08,15.597937887219848,15.703641725313123,15.42616883529599,15.644183158874512,12763600
2010-09-09,15.809346991916183,15.961296115394026,15.664003256338018,15.74988842010498,13149200
2010-09-10,15.571511161274014,15.78291883560902,15.366710134273118,15.65739631652832,17328700
2010-09-13,15.862193368285654,16.179304800316483,15.84237343125042,16.15948486328125,12710300
2010-09-14,16.100031836810174,16.469995272172643,15.928262783941026,16.311439514160156,14274900
2010-09-15,16.185911133944657,16.324646910250134,16.02735542098606,16.298221588134766,11457300
2010-09-16,16.31804587785996,16.509633609593735,16.152883475290885,16.503026962280273,12517500
2010-09-17,16.90602512459894,17.07779418968952,16.674797488512034,16.99190902709961,25212100
2010-09-20,16.978702021535955,17.130651187948104,16.661589128910645,17.08440589904785,16572300
2010-09-21,17.09761358300662,17.229744026280716,16.919239122702677,17.044761657714844,15808400
2010-09-22,16.91923337318837,17.157066326136047,16.72764442155585,16.806922912597656,10210100
2010-09-23,16.75408176359975,17.342059767734234,16.595525939791226,17.024948120117188,13297600
2010-09-24,17.229737986278167,17.797896929059753,17.229737986278167,17.791290283203125,14901500
2010-09-27,17.738437698132305,17.837534862014625,17.612913951834003,17.626127243041992,9673700
2010-09-28,17.599707181752944,17.949851967969174,17.46757800098232,17.877180099487305,12484500
2010-09-29,17.77808159184396,17.890392080291033,17.652557808264486,17.731836318969727,12016400
2010-09-30,17.764864633229035,18.101796029088025,17.665767460350253,17.93002700805664,19052400
2010-10-01,18.042347073283178,18.240542784585283,17.784694034688993,18.002708435058594,12156000
2010-10-04,17.96967101007401,18.220717322998528,17.844147223567145,17.976276397705078,15091800
2010-10-05,18.128227778263184,18.828516094205114,18.108407834005565,18.716205596923828,23034400
2010-10-06,18.650133857425278,18.868148127700056,18.405694264132652,18.702985763549805,18289700
2010-10-07,18.74923492002293,18.762448214322017,18.405698088870338,18.590679168701172,16897300
2010-10-08,18.577467621969983,19.066348183062725,18.366058687904435,18.9804630279541,16244800
2010-10-11,19.000280789348395,19.145623233504615,18.894576964491325,19.006887435913086,11592500
2010-10-12,18.907792939409752,19.059742051682385,18.71620394212665,18.947431564331055,14847700
2010-10-13,18.72941799045456,18.795483208040082,18.518010302252264,18.577468872070312,20238400
2010-10-14,18.610495242854093,18.854936096235555,18.45193952448051,18.702985763549805,13072100
2010-10-15,18.82190497532683,19.033312623501715,18.650135946162496,18.973854064941406,13427500
2010-10-18,18.92100595585551,18.96725123067754,18.52461716590139,18.736024856567383,11535100
2010-10-19,18.465162972641625,18.84173316841926,18.187689997843968,18.518014907836914,13135700
2010-10-20,18.650140164400284,18.656746812411146,18.34624191643626,18.557649612426758,14047900
2010-10-21,18.663347922770896,18.70298653898552,18.44533364345713,18.64352798461914,10824000
2010-10-22,18.636922751286964,18.96724751832223,18.610497425170415,18.934215545654297,9318700
2010-10-25,19.09277604994505,19.284365067506574,19.039924124426232,19.145627975463867,15464900
2010-10-26,18.967250743229364,19.099381176544544,18.696384489013525,19.079561233520508,17814300
2010-10-27,18.921007218456083,19.475953073530516,18.84172995921077,19.449527740478516,16822600
2010-10-28,19.41634616501716,19.5291547878327,19.237179305425755,19.403074264526367,14399700
2010-10-29,19.356627142228117,19.74150346160882,19.276996991534936,19.622058868408203,15745700
2010-11-01,19.754774628596042,19.801225020737782,19.349990470198133,19.53579330444336,12181700
2010-11-02,19.734862817042067,19.841035482264886,19.615418252246894,19.6419620513916,10739400
2010-11-03,19.695052845330792,19.907398223876953,19.588880156057712,19.907398223876953,13185500
2010-11-04,19.953850016101526,20.43162841700364,19.874221126403427,20.40508460998535,15003400
2010-11-05,20.42499093799248,20.88286018371582,20.371904593603762,20.88286018371582,17664000
2010-11-08,20.743504601784192,20.88285575159974,20.677146368962397,20.82313346862793,13242600
2010-11-09,20.90276347063444,20.96248575323335,20.69705408928153,20.79659080505371,13105600
2010-11-10,20.789954855245163,20.856313087652623,20.41171457590407,20.79659080505371,11578800
2010-11-11,20.006932470093833,20.524525215095142,19.841037505556276,20.43825912475586,14662700
2010-11-12,20.418355242415192,20.823138148818554,20.28563874694236,20.537799835205078,16420400
2010-11-15,20.55106440811963,20.710323396286817,20.45816364810825,20.471435546875,8417600
2010-11-16,20.206015623803324,20.471447424756683,20.152929263612656,20.28564453125,13728300
2010-11-17,20.172821849055136,20.604148384288788,20.133007422980064,20.511247634887695,10932400
2010-11-18,20.697060218236274,20.9094056122789,20.63070196617836,20.889497756958008,13157600
2010-11-19,20.909400763701953,21.201376245645008,20.87622101252769,21.194740295410156,12181200
2010-11-22,21.135015217302396,21.407081546926232,21.04874914132208,21.39381217956543,12183000
2010-11-23,21.17483257273764,21.38054323422761,21.13501813676588,21.221282958984375,11933600
2010-11-24,21.3009121064654,21.606160760350456,21.26109893565674,21.599523544311523,11777700
2010-11-26,21.40708459380057,21.57297955433682,21.367271423339844,21.367271423339844,2946000
2010-11-29,21.121746324847834,21.45353751159843,21.121746324847834,21.367271423339844,9011300
2010-11-30,21.18146729119381,21.241188308839295,20.995664491334225,21.101837158203125,12156400
2010-12-01,21.513264836533413,21.858326779618416,21.466814433748617,21.61944007873535,16463900
2010-12-02,21.619429218297647,21.805230736100157,21.592885421081338,21.798593521118164,10807100
2010-12-03,21.69906906691244,21.884870678804145,21.57298723196555,21.778697967529297,13443800
2010-12-06,21.851691626502024,21.904776715113442,21.6459808961598,21.86496353149414,13383300
2010-12-07,22.057398693285283,22.322829154970567,21.991039179346494,22.17020606994629,19578000
2010-12-08,21.93131420229717,22.39582061767578,21.904770399965518,22.39582061767578,14122100
2010-12-09,22.48207806346458,22.515256537941276,22.276367471540517,22.389177322387695,9768500
2010-12-10,22.329453624987543,22.38917588776092,21.70568720683111,21.765409469604492,15516400
2010-12-13,21.838418312898767,21.898140615832588,21.62607290943561,21.632707595825195,10247000
2010-12-14,21.712324420114367,21.805225155238467,21.599514576495682,21.765409469604492,9316700
2010-12-15,21.758778688910237,21.85831412380859,21.57297465399317,21.65924072265625,7849900
2010-12-16,21.679161241941074,21.745520772561346,21.334101808144705,21.64598274230957,11000800
2010-12-17,21.606163238917496,21.89150280877493,21.553075629940988,21.586254119873047,15308500
2010-12-20,21.665878476638344,21.692419741125438,21.373901785079052,21.453533172607422,7542700
2010-12-21,21.579613090807207,21.685785746192803,21.486712333764284,21.526525497436523,4770200
2010-12-22,21.44026174810597,21.59288478053852,21.320817195531674,21.54643440246582,5181000
2010-12-23,21.533164359068206,21.566342841784373,21.320819032057578,21.47344207763672,3476100
2010-12-27,21.38053695287542,21.52652275332358,21.234548621071806,21.486709594726562,2668500
2010-12-28,21.572976483850617,21.572976483850617,21.281002306151805,21.39381217956543,3209100
2010-12-29,21.473443518561083,21.63270125882768,21.327455147186583,21.572978973388672,3932500
2010-12-30,21.53979760320553,21.63933557605622,21.400446466299204,21.566341400146484,3715800
2010-12-31,21.566341400146484,21.652607474526697,21.45353406018112,21.566341400146484,3312700
2011-01-03,21.692429352186732,21.891505377854706,21.446905460248203,21.71897315979004,7092500
2011-01-04,21.67251303709167,21.785322903106323,21.400445459634266,21.679147720336914,7914000
2011-01-05,21.61278647170701,21.805225155238467,21.40044121103615,21.765409469604492,8129000
2011-01-06,21.778697690447704,22.123759630540146,21.718975382905604,22.064037322998047,7386900
2011-01-07,22.110472013819123,22.210009966110608,21.811860688299944,22.04411506652832,7311300
2011-01-10,21.891501416012694,22.229926041959153,21.85832039683513,22.150297164916992,7539900
2011-01-11,22.1967447646394,22.34936781452166,22.097206782328517,22.229923248291016,7132400
2011-01-12,22.362637699660333,22.422359977395427,22.130383272310162,22.33609390258789,6076400
2011-01-13,22.137013544871607,22.243186168508796,21.93130297910673,22.216642379760742,6322700
2011-01-14,22.27637728418879,22.59489533591052,22.18347650218951,22.588260650634766,9007000
2011-01-18,22.53516968560312,23.13239252570196,22.53516968560312,23.125755310058594,12052600
2011-01-19,22.747521346422243,23.026226259743865,22.608170155439826,22.667892456054688,8340800
2011-01-20,22.581622054548276,22.6877947319697,22.263104022284015,22.50199317932129,8664800
2011-01-21,22.82714842781231,22.88687071707163,22.501993179321286,22.50199317932129,9172000
2011-01-24,22.61480732164919,22.9930477142334,22.475453599625975,22.9930477142334,10857200
2011-01-25,22.760784337952117,23.092574204485985,22.356000295763874,22.548439025878906,13185000
2011-01-26,22.62143434574299,22.833779668556794,22.342729527452423,22.774057388305664,7400100
2011-01-27,22.714113759615913,23.20703115137937,22.680809114181717,23.067150115966797,8342800
2011-01-28,23.033851164154086,23.227019171813282,22.660832436534378,22.82735824584961,10601600
2011-01-31,22.66082476213336,22.827350515052345,22.50762137436565,22.587553024291992,10917600
2011-02-01,22.774056298621456,23.313600540161133,22.73409175249461,23.313600540161133,11582700
2011-02-02,23.18038286671824,23.506774440316285,23.18038286671824,23.393535614013672,8260800
2011-02-03,23.366889437489853,23.45348097937244,23.11376964041743,23.30694007873535,5733900
2011-02-04,23.413521513879004,23.673301277848875,23.38021433102642,23.606689453125,7638900
2011-02-07,23.653309683956216,23.873124831102416,23.400192445460107,23.486783981323242,11631600
2011-02-08,23.533423535759095,23.60003282878078,23.346912941531407,23.5001163482666,7368100
2011-02-09,23.36689677325547,23.49345544103293,23.286962575834558,23.380216598510742,7180900
2011-02-10,23.24698905315858,23.47346410988378,23.147072615404895,23.440156936645508,8146700
2011-02-11,23.42684044811215,23.84648603450026,23.34024889073173,23.726587295532227,7664900
2011-02-14,23.69328403743388,23.953063806695752,23.6266747523344,23.866472244262695,6127800
2011-02-15,23.786540019817465,24.026337531574043,23.600031973331934,23.959728240966797,9430000
2011-02-16,24.013010025024414,24.179535756877538,23.87978893134571,24.013010025024414,10480600
2011-02-17,23.97305129322252,24.299440383911133,23.913101913568052,24.299440383911133,7274200
2011-02-18,24.25280275958382,24.34605674469327,24.079617150234913,24.132904052734375,8413700
2011-02-22,23.839831380261487,24.13291583960661,23.646660864769995,23.813186645507812,11659200
2011-02-23,23.853147810872105,23.853147810872105,23.240331768969085,23.580045700073242,10972000
2011-02-24,23.639999906760575,23.853152693405775,23.266981259640655,23.600032806396484,11297100
2011-02-25,23.69328265492582,23.84648603450026,23.58004636866779,23.726587295532227,9369200
2011-02-28,23.846485481870346,23.92641712566959,23.366893078093725,23.719926834106445,13051500
2011-03-01,23.85314478170081,23.899771779502668,23.27363345305348,23.313600540161133,11102500
2011-03-02,23.553396686266478,24.346058146311353,23.520092052664378,24.072956085205078,17687100
2011-03-03,24.159557399904877,24.452641820740048,24.05964092819805,24.35272789001465,12224500
2011-03-04,24.332735329212376,24.33939778039649,23.993024007260647,24.159549713134766,10161000
2011-03-07,24.246143392980912,24.3727020126112,23.42017478739534,23.63332748413086,15939500
2011-03-08,23.746576402830215,23.97305155724336,23.480134147880047,23.886457443237305,8853200
2011-03-09,23.513433116678513,23.606687121098386,22.9339242742257,23.140417098999023,12583300
2011-03-10,22.880638982885667,23.10711412381909,22.66748620800497,22.814029693603516,13036000
2011-03-11,22.694123449042998,23.27363220564941,22.660818815395395,22.907276153564453,13817500
2011-03-14,22.91394478294456,23.140419910183457,22.83401059146164,23.02052116394043,10121300
2011-03-15,22.247837306697313,22.727429654549486,21.814869416391854,22.580888748168945,17387700
2011-03-16,22.507613552908488,22.51427346267912,21.53510410364682,21.841510772705078,23147200
2011-03-17,22.067993676605425,22.307791169411978,21.888145557000513,22.028026580810547,12766300
2011-03-18,22.274484048524528,22.37440051780259,22.04800892034477,22.2211971282959,10883300
2011-03-21,22.32777268256825,22.727433462911726,22.25450094660965,22.434349060058594,7150200
2011-03-22,22.500955493179532,22.60753185717105,22.28114285412619,22.40770149230957,5988400
2011-03-23,22.4476688483044,22.827347308345256,22.30112539320758,22.78738021850586,8396900
2011-03-24,22.947244375791367,23.27363335908658,22.800700931302448,23.220346450805664,9211000
2011-03-25,23.153744150487885,23.273642919598814,23.060490116953126,23.07381248474121,4980200
2011-03-28,23.053825769636212,23.280300896512305,22.92060465835945,22.973894119262695,6139600
2011-03-29,22.76073861447692,23.28696060180664,22.65416223459836,23.28696060180664,6827800
2011-03-30,23.373552110048706,23.47346856677345,22.9339242742257,23.140417098999023,9258200
2011-03-31,23.1270975449363,23.22035156068502,22.900622417697406,23.02052116394043,6210400
2011-04-01,23.266977555477368,23.266977555477368,22.727433220876392,22.800704956054688,8913400
2011-04-04,22.873967480666003,22.960561545642896,22.401035159834134,22.72076416015625,10518900
2011-04-05,22.114622631571923,23.366897125936706,22.054673253092183,23.107114791870117,29932700
2011-04-06,23.17371945319206,23.253651086103837,22.86731274287959,23.220346450805664,11919300
2011-04-07,23.220348951229468,23.48012869190205,23.02051857694141,23.473468780517578,13601600
2011-04-08,23.500109647161835,23.600026099184632,23.306941736088522,23.426837921142578,9394900
2011-04-11,23.39353979715872,23.553405656707497,23.187049465594356,23.26698112487793,9890800
2011-04-12,23.11377172200294,23.12709408525715,22.600872171130437,22.740753173828125,18326800
2011-04-13,22.794047911405872,22.893961847504947,22.56757276554045,22.873979568481445,11376800
2011-04-14,22.747410258796112,23.18037552798717,22.620849108233188,23.120426177978516,9662400
2011-04-15,23.093784826845432,23.34024471338102,22.97388865031718,23.30694007873535,12136500
2011-04-18,23.093785232397696,23.360227396203552,23.007193688994466,23.17371940612793,17041000
2011-04-19,22.927262243150796,23.2603137170442,22.780721322504842,23.0071964263916,18789800
2011-04-20,23.280310630695713,23.500123396378413,23.160411834511546,23.400209426879883,12237100
2011-04-21,23.480123180246053,23.759885130382614,23.46680081962329,23.659971237182617,11094100
2011-04-25,23.659978446335113,23.719927816913764,23.486790246449562,23.593366622924805,5778000
2011-04-26,23.533414584260242,23.833158829824555,23.44682050348487,23.806516647338867,13900000
2011-04-27,23.613352423567374,23.966386208906,23.533420773128345,23.91309928894043,10311600
2011-04-28,23.89972316886211,23.966574521276172,23.65905421982648,23.76601791381836,10224400
2011-04-29,23.719223627984665,23.92646691978118,23.679111282735573,23.752649307250977,5916400
2011-05-02,23.806135615578214,23.839561299311363,23.35822329286219,23.405019760131836,10262200
2011-05-03,23.411705426413068,23.4518177753082,23.07075683634467,23.264629364013672,8558900
2011-05-04,23.251250691678734,23.425068261030265,23.044010001579508,23.277992248535156,8118100
2011-05-05,23.204457929150085,23.772704626667004,23.124235796049867,23.411701202392578,9879900
2011-05-06,23.67242224432151,23.81281159817577,23.498607218151758,23.552087783813477,8870100
2011-05-09,23.5253517417237,23.79944639932059,23.498612727731167,23.62563133239746,7274500
2011-05-10,23.725908047029243,23.819500960197644,23.558777116309784,23.70585060119629,6327000
2011-05-11,23.69248091511055,23.792760498260563,23.23788455853776,23.331480026245117,7755300
2011-05-12,23.27799940360771,23.69248346142337,23.1509807948202,23.618947982788086,7941500
2011-05-13,23.592199506331635,23.779385306595945,23.49860660619948,23.518661499023438,8390400
2011-05-16,23.505292387802008,23.75264543429999,23.29136501512017,23.33816146850586,6690100
2011-05-17,23.284678837312256,23.284678837312256,22.676319896770877,23.02395248413086,10541300
2011-05-18,23.06406522676846,23.578828727710576,23.06406522676846,23.518661499023438,8255100
2011-05-19,23.532038904418958,23.538723020504147,23.117554851305766,23.378278732299805,6899500
2011-05-20,23.324800275123145,23.5253569506616,23.191094974692014,23.398338317871094,7365200
2011-05-23,23.130924468907615,23.130924468907615,22.896942138671875,22.896942138671875,8218300
2011-05-24,22.950419880949518,22.957103995865122,22.642897040305396,22.783288955688477,8304600
2011-05-25,22.71644314520243,23.070760016865687,22.662962556185544,22.91699981689453,6798600
2011-05-26,22.856830120509084,22.97048050414006,22.729811503713215,22.94373893737793,7301400
2011-05-27,23.023957016975803,23.237884412819668,23.023957016975803,23.211145401000977,5142900
2011-05-31,23.27131694219493,23.598892211914062,23.27131694219493,23.598892211914062,8640100
2011-06-01,23.478548190863233,23.505289746997928,22.68969013639586,22.69637680053711,8774200
2011-06-02,22.736497946902546,22.97716697195685,22.662962456106115,22.890260696411133,7588700
2011-06-03,22.589420385779935,22.78329290473858,22.3754929683828,22.39554786682129,7389700
2011-06-06,22.402229929724278,22.509193628619588,22.248469771950752,22.275211334228516,7807300
2011-06-07,22.35544436326068,22.51589126488729,22.19500001185105,22.241796493530273,8540200
2011-06-08,22.168255134530604,22.17493925225331,21.780512551198342,21.84067726135254,13622300
2011-06-09,21.907520985776856,22.241782820988192,21.666852056390226,22.001113891601562,13681200
2011-06-10,21.854046798265234,21.9342715076533,21.352655115672103,21.493045806884766,9875600
2011-06-13,21.566583699243335,21.660179203948257,21.178841094904197,21.218952178955078,10270800
2011-06-14,21.446238089769757,21.74038755264285,21.419496533995353,21.61336898803711,8279100
2011-06-15,21.279113166529182,21.526467541289783,21.058500356654267,21.118667602539062,11576500
2011-06-16,21.13872164845543,21.20557300372463,20.831200058764054,20.93816375732422,9336700
2011-06-17,21.111989518167487,21.15878599780568,20.697504044742114,20.88469123840332,10739100
2011-06-20,20.797773644409325,20.991644863016667,20.791088254097648,20.911422729492188,9324900
2011-06-21,20.96490353401406,21.47298042134986,20.8579398445636,21.412813186645508,7883600
2011-06-22,21.35265749260251,21.466306626670317,21.218952178955078,21.218952178955078,7014800
2011-06-23,20.984958504990534,21.51309283928787,20.898050985162087,21.472980499267578,12057200
2011-06-24,21.452923211421155,21.46629398993649,21.01838311053373,21.078550338745117,13362400
2011-06-27,21.152099522131362,21.332601313022884,20.864633990365242,21.218952178955078,10247100
2011-06-28,21.27242890887473,21.38607801547904,21.105297944757098,21.379392623901367,9212900
2011-06-29,21.399447594904792,21.459614844196473,21.105298015154425,21.31254005432129,9302900
2011-06-30,21.35933775668483,21.981065148163047,21.35933775668483,21.94763946533203,11609100
2011-07-01,22.054597823701858,22.50250747532065,21.86740945492512,22.40891456604004,9562700
2011-07-05,22.328692771208495,22.395544121634618,21.934263683177054,22.00779914855957,9269800
2011-07-06,21.934265245256775,22.188302435140095,21.820614881179935,21.96100425720215,8892100
2011-07-07,22.10808106704993,22.46239785224079,22.014488146449768,22.368804931640625,10338100
2011-07-08,22.067968188040062,22.24178579370209,21.70028063020759,21.981061935424805,8422200
2011-07-11,21.760454394976726,22.061290687117083,21.606694190153107,21.68691635131836,7093600
2011-07-12,20.944848807027913,21.259054507046706,20.463512171340177,20.891366958618164,26187100
2011-07-13,21.058497398130353,21.118664635562208,20.61727184036863,20.72423553466797,12708900
2011-07-14,20.83120107006706,21.051813868446086,20.47019888867771,20.537050247192383,11017200
2011-07-15,20.670759277261922,20.704184962603936,20.349868107589185,20.603906631469727,9349800
2011-07-18,20.54373502168827,20.63732921599496,20.169362069785194,20.376604080200195,9592800
2011-07-19,20.650700154681854,21.065185479370808,20.590532909563976,21.00501823425293,11095800
2011-07-20,21.132040181814,21.13872557360387,20.757665892229788,20.871315002441406,8028600
2011-07-21,20.918105036400462,21.259050966284583,20.563787052756254,21.13203239440918,11624400
2011-07-22,20.92479508166489,21.352651194063988,20.904740183109364,21.24568748474121,9893200
2011-07-25,20.951538881461868,21.178837106795793,20.904742413029847,21.0384464263916,11566300
2011-07-26,21.058493012107707,21.40612558373022,21.03843684543841,21.105289459228516,11919400
2011-07-27,20.851254585959214,20.851254585959214,20.222841950147593,20.316434860229492,13121000
2011-07-28,20.370149246087255,20.611852150657555,20.215728515094405,20.222442626953125,9898800
2011-07-29,20.021017493506474,20.25600622026208,19.927022515038445,19.97402000427246,13036900
2011-08-01,20.12844750392412,20.235870738695468,19.718896901578102,20.068021774291992,13751200
2011-08-02,19.75917727769827,19.987451936881577,19.537616729736328,19.537616729736328,13498600
2011-08-03,19.436914134336497,19.752469783943358,19.215353512147384,19.67190170288086,13077500
2011-08-04,19.349624862421955,19.530902018068407,18.74536895751953,18.74536895751953,17343200
2011-08-05,18.906506327296093,19.06092705968704,17.785275248456507,18.255252838134766,31502600
2011-08-08,17.697990081847966,18.11425467567138,17.429430792249583,17.583852767944336,25663400
2011-08-09,17.805411257535262,18.221675803948916,17.09373101397503,18.188106536865234,23017700
2011-08-10,17.818840998534622,18.255247910823872,17.442858516039845,17.79198455810547,28457800
2011-08-11,17.865846901614407,18.537242861472613,17.718138970870456,18.32910919189453,20370500
2011-08-12,18.65137867687232,18.664805621708886,18.174686919057503,18.2485408782959,11555500
2011-08-15,18.35596733601496,18.517102227555153,18.255258188875626,18.456676483154297,7839100
2011-08-16,18.24182908238668,18.308968937440852,17.91955931483012,18.0806941986084,10995500
2011-08-17,17.926273428394158,18.46338970765509,17.83227711908383,18.0806941986084,9162100
2011-08-18,17.489860720073644,17.603998061488724,16.91246118166727,17.04673957824707,18962600
2011-08-19,16.892318099253792,17.322010998253617,16.643902372239214,16.664043426513672,14538600
2011-08-22,16.986317566504454,17.160880672762627,16.83189680040206,16.892322540283203,9588100
2011-08-23,16.99302944950096,17.617427825927734,16.78489708422071,17.617427825927734,13844400
2011-08-24,17.610708595908438,17.65770608919344,17.30858130453958,17.530141830444336,11949500
2011-08-25,17.5100017883017,17.5637133991627,16.972885679691696,16.993026733398438,12546000
2011-08-26,16.89903108300784,17.27501234453915,16.576761430266718,17.13401985168457,15462500
2011-08-29,17.308585126656947,17.570429093114676,17.248159398922713,17.5637149810791,9048600
2011-08-30,17.523432513866094,17.677853257072666,17.275015477788827,17.590572357177734,7300000
2011-08-31,17.66442415700139,17.86584367695575,17.463005917632962,17.5972843170166,9876300
2011-09-01,17.610708325273215,17.677848149185287,17.1541590593739,17.167587280273438,15109700
2011-09-02,16.912455993885576,17.01987919043244,16.791604577623975,16.83860206604004,8404900
2011-09-06,16.348492558652293,16.758043240401772,16.34177844510411,16.72447395324707,11354200
2011-09-07,17.093732603744755,17.449572758619098,17.093732603744755,17.38243293762207,12871000
2011-09-08,17.24144136799198,17.73155990991395,17.22129903646351,17.32200813293457,13739700
2011-09-09,17.113882246438315,17.78527818210362,17.113882246438315,17.510005950927734,23446100
2011-09-12,17.389157795365026,17.791995689740578,17.187739488470434,17.644289016723633,16605700
2011-09-13,17.69127816898388,17.946407989089312,17.650994782774763,17.892696380615234,12052700
2011-09-14,17.979976241110794,18.543948698123884,17.939691579477294,18.3089599609375,18588600
2011-09-15,18.61109185852057,18.684945809258583,18.39624539883098,18.60437774658203,14892000
2011-09-16,18.79908556961164,18.906508813276822,18.56409674387428,18.678234100341797,12759400
2011-09-19,18.557371597138644,18.671508885741847,18.36266756398337,18.59765625,11942000
2011-09-20,18.69166795618528,18.960226146242388,18.416395651303436,18.490249633789062,11149200
2011-09-21,18.543949256345517,18.738653337759505,18.02697427509028,18.047115325927734,12155600
2011-09-22,17.550286325144278,17.805417453874295,17.308584700740873,17.6107120513916,14769700
2011-09-23,17.691284464454377,18.295540594959654,17.56371886871437,18.27539825439453,17627300
2011-09-26,18.33581642556124,18.423098584722776,17.879267139261266,18.396242141723633,15797300
2011-09-27,18.812518826076,19.027365370860807,18.624527459096086,18.819232940673828,13922300
2011-09-28,18.893083104376295,18.899797218073,18.32911035971555,18.349252700805664,13501300
2011-09-29,18.631234141525827,18.778940761997266,17.95983831660598,18.255252838134766,10490600
2011-09-30,18.053831206037465,18.342531581805293,17.885982269482753,17.892696380615234,11801600
2011-10-03,18.05383137517665,18.32239070064882,17.724847610117585,17.7651309967041,20014800
2011-10-04,17.56371632821718,18.322394398810584,17.510004708398835,18.2955379486084,19500000
2011-10-05,18.33582164712522,18.960220038225174,18.134403389615706,18.933364868164062,14356900
2011-10-06,18.67822958428229,19.04749801561171,18.611089753078232,19.013927459716797,17399400
2011-10-07,19.121353755983865,19.60475959401372,18.94007656672267,19.43691062927246,17818200
2011-10-10,19.678605395153895,20.242577822169928,19.64503612616375,20.01430320739746,15206000
2011-10-11,19.85988329013447,20.0747296933961,19.765888308853896,19.88673973083496,9499200
2011-10-12,20.061302724618606,20.29629147306595,19.933738465089593,19.940452575683594,11651200
2011-10-13,19.74574925750904,20.564851626118905,19.732321034928766,20.410430908203125,14573200
2011-10-14,20.537998810901147,20.79984277824007,20.376863963262895,20.766273498535156,16026000
2011-10-17,20.6387018605051,20.739410950585984,20.215723169931177,20.282861709594727,12213500
2011-10-18,20.423862431663736,20.81327198532706,20.088164496416525,20.739418029785156,12008100
2011-10-19,20.477573773092473,20.71927669298862,20.276155526903004,20.309724807739258,11689900
2011-10-20,20.323151431249745,20.376863044707935,19.752464737890325,20.108304977416992,13876900
2011-10-21,20.34329279015392,20.981119330020917,20.249297785342915,20.450716018676758,14435800
2011-10-24,20.564854504832052,21.289961978053704,20.564854504832052,21.276535034179688,15743800
2011-10-25,20.846840583942367,21.25639246131982,20.692419846126132,20.793128967285156,21694200
2011-10-26,21.00797404752971,21.021400989549992,20.397002724811294,20.813268661499023,14127800
2011-10-27,21.427607285796487,21.603132895086713,21.137314981495226,21.48161506652832,12756600
2011-10-28,21.380353563740044,21.522123524689555,21.036053431601935,21.265586853027344,9854200
2011-10-31,20.995546775299186,21.117064613901462,20.732257695778525,20.745759963989258,8254300
2011-11-01,20.151675150408764,20.42846522180504,20.009903903696372,20.15842628479004,12316000
2011-11-02,20.455465108027145,20.50272304092509,20.165174103250404,20.293441772460938,7825700
2011-11-03,20.57699050903021,21.0495597108558,20.293449245464352,21.00905418395996,12362900
2011-11-04,20.860521124814166,21.569374565734325,20.84026901552722,21.46135902404785,18602100
2011-11-07,21.38034855125492,21.441107459602243,21.009045255929674,21.28583526611328,7031900
2011-11-08,21.414107912301205,21.555879160658645,21.03605339609343,21.299341201782227,11850200
2011-11-09,20.826770821104695,20.928035250270135,20.428462950426496,20.462217330932617,10254000
2011-11-10,20.617494396911486,20.867279946234074,20.367707559941596,20.664751052856445,8994100
2011-11-11,20.92128672088923,21.387104698211058,20.894283470652425,21.265586853027344,7419400
2011-11-14,21.164317841116986,21.41410332437049,20.934784469256112,21.036048889160156,9040400
2011-11-15,20.96179253902022,21.272338290879446,20.91453588469642,21.0293025970459,10368600
2011-11-16,20.847033308578236,21.66390285733003,20.793025500303983,21.238590240478516,22256700
2011-11-17,21.110310755607173,21.258831823817793,20.327197327502102,20.516223907470703,13049200
2011-11-18,20.54998072595745,20.637742887628747,20.273190686071036,20.286691665649414,12282400
2011-11-21,20.097662998142326,20.151670773815777,19.537331842662688,19.72635841369629,10792100
2011-11-22,19.726363827530573,19.739866097066326,19.226791443533468,19.368562698364258,16233300
2011-11-23,19.199786920450975,19.21328790144522,18.84198452733567,18.86223793029785,10462000
2011-11-25,18.970251055678258,19.044510948327247,18.760971069335938,18.760971069335938,3502700
2011-11-28,19.34155522910166,19.645349809395544,19.179531882160624,19.37531089782715,9861100
2011-11-29,19.469828478925706,19.74661858514154,19.314556231565092,19.334808349609375,7822100
2011-11-30,19.83438217391993,20.34745689898795,19.773624527832542,20.320453643798828,13023400
2011-12-01,20.178675606373606,20.516224552817576,20.17192447292708,20.39470672607422,10578900
2011-12-02,20.516224345415143,20.610738925063977,20.198928802518346,20.232683181762695,7346600
2011-12-05,20.468969673010296,20.705254213444142,20.286692917163002,20.40821075439453,8738100
2011-12-06,20.536483764648438,20.617496101284868,20.320452583814507,20.536483764648438,8930700
2011-12-07,20.44196958614718,20.887534199810165,20.252941667035138,20.705257415771484,12100000
2011-12-08,20.570232155844256,20.9482878997162,20.138169920158646,20.198928833007812,11444800
2011-12-09,19.240291458664906,20.266440645495685,19.240291458664906,20.212432861328125,25529300
2011-12-12,19.942400797373406,20.003158448761226,19.483333830282568,19.66560935974121,13771600
2011-12-13,19.81412150891122,19.915385925579702,19.118770282533006,19.179529190063477,10965400
2011-12-14,19.125524358474475,19.39556327369451,18.86223657709083,18.929746627807617,9297600
2011-12-15,19.078274786092017,19.294305998401867,19.037769255695817,19.24704933166504,10480000
2011-12-16,19.53733720461925,19.645352785610662,19.247044847837095,19.368562698364258,12977200
2011-12-19,19.422574034711594,19.42932517071198,18.835238079153346,18.868993759155273,7476100
2011-12-20,19.139028070424185,19.908639358789774,19.139028070424185,19.841129302978516,14606400
2011-12-21,19.76012405829788,19.86813966419902,19.13903368054252,19.280803680419922,12816000
2011-12-22,19.355058753877778,19.9829000688377,19.348307619694133,19.915390014648438,8592600
2011-12-23,20.06391231755637,20.111170259700852,19.820877910478195,20.070663452148438,3896300
2011-12-27,19.942397114471387,20.11792147521661,19.861384781502757,20.003154754638672,3630400
2011-12-28,19.996403864709837,20.003153711761914,19.604847065678115,19.625099182128906,3759300
2011-12-29,19.652106511727283,19.820881040237072,19.564343035819608,19.8073787689209,3496800
2011-12-30,19.760115166671465,19.874881857254838,19.645348476088095,19.652099609375,3809800
2012-01-03,19.982898210981517,20.21243160129645,19.915388163068823,20.090913772583008,7226200
2012-01-04,19.94240008589668,20.084170080156376,19.739869867121705,19.9626522064209,5837400
2012-01-05,19.874882504908246,20.185426920343396,19.874882504908246,20.104415893554688,6568700
2012-01-06,19.98964919923147,20.104415893554688,19.888383484274996,20.104415893554688,6052800
2012-01-09,20.063912702502797,20.435217386306874,20.050411720706894,20.3609561920166,8040700
2012-01-10,20.4217161809271,20.718759685918208,20.29344718982795,20.705257415771484,10151400
2012-01-11,20.603990010718046,20.7795156345161,20.4487177892361,20.745759963989258,6446000
2012-01-12,20.786267246797077,21.22508067256326,20.685001520534176,21.177824020385742,8783200
2012-01-13,21.002300787218612,21.171075300037412,20.799770599247644,20.894285202026367,8155900
2012-01-17,21.157572801418404,21.184576053601084,20.928039363452623,20.975296020507812,5753900
2012-01-18,21.58288053271651,22.838564392343812,21.576129398844373,22.76430320739746,27363300
2012-01-19,22.57527962684835,23.02084427161197,22.487518727710963,22.831817626953125,14179800
2012-01-20,22.67653843641087,22.77780415095869,22.453754894523296,22.71029281616211,11312300
2012-01-23,22.541519966700992,22.818310021080258,22.284982026573243,22.4064998626709,14837600
2012-01-24,22.50776755029547,22.60228085878283,21.91368058585339,21.954187393188477,20920600
2012-01-25,21.981189305351297,22.210722702239092,21.603133541273106,22.143211364746094,17599800
2012-01-26,22.19047118973188,22.433506888906884,21.765161291470196,21.846172332763672,12689000
2012-01-27,21.70365547005519,22.280520920003283,21.68329639626841,22.131214141845703,8431400
2012-01-30,21.839384078979492,21.914037452366923,21.717224484144587,21.839384078979492,9225100
2012-01-31,21.988690305385084,22.036196525708306,21.71722397019965,21.975116729736328,12000000
2012-02-01,22.253366586620263,22.524830308858803,22.02262099882547,22.300872802734375,11813400
2012-02-02,22.294091800392195,22.53162554528448,22.287306305461758,22.436613082885742,9876300
2012-02-03,22.626632874919277,23.13563031278738,22.56555307881931,23.02704429626465,14258500
2012-02-06,22.89809861875768,22.925243180515544,22.599485139368184,22.809871673583984,8693800
2012-02-07,22.640205497275836,22.816656795859807,22.443392541586025,22.687711715698242,9965500
2012-02-08,22.687716158429545,23.115274796850883,22.674142580665904,22.972753524780273,8367800
2012-02-09,23.040616588015418,23.067763737857053,22.857377209926437,22.93881607055664,6474900
2012-02-10,22.667358262282438,22.742009060512704,22.524836982817394,22.64021110534668,5420100
2012-02-13,22.735224183438547,22.918463614390433,22.22622662709291,22.572343826293945,7301600
2012-02-14,22.456965776104575,22.558766293405647,22.199073030797965,22.54519271850586,7100000
2012-02-15,22.40267268794107,22.762365969999347,22.40267268794107,22.67413902282715,8579500
2012-02-16,22.71486069372491,23.217070068571946,22.599486590490354,23.013471603393555,8888700
2012-02-17,23.128847052016322,23.17635327702485,22.70807393209064,22.796300888061523,7659300
2012-02-21,22.82344447392194,22.82344447392194,22.531619086552155,22.58591079711914,6831500
2012-02-22,22.51803914480163,22.674131328277475,22.328014328203896,22.368732452392578,6498700
2012-02-23,22.287298178186923,22.735215758226044,22.083699748877226,22.613056182861328,5775600
2012-02-24,22.721642184419466,22.803081038364443,22.592697116598707,22.613056182861328,3609200
2012-02-27,22.436612164010107,22.667357815626495,22.260158236300047,22.470544815063477,5986000
2012-02-28,22.52482826640481,22.965960334772575,22.490895627813686,22.884521484375,6378700
2012-02-29,22.891307946396832,22.891307946396832,22.59269708969122,22.63341522216797,7069700
2012-03-01,22.728435629591246,22.775941854678305,22.395889465086718,22.511260986328125,6630800
2012-03-02,22.48411587958344,22.63342004530543,22.24658217097499,22.27372932434082,4721800
2012-03-05,22.199075647727575,22.246581871029743,21.79866420211287,21.84617042541504,7860800
2012-03-06,21.62221088528247,21.83938291140187,21.486477721734158,21.798662185668945,8830100
2012-03-07,21.798664313393065,22.23300840802732,21.75794617258049,22.158357620239258,7537300
2012-03-08,22.36195963229654,22.382318705926952,22.09728131951945,22.124425888061523,7189900
2012-03-09,21.85295688447551,22.049769845758775,21.73079729394761,21.900463104248047,12369800
2012-03-12,21.927605648789655,22.01582998760789,21.649352587459326,21.656139373779297,7050900
2012-03-13,21.764727167268656,21.920819382204918,21.67650152670167,21.914033889770508,10321000
2012-03-14,21.8597417221289,22.151567114204443,21.66293006119606,21.724008560180664,8657900
2012-03-15,21.785081443600085,22.273719636064627,21.744363320157312,22.246572494506836,8428200
2012-03-16,22.246579754144125,22.599484942875776,22.185499960154132,22.409460067749023,11965600
2012-03-19,22.395886157890814,23.02704315672477,22.36873900787985,22.96596336364746,10684400
2012-03-20,22.837020764857645,22.877738905401934,22.572339906844782,22.789514541625977,7977800
2012-03-21,22.782724522931343,22.91166960518922,22.55197892017345,22.809871673583984,8250000
2012-03-22,22.606272853959084,22.742003427226102,22.511257828219538,22.687711715698242,5536800
2012-03-23,22.728430238700856,22.775936452520057,22.402669645519936,22.63341522216797,6339900
2012-03-26,22.782730031292907,23.074555499128817,22.701291148539635,23.06777000427246,5712600
2012-03-27,23.08812292092051,23.23742965689932,22.9863224029541,22.9863224029541,5476200
2012-03-28,22.89131200864095,22.9591798896367,22.43660885599666,22.619848251342773,6509900
2012-03-29,22.504470797681712,22.63341586903417,22.389099300507606,22.524829864501953,7208600
2012-03-30,22.613058714694503,23.00668463247347,22.572337988715542,22.809871673583984,7785300
2012-04-02,22.49090494216937,22.67414437312125,22.361959826564167,22.572343826293945,7410300
2012-04-03,22.531625482937795,22.531625482937795,22.076919656993606,22.124425888061523,7874900
2012-04-04,21.9276138317997,21.93439932620477,21.649360666630052,21.82581329345703,10254000
2012-04-05,21.778304720303282,22.158357088434435,21.71722492165533,22.029409408569336,6112500
2012-04-09,21.68328980227749,21.914035394306815,21.61542322324875,21.81223487854004,5092200
2012-04-10,21.730800510514705,21.975119727734345,21.459335432741547,21.5068416595459,11486600
2012-04-11,21.669714533505953,21.839380320590156,21.65614095987188,21.710433959960938,5891500
2012-04-12,21.72400763738933,22.09727446411505,21.65614235374536,22.063339233398438,5873200
2012-04-13,21.995476319291893,22.260154578469223,21.839384078979492,21.839384078979492,8947700
2012-04-16,22.104061444910556,22.165141239859715,21.58149044121103,21.852956771850586,6878500
2012-04-17,21.93438813327401,22.280507715901027,21.93438813327401,22.246572494506836,6303500
2012-04-18,22.15157154877886,22.321237387956266,21.95475855399821,22.20586585998535,5670800
2012-04-19,22.280517048419227,22.484115517594994,21.968329967528394,22.151569366455078,8923800
2012-04-20,22.389099004950918,22.42981713805388,21.93439333710979,22.03619384765625,48477500
2012-04-23,21.85295703381792,21.89367517167561,21.588277487716187,21.64257049560547,13134900
2012-04-24,22.199075171565106,22.226222323982622,21.174294762305944,21.282880783081055,18923700
2012-04-25,21.377895678348825,21.703653778018136,21.28967001177291,21.696866989135742,10774100
2012-04-26,21.574055384367636,21.83332555270425,21.574055384367636,21.799211502075195,9420400
2012-04-27,21.833322028769246,21.983426950592172,21.73097859203287,21.949310302734375,10444000
2012-04-30,21.84696644267793,21.8947266226267,21.730976876502083,21.792383193969727,8635400
2012-05-01,21.587698058156615,21.86061564128087,21.58087498844176,21.730979919433594,8224900
2012-05-02,21.594522935855533,21.93566994332311,21.567231956078682,21.894731521606445,9121700
2012-05-03,21.922024413552048,21.969784605517948,21.403482769668123,21.41712760925293,11499800
2012-05-04,21.15786032861738,21.219266669925155,20.79624535217914,20.87129783630371,11574300
2012-05-07,20.79623868785976,21.103270296007913,20.79623868785976,20.884937286376953,8321900
2012-05-08,20.71436857309256,20.953169536439457,20.427806115708638,20.89858627319336,10458600
2012-05-09,20.680253370950496,20.966815830423215,20.45509724574819,20.87811851501465,12219000
2012-05-10,20.93952255125287,21.062335206315485,20.700720311005288,21.00092887878418,9853800
2012-05-11,20.980463513022244,21.348901545712327,20.919057174240564,20.97364044189453,7204600
2012-05-14,20.789419746701164,21.014575870262274,20.652962239269744,20.89858627319336,5845100
2012-05-15,20.905405919964558,21.0486877758742,20.6188435095127,20.66660499572754,5245900
2012-05-16,20.707540790796525,20.850821336203122,20.420978398615976,20.44144630432129,6847600
2012-05-17,20.475561625330702,20.523321807076663,19.977489299455215,20.025249481201172,8167400
2012-05-18,20.127588845734728,20.154881116283452,19.540818042608045,19.602224349975586,9441700
2012-05-21,19.67045783649481,20.134416121862863,19.513531152140132,20.11394691467285,7392200
2012-05-22,20.134423165674377,20.134423165674377,19.875151656033648,20.032079696655273,5783200
2012-05-23,19.84102662516851,19.916079068239217,19.50670411723905,19.8819637298584,8100000
2012-05-24,19.909258439065386,19.970664754304863,19.568112821675964,19.711393356323242,8393000
2012-05-25,19.718219730044765,19.8819694976757,19.636345496913034,19.745512008666992,4862100
2012-05-29,19.875151656033648,20.052547609638406,19.779631258464864,20.032079696655273,6523900
2012-05-30,19.80009286781816,19.875144022209682,19.677280231619097,19.75233268737793,5076300
2012-05-31,19.656813889860516,19.697752308804667,19.308845137040247,19.431657791137695,9772300
2012-06-01,19.165559130333016,19.199673168394604,18.40139244490234,18.42186164855957,19508700
2012-06-04,18.442329726994696,18.619725577099203,18.26493387689019,18.483266830444336,8815100
2012-06-05,18.449157614027254,18.858531358200445,18.449157614027254,18.749364852905273,10820200
2012-06-06,18.91311922623581,19.534004364630096,18.810775765217535,19.51353645324707,13390200
2012-06-07,19.711391864982584,19.79326737956303,19.179205574994715,19.261079788208008,11843700
2012-06-08,19.15191465341086,19.47941413209028,19.097331406964287,19.458946228027344,6729200
2012-06-11,19.54082080580667,19.64998730070424,18.844884726176485,18.865352630615234,7862600
2012-06-12,18.994986168104294,19.38389192455786,18.913110655571746,19.267902374267578,9531000
2012-06-13,19.158738196360265,19.22014451280431,18.899468094659955,18.981342315673828,10268700
2012-06-14,19.05639783325675,19.117804159573573,18.687959875355798,18.919939041137695,7856900
2012-06-15,19.04274669830903,19.10415300851721,18.872173903590127,19.00863265991211,13562600
2012-06-18,18.940411449138182,19.25426490210301,18.86535897066063,19.117807388305664,6562400
2012-06-19,19.240613767868968,19.349780263744393,19.10415499734105,19.288373947143555,7403100
2012-06-20,19.36342550795078,19.479415074934785,19.145092511596722,19.472593307495117,7764200
2012-06-21,19.520358007674723,19.520358007674723,18.776660253287496,18.83124351501465,8264100
2012-06-22,18.933582565894646,19.19285267347465,18.810769930221426,19.138269424438477,7851600
2012-06-25,18.90629462273685,18.954056115283603,18.380931218398647,18.408222198486328,7081800
2012-06-26,18.40822549290553,18.503747193726422,18.15577835110308,18.442340850830078,7518600
2012-06-27,18.469627380371094,18.64702329468198,18.374107003960436,18.469627380371094,5618900
2012-06-28,18.380924388520587,18.421861494124737,18.11482994867581,18.33316421508789,5903200
2012-06-29,18.69478323771075,19.5817627976327,18.687960167861256,19.574939727783203,14743000
2012-07-02,19.574937769559213,19.643167159861186,19.179208867448615,19.295198440551758,6992600
2012-07-03,19.247441924645887,19.486244201660156,19.19285865858843,19.486244201660156,3545100
2012-07-05,19.445304108983525,19.45895024875663,19.165564750472463,19.38389778137207,4695400
2012-07-06,19.254260200980248,19.322489591903874,18.68113539940959,18.913114547729492,7054200
2012-07-09,18.879004592115084,18.913118644282253,18.59926519996773,18.701608657836914,6768900
2012-07-10,18.6265533453751,18.960877252274518,18.483272786447472,18.687959671020508,9540200
2012-07-11,18.660673661255128,18.933590013792994,18.524214834302285,18.626558303833008,7951600
2012-07-12,18.42868764707404,18.4764478285022,18.128479119196168,18.244468688964844,9661300
2012-07-13,18.244468609131946,18.50374002341794,18.19670842791277,18.435510635375977,7268000
2012-07-16,18.073901832385715,18.23082856639065,17.99202758045608,18.0329647064209,8016200
2012-07-17,18.14212989807129,18.20353623314936,17.780514958319063,18.14212989807129,8203800
2012-07-18,18.14212427657702,18.892644905023264,18.046603918883466,18.865352630615234,8045900
2012-07-19,19.049573216830293,19.206499904068682,18.90629136660196,19.13144874572754,8153800
2012-07-20,19.11780235235827,19.11780235235827,18.571968536847482,18.592437744140625,9478300
2012-07-23,18.19670595994269,18.421861998986728,17.835091163322254,18.299049377441406,9563900
2012-07-24,18.080720725105476,18.476449654958746,17.882855609495106,18.128480911254883,11880600
2012-07-25,18.09436717032899,18.510564014787498,17.998845495047657,18.169418334960938,7618400
2012-07-26,18.503741788044646,18.92676169178531,18.305876673990095,18.45598030090332,8031300
2012-07-27,18.661953662415595,18.87480118279214,18.394177707438747,18.77181053161621,11710000
2012-07-30,18.847348583642866,18.95033929472767,18.545241362809225,18.68256187438965,8000900
2012-07-31,18.689424983176842,18.847345444105404,18.620765393622722,18.703157424926758,10633900
2012-08-01,18.867943217958587,19.087657052466753,18.758086300704502,18.97093391418457,9361300
2012-08-02,18.79927830040546,19.11511785222336,18.53836850507544,18.710020065307617,9437500
2012-08-03,18.95720214773497,19.4858880532401,18.95720214773497,19.410362243652344,8619800
2012-08-06,19.41036344944162,19.691871971677923,19.348568768014353,19.3897647857666,9780900
2012-08-07,19.444697639160335,20.15876909271953,19.430965193607715,20.069509506225586,14547300
2012-08-08,19.98711607143915,20.18623127980534,19.95278495992912,20.158767700195312,7852100
2012-08-09,20.124437667341088,20.454009807512236,20.069509195578906,20.282358169555664,7914100
2012-08-10,20.268625002460038,20.426544189453125,20.138169395571044,20.426544189453125,6591100
2012-08-13,20.40594624882202,20.426544916832114,20.014580723816724,20.282358169555664,7788500
2012-08-14,20.419671514903364,20.495198628121408,20.151895472908645,20.241153717041016,5899200
2012-08-15,20.282357829591408,20.55700018379887,20.206830691085088,20.5295352935791,7841900
2012-08-16,20.598189134124226,20.85909895360019,20.474599789783863,20.783573150634766,9181600
2012-08-17,20.85910383993407,20.85910383993407,20.474604586047157,20.5020694732666,10129100
2012-08-20,20.57759377937114,20.591326221970125,20.234290571983312,20.275487899780273,8885100
2012-08-21,20.351011276245117,20.50893172801446,20.248020588289563,20.351011276245117,8565600
2012-08-22,20.309822449279814,20.419679396583167,20.028313858115204,20.172500610351562,6671400
2012-08-23,20.06263146541979,20.254881661115924,19.918444800845677,20.13129234313965,5787400
2012-08-24,20.055770964583512,20.378476788990994,19.993977597575416,20.296083450317383,5739000
2012-08-27,20.32354253883578,20.35787232289705,20.09009634034666,20.13129234313965,6009700
2012-08-28,20.055771576561444,20.296084069628165,20.021441781665228,20.076370239257812,6408900
2012-08-29,20.124429314979448,20.296080881694447,20.01457241704965,20.18622398376465,4183200
2012-08-30,20.02831589708591,20.17250266400112,19.863530459354994,19.918458938598633,6076200
2012-08-31,20.124433408909116,20.172495647831052,19.829192444562604,19.939050674438477,8706300
2012-09-04,19.856653257855758,19.918447926541003,19.56827857385712,19.76739501953125,5823000
2012-09-05,19.705611118157616,19.83606543702112,19.547690595452043,19.582021713256836,5841000
2012-09-06,19.698736655925035,20.302949671006658,19.66440555247866,20.296083450317383,8748800
2012-09-07,20.11756735960005,20.145032244703156,19.939050844821054,20.035175323486328,8065300
2012-09-10,20.028300619392667,20.110693930207198,19.664398903490806,19.68499755859375,7912400
2012-09-11,19.64381338918893,19.808598800468772,19.582018696259237,19.623214721679688,8352000
2012-09-12,19.547682117313936,19.781128378744256,19.389762972698627,19.630075454711914,10427700
2012-09-13,19.57514827982849,20.014575949095093,19.451558920447816,19.849790573120117,13060500
2012-09-14,19.94591405275049,20.392209230369545,19.925316700280355,20.296083450317383,10377800
2012-09-17,20.344151953724012,20.39908042656438,19.897857948196258,19.98025131225586,5497900
2012-09-18,19.870388990637142,19.897852564828003,19.623210274930692,19.678138732910156,9955600
2012-09-19,19.691877597003966,19.76053851927042,19.485894830204604,19.69874382019043,11371700
2012-09-20,19.561415041302773,19.84978976491697,19.506486584880914,19.80859375,7822900
2012-09-21,19.890987863453095,20.110703021753825,19.884121641981398,19.904720306396484,10882300
2012-09-24,19.66441056800149,19.726205260368374,19.554553628148813,19.691875457763672,6481300
2012-09-25,19.774267047087545,19.87725907169785,19.07392939924503,19.108259201049805,10702200
2012-09-26,18.85421377204827,18.936607127880936,18.49717938903461,18.92974090576172,16989600
2012-09-27,19.03272693934158,19.190647390064477,18.833611785226616,19.1425838470459,9243300
2012-09-28,19.032723710355675,19.10138459342166,18.81300993222245,18.922866821289062,9304500
2012-10-01,18.916003681722973,19.09452148291992,18.861075228246808,18.95720100402832,9697700
2012-10-02,19.053325470212204,19.087655262535694,18.888540109783705,18.95720100402832,8798800
2012-10-03,18.778688122676336,19.019000660693365,18.778688122676336,18.861080169677734,8758500
2012-10-04,18.943473159760845,19.16318702697754,18.833616226152497,19.16318702697754,5766000
2012-10-05,19.266176054934192,19.588881915106818,19.211247592930018,19.334836959838867,10466600
2012-10-08,19.183783149455223,19.38289832411945,19.07392623041335,19.21811294555664,6772400
2012-10-09,19.19065578955976,19.218119373707466,18.723763072664838,18.758092880249023,9783500
2012-10-10,18.80615091433524,18.840482023813248,18.57957083017209,18.65509796142578,9056700
2012-10-11,18.641369240287506,18.90228048603224,18.538378510482243,18.744359970092773,9962000
2012-10-12,18.73062515258789,18.902276771733167,18.579570889597374,18.73062515258789,7583200
2012-10-15,19.080795984219776,19.643813125947222,19.039598649753362,19.376035690307617,13724900
2012-10-16,19.444695365534933,19.76053502832432,19.39663312131866,19.72620391845703,8000600
2012-10-17,19.355430984986505,19.73306390705259,19.307368755952368,19.547679901123047,8143700
2012-10-18,19.540822433439505,19.81546611024022,19.444697932318117,19.74680519104004,10508200
2012-10-19,19.746804958567694,19.75367118136669,19.046465948247317,19.094528198242188,11642400
2012-10-22,19.0121381770486,19.389771304191562,18.9709408358489,19.080799102783203,9642500
2012-10-23,18.77182052241415,19.211248233090217,18.6825609501844,19.115123748779297,13114500
2012-10-24,19.163187746757536,19.211249993316688,18.826750711245467,19.019001007080078,8930500
2012-10-25,19.224979338185943,19.3623011430121,19.13572108176739,19.314237594604492,9339800
2012-10-26,19.286779329625855,19.85666275024414,19.266180660351164,19.85666275024414,13015600
2012-10-31,19.98806568873555,19.98806568873555,19.407097576275465,19.427846908569336,9626600
2012-11-01,19.573094402529673,20.216309393989782,19.483183239472037,20.202476501464844,9974900
2012-11-02,20.243967430516587,20.26471544218531,19.697580257510175,19.732162475585938,9845000
2012-11-05,19.82207677776879,20.40996138741044,19.68375052167301,20.382295608520508,10014100
2012-11-06,20.396127815106485,20.762691458063955,20.326964689374165,20.707361221313477,13155400
2012-11-07,20.486038426817885,20.562116671003256,20.036478809688912,20.257801055908203,10179200
2012-11-08,20.237054474931064,20.403045192774435,20.14022688598334,20.1540584564209,8314200
2012-11-09,20.147142073661975,20.679696452868527,20.057230929244604,20.409961700439453,11330700
2012-11-12,20.444542605405296,20.53445506899963,20.292384776707838,20.409961700439453,7221300
2012-11-13,20.271635491148857,20.569036023609968,20.257803920635315,20.320049285888672,9544100
2012-11-14,20.3546342955871,20.499875699682406,19.84974562538368,19.89124298095703,10029300
2012-11-15,19.884319623787913,20.112556978876498,19.815156509087227,19.911985397338867,9833900
2012-11-16,19.932734050005187,20.022646497763574,19.400179764595467,19.5869197845459,12828700
2012-11-19,19.84974268911128,20.015733406027667,19.67683552742626,19.988067626953125,8284500
2012-11-20,19.89123608835103,20.271631240844727,19.7805756323828,20.271631240844727,9087400
2012-11-21,20.264716534803433,20.347712543483443,20.098725836620222,20.195554733276367,5355700
2012-11-23,20.361546044986692,20.638197216961338,20.17480600921249,20.465290069580078,4249900
2012-11-26,20.41687980789207,20.596703430547493,20.257805521412024,20.492958068847656,6133500
2012-11-27,20.499869093459033,20.596697984162613,20.333878405480114,20.375375747680664,6345500
2012-11-28,20.292387466128154,20.631285392581194,20.091814497048137,20.596704483032227,8315700
2012-11-29,20.610532480124803,20.81802185895775,20.506788450296785,20.78343963623047,8044900
2012-11-30,20.790356612908422,20.887185519846245,20.361547593530002,20.382295608520508,11689200
2012-12-03,20.582875767480473,20.6451224726392,20.444549462866103,20.4791316986084,5748000
2012-12-04,20.499879720876372,20.603625108925854,20.32697249969711,20.4791316986084,8286300
2012-12-05,20.458374456981737,20.707361181468226,20.389211331382498,20.65203094482422,5798000
2012-12-06,20.624372883222527,20.790363655257586,20.499879474401887,20.617456436157227,5625300
2012-12-07,20.665861004072415,20.672777448044485,20.416875616961917,20.645112991333008,5019100
2012-12-10,20.624364852905273,20.714277310568423,20.548285283986743,20.624364852905273,7256800
2012-12-11,20.714278852705014,21.53731600663017,20.67969662826889,21.447404861450195,16770100
2012-12-12,21.48890726072133,21.627233552613614,21.23992046298613,21.481990814208984,11707000
2012-12-13,21.385157272745936,21.61339466766945,21.053175847252994,21.15000343322754,7443500
2012-12-14,21.06009508076604,21.5096534855517,20.997848390345876,21.30216407775879,9093300
2012-12-17,21.080838186194914,21.43356890999569,21.05317372977472,21.378238677978516,7374000
2012-12-18,21.440486280174788,21.82088147682973,21.3505751439538,21.675640106201172,9266200
2012-12-19,21.682560734416477,22.000709313857953,21.6133975982666,21.6133975982666,8054800
2012-12-20,21.613396401245414,21.689475978714444,21.419739894586524,21.634145736694336,6978900
2012-12-21,21.392078399658203,21.495822452935222,21.025514670957037,21.392078399658203,13373000
2012-12-24,21.315998811639023,21.40591129187573,21.20533831225324,21.392078399658203,1978900
2012-12-26,21.378241344996766,21.551148506518366,21.267580867157097,21.309078216552734,4503700
2012-12-27,21.26065444946289,21.392064199947267,21.05316648063605,21.26065444946289,6179000
2012-12-28,21.12925908364187,21.36441297863092,21.05318081350581,21.073928833007812,4822300
2012-12-31,21.08083897114948,21.433569708084345,20.956345614681076,21.36440658569336,7153000
2013-01-02,21.820880293092483,22.415681270089788,21.77938294933216,22.346519470214844,13357500
2013-01-03,22.23586283482554,22.325772662468292,21.97995964603901,22.05603790283203,8832500
2013-01-04,22.132117041914437,22.256610411343523,21.95920987752448,22.00762367248535,7606600
2013-01-07,21.973043908421996,22.263526693273107,21.973043908421996,22.0767879486084,7392900
2013-01-08,21.959205212339597,22.132112339995814,21.710218526378103,21.820878982543945,6904200
2013-01-09,21.841628473682135,22.139027627333462,21.834712030223727,22.132112503051758,6754000
2013-01-10,22.20819300788491,22.52634150546313,22.18744499580262,22.429513931274414,8018700
2013-01-11,22.41568466678653,22.574758941286607,22.36035574617317,22.42259979248047,5376500
2013-01-14,22.30502093306268,22.57475564779105,22.30502093306268,22.367267608642578,5516500
2013-01-15,22.228939947572396,22.3949319512833,22.11136304779691,22.325767517089844,4922300
2013-01-16,22.25660625795632,22.51942583752243,22.187444460448454,22.48484230041504,5415300
2013-01-17,22.484849434182337,22.9966558685231,22.443353397853553,22.927494049072266,9193900
2013-01-18,22.844490508188375,23.1972225515082,22.837575383459207,23.18338966369629,13294700
2013-01-22,23.06581381520615,23.148811150636984,22.91365731029065,23.14189338684082,13045800
2013-01-23,22.996653520107422,23.03123442630144,22.68542008765321,22.879077911376953,9516500
2013-01-24,22.927488808019056,23.245637326133377,22.830658589226545,22.885990142822266,7827500
2013-01-25,22.92748490887878,23.024312472850717,22.62316669256328,22.685413360595703,8436000
2013-01-28,22.71308934982004,23.038155722254675,22.692341330593806,22.851415634155273,7773000
2013-01-29,22.698276460059528,22.851408886787695,22.545144033331365,22.74003791809082,6183000
2013-01-30,22.712197143770958,22.94885513462938,22.68435440243939,22.844446182250977,8352700
2013-01-31,22.84444030367742,23.046296143542676,22.73307202223957,23.025415420532227,13790600
2013-02-01,23.09503233642191,23.491782223782895,23.025428117851146,23.470901489257812,13854400
2013-02-04,23.317760838091385,23.450009869051563,23.143747697508616,23.157669067382812,16353400
2013-02-05,23.26903889062297,23.5683417243883,23.115906467236993,23.491775512695312,8434100
2013-02-06,23.38736958517763,23.450014434192028,23.24119915588747,23.359529495239258,9102400
2013-02-07,23.303841444707746,23.352564915784967,22.914051020859947,23.26207733154297,10626900
2013-02-08,23.39433132101476,23.867647362335326,23.359529217582722,23.860685348510742,13022900
2013-02-11,23.791088840328783,23.798048201175092,23.42914100600434,23.450021743774414,8275000
2013-02-12,23.380410226500615,23.456976448099365,23.255120528471817,23.359529495239258,7055500
2013-02-13,23.40129461545631,23.582269832109482,23.345611771645846,23.470901489257812,5424700
2013-02-14,23.310809401476934,23.5544268189789,23.178557670349548,23.519624710083008,6394200
2013-02-15,23.547466891414487,23.568347625202318,23.2481639827126,23.380413055419922,6519100
2013-02-19,23.47090315149649,23.707561228720543,23.269047186022544,23.624032974243164,6098000
2013-02-20,23.651872389568428,23.65883440407499,23.00454311244656,23.011505126953125,8968900
2013-02-21,22.962780272780037,22.969739631639765,22.405935975707486,22.607791900634766,11422300
2013-02-22,23.07414892424343,23.839805860593685,23.07414892424343,23.79108238220215,20543100
2013-02-25,23.805010948800273,23.979024182848182,23.463943841764628,23.47786521911621,13942700
2013-02-26,23.4639390412592,23.65187361420901,23.401294183609263,23.498741149902344,9811800
2013-02-27,23.526585827845956,23.999901978845692,23.463940965059788,23.867652893066406,7104600
2013-02-28,23.923321880537813,24.12517772759678,23.832836974114997,23.965085983276367,13413000
2013-03-01,23.75628411115272,24.062546404076606,23.547468790739575,24.02774429321289,9336900
2013-03-04,23.972050010060144,24.06253758934253,23.74235403831856,24.055578231811523,7424800
2013-03-05,24.139106470265794,24.36880246743219,24.076461624633108,24.36184310913086,12979700
2013-03-06,24.382723334899524,24.54281512482035,24.32704050395017,24.45928955078125,8706000
2013-03-07,24.494085122867716,24.53584922636966,24.403600214790966,24.501047134399414,8423000
2013-03-08,24.570662896568987,24.58458427096302,24.236557876804167,24.563703536987305,11510500
2013-03-11,24.54978553087664,24.77252224127981,24.438417175675056,24.723798751831055,8907500
2013-03-12,24.70986661517575,24.862999032605327,24.57761758072376,24.793392181396484,10862800
2013-03-13,24.501058679829484,24.626348394145126,24.396649699489558,24.563703536987305,9363100
2013-03-14,24.709872173142827,24.869963984087647,24.584582468015498,24.626346588134766,8676000
2013-03-15,24.501049898967604,24.64026093778583,24.25742991722828,24.417524337768555,14809100
2013-03-18,23.811965716937404,24.347926693054962,23.811965716937404,24.097347259521484,9094600
2013-03-19,24.146069560876395,24.29920201947746,23.867650046874257,24.12518882751465,11004700
2013-03-20,24.306154915466795,24.46624934610388,24.229591361756302,24.40360450744629,7556000
2013-03-21,24.20871730305595,24.31312629277653,23.832850781569846,23.867652893066406,9540200
2013-03-22,24.00686056094759,24.16695237512099,23.89549222694738,23.985977172851562,7647400
2013-03-25,24.055580582434164,24.278317218409747,23.881567419626357,23.999895095825195,7552800
2013-03-26,24.18087502419114,24.438413812294748,24.0973467778624,24.43145179748535,7249200
2013-03-27,24.236549190735946,24.445364421348426,24.055576698933056,24.417524337768555,8214600
2013-03-28,24.368802052666588,24.709869018690622,24.354883336300833,24.695947647094727,8651800
2013-04-01,24.542820035270967,24.751637994993544,24.264400514358623,24.368806838989258,11066900
2013-04-02,24.215673081043324,24.375764876875923,24.062540643625088,24.201751708984375,8763300
2013-04-03,24.18086416672214,24.285270444907518,23.665784166560734,23.770193099975586,13625700
2013-04-04,23.846764367851616,24.1043057789863,23.721477324484088,24.006858825683594,9406500
2013-04-05,23.742357365048157,23.825882943273083,23.533542091870714,23.805002212524414,11092000
2013-04-08,23.867653569960346,24.417535974985885,23.846770178285425,24.410573959350586,8662800
2013-04-09,24.438412995956966,24.64026893499598,24.222635682994856,24.473215103149414,7745400
2013-04-10,24.60547414616091,24.897817806583394,24.521948523996624,24.89085578918457,8048200
2013-04-11,24.675069955011818,25.002212934483705,24.619384461772924,24.842121124267578,10085600
2013-04-12,24.828201497566596,24.974374599986415,24.521939228899196,24.9534912109375,6753100
2013-04-15,24.765557192271917,24.974372478407634,24.549779891967773,24.549779891967773,9517000
2013-04-16,24.66114533239725,24.960448181044587,24.473210800323567,24.876922607421875,9367200
2013-04-17,24.36184829837289,24.382729032954803,23.672754849631673,23.811965942382812,17043900
2013-04-18,24.118222408225787,24.229590712272913,23.58226161523968,23.6101016998291,12616900
2013-04-19,23.54746096791788,23.94421074146585,23.359526445411475,23.839801788330078,10701100
2013-04-22,23.88156883804,24.779474793483292,23.707555664896912,24.229595184326172,10722800
2013-04-23,24.584582166394675,25.217990043331547,24.473213836006778,24.849082946777344,15246700
2013-04-24,24.7307468474452,25.155339338007906,24.591538458276297,25.064851760864258,12074200
2013-04-25,25.169264459046307,25.23886866400415,25.009172663459086,25.134462356567383,11218600
2013-04-26,24.9590942842026,25.176555158138274,24.902973622554402,25.071332931518555,6990800
2013-04-29,25.239687389130836,25.32386569836749,25.029240278049095,25.23267364501953,5335500
2013-04-30,25.218640915321465,25.422074261596602,25.085355706943993,25.40102767944336,7430700
2013-05-01,25.429085998112242,25.814906078060073,25.15550453553069,25.541324615478516,15212000
2013-05-02,25.66059171644115,25.88506905671561,25.464172036715265,25.744770050048828,9582100
2013-05-03,25.913122624495173,26.095512107149332,25.864018381314565,25.96222686767578,11805400
2013-05-06,26.088494780231823,26.130585276916737,25.821929662502097,25.983272552490234,6140200
2013-05-07,26.032376793965735,26.06043712508901,25.85700373841596,25.983272552490234,5820100
2013-05-08,25.899089817884406,26.116553355498684,25.892076073565363,26.01834487915039,6355900
2013-05-09,25.955213122641645,26.207750759559374,25.913122624495173,25.96222686767578,7754600
2013-05-10,26.116555111355098,26.116555111355098,25.85700373841596,25.983272552490234,8742300
2013-05-13,25.899091514980498,25.97625608744776,25.632526397705075,25.632526397705078,9398700
2013-05-14,25.625507062135206,25.814910261379875,25.59043299027067,25.61147689819336,7124900
2013-05-15,25.65356872421395,25.87103226265219,25.576404156510698,25.821928024291992,11922000
2013-05-16,25.807895351374952,25.941177888830417,25.660582650611534,25.674610137939453,10209300
2013-05-17,25.73072890424291,25.835953783345985,25.653564349697966,25.79386329650879,10018700
2013-05-20,25.77983603727635,25.842970436651743,25.66058365844513,25.69565773010254,8727600
2013-05-21,25.744760954479197,25.81490909503891,25.611475741043698,25.674610137939453,6651600
2013-05-22,25.590427108262617,25.77281652160389,25.120428766151527,25.260725021362305,10122900
2013-05-23,25.064322215071815,25.36596415012879,24.924023205001888,25.24671173095703,7566200
2013-05-24,25.071338637364885,25.260739223581083,24.924023205001888,25.24671173095703,4786900
2013-05-28,25.709684405212833,25.758788634065894,25.34490822231881,25.394012451171875,5578500
2013-05-29,25.281774686798318,25.45714770320067,25.162519644135187,25.316848754882812,7809600
2013-05-30,25.197593215838882,25.695654606354687,25.197593215838882,25.583415985107422,15275100
2013-05-31,25.309829663459546,25.54132060468497,25.169530744788137,25.190574645996094,8188900
2013-06-03,25.21162870226655,25.38700175224999,25.06431598251575,25.274763107299805,8403800
2013-06-04,25.548345718888882,25.94819875168371,25.548345718888882,25.702674865722656,9021500
2013-06-05,25.68162281033795,25.68162281033795,25.120429739804703,25.162517547607422,6851900
2013-06-06,25.134471490154347,25.30282815095097,24.699544318471176,25.02223014831543,6104900
2013-06-07,25.239679259075995,25.429082400834215,25.015202056098705,25.37997817993164,5828200
2013-06-10,25.42908170796356,25.786841404217135,25.33788701049529,25.68863296508789,7941300
2013-06-11,25.25370518447243,25.267735341803494,24.671465697138338,24.734600067138672,9795200
2013-06-12,24.902971741197085,24.924015649735125,24.306704474123894,24.4049129486084,8378600
2013-06-13,24.446994393150355,24.959085892585826,24.257593913718043,24.888935089111328,7036400
2013-06-14,24.804756800921464,25.09236840521807,24.7205785127316,24.888935089111328,6267600
2013-06-17,25.113418286593415,25.422076543399143,24.973119322225372,25.099388122558594,6750900
2013-06-18,25.176559155208828,25.492231237145447,25.02924640896536,25.337902069091797,5691600
2013-06-19,25.415057727231535,25.45714821536766,24.980133387077913,25.050281524658203,5850300
2013-06-20,24.839838064100462,24.902972467536244,24.215510450113445,24.292675018310547,8734600
2013-06-21,24.40491224331331,24.59431544262268,24.131330736304268,24.51715087890625,14860300
2013-06-24,24.42595335149218,24.524161811881637,23.920878211226565,23.984012603759766,9087400
2013-06-25,24.292675943492384,24.664465957895818,24.18043729710755,24.56625747680664,7825800
2013-06-26,24.74863184310666,24.839826533733536,24.489080605453776,24.524154663085938,6596900
2013-06-27,24.594315889667367,24.685507943007853,24.44700050354004,24.44700050354004,6720200
2013-06-28,24.264613720878863,24.608346053869028,24.208493064072222,24.44700050354004,11343300
2013-07-01,24.517145916962846,24.818787690816887,24.510129498419477,24.580280303955078,5246700
2013-07-02,24.47505997718706,25.01520923817612,24.432972162032137,24.64341926574707,7795600
2013-07-03,24.44699668122753,25.099384496712116,24.418939033191254,24.88192367553711,4074200
2013-07-05,25.08536949670148,25.267759037065236,24.91701280280722,25.25372886657715,5764600
2013-07-08,25.344909292197837,25.365953198028965,24.839834144411675,25.036251068115234,8024200
2013-07-09,25.25372167174258,25.541333394853755,25.225661338760844,25.422080993652344,6284900
2013-07-10,25.295810608604892,25.72371861823009,25.295810608604892,25.667600631713867,7016500
2013-07-11,25.856996354425227,26.17266829946438,25.84296619287019,26.0744571685791,10298900
2013-07-12,26.095511087478553,26.2989444732666,25.962225853213063,26.2989444732666,6618900
2013-07-15,26.29894276047715,26.537450206493034,26.24282210212975,26.509389877319336,6279500
2013-07-16,26.57953407084799,26.62162455834802,26.390130891067663,26.53042984008789,5192600
2013-07-17,26.607603208384194,26.768946116601867,26.51640845992003,26.586559295654297,5810900
2013-07-18,26.57953195892872,26.726844639504048,26.348040986021722,26.3760986328125,6911300
2013-07-19,26.326991645850665,26.376095867561055,26.046396475502625,26.137588500976562,8238400
2013-07-22,26.34103452821429,26.37610860695079,26.109543467768837,26.249839782714844,7906500
2013-07-23,27.11266324646825,27.877289531306214,27.06355902710997,27.309080123901367,21958000
2013-07-24,27.337140442385888,27.505497001334486,27.11967698809975,27.309080123901367,10252200
2013-07-25,27.295052422557042,27.5475899597,27.16878365398556,27.533559799194336,9191700
2013-07-26,27.189834192683122,27.442371791460204,27.18282044870827,27.43535804748535,6965000
2013-07-29,27.28698277964994,27.548408436139837,27.23046013451468,27.26578712463379,4970300
2013-07-30,27.364695312232207,27.590791213403662,27.286974340840317,27.38589096069336,6160000
2013-07-31,27.541342764477555,27.802765738443664,27.400032101831087,27.682653427124023,8871300
2013-08-01,27.809831206980476,28.19136916631884,27.732110212084525,28.134843826293945,8625100
2013-08-02,28.000600332176305,28.254958973057185,27.84515834157653,28.219629287719727,9305700
2013-08-05,28.064188366436177,28.191367679508208,28.021794363653363,28.163105010986328,4514300
2013-08-06,28.12777433781681,28.254953634226464,27.929938379359534,28.07124900817871,5140100
2013-08-07,27.944073781154138,28.184301076547275,27.901682473028348,28.01473045349121,4513300
2013-08-08,28.156038407612442,28.233759399544997,27.85222145475417,28.01473045349121,3897300
2013-08-09,27.944068738074034,28.21962297226807,27.915806074239782,28.10657501220703,5768600
2013-08-12,27.894620665106537,28.20550199559096,27.894620665106537,28.057126998901367,3506600
2013-08-13,28.050057879445568,28.205497170458198,27.873420238763007,28.092449188232422,4100300
2013-08-14,28.106581076082893,28.113648091204123,27.583735158727286,27.67558479309082,11735300
2013-08-15,27.32231231118452,27.484821332346232,27.103283334906855,27.308183670043945,8551200
2013-08-16,27.29404225541098,27.59079212477224,27.15979595665398,27.371763229370117,5714600
2013-08-19,27.513080613514298,27.57667027814466,27.13860964140036,27.159805297851562,5365800
2013-08-20,27.258727168110802,27.456560500666892,27.166874822876757,27.37883949279785,5428900
2013-08-21,27.06089025276166,27.38590291566637,26.84892558979237,27.166873931884766,9314200
2013-08-22,27.286976880898262,27.52013981677833,27.096207941162568,27.428287506103516,4258600
2013-08-23,27.506018028998998,27.654393024074718,27.350576017809047,27.604934692382812,5162800
2013-08-26,27.668514966473353,27.951136218989117,27.583729668829033,27.68971061706543,6757700
2013-08-27,27.42123161956213,27.42123161956213,26.933709947458162,27.025562286376953,9172200
2013-08-28,27.110336949262177,27.336432852098824,26.947830687553072,27.15273094177246,5115000
2013-08-29,27.117408566655552,27.428289812022353,27.032620567238606,27.27991485595703,3192400
2013-08-30,27.30111760856855,27.308184624662708,26.891319619245795,26.990236282348633,4377300
2013-09-03,27.28697416862408,27.619053700556947,27.18805754939533,27.301105499267578,4466800
2013-09-04,27.392969033903697,27.887555028139083,27.216331371339404,27.816898345947266,6224400
2013-09-05,27.809824158023694,27.965266108415722,27.76036584567639,27.894609451293945,4374400
2013-09-06,27.97940339293257,27.97940339293257,27.541342764477555,27.682653427124023,4770400
2013-09-09,27.831027629668824,28.14897593788919,27.73211097717285,28.085386276245117,3656700
2013-09-10,28.23375620901322,28.51637747587122,28.17723357280731,28.481050491333008,6427400
2013-09-11,28.29735353519009,28.53758086860025,28.233763867661608,28.283222198486328,6720000
2013-09-12,28.212560440477993,28.33973974050965,28.021791490430502,28.198429107666016,5855600
2013-09-13,28.304412947199094,28.473983551535305,28.07831701123337,28.45985221862793,4272300
2013-09-16,28.615302122603143,28.671827469911573,28.459860112781875,28.579975128173828,5393100
2013-09-17,28.728343194341914,28.85552249984074,28.537574236093683,28.777801513671875,4061200
2013-09-18,28.756609817482666,28.8979204758423,28.65062614989378,28.862590789794922,7654400
2013-09-19,28.904987697779607,28.926183355314656,28.735414351668535,28.827266693115234,5066800
2013-09-20,28.890851814668167,28.90498314922676,28.622361848607856,28.62942886352539,7179000
2013-09-23,28.615292788139243,28.70007808616755,28.438655178335914,28.594097137451172,5780200
2013-09-24,28.579967126150464,28.657688109300224,28.424525159850948,28.481050491333008,4440700
2013-09-25,28.565838207736512,28.629427863390514,28.410396228298648,28.488117218017578,4421200
2013-09-26,28.629424673538818,28.643556006029254,28.368001760655925,28.530508041381836,3275500
2013-09-27,28.43866405378267,28.495189400293274,28.262026388852345,28.37507438659668,3799300
2013-09-30,28.17722581007023,28.551696594506833,28.035915215571855,28.46691131591797,5521700
2013-10-01,28.502247494129772,28.650622453389566,28.424526507295706,28.544641494750977,3942000
2013-10-02,28.339745420237453,28.59410407127822,28.318549764409617,28.44572639465332,4255100
2013-10-03,28.304419124653922,28.51638377397367,28.127781467674676,28.41746711730957,5899200
2013-10-04,28.43865274456623,28.43865274456623,28.14190287922488,28.212556838989258,6539300
2013-10-07,27.986467375639226,28.417463637130385,27.922877719103212,28.163105010986328,5850700
2013-10-08,28.191369436403633,28.191369436403633,27.6967834875537,27.725046157836914,6427000
2013-10-09,27.78155445455183,27.901669393580423,27.498933288240597,27.760358810424805,6859200
2013-10-10,27.958208976505393,28.43159931306894,27.951144655934367,28.346811294555664,6383900
2013-10-11,28.134838817477828,28.56583502496989,28.134838817477828,28.530508041381836,4500100
2013-10-14,28.424514122510658,28.71419959567994,28.36092449692349,28.650609970092773,6080400
2013-10-15,28.62236354491324,28.685953206557315,28.41039890452521,28.438661575317383,6437400
2013-10-16,28.254955862169375,28.806064393216182,28.078318236036292,28.791933059692383,8301700
2013-10-17,28.459853516492974,28.770737464080316,28.325609890665167,28.72127914428711,4972800
2013-10-18,28.749536727924795,28.79899504360956,28.502245149500972,28.763668060302734,5724400
2013-10-21,28.65062572178863,29.124016015928397,28.643561401850686,28.961509704589844,9658800
2013-10-22,28.3891982493672,28.587031519518167,28.106576981771966,28.45985221862793,13064800
2013-10-23,28.262017952793194,28.339738933407546,27.68971111894975,28.07124900817871,12047600
2013-10-24,28.014734047396193,28.45985901147911,28.014734047396193,28.1772403717041,6663600
2013-10-25,28.22668157318221,28.45277742591866,28.113633646813984,28.424514770507812,7152100
2013-10-28,28.353874880359655,29.018031440041206,28.325612210940907,28.975637435913086,11604000
2013-10-29,29.473858991306773,29.73009196076788,29.125096846176348,29.722972869873047,11073600
2013-10-30,29.651806908498788,30.128685677582965,29.580632269597118,29.69451332092285,11278100
2013-10-31,29.68026473233721,30.135788736312335,29.644677428614887,29.957849502563477,9643500
2013-11-01,30.15003275452048,30.157149131229,29.76568324894843,29.915151596069336,6033800
2013-11-04,30.02191538503363,30.06462178946454,29.815505169657794,29.886682510375977,3681600
2013-11-05,29.71585765271034,29.922267854505936,29.53791838532884,29.822622299194336,5350400
2013-11-06,29.972094504097623,30.078856449235882,29.8226261518212,29.993446350097656,4637300
2013-11-07,30.078863057807627,30.107334002155035,29.545045069417863,29.64469337463379,6335400
2013-11-08,29.77992632447216,29.922278331246872,29.580635144070783,29.87957191467285,5590100
2013-11-11,29.851083730188186,29.89379012209769,29.637557200914916,29.744321823120117,4291000
2013-11-12,29.61621290021511,29.886681354205233,29.61621290021511,29.787033081054688,4176800
2013-11-13,29.644691669017476,30.185626004801925,29.545043369534845,30.171390533447266,7129600
2013-11-14,30.057514356024782,30.42762852589918,30.043278882359733,30.34221839904785,6114500
2013-11-15,30.320852281910167,30.420500559609962,30.10020931199119,30.28526496887207,4231800
2013-11-18,30.335092455810923,30.392034337615208,30.128684922116307,30.20697593688965,4000400
2013-11-19,30.23544301982215,30.392030459665385,29.957858169291335,30.000564575195312,3605000
2013-11-20,30.17849791156821,30.17849791156821,29.758561172607696,29.843971252441406,4858800
2013-11-21,29.950745614185465,30.24256597058651,29.900920110037536,30.20697593688965,3826700
2013-11-22,30.199866316325256,30.370686569681684,30.00057511569643,30.349334716796875,5002300
2013-11-25,30.36355868663865,30.420500559609962,30.19273578286266,30.28526496887207,6201200
2013-11-26,30.313727483185257,30.498783088651468,30.29237564432225,30.39202117919922,4181000
2013-11-27,29.964978472747823,30.306624334474,29.85109742388522,30.263917922973633,4764300
2013-11-29,30.342210892926317,30.662502183308174,30.256798072065617,30.605560302734375,3756400
2013-12-02,30.56997295308132,30.605560270833696,30.406269119309734,30.470327377319336,4389600
2013-12-03,30.33509458181462,30.562856694717496,30.171390732861834,30.491682052612305,6318700
2013-12-04,30.37067408020395,30.655378005569805,30.050385558089687,30.199853897094727,6592500
2013-12-05,30.23544321948046,30.41338250588169,30.171384967770496,30.36355972290039,4486700
2013-12-06,30.612688276450104,31.004157065839212,30.612688276450104,30.954334259033203,4794000
2013-12-09,31.06820199682077,31.082434751100905,30.83332082412598,31.01837921142578,5121700
2013-12-10,30.954320798891878,31.0682018385199,30.80484972833035,30.89737892150879,5146200
2013-12-11,30.92585156088171,30.961438878634088,30.448972814557266,30.470327377319336,4169600
2013-12-12,30.128687751054823,30.427624513180938,30.10733318580394,30.1927433013916,6970500
2013-12-13,30.356438162511107,30.44896462074076,29.82973677004102,29.85820770263672,5596000
2013-12-16,30.02191456738201,30.306618492224924,29.929385384537383,30.100208282470703,4144400
2013-12-17,30.078853778515988,30.327970391995574,30.057501934411796,30.199853897094727,3570500
2013-12-18,30.25679805826031,30.676734924316406,29.929390390525267,30.676734924316406,6390700
2013-12-19,30.68385181566417,30.68385181566417,30.093092065484612,30.221208572387695,4910200
2013-12-20,30.43474016681731,30.605563109063745,30.242568090105582,30.491682052612305,8648200
2013-12-23,30.605556701215953,30.897377016970864,30.534382074012505,30.86178970336914,3908600
2013-12-24,30.82621668052878,31.032624281162708,30.7835102553256,30.9116268157959,1339900
2013-12-26,30.975686073875,31.068215307166575,30.925863267134766,31.025508880615234,1960100
2013-12-27,31.153612956963737,31.196319366395887,31.025496443805533,31.082435607910156,1938000
2013-12-30,30.96144125427242,31.25326162645427,30.954324876231233,31.246145248413086,2445700
2013-12-31,31.345783119367788,31.381370431094687,31.167843845595453,31.253253936767578,2631300
2014-01-02,30.918732486368025,30.96143889677889,30.520150183086514,30.676734924316406,6959200
2014-01-03,30.69098292054104,30.93298058136056,30.584220923647948,30.811983108520508,4693300
2014-01-06,30.78350054807949,30.804852396378383,30.49879656678178,30.55573844909668,4446300
2014-01-07,30.591312248953166,30.683841409254867,30.34931478633601,30.39202117919922,5078900
2014-01-08,30.577101828104762,30.83333496487124,30.33510416728524,30.811983108520508,6353500
2014-01-09,30.804846741269373,30.883140457510116,30.534380995340488,30.64826202392578,3383800
2014-01-10,30.712322179764573,30.78349680887438,30.420501856193486,30.68385124206543,5330900
2014-01-13,30.577084235221502,30.67672979437858,29.979208165141177,30.064620971679688,6759100
2014-01-14,30.249684653747572,30.89026729717648,30.142919974796563,30.84756088256836,6892700
2014-01-15,30.925861384118623,31.06821341548289,30.67674465044636,30.989919662475586,6605400
2014-01-16,30.975676418693986,31.032615587875057,30.77638525385251,30.868911743164062,4086900
2014-01-17,30.7479087237489,31.21054923164455,30.612673130636118,30.92584800720215,6614200
2014-01-21,31.13938329044227,31.267499827476907,30.868914743909297,31.21055793762207,7413800
2014-01-22,31.103796290747745,31.90096375104542,30.99703160372752,31.751495361328125,9822000
2014-01-23,31.40272429716567,31.708780084972446,31.281726886475465,31.381372451782227,8236400
2014-01-24,31.167858885672842,31.33867915044656,30.52015972519926,30.569982528686523,10676700
2014-01-27,30.569980485449484,30.797742633350705,30.28527644300347,30.349334716796875,7360000
2014-01-28,30.30662737527203,30.55574134617293,30.107333483412656,30.53438949584961,6356100
2014-01-29,30.333680771453945,30.64189183201369,30.276340641301903,30.391023635864258,8619600
2014-01-30,30.541559682752286,30.770925785496768,30.412540908176062,30.598899841308594,6703000
2014-01-31,29.63841357889941,30.570215985759074,29.573904223566945,30.391023635864258,12821700
2014-02-03,30.405375741424983,30.462718641901592,29.65993717504898,29.745948791503906,12669400
2014-02-04,29.817625588018675,29.889304215790396,29.28004818390108,29.308719635009766,10529900
2014-02-05,29.122347060857656,29.48073182944325,28.90731674655806,29.36604881286621,9254300
2014-02-06,29.523746307652388,29.702938752978838,29.38756103353779,29.552417755126953,4734500
2014-02-07,29.788949332787734,30.10432701239372,29.595421188168363,30.06848907470703,6005000
2014-02-10,30.082824080047082,30.369530308970496,30.025481193706813,30.362363815307617,4666000
2014-02-11,30.649061816908674,31.028951501288482,30.326517737734807,30.914268493652344,7149900
2014-02-12,30.99313027771959,31.136482063829796,30.828270802024758,31.036134719848633,5041200
2014-02-13,30.856926845874295,31.358666049518327,30.856926845874295,31.351499557495117,5029100
2014-02-14,31.193813484137245,31.494855405275878,31.1078018972775,31.437515258789062,4907400
2014-02-18,31.358683067380763,31.588049216218508,30.993131622126917,31.545042037963867,5826100
2014-02-19,31.416008393817812,31.645374414320553,31.3013226493078,31.48768424987793,5346600
2014-02-20,31.430349974950868,31.724225439996648,31.39451203711785,31.68122100830078,5371100
2014-02-21,31.82458009888966,31.84608231784895,31.55220681027956,31.645387649536133,5669500
2014-02-24,31.69554261817711,32.132772374142384,31.68120690257485,31.86039924621582,5311800
2014-02-25,31.88907631872424,32.046763749728264,31.588031706337176,31.874740600585938,5303900
2014-02-26,31.896254361409177,32.21163207188515,31.889087866874117,31.98943519592285,4532100
2014-02-27,31.91773911533283,32.12560288849136,31.88190119374712,32.09693145751953,4343500
2014-02-28,32.16862724885749,32.390824122144615,31.953596870019137,32.22596740722656,5772900
2014-03-03,32.025268171691096,32.21162707756437,31.788732874813505,31.95359230041504,4679400
2014-03-04,32.132778261288024,32.548503152887065,32.12560903504431,32.44098663330078,5112200
2014-03-05,31.64537989786783,32.68469366212618,31.64537989786783,32.38365173339844,5094800
2014-03-06,32.47684228223922,32.792220026024786,32.40516365801981,32.74204635620117,4803100
2014-03-07,32.88538128436122,33.00006428054893,32.69901970664475,32.86387634277344,3872400
2014-03-10,32.906887225659794,32.97139658922646,32.634514053460734,32.87821578979492,3370300
2014-03-11,32.96423588890565,33.14342829315566,32.4696631032498,32.734867095947266,4978200
2014-03-12,32.62734951364896,33.401459188503566,32.62734951364896,33.27960968017578,9523400
2014-03-13,33.3297879854253,33.53048260800901,32.197290651110535,32.247467041015625,9890400
2014-03-14,32.218789490704054,32.4624912294606,31.745721731265892,31.76005744934082,10047300
2014-03-17,31.924924320566344,32.627358325438074,31.831743490394317,32.44816589355469,5894500
2014-03-18,32.40515950224056,32.72053993984029,32.3048121754623,32.54134750366211,4093400
2014-03-19,32.62017299919838,32.97855768610535,32.448149880667614,32.627342224121094,5830900
2014-03-20,32.64885380085895,33.66666802560993,32.54850649720582,33.6523323059082,7694600
2014-03-21,33.99639092220653,34.154081148946204,33.322628312585614,33.79569625854492,21693300
2014-03-24,33.54481194812085,33.68816639452374,33.11475134317081,33.37995529174805,6884000
2014-03-25,33.573493265097376,33.61650043195306,33.043082477581756,33.46597671508789,6606500
2014-03-26,33.673836415342905,33.867364540830174,33.13625920040909,33.25094223022461,6824900
2014-03-27,33.29394772438985,33.41579724122825,32.97140086473091,33.028743743896484,4935700
2014-03-28,33.1362659542831,33.731186172511585,33.05742084254104,33.43014144897461,4329500
2014-03-31,33.731188187528694,34.00355874621423,33.58783367891219,33.80286407470703,4650500
2014-04-01,33.91754085286096,35.67362710608273,33.77418637079522,34.06806182861328,6467800
2014-04-02,34.10390346425585,34.38344320834657,34.02505836017705,34.132572174072266,5153900
2014-04-03,34.211414514269265,34.326097547048086,34.04655782554091,34.182743072509766,2626800
2014-04-04,34.326103359656905,34.40494847071717,33.136265667748326,33.215110778808594,7418800
2014-04-07,33.179256607149725,33.61648638423066,32.98572853856022,33.15058517456055,7278000
2014-04-08,33.22943999508424,33.61649624580827,33.17209711308404,33.5233154296875,6590100
2014-04-09,33.65233512292262,33.94621056576075,33.37279540098625,33.860198974609375,4638900
2014-04-10,33.77418929196376,33.89604156924954,32.627358804765834,32.634525299072266,8497300
2014-04-11,32.08976306377643,32.78503018518964,32.061091634505004,32.24028396606445,8361500
2014-04-14,32.799374977760884,32.799374977760884,32.19728841751856,32.4839973449707,5175100
2014-04-15,32.527020489517405,32.96425058833872,32.28331860169538,32.83523178100586,6506100
2014-04-16,32.75636194491587,32.777864151833796,31.92490955490426,32.40514373779297,8908100
2014-04-17,32.505500339617015,33.01440883480179,32.31197495332844,32.849552154541016,6542500
2014-04-21,33.100428487376206,33.14343565828653,32.742043599235934,33.050254821777344,3000900
2014-04-22,32.88537772506647,33.48029484894462,32.641676042761944,33.394283294677734,4981400
2014-04-23,33.365622498485315,33.68816934760136,33.272441690016485,33.30111312866211,5865900
2014-04-24,34.24725606578678,35.2005610980136,34.13974224922416,34.74182891845703,13421500
2014-04-25,34.39778197619335,34.51963152291585,32.928401781182096,33.215110778808594,12403800
2014-04-28,33.51810875542509,33.71289792644688,32.616308566662624,32.78945541381836,13496500
2014-04-29,33.05638044097265,33.34495754059049,32.91930783229553,33.27281188964844,7783900
2014-04-30,33.1573886799201,33.30889045113401,32.77502628054906,32.78945541381836,9909700
2014-05-01,33.121312949549655,33.186242664846496,32.573019716434935,32.630733489990234,9211400
2014-05-02,32.876032689556396,33.16460989668245,32.64517202468604,33.02753448486328,6002400
2014-05-05,32.8183143922106,33.085246483293034,32.73895553354603,32.98424530029297,3970900
2014-05-06,32.91931649813723,33.08524741087164,32.695669049455596,32.738956451416016,4431200
2014-05-07,32.70287214085618,32.94094587789008,32.52251216501313,32.88323211669922,4491500
2014-05-08,32.89045671635101,33.6191100606544,32.73173900187718,33.26560592651367,6113600
2014-05-09,33.215096955390095,33.31609811108947,32.81108958051753,33.07080841064453,5549800
2014-05-12,33.28003939530457,34.01590877817061,33.17182225732457,33.871620178222656,6529000
2014-05-13,33.84275204851977,33.91489495143852,33.25838462740666,33.2872428894043,8041500
2014-05-14,33.06360587866054,33.38825176888169,32.79667102161847,32.90488815307617,6239800
2014-05-15,32.84716971950005,32.94095771121068,32.233946682176644,32.38544845581055,8456000
2014-05-16,32.5513657668688,32.62351140423383,32.28443378880483,32.45758056640625,6593500
2014-05-19,32.61629439078552,33.06358907150053,32.558580634868,32.89765548706055,4692100
2014-05-20,32.76780201253703,33.063595041291514,32.73894650540556,32.977020263671875,4440100
2014-05-21,33.14294271034007,33.15015864934698,32.717293127387244,32.9337272644043,3993300
2014-05-22,32.998668525653954,33.373814923321866,32.912093739661046,33.2872428894043,4279700
2014-05-23,33.24396415883424,33.40267912388805,33.128531090321175,33.366607666015625,3864500
2014-05-27,33.46039248033429,33.756182810117565,33.3593913070535,33.43874740600586,4594900
2014-05-28,33.395464864662486,33.568608957740715,33.16460423917435,33.51810836791992,3976400
2014-05-29,33.597461949866954,33.662391662597656,33.46760252440555,33.662391662597656,2975300
2014-05-30,33.79224074943859,33.907671008747094,33.5036637251301,33.89324188232422,4576100
2014-06-02,33.90768773907309,34.08083458950512,33.74897002218338,33.900474548339844,3379700
2014-06-03,33.85718714771288,34.04476037961141,33.74897002218338,33.900474548339844,3955200
2014-06-04,34.044766433218726,34.044766433218726,33.74176283117942,33.799476623535156,3497700
2014-06-05,33.0852476190256,34.26119590162758,32.933745839324835,34.196266174316406,4038200
2014-06-06,34.405482377172575,34.46319891455473,34.18183767500665,34.268409729003906,2965800
2014-06-09,34.29726320256996,34.60748266743712,34.25397580558538,34.54255294799805,4376700
2014-06-10,34.47040372852705,34.61469228484078,34.37661850618714,34.607479095458984,2697000
2014-06-11,34.528118964855686,34.80226693642544,34.391043603033204,34.69404983520508,3333300
2014-06-12,34.54977299485743,34.80227873259959,34.506488341358185,34.730133056640625,5782600
2014-06-13,34.83112855067518,34.95377480369587,34.5641964735017,34.86720275878906,4763500
2014-06-16,34.66519911565419,34.838345964858,34.48483907576829,34.72291564941406,4473200
2014-06-17,34.600260907911725,34.85997974200161,34.57140264810726,34.81669235229492,3845300
2014-06-18,34.831122013393106,34.845551143515394,34.36218766875716,34.53533172607422,3973100
2014-06-19,34.686839968856034,34.78062519668411,34.35497544429167,34.56419372558594,5185400
2014-06-20,34.672409289408805,34.78783958564676,34.311689269655766,34.58583450317383,8463900
2014-06-23,34.61469439877257,34.751767022000266,34.49926409708728,34.68684005737305,3002500
2014-06-24,34.54976988386516,34.773417331085675,34.36940983832226,34.4199104309082,3732800
2014-06-25,33.66239750333314,34.70848627791147,33.583038645995536,34.65798568725586,3645000
2014-06-26,34.65799067986472,34.665203871536406,34.18184021932366,34.477630615234375,3533000
2014-06-27,34.42713431528112,34.47041897486743,34.17462854202943,34.455989837646484,4105900
2014-06-30,34.391055802716956,34.59306094651475,34.25398314434533,34.477630615234375,3109800
2014-07-01,34.650767145549835,35.15577576630328,34.578624236331734,34.98263168334961,4714500
2014-07-02,34.867202179244245,35.11248917705722,34.867202179244245,34.9970588684082,2825500
2014-07-03,35.04755922198224,35.33613359297649,34.98984269653815,35.314491271972656,1689500
2014-07-07,35.15577405800355,35.4154929218893,35.15577405800355,35.2928466796875,2912700
2014-07-08,35.004277704744,35.37942692688794,35.004277704744,35.24235153198242,4789800
2014-07-09,35.39385917627669,35.646362159525644,35.227928251273646,35.552574157714844,4378200
2014-07-10,35.177408631441985,35.41548512159248,34.83111780655704,35.350555419921875,4907400
2014-07-11,35.22791836398592,35.55978012084961,35.22791836398592,35.55978012084961,4231400
2014-07-14,35.667995843958536,35.732925559929974,35.24956203709017,35.2928466796875,5171500
2014-07-15,35.33613480598996,35.43713597690887,34.93212737023882,35.10527420043945,5461600
2014-07-16,35.35056337363277,35.494851937817785,35.2134907512985,35.386634826660156,4894500
2014-07-17,35.011484253425465,35.300061370197,34.672409306105564,34.73733901977539,5321300
2014-07-18,34.93212978675832,35.32892406006829,34.7517697541904,35.220706939697266,5178800
2014-07-21,34.68684602239184,35.595859460475054,34.68684602239184,35.47321319580078,7681800
2014-07-22,35.35058078223507,35.5237276949394,34.94657315397616,35.43715286254883,8210500
2014-07-23,35.509279974912545,35.52370910609383,34.73733934520361,34.77341079711914,12255400
2014-07-24,34.98984701517876,35.069205871421595,34.470409230371665,34.52812576293945,9868300
2014-07-25,34.43433865489803,34.43433865489803,33.74175675881249,33.777828216552734,9472100
2014-07-28,33.79946672672904,34.22511648501398,33.460391759742244,34.160186767578125,11324800
2014-07-29,34.261833265474365,34.47238557112773,33.9568977355957,33.9568977355957,6139700
2014-07-30,34.1238817900986,34.39977778006617,33.949630962323575,34.290870666503906,5408200
2014-07-31,34.00773253925837,34.08033547160606,33.41237963120944,33.579368591308594,8564900
2014-08-01,33.593881913728296,33.85525684075169,33.484974770927316,33.57210159301758,7316800
2014-08-04,33.54305693316104,33.76812761682631,33.434149798106326,33.68100357055664,5327100
2014-08-05,33.73181997767088,33.73181997767088,33.339757686898395,33.39058303833008,7867500
2014-08-06,33.31072501443065,33.717305752198605,33.238119332955264,33.52127456665039,4940900
2014-08-07,33.724565923154316,33.760867377162064,33.10743012652892,33.15825271606445,6689400
2014-08-08,33.32523847867395,33.6809965423192,33.288934261482346,33.63743591308594,4992300
2014-08-11,33.543064154526505,33.993208388390485,33.543064154526505,33.7608757019043,3393300
2014-08-12,33.579349507040064,33.93511032045137,33.579349507040064,33.88428497314453,3788200
2014-08-13,34.269100372913,34.269100372913,34.0004662557588,34.181976318359375,5457800
2014-08-14,34.25458224704832,34.36348940203276,34.13115395342435,34.31266403198242,2550700
2014-08-15,34.61034154175284,34.65390495904554,34.116636660555955,34.530479431152344,5854100
2014-08-18,34.523217476791515,34.66116691340637,34.38527080980075,34.530479431152344,3806300
2014-08-19,34.56676945925414,34.79184011675193,34.45060315452598,34.62485122680664,3092200
2014-08-20,34.617597343178495,34.84267080475009,34.61033539010841,34.7628059387207,5266400
2014-08-21,34.80636542960703,35.01691774771122,34.70472024697011,34.97335433959961,3698600
2014-08-22,35.03869663343378,35.104040358116066,34.820885141033955,34.86444854736328,3196900
2014-08-25,35.118549364100126,35.212935327069026,34.31264462790803,34.39250946044922,4986900
2014-08-26,34.457876938696444,34.59582638813439,34.348972539777606,34.47966003417969,4560400
2014-08-27,34.574042085160976,34.73377185487929,34.29088678038704,34.690208435058594,4945900
2014-08-28,34.566772194838066,34.96609372584164,34.47964815180281,34.86444854736328,3427300
2014-08-29,35.074999700954095,35.096780018589286,34.770061405944894,34.980613708496094,3433000
2014-09-02,35.16212526194826,35.16212526194826,34.59581482195282,34.784584045410156,3321300
2014-09-03,35.07499873901598,35.118559373091706,34.784581586936085,35.10403823852539,3884300
2014-09-04,35.212946956021796,35.25651036169159,34.966093196473,35.031436920166016,3480200
2014-09-05,35.0749916739067,35.2782819776402,35.002386015699976,35.27102279663086,3648600
2014-09-08,35.13309802631609,35.40899418140167,35.08227541480357,35.20570373535156,3975400
2014-09-09,35.13307605734484,35.2274620352584,34.995129450873385,35.0532112121582,3153700
2014-09-10,35.15487287659042,35.15487287659042,34.726511723336564,34.84267807006836,5503700
2014-09-11,34.70471230435392,35.009650552099174,34.63210941040751,34.95882797241211,3165900
2014-09-12,34.79910819416724,34.980618250356464,34.45786840225194,34.726505279541016,4838300
2014-09-15,34.20374720206981,34.81362095491589,34.20374720206981,34.55224609375,3238700
2014-09-16,34.377996972065155,34.90800867223399,34.1964869505239,34.791839599609375,5499600
2014-09-17,34.82815017998484,35.30733661357858,34.78458676979499,35.11856460571289,3854700
2014-09-18,35.19116032606243,35.60500291201636,35.096774348852094,35.561439514160156,3778500
2014-09-19,35.57596114721054,35.84459518037874,35.321848246865336,35.39445114135742,12560600
2014-09-22,35.35089714150276,35.3944605515538,35.03869962686276,35.32911682128906,5756500
2014-09-23,35.082263036913794,35.54692833229698,35.082263036913794,35.32911682128906,5646900
2014-09-24,35.3291154773525,35.53966779682088,35.256512566319586,35.43802261352539,5125600
2014-09-25,35.387202032732354,35.45980494789087,34.893494454708076,34.951576232910156,5297300
2014-09-26,34.98060857459625,35.19116084624592,34.87896341438549,35.089515686035156,3601700
2014-09-29,34.857186252242684,35.1911668249049,34.784583345364105,35.0386962890625,3160800
2014-09-30,34.9951332272436,35.234725019035295,34.52320605637239,34.62485122680664,6431700
2014-10-01,34.494173259495284,34.64664382663653,33.993206452099585,34.03676986694336,7854600
2014-10-02,33.95690216701736,34.17471368387301,33.49223685915899,34.00772476196289,5616100
2014-10-03,34.12387435061745,34.41429141038653,33.84797842079905,33.993186950683594,5889900
2014-10-06,34.10210890446541,34.3053992731378,33.62292248572081,33.855255126953125,4733500
2014-10-07,33.66648432865507,33.77539146983691,33.325247307557696,33.40510940551758,8099700
2014-10-08,33.52128604886486,34.20376584038897,33.18004892272731,34.08033752441406,8036300
2014-10-09,33.913327748145214,34.15292227765497,33.38331888029905,33.41236114501953,8886100
2014-10-10,32.16358500252875,32.16358500252875,30.18149529946335,31.030963897705078,33229600
2014-10-13,30.907530649911486,31.328635289301634,30.108887549195487,30.4428653717041,15196200
2014-10-14,30.936561421988543,31.256017989596906,30.580800642696676,30.71875,9357400
2014-10-15,30.304925813682114,31.31412146989816,30.275883534602357,31.04548454284668,14593100
2014-10-16,30.52273235899798,31.873167648745202,30.52273235899798,31.648094177246094,11352100
2014-10-17,31.909467993949153,32.39591360843917,31.640833889971436,31.706174850463867,12992200
2014-10-20,31.575505613782997,32.30880537098382,31.357691227042675,32.24346160888672,9502200
2014-10-21,33.063868694292466,34.00772032390881,32.72989089405679,33.9568977355957,15036700
2014-10-22,34.42156046291871,34.61759161904274,33.82620781230048,33.84798812866211,11651100
2014-10-23,34.25457738266894,34.43608743545136,34.0077236000999,34.1238899230957,7005900
2014-10-24,34.218274488244745,34.58129457855612,33.956899580080794,34.5377311706543,5606900
2014-10-27,34.58855568481924,34.893494017839295,34.21827639074879,34.813629150390625,7576300
2014-10-28,34.922519323197626,35.21293640136719,34.733750161123176,35.21293640136719,6328700
2014-10-29,35.191008418256544,35.50540991469279,35.08864565926353,35.337242126464844,8163900
2014-10-30,35.19831945442931,35.32992951516467,34.27705181845782,34.7523078918457,11485300
2014-10-31,35.936810390255324,36.71184457326059,35.64434287153604,36.3097038269043,14551100
2014-11-03,36.302374073611325,36.77763005212339,36.22925583825721,36.61677551269531,6921500
2014-11-04,36.53636742680407,36.894637219713644,36.37551000760063,36.85076904296875,6285500
2014-11-05,36.909251130391006,37.42106777431115,36.75570697396786,37.3845100402832,5302600
2014-11-06,37.3260184799843,37.5453676912253,36.967748752431845,37.223655700683594,6300700
2014-11-07,37.36257769454853,37.41375908622292,36.982373867589274,37.216346740722656,4927500
2014-11-10,37.21634044171351,37.75009114253323,37.1797799202684,37.698909759521484,4528100
2014-11-11,37.874389131480996,37.874389131480996,37.384509368126494,37.52342987060547,4269300
2014-11-12,37.52342225370549,37.618474572515474,37.10665804169149,37.49417495727539,4093000
2014-11-13,37.39913601493292,37.79396347180789,37.23827862820607,37.42107009887695,4411200
2014-11-14,37.201720954496395,37.76471901981109,37.201720954496395,37.75009536743164,3575000
2014-11-17,37.69158935546875,37.74277072872522,37.347943390629,37.69158935546875,3218800
2014-11-18,37.69159817118768,38.07911795970695,37.54536444660548,37.90363693237305,4627300
2014-11-19,37.874386657743436,37.9913730703944,37.545361500545084,37.976749420166016,6590400
2014-11-20,37.837837677947086,38.21073108289779,37.65504619158019,38.18879699707031,4759900
2014-11-21,38.48854931197849,38.73714567958279,38.04985115228849,38.430057525634766,5287300
2014-11-24,38.75179254686809,38.83953167355194,38.3496518612925,38.64211654663086,3441800
2014-11-25,38.64211646764731,38.78103977288739,38.2545994355072,38.34233856201172,5329000
2014-11-26,38.4081460514508,39.73886784312833,38.393522397905514,39.724246978759766,7216700
2014-11-28,39.88509521546321,40.024018507354114,39.67305645670698,39.790042877197266,3628600
2014-12-01,39.680364616140125,39.82659832039668,39.2051057746003,39.665740966796875,5849800
2014-12-02,39.72424246542123,39.95821531720921,39.50489047634064,39.89241027832031,4051100
2014-12-03,40.11175376058653,40.71130945647799,39.88509137246132,40.66743850708008,5493600
2014-12-04,40.43347206484447,40.78443134784468,40.331109289283134,40.51390075683594,4114100
2014-12-05,40.68938405786597,40.74056544849561,40.38960614595954,40.63820266723633,3923500
2014-12-08,40.316477869381,40.94528084287908,40.07519462907123,40.27260971069336,5914100
2014-12-09,39.87779324736468,40.513906869453955,39.70962540654461,40.221439361572266,8379200
2014-12-10,40.15563963964718,40.36036803799867,39.50490227690565,39.55608367919922,5838100
2014-12-11,39.69499095624103,40.11175522865857,39.59262819307547,39.841224670410156,6517300
2014-12-12,39.43907661776663,39.92164586531035,38.71522414103894,38.832210540771484,8428000
2014-12-15,39.21973904735673,39.47564878989269,38.590935917186215,38.802974700927734,7483900
2014-12-16,38.75177851985969,39.307463173284596,38.32770111423432,38.364261627197266,7171500
2014-12-17,38.34964706730881,39.24166745363482,37.99137459527353,39.11737060546875,8881400
2014-12-18,39.85584744869065,39.8704710997286,39.48295410933999,39.826602935791016,8119900
2014-12-19,40.17757107328518,40.17757107328518,39.49758649019892,39.65113067626953,10583500
2014-12-22,39.84123241208883,40.17756806760901,39.72424597585673,40.082515716552734,4359900
2014-12-23,40.18487469486715,40.462718500553095,40.016706883029336,40.05326461791992,3507600
2014-12-24,40.20681152775454,40.27992699746408,40.09713553401383,40.111759185791016,1442900
2014-12-26,40.14831653255283,40.2287452219617,39.994772374141185,40.03133010864258,1838700
2014-12-29,39.994759691849765,40.075188355754804,39.76078691822175,39.819278717041016,2381000
2014-12-30,39.7534899520678,39.7534899520678,39.41715430112446,39.43177795410156,2626900
2014-12-31,39.62917519348761,39.665732914836724,39.07348778794986,39.09542465209961,4068600
2015-01-02,39.16125875859244,39.541465479259635,38.75911515747887,39.10276412963867,4020100
2015-01-05,38.89071138932225,39.11006338035559,38.459323417027214,38.49588394165039,5599300
2015-01-06,38.67135858055227,38.76641091518934,37.81589593634719,37.859764099121094,5468400
2015-01-07,38.02794004914794,38.65674321600248,37.86708543587072,38.539756774902344,4577100
2015-01-08,38.84682909481025,39.44638466345769,38.75908721463593,39.168540954589844,6295200
2015-01-09,39.10275540268192,39.46833838451983,38.81760112311664,39.190494537353516,3913700
2015-01-12,39.29285580073446,39.30016623233072,38.67867634711795,38.83953094482422,4282500
2015-01-13,39.168552151668464,39.68767920647954,38.35695765768642,38.598243713378906,5013900
2015-01-14,38.4227703338022,38.978458020910445,38.19611067308261,38.539756774902344,5191400
2015-01-15,38.68596967055472,38.92725564417457,38.166842792322946,38.305763244628906,5796300
2015-01-16,38.37157993779524,39.05887476936536,38.108359809779756,38.96382522583008,4988700
2015-01-20,39.110059457196755,39.59262876854564,38.890707488166775,39.344032287597656,7213400
2015-01-21,38.97113713137459,39.82660257980205,38.898021666014664,39.687679290771484,5468900
2015-01-22,39.71692556813278,40.199494878919126,39.00038342721828,40.19218444824219,5484200
2015-01-23,40.18487734169516,40.42616342838314,39.87778900137581,40.25799560546875,4856500
2015-01-26,39.99478724903909,40.433485804569635,39.74619065712448,40.250694274902344,6137000
2015-01-27,39.87047269136422,40.550457151304265,39.63649984376941,40.08982467651367,8532600
2015-01-28,40.28111768298931,40.64898177141844,39.61896120118478,39.685176849365234,7393500
2015-01-29,39.523319973713896,40.36204967630276,39.29524322035467,40.222259521484375,5044900
2015-01-30,39.71460389283533,40.17075454497674,39.251094387751266,39.324668884277344,12515800
2015-02-02,39.36145150474434,39.55273956688161,38.55950780107607,39.354095458984375,8385600
2015-02-03,39.51595833706316,40.08246935041571,39.44238664455719,40.05303955078125,6017400
2015-02-04,39.73667973467469,40.391480204828,39.73667973467469,40.18547439575195,7962500
2015-02-05,40.200191106541446,40.71520144254489,40.08247469887613,40.69313049316406,5060000
2015-02-06,40.67840610908763,40.79612248931279,39.92796313268476,39.994178771972656,7715900
2015-02-09,39.95738541861076,40.28846074623826,39.751379687004636,39.927955627441406,5146400
2015-02-10,40.28110775610922,41.10512232527776,40.14867649238469,41.068336486816406,5654400
2015-02-11,40.93590499114154,41.36998461831692,40.83290352140154,41.200767517089844,4956100
2015-02-12,41.561283900316745,42.30436808747983,41.42149375738162,42.260223388671875,7069500
2015-02-13,42.37793272629428,42.657510159056585,42.09099924824492,42.65015411376953,5330900
2015-02-17,42.429432520313576,43.01065831536489,42.34114594593223,42.81937026977539,7962600
2015-02-18,42.52508460275713,42.775232274809,42.377938418036024,42.62808609008789,3276500
2015-02-19,42.59129601233579,42.81201386418992,42.480938489698595,42.701656341552734,2422300
2015-02-20,42.70166419577162,43.06952828538389,42.37058595380452,43.054813385009766,3630300
2015-02-23,43.0106636395452,43.03273739080768,42.60601374974558,42.87087631225586,3053400
2015-02-24,42.7384346513195,43.41530298527579,42.672219026773405,43.378517150878906,4426900
2015-02-25,43.34909034822633,43.621311715998374,43.224017941341444,43.48152160644531,3921100
2015-02-26,43.60660337958533,43.76846445433026,43.341740823304505,43.71696090698242,5274000
2015-02-27,43.768453448707064,43.768453448707064,43.201942636129445,43.260799407958984,6494900
2015-03-02,43.459454298572496,44.136325542338795,43.37852376660894,44.09953689575195,4572500
2015-03-03,43.99653992443037,44.00389877713285,43.04009395344753,43.09159469604492,6088200
2015-03-04,43.054792304313786,43.165149793215534,42.56921205604095,42.90764617919922,4473900
2015-03-05,42.8929373054785,43.25344522227269,42.6869343853557,42.922367095947266,3685800
2015-03-06,42.81938030900599,42.90031085723832,42.26758417823679,42.407371520996094,4476900
2015-03-09,42.49564751309806,43.13573288582208,42.385289998427396,42.98122787475586,4034000
2015-03-10,42.56185911220132,42.79729182242254,41.98799223185951,42.01006317138672,5721900
2015-03-11,42.252860069194725,42.503007706221744,42.02478337448255,42.06156921386719,3151500
2015-03-12,41.568633082397994,42.18664473075347,41.458272756892505,42.098358154296875,3707900
2015-03-13,42.223430992080736,42.30436152404906,41.64956402951218,42.024784088134766,4805400
2015-03-16,42.297008293360136,42.99594771978769,42.216077756006236,42.91501998901367,5162700
2015-03-17,42.81201236930168,42.841442163609216,42.289646149951324,42.65015411376953,3261200
2015-03-18,42.797298904526684,43.17987782359021,41.884997703096516,42.8929443359375,6239000
2015-03-19,42.92973682858151,43.20931431402056,42.73844874270018,43.06216812133789,3411400
2015-03-20,43.33438182247697,43.79788845778208,43.209306598726606,43.613956451416016,9150800
2015-03-23,43.540389159771294,43.59924594831895,43.13573926629876,43.15781021118164,3807300
2015-03-24,43.253459145826895,43.422676285625414,42.97388165953446,42.99595260620117,3665700
2015-03-25,42.97387622802314,43.11366355021139,41.00212478637695,41.00212478637695,11204000
2015-03-26,40.53126074188651,41.384705217213856,40.18546764018821,41.053627014160156,6830800
2015-03-27,41.03154909653235,42.06892541875433,40.87704689689023,41.759918212890625,5144300
2015-03-30,42.01006959922459,42.76051253034504,41.81878154536866,42.67222595214844,5336100
2015-03-31,42.48092743594246,42.60599982370275,41.99534716558194,42.07627487182617,4905300
2015-04-01,41.97328834053293,42.10571962557349,41.36999151160594,41.59806823730469,5322900
2015-04-02,41.701046597577836,42.08362534145947,41.509755822347785,41.73047637939453,3545900
2015-04-06,41.34055756242288,42.046858613912185,41.097768768613854,41.79671096801758,3120500
2015-04-07,41.70842105018558,42.25286102780088,41.62013447234353,41.89235305786133,3259600
2015-04-08,41.78935728392981,42.1498653030534,41.61278410415588,41.914432525634766,4142200
2015-04-09,41.730494619501876,42.554509224491085,41.590704498060525,42.5103645324707,4362200
2015-04-10,42.5471529973718,42.56186508806939,42.33379119672088,42.451507568359375,3410800
2015-04-13,42.53979800258952,42.664873237497254,42.076288519357256,42.09100341796875,3004400
2015-04-14,42.0468711618453,42.238159274459825,41.6275062783691,41.75257873535156,3875100
2015-04-15,42.01743461520304,43.17988361949205,41.92914802405478,43.040096282958984,6654600
2015-04-16,42.77522623807566,43.09894836009221,42.731084353494964,42.973873138427734,4058800
2015-04-17,42.5545108449166,42.81937339396514,42.083645338421334,42.179290771484375,5231200
2015-04-20,42.377933676143314,43.062160972941584,42.377933676143314,42.797298431396484,3220400
2015-04-21,43.312309942108286,43.312309942108286,42.69429826178872,42.78994369506836,2853700
2015-04-22,43.06951369853267,43.30494641162137,42.6501490029322,43.20930099487305,4473500
2015-04-23,39.95003358412772,40.41354305342551,39.677814984448645,40.25904083251953,22987500
2015-04-24,40.22960591669876,40.33996623563315,39.824956091571806,40.26639175415039,10533600
2015-04-27,40.7004801348296,41.421493369120405,40.53126300085544,40.87705612182617,8397300
2015-04-28,40.94367279530154,41.09912630440438,40.44769844510541,40.78081512451172,6729300
2015-04-29,40.469904277590274,40.951073116325475,40.24782743812027,40.72899627685547,5276300
2015-04-30,40.64756808469997,40.825231253394755,39.91471139664185,40.12938690185547,6756900
2015-05-01,40.49951567302015,41.03250235206281,40.28484016908794,40.94367218017578,5726700
2015-05-04,40.9362678527832,41.165748855077084,40.72159234972056,40.9362678527832,4060500
2015-05-05,40.691984536386926,40.73639821061472,39.86289351523806,39.9813346862793,7970100
2015-05-06,40.070176634725435,40.381083719222296,39.48537198661649,39.75186538696289,7737300
2015-05-07,39.9517367856043,40.27004804410993,39.840696923758706,40.01836013793945,5846600
2015-05-08,40.344070450692875,40.84004207142251,40.225629255902156,40.492122650146484,4814600
2015-05-11,40.432902617944414,40.52913697587414,40.203424380237884,40.29965591430664,4204100
2015-05-12,40.12198688340951,40.41068707115401,39.78887019606573,40.09977722167969,4315500
2015-05-13,40.09238239607574,40.684588367626034,40.07017555459911,40.484718322753906,4332600
2015-05-14,40.803020926957736,41.35081309962772,40.714190755989165,41.165748596191406,4109300
2015-05-15,41.38042409790398,41.45444876973443,40.914060758563615,41.165748596191406,4165300
2015-05-18,41.09171800850539,41.38042098418483,40.92145901701855,41.29899215698242,3861300
2015-05-19,41.37302047868401,41.550683646810015,41.13613813708952,41.29159164428711,4848500
2015-05-20,41.31380775661052,41.654325822843994,41.12874322184964,41.18056106567383,4179300
2015-05-21,41.09173285220682,41.454460625175955,40.90666829584442,41.08433151245117,4260800
2015-05-22,40.88445102712153,41.158345710013236,40.88445102712153,40.98808670043945,5419700
2015-05-26,40.89925432668532,40.89925432668532,40.12198399475112,40.38847732543945,5312000
2015-05-27,40.49951663665038,41.624709194812695,40.41068646264976,41.43224334716797,7278200
2015-05-28,41.42484116585235,41.750556525860254,41.24718080935754,41.3878288269043,6851200
2015-05-29,41.46926448291807,41.70614687975282,41.13614772991268,41.39523696899414,5928700
2015-06-01,41.23237527308914,41.70613998847655,41.02510109221181,41.239776611328125,4576000
2015-06-02,41.02510017418193,41.1583468503855,40.62536296943161,40.89925765991211,4630100
2015-06-03,41.054713615414016,41.143546620738896,40.580948882456916,40.63276672363281,3659000
2015-06-04,40.4625088978369,40.62536658856294,39.848096124038854,39.95913314819336,6640700
2015-06-05,39.959133287306045,40.166404658871215,39.663031731335884,39.818485260009766,3650400
2015-06-08,39.72964774078444,39.76666290195603,39.01900069851115,39.10042953491211,4795400
2015-06-09,39.115245987934436,39.4483627647381,38.81914155880649,39.17446517944336,4414300
2015-06-10,39.33730794587364,40.26263040536017,39.1744502893688,40.11457824707031,6930600
2015-06-11,40.099790675982405,40.16641403580467,39.655636826408205,39.707454681396484,4711200
2015-06-12,39.49276910859118,39.6112102934456,39.22627856056419,39.24108123779297,4174100
2015-06-15,38.826540967234585,39.31511123875347,38.73030661597549,39.270694732666016,4895300
2015-06-16,39.16705392116517,39.38172943672752,38.98198940578944,39.30030059814453,2702200
2015-06-17,39.463165946086406,39.6260208310474,39.137450528442514,39.448360443115234,3465700
2015-06-18,39.58899904538188,40.24782823926316,39.48536337315701,40.13679122924805,5911000
2015-06-19,40.15900127219563,40.410689135058746,39.633418707465765,40.35146713256836,9948600
2015-06-22,40.43290348337446,41.09913701582349,40.43290348337446,41.08433151245117,9503400
2015-06-23,40.94368344190526,41.15835618102384,40.49952681258251,40.58835983276367,5055800
2015-06-24,40.45510386458803,40.573545040519384,39.92211716096677,39.96653366088867,4203500
2015-06-25,40.14418929569659,40.2848372931318,39.781464472467874,39.82587814331055,3759600
2015-06-26,39.52236987984762,39.788863182749665,38.81172295468209,39.159645080566406,7860300
2015-06-29,38.9079571377977,38.98198179996078,38.101075895236825,38.13808822631836,6566400
2015-06-30,38.47861372107008,38.48601788305137,37.97523801303823,38.13069152832031,5260600
2015-07-01,38.60445147252498,38.722892626202935,38.31574851306636,38.426788330078125,9820200
2015-07-02,38.63406532508268,38.6710804854371,38.323158309899426,38.47121047973633,3642400
2015-07-06,38.0862713511237,38.50081398778643,37.79757120805932,38.04185485839844,4251200
2015-07-07,37.982631147230734,38.093668129968115,36.99808685524036,37.90860366821289,8205800
2015-07-08,37.47186326314782,37.523681102900134,36.61316400228869,36.664981842041016,11806400
2015-07-09,37.04993078495018,37.30902290828616,35.59902506017034,35.61383056640625,22612200
2015-07-10,36.22082538208297,36.472513223488214,35.97653887842777,36.28004455566406,8448900
2015-07-13,36.420702902091925,36.67979213470331,36.27265070180219,36.516937255859375,4937600
2015-07-14,36.561352294614885,37.01291025150095,36.50213310662018,36.83524703979492,6500100
2015-07-15,36.442903487372796,36.864850350250364,36.383684311739984,36.635372161865234,5461600
2015-07-16,36.6279727956524,36.753818149121976,36.10979152768379,36.53914260864258,7401200
2015-07-17,36.47251926242003,36.60576595486513,36.10239018870827,36.53914260864258,7021300
2015-07-20,37.79757618969616,37.79757618969616,36.887059147773634,37.079524993896484,8876900
2015-07-21,37.035106710243866,37.81237986668504,36.938875203750904,37.18315887451172,10632900
2015-07-22,35.7544586887281,36.74640446213157,35.532381866832395,36.49471664428711,15381500
2015-07-23,36.89447023668401,37.94563556613633,36.709405679482316,37.39044189453125,13271800
2015-07-24,37.36821622204285,37.42743820595966,36.18380478230283,36.29484176635742,10960300
2015-07-27,36.18380478230283,36.53912821422484,35.88029917437822,36.29484176635742,9394200
2015-07-28,36.383680525274066,37.434845492139374,36.16160087414696,37.072120666503906,7636600
2015-07-29,37.05721306547185,37.41496537583531,36.65474065012697,37.236087799072266,6855300
2015-07-30,36.960328124529774,37.58639550038727,36.893249375574925,37.444786071777344,5629400
2015-07-31,37.54913168241057,37.54913168241057,37.12430053619937,37.25100326538086,7466900
2015-08-03,37.32553680800806,37.44478760624092,37.04231509601878,37.33298873901367,5325800
2015-08-04,37.40006431651,37.54167373890435,36.80381037595079,37.14665603637695,5746600
2015-08-05,37.34789084408919,38.10066088212314,37.318077437412235,37.90687942504883,7238800
2015-08-06,37.83233175864322,37.944130570286326,37.14664072050703,37.45222091674805,6055900
2015-08-07,37.13921681445502,37.54914136116147,37.01251120945032,37.50442123413086,5324400
2015-08-10,38.93542435276253,39.091940493745064,38.04849386753489,38.8161735534668,10496600
2015-08-11,38.4136997937396,38.42115172456993,37.5193174064485,37.74291229248047,8013000
2015-08-12,37.407514186736186,38.27953783684899,37.116840584419556,38.09320831298828,7268100
2015-08-13,38.13047222534891,38.24227107275596,37.66092104666721,37.73545455932617,4007500
2015-08-14,37.63856820187643,37.89197649755619,37.31062922524043,37.74291229248047,4536700
2015-08-17,37.60129758065299,38.033580587182975,37.400061358536966,37.93669128417969,3364000
2015-08-18,37.608746361174155,37.83979596940344,37.01994444686129,37.198822021484375,6978500
2015-08-19,37.3628126380846,37.37771934744382,36.55786739167107,36.6696662902832,6906300
2015-08-20,36.25973396770962,36.356623293046255,35.30572467520185,35.35044479370117,10206500
2015-08-21,35.000147728955376,35.49951248328598,34.25482940673828,34.25482940673828,12109500
2015-08-24,33.55422094472602,35.05976383630903,32.60766662383737,33.45732879638672,15487000
2015-08-25,34.299532199292024,34.523127014349996,32.41387870664798,32.43623733520508,14458300
2015-08-26,33.412607628734904,33.889610698454604,32.607662816210976,33.84489059448242,19075800
2015-08-27,34.12065241341269,35.14173997933648,33.91196431207335,35.07466125488281,9822000
2015-08-28,34.91069773749372,35.7752665657734,34.657289485592976,35.76781463623047,8242700
2015-08-31,35.58894998464632,36.10321860486455,35.261010945499535,35.656028747558594,10145900
2015-09-01,34.58277554830281,35.454796728000275,34.292098978572874,34.538055419921875,13136100
2015-09-02,35.2088346432174,35.29081726074219,34.59021914396155,35.29081726074219,6012600
2015-09-03,35.52932271286975,35.790185829029284,35.23864902491336,35.372806549072266,5289100
2015-09-04,34.79890395991697,35.1715630409135,34.590215784371125,34.67965316772461,6603400
2015-09-08,35.499507657330966,36.34171519986507,35.43242890372385,36.28954315185547,7993000
2015-09-09,36.53549076333294,36.990135223900204,35.38024836676071,35.48459243774414,8250100
2015-09-10,35.29827542481949,35.74546527112554,34.955429686440596,35.335540771484375,8543100
2015-09-11,35.17902125717071,35.499508325642246,34.89579953181282,35.45478820800781,6567300
2015-09-14,35.67838539960759,35.775277572452126,35.439883776577666,35.64857482910156,4750800
2015-09-15,35.77527215259105,36.32680884926863,35.521863861117005,35.99886703491211,7104300
2015-09-16,36.02123013116986,36.349169117091826,35.62620955005925,36.2969970703125,4624500
2015-09-17,36.24481051122775,36.54293596728925,35.842338160224436,35.88705825805664,5693500
2015-09-18,35.588943917804286,36.2522766584342,35.10448595233849,35.6262092590332,17206500
2015-09-21,35.678373395240854,35.834892342762224,35.067212836462666,35.36534118652344,6105200
2015-09-22,34.79144128436555,35.02249086676521,34.49331297437645,34.7392692565918,6161600
2015-09-23,34.73927757881117,34.88088699624101,34.48586930756207,34.7169189453125,4335300
2015-09-24,34.411326913686,34.97031535225656,33.7852625919227,34.84361267089844,8535000
2015-09-25,35.04485834580087,35.43987603961374,34.88088744957832,35.156654357910156,8924200
2015-09-28,35.06721407921971,35.357887667090765,34.940511374009354,34.99268341064453,10728200
2015-09-29,35.14920181595014,35.48459553276667,34.87343491241786,35.42496871948242,7413600
2015-09-30,35.84235951166688,36.93052361868149,35.715653913911005,36.908164978027344,9120400
2015-10-01,37.14666877961806,37.16902742157075,35.69329734624832,36.10322189331055,10007400
2015-10-02,35.611296906189644,36.36406975818004,35.11938708775707,36.34916305541992,8229700
2015-10-05,36.617478690741066,37.57148493959287,36.52058654260365,37.362796783447266,6812500
2015-10-06,37.36278832379415,37.74289921401823,36.69200105497254,37.608741760253906,5737000
2015-10-07,38.01122510525171,38.45841485157768,37.49695661266054,38.041038513183594,7065300
2015-10-08,37.77272114096047,38.413695155172306,37.53421957890438,38.39878845214844,6431500
2015-10-09,38.27207416082629,38.57765439514688,37.74289911851834,37.91432189941406,5720100
2015-10-12,37.80999620003273,38.324264792370755,37.68329345649174,38.26464080810547,4075300
2015-10-13,38.00377583737517,38.32426004402514,37.869618335445765,37.944149017333984,7162000
2015-10-14,38.09320681038713,39.61365634747485,38.03358000038552,39.240997314453125,10558500
2015-10-15,39.46459595461697,39.576391969359314,38.98759280145828,39.077030181884766,7153400
2015-10-16,38.97269301980286,39.248459983611006,38.75655003914836,39.18138122558594,5685300
2015-10-19,39.17392704565885,39.44969399364053,38.93542544040495,39.233551025390625,5701700
2015-10-20,39.09193688581636,39.203732900558705,38.890700647484465,39.077030181884766,5666900
2015-10-21,39.1888233230263,39.63601300308693,38.61492809961214,38.6820068359375,8132900
2015-10-22,41.81235519840557,43.31789849498726,41.54404300055178,43.29553985595703,21234200
2015-10-23,43.340245983526906,44.47312692378476,42.90796014742733,43.958858489990234,14490000
2015-10-26,43.899235875671025,44.14518936265376,43.52657683714466,43.832157135009766,7634500
2015-10-27,43.5191185726635,44.21971932850807,43.392415874448055,43.54147720336914,8420500
2015-10-28,43.901578789378306,44.09662897236889,42.903814269225805,44.01410675048828,14464600
2015-10-29,43.31642701122786,43.38394493514968,42.243643809902096,42.43869400024414,10108900
2015-10-30,42.753781354399095,42.7612820745281,42.31116446056005,42.55122756958008,7503400
2015-11-02,42.68626243827973,42.90381765832209,42.54372300312537,42.753780364990234,5492600
2015-11-03,42.753785876641416,43.083871971014005,42.61875000581211,42.873817443847656,4268400
2015-11-04,42.91882416471657,43.06886432753379,42.61124311874139,42.72377395629883,5096000
2015-11-05,42.76128289727711,43.316430636178495,42.633750620184315,43.061363220214844,5768400
2015-11-06,42.948833578390506,43.398951213540116,42.53622526920701,43.233909606933594,6387000
2015-11-09,42.933827544324515,43.248912165645834,42.65625510923475,42.9188232421875,4478200
2015-11-10,42.37868206888008,42.9263262110585,42.29615983919411,42.78378677368164,5058700
2015-11-11,43.113883021354894,43.8940868215174,42.79129762962504,43.21140670776367,6291800
2015-11-12,42.86631930624635,43.038864527161756,42.50622455888655,42.51372528076172,4894800
2015-11-13,42.5137167817294,42.85130643419659,42.01858624537023,42.108612060546875,5741700
2015-11-16,42.02608637221229,42.67875773880195,42.01108207091648,42.67125701904297,5995100
2015-11-17,42.686257111901554,43.1213703594709,42.5737262941663,42.81378936767578,4265800
2015-11-18,42.91881979375412,43.518977522123336,42.67125598282959,43.481468200683594,4029700
2015-11-19,43.58649264825985,43.72903206707229,43.1363750963137,43.47396469116211,4076200
2015-11-20,43.774038980102894,43.774038980102894,43.36893435698346,43.60149383544922,4252500
2015-11-23,43.661519435185994,43.69902875876067,42.99384374551172,43.02384948730469,4296800
2015-11-24,42.98634416286743,43.473974000037614,42.65625807821233,43.39895248413086,4655300
2015-11-25,43.39894999006296,43.40645357211152,42.93382806528371,42.963836669921875,3152600
2015-11-27,42.971323990585624,43.33892212833101,42.7687702651068,43.17387771606445,1509500
2015-11-30,43.22639494834713,43.766538261542905,43.136372016740296,43.60149383544922,5866600
2015-12-01,43.11388259944598,44.14915384196662,43.07637040774058,43.744049072265625,5016900
2015-12-02,43.66150737315539,43.759033876929,43.09135550993118,43.17387771606445,5151500
2015-12-03,43.488976594477975,43.67652608420848,42.851306612327406,43.2789192199707,9691600
2015-12-04,43.15138413194799,44.2316680922415,43.12887911041415,44.171653747558594,6414200
2015-12-07,44.1116221142611,44.1341299902116,43.59398675583133,43.77403259277344,3934500
2015-12-08,43.331422486161514,43.44395329780118,42.776277731908635,43.2639045715332,3670100
2015-12-09,43.13638171517961,43.26391399181451,42.22864289113039,42.581233978271484,4562000
2015-12-10,42.746283896224895,43.1138821943232,42.483715727424965,42.70877456665039,4317800
2015-12-11,42.116103631978774,42.581225462239956,42.0860950334387,42.168617248535156,5251300
2015-12-14,42.34867356731222,42.55122735109118,41.88355165369644,42.17612838745117,5082300
2015-12-15,42.98632828822596,43.46645436560815,42.64873874576126,43.17387771606445,7602400
2015-12-16,43.706543425197246,43.706543425197246,42.686276334227834,43.56400680541992,5920900
2015-12-17,43.65402388034751,43.684032489436305,42.38619019501991,42.408695220947266,6944300
2015-12-18,42.04108149460085,42.378671045605444,41.110835049807875,41.21586227416992,12025700
2015-12-21,41.52345887456855,41.883556439171116,41.20837708276418,41.87605285644531,4305600
2015-12-22,42.15363071860457,42.32617594027805,41.418436915125895,41.7185173034668,4412800
2015-12-23,42.056094363165194,42.54372127018701,41.38841584321219,42.53622055053711,5786200
2015-12-24,42.73878258010906,42.73878258010906,42.40869361618,42.57373809814453,1681200
2015-12-28,42.31866352576979,42.51371372105415,41.83853732650562,42.32616424560547,2930100
2015-12-29,42.57373708734687,43.09137268424799,42.32617037027788,42.77629089355469,2753100
2015-12-30,42.77628175395741,42.89631329549625,42.07859752445739,42.13111114501953,3010200
2015-12-31,42.04859094415047,42.23614041567815,41.11834716796875,41.11834716796875,6450100
2016-01-04,40.173093902476,40.765750885009766,40.038058061853675,40.765750885009766,7915400
2016-01-05,40.71324135402647,40.86328150998484,40.17309793728754,40.33814239501953,6131900
2016-01-06,39.7229818783389,40.42816691849775,39.5504366938887,40.0755729675293,8520800
2016-01-07,39.30287193754243,39.722983838968666,38.537669650182956,38.78523635864258,10526700
2016-01-08,38.65018603948036,38.99527629636873,37.689933894477186,37.77995681762695,9620000
2016-01-11,38.13256370682101,38.63519496671507,37.869992703572585,38.41763687133789,7000500
2016-01-12,38.807739747849176,38.89026198052661,38.13256330751923,38.65769958496094,5075800
2016-01-13,38.65019979342928,38.86775789175651,37.35985836807123,37.37486267089844,6882200
2016-01-14,37.49488890302877,38.01252439900017,37.15729929183971,37.53239822387695,10440500
2016-01-15,35.92699327308156,36.52715129301583,35.056763428732076,36.032020568847656,15871600
2016-01-19,36.474626590917495,36.707189005188674,35.86696803192302,36.1745491027832,9048800
2016-01-20,35.94199132335843,36.969761932409526,35.55939154657167,36.767208099365234,13430800
2016-01-21,37.25482723584317,38.15506527941053,36.76719746089232,37.382362365722656,10093900
2016-01-22,38.1400623979368,38.43263912908757,37.61492328115899,37.734954833984375,6335600
2016-01-25,37.772459034817395,38.26758948079294,37.509890942927925,37.569908142089844,7651300
2016-01-26,37.794971080141636,38.30510588212106,37.53240009754106,38.0350341796875,7710200
2016-01-27,37.8174734694834,38.68770286021736,37.4873874460249,38.01252365112305,9791200
2016-01-28,38.30731660201999,39.30506020738135,38.088114612693104,38.647457122802734,10033300
2016-01-29,38.79106543559685,40.015568259954364,38.541631009987746,40.00801086425781,10469100
2016-02-01,39.53181149182858,40.265002810433934,39.53181149182858,39.93242263793945,6336700
2016-02-02,39.39575479951442,39.682984830401146,38.27707290649414,38.27707290649414,9460500
2016-02-03,37.90669144913485,38.329974679842785,37.11302962475595,37.982276916503906,11309400
2016-02-04,38.14102346269802,39.01782850034389,37.80088295598154,38.7457160949707,9795800
2016-02-05,38.70036499956632,38.85909627100312,37.42294878163685,37.70262145996094,7929800
2016-02-08,37.23397524056325,38.723032877081174,37.11303673954766,38.47359848022461,15765600
2016-02-09,38.19393089057676,39.02538571768074,37.86135068977618,38.30731201171875,7321700
2016-02-10,38.798625782400535,39.078295558087156,38.23928334762565,38.36022186279297,7329600
2016-02-11,37.67994375765679,38.38289983120249,37.59680086496587,38.0805549621582,6121400
2016-02-12,38.59454621481215,38.85154095138026,37.78576925513643,38.65501403808594,8060600
2016-02-16,38.6550157856064,39.887079097505925,38.6550157856064,39.71323013305664,6567400
2016-02-17,40.03068399749079,40.60514407828372,39.85683507086705,40.58246612548828,6244700
2016-02-18,40.54468239216705,40.680738605569125,40.06092824824951,40.10628128051758,6004200
2016-02-19,39.93242609129853,40.01556897906127,39.61496068170721,39.879512786865234,6300700
2016-02-22,40.28011655575357,40.49931847877912,40.098707371739046,40.28767395019531,4350900
2016-02-23,40.083593898495046,40.34058858745363,39.395755596194356,39.4864616394043,3888500
2016-02-24,39.176554382511256,39.74345414613964,38.783503533720754,39.652748107910156,5341500
2016-02-25,39.917302715428214,40.14406204223633,39.19922911103477,40.14406204223633,3917500
2016-02-26,40.431290395198815,40.438847789640555,40.14406038859297,40.28767395019531,3533100
2016-02-29,40.363272252640364,40.688295078306716,40.03824942697402,40.07604217529297,4450400
2016-03-01,40.416181952794716,40.98308181762695,40.06092378147794,40.98308181762695,4958800
2016-03-02,41.07379044268787,41.292992444879815,40.80167801009129,41.13425827026367,4163600
2016-03-03,41.262742660251554,41.51973732523536,40.869691826546834,41.47438430786133,4045900
2016-03-04,41.57265917691494,41.77674348615531,41.11914041198212,41.4895133972168,4248100
2016-03-07,41.2249725918809,41.98083933005223,41.18717983165289,41.94304656982422,3747600
2016-03-08,41.56510038087202,41.68603890634242,41.134253820269215,41.21739959716797,4480600
2016-03-09,41.34590856660052,41.678488872553004,41.224970011399385,41.38370132446289,3641700
2016-03-10,41.9128112082807,42.05642485050825,41.28544043156516,41.94304656982422,4838400
2016-03-11,42.27560741158437,42.48724907803689,42.139551230750186,42.373870849609375,5031600
2016-03-14,42.177362265026744,42.32853618522594,41.7691935455097,42.033748626708984,3477200
2016-03-15,41.8901271759888,42.13200714988835,41.625575009320734,42.124446868896484,3407500
2016-03-16,42.101761235477326,42.54016227079613,41.83720625174552,42.43434143066406,3449900
2016-03-17,42.27559919949063,42.94076230064871,42.26803892235652,42.78202819824219,4530500
2016-03-18,42.925664457691354,43.273362398043375,42.721580131814584,43.15242385864258,7924900
2016-03-21,43.008818435986754,43.12975699842253,42.615767387219805,43.09952163696289,3085500
2016-03-22,42.887881014425226,43.23557903025195,42.72158940537643,43.008819580078125,3514900
2016-03-23,43.06170078418646,43.07681845505379,42.744235462774306,42.78202819824219,3220900
2016-03-24,42.69890420887315,42.88031057267108,42.47214192902249,42.857635498046875,2279600
2016-03-28,43.12218888000124,43.19777726991407,42.585524286930244,42.721580505371094,2240400
2016-03-29,42.67622100216232,43.46988023382216,42.388993814240884,43.39429473876953,4013800
2016-03-30,43.636179903505735,44.429839282861806,43.522801639827634,44.11993408203125,5026700
2016-03-31,43.930954902562625,43.99898299473785,43.36405509556957,43.40184783935547,5410400
2016-04-01,43.45476519232568,43.84025582832624,43.182652798253855,43.79490280151367,4542600
2016-04-04,43.681522939261654,43.84025420211498,43.50767400136492,43.62861251831055,3423700
2016-04-05,43.50012848911853,44.05191084020897,43.37163253273155,43.62106704711914,4455900
2016-04-06,43.53035574891703,44.1199307490308,43.27336100056449,44.11237335205078,3684300
2016-04-07,43.71931984302744,43.900729077399376,43.06927417134747,43.19777297973633,4228600
2016-04-08,43.515244930678485,43.900738555672085,43.515244930678485,43.75712203979492,3211100
2016-04-11,43.76467144858612,44.324011043181024,43.681525672345884,43.704200744628906,3663600
2016-04-12,43.70420743925858,44.34669290850992,43.40941992081615,44.17284393310547,4476600
2016-04-13,44.384479404494435,44.792645101054894,44.15771716002541,44.72461700439453,5053400
2016-04-14,44.42227253863071,44.800205771509916,43.93851846188959,44.762413024902344,4920100
2016-04-15,44.95137764129281,44.95137764129281,44.41471028309727,44.543209075927734,4690300
2016-04-18,44.324007089361935,44.6490298856344,44.308889414721165,44.558326721191406,4430700
2016-04-19,44.497851465128555,44.83043450635883,43.6663996288555,44.157711029052734,6246800
2016-04-20,44.28622084464032,44.95138420945641,43.92340525021391,44.63391876220703,4673400
2016-04-21,44.512981928701514,44.69439117453568,44.2559871790877,44.49030685424805,3376700
2016-04-22,44.452522972209096,45.04965549138255,44.17285020893506,44.3542594909668,5359900
2016-04-25,44.3769245327433,44.69438998364362,44.308896427793385,44.611244201660156,4670200
2016-04-26,44.70950140619674,45.29907631101813,44.6490307065219,44.898468017578125,3928800
2016-04-27,44.618802201365135,45.351993688687585,44.41471788375779,45.29152297973633,7123900
2016-04-28,45.641437557876124,46.0978507727331,44.49279598946353,44.64493179321289,9417800
2016-04-29,43.89946243442471,44.272202178280395,43.23005666451173,43.389801025390625,10774700
2016-05-02,43.58757166974347,44.08962735969344,43.32133111515046,44.005950927734375,6464200
2016-05-03,43.526715471917086,43.80817017113919,43.35936261744782,43.51150131225586,5696400
2016-05-04,43.321348506302854,43.51152123644307,42.84972094806067,42.92578887939453,5081900
2016-05-05,43.00184906222239,43.4278369456277,42.85731885800874,43.08552551269531,4078200
2016-05-06,42.78123905934239,43.58756920875775,42.7432022092872,43.51150131225586,8054500
2016-05-09,43.488671795630566,43.762520822939265,43.26807376967971,43.2908935546875,3773500
2016-05-10,43.45065010801629,43.86142376483248,43.199623696720586,43.83860397338867,4545600
2016-05-11,43.83099544170433,44.249374728400255,43.70167942111661,43.83860397338867,4494200
2016-05-12,43.96031118516212,44.12005551732628,43.039876240630264,43.481075286865234,5183200
2016-05-13,43.42023527682215,43.81579196674533,43.34416445044822,43.450660705566406,4062800
2016-05-16,43.70929271604751,44.508017476499305,43.56476250855027,44.13528060913086,4265300
2016-05-17,43.92228904432292,44.234172163177746,43.488692609031894,43.68647384643555,4713900
2016-05-18,43.534321125886194,44.508004130330875,43.49628717761337,44.12765884399414,4676900
2016-05-19,43.770147457963155,44.02878243498287,43.19962938234363,43.534332275390625,4326500
2016-05-20,43.732107787471534,44.7514333988352,43.71689362589242,44.523223876953125,6337000
2016-05-23,44.73621827831274,45.093740911442076,44.57647103605862,44.67536163330078,3690900
2016-05-24,44.873156352649346,45.77837745650368,44.86554781882735,45.70991516113281,4544700
2016-05-25,45.75554479517285,46.02939099786317,45.61862024292539,45.97614288330078,5785100
2016-05-26,45.90768883452041,46.26521444077433,45.75555299525119,46.22718048095703,3367000
2016-05-27,46.26521203587691,46.46299325953429,46.13589599885899,46.41735076904297,3807100
2016-05-31,46.417350053861696,46.561880252149855,45.862046152895715,46.09785842895508,6196400
2016-06-01,46.02939166163723,46.58469841031795,45.801185038535436,46.455379486083984,4011100
2016-06-02,46.280411535829565,46.34887379897238,45.96852853746878,46.21955490112305,3583300
2016-06-03,46.53145067391438,46.53145067391438,45.75554868102372,46.04460906982422,2749500
2016-06-06,46.158708498118315,46.759654803155875,46.05981790191864,46.62273025512695,8259200
2016-06-07,46.78246726508335,46.98785405495142,46.70639937334142,46.82810974121094,5021200
2016-06-08,46.85854072536577,47.383419106893975,46.85093509600937,47.22367477416992,4749700
2016-06-09,47.38342621173652,47.38342621173652,46.79008546981543,47.26932144165039,5285600
2016-06-10,46.71401500777608,47.29974718542373,46.645552729822334,47.0943603515625,7484700
2016-06-13,47.01066936307285,47.39862311868413,46.7140005510194,46.80528259277344,6697300
2016-06-14,46.80528862296095,47.24649053492158,46.56186787905308,47.08674621582031,5170300
2016-06-15,47.3682154445861,47.37582107562814,46.721626537421265,46.9270133972168,4943600
2016-06-16,46.698808848612664,47.2617213306773,46.470602183593826,47.208473205566406,3632600
2016-06-17,47.2236686219972,47.261702567433055,46.32605358105174,46.873748779296875,6101300
2016-06-20,47.48992083402623,47.61163123046887,47.132395274936385,47.17042922973633,4023600
2016-06-21,47.27692518479204,47.429060993755705,47.00307608577016,47.1932487487793,3462200
2016-06-22,47.413860074624914,47.56599591676735,47.10958258672968,47.208473205566406,4112700
2016-06-23,47.65727095232666,48.159326671249836,47.44427559455607,48.15171813964844,3638100
2016-06-24,46.02939288199335,47.086755390253245,45.91529101831965,46.052215576171875,8505700
2016-06-27,45.54254620346122,45.641436795690446,44.584077307545655,44.93399429321289,7459800
2016-06-28,45.19262647924757,45.86964061973645,44.956811358776655,45.84682083129883,5163300
2016-06-29,46.17392115493838,46.63794289682992,45.94571454959294,46.59230041503906,6690500
2016-06-30,46.79007503419854,47.657264709472656,46.523834499117136,47.657264709472656,6632000
2016-07-01,47.41385098434783,47.49752452076204,47.07914523147248,47.246498107910156,4934500
2016-07-05,46.8509353415784,47.04110799633366,46.39452213088754,46.59230041503906,5538700
2016-07-06,46.394517244762596,46.66836340125384,45.99134928591482,46.4477653503418,6064100
2016-07-07,46.455388914217494,47.11718912606661,46.43256911781742,46.98787307739258,6876800
2016-07-08,47.38342587431519,48.13650806574539,47.20085882383843,48.128902435302734,5345300
2016-07-11,48.303851099252526,48.59291432778473,48.121284086020545,48.227783203125,4533900
2016-07-12,48.50923636291831,48.99608074883287,48.47880804471038,48.9732551574707,5405100
2016-07-13,49.09498977661133,49.292771029153286,48.95045665318327,49.09498977661133,4068500
2016-07-14,49.44489472117923,49.61224760112072,49.23951078900246,49.30036163330078,3999900
2016-07-15,49.64266209553382,49.64266209553382,49.09496402416196,49.33077621459961,5952300
2016-07-18,49.330793890271735,49.84045529901163,49.330793890271735,49.58943176269531,3452500
2016-07-19,49.3612131786049,49.64267079337594,49.262325488684205,49.39925003051758,3065900
2016-07-20,49.68830942500265,49.96215850344586,49.44488866678743,49.78719711303711,4744100
2016-07-21,49.74156259886539,49.82523903710958,49.292757887927685,49.376434326171875,5391700
2016-07-22,49.54379304123809,49.954566797252056,49.24712407360755,49.81764221191406,5555900
2016-07-25,49.82523804701329,50.3729362487793,49.68831349657179,50.3729362487793,9945900
2016-07-26,53.742792515042936,55.2109256178715,53.1950943497336,54.328521728515625,22033100
2016-07-27,53.99382893545123,54.44263366684038,53.370062787867134,54.21442413330078,13973400
2016-07-28,54.01558129286409,54.15323981608444,53.40377017222169,53.709678649902344,9143200
2016-07-29,53.77850419526968,53.89322060203567,53.25081222497743,53.342586517333984,7963100
2016-08-01,53.40378168031241,53.73263234360801,53.166699495793154,53.4420166015625,5983000
2016-08-02,53.29669370449956,53.44199568392977,52.340733526615544,52.6542854309082,6391300
2016-08-03,52.64664703215384,52.837839107374705,52.3942779272488,52.67723846435547,4231800
2016-08-04,53.151398241896416,53.31199888893584,52.41722135483653,53.23552322387695,4382100
2016-08-05,53.53377831427036,53.694378949046914,53.3119948182307,53.648494720458984,4547400
2016-08-08,53.556717466839245,53.77850095061412,53.52612603789942,53.64084243774414,4865900
2016-08-09,53.854980978752685,54.183831573161136,53.6637889083924,53.724971771240234,3434300
2016-08-10,53.709685536402546,53.770862572007495,53.38847838455821,53.44966125488281,5012500
2016-08-11,53.533782958984375,53.68673429069376,53.35788367627122,53.533782958984375,3002900
2016-08-12,53.53378465180727,53.70203462283949,53.36553468077504,53.41141891479492,3445000
2016-08-15,53.67910002724729,54.06912774050525,53.480258594100675,53.78616714477539,4148800
2016-08-16,53.60260302112478,53.78615159931193,53.3961181640625,53.3961181640625,3682600
2016-08-17,53.472593820947836,53.54906947783318,53.18198399089611,53.3961181640625,5914700
2016-08-18,53.51846817663323,53.6637701316576,53.37316038689195,53.6331787109375,3816700
2016-08-19,53.62555431744769,53.94675559725088,53.48789579257218,53.740264892578125,3482000
2016-08-22,53.80145070683544,54.00029210583307,53.41141722584143,53.533782958984375,4361400
2016-08-23,53.85498393232608,53.94675823163102,53.48024908758961,53.518489837646484,4779200
2016-08-24,53.617914205068416,53.70203919775119,53.3120056711965,53.457313537597656,3749300
2016-08-25,53.457301023458214,53.579660907531036,53.30434387496892,53.3961181640625,3044900
2016-08-26,53.52612926732827,53.801446309679115,53.074918791359224,53.342586517333984,4160900
2016-08-29,53.45730697144319,53.81674901698847,53.419066221386316,53.518489837646484,3669100
2016-08-30,53.53377639081523,53.68672770375869,52.83783449706971,53.00608444213867,4382800
2016-08-31,53.04432923640766,53.23552130953926,52.94491145887808,53.18198776245117,3870200
2016-09-01,52.60075503001576,53.373172533513056,52.233669567267306,53.30434036254883,4536000
2016-09-02,53.54905795622477,53.610240802456396,52.967838421176424,53.289039611816406,4584200
2016-09-06,53.48023983999227,53.55671549216289,52.9678465522591,53.373172760009766,3870300
2016-09-07,53.342586806186475,53.53377887359216,52.967851987792606,53.14374542236328,4214100
2016-09-08,52.95256371736935,53.0825787830345,52.53958807079063,52.76137161254883,4151600
2016-09-09,52.14954191771298,52.32543532444074,50.987091064453125,50.987091064453125,6995600
2016-09-12,50.71179018147523,52.01954343098585,50.70414669855724,51.95836639404297,6049900
2016-09-13,52.01188467583283,52.42486018621427,51.44595203120749,51.58361053466797,5472600
2016-09-14,51.59126825191236,52.0577773765726,51.40772549564705,51.84364318847656,4011500
2016-09-15,51.851305095415924,53.044342052906906,51.69834789912193,52.93727493286133,6257900
2016-09-16,53.510832037614996,53.510832037614996,52.37132905014062,53.0443229675293,6506200
2016-09-19,53.40377126745011,53.75556398184597,52.990795689319576,53.18198776245117,4100600
2016-09-20,53.35789164098927,53.457315272688675,52.776671825959674,52.906681060791016,3026700
2016-09-21,53.082570306989346,53.31199729530785,52.639003294300224,53.19728088378906,4202100
2016-09-22,53.54143470541777,53.633203174719654,53.12845908940061,53.350242614746094,3566300
2016-09-23,53.53378042010775,53.53378042010775,52.753719329833984,52.753719329833984,3088100
2016-09-26,52.42487069839391,52.59311482772123,52.103663569432626,52.32544708251953,3475600
2016-09-27,52.30251787123365,53.12846926140507,52.065441500520265,53.1131706237793,4560200
2016-09-28,53.07491963558182,53.36552948058852,52.93726111221677,53.334938049316406,3241300
2016-09-29,53.25081826100584,53.74791885685938,52.93726627067082,53.41141891479492,4337900
2016-09-30,53.495540846278345,53.977348614858926,53.411415865564884,53.67144012451172,5071000
2016-10-03,53.59497454302553,53.73263309784249,53.12846532029696,53.273773193359375,3627800
2016-10-04,53.27375039914281,53.46494243043221,52.84547628144649,53.220211029052734,4089500
2016-10-05,53.41908031391054,54.176199520074846,52.77667755346103,53.99265670776367,4789600
2016-10-06,53.8702750598621,54.29854339417101,53.55671729030133,54.26795196533203,4061500
2016-10-07,54.298544967834786,54.344429195063846,53.877920102506366,54.199127197265625,3673600
2016-10-10,54.3597167005248,54.550908721136054,53.45729012985097,53.48023223876953,4893200
2016-10-11,53.480234136015845,53.51082556056499,52.05011567061098,52.58545684814453,5204400
2016-10-12,52.63899584088189,52.63899584088189,51.99658752816995,52.35602951049805,3563900
2016-10-13,51.935426829871005,51.97366175050061,51.285368997247,51.82835388183594,3897700
2016-10-14,52.21072877131202,52.937262150152215,52.16484454086366,52.37897872924805,4329300
2016-10-17,52.38662994848542,52.7613647917678,52.28721216733029,52.32544708251953,2620900
2016-10-18,53.42670651397328,53.480240054178935,52.89901459286164,52.96019744873047,3590700
2016-10-19,52.684885627533404,53.235519715216796,52.46310212917655,53.14374542236328,5530800
2016-10-20,53.090211589392574,53.572019330865956,52.59311104988584,53.342586517333984,3850400
2016-10-21,53.08255783218304,53.56435964567195,52.61604881376716,53.510826110839844,7027500
2016-10-24,53.73262996225514,54.86448393828238,53.70968784357782,54.818599700927734,5888000
2016-10-25,54.734454803329896,54.94858894606793,54.35972005353834,54.45148849487305,4614200
2016-10-26,54.29856020311574,55.017444416577334,54.122660891518876,54.84154510498047,8151000
2016-10-27,54.60445340869445,55.200971701309854,53.84733448612248,54.09206008911133,9627000
2016-10-28,54.26795926232466,54.82624270294693,53.93145933456771,54.145599365234375,6360100
2016-10-31,54.53563064093827,54.63505426333786,54.145602972926376,54.183837890625,5411400
2016-11-01,54.39796512463865,54.39796512463865,52.70782794251117,53.10551071166992,7375300
2016-11-02,53.204947269081515,53.495557214736046,52.55489517489159,52.646663665771484,6516800
2016-11-03,52.92398088054926,52.93939144503662,52.02265681251197,52.30769348144531,6723600
2016-11-04,51.52190974724402,52.384718999574176,51.46028513289751,52.07657241821289,6056300
2016-11-07,53.02411891706915,53.52485634678878,52.60812193902854,53.162784576416016,5751100
2016-11-08,53.162796676418026,53.902345068789,53.11657086117672,53.79449462890625,5409600
2016-11-09,52.23065008425444,53.886926984490465,52.07657385063218,53.763671875,5697800
2016-11-10,53.925444902727975,54.48010756211259,52.484863044459985,53.26293182373047,7190600
2016-11-11,53.17048384492327,53.97166255496754,53.15507916166005,53.80988693237305,4974900
2016-11-14,54.03329503941495,54.19507066798721,53.64811329212662,53.94084930419922,6493000
2016-11-15,54.079522278566,54.973146874226806,53.96397244068558,54.71892547607422,4736500
2016-11-16,54.70351895100616,54.926925092410364,54.35685181679649,54.849884033203125,4880400
2016-11-17,54.82677168638688,55.6818756852802,54.410774669838176,55.52780532836914,3773800
2016-11-18,55.34292767978708,56.352108165236835,55.27359776507076,55.92840576171875,5484200
2016-11-21,56.043956606783304,56.79891558424706,56.00543607258507,56.76039505004883,5447000
2016-11-22,57.07623152512689,57.4999338206229,57.03001159376636,57.31504821777344,6824100
2016-11-23,57.2996472410222,57.43061353079783,56.945280660694515,57.053131103515625,3995500
2016-11-25,56.90677110266043,57.476838619707316,56.79892065017612,57.338172912597656,1978800
2016-11-28,57.23030985546463,57.69252681822656,57.037718964529866,57.41519546508789,4512000
2016-11-29,57.515344382681306,57.96985604747944,57.184087827313704,57.31504821777344,6347000
2016-11-30,57.52303588976227,57.53844644970518,56.95296859741211,56.95296859741211,6768200
2016-12-01,56.914439162396114,56.93755499869062,53.89461640119778,54.24128341674805,9631100
2016-12-02,53.917757302789525,54.81908735855739,53.86383207529991,54.480125427246094,5946400
2016-12-05,54.957733777441604,55.104104735219785,54.218185462059736,54.318336486816406,6405100
2016-12-06,54.78054264304014,54.99624345780063,54.395360937423156,54.980838775634766,7039800
2016-12-07,55.081002299596825,55.79744074642218,54.78826622142402,55.62025451660156,6045900
2016-12-08,55.7126856366036,55.912981783475544,55.37372383072905,55.566314697265625,5473600
2016-12-09,55.73580456819474,55.9669159961876,55.127216626727446,55.458473205566406,6101200
2016-12-12,55.38142999654279,55.41224524097016,54.842177912581164,55.258174896240234,3340600
2016-12-13,55.42766279885737,56.69876400904651,55.28899710542931,56.39061737060547,6950900
2016-12-14,56.66026379189872,56.775813668028555,55.77434418464144,55.85137939453125,6474100
2016-12-15,56.02854930111946,56.69105661458261,55.812842548061816,56.58320617675781,5079500
2016-12-16,56.51385085785862,56.81429206775329,55.99000359081567,56.15177917480469,6478700
2016-12-19,56.321281197898095,57.06853480284185,56.2057254866601,56.6756477355957,3818000
2016-12-20,56.95297545419665,57.15327161572305,56.69875408119089,57.037715911865234,3182000
2016-12-21,57.1763722358803,57.561553934179244,57.11474175357496,57.13785171508789,4272200
2016-12-22,57.19949694063323,57.25342215719812,56.81431514305321,57.16097640991211,3470700
2016-12-23,57.09164507609867,57.30734593695018,57.00690461256306,57.29964065551758,1690800
2016-12-27,57.33045309017891,57.892821059005584,57.13016280202244,57.677120208740234,2037200
2016-12-28,57.74644935458203,57.81578512835501,56.99149638847716,57.0454216003418,2683400
2016-12-29,56.8836503077857,57.31505795762228,56.852840933247975,57.122467041015625,3292600
2016-12-30,57.33817023435609,57.36128020489344,56.05936367547633,56.21343994140625,4311800
2017-01-03,56.64485576687646,57.24573865937083,56.275084391838405,56.68337631225586,4847900
2017-01-04,56.73727083373453,56.98378690944126,56.42912426974941,56.614009857177734,4507100
2017-01-05,56.459940474712035,56.775786447051814,56.15179390548294,56.174903869628906,4301100
2017-01-06,56.14410189330514,57.22261220178408,55.82825584632257,57.122467041015625,5244600
2017-01-09,57.39978033574961,57.94673766119434,57.13785371548501,57.26881408691406,4782900
2017-01-10,57.48454585096322,57.64632153517253,57.05313814899602,57.46913528442383,3712500
2017-01-11,57.49991860546577,57.93132019042969,57.3612529706694,57.93132019042969,4361400
2017-01-12,57.777253069315165,57.88510347151873,57.076219577585874,57.66169738769531,4408200
2017-01-13,57.6463108664495,58.00838270679815,57.56927568023676,57.77727127075195,3372500
2017-01-17,57.52303836961304,57.73873919886039,57.23030236954977,57.38437271118164,4413100
2017-01-18,57.56927260898961,57.654007195117565,57.19949550652442,57.29964065551758,5531400
2017-01-19,57.176401231227764,57.630913044557936,56.90677508116671,56.91447448730469,4468500
2017-01-20,57.13016316602256,57.69252526102491,57.13016316602256,57.58467483520508,6661400
2017-01-23,57.62319560856518,58.34733334537928,57.49993462001368,58.33963394165039,6895100
2017-01-24,58.69400787006293,59.564516671217916,58.47830699030121,59.37963104248047,8561600
2017-01-25,59.8726659058919,60.643029582751225,59.46437409754181,60.535179138183594,8112800
2017-01-26,60.103777158928075,61.22080812231569,60.096077753166384,61.05903244018555,8991500
2017-01-27,61.29158323404758,61.59393184004328,60.26824812574233,60.493072509765625,9737300
2017-01-30,60.09769549269188,60.531841812602195,59.96590371464741,60.392295837402344,8355200
2017-01-31,60.00467544446378,60.11321055780572,58.33787775425533,58.56270217895508,11129400
2017-02-01,58.96583653797281,59.593796504353726,58.81078805339908,59.128639221191406,7815800
2017-02-02,58.61696376150393,58.996836619484846,58.40764183944952,58.83403396606445,4434500
2017-02-03,59.14415073836925,59.35346679505739,58.94258296601413,59.30695343017578,4547000
2017-02-06,59.213923328253856,59.28369929329323,58.80303948156782,59.08988571166992,4633000
2017-02-07,59.20616095851052,59.500755403194674,58.95032567209761,59.058860778808594,4500900
2017-02-08,59.299192177519174,59.34571145158822,58.85729751954431,58.88055419921875,5864700
2017-02-09,59.151898341276244,59.19065750278186,58.353381539953865,58.376644134521484,6950500
2017-02-10,58.62472075123319,58.65573162689321,57.77193645738218,58.268104553222656,6289400
2017-02-13,58.554934371994946,58.71773700417037,58.44639928387801,58.54718017578125,5466200
2017-02-14,58.50067466514215,58.640220642089844,58.376637082699474,58.640220642089844,3999800
2017-02-15,58.64798399850631,58.77202160032017,58.08980000354292,58.66348648071289,5731500
2017-02-16,58.76427803867588,59.16740767036557,58.5472018672974,59.11314010620117,4882000
2017-02-17,59.004597890382115,59.260433197021484,58.65573586476129,59.260433197021484,3955300
2017-02-21,59.53177498243517,59.79535859020751,59.37672058252151,59.75659942626953,5104700
2017-02-22,59.84961643606906,59.91163818596649,59.539519516021144,59.87287902832031,4056600
2017-02-23,59.87289180693329,59.9891752194097,59.454253777855556,59.80311584472656,4921700
2017-02-24,59.64805019100643,59.88062286376953,59.22941228236984,59.88062286376953,3516600
2017-02-27,59.9348807837319,59.95813745580013,59.508494661471865,59.841854095458984,3055400
2017-02-28,59.74106727897115,59.82634568634125,59.2759160935913,59.399959564208984,4770500
2017-03-01,59.795342901397866,60.609362021884614,59.446480943885845,60.58610534667969,5332500
2017-03-02,60.748915307131746,61.05901814823779,60.42330998559429,60.53184509277344,7605500
2017-03-03,60.62487355601353,60.62487355601353,60.05118712796366,60.361289978027344,3994800
2017-03-06,60.22950544523583,60.82644862388174,60.00468099972174,60.71015930175781,4066400
2017-03-07,60.74118174393313,62.307198961886215,60.63264659988352,61.338130950927734,10556800
2017-03-08,61.58618186796209,61.973808881905015,61.369111686509065,61.50865173339844,5386500
2017-03-09,61.62495916236102,61.85753780508339,61.09003774765253,61.34586715698242,4255400
2017-03-10,61.80323680680667,62.50871472253611,61.477631614931546,62.27614212036133,5118200
2017-03-13,62.26841680523058,62.86535993385682,62.159881690934895,62.811092376708984,6082600
2017-03-14,62.756809912705755,62.9583776119701,62.50098058390266,62.8653450012207,4271400
2017-03-15,63.12122101704084,63.53210496249786,62.7646046508947,63.43132400512695,3668800
2017-03-16,63.56308231820025,63.71038249064118,63.09017684167673,63.346012115478516,4195600
2017-03-17,63.7569019901908,63.91195637473853,63.13670219615983,63.72589111328125,9231700
2017-03-20,63.563097435588375,63.780167689936526,63.21423537177467,63.252994537353516,4383000
2017-03-21,63.51658898696769,63.632878322146254,61.76451250384883,61.826534271240234,6221000
2017-03-22,62.090098693148505,62.632780117776775,61.694723356523276,62.55525588989258,4307300
2017-03-23,62.555253724682274,62.82659147024493,62.19863755698288,62.53974533081055,3335200
2017-03-24,63.50881924774913,63.609606073779524,62.35369220765181,62.47772979736328,4100300
2017-03-27,61.98155320780557,62.656026298318885,61.7954939091089,62.43120193481445,3260800
2017-03-28,62.252898251579595,62.78781948687018,62.19087651236027,62.49322509765625,3577900
2017-03-29,62.29168002323767,62.532012871307714,62.221909977318475,62.40021514892578,2811600
2017-03-30,62.19863380165349,62.857598548153824,62.19863380165349,62.82658767700195,3372800
2017-03-31,62.63278646829265,62.91187844874924,62.438972921571136,62.45447540283203,3760900
2017-04-03,62.694812163453136,63.18322020259099,61.85753616945645,62.29943084716797,4563900
2017-04-04,62.105600814247424,62.5397411783218,62.105600814247424,62.4854736328125,2761500
2017-04-05,62.485473547736134,62.9351223040403,62.00481983522789,62.08234405517578,3547900
2017-04-06,62.00484314003242,62.30719185177155,61.555194214725645,62.097869873046875,4177700
2017-04-07,62.252896832023026,62.73355051321596,62.082340010418385,62.43120193481445,2686800
2017-04-10,62.34592192242626,62.6095113439672,61.95829494318006,62.121097564697266,3314700
2017-04-11,61.92731854390851,61.92731854390851,60.62489093211947,61.56295394897461,5321300
2017-04-12,61.61721908099674,61.7722675869716,60.624888532704965,60.84196472167969,6335000
2017-04-13,60.8341971581411,61.500916233869184,60.33803495035091,60.34578323364258,4658300
2017-04-17,60.702383212811974,61.05124510466576,60.56283727312688,61.02798843383789,4462400
2017-04-18,60.86520862728557,61.89629221351017,60.74116511677186,61.717987060546875,4528900
2017-04-19,61.9893376918864,62.53201929075869,61.462164492402046,61.53194046020508,4673700
2017-04-20,61.803266317681235,62.710312320181146,61.640463644005884,62.60953140258789,3586300
2017-04-21,61.69474168935422,62.33820420996737,61.431152138557955,61.873046875,6314400
2017-04-24,62.81110477099165,63.19098366070675,62.67931295115806,62.85762405395508,5129200
2017-04-25,63.02816233491077,63.90419736139274,62.88086215937008,63.84992980957031,7604100
2017-04-26,63.70265772967303,64.28409857623387,62.632808701301045,62.880889892578125,6763900
2017-04-27,62.990081539623084,63.39571164423093,62.685857473315245,63.02908706665039,5762500
2017-04-28,63.21629052555474,63.21629052555474,61.3519408949396,61.76537322998047,10521800
2017-05-01,61.81998542919409,62.01500115610006,61.15693314799531,61.85118865966797,5065500
2017-05-02,61.74977020105665,61.94478588872839,61.46114484079613,61.81997299194336,6234500
2017-05-03,61.78098082912531,62.35042937884413,61.624970625825576,62.225616455078125,4665000
2017-05-04,62.389421177962156,62.42842074450221,61.68736351477003,61.858978271484375,3241300
2017-05-05,61.97599392948494,62.12420778231683,61.73417633920766,62.11640548706055,3653900
2017-05-08,62.17101624155425,62.26462594033037,61.9057976888008,61.983802795410156,2776600
2017-05-09,61.92140137997824,62.27243331546337,61.8355939702869,61.97600555419922,4433900
2017-05-10,62.38944174483647,62.92768117121069,62.225623276582986,62.787269592285156,5180400
2017-05-11,62.561043933941214,62.93547675494171,62.1320128978909,62.71706008911133,3168400
2017-05-12,63.00568359571069,63.00568359571069,62.62345440603191,62.94328308105469,2648900
2017-05-15,62.91207789923317,63.66873991045017,62.763864034773924,63.6141357421875,3596100
2017-05-16,63.87154196558735,64.21477151302199,63.536114712796326,64.17576599121094,3918500
2017-05-17,63.606299758700374,64.01192965790364,61.32071629522748,61.37532043457031,6401800
2017-05-18,61.562562593141564,62.16321435847594,61.172531143436295,61.804386138916016,4930900
2017-05-19,61.9291781621157,63.21628282579505,61.85897537478713,62.6390380859375,7506600
2017-05-22,62.77946813574139,63.130494078770475,62.444040832919136,62.693660736083984,3672100
2017-05-23,62.795064694276604,62.834070220612546,61.97599625248382,62.16321563720703,3683700
2017-05-24,62.63905411881643,62.63905411881643,62.20221484180413,62.44403839111328,3671500
2017-05-25,62.78726094625843,63.177292394964184,62.38943315359203,63.02128219604492,3226100
2017-05-26,63.0758837708334,63.32550364969908,62.65464910935869,63.27870178222656,2812200
2017-05-30,63.18508392426934,64.12115686110329,63.18508392426934,63.94174575805664,3258100
2017-05-31,64.1211626554814,64.93242871803815,64.10556401740077,64.34738159179688,6503900
2017-06-01,64.4409827351717,64.63599841807648,63.356696014333565,63.56731033325195,4320100
2017-06-02,63.933943441801716,63.94174573583783,63.07587559143433,63.67652130126953,4725900
2017-06-05,63.69994142928861,64.26158173713863,63.69994142928861,63.87935256958008,2589900
2017-06-06,63.692121390824255,64.65159519026788,63.58291308765841,64.13675689697266,3279300
2017-06-07,64.58923625459734,65.08067393504435,64.19140235057263,64.65943908691406,3763000
2017-06-08,64.90121814169547,65.8060937844982,64.44878627170056,65.79048919677734,4410200
2017-06-09,65.7046929463105,66.03231789738196,62.35822278531991,63.10708236694336,6815700
2017-06-12,62.26460322641357,63.43469725293204,62.14759263348052,63.224082946777344,6746200
2017-06-13,63.5049189728981,63.809143005879335,62.87306402243869,63.17728805541992,4324800
2017-06-14,63.38789100629487,63.56730207848163,61.968177257166495,62.529823303222656,3944200
2017-06-15,61.8979854351273,62.7170538012816,61.79657940798924,62.46743392944336,3061900
2017-06-16,62.28801968582958,62.584447388693064,61.64056606804693,62.1710090637207,6246800
2017-06-19,62.69366704481765,63.53613058314439,62.62345827830211,63.51272964477539,3569100
2017-06-20,63.309894364325686,63.364498517663414,62.04619059241582,62.0695915222168,3831300
2017-06-21,62.17101064542899,62.34262543536711,61.80438608222474,62.14760971069336,4318600
2017-06-22,62.3660188961336,62.44402993778032,61.58595609092164,61.66396713256836,3327400
2017-06-23,61.671764211183316,62.420623798949826,61.34413925742428,62.07740020751953,4052600
2017-06-26,62.43624255088222,62.475242129610386,61.032126785685165,61.08673095703125,4913100
2017-06-27,60.84489375857005,61.055508079884746,60.01802915809595,60.02582550048828,5797000
2017-06-28,60.540690033244196,61.008726643945366,60.02584559548703,60.89171600341797,6362100
2017-06-29,60.454872008228236,60.79029927807212,59.22237125378724,59.98683547973633,6644600
2017-06-30,60.60309196542124,60.60309196542124,59.760622558375026,60.0102424621582,4696100
2017-07-03,60.4158667742787,60.56408062371835,59.59680433334025,59.60460662841797,3494200
2017-07-05,59.7762215404976,60.462680743383366,59.471997467003405,59.99464416503906,6680800
2017-07-06,59.43299813670498,60.60309256311765,59.43299813670498,59.95563888549805,5047000
2017-07-07,60.30667064385538,61.35976049022624,60.30667064385538,61.2193489074707,5342900
2017-07-10,61.18033305901868,61.69517147470157,60.79030161173471,61.45335388183594,3611500
2017-07-11,61.45334807683694,61.741973463069705,61.063316666396084,61.656166076660156,2729200
2017-07-12,61.983807849987755,62.82627735344903,61.983807849987755,62.810672760009766,3891700
2017-07-13,62.724845972870554,63.16948148380363,62.6156317171233,62.82625198364258,3372800
2017-07-14,63.14609944310377,64.05097540806221,63.06809433094735,63.96516799926758,3654700
2017-07-17,63.82473905360408,63.96515059785076,63.55952055414198,63.69993209838867,2972700
2017-07-18,63.57512148900219,64.12896539148599,63.30210068515908,64.0899658203125,2773500
2017-07-19,64.34738203456048,64.51119451686635,63.855944587642874,64.0899658203125,3133500
2017-07-20,64.12119035884353,64.5970293698838,63.85597173703603,64.50342559814453,3766700
2017-07-21,63.54392289308366,63.96515757174946,63.185094674533005,63.731136322021484,4597600
2017-07-24,63.855964758250984,63.86376705551311,62.87308360253939,63.122703552246094,4350900
2017-07-25,63.224077526208724,63.91053048707313,62.85744714377468,63.489295959472656,6439700
2017-07-26,64.74520096008531,65.71247699478212,63.933935077260124,64.37857055664062,6983000
2017-07-27,64.4570618608671,64.77099007175529,62.85603337425164,63.54667663574219,7152200
2017-07-28,63.1150192509895,63.60160823603255,62.82464062035333,63.34261703491211,5228000
2017-07-31,63.43681547096802,64.08821559226497,63.39757219130095,63.86846160888672,5954600
2017-08-01,64.04110337745796,64.22945789083344,63.58590781475867,64.12743377685547,3366100
2017-08-02,64.36287905854347,64.36287905854347,63.28767702475183,63.81350326538086,3179800
2017-08-03,63.805661739421254,64.14313348591587,63.546670541201244,63.85274887084961,2748500
2017-08-04,64.06463777083731,64.3236289319493,63.7664093350509,63.907676696777344,2325200
2017-08-07,63.915535705353996,64.51199266239416,63.915535705353996,64.48844909667969,2827700
2017-08-08,64.34722874764215,65.68142299424997,64.2687481420032,64.70824432373047,7184600
2017-08-09,64.33149181480982,64.59832689230585,63.86844637346702,64.57478332519531,4274000
2017-08-10,64.19807896358492,64.35504008090425,63.00515291629993,63.06793975830078,4469200
2017-08-11,63.240606611488246,63.83706370433458,63.12288276842952,63.4838981628418,3426100
2017-08-14,63.94693373608256,64.51984716874495,63.72717980230043,64.39427947998047,3788600
2017-08-15,64.40998380067383,64.598338358674,64.1117552515333,64.31580352783203,3750300
2017-08-16,64.68467102775278,64.87303157998609,64.31580576423377,64.716064453125,3291900
2017-08-17,64.31582101647702,64.48063803568778,62.85605932275221,62.90315246582031,4151500
2017-08-18,62.856049448559915,63.32694487915658,62.73833157859488,62.76187515258789,3626000
2017-08-21,62.89528583290217,62.97376640016697,62.47148358445209,62.69908142089844,3347300
2017-08-22,63.05224913137968,63.67225581311207,62.83250114042312,63.374027252197266,4359200
2017-08-23,62.97376550137624,63.664408853889626,62.840347940161934,63.4838981628418,4109300
2017-08-24,63.69579538084853,63.962630474384014,63.428954299630306,63.76642608642578,3511100
2017-08-25,64.02541661109682,64.27655798541271,63.523133862465016,63.554527282714844,2627700
2017-08-28,63.9155503175088,64.08821115579747,63.2406066702077,63.381874084472656,3088500
2017-08-29,62.848202289638145,63.76643755336245,62.8089590099164,63.59377670288086,3729600
2017-08-30,63.73503709661809,64.67682181689906,63.64870668090026,64.59833526611328,4522200
2017-08-31,64.700360051741,65.10061268686371,64.45706254219756,64.99858856201172,4411300
2017-09-01,64.93580786884345,65.22619254231847,64.65327304807943,64.77884674072266,2665200
2017-09-05,64.60618517967082,64.73960273583945,63.78212429710804,64.23731994628906,3691900
2017-09-06,64.54341362048201,64.64544376569128,64.03328085748946,64.40999603271484,3682700
2017-09-07,64.70820701952523,65.91682681019373,64.19023053077186,64.35504150390625,3599900
2017-09-08,64.3393570141563,64.38644415960974,63.76643746450968,63.86846160888672,2505600
2017-09-11,64.27657614506275,64.92797632699646,64.20593943262345,64.52771759033203,3916800
2017-09-12,64.62187577389771,65.10061497012477,64.48061435961715,65.05352783203125,4596300
2017-09-13,65.01429294015094,65.0927794973358,64.57479696079717,64.9044189453125,2626800
2017-09-14,64.66896738756681,65.66568304256576,64.66896738756681,65.3674545288086,3503300
2017-09-15,65.2497283177604,66.73303295572806,65.03783022134324,66.58391571044922,10333200
2017-09-18,66.7095104911704,67.8631935718119,66.62318005740237,67.60420227050781,5593600
2017-09-19,67.78470443779308,68.46749197982788,67.21178490306146,68.13002014160156,4036800
2017-09-20,68.27912836636027,68.27912836636027,66.30139073101856,67.36089324951172,4922800
2017-09-21,67.51001977393848,67.95736564897257,67.23533476079197,67.5335693359375,4863900
2017-09-22,67.95734706897497,69.41710815422698,67.88671636534144,69.27584075927734,6440900
2017-09-25,68.78927842793587,69.12675030702194,68.21635882383745,68.67155456542969,5625600
2017-09-26,69.05610430992239,69.29155200327905,68.63230205449054,68.82850646972656,3121200
2017-09-27,69.44066075041461,69.96648708165291,68.94622185259941,69.69964599609375,3806900
2017-09-28,69.40927336038006,70.36675183041834,69.33863665983323,70.35890197753906,5332700
2017-09-29,70.45308310657084,70.5472633872227,69.9194068249115,70.35105895996094,3283500
2017-10-02,70.53940667997905,70.82194150679965,70.09206086879368,70.35890197753906,3280600
2017-10-03,70.3589118406522,70.82195143482299,70.24118798169353,70.58650970458984,2374800
2017-10-04,70.5551335104983,71.07311023368212,70.3039920109607,71.01817321777344,3933300
2017-10-05,71.0652501930215,71.65386350995647,70.71992846436068,71.52828979492188,3241800
2017-10-06,71.21437582790021,71.84223255406943,71.21437582790021,71.693115234375,2335000
2017-10-09,71.89715502481918,72.09335946359717,71.66170730321188,71.87361145019531,1749800
2017-10-10,72.17969266540268,72.52501440696183,71.78728377278892,72.50146484375,2810500
2017-10-11,72.19535081469245,72.92523123483736,71.98345275166787,72.88599395751953,3161900
2017-10-12,72.89387528268688,73.231347177001,72.66627740162065,72.68982696533203,3537900
2017-10-13,73.05866391219496,73.56095266012859,72.83107208856367,73.4510726928711,2674800
2017-10-16,73.9376618068861,74.09462891191572,73.51385960483036,73.95336151123047,3111900
2017-10-17,73.90629114567376,74.01616515918931,73.41185808485378,73.98477172851562,3248500
2017-10-18,73.97690046119662,74.00044402856038,73.14498982568837,73.32550048828125,3532400
2017-10-19,72.96448509990964,73.49031139627513,72.6505568973527,73.34119415283203,4164600
2017-10-20,73.81210230374991,74.87160493265355,73.77285902621577,74.69894409179688,5272400
2017-10-23,75.34249035144461,75.9232537046857,74.90299440711979,75.5073013305664,7292200
2017-10-24,75.57790834467086,75.82904964102937,74.91865869942924,75.68778228759766,8061100
2017-10-25,74.55766749773615,75.89185494209622,73.89842362763335,75.20121765136719,6967100
2017-10-26,75.68781052783967,76.08021932404344,75.21691518224873,75.46021270751953,5556900
2017-10-27,75.29541585648863,76.56681676257689,75.11490514179191,76.51972961425781,5725300
2017-10-30,76.36178890918903,76.71721476627407,75.76150837015125,75.87208557128906,4922400
2017-10-31,76.04580681897393,76.64608700558125,75.966824011105,76.36964416503906,3770600
2017-11-01,76.59082320385792,76.81197754780408,75.64301112494076,76.10111999511719,3873800
2017-11-02,76.02213204251872,76.51972928289031,75.50873462092699,76.44864654541016,3292200
2017-11-03,76.61448860749539,77.40432869623245,76.09319125644812,77.38853454589844,3346700
2017-11-06,77.2621931192807,77.93355630128357,77.14371584574974,77.83087921142578,4391700
2017-11-07,77.83876075359758,78.23368088725154,77.62550050686275,77.72028350830078,4314600
2017-11-08,77.64919374099799,78.00462547226644,77.31746227928309,77.75187683105469,3265600
2017-11-09,77.08838483633355,77.42801628636806,75.53239903096618,76.65397644042969,4239800
2017-11-10,76.35386314971765,76.65400633134658,76.14060891235285,76.56712341308594,3416700
2017-11-13,76.1405789224929,76.84353605626748,76.10108451120175,76.63817596435547,2284000
2017-11-14,76.3775332636681,76.79615356756999,76.10109044109258,76.58289337158203,3252600
2017-11-15,76.31436722309044,77.42803884350973,76.04581840422152,76.4328384399414,3355600
2017-11-16,76.66978897055213,77.90193777026349,76.65399481778773,77.65708923339844,3564400
2017-11-17,77.84665867843827,77.84665867843827,77.09631279768273,77.19898986816406,3788200
2017-11-20,77.25427004282966,78.13099316971079,77.24637597934617,77.62549591064453,2953700
2017-11-21,77.99672191407574,78.70757931899949,77.9177390970848,78.34425354003906,3998500
2017-11-22,78.31267350637638,78.47063916919964,77.45964446472176,77.46754455566406,2142000
2017-11-24,77.56230046810123,78.45482369595143,77.55440640530765,78.4311294555664,1288300
2017-11-27,78.15469567774801,78.39165017937161,77.88615286684434,77.90194702148438,3166300
2017-11-28,78.26526001063226,78.77076326631129,77.89404019040272,78.57330322265625,3037400
2017-11-29,78.77077939360022,78.81816788545886,76.1800980285959,76.51972961425781,5562200
2017-11-30,76.91465726863234,77.77558645254895,76.37756554661213,76.84357452392578,7591200
2017-12-01,76.25117086324975,76.93833398166706,74.81366199247054,76.75666809082031,5020500
2017-12-04,77.04102097277494,77.30956377318749,75.24808017800905,75.80097198486328,5183800
2017-12-05,75.8088557534746,77.97301594887355,75.31915272015,76.53550720214844,4898100
2017-12-06,76.02212048734705,76.96992633237268,75.72198337582289,76.63029479980469,4675500
2017-12-07,76.86725737782096,77.51492617960314,76.56712023465472,77.23058319091797,4848200
2017-12-08,78.13099289927413,78.43903010213883,77.23057553305382,77.42013549804688,5591400
2017-12-11,77.45963335580826,78.09940203229459,77.22267886955257,78.0599136352539,5579200
2017-12-12,77.95723463573094,78.34426071865391,77.58601475925873,77.74398040771484,6083100
2017-12-13,78.17047817174945,78.33634387495633,77.57019798918985,78.0835952758789,5282100
2017-12-14,78.16260088443295,79.41055009279927,78.02042937935319,79.1814956665039,7106700
2017-12-15,79.99502795698788,80.24777662249166,79.03932187723915,79.94763946533203,9114800
2017-12-18,80.64267621221215,81.64577655366958,80.28725056347646,81.56678771972656,5927700
2017-12-19,81.50361486076774,82.38033799383173,81.41673195381526,82.22236633300781,5235700
2017-12-20,82.85424374539286,83.05170380864404,81.73267203236689,82.77526092529297,5529800
2017-12-21,83.05959067644716,83.193862051843,82.1512733248835,82.19866180419922,4709100
2017-12-22,82.14336330946189,82.41190602780071,81.85902041592597,82.24604034423828,3041300
2017-12-26,81.81164741684715,82.2934504094706,81.40092714805223,82.26185607910156,1473800
2017-12-27,82.47512879722532,82.85425482078786,82.12760313713036,82.56201171875,1775600
2017-12-28,82.87003659082572,82.87003659082572,82.31715083285145,82.79105377197266,1910700
2017-12-29,82.60148289871822,82.99640296685972,82.47510558443196,82.49090576171875,2813300
2018-01-02,83.02008951625456,83.42290963572438,82.53828659567338,83.38341522216797,4236200
2018-01-03,83.62827723436286,85.7055607928536,83.40712294509443,85.64237213134766,6918900
2018-01-04,85.68184796023651,86.25842779986671,85.34221651083749,85.53177642822266,5460400
2018-01-05,85.85561001524837,86.27423029866806,85.53177873207616,86.18734741210938,5254900
2018-01-08,85.73714541924075,87.17465416278003,85.62656828712247,86.59806823730469,4549400
2018-01-09,86.58228589548011,87.6564690619931,86.15577145942325,87.19046020507812,4747800
2018-01-10,86.76396982312889,86.87454700098452,85.46863200310217,86.64549255371094,5737400
2018-01-11,86.92192398378135,87.48270985145699,86.43222084780967,87.41162109375,3903700
2018-01-12,87.46690591988609,89.25194653792538,87.3405346158317,89.03079223632812,4577800
2018-01-16,89.68633904426457,89.97068194103592,88.41469609648195,89.18873596191406,9251500
2018-01-17,90.00229015023523,94.33061718282852,89.65476455307997,94.11736297607422,6916700
2018-01-18,93.99099599084866,94.76504213868533,91.62147508351634,91.9453125,7970300
2018-01-19,92.41921770251807,92.85362626372466,91.39242287420534,92.27704620361328,6367300
2018-01-22,93.13794821406493,94.37010293479652,92.77462247141398,94.33850860595703,7217400
2018-01-23,94.79662390124459,95.3732099336512,93.91200668024096,94.6939468383789,8087100
2018-01-24,87.78286469851655,90.0418088050031,85.83985796847647,86.64549255371094,19223900
2018-01-25,87.56169377266681,88.23305680431446,86.15577904083918,87.00090789794922,8564800
2018-01-26,87.61696790875523,90.04177692346099,86.51909058448794,89.79692840576172,7801600
2018-01-29,88.83333053347857,89.567882179333,87.869724500637,88.97550201416016,6389300
2018-01-30,88.3163323676168,88.53077290468295,86.80733509186632,87.27591705322266,6492900
2018-01-31,88.14157142047726,88.14950917062545,86.01308492597046,87.10115051269531,7362500
2018-02-01,86.37049329981427,87.9589161650982,86.22753499956461,87.42679595947266,5828200
2018-02-02,86.584913050551,87.5459140534568,85.39359610343122,85.50479125976562,7474400
2018-02-05,84.99647913092336,86.66432748217672,82.10555087579833,82.7647476196289,8460400
2018-02-06,81.50196603805668,84.71058042704816,81.20810567478631,84.0831527709961,9266900
2018-02-07,83.07450506764185,83.93225477027892,80.93808068043036,80.9936752319336,10009100
2018-02-08,81.03339078685174,81.49403486795782,77.5150339289663,77.56269073486328,11506600
2018-02-09,79.03992425447235,80.45362578643724,77.03057016861221,79.81031036376953,11599300
2018-02-12,80.6521720935679,81.44638351326093,79.7626531221449,80.9619140625,6673700
2018-02-13,80.30270054309806,80.79511370296484,79.51643309662697,80.19945526123047,5061400
2018-02-14,79.302009428564,81.77200744052051,79.302009428564,81.54962921142578,7413500
2018-02-15,82.45501597036298,83.0586182480031,80.64421519679387,83.05067443847656,5264800
2018-02-16,82.82035036094109,83.82105825890531,82.50266464070708,82.97125244140625,4910400
2018-02-20,82.59002811519164,84.86941663716671,82.5264958188181,83.62250518798828,4970500
2018-02-21,84.00372207393708,84.32935159813346,82.27234128950658,82.32794189453125,6536500
2018-02-22,82.59801400834058,83.45576406959528,82.1294320296679,82.54241943359375,4036500
2018-02-23,83.40012697292904,85.02825643717969,83.18568653727166,85.01237487792969,4936900
2018-02-26,85.20300132224492,87.15676071478785,85.20300132224492,87.06939697265625,5496100
2018-02-27,86.87082602415545,87.59356118412526,86.04484558105469,86.04484558105469,5311900
2018-02-28,86.60079548260512,87.53796500057959,86.02896241274262,86.05278778076172,7333000
2018-03-01,86.51345429054392,86.51345429054392,83.96403623960119,84.60734558105469,8626600
2018-03-02,83.22541662076816,86.15605874152972,83.12217131605644,85.9495620727539,6476300
2018-03-05,85.36184572231278,86.83113563115283,84.59939743014654,86.57698822021484,4417200
2018-03-06,87.33942839280454,87.50621205923412,86.52139162249904,87.11705017089844,4109600
2018-03-07,85.80660196390505,86.9343807184372,85.08386666810136,86.21958923339844,4637600
2018-03-08,86.71200257697303,86.95820617675781,85.98926728045974,86.95820617675781,3573500
2018-03-09,87.36326466672959,88.64194566159996,86.8311444180042,88.57840728759766,5535900
2018-03-12,88.98342828481296,89.74587035004522,88.52278431018799,88.65779876708984,4270800
2018-03-13,88.98345847176867,89.74590079565364,87.43474238879827,87.83184814453125,5845500
2018-03-14,88.32425223742855,88.71341414077959,86.70406019614671,87.33943176269531,3240600
2018-03-15,87.31563644544265,88.08602276577851,86.78351000006296,87.13296508789062,3983300
2018-03-16,87.45856468884222,87.95097189653268,86.97409523270319,87.33943176269531,8049700
2018-03-19,86.86290380504282,86.87084155638293,84.14669618674169,85.66364288330078,6715200
2018-03-20,85.98927361408587,87.3632621300648,85.98927361408587,86.93438720703125,3781900
2018-03-21,86.6722657327177,87.59355362957157,85.82245999444416,86.2831039428711,3703800
2018-03-22,84.59143882927003,85.58420285533157,82.4391271478907,82.51854705810547,7208400
2018-03-23,82.62180942349126,83.34454469243028,80.48537885855288,80.50126647949219,6748900
2018-03-26,82.68531887133858,84.75821034627965,81.82756942115265,84.66290283203125,6760400
2018-03-27,85.77481889114306,85.85423880787572,80.86659290110916,81.45430755615234,5308400
2018-03-28,81.22399033918836,82.4073695877913,80.54097416758512,80.93807983398438,5352200
2018-03-29,81.6608066287076,83.42395670590469,81.20016261479367,82.51061248779297,4311100
2018-04-02,81.6925765844516,82.21675290302112,79.20669734260142,79.93737030029297,5865400
2018-04-03,80.94601496022845,81.59726798963489,79.88971246760845,81.15251159667969,6898700
2018-04-04,79.40523766955116,83.05066413359516,79.27021716175837,82.7647476196289,4515000
2018-04-05,82.46297171027622,82.60593000568012,80.11210667646375,81.2001724243164,5477400
2018-04-06,80.19152468447913,81.27959040627127,78.64280884480517,78.99226379394531,5095700
2018-04-09,79.45289678451145,81.7163977094221,79.10344188405115,79.27022552490234,5840900
2018-04-10,80.74746344167134,81.85936050142482,79.92148294183596,81.29547119140625,6011500
2018-04-11,80.54099873237632,81.87526836144897,80.23919445587836,81.27960968017578,3830000
2018-04-12,81.84350471771971,82.99510907055543,81.7481971479461,82.78861236572266,4578300
2018-04-13,83.35248700966751,83.39220000483932,80.93014578799549,81.13664245605469,3518900
2018-04-16,81.85937080508354,82.74888977672059,81.50197808987659,82.20088195800781,2831500
2018-04-17,82.66945008657903,83.94813074542704,82.35177041875572,83.7019271850586,4001100
2018-04-18,83.44779541223846,84.10699235894833,82.66152778651902,83.67017364501953,3554700
2018-04-19,82.39147871698835,82.47089863526422,79.34965403749817,80.44566345214844,8624900
2018-04-20,80.18356979749491,80.71568989883198,78.52367113708044,79.38935852050781,7858000
2018-04-23,79.88973412822838,79.88973412822838,77.8486107580728,77.90420532226562,5934200
2018-04-24,79.23053678834586,80.39008479051307,77.34825345052953,78.16629028320312,8420300
2018-04-25,80.58069323815995,82.79654391760965,79.2305361927409,81.80377960205078,12696000
2018-04-26,82.61385376846864,82.85211957358166,81.16838949718242,81.58138275146484,6672900
2018-04-27,81.93877282933063,82.11350027301877,80.11209059838869,81.41459655761719,5114700
2018-04-30,81.74816348313442,82.78064052275926,80.47742670622372,80.55684661865234,5592700
2018-05-01,80.29479369650457,82.17707742023444,79.97710783613381,82.1214828491211,4234700
2018-05-02,82.02614292061915,82.77270348913046,80.90630812720359,81.7719955444336,5345000
2018-05-03,80.77128602857418,82.8362402366847,79.6991019955022,82.28028869628906,4788900
2018-05-04,81.89678684365637,83.69452118900493,81.38543178420166,83.6465835571289,6168000
2018-05-07,83.88625208167512,84.03007102902234,83.07128211059506,83.50273895263672,4113800
2018-05-08,83.53470707202884,86.29123003767747,83.14319617637749,84.26178741455078,5496500
2018-05-09,84.6932486102108,86.02756530927762,84.4615399344,85.92369842529297,5131600
2018-05-10,86.41110531818498,87.92120179535551,86.13944449330143,87.86527252197266,4376500
2018-05-11,87.58563057308243,88.48049899234725,87.09025262967945,87.29000091552734,3583500
2018-05-14,87.67347822996982,88.68819635292321,87.6495033266737,88.40055847167969,4120400
2018-05-15,87.8812166455184,88.5763425782352,86.57086893700475,87.25800323486328,4336700
2018-05-16,87.6894729629397,89.14363983338933,87.12218872128524,89.0078125,3898200
2018-05-17,88.45651584661466,89.21556286739876,87.91320035327256,88.15290069580078,3792800
2018-05-18,87.82528572945306,88.74412865414442,87.31393083317515,88.32066345214844,4239600
2018-05-21,89.25548384456133,89.71090949105441,87.79332557577729,88.216796875,5199500
2018-05-22,88.72818086981621,89.35139447509125,88.44054288340725,88.57637023925781,2999600
2018-05-23,87.48174542932749,88.75214752094803,87.01034246611069,88.74415588378906,3123500
2018-05-24,88.68022859203798,88.84801638529491,87.55365166707494,88.48847198486328,2855500
2018-05-25,88.4005861578015,89.29546052369437,88.32867971288579,89.13565826416016,4100200
2018-05-29,88.40058134890069,89.29545566611331,87.8972179743744,88.6402816772461,3492800
2018-05-30,88.95989004147147,89.7748664282551,88.72019576570204,89.36737823486328,3621800
2018-05-31,89.48719726146264,90.19030875973192,89.08770084511683,89.41529083251953,6582100
2018-06-01,89.9266914818989,91.72442626953125,89.74292035477367,91.72442626953125,4728400
2018-06-04,91.67647073107189,92.98681898663477,91.33290343870881,92.4754638671875,3905700
2018-06-05,93.23448214808897,94.22523162340363,92.54734777602972,94.00950622558594,5366600
2018-06-06,93.93761497126314,94.37706359798045,93.41028271503572,94.36907196044922,4015400
2018-06-07,94.56080222559255,94.66467519703735,92.79502876517924,93.67391967773438,6985100
2018-06-08,92.91491253038463,93.21852772760838,92.16385703176911,92.4754638671875,4948600
2018-06-11,91.88419309621852,92.54735873547804,91.46871942699332,92.10791015625,3741300
2018-06-12,92.27569153479683,92.49940857927194,91.54861114025276,92.21177673339844,3269100
2018-06-13,92.28368688884534,92.37157660212037,90.91740965861429,91.08519744873047,4948600
2018-06-14,91.77231993796708,92.31563532394038,91.06121678371504,91.66046142578125,2941200
2018-06-15,91.7803134604997,92.69915038722849,90.98132058798294,92.59528350830078,7027600
2018-06-18,91.56460024417781,91.82826940772664,90.31018142782395,91.39681243896484,3170600
2018-06-19,90.08645868769585,91.01329347247804,89.6470101094228,90.81354522705078,3486500
2018-06-20,91.41278808781539,91.97208072520364,90.74163082711694,91.2769546508789,3454800
2018-06-21,91.38883071570383,91.48471208444094,89.17562245923398,89.57511901855469,3480100
2018-06-22,90.0864697830687,90.46199750605652,89.01582198171343,89.79084014892578,3822600
2018-06-25,88.65626042629027,88.68822087702516,86.77862814040267,88.0410385131836,5331200
2018-06-26,88.39258544689407,89.49519958907571,87.99308898281835,89.095703125,4001900
2018-06-27,89.63103669968704,89.8867142207483,86.90646759152943,86.91445922851562,4364600
2018-06-28,86.47500034894186,87.5696166712396,85.85178079455159,87.17012023925781,4198800
2018-06-29,87.72143796825983,89.12766728723155,87.58561062781443,88.08897399902344,5343300
2018-07-02,87.04228370855786,88.15288329105351,86.59484356390247,88.08097076416016,3392500
2018-07-03,88.37660364469883,88.91991905123695,86.88248475276103,87.01831817626953,2201500
2018-07-05,87.76138030215456,89.20756164727462,87.41781919504842,89.095703125,4097700
2018-07-06,89.13563852892099,90.23026090500008,88.55237717429965,90.05448150634766,3419700
2018-07-09,90.60578968978884,90.68568775498814,88.56036386486323,89.5591049194336,3658000
2018-07-10,89.99057914414796,91.12515383381194,89.79083089470588,90.86947631835938,4512800
2018-07-11,90.51792966767808,90.91742622049023,89.10370845705621,89.29547119140625,5000200
2018-07-12,90.4779481883815,93.23447716501234,90.33412923224572,92.55532836914062,5818700
2018-07-13,92.307631771428,92.66718216774802,91.74833928270479,91.99602508544922,2715800
2018-07-16,91.81230628927406,92.27571768594765,91.42079525465523,91.53265380859375,3013700
2018-07-17,90.82154771253116,92.57134461960173,90.4460199657321,92.52340698242188,3915100
2018-07-18,92.28367128205024,93.44220843989922,91.19704055244789,92.427490234375,5491900
2018-07-19,92.3076501364852,92.41152311636479,91.26896300851436,91.55659484863281,5013900
2018-07-20,91.8602322335598,92.46746866037441,91.27696462299006,91.88420104980469,4358000
2018-07-23,91.36483643314371,91.7483557053676,90.31815769011057,91.62051391601562,3052800
2018-07-24,91.93213421806617,93.05072565656377,90.56585689595468,90.92540740966797,4286700
2018-07-25,90.60581698485682,91.39681843153345,87.91320809608538,90.46199798583984,8218400
2018-07-26,91.04524999765235,91.45273813487039,90.23827145588986,90.52590942382812,5520400
2018-07-27,90.52591254685424,91.31691393805662,89.5031963501064,89.96661376953125,4343900
2018-07-30,89.97462652357831,90.27992876538907,88.93821833710047,89.10694122314453,4422500
2018-07-31,89.97462033569657,90.45666905380362,89.11496484737134,89.43633270263672,5206300
2018-08-01,89.30780987755337,89.96661137478627,88.64097249644665,89.17926025390625,5303000
2018-08-02,88.49634609250208,90.7860823415721,88.37583236790205,90.15138244628906,4516700
2018-08-03,90.24783163512025,90.77005390267009,89.92646361435226,90.6575698852539,3337900
2018-08-06,90.2076285918277,91.20386361111598,90.07908510365331,90.87446594238281,2970800
2018-08-07,91.40470603655109,93.04367667468054,91.05923664523583,93.00350952148438,5234500
2018-08-08,92.92318936897178,93.68643287170715,92.52148097183029,93.32489776611328,2890800
2018-08-09,93.19636116436548,93.26866574375794,91.61362887765092,91.86268615722656,3505200
2018-08-10,89.77379729542257,90.23978054052301,87.85363151016752,88.44815826416016,7652600
2018-08-13,88.82576651021698,89.53277727337414,88.24730538748267,88.32765197753906,3989800
2018-08-14,88.9141234240426,89.17121651911813,88.27139375114524,88.64899444580078,3109600
2018-08-15,87.76525856754517,88.440131936533,87.05021803216488,88.05448913574219,3532600
2018-08-16,88.47226758237325,88.80970119534317,87.63671330531614,87.89380645751953,2916300
2018-08-17,87.46800343539776,88.35979671867268,85.97364745421194,88.08663177490234,3744800
2018-08-20,88.17498045942908,88.2151537451845,87.20284701405957,87.59651947021484,3238200
2018-08-21,87.97413511465199,89.7818228224873,87.84558549100588,89.58900451660156,4714300
2018-08-22,88.89003926762526,90.53704625221272,87.78935598298828,90.13533782958984,3999200
2018-08-23,90.12730918875458,91.31636891230491,90.1112435475754,90.30406188964844,3038700
2018-08-24,90.75395408237509,91.42079144670168,90.25583349765222,91.30027770996094,3191900
2018-08-27,92.1117316930779,92.923184327563,91.71002331773049,92.59378051757812,3686200
2018-08-28,92.9874653293013,93.25259436325827,92.11977978207219,92.40900421142578,3214400
2018-08-29,92.72233528382897,93.01959557514375,92.28045359459928,92.77053833007812,5113900
2018-08-30,92.32864632344398,92.68215163532473,90.37634348392771,90.44865417480469,5688600
2018-08-31,90.4888443463396,91.13158032602918,89.87021602279567,90.30406188964844,6550300
2018-09-04,89.19532983414767,90.51293901642997,88.898069543097,90.4165267944336,6160300
2018-09-05,90.28794680293325,90.74589397664536,89.0587205013682,89.28367614746094,5369300
2018-09-06,89.17122179532426,89.77378434720916,88.64899969110735,89.09088134765625,4813100
2018-09-07,88.7373934837093,89.17927522720944,86.96987876887768,87.13859558105469,5349300
2018-09-10,87.709010844188,87.95807422104124,86.35927037101452,87.02610778808594,5138900
2018-09-11,86.81721001828674,86.88952071148324,85.08986894974834,85.20234680175781,8165600
2018-09-12,84.35874479748496,84.35874479748496,82.14934910040797,83.98917388916016,10182300
2018-09-13,84.47929318607092,85.90133848495917,84.03741141347535,84.93724060058594,6311100
2018-09-14,85.13005152464352,86.09415545449143,84.46321404584263,84.64800262451172,6485000
2018-09-17,84.59175163529623,84.89704779831001,83.0331211550195,83.31431579589844,5598300
2018-09-18,83.5794501573997,85.07380592140794,83.52321122561806,84.28646087646484,5654900
2018-09-19,84.45516790775801,86.37533338034463,84.43909614077343,86.26285552978516,6588900
2018-09-20,86.67258928472911,87.55635253693558,86.60832060877279,87.16267395019531,5562500
2018-09-21,88.77755070999469,89.09891863531405,88.00627136697823,88.416015625,10923900
2018-09-24,87.58046419793776,88.6329382097851,87.05824206923162,88.21516418457031,3531200
2018-09-25,87.77327667553345,88.02233389731093,85.81293791691994,86.407470703125,6523800
2018-09-26,86.35121188492718,86.94573840458638,85.1460870823419,85.33890533447266,6478600
2018-09-27,85.51567491651113,86.51190990132012,85.25858181947712,86.19857788085938,4704200
2018-09-28,86.14233895743264,86.33515724781243,85.21037264969496,86.19857788085938,4556400
2018-10-01,86.50389595000995,87.26714568097931,86.31107761074362,86.56013488769531,3661800
2018-10-02,86.16646187493885,88.2553445732629,86.16646187493885,87.13859558105469,4718400
2018-10-03,87.59653066252946,87.73311004421629,86.294999400082,86.91362762451172,5353400
2018-10-04,86.22267570416535,86.39139246721182,84.24627145615771,85.05772399902344,5846500
2018-10-05,84.80064243305245,85.10593859867015,81.75569214251597,82.97688293457031,8778800
2018-10-08,82.12526455187533,82.8403049984908,81.28167447775957,81.89227294921875,7458500
2018-10-09,81.89226255454395,82.8724318862771,81.58696642235773,82.64747619628906,6041500
2018-10-10,80.79159673114205,81.65928840299819,79.3856172391764,79.73108673095703,11243700
2018-10-11,80.74338845844989,81.95654954361154,79.54629914186677,79.96407318115234,10100300
2018-10-12,82.31004691168681,82.31004691168681,80.04441183031938,81.21739959716797,6889100
2018-10-15,80.10064785372225,80.73534782439151,79.240992172858,79.88372802734375,6637400
2018-10-16,80.59874651456475,82.23771698087498,80.09259630436168,82.06900024414062,5894100
2018-10-17,82.67158866667415,82.88850850230074,81.12902990564348,81.57894134521484,5061400
2018-10-18,81.54679530558468,81.54679530558468,79.33739937365998,79.97209930419922,9668300
2018-10-19,79.6587890443535,80.6791258383036,78.17246896453057,78.9437484741211,10492500
2018-10-22,79.25707394692981,80.71929237739006,79.06425561807355,80.11672973632812,6881500
2018-10-23,78.07605934517512,80.7193018428057,76.49332697498915,80.54254913330078,13925900
2018-10-24,74.91860588386255,77.91535281623352,73.51262668496969,73.92237091064453,25121700
2018-10-25,74.12322417744764,75.10339350202025,72.95023656709144,73.72954559326172,21038900
2018-10-26,72.05849248875201,73.97062326743838,70.62037492809466,72.75746154785156,15855200
2018-10-29,74.7820354399258,75.1275049009084,71.11845075077495,72.4521255493164,9869400
2018-10-30,73.0031366174031,75.47466285252321,72.70331638002064,75.35311126708984,8734300
2018-10-31,76.1715794333948,76.52002413979992,75.16676458469948,75.2234878540039,10301100
2018-11-01,75.6691428498655,79.40479079356783,75.36121752006058,79.08876037597656,10972500
2018-11-02,79.21842790234382,79.3318744174102,76.05001202226767,77.030517578125,10088000
2018-11-05,76.9089717982008,77.80843882564446,76.37414721620424,77.5167236328125,6189400
2018-11-06,77.36275938210252,78.7970510198299,76.98190056905513,78.71601867675781,5413100
2018-11-07,79.25084725573781,79.3886028641268,78.07585658378872,78.76464080810547,5525700
2018-11-08,78.00293324679195,80.05308202630961,77.98672306712447,79.8018798828125,5948300
2018-11-09,79.50203700628435,79.51824100024193,77.66257148237352,77.87326049804688,6256400
2018-11-12,77.01430752075696,77.09533985623024,75.41794516421251,75.74208068847656,8688700
2018-11-13,76.26070513471981,77.92999495913068,76.0905353530211,76.56053161621094,5930800
2018-11-14,77.64636295797908,78.01101153327106,76.20396646745279,76.73878479003906,4975200
2018-11-15,76.5848445251142,79.76135964014584,76.30932711548678,79.38050079345703,7689000
2018-11-16,78.30274825571539,79.50204799254205,77.91379052327603,79.2913589477539,6767000
2018-11-19,79.00773788458716,79.18601274386512,76.61724982666868,76.6739730834961,8265300
2018-11-20,75.28830190084115,79.33187579863497,75.28830190084115,78.47291564941406,8230200
2018-11-21,79.21032931001082,79.46963653462595,77.67068995907076,77.8975830078125,6437700
2018-11-23,77.28172900796582,77.79223834646068,77.04673087940962,77.06293487548828,2066200
2018-11-26,78.12444343043342,78.3351261953954,77.24117457817235,78.10012817382812,4687400
2018-11-27,77.37896845914457,78.59447223216074,77.29793611075121,78.01913452148438,5044700
2018-11-28,78.35948317573776,79.64792053929347,77.12777526324125,79.62361145019531,5659300
2018-11-29,79.40479769526327,79.80186666048922,78.86997931991993,78.95101165771484,5938000
2018-11-30,79.23463065394311,80.9444396243662,78.53774139669146,80.91202545166016,8685900
2018-12-03,83.05940686942643,83.12423520733735,81.39821625908966,81.98165893554688,7828500
2018-12-04,81.64944906950822,81.90875631673795,77.75983417868974,77.88138580322266,7487100
2018-12-06,76.26069296562684,78.90238906982403,75.91224836850155,78.86186981201172,7329300
2018-12-07,78.33515933516767,78.62688071415604,74.74537153818946,74.85881805419922,8837800
2018-12-10,74.90744896016902,76.45518723965901,74.52659011636543,76.00950622558594,7549500
2018-12-11,77.59775676842939,78.27843586262237,76.57673194476847,76.60914611816406,9942500
2018-12-12,78.43239157807442,78.9023877584545,77.46809013597921,77.63825988769531,4945000
2018-12-13,77.98671030226852,78.28653675332042,77.0629280483337,77.6625747680664,3647500
2018-12-14,76.70638345448381,77.78412528078822,76.35793884199367,76.38224792480469,6318300
2018-12-17,76.39846179735234,76.76311663377945,74.1295251609726,74.48606872558594,8260200
2018-12-18,75.2396766584649,77.77603163091939,75.13433523170782,76.60914611816406,7675500
2018-12-19,76.44706475431629,76.90896202500214,72.55745721649568,73.35968780517578,9854500
2018-12-20,73.55419491792085,74.04850036524046,72.2819676639277,73.00316619873047,9235000
2018-12-21,73.29485915831263,75.62052476574291,72.82486916652033,73.262451171875,14349200
2018-12-24,72.93022788600956,73.37591508492842,71.11507727857749,71.14749145507812,5621600
2018-12-26,71.9578202758258,75.38553718876729,71.06644596525338,75.34502410888672,8075200
2018-12-27,74.0322881646551,76.07433190816529,73.37591806537901,76.01760864257812,5882300
2018-12-28,76.2201926171569,77.5896622636685,75.4260668989366,76.01760864257812,5022200
2018-12-31,76.58484153961393,77.1277650655974,75.94467548772239,76.57673645019531,4113200
2019-01-02,75.16676087886611,77.18449556735798,74.92365763247668,76.53622436523438,6478800
2019-01-03,74.4131383744938,75.19106000454754,71.86057935509689,72.02264404296875,11667500
2019-01-04,72.87351359655882,75.66917020350473,72.50075979445755,75.28021240234375,7707600
2019-01-07,75.19916800287596,77.16017924090009,74.8426182569182,76.57673645019531,5023900
2019-01-08,77.19259166322162,77.50051704804672,75.38554007095719,76.4794921875,5863500
2019-01-09,77.02241427174708,78.18929352896853,76.75500199477862,77.98670959472656,6909400
2019-01-10,77.5977549040707,79.36428712627318,77.36275678937733,79.1860122680664,6748500
2019-01-11,78.62687704528298,80.2799627216239,78.448602190623,79.89099884033203,4738800
2019-01-14,78.85377220297224,79.26704517884639,77.78412922840545,78.05964660644531,5060100
2019-01-15,78.59445330329356,79.4453082124318,78.31083706103762,79.11306762695312,4690800
2019-01-16,79.15360657429841,79.50205123928997,78.62688703200347,78.7403335571289,4559500
2019-01-17,77.88948568655188,79.76946464888333,77.67069154054462,79.0401611328125,6872300
2019-01-18,79.76945020168891,81.01736795153694,79.3642823419605,80.5635757446289,6677500
2019-01-22,79.7613763532985,79.7613763532985,77.64639880256043,78.29467010498047,11068600
2019-01-23,78.49724243573607,78.90241039387627,76.82794624418521,77.37897491455078,10298700
2019-01-24,79.38049578681176,83.0675262222509,79.2508452710959,82.72718048095703,14260300
2019-01-25,83.31871784640444,84.9799085326584,83.23768551149786,84.6071548461914,11041700
2019-01-28,82.55701297510481,84.38026861116397,82.45977663123294,83.20528411865234,7292700
2019-01-29,83.35111853175073,83.8454237317911,82.09509590560815,82.12751007080078,6153100
2019-01-30,83.02572928064038,83.8014392452889,81.8009201387523,83.40133666992188,6430200
2019-01-31,82.4868031304736,83.11554192420498,81.79274592273322,82.20918273925781,8272300
2019-02-01,82.10305687542422,83.3360271500498,81.86625965077162,83.27886962890625,5615000
2019-02-04,83.27068796859753,83.56463641144312,82.52763414918776,83.12371063232422,5761200
2019-02-05,83.45850473815086,83.61364924258686,82.4541646033869,83.54832458496094,6372200
2019-02-06,85.13241069332094,87.27990735275635,84.96093814451753,86.94512939453125,9907800
2019-02-07,85.81828556640242,86.2102272006195,84.21786916694283,84.80577850341797,7045700
2019-02-08,83.65445636185837,85.5814897825851,83.4013311494607,85.36919403076172,5392400
2019-02-11,85.49985046467995,86.10408795154534,85.12424304150947,85.54067993164062,4553000
2019-02-12,86.49603865248001,87.02679062967836,86.34906127771282,86.9124755859375,5316800
2019-02-13,87.1982632677993,88.28426241394314,87.09211536415243,87.49221801757812,5965200
2019-02-14,87.19006275865316,88.50469148934049,86.90427525843857,87.34520721435547,3438800
2019-02-15,88.04744603378471,88.08010835773341,87.11659160520107,87.83514404296875,3604300
2019-02-19,87.45953269729448,88.09643241116837,87.05126301099573,87.59834289550781,3188000
2019-02-20,87.95765885043444,88.56189649352669,87.56571704726156,88.13729858398438,3692800
2019-02-21,87.34521172801354,87.98211139846144,86.71647296535043,87.07575225830078,3933500
2019-02-22,88.10460236602724,88.49653778877214,87.08392811764811,87.62284088134766,4392900
2019-02-25,89.00280275699049,89.40290535534302,88.04745306656224,88.3414077758789,5750200
2019-02-26,88.30873810849158,88.3250661555622,87.23090634049454,87.59017944335938,3740100
2019-02-27,86.89612561602746,86.89612561602746,85.49984392269636,86.3163833618164,4395800
2019-02-28,85.88359001278782,86.42250262468443,85.58146827767794,86.3735122680664,5465800
2019-03-01,87.25537398245723,87.44317449814284,86.37351020618765,87.17372131347656,4164200
2019-03-04,87.74534811146823,88.2924281698064,86.55320099625399,87.69635772705078,3278500
2019-03-05,87.9167848173214,88.01477177588144,86.97776337764752,87.01859283447266,4008600
2019-03-06,87.04311438693671,87.16559656481837,85.94895438518581,86.07959747314453,3568000
2019-03-07,85.6141709600036,86.3245626144196,84.65882117729761,85.6958236694336,5431000
2019-03-08,84.66696493426255,85.82644928517428,84.38933832323117,85.622314453125,5180800
2019-03-11,85.86730088583423,87.28807793895295,85.73665156937616,86.9206314086914,3319800
2019-03-12,87.24723507527904,87.41054669577876,86.35721010493549,86.97777557373047,3047200
2019-03-13,87.50035485299011,88.423042024304,87.09208520077505,87.84329986572266,3911100
2019-03-14,87.58201953612166,87.92496459583725,86.52868294153691,87.45137023925781,5393700
2019-03-15,88.1862600209867,90.47257295785587,88.17809288222386,90.42357635498047,13932300
2019-03-18,89.86017379301738,90.75019885108611,88.9374801779274,89.66419982910156,4408900
2019-03-19,90.29292147781122,90.47256112889677,89.45188695654775,89.83565521240234,3592100
2019-03-20,89.9336410862582,90.55421271984552,89.0272819338151,89.51720428466797,3829400
2019-03-21,89.82750577045027,92.25262891025876,89.77850916772682,91.6320571899414,5772700
2019-03-22,91.22377006649945,91.7871841675772,89.43554703591383,89.55802917480469,3773500
2019-03-25,88.29240882190247,89.18244006523533,86.7654840315991,87.45954132080078,5479100
2019-03-26,88.41488190440377,88.79865640469806,87.68816236415749,88.4557113647461,3085500
2019-03-27,88.50468708666904,88.86396634318086,86.10405974488539,86.5286636352539,4797200
2019-03-28,86.5450124519857,86.87979660858342,84.61797889857351,85.66315460205078,5386400
2019-03-29,86.59400062837177,87.06758871717645,86.03058648291862,86.6103286743164,4327700
2019-04-01,88.17809514730918,88.97013942570676,87.31256530726318,88.70884704589844,5349800
2019-04-02,88.97829382077657,90.17044052226336,88.33322698776712,90.04795837402344,7005500
2019-04-03,91.35443537044566,93.20798349066456,90.96249990614426,92.06482696533203,7036700
2019-04-04,91.76270323201788,93.30596232918546,91.74637518371583,92.46492767333984,5035600
2019-04-05,92.93034831475657,93.18347976820644,92.52207860950983,92.78337097167969,3318300
2019-04-08,92.9221806555231,94.24497041741704,92.53023902589103,94.0816650390625,4580800
2019-04-09,93.53460388448302,93.63258463922061,92.47310002367696,93.03651428222656,4648200
2019-04-10,92.98752145045465,94.05719249415158,92.70990099449058,93.83672332763672,3013300
2019-04-11,93.95102397612368,94.25314580519513,93.19164206387501,93.80404663085938,2799300
2019-04-12,94.53893049467092,95.55960474207356,94.53893049467092,95.33914184570312,4881100
2019-04-15,95.21666065905411,95.83723235210657,93.10182035746936,93.97551727294922,4265100
2019-04-16,94.58791221430646,95.41261867509888,94.41643970398933,95.02068328857422,4133700
2019-04-17,95.51059828529421,96.2291505917508,93.82852940238212,94.39193725585938,6227500
2019-04-18,94.86556142710951,94.86556142710951,94.0081924415394,94.3184814453125,4195800
2019-04-22,93.51825338379474,94.02451003769761,92.79970097831736,93.86119842529297,3691200
2019-04-23,94.22864923630145,95.15133652765671,93.51009056791031,95.02885437011719,7547400
2019-04-24,93.90203588166791,97.42948602386078,93.77955371936021,96.70276641845703,14483900
2019-04-25,96.22098423270545,96.69457850269193,94.43276747417751,95.67390441894531,5315400
2019-04-26,94.71856165115175,95.73923580687536,94.1551475236881,95.70657348632812,3582600
2019-04-29,95.31466255178417,95.81274593623412,94.71858595085206,95.2901611328125,3407600
2019-04-30,95.43713620151682,96.65378456337285,95.25750274129645,96.21285247802734,4533200
2019-05-01,96.40064004605337,97.10286443189364,94.881876256185,94.95536804199219,3335800
2019-05-02,95.04518346122772,96.81707239055976,94.9471964946021,95.91071319580078,4532200
2019-05-03,96.54360544604977,96.96279023577097,95.43400455166712,96.55182647705078,3689000
2019-05-06,93.79837112113303,95.3435926058748,93.28877379971371,95.22852325439453,3974300
2019-05-07,93.69973896126794,94.05316805204194,92.26136577545901,93.64220428466797,5928100
2019-05-08,92.7298543202704,94.31617454382238,92.45040199827692,92.51615142822266,4819300
2019-05-09,91.13531728352056,92.74629440169792,90.57640634286237,92.17916870117188,4817500
2019-05-10,91.94082469039625,92.98467001562823,89.88600562663952,92.5490493774414,4189900
2019-05-13,89.72982796511077,90.69970271236821,87.72432903326363,88.03665924072266,7867600
2019-05-14,88.94076928738023,90.28872981395136,88.66953172182647,89.62297058105469,4068200
2019-05-15,88.7681757750504,91.12711011100846,88.52981603204617,90.650390625,4803600
2019-05-16,89.53255663175102,90.92983077676051,88.85035534895317,89.7626953125,4690600
2019-05-17,88.91613773967929,89.98464624481903,87.2147476725055,87.7736587524414,6944000
2019-05-20,84.73251541569407,87.03391526218778,84.73251541569407,86.08048248291016,7519900
2019-05-21,87.86405178955997,88.76817079347985,87.34623344661343,87.94624328613281,4977200
2019-05-22,87.60924315609454,88.67775134052187,87.45308120604469,87.76541137695312,3297000
2019-05-23,86.94349736561074,87.11610140284205,85.7681406894845,86.9845962524414,4828000
2019-05-24,87.55991876675188,88.34896826281663,86.2366152440619,86.3516845703125,2786400
2019-05-28,87.03390461589896,87.08321826045402,84.78182496628479,84.83113861083984,5707100
2019-05-29,84.37907437167357,86.22019008954842,83.48317019731087,85.60374450683594,4923400
2019-05-30,85.87498238612594,87.2065008363965,85.58730276314816,86.66403198242188,3365700
2019-05-31,85.74348104102287,87.22295312685185,85.48046447807656,85.73526000976562,4463100
2019-06-03,86.33525984360597,87.92980109852022,85.96538872972124,86.44210815429688,4504500
2019-06-04,88.07775123396222,89.79557664678191,87.41198571503962,89.68872833251953,4924700
2019-06-05,90.41204164835335,90.65040141974171,88.58736125902966,89.9846420288086,3977400
2019-06-06,90.00926542337491,90.96269788398985,89.41747673087903,90.56817626953125,4734100
2019-06-07,91.34902329268571,91.91615528331177,90.89696065221432,91.3736801147461,5408600
2019-06-10,91.85861940813115,93.29699253708188,91.23395275058883,92.57369232177734,4656800
2019-06-11,93.95455523207397,93.97921206023021,92.03124738615698,92.82029724121094,4775700
2019-06-12,92.4503899319261,92.70518540058369,90.39557158260243,90.69145965576172,4105400
2019-06-13,91.03670413910335,91.52985945256474,90.67505398285367,91.38191223144531,3392000
2019-06-14,87.81472763277773,89.63119285457623,87.78185605238394,88.20103454589844,7137800
2019-06-17,88.1928297194113,88.76817650323807,87.57638404924992,87.71611022949219,3655300
2019-06-18,89.01474340676299,91.70244335063487,88.42295465230825,91.2668228149414,5207900
2019-06-19,91.8915088468906,92.30247264983589,90.97916870268726,91.48054504394531,2745900
2019-06-20,93.59287359107816,93.98739522424084,91.81750742942118,92.63943481445312,2789900
2019-06-21,91.94903617725521,93.18192748752288,91.77643214631486,92.31890106201172,5124900
2019-06-24,92.19560774643651,92.95177955437191,91.90793437067948,92.65589141845703,3356200
2019-06-25,92.80382783381158,93.07505911610497,91.51339576677663,91.62847137451172,3426200
2019-06-26,93.2148059135189,94.53810349218018,92.6887665154326,94.05316925048828,5308200
2019-06-27,94.70249014168205,95.88606778068983,94.53810087470355,95.22852325439453,4163800
2019-06-28,95.68880598728903,96.02579930024827,94.11070656129912,94.32440948486328,6129800
2019-07-01,96.6586651493161,97.7929290234908,95.54084333550234,96.3216781616211,6123700
2019-07-02,96.15729134466592,96.16551237505436,94.61206998450666,95.39289855957031,3818600
2019-07-03,95.4997552450387,95.67235926214364,94.45590384103053,95.29427337646484,2321700
2019-07-05,94.3737069125067,95.40111619620443,94.00384207869897,95.13809967041016,2915400
2019-07-08,94.67782184328362,95.19563386218002,94.25863710181022,94.46411895751953,2974500
2019-07-09,94.19289079642807,95.27783485193758,94.02028677291625,95.16276550292969,2754000
2019-07-10,95.85320837058345,97.35733126028927,95.49977921708742,95.86964416503906,3531800
2019-07-11,95.83676071369881,96.14909722742718,95.25319284700923,95.93539428710938,3044700
2019-07-12,96.69977545129417,97.31622110065965,95.88606894995837,97.2504653930664,2292500
2019-07-15,97.39841410577306,98.63130542356765,97.39019307449443,98.49979400634766,4020600
2019-07-16,97.39840138213668,97.85046398126333,96.60935179432275,97.54634857177734,4588800
2019-07-17,97.34909167300926,97.39018428407435,95.96825327088115,96.31346130371094,4027700
2019-07-18,96.56827219033454,97.57924589981673,96.17375045308049,97.4559555053711,2913000
2019-07-19,97.60388925718678,97.80937112930718,96.19839400438039,96.37921905517578,5596300
2019-07-22,96.97101586179237,97.39019440056725,96.63402255368474,97.1353988647461,3862700
2019-07-23,97.97376353226053,98.91898148899523,97.43951563006281,98.6888427734375,7146900
2019-07-24,103.9738296094791,106.68619289022398,103.52998800331306,106.02864837646484,16553300
2019-07-25,105.69165077437414,105.86426106206714,104.03136003757852,104.6724624633789,8504500
2019-07-26,105.05878293935454,105.97111678326782,104.6395981180686,105.33824157714844,5282300
2019-07-29,105.37109736659596,107.15467844138792,105.14917971259874,106.82591247558594,6070100
2019-07-30,105.99081564426382,106.6357388461102,105.41203372113884,106.28019714355469,3487300
2019-07-31,105.68489007413649,106.305015829547,101.7326631397708,103.36151123046875,6601600
2019-08-01,103.84936327683788,106.43732685784605,101.88978933671679,102.07168579101562,7979300
2019-08-02,101.8567072524945,102.81582222917038,100.10383368439958,100.72395324707031,7368400
2019-08-05,98.57420329716184,98.63208086869086,96.09372513189126,96.68077087402344,8689800
2019-08-06,97.86312769217507,98.6816836811701,96.76344757767575,98.39229583740234,4783900
2019-08-07,96.9784317857898,100.03768576184832,96.77999529266476,99.81444549560547,7726600
2019-08-08,100.85624543834545,103.00599192980901,100.36014475646893,102.78274536132812,6226400
2019-08-09,102.5016316578033,102.79101952843246,99.71522545618548,99.72349548339844,5777500
2019-08-12,98.89665384995463,100.1038189978649,98.78089871989347,99.28526306152344,3728400
2019-08-13,99.51677501379137,102.89849022898792,98.62380144540882,101.980712890625,6285300
2019-08-14,99.79789893139214,101.0464079984001,99.35141842803121,99.71521759033203,4531700
2019-08-15,100.26917643521979,100.55030052797237,98.16904415187247,99.09508514404297,3352600
2019-08-16,100.27746076653588,101.87323527040819,99.09509928119856,101.55077362060547,3675100
2019-08-19,103.80801048527474,104.47773755028233,102.53469764337467,103.02252197265625,3244500
2019-08-20,102.71660407083584,103.53516010284059,102.03860695487775,102.78274536132812,2706400
2019-08-21,103.7666708231653,104.2462314532839,103.10520745002361,104.2131576538086,3866100
2019-08-22,104.27103067156469,104.67617365812274,102.6835262151813,103.52688598632812,2997800
2019-08-23,102.6256455505487,103.42766147292332,99.08682496617246,99.45890045166016,6515900
2019-08-26,101.25309246811337,101.26136249287406,99.64078458971213,100.59989929199219,3294000
2019-08-27,101.64174133160877,102.17917960375163,100.48418343195871,101.02162170410156,3679700
2019-08-28,100.35187158390266,101.68306191795376,99.65733447961523,101.484619140625,2470800
2019-08-29,102.67523984970612,103.60955083971311,102.02204663595253,102.1708755493164,3454600
2019-08-30,103.21271408831588,103.55170954358482,102.06342619692512,102.31974029541016,2747100
2019-09-03,101.74094515209246,102.09648059605234,99.77309517047087,100.65779876708984,3913200
2019-09-04,102.48508355618952,103.30364586507261,102.40240221509944,103.01425170898438,3858200
2019-09-05,104.80020019565326,106.66882249748745,104.30410583506173,104.84980773925781,5330400
2019-09-06,105.08958411326593,105.75931746776797,104.66790108386566,105.08131408691406,2457500
2019-09-09,105.78412915734744,105.78412915734744,103.91550047739744,105.08959197998047,3813700
2019-09-10,104.18836337364559,105.0565270332857,103.27058585618116,105.03999328613281,4725600
2019-09-11,105.00690680330985,106.37116471916941,104.51081244225345,106.31329345703125,4286100
2019-09-12,106.82592253641127,108.24806434372859,106.13965540480407,107.6692886352539,4472900
2019-09-13,107.87599552775313,108.22326095406494,107.12358079589544,107.16492462158203,3110800
2019-09-16,106.46210350331665,107.0574191894861,105.90813163742393,106.13137817382812,3065800
2019-09-17,106.08179220754941,107.23934371250753,105.51955020163436,107.12358856201172,2673600
2019-09-18,107.12356133291127,107.12356133291127,105.17225170885567,106.91685485839844,2328000
2019-09-19,107.07397622623135,107.70235949848632,106.24715015498631,106.52000427246094,2608100
2019-09-20,106.08177734078939,106.45384651407075,104.36197776275381,104.73404693603516,7471500
2019-09-23,104.7340549176423,106.12312925114537,104.43639703306053,105.64356231689453,3946200
2019-09-24,106.47039031093368,106.50345780059043,103.27057133708983,104.02297973632812,4694600
2019-09-25,103.6013078581095,106.10658981100748,102.96464825922398,105.61875915527344,3293400
2019-09-26,106.0652415275399,106.38770317278689,104.70924735055715,105.9246826171875,3297700
2019-09-27,107.0904999328923,107.18971500905985,104.06431394615474,105.12265014648438,5263500
2019-09-30,105.57740320810451,106.99126845897284,105.47818182726238,106.8589859008789,4233400
2019-10-01,107.48737610762389,108.97566537700207,105.49472249185543,106.32154846191406,5093900
2019-10-02,105.22188262863634,105.65182938979893,104.36198279812912,104.8746109008789,5334600
2019-10-03,105.23014464422403,106.86726293715927,104.06432323789143,106.41250610351562,5199700
2019-10-04,106.9168594868244,107.743685420669,106.65228174850266,107.6031265258789,3893000
2019-10-07,107.52044953135608,107.8925313315153,106.44558580402781,106.53653717041016,2426200
2019-10-08,105.35416683779724,105.72624232069947,102.22049555771723,103.33671569824219,4769100
2019-10-09,104.80020029554923,105.9825554737981,104.44466484695303,105.37071228027344,2884800
2019-10-10,105.71798163897165,106.96648446070326,105.08959206052606,105.6104965209961,2679300
2019-10-11,107.57008206067933,108.94260381615769,107.12358889568674,107.56180572509766,4717200
2019-10-14,107.14011888374594,107.4377767603184,106.7184421487533,107.28067779541016,2292900
2019-10-15,107.71887704505585,109.30638125617976,107.31372781290887,108.88470458984375,2955400
2019-10-16,108.17365478148908,108.68628290068344,106.81766054977781,107.073974609375,4537600
2019-10-17,108.23150310875185,108.63665233357634,106.5034400400815,107.59485626220703,3003500
2019-10-18,107.31372736826332,107.83463171938511,106.28847133286413,107.04088592529297,4126000
2019-10-21,108.09922318532763,108.33073342904117,107.19797336191199,108.25630950927734,3355100
2019-10-22,107.71063257811316,108.39689971046784,106.02390037859068,106.3050308227539,5518900
2019-10-23,96.5732812593447,100.55858240691354,95.80433281160178,98.3509521484375,18450000
2019-10-24,98.23520536869198,99.45891075293814,97.00323626546792,97.90447998046875,6205400
2019-10-25,97.98714851839796,99.78962940459235,97.98714851839796,99.64080047607422,4788200
2019-10-28,100.09555741563672,100.95545724590144,98.59073428971897,99.21912384033203,6492900
2019-10-29,99.64906689937412,99.97979856152483,98.82224089808824,99.45890045166016,4622200
2019-10-30,99.74214335498415,100.02538032586237,97.95106547646483,98.12600708007812,5276200
2019-10-31,98.00939603752083,98.55921169170348,97.04304451308295,98.29263305664062,4778400
2019-11-01,99.29231641879268,99.62553497506242,98.19267865818748,98.33429718017578,4430100
2019-11-04,99.90042444420689,101.14168681465476,99.53388284026778,100.77513885498047,5175400
2019-11-05,100.88342453448747,101.40825567282276,99.68382412343807,99.85043334960938,3994500
2019-11-06,99.69214752406178,100.4252433537733,99.01737191329042,100.26696014404297,3904700
2019-11-07,100.75014477451582,101.51655743238257,99.20065472167413,99.90042114257812,4271200
2019-11-08,99.71715098022993,100.08369894180046,98.98406141282409,100.05870819091797,3804900
2019-11-11,99.19232604426988,99.71715087947769,98.27596249700464,98.36759948730469,5165300
2019-11-12,98.45089887347048,99.8920935350411,98.45089887347048,99.15066528320312,4761100
2019-11-13,98.35092381208263,99.10067803309677,97.97604987944281,98.65082550048828,4928800
2019-11-14,98.45922489658088,98.6008433719379,97.28460889856993,97.9427261352539,4568500
2019-11-15,98.77580007636905,98.93408331171248,97.93440875190437,98.30095672607422,4496800
2019-11-18,98.2343031888504,98.5425372674871,97.60950901877179,98.20931243896484,5337700
2019-11-19,98.70083482009255,98.70083482009255,97.45124629852475,98.16767120361328,3860600
2019-11-20,97.6761561866918,98.05103015001835,96.20997074065889,96.8264389038086,4368600
2019-11-21,96.80143663358956,96.92639673327679,95.46021136546493,96.71813201904297,5447700
2019-11-22,97.24296371291129,97.90940698876292,97.0930128635911,97.4762191772461,3008900
2019-11-25,98.12599363499642,99.52553262787488,98.05934740777981,99.14232635498047,3726400
2019-11-26,99.16734493984242,99.55055132031181,98.20932581080103,99.24231719970703,7099700
2019-11-27,99.8920896791313,101.47489640835329,99.55053250013553,101.40825653076172,4876200
2019-11-29,100.92507560236896,101.33327263763995,99.95872433680661,100.14199829101562,3498900
2019-12-02,100.06703816972532,100.12535203897008,98.22597874844358,98.95906829833984,4733500
2019-12-03,97.59287060576297,98.27597878392262,96.68483292114092,98.09270477294922,5307100
2019-12-04,99.95038832071702,101.19164403761977,99.47554510312781,100.20030212402344,4537600
2019-12-05,100.44190812820308,100.64184047824637,99.77545848707905,100.58352661132812,3260400
2019-12-06,101.59153953805213,102.21633376978859,101.53322566398616,101.9414291381836,3815900
2019-12-09,101.84979872639742,102.04139874397049,101.52490621335092,101.6332015991211,2801300
2019-12-10,101.79147601057277,102.45791936286837,100.94175231504639,101.10836791992188,4043400
2019-12-11,101.0333744486963,103.16600303154968,100.9667282165485,103.0660400390625,2959800
2019-12-12,103.13268665189348,105.78181401006897,102.49122778763859,105.02372741699219,5412700
2019-12-13,104.93207784851151,106.18999832216994,104.45723462220431,105.4985580444336,3451500
2019-12-16,106.28165043165065,107.18968153443177,105.8567886352539,105.8567886352539,4973100
2019-12-17,106.49824540013613,106.63153787323043,104.94042934418975,105.87345123291016,4354200
2019-12-18,106.12336283362548,106.12336283362548,104.96541157942235,105.2569808959961,5776200
2019-12-19,105.24864953843395,105.36528362191741,104.13235375691241,105.29863739013672,3961500
2019-12-20,106.00674552090337,107.4979153658323,104.84046178430044,107.42294311523438,9321400
2019-12-23,107.46458797768882,107.60620645197308,106.76482161835406,107.08971405029297,3095000
2019-12-24,107.23967596050848,107.3396516791348,106.53990948747865,107.07306671142578,1403400
2019-12-26,107.22301528477715,107.25633204731793,106.67319336683036,107.03140258789062,2339900
2019-12-27,107.34798869473646,107.3979702034368,106.70652967298012,107.10640716552734,1800600
2019-12-30,106.79815097216377,107.02308043971324,105.83180593021336,106.34830474853516,2283700
2019-12-31,106.0067626209722,106.9564494161511,105.8484793698637,106.87313842773438,2813300
2020-01-02,107.57291276048136,107.97277752135412,106.43994565604648,107.93946075439453,4614000
2020-01-03,106.18168408334097,107.67286024124641,105.99008410015027,106.50657653808594,4057200
2020-01-06,105.8484642276971,106.07339369506724,104.88211918651712,105.7651596069336,4345400
2020-01-07,107.58955651441396,109.04740965261182,106.98142705026318,107.80615997314453,7184100
2020-01-08,107.74784928517865,108.77252101957215,107.51459377933419,108.09773254394531,3546900
2020-01-09,108.88081600522636,109.74720454132056,108.49761595814319,109.40564727783203,3526600
2020-01-10,109.80547998485585,109.80547998485585,108.14770108418037,108.29764556884766,3234000
2020-01-13,108.7725171745496,108.91413567584394,108.10606744792177,108.25601196289062,4313200
2020-01-14,108.2560010211652,109.84714656369336,108.1560380212895,108.85580444335938,4626200
2020-01-15,108.65586606700377,108.65586606700377,107.34797020587595,107.60621643066406,3392300
2020-01-16,108.29767673923345,108.48927676194445,107.75619344012622,108.43096923828125,5475900
2020-01-17,108.93077454785418,109.99708889709368,108.66420231627917,109.71385192871094,5487100
2020-01-21,109.20569148533897,110.12206138791251,108.7808360094933,109.01409149169922,8631500
2020-01-22,109.98043180548049,113.04608224045667,109.81382257948728,111.08006286621094,8899700
2020-01-23,109.48059943450087,111.97145012895328,108.00608161795412,111.8381576538086,8598700
2020-01-24,112.29634914266015,112.82950636286775,108.08939889760747,108.7308578491211,5606800
2020-01-27,107.17302579649063,107.6728662369175,105.16535708885422,105.22367095947266,5890900
2020-01-28,105.92344797662969,106.88979306471339,105.59855549086801,106.66486358642578,4397500
2020-01-29,106.25667124362819,107.056400714411,104.49891635680939,104.54056549072266,4535000
2020-01-30,103.39105191604199,104.60771080476648,102.55197505439796,104.39794158935547,5521300
2020-01-31,103.50850874324611,103.74344920977946,100.65564650323932,101.23461151123047,5782500
2020-02-03,101.57864059811814,103.77702423208713,101.57864059811814,103.54208374023438,5396400
2020-02-04,105.72367487908916,106.83125597889942,105.18666624897799,106.1180419921875,4434700
2020-02-05,107.95561045876333,111.52168640614701,107.95561045876333,111.1273193359375,7281800
2020-02-06,111.59718064749907,111.59718064749907,110.32178071232016,111.19442749023438,3686600
2020-02-07,110.12880657593358,110.12880657593358,107.82973202375331,107.9891586303711,4331700
2020-02-10,107.02423207121707,108.82824179464822,106.81446290322303,108.78628540039062,2882500
2020-02-11,109.4743361986918,110.74133738481048,109.18905319836747,109.66732025146484,2986800
2020-02-12,110.46443444139767,111.54685047592793,110.45604828419039,111.11052703857422,2839100
2020-02-13,110.65743947152588,111.92444068138336,110.05330322228795,111.43777465820312,4268700
2020-02-14,111.99993656406514,112.11740677129858,110.14558452107352,110.93431854248047,2605200
2020-02-18,110.0029521463245,110.57351811345919,109.57501486768008,110.12042236328125,3094400
2020-02-19,111.51329432893921,112.68800945433506,110.93434212945066,111.70629119873047,3931600
2020-02-20,111.26994706865004,111.81534173062033,109.36523962517069,110.31340026855469,2487800
2020-02-21,109.7176582696557,109.77639978080347,107.36824748797052,107.838134765625,4121000
2020-02-24,104.05389526201611,105.10274105539523,101.73804195777396,101.89746856689453,7483800
2020-02-25,103.12251727527992,103.23159493064927,99.02781929657147,99.32988739013672,6347200
2020-02-26,100.09345035661555,101.22620250863065,98.70058010034985,99.67391204833984,5778000
2020-02-27,97.62657946544667,99.42220321456077,94.87440872481002,94.92475128173828,8687300
2020-02-28,91.83691564787392,97.43356048069778,91.13209449686134,95.77218627929688,11431100
2020-03-02,96.62806376370288,99.90884992166049,95.0841594998756,99.82494354248047,7207500
2020-03-03,99.32987987787149,100.78987768690027,94.15277909068314,95.49530029296875,9217300
2020-03-04,97.13989046339746,99.92562438449328,95.94001072740959,99.8920669555664,5556500
2020-03-05,96.63647023112082,98.34818761306983,95.41141891300637,96.2588882446289,6162300
2020-03-06,93.21302577246863,95.54566433186513,92.415905483159,94.94992065429688,6386200
2020-03-09,88.1953317788559,92.36554302475007,87.61636694302037,88.1365966796875,8454600
2020-03-10,91.31670773115442,94.09404922305441,87.89327367362891,94.0772705078125,9206200
2020-03-11,91.9124576194942,93.50670454540932,88.76592016110126,89.36166381835938,9636500
2020-03-12,83.42099838756897,87.8764997191262,81.01285251699287,81.83514404296875,15158500
2020-03-13,86.68500314146151,90.17556493645058,82.615482834612,88.9756851196289,16040100
2020-03-16,80.4506902779704,87.68353540757123,78.10966497592449,78.45368957519531,12389200
2020-03-17,80.5765277363973,90.3182079206239,79.80457877336723,89.06798553466797,16243500
2020-03-18,83.94963309578482,88.79110322446388,78.99907889034542,83.90767669677734,16413900
2020-03-19,83.39583387449667,88.1030547398731,81.4911325554166,85.22502136230469,9298500
2020-03-20,87.68350495953646,88.52258156202006,81.47433682082851,81.89387512207031,10253200
2020-03-23,81.68412730085105,85.5522719604841,79.64517036833654,82.59872436523438,9680700
2020-03-24,85.71169283135444,88.67363278775765,83.45457428481194,88.4051284790039,9385700
2020-03-25,87.54086740570452,88.79948236596489,82.65744161596017,83.20284271240234,11862100
2020-03-26,83.40421135233339,91.32508972637419,83.07697200603369,90.41889190673828,10441400
2020-03-27,87.26396217156405,88.10303873090601,83.9663910372843,84.32719421386719,7579200
2020-03-30,84.24328495628855,86.79407837762267,84.15937858355402,85.60258483886719,6950800
2020-03-31,85.60259749439099,86.58432204562578,83.47134842493654,83.84893035888672,8968000
2020-04-01,80.63525497960913,84.21811542436376,80.61008370743339,81.29812622070312,8229700
2020-04-02,80.76950863158285,85.77040398598213,80.63525331389089,85.60258483886719,8353400
2020-04-03,85.95502777808336,86.96191735795007,82.94273879548669,83.89089965820312,6587300
2020-04-06,87.75063554286716,91.92923357730085,86.85282380441281,91.42578887939453,7189500
2020-04-07,93.71648040021033,94.7569337349412,88.79949033538034,89.16029357910156,7762200
2020-04-08,90.7797024183694,92.86060887057835,89.12672043719134,92.44107055664062,5426500
2020-04-09,93.13751804444928,94.15280013060999,89.84833876341908,90.36017608642578,5902300
2020-04-13,88.52258894618552,90.99786256933002,88.35477617234918,90.3433837890625,5209400
2020-04-14,91.8956857493875,93.49832546536025,91.43419736328191,93.09556579589844,8142400
2020-04-15,91.5264679956403,91.57681053812533,89.5798107325876,90.60348510742188,5381300
2020-04-16,91.81174760659097,93.90105266693675,90.46083395133917,93.46472930908203,5777700
2020-04-17,93.64934981852542,95.70508514695058,92.91096463642698,95.27716064453125,6100000
2020-04-20,93.57381416810176,96.59449487357728,93.3892227042303,93.58220672607422,7957200
2020-04-21,92.46624793599449,92.9277426724533,89.36166676854427,89.6469497680664,8799800
2020-04-22,92.029936920102,94.36256922849724,91.13212506611576,93.9598159790039,10961000
2020-04-23,93.75842723051285,95.57083594756355,92.44946964707428,92.68441009521484,5374000
2020-04-24,93.43120380037969,95.65475868164224,93.17109203143949,95.59602355957031,5570200
2020-04-27,95.65472963159868,97.53425936874109,94.83243177067288,97.14828491210938,4728000
2020-04-28,99.11173883402641,100.52977405705566,95.71347575064323,95.85611724853516,5762300
2020-04-29,97.27415588114363,100.42069330540001,97.22381333088249,100.18575286865234,4936900
2020-04-30,98.6250758503926,99.00265780383097,96.65324689043653,97.39163208007812,5781000
2020-05-01,95.03230777755212,95.76801137962696,92.55460091160612,92.77446746826172,5839800
2020-05-04,92.10640987992072,93.57781698459304,91.19312404633217,93.44251251220703,4987000
2020-05-05,94.28814958866319,95.71727248552882,93.69620862931372,94.32197570800781,5242400
2020-05-06,95.04922175785177,96.27538794655906,94.69405717995109,95.06613159179688,3701300
2020-05-07,96.3092201148765,97.18867992372692,95.23526817091543,96.10626983642578,3601300
2020-05-08,96.36841161381302,97.7045143518693,95.34519565416419,97.24787139892578,4331200
2020-05-11,95.90332428960541,97.89901395423358,95.90332428960541,97.14640045166016,2723600
2020-05-12,97.36627118894319,97.98358667614846,94.1528603011755,94.44883728027344,3547100
2020-05-13,95.4889414422472,95.4889414422472,90.80413067718405,92.2332534790039,4653000
2020-05-14,92.1740621323795,93.39177657737912,89.99232590231264,93.31566619873047,4396100
2020-05-15,90.0938051502901,91.64131619754865,89.1720611649536,91.53137969970703,7237700
2020-05-18,94.01754188467623,97.37470823676425,93.23956053780431,96.75739288330078,6527200
2020-05-19,96.41914142459659,97.53537753232165,95.15914915149669,95.28599548339844,4594800
2020-05-20,97.3662683197451,100.48665888527412,96.94345144969179,99.34505462646484,4961600
2020-05-21,98.46560160577677,99.21821517064342,95.87795779407483,95.94561004638672,4381700
2020-05-22,96.00479676321862,96.2923155875723,94.98158071955156,95.92023468017578,3061600
2020-05-26,97.93284202441112,99.45498534733163,97.67915577170668,97.86519622802734,4822000
2020-05-27,98.45714550012411,99.75942235156253,97.70453191967269,99.63257598876953,4079400
2020-05-28,99.58181325132357,100.36825274719374,97.67913767599302,97.98356628417969,3798200
2020-05-29,98.77844950760289,100.85025550472304,97.80597611994655,100.4105224609375,5953600
2020-06-01,99.59027907664704,100.1230324424224,98.7953877772733,99.66638946533203,2842500
2020-06-02,100.29214298937343,103.95373800093782,99.64945965126456,103.73387145996094,7277700
2020-06-03,107.1164085260699,108.63855161462592,106.24540693437994,107.57305145263672,7650600
2020-06-04,106.8711846315011,109.08674724702755,106.79508069534116,108.73158264160156,5052500
2020-06-05,110.74416972013066,114.73554800086723,110.39745688556489,111.15007019042969,7788500
2020-06-08,110.49049209700298,112.71449974757549,109.61949049900727,112.35088348388672,5602500
2020-06-09,111.07399946943613,112.39318606969414,110.05922863537876,111.72512817382812,4450000
2020-06-10,112.00417462915551,112.29168697403881,110.76955672308227,111.11625671386719,4005700
2020-06-11,109.1290360115115,109.27279219796648,105.13764375263722,105.37442016601562,6013700
2020-06-12,107.62380122460402,108.02125010718817,103.50556911741764,104.83321380615234,5950800
2020-06-15,102.80368895235554,105.30676393749384,102.15255384018258,105.0530776977539,5152800
2020-06-16,108.46945547866358,109.19670109189366,105.26450247423658,106.64288330078125,3529000
2020-06-17,107.44620714431674,108.13117477290831,106.37225527114303,106.73587799072266,2934000
2020-06-18,106.32152767172431,107.08259283846735,105.78031616954931,106.5329360961914,3062500
2020-06-19,108.29183239281393,108.44405314442643,104.8331942048238,105.61117553710938,10377200
2020-06-22,105.50969977206695,106.09318901141536,104.10595137303788,105.89869689941406,3677600
2020-06-23,107.08258651793534,108.32567546436951,106.54983964232589,107.07413482666016,4679000
2020-06-24,105.94943922454077,107.22634782373011,104.12286747060058,104.85011291503906,4747100
2020-06-25,104.85858179399244,105.99172788754368,103.46328485881835,105.75495147705078,2617200
2020-06-26,105.39132233493615,105.61118889636694,103.50556285723421,104.3258285522461,9870700
2020-06-29,104.73172320296992,105.66191890046451,103.52246686072517,105.50970458984375,3540100
2020-06-30,105.19680883010128,107.98739551280595,105.15452457437645,107.37008666992188,5572400
2020-07-01,107.05721662411919,107.27708317511957,105.4251434547182,105.53507995605469,4022000
2020-07-02,106.87965218176464,107.53924549322943,105.72113158876002,106.3891830444336,4799000
2020-07-06,107.82675020714044,110.38056103141143,106.71896572114885,109.53492736816406,4957000
2020-07-07,108.85842825111489,109.48420186687365,108.452527666936,108.74850463867188,3778200
2020-07-08,109.65330772257059,109.71250826836986,107.97895680202579,109.30659484863281,3584300
2020-07-09,108.90914379678279,111.61518159300148,107.31090328802743,110.29598236083984,4977300
2020-07-10,110.11840984437325,110.98095974043336,109.05291613983657,110.38055419921875,2659200
2020-07-13,111.62364877638306,112.96820326711365,108.65547912457936,108.93453979492188,4861600
2020-07-14,108.06353501993776,111.81814439014452,107.15024904407395,111.53063201904297,4247500
2020-07-15,111.14163098504991,112.00418097189107,110.00848492397887,111.75048828125,3625100
2020-07-16,110.65117455457013,112.2071374622267,110.3636492906812,111.7758560180664,3337600
2020-07-17,112.90054838190832,114.16054721489205,111.83505458644055,113.22189331054688,4666100
2020-07-20,113.48400090635256,115.85177703220468,112.62991580847148,115.49661254882812,4623100
2020-07-21,115.92789194259312,116.40144463203052,114.38038110888965,114.56642150878906,7715800
2020-07-22,113.82230641195385,114.31276262554768,110.34675122910356,112.07183837890625,10911900
2020-07-23,112.46928246202893,112.5961223560987,108.51172292689608,109.12056732177734,7793500
2020-07-24,109.72095584721295,111.59826340727095,108.33411730678078,109.6194839477539,5077100
2020-07-27,110.2283657099531,111.90271694079232,109.96620840570174,111.72512817382812,3874500
2020-07-28,110.69344892627657,111.46297870925034,109.69560732902437,110.04232025146484,3545300
2020-07-29,110.71881588269947,111.87734284413263,110.43130351699637,111.31922149658203,2818300
2020-07-30,109.36939153683474,110.5784560709783,108.76485926976297,109.74403381347656,4146900
2020-07-31,109.28423962617454,109.49710334730682,106.79798642632487,108.60307312011719,8044000
2020-08-03,109.11394709888758,110.26341648303102,108.71376872743727,110.11016082763672,4311800
2020-08-04,109.87172476957915,112.67301841608204,109.59075611077559,112.5878677368164,5361500
2020-08-05,111.11486936257012,113.06469545322,111.09783662600927,112.98806762695312,4370200
2020-08-06,112.89441514770036,113.94171415035579,112.4176024272258,113.87359619140625,2961800
2020-08-07,113.8735673839959,114.1886014962904,112.79221617150897,113.72029876708984,2856700
2020-08-10,113.43082856356453,115.63609374815812,112.79223735621471,115.29551696777344,5526400
2020-08-11,116.48755605332713,118.20749878496467,115.49986513874936,115.8319320678711,5383800
2020-08-12,117.04949189119895,118.4714198420139,116.35129272196515,118.04569244384766,3073700
2020-08-13,117.59443334162725,118.0116509076852,116.6067425682066,116.77703094482422,2945100
2020-08-14,117.27087066243789,117.76471602527478,116.64931227135425,116.94732666015625,2062900
2020-08-17,117.38157962891697,118.55659161443111,117.18574862872175,117.73918914794922,2380400
2020-08-18,118.31817138904339,118.74389881302326,117.67105738960522,118.61617279052734,2760400
2020-08-19,118.92272608785385,119.95299242195684,117.52634031598969,117.90949249267578,3803200
2020-08-20,116.9132805477726,118.46293483863798,116.32577453622852,117.98612213134766,2761200
2020-08-21,117.60295893337253,119.62091609215436,116.81111202977654,119.48468017578125,4382500
2020-08-24,119.93593816964945,120.74481772915554,119.13556848199282,120.07217407226562,2841300
2020-08-25,120.548993251067,121.09392389879704,120.03811508474507,120.61711120605469,2840700
2020-08-26,120.3276593466005,121.49414885426975,120.15735790685032,121.289794921875,2974100
2020-08-27,121.80915157128857,121.95389736383214,119.64646156387481,120.47237396240234,2801000
2020-08-28,120.48941009580015,122.26043831536423,120.14032336850332,122.17530059814453,2884700
2020-08-31,121.4600138704476,121.98792464568803,120.7533178669916,121.03428649902344,4344600
2020-09-01,121.75806810013243,123.51206336604407,120.94066556276442,123.42692565917969,3563400
2020-09-02,124.69559056063805,126.33038271182254,123.87820098113237,125.70882415771484,4579200
2020-09-03,125.16385846926352,125.5385006685989,119.68048735281533,120.62560272216797,5866400
2020-09-04,119.92740063500302,121.34932843612526,117.2538333756642,119.60384368896484,5251600
2020-09-08,115.96816798550365,118.10532834282635,115.58501583531276,115.8319320678711,5893700
2020-09-09,117.67959418640295,119.9274347314755,116.81110650084699,118.93122100830078,5418500
2020-09-10,118.70986018200944,120.26802446511378,115.98520665096886,116.81111907958984,3985800
2020-09-11,117.68810426452036,118.35223808635062,115.15928202286995,116.11290740966797,3524400
2020-09-14,117.7732662331015,118.44590999165769,117.18576018242042,117.95206451416016,3120400
2020-09-15,119.02490753596857,120.7533734118151,118.65878806437486,119.74864959716797,2718700
2020-09-16,120.98323055296366,121.01729602653059,118.87162591781588,118.93122100830078,3591700
2020-09-17,116.15548621141066,119.654966680787,115.72975872361388,119.54427337646484,5646100
2020-09-18,120.17434873688462,120.73631211084628,116.64932583357158,118.062744140625,7025900
2020-09-21,115.6871706332875,116.75148923554316,114.36742596022681,116.63228607177734,6036000
2020-09-22,117.31347563047042,118.19899615718788,115.48285247169899,118.05423736572266,3213200
2020-09-23,118.42885295366005,118.42885295366005,114.70799938569843,115.0826416015625,5766400
2020-09-24,114.19714555121577,117.77326710493455,114.19714555121577,116.38539123535156,2911000
2020-09-25,115.75528983869178,118.43738054077564,114.73354656787579,117.77324676513672,3036000
2020-09-28,119.3909959373437,120.90658447804708,118.96526852720974,120.85549926757812,3454100
2020-09-29,121.15352446090779,121.80063856643042,120.22544164260745,120.48088073730469,2722900
2020-09-30,120.19136116109715,122.82235334159374,119.63790775281802,121.5792236328125,5599600
2020-10-01,123.83561611468504,125.35120496106464,122.60100897472488,123.38434600830078,4431200
2020-10-02,120.97471229095676,122.54989604164265,119.91890355051838,120.13176727294922,3928600
2020-10-05,121.15350843240273,122.8053329684483,120.54047287527429,122.67761993408203,3052800
2020-10-06,122.48177337646483,125.28305384212038,121.73248902433724,122.48177337646484,3418700
2020-10-07,123.75048730611718,125.4108222357356,123.29921711991767,124.95104217529297,2845500
2020-10-08,125.01912039541027,126.27926996796694,124.78922394219829,126.06640625,2323700
2020-10-09,127.78637850119186,129.0124758810901,126.73909240260099,128.4930877685547,4209800
2020-10-12,129.9149968868566,132.62261737195655,129.2764056789929,131.89036560058594,5147800
2020-10-13,132.0691269562662,132.72475065310294,130.8515400907122,131.54122924804688,3524000
2020-10-14,131.549811150392,131.7456421829044,129.57442910917192,130.07679748535156,3267400
2020-10-15,129.2679219937261,130.315208148973,128.45051936551639,129.8894805908203,2936000
2020-10-16,131.09852832900938,131.90740798637248,130.04271944425997,130.37478637695312,4599700
2020-10-19,130.51102677208803,131.90741251030036,127.93962892766028,128.3653564453125,4225400
2020-10-20,129.24233143155985,129.62549652400267,127.45428396623205,128.42494201660156,3916100
2020-10-21,126.95194088482883,127.25846519289709,123.17147874937751,124.4231185913086,6700600
2020-10-22,125.010642932941,126.76463834496558,124.16769771407662,126.20267486572266,3167200
2020-10-23,126.37294850727682,127.71824895533366,126.28781080327654,127.68419647216797,3509100
2020-10-26,126.18558665377492,126.44102566769881,122.79680051274396,124.26981353759766,4290700
2020-10-27,125.70030260000323,126.29631848636026,124.78072966440729,125.26605224609375,4102400
2020-10-28,123.20556604328087,124.19325720303664,120.70228565211646,121.75809478759766,7413600
2020-10-29,121.50937254782751,126.32892275352182,121.20064612022551,125.36844635009766,5600400
2020-10-30,124.3479379158598,125.16262868510307,122.22973406452124,123.99633026123047,5427000
2020-11-02,125.59999255814336,125.97731322132181,123.67902669460042,124.86248016357422,3756600
2020-11-03,125.94300168269461,127.42659731063273,125.77148993079268,126.3203353881836,3588600
2020-11-04,129.3218685031548,131.6373104344103,127.29799793005873,130.37667846679688,5015300
2020-11-05,132.78643206259162,134.03849281502661,132.19470534807482,133.4038848876953,4638100
2020-11-06,133.82410826239905,135.6764668543398,132.872202854222,135.27340698242188,4217700
2020-11-09,138.9266751800199,141.18209390888632,133.83269499640406,133.96990966796875,5308600
2020-11-10,133.24952844736603,134.0813742524266,129.5105143715347,129.91357421875,5697900
2020-11-11,132.87217592823842,133.7297477227044,131.75732997833123,133.52392578125,3497200
2020-11-12,133.7983553236242,134.57873571327735,131.77448536092146,132.49484252929688,2607100
2020-11-13,134.33005203928684,135.47919516047352,133.06084938432704,134.338623046875,2439800
2020-11-16,134.87035316067562,136.68840162755706,134.31292350500192,135.76222229003906,3456500
2020-11-17,134.9732426404459,135.7622072288401,133.0780029582261,133.35243225097656,3526700
2020-11-18,133.55826044887803,134.07279576851656,131.56011623145005,131.68017578125,2998400
2020-11-19,131.31141457726977,135.00754763820922,130.95982001798922,134.87034606933594,2465300
2020-11-20,134.91322199917266,136.13954357521524,134.2528879506448,134.48443603515625,3013000
2020-11-23,134.55302136535002,136.10523744414442,133.04369958272818,134.99896240234375,2803000
2020-11-24,136.02806155173008,136.7484319507639,134.37295393240626,136.6540985107422,4962800
2020-11-25,136.82559814554088,137.22865798209241,134.8617511826819,135.15333557128906,3543700
2020-11-27,136.6798199647718,137.46020048507174,136.1652715666426,136.34536743164062,3084400
2020-11-30,136.55116370202643,138.50642649739143,135.2562349032784,138.28346252441406,4845200
2020-12-01,139.4669248846883,140.92479452476815,138.60935296869908,140.20443725585938,4894400
2020-12-02,139.60407533170115,140.27299321992376,138.77224291642653,139.54405212402344,4212300
2020-12-03,139.92145719256584,141.12205281440993,138.5836469037936,138.90951538085938,4778600
2020-12-04,139.79277112329882,142.8714637579617,139.37256932589452,142.8028564453125,3741600
2020-12-07,142.6742439242825,142.74285125188533,141.70519649997823,142.6056365966797,4645300
2020-12-08,142.61417986184054,143.4202993735014,141.4993340071076,142.94004821777344,3259900
2020-12-09,141.3278536862155,142.75999720870576,138.89235259714854,139.57839965820312,5593900
2020-12-10,139.06385037480038,139.67271904307015,137.88039706815263,138.9266357421875,5597300
2020-12-11,137.734619140625,138.88376231071288,136.89420236844964,137.734619140625,4145800
2020-12-14,138.45494876575762,139.56979459622337,137.2029014078621,137.3143768310547,5994200
2020-12-15,138.94380654347273,139.55267528054546,138.24917537994878,139.25253295898438,5732100
2020-12-16,139.73275619789277,140.0929347965515,138.00045743581325,139.029541015625,3147900
2020-12-17,139.70705372234283,139.7928030686195,138.42069575860376,139.5183868408203,5253400
2020-12-18,140.10154759151695,141.1649416896171,139.01244046317294,140.7018585205078,7072600
2020-12-21,138.54074053735957,139.61270539282427,136.8341677766767,139.29539489746094,3077300
2020-12-22,139.08957358573477,140.17869344546514,138.9780850633705,139.37257385253906,2640900
2020-12-23,139.09814908643168,139.98144703006355,137.90612475863182,138.05191040039062,2012400
2020-12-24,137.82897052444818,138.79803105520173,137.62314853719226,138.61793518066406,1044400
2020-12-28,140.4359713688184,140.4359713688184,138.06907760634988,138.47213745117188,2139300
2020-12-29,138.89235257804353,139.50979231580595,137.70032814418812,138.2234344482422,2433700
2020-12-30,138.83233105147892,139.89572504605331,138.72084250371822,139.52696228027344,2213800
2020-12-31,139.67273166704382,140.9762446236657,138.83231486596927,140.75328063964844,2906200
2021-01-04,141.15636688499814,143.93489199598525,137.86328021620008,139.11534118652344,4659900
2021-01-05,138.66936486730768,140.23872291559255,138.30918626228444,140.1358184814453,4734100
2021-01-06,139.1838778626102,143.6003665132782,138.98664005208158,140.83041381835938,5254400
2021-01-07,141.7823516336257,144.6723645013261,141.34499471293006,144.02061462402344,5673600
2021-01-08,146.74768747955233,148.14553375093226,144.8095798529857,146.78199768066406,4556500
2021-01-11,145.99304937500798,147.5366683732102,145.04971502232073,146.91064453125,4553100
2021-01-12,146.89345720722457,148.9259111239145,146.61904105559725,147.75961303710938,3406600
2021-01-13,147.75105328118568,148.2313045252719,146.53330278321806,146.99639892578125,2953900
2021-01-14,146.73058839255788,147.96548119820355,146.0874093313728,147.2537078857422,3416300
2021-01-15,146.6276382592981,146.72197169072848,143.70332805597343,145.09259033203125,3734600
2021-01-19,146.807731756017,149.8178043342976,146.807731756017,149.3804473876953,6277800
2021-01-20,149.93782706550718,150.22939829166435,148.1798025316688,148.6428985595703,4329500
2021-01-21,149.57768720692178,150.47814030685828,147.59669823836666,150.1608428955078,3583900
2021-01-22,149.63771849541828,150.4609801527664,148.14553874890115,148.19699096679688,3736800
2021-01-25,148.67722551115463,149.70632218616075,146.370355171012,148.29132080078125,5401900
2021-01-26,147.56243054995028,149.45765747344012,146.9020964002336,147.04788208007812,5341900
2021-01-27,142.74282326524488,143.7461806993838,138.96092849275473,139.7241668701172,10011200
2021-01-28,143.9691778512856,146.73056047543054,141.6194260840385,145.12689208984375,6796600
2021-01-29,143.78096686597746,144.9457144804239,141.511885168774,142.9527130126953,5969800
2021-02-01,144.39354282611302,149.2595770663046,144.10020346427692,148.79368591308594,5715600
2021-02-02,149.30274472250144,151.58908598378795,148.40545418477606,150.7694549560547,4861200
2021-02-03,150.7953372066811,151.20946421261738,145.377128371599,145.44615173339844,5019200
2021-02-04,146.63677055310987,148.5003485207684,144.99749545576483,148.39682006835938,3519800
2021-02-05,149.08703547227935,149.41487994887297,144.99749059601865,146.61087036132812,4045000
2021-02-08,147.82734605619981,151.32157516473907,147.39596007156177,151.088623046875,4597600
2021-02-09,150.55373221418563,151.17492918252734,149.5442904318448,149.85488891601562,2777700
2021-02-10,151.15766299634384,151.96867084296954,148.9317094911978,150.4329376220703,3414600
2021-02-11,151.84788003979784,154.99699274058963,151.36472980059372,154.62600708007812,4776000
2021-02-12,153.57345738560133,155.21271936141395,152.99540156960722,154.9884033203125,2532500
2021-02-16,155.29896413956544,156.85195641393236,154.2981454333227,155.9546661376953,3887600
2021-02-17,153.84952591641508,155.48016464531014,152.15848682188883,154.03070068359375,4315100
2021-02-18,153.0816516061414,153.15931110257506,150.2949013324378,152.28790283203125,4195100
2021-02-19,153.4526184778424,154.92796429453603,152.40003565303292,153.87538146972656,4248500
2021-02-22,151.84787368694984,152.64162235598525,148.9834642959969,149.3372039794922,4386900
2021-02-23,150.26902513196882,150.50197730071613,145.38573155965366,149.1301727294922,6514400
2021-02-24,148.07758291876937,155.10054743713783,147.16304657948805,154.77268981933594,5100500
2021-02-25,154.0048194527237,154.0048194527237,146.7230208411309,147.12852478027344,6099600
2021-02-26,149.50114051891043,149.99292690900256,145.92064175943642,148.62974548339844,6060600
2021-03-01,150.55372567553445,153.4526403469413,149.33721390162776,153.28871154785156,4771500
2021-03-02,153.2024336086757,153.2800799307572,150.25174172101595,150.89019775390625,5401500
2021-03-03,150.19998480353132,151.52002500247406,146.98184870508354,147.18028259277344,4715900
2021-03-04,147.10263140971958,147.40460688676714,139.48435278977362,140.8475341796875,8318900
2021-03-05,144.54880422545745,145.66178739414255,139.7949356020313,144.8939208984375,5681200
2021-03-08,143.55664662301666,145.17866235474008,139.5706438051129,139.86398315429688,6065400
2021-03-09,144.2295971873329,148.26737709180136,143.4703535960118,146.98184204101562,7610300
2021-03-10,148.09483082456083,149.2595784658153,146.07594720025386,146.1708526611328,4270500
2021-03-11,148.83678982466793,151.50276525342824,148.8022847379362,150.94195556640625,5002700
2021-03-12,149.27684596002848,150.20864149227816,147.3183494293317,149.75137329101562,3514600
2021-03-15,149.66506164342994,151.06274808702113,148.18971571364006,150.90745544433594,3876500
2021-03-16,152.06356958068994,154.27226386084664,151.70120690955704,152.83143615722656,4132600
2021-03-17,151.36470266743387,155.45423300537564,150.4846716524313,154.73814392089844,4004800
2021-03-18,151.98592997041138,155.10053764838597,150.32940918713322,150.4329376220703,4214400
2021-03-19,151.58041409629286,153.61655653361737,148.785028089671,151.8306121826172,8447300
2021-03-22,153.823640518233,156.75707372118416,153.3577493507178,155.38526916503906,4476100
2021-03-23,156.94683330273196,157.51626589385364,153.32319409852335,154.24635314941406,4688500
2021-03-24,155.29033073925072,157.61981241207295,154.2463708689329,154.3498992919922,5056100
2021-03-25,153.1679031796828,154.82442374335264,149.9066262629492,153.9961700439453,4878500
2021-03-26,153.36634595903334,162.9517434042764,152.71926695912455,162.37368774414062,6363500
2021-03-29,159.48346012949682,161.94235321170666,158.52578237867442,160.6309356689453,4983600
2021-03-30,162.64117626333572,162.64117626333572,159.2849930643959,160.42385864257812,4458700
2021-03-31,161.85604520377728,164.314937698375,160.9328727719941,163.0552978515625,5427500
2021-04-01,164.884348768298,166.11810634423125,163.9439304973601,165.7039794921875,4581300
2021-04-05,167.37773969386652,170.46646451129865,167.05851832060563,169.90565490722656,4323900
2021-04-06,167.56760408628372,169.82806285338043,166.5495261274948,167.88682556152344,3506900
2021-04-07,167.774658023478,167.80054013169504,165.22946995337773,166.5926513671875,3678900
2021-04-08,169.1809677926868,169.1809677926868,166.81698080583763,168.41310119628906,3157200
2021-04-09,166.78245405280853,168.72369106257608,166.29068085605923,168.6115264892578,3127300
2021-04-12,166.20441180502615,167.99897929868862,165.08280547587998,166.02322387695312,4504800
2021-04-13,165.77299519473743,166.5149795681118,163.71959382461552,164.9965057373047,4009300
2021-04-14,164.32354456647917,165.22082156468608,163.0725147590404,164.2113800048828,3555000
2021-04-15,165.5917945213241,166.97223474451414,164.63413040799236,166.66163635253906,4471900
2021-04-16,167.08444786141956,168.0507483996002,165.34164453518022,165.5918426513672,5792900
2021-04-19,164.22864859349696,164.87572756641876,161.09678215180168,161.39012145996094,5334900
2021-04-20,161.3211122339364,161.3211122339364,158.99163036062757,159.8457794189453,4258900
2021-04-21,162.1148585883356,163.18470064103838,159.5783198877326,162.97763061523438,4796500
2021-04-22,161.04502399421787,162.8827193942953,159.4143854477515,160.30303955078125,3853100
2021-04-23,161.35565310834343,163.93533344217707,160.9156308810732,162.9086456298828,3512400
2021-04-26,162.9431369206002,165.8075334044736,162.10624694279983,165.10006713867188,3842300
2021-04-27,164.8411973382069,166.09221396198598,163.73685035785047,164.10784912109375,3864100
2021-04-28,156.71392635139816,158.75006906821523,155.29898061021055,156.86923217773438,9434200
2021-04-29,158.43083955874985,160.51874639010524,157.58531345074888,160.3203125,4547300
2021-04-30,158.0473675001966,158.67199315671186,155.40139889241254,156.5985870361328,6193600
2021-05-03,157.44878134091132,157.71771481571406,154.03936516795565,155.1151123046875,5136100
2021-05-04,154.6466008489575,155.50546424544294,152.27823681549006,155.31460571289062,5222300
2021-05-05,157.0323488740143,158.91489635682152,155.70502270762248,157.5875701904297,5257100
2021-05-06,157.83043426949658,160.35496106665337,156.11272087362923,159.8604736328125,4525800
2021-05-07,161.9686148188852,163.18317050886873,160.85817222305562,162.88819885253906,4591400
2021-05-10,162.4804400858305,162.4804400858305,157.73504119525924,157.9345703125,4580400
2021-05-11,154.77675343218536,159.21852354350577,153.90921937997314,158.93223571777344,4641300
2021-05-12,155.8872204339412,156.24291262819563,152.92025509807115,153.20654296875,5297900
2021-05-13,156.14745652479425,156.70267778053682,153.7704084912145,155.27992248535156,4361000
2021-05-14,156.76341192754907,160.42440695172348,155.72237363708928,158.99298095703125,4433500
2021-05-17,158.1081023764068,158.2208860544378,155.1584914953944,156.87620544433594,4162300
2021-05-18,157.1191237108497,157.76977437832258,154.93293376163479,155.17584228515625,3454100
2021-05-19,152.0266975363583,157.8304901981517,151.81848456344935,157.6483154296875,4780000
2021-05-20,158.13411736385723,161.82980792686317,158.13411736385723,160.7540740966797,5387000
2021-05-21,161.95995142774532,161.95995142774532,159.74773671350042,160.5024871826172,3682300
2021-05-24,161.75175637894782,164.26761361712587,161.75175637894782,163.69503784179688,4175900
2021-05-25,164.3717098905739,164.55388466394814,162.99233365636783,163.70370483398438,4270100
2021-05-26,163.14844381451636,164.64060337082685,162.16812614713882,163.40870666503906,4221600
2021-05-27,163.73841389176891,164.87488160504338,162.9923339310474,164.07675170898438,10107700
2021-05-28,164.87485261588017,165.72503229779363,164.19817710042588,164.67532348632812,3306500
2021-06-01,166.0286943085255,166.5925862261158,163.13112010942555,163.96395874023438,4817300
2021-06-02,164.39768399979778,165.577530704706,163.39134143788712,165.4821014404297,3137900
2021-06-03,162.82747813791377,162.97495734712777,160.4070505741458,161.36134338378906,4205300
2021-06-04,162.9055966468573,165.16119121673745,162.645333698406,164.8922576904297,3462900
2021-06-07,164.13743919935428,164.6579649230517,162.80144259022543,163.57354736328125,2726100
2021-06-08,164.80547858410165,164.80547858410165,161.456795929808,162.1681671142578,3063600
2021-06-09,163.174494977414,163.2092037564002,161.50883099913204,161.75173950195312,2866900
2021-06-10,161.6562801731894,163.87716506482747,161.27456310040446,163.0963897705078,3188700
2021-06-11,163.16584655800736,163.73842235134552,162.1768580229334,163.6776885986328,2309400
2021-06-14,163.3219540104184,165.13511021903483,162.289599619771,165.05702209472656,3360300
2021-06-15,165.23055376316466,165.46477844376122,163.2005138686871,163.6256103515625,2600100
2021-06-16,164.7533830797327,165.2565543820129,161.6215848489585,162.86215209960938,3357900
2021-06-17,162.4370762358393,164.423723336278,161.53483343333326,162.79275512695312,3222300
2021-06-18,161.3700123886484,161.63027526488332,158.32497247800322,158.81947326660156,7535200
2021-06-21,159.84317300167544,161.91657916674177,159.07106810935,161.456787109375,3771200
2021-06-22,160.9188978579596,162.4717780037756,159.92122574456917,162.26356506347656,3299700
2021-06-23,161.7777741120858,162.6453083131722,161.35269082556715,161.4481201171875,2473300
2021-06-24,163.13979336400212,163.7036852450947,162.61926759874734,163.6256103515625,2876700
2021-06-25,163.1397813751931,165.04835364500337,162.53251018536972,163.24388122558594,4639100
2021-06-28,163.9379432416308,166.89623812019056,163.9379432416308,166.15882873535156,3228700
2021-06-29,166.15015478180442,167.44277227628086,165.63829953992624,167.3300018310547,2108700
2021-06-30,167.29529064275695,167.4340992906766,166.1241274244282,166.8268280029297,2687600
2021-07-01,166.58389299153146,166.98295124392595,164.88352041877468,165.56019592285156,3455900
2021-07-02,167.11309625036725,167.26057545739226,165.620936554265,166.7487335205078,2389900
2021-07-06,167.06969871031305,167.23453228772578,164.44107175872625,165.87249755859375,2619600
2021-07-07,167.23457229555927,167.42543087953683,163.9466102477363,164.64064025878906,2749500
2021-07-08,162.71471158719186,164.2242258528437,160.81480958107596,163.3046417236328,3146900
2021-07-09,163.2438926697839,165.58623213046596,162.228879344739,165.0657196044922,3109200
2021-07-12,165.30862909887588,166.5839053133932,164.90955757944374,166.4971466064453,4069500
2021-07-13,165.8985225194991,166.96559886669164,165.4560849465898,165.87249755859375,2695100
2021-07-14,167.4340693949437,168.37967831970334,165.4647634214616,165.94190979003906,3590200
2021-07-15,165.2392474583011,165.94194807344942,162.5759109922212,163.32199096679688,4259900
2021-07-16,164.19819465617115,165.03970385286596,161.12711630766094,161.4654541015625,4337500
2021-07-19,159.8691920612707,161.6476397158106,159.0797328079718,161.56956481933594,4181300
2021-07-20,162.2809108690327,164.12007874642632,161.15311400104815,162.89686584472656,4287300
2021-07-21,163.4867820545552,168.518481975988,163.4867820545552,168.5098114013672,6352800
2021-07-22,161.1358069466906,162.80147102087713,159.21855054169012,159.5482177734375,12673900
2021-07-23,160.68227852139495,163.07257043816605,158.91136356982565,163.00279235839844,5983000
2021-07-26,161.70297408683032,164.869690657653,161.6593527976847,164.23284912109375,4516600
2021-07-27,163.58730445875548,163.86645675311965,158.9724462105113,161.50233459472656,4649900
2021-07-28,162.54043603969393,163.56982910810115,161.40634922894176,163.00279235839844,2956700
2021-07-29,163.86642171275204,166.15204635889646,163.53492926603857,165.60244750976562,3081800
2021-07-30,164.44223088913068,166.57954104213073,164.328818194403,166.29165649414062,2521600
2021-08-02,167.84442428141696,168.89128168479195,166.10841193313166,166.37884521484375,2922600
2021-08-03,166.5620721076518,167.01570952685498,163.5175006554333,165.1750030517578,3703400
2021-08-04,165.65478392030153,168.69063595117197,165.09646615242482,167.82699584960938,3793600
2021-08-05,169.06577936984996,169.153008625925,167.13783044513931,168.50746154785156,2769500
2021-08-06,167.81829790755776,168.9174958052615,167.661277242942,168.3330078125,2414300
2021-08-09,168.612156853186,168.8302499796322,166.03866062339034,166.14334106445312,2395900
2021-08-10,166.221860871057,166.221860871057,162.97664721097777,165.44544982910156,3497100
2021-08-11,166.7714817332765,166.7714817332765,164.00606196662682,165.3146209716797,2339300
2021-08-12,164.74754323150765,164.93073399245878,162.40085920087267,163.89260864257812,3949600
2021-08-13,163.60474385560028,164.68649062083088,163.13366853074032,164.61669921875,1923700
2021-08-16,164.43352203005637,165.71591086269643,164.09329723637737,165.6199493408203,2506100
2021-08-17,164.48583800313713,164.65159090842224,161.47615553188248,162.5404510498047,3411800
2021-08-18,162.00830623795653,162.74981489173678,160.1326973367161,160.34207153320312,2862500
2021-08-19,159.42608555807183,162.2351262700221,158.73691709172266,161.42381286621094,3871700
2021-08-20,161.6157140852074,162.40085727113885,159.92332272640672,161.36273193359375,3855300
2021-08-23,162.08678659376164,164.56432089293227,161.88614467882735,163.87515258789062,3529000
2021-08-24,163.93622828113672,165.3407484501614,163.59600356001135,163.8489990234375,3268200
2021-08-25,164.3287969166155,164.98307626514332,163.42153541031647,164.08453369140625,3163600
2021-08-26,163.70940982208842,164.5207097747685,162.75852708894297,163.97984313964844,3643700
2021-08-27,164.35498313886475,166.44868524622692,164.05837966651012,166.2044219970703,2859800
2021-08-30,166.96334094400206,167.74847072228434,166.3701341446502,166.99822998046875,2356500
2021-08-31,167.5827419764353,168.10615742529194,164.9743437299562,166.54461669921875,4227500
2021-09-01,167.30358669228605,167.30358669228605,164.15432162858036,164.3113555908203,4536600
2021-09-02,165.0616273834463,165.2448181771776,164.04093971583066,165.23609924316406,2061400
2021-09-03,164.59051110854517,166.4748388246273,164.18049498574914,165.64608764648438,2103400
2021-09-07,165.16629617139108,165.83802676077758,164.4247741807769,165.2797088623047,2295900
2021-09-08,164.44218882961292,164.91326404406902,163.23831072072568,164.7039031982422,2021600
2021-09-09,165.45418690254397,166.30038937099815,164.23285730236867,164.4160614013672,1827900
2021-09-10,165.17500422537816,168.76045569528122,165.17500422537816,166.31781005859375,3331700
2021-09-13,168.332998498273,169.35367269584444,166.83251677756607,169.22280883789062,3687200
2021-09-14,170.11264139562198,171.2816173776683,169.06579703391859,170.20860290527344,3239600
2021-09-15,171.09841781144465,172.37207417081382,169.96433093147587,172.29356384277344,3995900
2021-09-16,171.49969265750977,172.15397197939376,169.98177315000092,171.70034790039062,2661500
2021-09-17,172.1277918147196,172.1277918147196,169.7723890558229,171.2030792236328,5819300
2021-09-20,168.26318831474651,169.0134290913283,165.54137744712511,168.01019287109375,4614300
2021-09-21,169.20538033507208,169.6677367071274,166.48356901293036,168.3330078125,3093400
2021-09-22,169.894547919039,171.59567166725523,169.0134564677445,170.91522216796875,3526100
2021-09-23,171.24670590128466,173.68935129951547,170.80178745511563,173.31422424316406,2756900
2021-09-24,172.18012370887513,175.2770481641634,171.9620306248597,175.04150390625,3191500
2021-09-27,172.93038740449052,174.86705531252144,172.441860961266,174.7623748779297,3022300
2021-09-28,172.28482078114078,173.69805973332984,169.7200439335786,170.0166473388672,4274600
2021-09-29,169.70259602483426,170.8279638361806,167.59145648737248,168.42893981933594,3436800
2021-09-30,169.65900221208824,170.103920711961,167.58276468762514,167.67872619628906,3270800
2021-10-01,168.74298276483708,169.52812589220648,165.90777253503086,169.05703735351562,2986100
2021-10-04,168.4027635491986,169.57175269091675,164.90455499006688,166.09970092773438,3934100
2021-10-05,167.69616694490804,170.30456558971952,166.34398686734556,169.13558959960938,3860200
2021-10-06,167.53914165257717,169.8160344149957,167.14657668899082,169.5804901123047,3103400
2021-10-07,170.8192275564088,172.5116320435668,170.1387781889828,170.38304138183594,2873200
2021-10-08,171.14202516773506,171.30777806723088,169.2315406355845,170.32200622558594,2574100
2021-10-11,170.01668381632237,171.18565982539243,168.6383336055321,168.690673828125,2280200
2021-10-12,169.17049866149827,169.4409320467413,163.4302851638511,164.42478942871094,6225100
2021-10-13,165.0179712982279,165.20989429685721,162.714908626023,163.22088623046875,3796500
2021-10-14,165.2011926258282,168.0015144885373,164.8173465575342,167.92300415039062,3412800
2021-10-15,168.2457738305536,169.93817874061577,168.05385080087547,169.63284301757812,2648900
2021-10-18,168.51620090886547,171.0373570013688,167.16402081798546,170.0341339111328,2804600
2021-10-19,169.772405351685,173.20082273768443,169.10067482880962,172.93038940429688,2666100
2021-10-20,172.81697342970577,174.4919267983307,171.90097977041268,173.93360900878906,3043300
2021-10-21,174.1691782919368,175.85286427409272,173.6021414459244,175.59986877441406,3276300
2021-10-22,175.82667273195693,176.41116068531065,172.85187943583125,173.66319274902344,3649200
2021-10-25,174.47448447662086,176.44604135912184,173.65445226976527,174.64895629882812,4254900
2021-10-26,174.54427994098126,174.82343220075788,171.41246606626436,171.8399200439453,5837500
2021-10-27,161.94721663150577,164.45965347803724,160.12396145587417,163.22088623046875,10365500
2021-10-28,163.80537938400286,165.4018225718848,162.46191835074063,163.89260864257812,5123000
2021-10-29,163.60292283768342,165.33208190606814,163.46248039510846,164.55966186523438,4552200
2021-11-01,163.9014126084735,165.51647449896814,163.33088339378793,164.5509490966797,4203900
2021-11-02,163.39231162382816,166.21865306961303,163.35720769858008,166.19232177734375,4009600
2021-11-03,165.61302539794085,166.86820850998498,163.84876164856522,166.06068420410156,3666900
2021-11-04,166.3327552569606,167.84247843418956,165.38478860660763,167.7459259033203,4828000
2021-11-05,169.9753872724669,171.5377729754958,168.36912501515673,169.75595092773438,4510500
2021-11-08,170.31771500420078,171.49390404317413,168.28135259911045,168.84310913085938,5213900
2021-11-09,169.08010385948552,170.23872084468636,167.11394930500472,167.4650421142578,4314700
2021-11-10,166.4556334354444,167.6230363988015,163.68195481844558,164.15594482421875,4304600
2021-11-11,165.57787430498396,165.73587542489818,164.34903623156444,165.5427703857422,2554800
2021-11-12,165.81488216880646,168.3866696912879,164.41048421009197,166.8418426513672,3121700
2021-11-15,167.8424823894686,168.44812887979967,165.455013745651,166.09576416015625,2985200
2021-11-16,165.98164332500593,166.99104507324128,165.15656059143524,165.47254943847656,3312000
2021-11-17,165.37603804793548,166.98231397043395,164.35785002165224,166.39422607421875,4167800
2021-11-18,167.27195688170502,170.4230598336794,166.89451937356733,169.81741333007812,4677300
2021-11-19,170.18605609395087,171.37979038086456,169.07131567911267,171.30079650878906,5129100
2021-11-22,171.77478625066578,172.83686416521667,168.72023575719106,168.96600341796875,4712300
2021-11-23,169.94029660170793,169.9754005265365,167.1841764326886,169.08888244628906,4881400
2021-11-24,169.28196692226138,169.99293850520772,166.85939460382724,169.93150329589844,6494000
2021-11-26,166.64875233092673,168.9835584515481,164.4631613301948,165.24435424804688,3324900
2021-11-29,167.71081486042988,170.92335274691777,166.60484711863515,170.61614990234375,4576200
2021-11-30,169.6769811094407,170.89704682336233,167.6493911396381,168.85189819335938,8775600
2021-12-01,171.80113346335332,175.461330814822,168.2023847294397,168.3164825439453,7279100
2021-12-02,167.17539433360722,171.08135867457966,166.77162555761225,169.91395568847656,4236700
2021-12-03,170.83560038625092,172.06443865292516,168.24624060671235,169.73841857910156,4901000
2021-12-06,171.30958954177714,171.3798107897617,166.56098311932274,170.81805419921875,4084600
2021-12-07,172.38920276954568,175.42620795038704,171.97666133239863,174.6976776123047,5815600
2021-12-08,174.23244475885573,174.23244475885573,170.16847967080605,172.38040161132812,4255900
2021-12-09,171.66067018614433,172.82805975398946,169.6242944782275,169.75595092773438,3626700
2021-12-10,172.05564459436098,172.35407479434292,169.2380761714006,172.0380859375,3264200
2021-12-13,172.12587664766605,172.68763316254888,169.32586670556844,169.6155242919922,6178300
2021-12-14,167.62305563284366,168.24624742429086,165.1565929733605,167.00863647460938,6130400
2021-12-15,168.5271211089063,170.0280716743487,164.9020282283536,169.79107666015625,6342000
2021-12-16,170.28261555934395,170.48449326064718,164.77037526115757,165.226806640625,5452300
2021-12-17,164.47190750730454,166.2273979889081,162.93585333590138,163.52394104003906,8427700
2021-12-20,161.19794033797686,162.43556458929675,160.42553347913795,161.7158203125,4474300
2021-12-21,164.51581140940277,164.56848738300627,161.71581487607486,163.5854034423828,6089400
2021-12-22,163.25189578504668,164.14718658156195,161.64561985953324,164.07696533203125,3375500
2021-12-23,164.3490271142506,165.84119137586185,164.13836343049508,164.4894561767578,3266500
2021-12-27,165.08634015792967,168.48321023505474,165.07756752639432,168.38665771484375,3405600
2021-12-28,169.229285819022,169.2819483907595,167.10514393452206,167.73712158203125,2806900
2021-12-29,167.99171424717935,169.65065274138334,167.4387302846668,167.4826202392578,2754900
2021-12-30,167.53528515420706,168.41303068488276,165.90267793141686,166.2537841796875,2109200
2021-12-31,166.2537632578598,166.77162984138857,165.25313401454474,165.42868041992188,2813900
2022-01-03,165.73590818237577,167.31583933380625,164.54217379225804,167.2982940673828,3781500
2022-01-04,167.64936230978395,168.6148875547644,165.19167264437743,167.47381591796875,4137500
2022-01-05,167.13147949115677,168.18477113281068,163.83114871575668,163.98037719726562,5047400
2022-01-06,163.84872524796748,165.47255952629462,163.07630504292564,163.92771911621094,4502600
2022-01-07,159.72333460406668,161.5578193112097,157.0286497450585,157.5026397705078,7414200
2022-01-10,156.1508827106639,160.82926674283496,155.25559215246005,160.59228515625,7195800
2022-01-11,160.1885653374755,163.33089606198064,159.05627945363665,162.0669403076172,5239300
2022-01-12,163.26067126860966,164.436847083779,161.85627304014818,163.28700256347656,4240100
2022-01-13,165.86753390790102,166.4468490325086,161.16281846502227,161.6367950439453,5361100
2022-01-14,160.8555956926683,164.3139142495824,160.6273867407557,164.1471405029297,4731400
2022-01-18,161.1628252935456,161.82113431031135,159.1001183503471,159.99542236328125,7382800
2022-01-19,161.01356237779277,161.13644615536583,156.4054006288121,156.501953125,5207300
2022-01-20,156.92330285537795,158.48568840987517,152.18348361709,152.2449188232422,6057800
2022-01-21,152.78038155427888,157.5992092329265,152.1396310811619,154.16722106933594,11527900
2022-01-24,154.29008332331122,156.78287701232023,150.19978659838898,156.537109375,11717600
2022-01-25,153.52642120678772,156.24742338047741,151.8850285212221,152.69256591796875,8157600
2022-01-26,159.98663892321105,160.84682556354116,154.64115988926244,156.5283203125,12852700
2022-01-27,158.78412553673616,158.88946408426358,151.93772264734486,153.43865966796875,6752900
2022-01-28,153.57117306833078,156.8049977258281,149.66584936256422,156.6459503173828,7322100
2022-01-31,156.99056209936666,158.72234152537112,155.3648187897453,158.58981323242188,6980800
2022-02-01,158.67813032876197,160.5159320346609,156.06280698415196,160.18017578125,6233700
2022-02-02,160.40994073437983,166.3297760156916,160.35692941707632,165.96751403808594,8993800
2022-02-03,163.67029450374415,164.8277533671436,154.51663276398682,155.14395141601562,11691400
2022-02-04,152.39605709676061,152.65229642807577,148.00477342002807,151.45948791503906,11408600
2022-02-07,152.39606015949545,152.41373509215384,149.2417655221535,150.16065979003906,6418900
2022-02-08,150.2313542117643,153.02340051465842,148.8795116533551,152.5286102294922,4622000
2022-02-09,153.97766117833774,156.56647972671573,152.90855003331208,156.133544921875,7140600
2022-02-10,152.11334662709976,156.23956081802712,149.97513791149004,150.7880096435547,7583400
2022-02-11,150.14298630167983,151.406481099453,144.59424381162663,145.2569122314453,7564200
2022-02-14,144.8504821736232,146.3613586106866,142.28815621172492,143.55165100097656,7468000
2022-02-15,145.6191918790833,147.3509714918428,144.97419831380137,146.82083129882812,6969700
2022-02-16,145.60146495744564,149.28591236752655,145.10667481104235,148.64974975585938,4594300
2022-02-17,146.73247789670495,147.89876740126525,145.0802153323763,145.47781372070312,6807700
2022-02-18,146.00792639798792,148.5349022443686,144.93881552827904,147.32443237304688,6359100
2022-02-22,146.7236124265034,151.2120878615497,145.79587400016504,147.28025817871094,7293800
2022-02-23,148.45539583068665,150.16950024104267,146.11395940587195,146.35252380371094,5893900
2022-02-24,144.7091355073524,150.1430120903839,142.42072340687108,149.8426055908203,7754800
2022-02-25,149.96627870735117,151.06189535772216,147.67786698027714,150.9293670654297,4830100
2022-02-28,148.99435996726527,150.68194516241113,147.54532567721003,150.1959991455078,5656600
2022-03-01,149.63938104829103,150.21368834638125,145.23042184462057,147.81040954589844,6049600
2022-03-02,148.87069916428862,151.53903474073945,148.29637834849004,150.29322814941406,5304100
2022-03-03,151.7245722262799,152.63463583606028,149.5951943314629,151.08840942382812,5154200
2022-03-04,149.74538536770189,151.7598962507006,148.56142104703173,150.18716430664062,6804700
2022-03-07,150.96470698133277,151.06189889196236,145.57499826828138,145.6898651123047,7064800
2022-03-08,145.63687317483596,152.5904706269745,143.48098940272024,147.85459899902344,7486500
2022-03-09,152.50214609129839,153.73029141279883,149.71009902822342,152.37844848632812,6047300
2022-03-10,149.7454051376144,153.22662579317816,148.9590390617656,152.6346435546875,6079100
2022-03-11,153.65072319286904,155.00256578731506,150.15184123619383,150.52293395996094,4869700
2022-03-14,150.16947936658536,151.66268062173168,146.7501017462839,147.30674743652344,4863200
2022-03-15,148.95018839632223,152.53743121677962,148.34053130458497,152.25469970703125,5138600
2022-03-16,153.52700982452146,155.92145757162956,151.46831838048246,155.79776000976562,5660400
2022-03-17,155.36479165770342,157.6973835804252,154.83466509646107,157.6885528564453,4930700
2022-03-18,157.45001606995652,159.34967365607127,155.27647117227335,159.1287841796875,9031500
2022-03-21,158.41309426122746,160.1095373394817,157.03474605691687,159.44686889648438,5030600
2022-03-22,159.81800496861533,161.46142369242276,159.0404694702895,161.11683654785156,3802900
2022-03-23,160.80752632861083,161.6910841655812,158.18335847424694,158.2275390625,4821100
2022-03-24,159.34082985887963,162.8662307645725,158.7135112942674,162.7602081298828,4169400
2022-03-25,163.1666279969508,164.51847044094615,161.8677968673046,163.36984252929688,3738800
2022-03-28,161.83250999646108,164.1562587058438,160.81641005981695,164.05906677246094,3117000
2022-03-29,166.08237680122946,169.0599625608522,165.4815504284907,168.7683868408203,5835700
2022-03-30,167.87601560084016,168.67121238719213,164.96911578910598,165.62294006347656,3865700
2022-03-31,166.22377193206646,166.6567067263776,161.85014901808717,162.11521911621094,7170700
2022-04-01,162.9545725229047,163.35218435253688,158.81952813653467,160.8782196044922,4631700
2022-04-04,160.40994505274224,162.00035202478136,159.5440620554192,161.43487548828125,4644800
2022-04-05,160.48061014968783,160.67499394742487,155.83308741727672,156.54876708984375,6956500
2022-04-06,154.62262109237264,158.69582325014403,154.46358715347705,156.61062622070312,6932900
2022-04-07,155.72706763458018,158.09499614908555,154.88769039196143,156.9198760986328,4178500
2022-04-08,156.5576332614611,156.6548251739656,153.58887804917052,153.83627319335938,4504500
2022-04-11,152.65229997686464,154.1278400309392,151.77757281483426,151.9189453125,4347800
2022-04-12,154.99372299611863,155.83310029277783,152.3165436757505,152.8555145263672,4550800
2022-04-13,153.12945656933712,155.05562029353158,152.3342596492184,154.71986389160156,5229100
2022-04-14,154.543122350539,155.6033891809641,153.3238080804368,153.4386749267578,4578500
2022-04-18,152.8555425806298,156.9022400656364,152.8555425806298,156.00100708007812,3564000
2022-04-19,154.9848885655348,158.45726450877123,154.82584113894654,158.20986938476562,4671900
2022-04-20,160.4541636339901,162.27429124546063,158.22759334598408,158.5279998779297,4553700
2022-04-21,160.2420548374287,161.9031479368576,156.1865274752509,156.59295654296875,4735000
2022-04-22,156.66364121228042,156.94638619743074,152.7936534906788,153.12940979003906,6355900
2022-04-25,152.9085315321514,154.77283928329166,151.680386562198,153.65956115722656,8737600
2022-04-26,151.4683528165772,152.40493569164676,148.7646672911422,148.82652282714844,9591700
2022-04-27,141.85522937441448,151.90127879625499,141.81104878119308,149.66587829589844,12570400
2022-04-28,150.25784959634842,156.28372075640988,150.19600755594354,155.3736572265625,8233600
2022-04-29,153.77442964776617,155.53271493570065,150.1430056987333,150.42575073242188,6698600
2022-05-02,150.69081760255818,153.84511261016942,148.50842829287217,153.7390899658203,5851500
2022-05-03,153.6331054417139,154.43713316423595,151.9720116972852,152.44912719726562,5438600
2022-05-04,153.0145722088009,156.27490347627167,147.84576585478368,155.7094268798828,10311500
2022-05-05,154.09249426891276,154.60495947508016,149.01203628121263,150.45223999023438,7740400
2022-05-06,149.3046937284541,151.29732564816427,147.4366140290644,148.957763671875,5724800
2022-05-09,147.76575050770103,149.85623521246134,145.9777284396278,146.72496032714844,7929700
2022-05-10,149.78506110284718,151.97338489264516,147.93476301326467,149.6605224609375,7033300
2022-05-11,148.31728680864575,151.5286195599514,146.10227688118178,146.50257873535156,5892800
2022-05-12,145.79091167238013,148.06819753079978,144.70564050958728,147.5789337158203,5936100
2022-05-13,149.81174914482997,151.83105332678366,149.0734080522593,150.994873046875,5329900
2022-05-16,149.50927802365416,151.3506715247568,148.40621193244678,149.89178466796875,3648900
2022-05-17,153.0942792151349,155.771867379707,152.4004189788179,155.65621948242188,5851300
2022-05-18,154.2506875282996,155.59394042749608,150.94150202600875,151.4930419921875,5747200
2022-05-19,151.10162552119115,151.8844476557829,148.6998009226059,149.10899353027344,5399600
2022-05-20,149.9807470060968,151.49300562398147,146.0755550489178,151.05711364746094,6278300
2022-05-23,151.46632673222527,152.01785301774785,149.65160544809802,151.1638641357422,5384100
2022-05-24,149.7050012310934,150.76358655442178,147.9970367667004,149.32249450683594,5121700
2022-05-25,149.52709710917563,152.09794147110156,148.56636451242085,151.2350616455078,4712100
2022-05-26,151.5108272529548,155.52276342752444,150.59456215031489,154.9000701904297,4536600
2022-05-27,156.13657626011965,158.65404883278913,156.13657626011965,158.31600952148438,5857900
2022-05-31,157.2218424829756,158.6006584219968,154.61540799363925,157.2396240234375,9408000
2022-06-01,157.90680534152995,157.9779722276448,153.6279964198788,155.15805053710938,4681600
2022-06-02,154.7844509555825,157.27523793857267,153.35224945839045,157.20407104492188,6521600
2022-06-03,155.55831857978023,156.11874920255053,152.99637910502886,153.298828125,4485500
2022-06-06,154.47306136074383,155.01569692092187,148.89549480915795,149.2335205078125,5603800
2022-06-07,147.77462316499992,151.29730867591496,146.9918147198911,151.09271240234375,4416100
2022-06-08,151.0037852169208,151.0037852169208,146.57375160736268,147.10748291015625,5112600
2022-06-09,146.7872266896249,148.31728073177155,143.62927941213246,143.73602294921875,5353200
2022-06-10,141.5832720543429,142.7130106563252,140.266705119816,140.3556671142578,6511000
2022-06-13,137.79374358535358,139.5995611598846,136.2281125889531,136.57504272460938,7765000
2022-06-14,138.01612888787216,138.71889347342028,136.13914450084042,137.06430053710938,4772600
2022-06-15,138.52316989956097,140.4713209263607,136.38821767971461,138.70108032226562,5442100
2022-06-16,134.78700746105093,135.71214987700125,133.6127741450448,134.653564453125,6843700
2022-06-17,135.07166504914696,136.2903794003115,132.63426349421107,133.61277770996094,11262500
2022-06-21,135.05388425912997,137.50908094401774,134.97381302231335,136.5127716064453,6283100
2022-06-22,135.17843534513491,136.93977196407016,134.4667799356193,135.7477569580078,4242900
2022-06-23,135.95232755532726,136.29036686489854,132.76768072058962,134.44895935058594,4318200
2022-06-24,136.11244261936943,138.88789682836213,135.64987822928344,138.72776794433594,6425900
2022-06-27,139.65290289659205,140.21331997227293,137.99831040320979,138.43418884277344,5762300
2022-06-28,139.4305489312383,141.43207198917239,137.06430063617114,137.13546752929688,4687500
2022-06-29,135.6053726303835,136.36149519260834,134.27102432490008,135.90782165527344,4348300
2022-06-30,135.649922242782,137.94500411806263,134.22661123411658,136.6818084716797,6807900
2022-07-01,133.74621858082133,135.46307399682112,130.78396294603183,132.13609313964844,8740200
2022-07-05,129.63638637426166,133.159071994615,128.50664787639437,132.6342315673828,8486400
2022-07-06,133.4348646691794,135.24957285625385,131.9848681295248,134.15541076660156,5238200
2022-07-07,136.24588391933966,138.23850237165047,136.24588391933966,137.60691833496094,5169400
2022-07-08,135.87224411703042,138.6387934619086,135.34739013763516,138.3541259765625,3467500
2022-07-11,137.09986973861436,137.90048706187423,135.76552110687743,136.60171508789062,4051100
2022-07-12,138.74555244768266,139.18144449307184,136.72623466621053,137.40231323242188,4085100
2022-07-13,135.17840727572764,138.0694957479291,134.92042562616965,137.25108337402344,3755400
2022-07-14,137.10875304752759,140.85381669808274,136.0679629032987,140.41793823242188,4758800
2022-07-15,141.61883743285355,142.96209014403036,140.23111730169072,142.81085205078125,7466100
2022-07-18,143.86053831721694,144.68782774313263,141.45871410563487,142.03692626953125,4088700
2022-07-19,143.54029498456492,147.38321102978819,142.90869748354842,146.45806884765625,5390800
2022-07-20,145.79093775489562,148.66423147517108,144.59001850088768,147.07191467285156,5889100
2022-07-21,147.65011501983713,148.39736054375766,145.60411114057763,148.1482696533203,5466700
2022-07-22,149.18906121780913,149.18906121780913,144.8835531533804,145.7998046875,5269700
2022-07-25,145.71086888945322,145.76424066131565,143.46026868461612,145.1771240234375,4201400
2022-07-26,146.04885855097453,146.04885855097453,142.8642259779927,143.0777130126953,6080600
2022-07-27,148.36174218056541,152.99638469465165,147.28537546025777,152.5960693359375,11623100
2022-07-28,152.9341031633977,156.41230761778976,150.86141386490638,156.3411407470703,6468800
2022-07-29,156.18892542115526,160.5227913963517,155.85762265104046,160.18252563476562,6624000
2022-08-01,159.3319085285378,160.37955401957538,158.2663507138732,160.1019744873047,4865700
2022-08-02,158.93788212624276,161.11375755988195,157.99768347118655,158.68716430664062,4442500
2022-08-03,159.394574115191,164.87458353916676,159.26026585167895,164.28359985351562,6201100
2022-08-04,164.55221435222637,166.54005844124174,164.05972799447972,165.572998046875,4533900
2022-08-05,162.99417629885835,165.35809723953233,162.59123786888745,165.02679443359375,3690100
2022-08-08,163.41502461481366,165.17006321970027,162.18829702140343,163.68365478515625,3547300
2022-08-09,161.12272405824777,161.3555295634896,157.68429646049276,159.1259307861328,5306400
2022-08-10,162.4748114362899,164.26566086223545,160.6302387136615,163.9701690673828,4276500
2022-08-11,164.24778488492234,166.25354160450397,162.6628926297059,163.02105712890625,3858300
2022-08-12,164.02392033188272,166.5311126883287,163.89856139721536,165.99386596679688,4160900
2022-08-15,165.54613821794786,166.23560546328042,163.82692427452602,166.01174926757812,2863400
2022-08-16,165.474518366346,165.65360060735574,163.3254904849316,164.1851043701172,4541600
2022-08-17,161.72271239357315,162.0271536193178,156.59193088684805,158.23056030273438,6869000
2022-08-18,158.32005675082522,161.47195587346664,157.41568262126108,159.79751586914062,4390400
2022-08-19,158.45437129412142,158.91998233116468,156.8067793543381,157.99769592285156,4569500
2022-08-22,157.12018798473,157.12018798473,153.21613537889263,153.51162719726562,4919000
2022-08-23,152.5266503894269,155.70541102109198,152.47292708990483,154.4786834716797,3663900
2022-08-24,153.48478196688978,154.5413767670499,152.8937982669192,154.18321228027344,3037800
2022-08-25,155.49051828962573,158.94685872497075,155.13235381819985,158.7677764892578,4350000
2022-08-26,158.93791215226705,159.32293828257374,151.71182699640883,151.76556396484375,6583500
2022-08-29,152.1684893308795,152.67887435077458,150.21645620526348,150.3776397705078,4625800
2022-08-30,150.6283251493047,151.1924470114216,147.5301500658829,149.3031005859375,5343300
2022-08-31,149.41954617008582,150.0642531802575,146.8675934459973,147.9331512451172,6489900
2022-09-01,146.26764154312795,149.06136245139592,145.22894553150607,148.78378295898438,5593800
2022-09-02,150.43134705713192,151.129777218278,145.39906470038775,145.9542236328125,4466200
2022-09-06,146.05272679431576,148.4524584883993,144.91553357293594,146.0437774658203,5057000
2022-09-07,146.5541832372775,149.9388880697779,146.38405033005625,148.47935485839844,5332400
2022-09-08,147.96001245342794,150.9149036342081,146.73327107390645,150.7985076904297,5473200
2022-09-09,151.71182390293393,153.94143667060445,151.64915126901965,152.8848419189453,5196200
2022-09-12,153.3414642202511,153.58323269023583,151.51480403049877,152.7415313720703,5216800
2022-09-13,148.7121372190538,149.8403674329868,145.0588027690036,145.6408233642578,7928700
2022-09-14,147.055603610532,148.9360010602806,146.00795828730546,147.97789001464844,4792600
2022-09-15,147.04666363179635,148.35397620519987,144.80810160313436,145.65875244140625,6105400
2022-09-16,145.94528565929915,148.57782296061077,144.66482115551284,147.97789001464844,13417800
2022-09-19,146.47359719584534,149.20464569473626,146.41987389145712,148.8643798828125,4929500
2022-09-20,148.11225411136672,149.4464286312344,147.65557861210348,148.69427490234375,5220200
2022-09-21,149.11507253738253,152.44605347733594,146.1243573518308,146.2228546142578,6639800
2022-09-22,145.58710624616208,147.35109408971638,144.36037871571673,145.6139678955078,5696200
2022-09-23,144.36039255209906,144.9245145686226,141.74575368143377,144.42306518554688,6936100
2022-09-26,144.7454453931591,146.13335687202442,143.26799961239672,143.67990112304688,4605800
2022-09-27,145.2647682215536,146.33927529881282,142.64117999405318,143.9037322998047,4261500
2022-09-28,144.62901907986367,146.52731530412402,142.74862151436548,145.77516174316406,4881500
2022-09-29,144.0022011468039,144.5215354288467,139.80265728293122,141.88003540039062,6699000
2022-09-30,140.7786956256536,142.19346852436243,138.5043088615284,138.59385681152344,6074700
2022-10-03,140.94881914782627,143.8410373871855,139.75790254030238,143.12469482421875,6668500
2022-10-04,145.9990107218871,148.40770552675687,145.5871093180661,147.87939453125,7233100
2022-10-05,147.13619930134126,151.53272437483872,146.3750828098634,150.2522735595703,5262600
2022-10-06,150.23437035595538,151.46109794755668,148.43457144458068,149.12403869628906,4171000
2022-10-07,146.86759466518293,147.79883054143946,142.02334271854863,142.62327575683594,8306400
2022-10-10,142.8650584497322,142.9187817624955,138.02975535452035,140.3936767578125,6573600
2022-10-11,138.44161956125257,139.09527579561222,135.56730013485117,137.40292358398438,9526900
2022-10-12,137.32236176328425,137.71635090122794,135.63000926664392,135.70164489746094,4526100
2022-10-13,132.17363997937224,140.3936321338665,130.7051440238307,138.19984436035156,7913800
2022-10-14,139.59669375433552,139.7668266194027,132.6034296100596,132.82728576660156,7470600
2022-10-17,136.10456944072635,136.55228184020243,133.8928690942667,135.2001953125,5936100
2022-10-18,138.8714555572218,139.66838323536967,133.9018442325465,135.66583251953125,4866600
2022-10-19,134.87782123372807,137.01788562977262,134.18834041819608,136.6865692138672,5060100
2022-10-20,137.79691967061703,140.38469675374765,136.47169481397,137.6446990966797,6506200
2022-10-21,139.1579787850234,143.29483720697093,137.84170316656758,143.0172576904297,7706200
2022-10-24,143.45600692606317,145.04986190708973,142.09495746410764,144.7454071044922,5467600
2022-10-25,144.70958582758914,147.6197160928169,144.3335090944236,145.2020721435547,8611200
2022-10-26,136.6149622162657,144.3066576269174,135.5046305949492,141.36070251464844,12964700
2022-10-27,143.08888989320872,143.21424882229482,139.17587411361728,140.36679077148438,7050500
2022-10-28,140.69172324778887,145.9356194691068,140.33972373228673,145.6377716064453,6776100
2022-10-31,144.77131264229394,145.80926988228632,143.74238985968256,144.97891235351562,6298800
2022-11-01,146.43199763221472,147.5060372920242,144.91568285430708,147.02767944335938,4972300
2022-11-02,147.35263049739115,150.15960578958132,142.8578645105656,143.0474090576172,6923900
2022-11-03,141.14300495639577,143.15571942242136,140.19530971844293,141.2693634033203,4555400
2022-11-04,145.8634022712361,146.84719395310887,142.98422024289783,146.80206298828125,6689900
2022-11-07,147.84904277808323,150.09643264538843,145.80925259738987,149.54586791992188,4928300
2022-11-08,151.12537084292524,153.2915196863229,149.60905563491607,151.73008728027344,5112300
2022-11-09,150.17766217615878,151.3870949430751,148.83283651107175,148.91407775878906,4800400
2022-11-10,155.33129226258885,158.12021211865508,152.4250346625857,157.66893005371094,9898200
2022-11-11,157.99386401853278,163.17457364862292,156.5046248436524,162.00125122070312,6911900
2022-11-14,161.55901438061736,163.47244634500024,159.97952680985713,160.15101623535156,5447300
2022-11-15,164.31182506295042,164.8262795258571,159.5823834178608,160.26834106445312,6601000
2022-11-16,159.2303589134246,159.2303589134246,156.18872226442983,156.55877685546875,7664800
2022-11-17,154.04965855837335,158.3368387174577,154.00454136380242,158.27366638183594,5339800
2022-11-18,159.22138541559107,159.5733849725436,157.08229847222762,158.11122131347656,5474800
2022-11-21,157.42524962085378,157.650890675884,155.48474205640852,155.60206604003906,4702700
2022-11-22,157.8043159669182,160.03365056560602,155.5569400007206,159.95242309570312,4673500
2022-11-23,159.75386604167412,162.26299345740185,159.30258393421175,161.5409393310547,3939100
2022-11-25,161.78464588184198,161.8207423930534,159.7809520946804,159.8170623779297,1586400
2022-11-28,158.5895709072568,158.87838430667156,155.58403029301437,156.14361572265625,5358800
2022-11-29,156.72127561953454,157.3711230634003,154.61829899869662,156.12557983398438,3134000
2022-11-30,156.47757825789498,162.9218872197764,154.31142930863902,162.87677001953125,9780300
2022-12-01,162.49766155487765,162.9309023108635,159.04085259582246,160.2051544189453,5479900
2022-12-02,158.07511293668185,160.6474267328077,156.57685287457318,160.34957885742188,3822900
2022-12-05,159.51920424783492,161.2340707467762,158.25560608416086,160.10586547851562,4875300
2022-12-06,160.7828049798126,160.80086012211004,156.30607996068917,157.35305786132812,4417900
2022-12-07,155.71938157110282,157.9757917993655,155.46666472730018,156.8205108642578,3242800
2022-12-08,156.8295513129177,159.3206373329809,156.00822835306303,159.1762237548828,3902700
2022-12-09,158.81520822377206,159.37479364021257,157.15447957117527,157.2808380126953,3966700
2022-12-12,157.14546607936927,160.26834452278064,156.06239170647694,160.18710327148438,5347000
2022-12-13,164.3840313046436,165.2504852725403,158.73397028398975,160.2051544189453,6951000
2022-12-14,159.53724154500802,162.29006508372157,157.1725277701311,158.6888427734375,5114600
2022-12-15,156.6219919442282,157.51553561659514,152.61460399112434,153.44496154785156,6007300
2022-12-16,152.53337201953016,153.48106732198823,151.161470379515,153.02978515625,10423600
2022-12-19,153.10197696217037,153.31858356640768,149.87079531926872,151.27879333496094,4507000
2022-12-20,150.42134378382792,151.43221121966593,149.57293128359134,149.90687561035156,3777600
2022-12-21,150.72821023976638,152.45211103941398,150.27692817318027,152.28964233398438,3632100
2022-12-22,149.88888164405927,150.29503288353973,145.7551348980602,148.65235900878906,7188700
2022-12-23,147.14505806572603,148.74260074742864,146.46813483456847,148.363525390625,2597000
2022-12-27,147.71367240216964,148.55305056649124,146.1883365754386,147.8219757080078,3535600
2022-12-28,147.66854847724252,149.06752592320856,145.15942077737193,145.48434448242188,2998600
2022-12-29,147.3526250582364,149.86175241074855,146.95550838218563,148.94114685058594,4081600
2022-12-30,147.74076643501144,149.27512313563147,146.40497500092292,149.12168884277344,3249000
2023-01-03,150.926787890369,151.31488388904322,146.74791120230273,147.30751037597656,4294100
2023-01-04,149.19389363742337,153.15615068470538,149.19389363742337,152.6868133544922,6285300
2023-01-05,151.4412601821892,153.47202988863324,149.6812625243454,150.66505432128906,6876800
2023-01-06,153.09295610286088,158.99573448926708,151.1073173461154,158.09317016601562,6725900
2023-01-09,159.88924840563294,162.80454079479168,159.14013221145535,159.4650421142578,5733900
2023-01-10,159.4199272543695,162.11858553709777,158.69787310281626,161.0174560546875,4267700
2023-01-11,160.85501958940696,161.60414965269436,159.6907038653433,161.44168090820312,5013900
2023-01-12,162.2088470360535,163.51756243546708,159.74485050606432,160.77377319335938,4324900
2023-01-13,159.8170907676495,161.6583161513381,159.04990549075572,161.56805419921875,3736700
2023-01-17,161.3784799272059,162.2990992571807,158.21950526219027,158.30975341796875,5659400
2023-01-18,159.1852525726192,160.0426996288651,156.6761250561167,156.82955932617188,5874300
2023-01-19,156.48660795739684,156.80249720970377,153.09295726216797,154.2753143310547,5995700
2023-01-20,155.63818194465227,156.6761253264792,153.21028190127686,156.14361572265625,7569900
2023-01-23,156.73026623072073,161.57704530052166,155.74647456799286,160.8098602294922,7847600
2023-01-24,159.52822520556575,161.12576772433215,158.25560635549695,159.7899627685547,5351600
2023-01-25,159.41995111461398,160.8460044900575,154.78979143037293,157.98486328125,6720700
2023-01-26,158.19244262951472,158.19244262951472,155.05150907051845,157.13644409179688,6287900
2023-01-27,155.71938936866914,160.0336448393787,155.12369373329022,158.16534423828125,6074900
2023-01-30,156.6564273537922,159.23797365439393,156.53826726022547,157.37454223632812,5048900
2023-01-31,157.41089887102615,161.16505829713526,157.23818734243753,161.083251953125,5852400
2023-02-01,160.89234216622512,166.97352952156757,160.6741780649374,165.52822875976562,7835800
2023-02-02,167.13713767099165,168.57335342435096,159.75609248782197,167.9097900390625,11667100
2023-02-03,165.15556869917862,168.38250889962228,165.06466350529027,165.70095825195312,5732200
2023-02-06,164.08293759423304,165.9645668277131,163.11031864436333,164.52835083007812,4385700
2023-02-07,164.5919634499275,167.50074877847658,163.04665867428292,166.79173278808594,4799900
2023-02-08,165.2464353962189,165.9736352283956,160.41058217208283,160.43785095214844,5657600
2023-02-09,162.9102965410029,164.0738105421583,158.6834698507316,159.06524658203125,5572000
2023-02-10,158.03810887980126,160.11061948640068,157.35636160473084,159.79246520996094,5466400
2023-02-13,160.4560421336374,161.6195563704989,159.70157348673467,160.62875366210938,3443200
2023-02-14,159.21981035543277,161.48320248043436,157.59269905662936,160.29241943359375,4179200
2023-02-15,158.9198591558808,162.44677000094586,158.86532158531764,162.25587463378906,3879700
2023-02-16,160.81052934023455,162.09221737698655,159.45611993932124,160.05606079101562,4212400
2023-02-17,159.2379615804985,160.97414780313687,158.60166695890348,159.365234375,4060800
2023-02-21,157.75630697028404,158.99254246434168,155.06567188197653,155.22019958496094,7030300
2023-02-22,155.45654122234743,156.29281610073699,153.40220083809004,154.34756469726562,4577400
2023-02-23,157.02912155576055,157.27455445718368,153.15680204640708,156.1837615966797,4856600
2023-02-24,153.93853021514082,154.64754622533906,152.52958316455297,153.7476348876953,4118300
2023-02-27,155.79289902164817,156.36557121629596,154.87481761213616,155.20205688476562,3310100
2023-02-28,154.48390254065924,156.8654820337212,153.94759810759825,155.84739685058594,3674500
2023-03-01,155.47472182724445,156.73822613576075,154.3566602562999,156.50189208984375,4649800
2023-03-02,155.55653148445995,159.00162114213822,154.6293514330598,158.23806762695312,4551100
2023-03-03,159.0743330967387,159.9378767023705,156.80184262392817,159.69244384765625,4379200
2023-03-06,159.33794630874482,160.43783787239315,157.074554526725,157.3018035888672,4090100
2023-03-07,157.04731004310847,158.1653717181542,155.5747264609039,156.40191650390625,3844100
2023-03-08,157.81085337494707,160.3105932819535,157.3018176494769,160.18333435058594,3805400
2023-03-09,160.31057840753394,161.71952536206322,157.23816665935573,157.65631103515625,4651200
2023-03-10,159.07435450405868,159.3197873918019,155.42018544837134,156.02012634277344,5929700
2023-03-13,154.69298622098816,159.82882372258157,154.44756720248267,158.06536865234375,5453400
2023-03-14,159.93786477779616,160.1651138081341,157.10180131763647,159.73788452148438,5034600
2023-03-15,158.3744242040005,159.19252921025705,156.2382911841716,158.51986694335938,4918300
2023-03-16,157.67448372562015,161.510434850491,157.07454291706375,161.010498046875,5028500
2023-03-17,161.69227752379174,162.79215535595617,158.71985553248885,159.71975708007812,12963300
2023-03-20,159.87428227003463,163.50116882493424,159.5470430296498,162.8557891845703,4964600
2023-03-21,162.87394362471258,164.2192680794766,160.21059123380405,162.1740264892578,4217500
2023-03-22,161.22868130578962,164.96465693196677,160.2196947828021,160.2742462158203,4738000
2023-03-23,161.92858894161375,165.33732482693753,161.21048801798554,163.87384033203125,5083300
2023-03-24,163.46482043537677,164.06476137412378,161.49229995814855,163.17393493652344,5345400
2023-03-27,163.2830019221586,163.44661459056965,160.35603286789384,160.9377899169922,4453200
2023-03-28,160.3196983646307,161.4286751357513,158.3926303421127,161.33778381347656,4061500
2023-03-29,163.10119742719078,165.31915059089476,162.6739819320608,164.56468200683594,5227100
2023-03-30,165.4373386300699,167.70074457492328,165.31007969362332,167.47349548339844,5535800
2023-03-31,167.2734885979138,169.34599887373847,166.45538367628936,169.08238220214844,4793100
2023-04-03,168.4643268773005,169.23696559792847,166.09184540302178,167.4008026123047,4143000
2023-04-04,167.4916516545338,167.86434346283926,163.42843712249618,163.98292541503906,4724800
2023-04-05,163.1557517616015,163.3739019978629,159.18342847741948,161.0741424560547,5904900
2023-04-06,159.9560791629659,162.9194020918114,158.68348989786236,161.91041564941406,3743000
2023-04-10,160.8468953000239,163.37390394822722,160.17424690327726,163.0921173095703,3488500
2023-04-11,164.29198054628722,164.8737375678545,163.16482024879622,163.5011444091797,3296900
2023-04-12,164.7101501430043,164.7101501430043,161.09234823962612,161.39231872558594,3559400
2023-04-13,160.53782738071422,163.51024898544955,159.4833884076938,162.81031799316406,3264200
2023-04-14,162.62853140214335,164.1101859397862,161.11959421492557,162.69215393066406,2741900
2023-04-17,162.0558826140924,164.11930839617816,161.60138439857832,163.66481018066406,2845800
2023-04-18,164.53742839000458,165.19190688780753,162.89214717503853,163.9102325439453,2774700
2023-04-19,162.8285178922245,163.12848834713245,160.8559975101179,160.96507263183594,3093900
2023-04-20,158.54711663776274,162.08311132544773,157.73811056896636,160.54690551757812,4710800
2023-04-21,159.61974943108896,161.4013743403855,158.94708720278103,160.9105224609375,6792000
2023-04-24,161.01961654759796,161.28321939221448,159.38342030633564,159.8924560546875,3360100
2023-04-25,159.61064255059424,160.0196880745575,153.9294161894889,153.97486877441406,7136000
2023-04-26,155.41109090312176,155.41109090312176,148.7663304950447,149.4935302734375,8647500
2023-04-27,147.92095440280752,150.5388680151427,146.43929996181612,150.2298126220703,6697900
2023-04-28,149.84807376891666,152.27509268168367,149.84807376891666,151.9842071533203,6575400
2023-05-01,152.90226690569682,152.984073240204,151.00245418209877,151.51148986816406,4831200
2023-05-02,151.2024598644701,152.2478140605276,147.97551982738,149.0208740234375,7312400
2023-05-03,149.91165974535008,150.88429238962766,148.41182148232585,148.4845428466797,4398800
2023-05-04,148.5208928900528,148.9572071951132,146.6756316599093,147.53009033203125,4309000
2023-05-05,147.89652105069706,152.0642860539263,147.6675223592242,151.8902587890625,5494700
2023-05-08,151.89024922352564,152.60472397776806,149.66437481456268,150.42465209960938,3831300
2023-05-09,148.60182429438862,149.7559866239931,148.40030433134564,149.30714416503906,5736800
2023-05-10,150.96508140065762,151.1391226266641,147.5117775337575,149.35293579101562,4428800
2023-05-11,148.6384591033907,148.77585271318512,146.50418984377728,147.630859375,3320400
2023-05-12,148.49187905941918,149.27048002819217,146.89804348924557,148.2812042236328,2400800
2023-05-15,147.83239357418157,151.5788087834674,147.13624258915348,151.37728881835938,3789100
2023-05-16,151.13910387258304,152.10090096534762,149.1788760541628,149.6551971435547,4272900
2023-05-17,150.68112932391585,151.75284145402887,149.37126360165658,151.4505615234375,4910300
2023-05-18,152.34824661690226,155.87481785821922,152.12840285516714,155.54505920410156,4916300
2023-05-19,156.25952826681333,156.62593452302562,154.74814264372506,155.81985473632812,4790500
2023-05-22,155.50840519058832,156.73583458460644,154.84888796876433,156.5068359375,3334000
2023-05-23,155.52673032481385,156.3969364510326,155.0046206260522,155.48094177246094,5601200
2023-05-24,152.91614876708016,154.35425309635644,152.2291527811087,153.0352325439453,7502500
2023-05-25,151.13914123295194,156.1862675236275,149.85675411024877,155.37103271484375,7747200
2023-05-26,156.9282020560743,162.17684721641442,156.33279717809057,161.48068237304688,8323200
2023-05-30,162.8913442043321,163.2211028655858,160.32655616980028,161.7188720703125,5677200
2023-05-31,160.09755248066298,161.03187098782251,158.61364553991604,159.27316284179688,8534000
2023-06-01,161.09598833115055,161.62726695059538,158.3754828709947,161.04103088378906,3955400
2023-06-02,161.67306757049647,161.79215135635167,159.47468584021263,160.50975036621094,4788000
2023-06-05,160.4731214892315,160.4731214892315,155.50843165239291,155.95726013183594,5520400
2023-06-06,155.16951274792737,157.12974105097868,154.7115153502334,156.0488739013672,4032400
2023-06-07,156.790824342228,159.19072618595524,156.13130698446048,157.5511016845703,4422700
2023-06-08,158.53122603621466,159.23653196564206,157.01982623678867,157.76177978515625,3343700
2023-06-09,158.86097391984202,159.2182253152775,155.24279719909893,156.25955200195312,4179000
2023-06-12,157.1205816713409,159.6395672870998,156.98318804672425,159.4197235107422,4709300
2023-06-13,161.7280364180213,163.33102728597038,159.67621705230803,162.5066375732422,5408100
2023-06-14,161.05018494180638,163.29436902316442,160.10669760011552,162.240966796875,4748400
2023-06-15,161.43490434460503,164.3294368554989,161.11430062195444,163.12948608398438,4224100
2023-06-16,164.37522145727667,164.72330386368185,161.4531965663727,161.91119384765625,10374500
2023-06-20,160.2441081702565,162.15853365654033,158.8609472874161,159.71282958984375,3516000
2023-06-21,158.00904997119287,159.01664950382485,156.06714611953856,156.1587371826172,4034300
2023-06-22,155.71910322906834,158.15565255171367,155.5450619950265,158.128173828125,3607800
2023-06-23,155.63668797381712,155.97560159493656,153.1543357859385,153.59400939941406,8541600
2023-06-26,154.33594310317878,156.6167608289255,153.9054245009356,154.5740966796875,4899600
2023-06-27,155.5633816907582,161.737191004933,155.2519468470057,161.4990234375,6257800
2023-06-28,159.97848105240809,161.56316206854825,159.639567460006,160.262451171875,3425300
2023-06-29,161.1509494015136,162.16770413147066,159.75864744715324,161.93870544433594,3704700
2023-06-30,163.8531511506826,165.37369186699024,163.3493512249612,164.8973846435547,6004400
2023-07-03,165.0347714047173,165.9782448731968,162.69898201133805,164.65921020507812,2007600
2023-07-05,163.779873640674,163.83483109256167,161.6272802619301,161.7005615234375,3729100
2023-07-06,159.10826231475198,160.73873161626094,158.54035012435207,160.13418579101562,4555100
2023-07-07,159.48385284292956,162.19520356094463,158.998376724223,159.10829162597656,4585400
2023-07-10,159.91435412940808,164.6317211765437,159.89603032211707,164.3660888671875,5563200
2023-07-11,164.72332157301713,164.8515602664847,161.99366139665347,163.7981719970703,2755800
2023-07-12,165.80417357235115,167.535402766113,164.88817899412862,167.0499267578125,5708600
2023-07-13,168.08502092167356,168.55217316882047,166.4820302589328,167.7369384765625,4441200
2023-07-14,166.35380477713616,167.6545156266859,165.18133263171188,165.65765380859375,3701300
2023-07-17,164.228699578635,168.78119479836369,163.70658981690244,167.99343872070312,3918500
2023-07-18,167.1140687502831,168.72621432734735,165.795034197699,168.24989318847656,3040500
2023-07-19,168.16747191697556,169.16590283477169,167.65451709597832,168.24075317382812,3686000
2023-07-20,165.47441247493404,166.8667281264308,164.21950439428372,164.8057403564453,7154600
2023-07-21,166.71105176034033,169.9811598692009,166.1248156538883,168.83616638183594,17251600
2023-07-24,169.07432993827487,170.14604222823627,167.9018576564211,168.44229125976562,4318500
2023-07-25,169.459042394554,172.31694177203659,169.27584622519748,170.4483184814453,6267800
2023-07-26,162.03030738322494,162.77226087890847,159.57544821345866,161.21507263183594,11905100
2023-07-27,163.33099130900789,165.9232576474143,161.43488979659935,162.79055786132812,8300400
2023-07-28,164.65388656432663,165.60398909747923,163.2056635510657,164.53396606445312,7540400
2023-07-31,164.6631097231112,166.40650329462562,164.49707894257477,166.03753662109375,4065200
2023-08-01,165.11510193285415,165.5486455052841,163.9067199193402,164.53396606445312,4028700
2023-08-02,162.5784082430377,162.97504668153235,158.3905791259112,159.06394958496094,6914500
2023-08-03,157.2283303177191,158.89792784844397,156.48116360619494,158.47361755371094,4515200
2023-08-04,156.44424473974803,157.62495485229766,154.14738734141685,155.3742218017578,6052800
2023-08-07,156.23209827999497,156.64720339532226,153.9905982180764,155.85391235351562,4315700
2023-08-08,154.32268259451752,154.43336979143817,151.6752965083512,153.79689025878906,4628000
2023-08-09,153.78765843261306,155.87234689669702,153.4648020344444,154.2949981689453,4701400
2023-08-10,155.56793081902126,157.31132426662074,153.981348900286,154.56248474121094,4975300
2023-08-11,152.9297529815464,153.4647643835853,151.86896349097614,153.30795288085938,5454800
2023-08-14,153.30797918410443,157.37590194010204,152.84676383512988,157.2559814453125,5933600
2023-08-15,156.60109635363176,156.96084383822378,154.61786149227302,155.11598205566406,3920900
2023-08-16,154.590175479051,155.4941678035237,152.47781512530187,152.865234375,4558400
2023-08-17,152.86522383152746,154.1935263532632,152.4040084601012,152.90211486816406,3987800
2023-08-18,151.8044200561679,153.8983275145023,151.4354393480744,153.5754852294922,4456000
2023-08-21,153.79685942514627,155.5033617698294,153.20650436796274,154.92222595214844,3941800
2023-08-22,156.47192928373246,156.47192928373246,153.26186020818463,154.14739990234375,3035600
2023-08-23,151.21406791108225,157.2744447675957,151.21406791108225,156.6564178466797,4152900
2023-08-24,158.17841669730427,158.17841669730427,152.5700362032844,152.74530029296875,6003200
2023-08-25,153.57550477536347,155.3926945278738,151.92434580624519,154.79310607910156,3947500
2023-08-28,156.09372736307267,156.73942605120465,154.58094154723102,155.6140594482422,3995100
2023-08-29,155.04216220979916,157.97548523986447,154.7285391327185,157.44970703125,3981700
2023-08-30,153.6031866271611,157.06230225935494,152.49627243989457,156.10296630859375,5120400
2023-08-31,155.72475322012338,157.08994667729007,154.96835331097387,155.02369689941406,6026500
2023-09-01,156.79477683077417,156.83168194331697,155.45725504221406,156.6564178466797,2611200
2023-09-05,155.96458712488766,157.64340370864272,155.1712961462499,156.57339477539062,2882200
2023-09-06,156.5364856024047,156.84088941975665,153.95367685001648,155.0144805908203,4244000
2023-09-07,152.91135285648596,153.47403618982793,151.25097465357717,151.93357849121094,6272100
2023-09-08,152.302542195703,152.5792742366471,151.11261271737254,151.887451171875,3301100
2023-09-11,153.6031512559012,153.7599627727626,151.37087083765607,152.97589111328125,3191900
2023-09-12,151.8966584683865,153.20650834567093,150.7528393575074,150.80819702148438,3739900
2023-09-13,151.19562675332614,152.6991792961818,150.8450985662571,151.6107177734375,3331900
2023-09-14,153.51091154558216,153.7138474204942,150.94655539006632,153.16961669921875,4071600
2023-09-15,153.31721318716137,153.58471189768974,149.83041218410642,150.00567626953125,9427900
2023-09-18,149.43376745710685,150.90042883373647,149.21237903084818,150.1993865966797,3180100
2023-09-19,149.8580902151867,150.82663114157415,148.88953521362453,150.48533630371094,3244400
2023-09-20,151.2602071837272,151.81367132504886,148.5113671855659,149.5260467529297,5035700
2023-09-21,147.94868175964703,150.26397809934076,147.91179071915136,147.95790100097656,4492700
2023-09-22,149.26772662789864,149.47988172510549,147.78261279710262,147.87484741210938,3715300
2023-09-25,147.54282186479045,148.437580977297,146.87867048076131,148.41912841796875,3107600
2023-09-26,147.22915828001172,147.33062621567,145.16290853350455,145.7071533203125,4164000
2023-09-27,146.89712889875136,147.13695587886846,143.79776034139692,145.87322998046875,4232000
2023-09-28,145.87317494366752,148.86185516338998,145.8086121205709,146.74948120117188,4271400
2023-09-29,148.3637394425014,148.65892400076478,146.02999107003254,146.67568969726562,3664600
2023-10-02,147.13691389001985,148.17926507090814,145.58723709116765,147.54278564453125,2922300
2023-10-03,145.84555250227552,147.95791310409234,144.21284584202678,145.05226135253906,3510700
2023-10-04,145.43043361078685,146.18681949726962,144.35119133575677,145.7163848876953,4129900
2023-10-05,146.16836481426304,146.81406344460763,142.7738127537488,143.07821655273438,4389200
2023-10-06,142.30339280147237,145.8363041899517,141.64846078943532,144.82162475585938,5016200
2023-10-09,143.74237648020093,144.67402641242606,142.7000252937728,144.56333923339844,2747000
2023-10-10,144.56334802508098,146.8694248962376,144.1574762437292,145.43043518066406,3657400
2023-10-11,144.19438756863065,145.9931247905993,143.65937602244927,145.12603759765625,4452400
2023-10-12,145.78094404555046,145.99311324418522,142.2664852724636,142.9767608642578,5643300
2023-10-13,143.27194457334724,143.41952278975202,140.3939511882318,140.9012908935547,4319100
2023-10-16,141.46396760877002,142.72769311809884,141.21490738771087,142.3310546875,4872200
2023-10-17,140.9658705112957,142.89374735343665,140.1080026157591,142.29415893554688,5098900
2023-10-18,141.0580917725149,142.08199034586914,139.70211760577075,140.04342651367188,4837500
2023-10-19,140.98428666874761,141.55620320027535,138.79813069510828,139.23167419433594,6041100
2023-10-20,139.67445788287804,140.03420530054095,136.15999909297685,136.344482421875,5391500
2023-10-23,135.85560317497863,137.14700062761705,134.68411215175738,134.97007751464844,5398200
2023-10-24,135.44973290101686,136.16000854551825,134.62877006652758,135.52352905273438,7024400
2023-10-25,130.4501480158598,133.3742516483242,129.2602186049256,130.79144287109375,12349200
2023-10-26,131.14196437333715,135.25601128272635,130.99437209067415,132.8392333984375,7888800
2023-10-27,133.64178254965233,133.83548514097632,131.30803368632806,132.01829528808594,5327500
2023-10-30,131.13391303851725,131.63659945879382,129.83998199994429,130.78948974609375,6640800
2023-10-31,131.06878030136878,133.15395630664617,130.35199394745655,132.1951446533203,6570300
2023-11-01,132.78162527890163,133.4053174142572,131.0874195478548,133.27499389648438,7503200
2023-11-02,134.92264944421746,137.59428831947858,134.51305723946737,137.12884521484375,6297900
2023-11-03,138.98134361542733,141.1130672408228,138.7765474692427,139.84706115722656,5818700
2023-11-06,139.24193929967674,139.81908411460344,136.47720655044066,137.30569458007812,6601400
2023-11-07,136.65409525462167,137.06368745005915,135.45324411761675,136.45860290527344,5193000
2023-11-08,136.31897081972818,136.68201585203394,134.4851239579234,135.18328857421875,6901400
2023-11-09,135.84421905593663,136.37483101852814,133.2749782062314,133.36807250976562,7061200
2023-11-10,134.96918891707165,137.38018065291072,133.1911929495103,137.0171356201172,7214700
2023-11-13,136.1234801838941,136.29104708008742,135.15536482034,135.78836059570312,4345400
2023-11-14,139.83772924063896,140.65691366037797,138.61827056392525,139.56776428222656,7051600
2023-11-15,140.57312501511836,143.02136035470204,139.7725622860961,141.37368774414062,5957000
2023-11-16,141.45747231840403,142.41628396208029,140.3869446725721,141.39230346679688,5599400
2023-11-17,141.77397560120588,144.75280869492448,141.40161258686814,143.93362426757812,7524200
2023-11-20,143.37511731886516,145.47891532282048,143.30994845738866,144.79005432128906,5836900
2023-11-21,143.9708669831144,143.9708669831144,141.93222387747196,142.82586669921875,3877600
2023-11-22,143.82191749250293,145.36719198913173,142.68623519538502,143.2913055419922,3159800
2023-11-24,143.65436489080687,143.75674873655677,142.5745334921391,142.9748077392578,1604800
2023-11-27,142.02534297732447,142.7514332233328,140.93619340411297,142.0532684326172,4130700
2023-11-28,141.59712555272452,142.45353930404735,140.95481168818276,142.33251953125,3883800
2023-11-29,144.10119431125582,145.07862771439454,142.3790490674306,142.6117706298828,3647100
2023-11-30,143.9894415064931,144.0173811547087,140.81513100101694,142.15560913085938,6641400
2023-12-01,142.52798247665777,144.57592921585046,141.4109219102068,144.48284912109375,4095500
2023-12-04,143.8963867672519,146.65180189341547,143.37509278144773,146.54010009765625,6572000
2023-12-05,145.64645736699327,146.83799053610278,144.13841210281112,146.38185119628906,4935600
2023-12-06,148.13193235763163,148.578753776987,145.1717067194347,145.26480102539062,4952200
2023-12-07,146.00017880230996,147.72232384314987,143.9894613307142,146.78211975097656,6495400
2023-12-08,146.41905772551686,147.37788340634862,145.48817169350363,146.17703247070312,4732100
2023-12-11,147.6106291585522,150.08677561521316,147.07071346680326,148.9138641357422,7585500
2023-12-12,148.84868953821044,148.84868953821044,146.55871756610003,147.0055389404297,4714400
2023-12-13,147.09862637659816,151.0641960727422,147.04277548293615,150.62667846679688,5940900
2023-12-14,152.35814582623595,157.52456718479752,151.88339896784788,157.11497497558594,11428500
2023-12-15,158.44614782379443,159.26531802855106,156.14685775209858,156.98464965820312,16337400
2023-12-18,156.80776481889455,157.2918295807712,154.39677316563535,155.8489532470703,5015200
2023-12-19,156.6309065398213,157.22667313828921,155.53246764435076,156.8543243408203,4379400
2023-12-20,156.43543179130282,156.9381040992264,153.66139483856185,153.76377868652344,5098700
2023-12-21,155.2532177354962,155.98862587517345,154.21993336262906,155.28114318847656,4040100
2023-12-22,155.70002595368746,157.24530050685075,155.29044794338813,156.6123046875,3492400
2023-12-26,157.26391654473574,159.67490838827186,156.8077771942575,159.00466918945312,3202200
2023-12-27,159.38632613491652,159.7586749094902,158.55783803792409,159.3956298828125,3264900
2023-12-28,160.1124384010367,160.40101087199494,158.91160136287573,159.85179138183594,3023000
2023-12-29,159.68420809397003,159.8331532908691,158.17617703690516,158.67886352539062,2920600
2024-01-02,157.18016075861638,158.18550548416994,155.8396821856143,157.5618133544922,5652500
2024-01-03,156.37959604455264,156.8543429482736,154.72261955211738,155.2159881591797,5874900
2024-01-04,151.26901248628545,154.2571635366303,151.17591818153832,153.1028594970703,6445700
2024-01-05,153.50315767497298,154.74123825918787,152.80499289318104,153.68934631347656,3087200
2024-01-08,153.79171720252305,157.01257553893188,153.223876045522,156.8915557861328,5717500
2024-01-09,154.52709156612377,158.73470068714693,154.52709156612377,156.97532653808594,5018500
2024-01-10,156.85432737433143,156.87294907582387,153.69862367069524,155.6907196044922,4045200
2024-01-11,155.60695018624244,156.27718942786422,153.6241579127616,154.15476989746094,5635600
2024-01-12,155.1414833089042,155.65347351290737,152.56292479361184,153.47518920898438,4205000
2024-01-16,153.03771585380818,154.04307485307075,151.36213172590288,152.5536651611328,6682800
2024-01-17,151.32488834495777,151.66000801144233,149.21177227561904,151.19456481933594,4079000
2024-01-18,153.2890165093215,155.8117241580831,151.9019910694701,155.37420654296875,6583700
2024-01-19,159.08845453466301,163.0540390526259,158.47408040449994,161.6483917236328,13345800
2024-01-22,161.97420415461832,164.44104698448987,161.6204628415814,162.74684143066406,6850700
2024-01-23,162.75615358865383,164.36659707812134,162.21623784240546,162.29071044921875,9459400
2024-01-24,159.4514945377213,160.95022192162844,156.89155743009206,158.31582641601562,15100400
2024-01-25,159.2373781718169,159.67489578663321,155.29973384266518,155.8489532470703,7088200
2024-01-26,154.7132700090796,154.7132700090796,151.99508424834974,152.7490997314453,8800900
2024-01-29,152.73980214372207,154.82499224616376,152.1347176199524,154.5643310546875,6076600
2024-01-30,152.8380007666395,153.66364958182248,151.56200455966834,152.04051208496094,4897600
2024-01-31,150.50180111228775,153.0913163224102,149.47913165082517,150.22970581054688,8665200
2024-02-01,149.38532369062446,149.99516886006805,146.98345168330275,149.8262939453125,6542100
2024-02-02,148.59718857738628,149.92947629796336,148.0248664853659,149.3665313720703,4922400
2024-02-05,150.10775156891128,150.10775156891128,147.85598604810636,149.08506774902344,4190100
2024-02-06,149.3383875446832,149.83564936544943,147.6120440795218,148.58779907226562,4139800
2024-02-07,150.05145789885245,150.3892220387986,148.4564661387736,148.96311950683594,4627900
2024-02-08,149.46976094530498,151.11166720142728,148.97249905303943,150.31417846679688,3487700
2024-02-09,151.3180658967827,152.4439415085412,150.70822078266335,152.36888122558594,3919500
2024-02-12,152.3688757032805,152.78170008642985,151.1022710545647,151.1304168701172,3853000
2024-02-13,148.4845936494439,149.57294622355408,145.85755545853578,147.1616973876953,5357900
2024-02-14,148.0999132719928,149.21639722337645,146.89897756801943,148.11866760253906,4528000
2024-02-15,149.0850673786632,151.30868707760905,149.0850673786632,150.7832794189453,3725300
2024-02-16,150.44550225746528,152.13430835202615,149.58231624592403,150.47364807128906,3167600
2024-02-20,149.52605976710782,152.84740974189347,149.42285365339896,152.6879119873047,5406200
2024-02-21,152.48148956436998,153.98265238051323,151.52448878453907,153.94512939453125,4530000
2024-02-22,154.71446908444565,155.8591134030012,153.3915726908177,155.21173095703125,5041200
2024-02-23,155.587008953877,155.74650667046498,153.52290148776612,153.57919311523438,3479100
2024-02-26,154.45173128107595,155.28675710204288,153.66361991851264,154.15150451660156,5251300
2024-02-27,154.41423478573122,155.42752713263914,154.1046164867078,154.7519989013672,2886600
2024-02-28,153.40093812918292,153.75747088463922,152.3501228284082,152.96934509277344,2933000
2024-02-29,154.71445819738852,157.53854580984688,154.13275891181485,156.99436950683594,7267200
2024-03-01,157.20079152541953,161.4603589685768,156.98500215055788,160.48460388183594,5233700
2024-03-04,161.845018435491,162.36104889375952,160.30631854301652,161.78872680664062,4401600
2024-03-05,160.77545808728766,162.0514543544997,158.82393354235828,160.0999298095703,6215600
2024-03-06,162.41734965561474,164.93180466088393,160.1374383449829,161.25393676757812,6312700
2024-03-07,161.63862016084843,166.77075073814945,161.63862016084843,164.44393920898438,5980400
2024-03-08,164.6221957555812,164.73477901624167,161.6292333352255,161.65737915039062,5632600
2024-03-11,161.63860699806736,163.5150709885871,160.93493300162245,163.43063354492188,4207300
2024-03-12,165.1194739638249,165.45723809560803,162.52994418139232,164.0029754638672,5802600
2024-03-13,163.14916781712392,163.5244549042043,160.63471283785887,162.01390075683594,5199500
2024-03-14,162.60499257067576,162.90523369530888,159.31180326395844,160.56903076171875,5028200
2024-03-15,159.1241341327753,162.3422626408741,158.27033967770657,161.86376953125,19078800
2024-03-18,163.75903508352306,163.99359312377555,158.6175268497484,158.75827026367188,5213800
2024-03-19,157.32273593678354,157.91382668193427,155.72774438940934,156.45956420898438,5640000
2024-03-20,156.75981511152318,159.6308029393298,155.9998494296079,159.48068237304688,4404600
2024-03-21,162.15465473366714,163.99358162316523,161.11321653532897,161.92947387695312,4371600
2024-03-22,161.12258937522265,162.9990535152539,160.6816191570125,161.82626342773438,4177200
2024-03-25,160.27818264440603,161.685530717869,160.07177044832866,160.2969512939453,3298600
2024-03-26,160.85048604446183,161.24454174121047,157.1632270767056,157.5385284423828,5898300
2024-03-27,158.5612455875115,162.23911418140932,158.4017478276561,162.19219970703125,4272300
2024-03-28,162.76449738746902,164.98811715429656,162.6237683018469,163.4494171142578,4417800
2024-04-01,163.36496568675105,165.0444091321942,162.18279841620748,162.47364807128906,2303200
2024-04-02,161.70427537500296,161.70427537500296,159.12413762314137,159.83718872070312,3304500
2024-04-03,159.1053845018044,160.33446613292816,157.51977012896808,159.8184356689453,3295800
2024-04-04,161.16011611941883,162.31413748139167,157.7168063659469,158.1202392578125,7491300
2024-04-05,158.15780015849688,158.795791147716,156.81612074155387,157.1538848876953,5012300
2024-04-08,157.25706295962974,159.77151779771802,156.9286760396585,158.9927978515625,3154000
2024-04-09,160.43767054088823,162.80201916794508,159.6214132895227,162.7457275390625,4830700
2024-04-10,159.37746254107563,159.8841158295553,157.52914438729053,158.48614501953125,5662800
2024-04-11,159.40564621996558,161.23521047638351,157.74498552154017,160.62535095214844,4352100
2024-04-12,158.017023164064,158.9646322788805,155.53071422523269,156.05612182617188,5473600
2024-04-15,157.89506352527104,158.88021002936023,155.1085275407561,156.0749053955078,4739500
2024-04-16,157.1351056655253,158.11087505153128,156.51588336949376,157.23831176757812,3389000
2024-04-17,157.97952686599646,158.54245754081026,155.2774138147756,155.46505737304688,4564900
2024-04-18,153.56981723024575,154.5080492934304,151.57139267073637,153.56044006347656,5605500
2024-04-19,153.00689225410275,154.26411982946743,149.28210967987846,149.81689453125,10497600
2024-04-22,150.36105709430643,154.00140188219967,150.16403638889906,153.3352508544922,5942400
2024-04-23,152.9693561182351,156.59093261661747,152.42519409560185,155.249267578125,6833600
2024-04-24,167.22109629233887,168.4032778521082,162.88646874994492,164.01234436035156,13965900
2024-04-25,165.1945127404206,166.11397607866198,161.61983684605698,164.42515563964844,9130800
2024-04-26,164.42517200742924,167.28678271446756,164.1906139874472,166.51742553710938,5401900
2024-04-29,166.51740908319093,168.68472268306297,166.35791136331767,168.21560668945312,4191500
2024-04-30,167.39936762059773,168.1687248054829,165.41969733992957,165.5229034423828,6444300
2024-05-01,164.97871805347492,167.67145373642464,163.62766162874337,164.3782501220703,7167700
2024-05-02,168.7035291017481,168.7035291017481,162.92401533061366,164.94122314453125,4838300
2024-05-03,166.52681254208096,168.58152871618856,166.47050659311972,167.85910034179688,4545100
2024-05-06,168.78793372380196,170.65502058698132,168.19685728959408,170.4486083984375,4127400
2024-05-07,171.86610253342744,173.49149382441257,171.6771065641318,172.62210083007812,5152700
2024-05-08,171.7621557687713,173.9451046758931,171.5070176942572,173.83169555664062,4220900
2024-05-09,173.87894343182109,175.53268338293893,173.55764884484765,175.1263427734375,5843300
2024-05-10,175.6555279409245,177.04467057979627,175.51377015808959,176.76116943359375,5606800
2024-05-13,176.7139283443004,178.018025050055,176.40207850512132,177.48883056640625,3686300
2024-05-14,177.12972907476492,180.92861009474888,176.80843448218826,180.61676025390625,4917500
2024-05-15,181.98700419337467,184.85033577147678,181.33495581865404,184.7747344970703,5936800
2024-05-16,182.00589742748977,185.0960182278573,181.99643825657657,184.2455291748047,5371800
2024-05-17,184.27388172177538,185.7386257167908,183.16824016178091,184.29278564453125,4534200
2024-05-20,184.2927747539958,188.30900014393177,183.80137372765864,188.2428436279297,5282800
2024-05-21,186.32452268054502,188.33736513519275,186.0126728340877,188.0633087158203,5489100
2024-05-22,188.97051154854196,192.41973497984281,188.66810645083856,191.39913940429688,9119000
2024-05-23,191.4558436411564,191.786582981853,186.01266745242725,186.4379119873047,7125400
2024-05-24,187.89321390166856,188.78151082952004,186.87261835176267,188.2239532470703,4354100
2024-05-28,194.66882251842483,194.66882251842483,187.02382222097077,188.62086486816406,8661000
2024-05-29,185.84258280112894,186.78757710266692,184.04708497652558,184.1888427734375,5607800
2024-05-30,184.6991287421936,185.15272195816033,183.09264135356568,184.91647338867188,5213500
2024-05-31,184.62350841826037,185.87090765778478,179.79458757943522,184.28330993652344,9137300
2024-06-03,185.56852971339785,185.814237464673,181.15540797624914,183.06430053710938,4153500
2024-06-04,182.6768489269563,183.73523794669322,181.49560603190383,182.6674041748047,7221600
2024-06-05,184.06598392741225,185.4267779919797,182.8941858341529,185.2944793701172,5988600
2024-06-06,185.1999709749607,185.82367064702294,183.8202874307276,185.4456787109375,3905500
2024-06-07,185.1716364089739,186.53243055370945,184.06599477124357,184.850341796875,3308400
2024-06-10,183.4989733881614,186.91986231957313,183.32888134743095,186.749755859375,4202400
2024-06-11,186.3056097315997,186.95765806810627,183.78247682646355,186.5796661376953,4193200
2024-06-12,188.49799497780432,190.21787693052676,186.5135013821189,188.03494262695312,4655700
2024-06-13,184.27386805640745,186.57965619971517,184.14156944586358,185.48345947265625,3409900
2024-06-14,183.17770816158284,184.86925618594867,182.45007286701673,183.23440551757812,3479100
2024-06-17,182.54454623135098,184.453438744666,181.5995519363689,184.17938232421875,3804900
2024-06-18,184.50068488783873,185.96541445823684,183.54623145484217,185.4551239013672,3036900
2024-06-20,183.8013998411585,183.8013998411585,181.6090060425305,182.1571044921875,5464900
2024-06-21,184.26444391916255,186.6174704998882,183.06429711959657,184.7747344970703,12516800
2024-06-24,184.82197409029655,185.74806440253758,182.71464098508102,183.24383544921875,3655700
2024-06-25,184.21715865010847,184.21715865010847,182.21377570176892,183.77301025390625,3456400
2024-06-26,183.1493313903433,184.26443209192868,181.60898616455145,182.4783935546875,3301000
2024-06-27,182.07203176311344,183.2343705979154,181.24989141892027,182.79022216796875,3874500
2024-06-28,183.4706247497285,187.00490837563518,182.85638426546103,183.82972717285156,8861000
2024-07-01,182.9792436938849,184.2549772968006,182.13819937689254,183.89588928222656,2873600
2024-07-02,184.26444428516174,188.1011188472311,183.75413928677168,187.50576782226562,4168700
2024-07-03,187.2317188157489,188.59251286793113,185.31338160646843,187.99716186523438,2454800
2024-07-05,188.99885714513795,189.14060052020943,186.3906781075437,187.85540771484375,2887900
2024-07-08,189.00831763049527,190.6148195855328,188.431870491439,190.3880157470703,3927100
2024-07-09,191.26683284993845,191.26683284993845,188.12945939840353,189.15005493164062,3742300
2024-07-10,190.23677402669927,192.57091077980218,189.9438281411584,192.41970825195312,4559500
2024-07-11,192.59928103567296,192.77883225518244,188.8854604532782,188.98941040039062,5585400
2024-07-12,191.00222450389757,193.9978544097403,190.23678150334518,190.76597595214844,3683800
2024-07-15,190.75655353939723,191.90944776049855,189.7832105457661,190.66204833984375,3089500
2024-07-16,192.28741845451577,195.39645749068433,191.44637418159007,195.25469970703125,3134400
2024-07-17,193.85612043066595,199.24258478740038,192.80717623334388,193.02452087402344,7792500
2024-07-18,193.56318698984316,195.61382292006994,192.0984429198329,194.5459747314453,5497200
2024-07-19,194.06402002832377,194.81055914230245,187.80816269879995,188.1483612060547,4868000
2024-07-22,191.92835212509644,194.66882988481348,189.95330303785698,194.55543518066406,6063800
2024-07-23,189.55639371817918,191.81492940570803,186.57966758949405,187.38290405273438,6083300
2024-07-24,195.00901413776978,195.18856535250524,186.07882135316478,187.3734588623047,11049100
2024-07-25,187.37345110055628,190.63367824630117,183.4422717200883,186.30560302734375,9555400
2024-07-26,189.44299922790873,193.1379302212329,188.129457791801,190.87939453125,5384800
2024-07-29,192.08899314496776,192.9016888102124,189.71704825133415,190.77545166015625,3392000
2024-07-30,192.41028282527083,193.2418823924925,188.7248109604805,189.9344024658203,6062600
2024-07-31,194.47137267976504,194.47137267976504,189.74417455850678,193.85311889648438,7462400
2024-08-01,191.89378263348874,194.14799491532273,181.63091955410349,183.8851318359375,7958500
2024-08-02,178.34941032110842,180.35632928893796,176.97977204894494,178.30186462402344,8050200
2024-08-05,175.591114318008,179.51935307600732,171.27291661759787,172.33819580078125,8659900
2024-08-06,174.55437804241893,181.0221759704525,173.67932516294104,177.81680297851562,6210900
2024-08-07,180.94607008381348,182.16353613794567,174.74459239265627,175.07749938964844,5013000
2024-08-08,178.08311763580159,184.53188838694317,176.48519881864897,183.85658264160156,6180400
2024-08-09,181.68794271262428,183.99922090440836,180.68923634654263,182.81980895996094,3066500
2024-08-12,183.04810101440592,184.17046118603594,181.45968844817872,182.67715454101562,5235900
2024-08-13,184.33214995701394,188.05113535446995,183.95168274115767,187.6136016845703,4969000
2024-08-14,187.38532519572792,187.7372591917758,183.99924672857716,186.05372619628906,3072000
2024-08-15,190.70482448424792,193.23487701048248,188.80253197068936,192.06495666503906,5081900
2024-08-16,192.0649669453509,192.55956708908494,188.49816829151501,190.73336791992188,4236400
2024-08-19,190.7428624686962,191.2279563444275,188.32695738109118,190.8570098876953,3788900
2024-08-20,190.64777352557275,194.46186510043955,188.41257383514304,192.64517211914062,7111400
2024-08-21,196.26904828316404,200.5777399373357,194.88987451308802,198.1903533935547,8119300
2024-08-22,198.2759570461491,199.39830267390835,192.89246569603205,193.81507873535156,6879900
2024-08-23,196.7160665681564,200.22578389987203,196.2309727114106,199.62657165527344,6112000
2024-08-26,198.78957737880307,199.75022992028073,197.41041814176185,198.0762176513672,5806000
2024-08-27,197.76232403126062,200.7964828521225,197.4199108051026,200.39700317382812,4373400
2024-08-28,200.3399530175011,200.94868607870353,195.9076077054085,197.5911407470703,3998100
2024-08-29,200.34945289472452,203.935278452961,199.4078128477585,200.7774658203125,5622800
2024-08-30,202.19467069336028,204.1730566264168,201.07231057627072,203.86868286132812,5860900
2024-09-03,201.59544400112392,201.59544400112392,191.36111561571258,191.9698486328125,9284000
2024-09-04,191.77009608917047,195.68882838172001,190.5050698759128,194.03382873535156,4650400
2024-09-05,192.41688138676116,194.29064058348655,189.924868444886,191.70352172851562,4107400
2024-09-06,191.6559628326959,192.0078822889141,187.11899131133325,187.80381774902344,6314400
2024-09-09,192.21715491716856,192.4073812771065,189.268610054778,191.34210205078125,4864100
2024-09-10,191.34209775776878,191.44672443038837,187.40435269070392,190.03903198242188,4859400
2024-09-11,189.9439172378022,192.91150362584392,185.51157190254932,192.5215301513672,5900500
2024-09-12,191.75110718581394,192.1315599149625,185.15965552892254,186.40565490722656,7201000
2024-09-13,187.4804489148047,191.0662745513685,187.21412911025075,190.1626739501953,4617000
2024-09-16,189.01178864358616,189.75368157589838,186.41516338049337,188.7740020751953,3717800
2024-09-17,189.69661351017047,192.36933219404477,189.21151962623614,191.5513458251953,3478500
2024-09-18,192.77831630628646,194.95644936120146,190.19121184080862,190.90457153320312,4262100
2024-09-19,197.46748353310042,200.27336220988448,195.64128438231208,197.45797729492188,5155600
2024-09-20,194.39528171813012,195.23228057704077,191.25649608552885,193.3680419921875,14502900
2024-09-23,193.92919851982293,194.8137720345034,192.930492105186,193.8911590576172,2757400
2024-09-24,195.99321199304254,198.2379179301899,194.61405270626594,194.9279327392578,5573200
2024-09-25,193.21585411257468,195.33690624636634,193.196827123301,195.04205322265625,4124600
2024-09-26,200.04509248190675,200.28287905179488,195.04205376292217,199.036865234375,4521300
2024-09-27,200.5301690038739,201.3766886000866,198.60884948280432,198.9227294921875,3074400
2024-09-30,196.03126207113849,198.5042337915234,194.12896943391576,196.47830200195312,5459100
2024-10-01,195.99320297563213,196.90630980353762,189.94391196661263,191.7510986328125,9039900
2024-10-02,192.99706789625048,195.69831946668418,191.85569542414285,193.4916534423828,4389400
2024-10-03,191.25649989525485,193.50120574554492,190.48607371378654,191.8176727294922,3167000
2024-10-04,196.03123931327713,196.27853210260432,191.50377407375592,192.80685424804688,4092900
2024-10-07,190.79042308511902,192.87343569781936,189.91537027543185,191.4372100830078,2772400
2024-10-08,191.16137843487707,193.32048458972528,189.50639316899387,192.331298828125,6283700
2024-10-09,191.7035479302029,195.46057307446472,191.54185479383472,194.9564666748047,3214900
2024-10-10,192.09350340005463,193.42510234724318,191.0662637065063,192.57858276367188,3649400
2024-10-11,191.5323075610739,195.73637206542645,191.5323075610739,195.089599609375,2815800
2024-10-14,196.06929383101723,198.75153331047284,195.59372069040515,198.4661865234375,3291600
2024-10-15,197.8574722683556,198.45668461334387,189.1830074909756,190.07708740234375,6818800
2024-10-16,192.1125314605254,192.22667888907316,189.54443927498934,190.88555908203125,3311300
2024-10-17,194.88986124313638,194.88986124313638,188.43158457747293,188.6123046875,4686900
2024-10-18,189.73465458669182,190.19121524760732,187.12852308566593,188.7740020751953,4029500
2024-10-21,187.1285151066938,188.26036693276734,184.6365021071432,186.20590209960938,4948100
2024-10-22,184.15142222578297,185.75886167709697,183.42855631556958,184.49383544921875,7910800
2024-10-23,191.218417644628,193.08267050433193,188.32693970373262,191.8842315673828,10548500
2024-10-24,192.91147403091102,196.8016584004552,191.3801281098102,196.5163116455078,9309300
2024-10-25,197.4674503731945,201.0627816152692,196.64946411363928,196.82066345214844,5103100
2024-10-28,196.28804189715035,197.18212167118628,194.98497621258372,195.77442932128906,4409000
2024-10-29,196.06930156687284,201.25304610139958,195.27984838070827,201.0247802734375,5522800
2024-10-30,197.8384530597568,200.51117214674662,197.6006664575215,197.77186584472656,4914000
2024-10-31,199.10265860909502,199.10265860909502,192.82204719207508,194.50709533691406,6543000
2024-11-01,194.4304803788109,197.91544602548592,194.4304803788109,196.19210815429688,4208800
2024-11-04,194.82303639594136,196.84316866096208,193.92307018182422,194.9857940673828,3693800
2024-11-05,193.46352536513345,196.76658147397484,191.21360974709594,193.8369140625,5253200
2024-11-06,200.03133194096299,206.49383870367927,199.49518556918272,205.8140869140625,8527500
2024-11-07,206.60873119629306,208.9543788040445,206.38853135952098,208.2746124267578,6020800
2024-11-08,207.8054771207507,211.00321737791816,207.00125764449749,210.907470703125,5020700
2024-11-11,208.7245887546486,210.3713322824436,205.20133304515647,206.6757354736328,6154700
2024-11-12,206.21618255266722,206.23533481002983,200.09834382115133,203.71734619140625,4990800
2024-11-13,202.02273750366604,202.8269716476111,196.59423372872283,196.9580535888672,7921800
2024-11-14,196.52720078576166,198.2505386032942,195.67510800499434,197.22610473632812,4783800
2024-11-15,195.16770575479023,196.0485197187618,191.74975079705646,192.55397033691406,5970400
2024-11-18,193.58797573270817,198.8250008541399,192.94651385719715,198.35586547851562,7912100
2024-11-19,197.12081978023423,197.54208182410434,192.42952434744737,192.50611877441406,6716000
2024-11-20,189.64343328445835,191.09869795616606,188.10200537394388,189.74874877929688,7344400
2024-11-21,189.80621990055613,191.89336325087612,187.55630426246515,189.7583465576172,8080300
2024-11-22,189.34664893015216,190.43809383862765,188.13073626431552,189.5668487548828,7861300
2024-11-25,192.8507375945591,195.44532039085948,191.4433609013321,194.28684997558594,9274400
2024-11-26,197.22611991882127,198.097365022655,190.6678668837891,192.39120483398438,5260500
2024-11-27,192.09443135113494,192.84120877547412,189.2317748185724,190.70619201660156,4732200
2024-11-29,191.55825373629966,193.88474888476387,191.1944339087474,192.46778869628906,3167400
2024-12-02,191.27105049444214,193.78903928118143,190.02641664283024,193.1858673095703,6373900
2024-12-03,190.19873709082762,191.45293963106508,188.6094358007886,188.8296356201172,4743400
2024-12-04,189.27963475316216,190.01684329994802,187.2786547350646,188.27435302734375,7172600
2024-12-05,187.41269028122142,188.75305616892217,184.02347104581088,184.77024841308594,6049100
2024-12-06,185.41168032609778,186.82864040835224,184.39682994520376,184.8755340576172,5140700
2024-12-09,183.85114458770838,189.38496429319417,183.43946596400764,185.21066284179688,3880300
2024-12-10,185.09575530122905,185.44042288645028,181.37143745956521,182.0799102783203,6064200
2024-12-11,183.95643350583325,184.75108416227724,182.10864246567036,183.53517150878906,6057800
2024-12-12,182.38628354221342,184.07131691311378,181.52462190446823,183.5447540283203,4025600
2024-12-13,180.76826140285473,184.0425960831957,180.27998842198608,183.4298553466797,4772800
2024-12-16,183.68836870500465,183.80325303346612,181.1225067011914,181.39059448242188,5829700
2024-12-17,181.06507442882122,183.34371112707396,179.5236462992196,180.107666015625,5046100
2024-12-18,180.4236003134148,184.1670704613616,176.93863450999598,177.12054443359375,8281900
2024-12-19,178.93005523632593,179.38003835289825,176.04826121241828,176.61312866210938,6290000
2024-12-20,176.61312960269436,180.4427632219058,175.5408368641609,178.91090393066406,11462100
2024-12-23,178.10669194015645,182.3097144313688,178.10669194015645,182.04164123535156,4297600
2024-12-24,182.3767091134167,184.27237342353274,182.35755685726454,184.24365234375,1950900
2024-12-26,182.49161110250276,184.51174335987292,182.40544785481168,183.56390380859375,2019000
2024-12-27,182.32886536205058,183.61178916348285,181.61080903318864,183.03733825683594,3253500
2024-12-30,181.61079541612204,181.61079541612204,179.23642675720404,179.95448303222656,4065200
2024-12-31,180.624648888399,181.04591086733643,178.1353815268002,179.52362060546875,3050500
2025-01-02,181.25655551248713,182.03205393718767,177.09182335382386,178.98748779296875,4500500
2025-01-03,180.8831366924345,182.9990153883155,179.22682448265857,182.39584350585938,4574100
2025-01-06,182.14694455401428,185.51702614689646,181.17996734804055,183.99473571777344,4682000
2025-01-07,185.564896067515,186.7041997488664,182.95116071617056,184.02346801757812,5035200
2025-01-08,183.63092379119337,184.4830166352724,180.05979474902978,183.49688720703125,4230400
2025-01-10,184.69364965227666,184.69364965227666,180.39488087020897,182.0511932373047,7223500
2025-01-13,181.74484252234205,183.592633764747,179.65768456551626,182.951171875,4799600
2025-01-14,183.3820027279913,185.36384517386512,182.0799266896728,185.25852966308594,4254200
2025-01-15,187.33608943347747,190.47638764173686,187.33608943347747,189.09771728515625,6288600
2025-01-16,186.85739091258324,187.15418517159614,179.16940282523493,179.3896026611328,7463300
2025-01-17,184.3394174207607,184.71280613369893,181.92675863357226,184.2245330810547,5407500
2025-01-21,183.50646907957284,188.13075347531571,183.43945808717294,186.9148406982422,9621700
2025-01-22,187.43185175674722,190.21789917525723,186.9818686275559,188.65733337402344,8222000
2025-01-23,186.52230118538228,192.09441016861433,185.55530940516658,192.06568908691406,12694700
2025-01-24,181.90759369017175,183.34370627193627,177.1492728338806,177.618408203125,15856600
2025-01-27,177.83862051914312,181.99376970777624,175.87593026458245,179.06410217285156,11771300
2025-01-28,177.62796375238443,177.7428480754938,172.6685956862754,172.8792266845703,8720300
2025-01-29,173.31006677366494,173.93237636897697,171.9601174693688,172.59201049804688,4183800
2025-01-30,172.8122018011251,177.9534798059033,172.59200197796235,177.37904357910156,5807100
2025-01-31,177.25365691253603,182.31722043942645,176.5785180523353,178.05418395996094,6333700
2025-02-03,176.53030350930538,176.80035907298986,172.06471768914687,174.5145263671875,6311500
2025-02-04,173.62719303191898,176.54959149016597,173.1738823401319,174.14801025390625,5785700
2025-02-05,173.13531129132585,175.34399801862529,171.37995001653113,175.14144897460938,5939800
2025-02-06,174.84243155051772,177.11862444522828,173.93581022645765,176.7714080810547,5089800
2025-02-07,176.77139982362277,176.90642758577596,172.9134469427634,173.60787963867188,5380500
2025-02-10,174.90996698790065,175.12215560083357,172.73986821493375,173.90689086914062,3827100
2025-02-11,172.9809761976348,175.46934297019965,172.64339941814853,172.884521484375,3795300
2025-02-12,171.17737633378673,174.03226812670755,170.48294359272282,173.59825134277344,5364200
2025-02-13,172.788071572514,175.82621852154466,172.26725437043862,174.37948608398438,3737300
2025-02-14,175.0642623900731,178.16027624406053,174.63024560749403,176.53028869628906,4137900
2025-02-18,176.17342742138638,180.51362454994197,176.17342742138638,179.83848571777344,4578700
2025-02-19,183.00202310498696,190.93011844473506,182.0278804618224,189.34835815429688,8438300
2025-02-20,192.24180096080187,197.00636045213705,190.88186902519683,196.71702575683594,9190100
2025-02-21,197.39217195706442,198.4434606344393,194.161130380743,194.82662963867188,7349900
2025-02-24,194.96166691096218,198.11554781375196,193.2352393069372,193.61138916015625,7675900
2025-02-25,194.31546510276945,195.39568732340027,191.39306663901547,192.8783721923828,7441700
2025-02-26,192.8783650084783,192.92659236658676,188.82751711506575,191.20016479492188,5611600
2025-02-27,190.48644707676942,191.09407944015155,184.36194023335426,184.50662231445312,7761700
2025-02-28,186.42594478144733,189.2808367435741,184.68987754281628,189.0300750732422,9024500
2025-03-03,191.94282423747214,193.13879510827036,186.71529906474242,187.4868927001953,6141300
2025-03-04,189.3965643716911,191.86565208597366,186.16553736937746,187.9208984375,7159200
2025-03-05,188.2874079479273,190.0041959522742,183.98578363518578,188.62498474121094,5484400
2025-03-06,184.95025540042752,187.03355348353602,181.80602910758728,182.61619567871094,7120200
2025-03-07,182.539038381432,184.47766915604728,179.12475649892846,183.75430297851562,7706800
2025-03-10,180.95729343196427,182.7416027062274,176.89680585649666,179.867431640625,9161400
2025-03-11,181.42988573819395,181.64207433106472,170.62762025526098,171.04234313964844,7981400
2025-03-12,171.9200500665455,173.24139440953456,168.5443408085769,169.46060180664062,5436100
2025-03-13,168.86258849984998,170.6854705301297,165.9787636088058,167.43515014648438,5277200
2025-03-14,169.36415651961323,170.5794065164943,168.8529788824147,170.155029296875,4927900
2025-03-17,169.84639251085028,174.85207433704463,169.72100432465385,173.59825134277344,4940400
2025-03-18,173.31856045159148,173.38608170290323,171.3027832519033,173.0774383544922,4077700
2025-03-19,173.28963469547148,177.13794883467,172.36373404284925,175.2861328125,5675000
2025-03-20,173.0388434080049,175.35360936061068,172.1611555535137,174.26373291015625,4980000
2025-03-21,172.19009143070906,173.4535687226521,170.75299859558643,172.64340209960938,11822900
2025-03-24,176.45313816615973,180.82226915183526,176.04805483098258,178.92222595214844,5694900
2025-03-25,177.9384429190316,180.20498148119842,177.03182160739576,177.43690490722656,4357200
2025-03-26,177.7166031468685,179.4044576176092,176.77140876399216,177.93844604492188,5814200
2025-03-27,176.5206340936571,176.5206340936571,171.2159490054096,174.34088134765625,5035900
2025-03-28,173.27995427264432,174.31194899818405,169.34484063406785,170.06820678710938,5490600
2025-03-31,169.19054867887272,173.80080192590958,167.78240389532738,173.3185577392578,9222700
2025-04-01,172.9134644605383,173.18352001220387,168.08138328581828,171.66928100585938,5965400
2025-04-02,169.57633486562096,173.54036753105106,168.9687025454961,171.86216735839844,4368900
2025-04-03,165.73764668686334,168.00419981533642,158.17606282532375,158.36895751953125,11895300
2025-04-04,153.99983147986626,155.3501238106412,145.59914737104668,146.0138702392578,14976900
2025-04-07,145.5509387878308,157.1151445549822,140.0437038960404,148.5312042236328,18337200
2025-04-08,151.18354588625604,153.38257810361128,138.2208203627362,140.82493591308594,13902800
2025-04-09,140.0147446680039,166.68285116917045,139.12741732527022,163.48074340820312,21578500
2025-04-10,155.0800731625674,157.14407761416254,144.69254437383196,151.03887939453125,16019500
2025-04-11,138.88632595459953,144.55752230716158,134.98014509374147,142.35848999023438,21113300
2025-04-14,145.67630566372014,148.13575376040777,143.843783789205,145.61843872070312,10356600
2025-04-15,146.04282283196994,147.27736673112796,144.52858378936128,145.81134033203125,6958900
2025-04-16,142.00159381439525,144.4128143186256,137.49743567852363,141.3457489013672,10862500
2025-04-17,142.08843313506583,144.85651003591067,140.73814059258885,143.1686553955078,5739200
2025-04-21,140.29446534173917,141.5290091069734,137.57460145097707,140.4391326904297,8275000
2025-04-22,140.68990009054275,142.97574731184292,139.92796082805813,141.5482940673828,9139900
2025-04-23,147.7306693820299,149.82360720202308,145.90778710546016,146.74688720703125,14125000
2025-04-24,158.78370288807318,159.1405588257217,152.7942244713683,156.3724822998047,18950400
2025-04-25,156.0927712317792,157.88671992389618,154.81965442407298,157.07655334472656,8383300
2025-04-28,157.54915079247118,157.73239118527425,154.0480539740406,156.6714630126953,5170500
2025-04-29,153.82624714585907,156.5846843241944,153.11252049240036,155.060791015625,6566500
2025-04-30,152.10371372713604,156.24749658893015,150.6738189146127,155.68331909179688,6158600
2025-05-01,156.451749523863,157.6482017442444,153.74759830154207,153.942138671875,6124900
2025-05-02,157.3272220875769,161.81144717238007,156.6852254312105,160.02163696289062,7642400
2025-05-05,157.9983845445471,159.62283468089853,156.71440607164402,157.98866271972656,4803600
2025-05-06,155.93621318494394,157.58982862111134,154.76895610308924,156.69493103027344,4531400
2025-05-07,157.90111613016563,161.00408502238702,157.48284019812849,160.2939910888672,5669700
2025-05-08,162.3658647240273,163.83466155197118,160.14807190452595,161.12078857421875,5171200
2025-05-09,165.42994192710339,167.89091407451343,164.98248569917456,167.56991577148438,8655100
2025-05-12,180.58486181799591,184.19364755348647,180.05960129461926,182.17039489746094,16210400
2025-05-13,181.25602347229346,184.33953358182245,181.25602347229346,183.06527709960938,9837500
2025-05-14,182.35521769784182,182.6081187197952,180.00124484857048,182.228759765625,6552300
2025-05-15,181.0906851073028,184.58273486158896,180.44868845628358,182.7053985595703,5534000
2025-05-16,184.14499960763166,184.14499960763166,181.71320781133952,183.3571014404297,4518700
2025-05-19,179.9525915393683,183.33764153783633,179.2230540061006,183.2014617919922,6460900
2025-05-20,183.20148604357863,183.8434827200345,181.82022991217661,183.5614013671875,5289200
2025-05-21,181.41166558382645,184.71889644568208,179.68995285912067,180.3611297607422,8977400
2025-05-22,180.86696765908448,181.81050416070127,175.06956888845343,175.29330444335938,7500800
2025-05-23,172.18058027223086,172.45293976486386,169.0095291265871,171.48995971679688,7416700
2025-05-27,174.21358416039251,178.32817205299037,172.98795149782435,178.24063110351562,7939400
2025-05-28,178.34761669558597,180.84749094995155,178.09470084899138,179.1257781982422,5752800
2025-05-29,181.15878235373674,181.39222488677916,177.9390772748817,179.94288635253906,4533800
2025-05-30,179.93314371424242,180.08878195942617,174.8555609943426,177.86126708984375,15101100
2025-06-02,176.88856127406035,179.67053199843878,176.6551038918291,179.18417358398438,5648300
2025-06-03,178.24061725577582,183.35710186369295,177.6375227960173,182.9485626220703,5612600
2025-06-04,183.75592557723857,186.85889439758077,183.3376496548906,185.51654052734375,5780600
2025-06-05,187.64680433195156,188.9891434436796,184.15475452851825,185.29283142089844,6017700
2025-06-06,188.4055205150485,189.5241389048738,187.01452776448116,187.170166015625,5338800
2025-06-09,188.4541555920745,194.96161842719044,188.19151790378004,193.77491760253906,6869700
2025-06-10,194.52388551617042,197.62685422787024,194.03752715615428,196.77085876464844,6247700
2025-06-11,197.76305137581326,197.80196835982719,192.74382909661853,194.2418212890625,5062100
2025-06-12,192.8410970362978,194.85462784727142,192.7049172840445,194.21263122558594,3257600
2025-06-13,190.740036819603,193.60954845728926,189.16424032783567,189.67977905273438,5138200
2025-06-16,191.89754941928445,194.40716028678318,191.2361091875686,193.7846221923828,5864500
2025-06-17,192.59791126947505,195.14642433566968,191.5084732886552,192.29637145996094,4656300
2025-06-18,193.18156421202522,195.0978175132294,191.90729272450116,192.93838500976562,3742000
2025-06-20,194.9421758510175,195.4479778962823,191.21666875648148,192.79246520996094,12910000
2025-06-23,193.57063901056918,196.32342927608846,192.94810086574194,195.8954315185547,4565400
2025-06-24,197.68521331947872,200.57418314291434,197.46149263150465,200.19482421875,7597800
2025-06-25,200.40882548545167,200.78818441416385,197.76303480841517,199.7765655517578,4748300
2025-06-26,200.68121337890625,201.6636669084915,200.1559528042372,200.68121337890625,4579200
2025-06-27,199.8932967583179,202.02354886499165,199.6890197053919,201.43019104003906,8585100
2025-06-30,201.439905652344,202.69471855579198,200.80764570981748,201.9554443359375,5319900
2025-07-01,201.35236688147398,205.90467413875183,200.85628668317463,204.70823669433594,5856200
2025-07-02,204.698522313991,210.28190715262429,203.76470767105096,209.7080078125,5533400
2025-07-03,209.37730087058165,211.02119471330562,208.8617621301687,210.1262969970703,2561100
2025-07-07,209.15355314954056,209.74691094204042,206.4104848765965,207.5874786376953,5221400
2025-07-08,209.1341170963236,213.38488486631545,208.18085876498847,210.7196502685547,6844600
2025-07-09,211.02117271454262,212.92768922005789,209.328640237521,210.48617553710938,5231400
2025-07-10,213.29730932846772,214.75638432743614,211.62423547558564,213.6669464111328,3971400
2025-07-11,213.75451732570843,215.64159029714637,212.26626180544665,215.21359252929688,5396300
2025-07-14,213.4237875518321,214.2505878910969,211.37135459762914,214.04632568359375,4723600
2025-07-15,214.74667086239185,215.35947229292458,212.02306112314733,212.4024200439453,4419700
2025-07-16,212.44133098480526,212.64560803176724,205.93386843414186,210.72935485839844,6420900
2025-07-17,210.2429902854069,211.0795272544,209.61073035735083,210.6807098388672,4920100
2025-07-18,212.52889033729969,212.68451373868942,210.0192793142023,210.70989990234375,4550100
2025-07-21,211.50752783265992,213.02496355441522,208.36565695530868,208.71583557128906,8269800
2025-07-22,208.20029415236883,210.10682558185846,206.37159668926515,209.05628967285156,11730800
2025-07-23,189.58249713524725,189.6797747515992,180.23468815507178,181.1685028076172,30755700
2025-07-24,181.33387370146588,182.76376866077388,179.98179787138676,180.62379455566406,9049500
2025-07-25,180.63350696943027,180.80860371169257,178.20171496703492,179.94288635253906,7031800
2025-07-28,182.7540373947752,185.34145280618782,182.62757946100072,184.08665466308594,8586800
2025-07-29,184.53411873118475,187.62735116610838,183.74620562103368,186.15855407714844,7144700
2025-07-30,186.90750851727282,187.32578441759105,183.16255811675492,184.34927368164062,6985100
2025-07-31,182.37020080690365,183.12461057509603,176.1683972782543,177.39308166503906,10144000
2025-08-01,175.9920430918698,177.9123397641704,174.31666833768753,177.19712829589844,6625100
2025-08-04,178.03972670979076,179.73468579228646,176.9718054638679,179.02926635742188,4682700
2025-08-05,181.20430397623667,182.7131235550665,179.87184672794066,181.6451873779297,5761900
2025-08-06,180.94955860177396,183.11479209045154,180.27353047054785,182.1448516845703,7089000
2025-08-07,186.8966178385306,187.61184423955046,180.9887419218081,182.1448516845703,6563900
2025-08-08,181.92931697795234,183.83982162676742,180.92017824166126,183.42832946777344,5946200
2025-08-11,183.6438797671511,185.04491156185125,179.68569136649836,179.9894256591797,6457800
2025-08-12,181.5276137976593,189.91424992224321,181.4688313402059,189.06187438964844,9961500
2025-08-13,189.65951660724897,190.18857366195698,187.0925830255828,189.37538146972656,4966300
2025-08-14,187.30810575128146,190.3061454330312,186.1814021911379,189.78688049316406,3917300
2025-08-15,189.6791145912342,191.41325683485573,188.59159431060652,190.6294708251953,5872900
2025-08-18,190.62946238930135,191.56021944690437,189.58112547564463,190.39431762695312,2763600
2025-08-19,190.72744196640363,193.64708529886556,189.86525939181342,191.9717254638672,5491100
2025-08-20,193.50012479419786,197.1545786613403,189.53214456163067,196.7039031982422,8107300
2025-08-21,195.53800688925563,198.085341406962,195.4106349309542,196.64512634277344,5291100
2025-08-22,197.9873587548551,204.8553827291166,197.80120435466637,201.88674926757812,6177700
2025-08-25,201.82799047298025,202.8077379995481,200.3975525062964,201.79859924316406,3442600
2025-08-26,201.6124336224757,203.2094267859989,201.0833765654106,201.80838012695312,4549700
2025-08-27,200.8090652085681,201.5340688305467,199.13369031364323,201.30873107910156,4189700
2025-08-28,201.66143108250301,202.93510583106703,199.48639042181566,199.9566650390625,6166400
2025-08-29,199.38839586802922,199.91746785679283,197.4778913525151,198.37925720214844,5372700
2025-09-02,195.34205195275752,196.1160458626924,192.77510346019633,195.76333618164062,6238400
2025-09-03,195.1852890499024,196.02787245862652,187.50407259580706,191.77577209472656,7039600
2025-09-04,180.03839499116035,184.85875089111337,178.01032544259203,183.4969024658203,11335900
2025-09-05,183.29115551858382,185.4465969277881,181.53739920376853,184.12393188476562,9491200
2025-09-08,184.33948490522383,184.55503054975492,179.36238079448916,182.0566864013672,9701200
2025-09-09,180.66542339135617,181.89991474340945,179.94041984784263,181.2826690673828,6135000
2025-09-10,181.29246388572128,181.7333622036605,179.2350031842975,180.2833251953125,5957500
2025-09-11,180.7732033141142,181.0671305499543,178.56877146995365,180.616455078125,6596000
2025-09-12,180.38129921783045,180.60663693990156,178.64714208769536,178.90188598632812,6284200
2025-09-15,172.3179969670049,175.59035006482247,170.4858589561463,174.59100341796875,11658400
2025-09-16,175.12008263538362,177.4714707777144,173.68964463312892,174.03256225585938,7920300
2025-09-17,174.23828271551326,178.87249891239998,174.0129449882105,176.64846801757812,7209700
2025-09-18,179.52892771583447,179.99920230484327,176.65825991992065,177.9417266845703,7937100
2025-09-19,178.89209284059731,179.53872977999848,174.5616106748,175.7373046875,16206700
2025-09-22,175.76669312648573,177.73599514251424,175.678519440629,175.98223876953125,7030300
2025-09-23,176.22717545814027,178.97047140788428,176.04102104390705,178.3532257080078,5900800
2025-09-24,178.03970612654518,181.41003971463888,177.43226749721185,180.70462036132812,5905100
2025-09-25,179.9306197578786,179.94042680058152,176.46232023660755,178.3532257080078,4042300
2025-09-26,182.193856043308,183.49690709374025,179.36238629845565,180.81240844726562,6206300
2025-09-29,181.71377435575113,182.33102007939883,179.29379677704188,179.51913452148438,5090700
2025-09-30,179.0488391510323,180.2441321870363,177.63800048887938,180.0089874267578,3873100
2025-10-01,178.2846513828056,180.77320342157614,174.71837112856738,176.7366485595703,7705000
2025-10-02,177.1089519287669,180.8809706671033,176.19777902018566,178.6275634765625,6798000
2025-10-03,179.07824602854777,181.70397709031974,176.51131237430354,176.66807556152344,5167600
2025-10-06,177.33429085781907,179.5191235150517,175.66872316015616,178.1278839111328,6019800
2025-10-07,178.07889669544483,178.33364060825235,173.37612074828047,173.46429443359375,5396100
2025-10-08,173.24873510025984,178.24543788667924,173.24873510025984,177.92213439941406,6377700
2025-10-09,176.83464491563097,177.040383534191,174.02275921396415,175.33563232421875,5006100
2025-10-10,175.98223931564863,177.89275888036812,168.02669448322337,168.22264099121094,9630200
2025-10-13,169.32976029538057,172.53353876991847,168.9084611012911,171.56358337402344,8610300
2025-10-14,168.4871632524942,172.70008010441617,167.97769041348621,170.41726684570312,9919400
2025-10-15,170.4956677717353,172.59232686845593,167.66419803434493,171.72035217285156,9416800
2025-10-16,171.83789748811327,173.90516511935343,170.53483164000843,171.9260711669922,7188200
2025-10-17,171.5048022238499,174.03255255837217,171.03452761154077,173.00381469726562,5082600
2025-10-20,169.01622157462987,177.44205534321983,169.01622157462987,175.9528350830078,6620200
2025-10-21,175.83528670679675,178.15728352013548,175.21804099195558,177.1775360107422,10301500
2025-10-22,160.63940523986565,169.57469757595442,159.73802439214555,167.25270080566406,25834500
2025-10-23,166.55706374077906,170.2409087098382,166.31212688233674,168.7027130126953,8412500
2025-10-24,170.48585420854127,170.6230182582301,165.37157114909184,165.70469665527344,7691800
2025-10-27,166.38071920765708,166.91956834558502,165.26379276239925,165.97901916503906,8606300
2025-10-28,165.71448041944015,166.07698218616423,163.11815569876342,163.52964782714844,9646600
2025-10-29,163.34350339191926,163.34350339191926,156.5930437564043,157.0143280029297,11961900
2025-10-30,156.90655239539944,159.3461289940131,156.73020502549875,157.25926208496094,9477600
2025-10-31,156.5376722346924,160.13578431599547,155.98411885036862,159.6020050048828,8707900
2025-11-03,160.47186814459226,161.5690954182335,158.2280010390797,159.6020050048828,5208300
2025-11-04,159.32521736903652,160.44221874491032,156.3103272451417,157.5261688232422,11462300
2025-11-05,157.55580743240137,163.7141110330762,157.55580743240137,161.68771362304688,9770200
2025-11-06,160.8771485505191,161.92494814927224,159.2362474399595,159.52291870117188,5859500
2025-11-07,158.5344269623691,158.7518965121467,155.08458281653208,158.7024688720703,8837700
2025-11-10,160.1357741440782,161.49000395064874,156.66617113424095,158.73211669921875,7677900
2025-11-11,158.5739536688942,160.30381541984818,157.40753984247144,157.8918914794922,7274200
2025-11-12,158.9990129348662,162.63665782671782,158.5541792761061,161.21322631835938,6241200
2025-11-13,160.6596794187824,163.53619611707407,159.62175931202583,160.36312866210938,7719600
2025-11-14,158.65304010754417,159.02867206962463,156.4783597083794,157.4965057373047,6041500
2025-11-17,156.804563357944,157.91167008370724,151.7731252860997,153.20645141601562,7343400
2025-11-18,152.77153016316115,156.27078723472985,151.77314301125284,155.50965881347656,8164700
2025-11-19,154.7682671347386,157.338338404974,153.34483562103412,155.2822723388672,5568500
2025-11-20,156.33997218286189,157.4174253518015,150.9724502444009,151.5655517578125,7890900
2025-11-21,151.65452319844482,159.30546086386278,151.64464370302767,157.56570434570312,11711300
2025-11-24,157.882025044848,160.82772850398294,157.14065566168594,159.404296875,9466500
2025-11-25,157.8820194151437,160.0863534125152,156.8638733718951,159.90843200683594,7406700
2025-11-26,160.45210414537706,165.11777470324648,160.18520695655386,163.44723510742188,7346300
2025-11-28,164.12928433798297,167.30235182756797,163.51642382851722,166.33363342285156,4018100
2025-12-01,164.9200819766106,167.71751750895302,164.6136517206887,166.2248992919922,6170800
2025-12-02,166.7685659164297,175.83303976643043,166.07660914300257,173.24317932128906,9438900
2025-12-03,174.7852481725296,180.8941244806288,173.55951206303735,180.4987335205078,9259300
2025-12-04,181.1313787142274,181.7936669069747,176.8808577696112,178.04727172851562,6724100
2025-12-05,178.78862674733492,182.6338618205852,178.55139820973875,180.4394073486328,6584600
2025-12-08,181.3982517227218,181.58606770945738,177.46405582903387,178.8578338623047,6427600
2025-12-09,177.8396893281894,179.78702076020903,177.33554849984813,177.4541778564453,3760400
2025-12-10,175.78361460025414,180.61734208861168,175.45741028101554,179.5794219970703,5268900
2025-12-11,178.20541809171874,179.92540038865005,177.11807036092344,179.5794219970703,4838000
2025-12-12,179.69803847623876,181.12147003836228,176.5941727411854,177.35531616210938,5980500
2025-12-15,173.33215175835733,177.29600092981812,171.99768095901706,175.9219970703125,9037500
2025-12-16,176.28774656625563,176.96980879580877,173.97467776592626,175.5167236328125,5746900
2025-12-17,175.82314993950283,177.57278582601322,171.69125867534834,172.4820556640625,8865600
2025-12-18,174.76547185524652,176.84129699402152,173.87581958160172,174.16249084472656,8546200
2025-12-19,173.69788918555298,176.18889430633755,173.5693803443768,174.26132202148438,19091700
2025-12-22,177.42452571931045,177.82979618442442,175.92201288361397,176.76223754882812,5373100
2025-12-23,176.2185600609585,176.55464388691453,174.64684554179078,175.04225158691406,3500300
2025-12-24,175.29924977533477,175.9714324934641,174.76547048190093,175.0916748046875,1266500
2025-12-26,175.67488879817583,176.46568581702812,174.39972502301688,174.8445587158203,3191100
2025-12-29,174.47879938539558,175.60568019099347,173.08503647442834,173.66824340820312,4163200
2025-12-30,173.92525174520813,174.4392720666916,173.23331001428718,173.40135192871094,3904600
2025-12-31,173.77697594000762,174.15259281489432,171.44413315181538,171.49356079101562,3426900
2026-01-02,172.95652928641138,176.8314179723563,172.89722215131602,175.47718811035156,6133600
2026-01-05,175.97143496581555,180.78538850182596,174.85443364026477,175.13121032714844,6755000
2026-01-06,178.0176004054932,190.6999602567155,178.0176004054932,189.889404296875,13219400
2026-01-07,186.30118619196202,188.52529435886888,182.36699019112908,183.5729522705078,8341300
2026-01-08,180.72607974405787,186.90415766938722,180.44930305965894,186.28140258789062,6857300
2026-01-09,186.62739209034925,189.19746361030087,185.35222828409107,188.12001037597656,6018300
2026-01-12,186.67681754935114,188.62414901116543,185.83659287805915,186.894287109375,6502600
2026-01-13,187.1018429434241,187.5664355847298,185.49059548173847,186.3604736328125,4135000
2026-01-14,185.34234941499562,191.3820393779269,185.28304227649465,191.223876953125,7988800
2026-01-15,192.6868340276674,194.37716282385813,186.59773174643385,186.94369506835938,6942600
2026-01-16,188.0409258077739,190.25515445840352,187.8827784695279,189.37539672851562,6944800
2026-01-20,188.05082387055953,190.21560983600108,185.78716753588466,187.40829467773438,9516600
2026-01-21,189.24689177942332,193.87304466131607,189.05907578548337,192.17283630371094,7272000
2026-01-22,195.02957000870038,197.13504874195365,191.45121696190122,192.74615478515625,7264000
2026-01-23,193.50728330634522,194.1498124710915,188.93057336038098,191.08547973632812,6691300
2026-01-26,191.0854742230206,194.57485138544166,190.22549061307257,194.32772827148438,9169300
2026-01-27,192.4496012491025,196.12679444132075,192.10362285159025,194.36727905273438,10748800
2026-01-28,201.51407873761784,214.09758385725132,201.37569039294814,213.6824188232422,19603400
2026-01-29,213.9097775284257,219.44534173150913,212.3479726037319,216.45021057128906,14120000
2026-01-30,214.9677281710195,215.36571512060937,211.9828943665196,214.46031188964844,9086800
2026-02-02,214.3508702310924,224.12121845349253,213.75389738958157,223.8724822998047,11194900
2026-02-03,223.10638991843587,227.6731821392684,221.57416668224113,224.0714874267578,15207600
2026-02-04,221.007060706515,227.13590823308968,217.55460154486235,221.79306030273438,14542500
2026-02-05,220.52947913292903,224.6784117497513,217.79338130159417,222.8477020263672,11044200
2026-02-06,224.48936181221913,225.61363892103364,217.4849431125745,220.32054138183594,9397500
2026-02-09,220.14144972519205,221.0369090270394,217.13672778661612,217.66404724121094,9246700
2026-02-10,215.73384180605572,220.95730101334877,215.03738361474663,219.80316162109375,5101000
2026-02-11,222.0020047286817,230.15060384550554,222.0020047286817,225.41465759277344,9132600
2026-02-12,225.53403905901908,228.33979017317563,220.74835786833157,221.87265014648438,8474700
2026-02-13,220.54937106802473,225.7429831748059,220.42002340989816,225.0166778564453,5011900
2026-02-17,225.38480685628485,227.29509873287543,221.68361160112494,224.54905700683594,5454800
2026-02-18,228.71787432346915,228.83726281985582,220.2409419020629,222.1910400390625,6667800
2026-02-19,220.0319968279444,220.9174969332334,216.32085764304222,216.9476776123047,5002200
2026-02-20,215.64431157727793,219.08681160719104,215.43536651826378,218.6191864013672,5457500
2026-02-23,217.79336640356894,221.66370028206143,217.79336640356894,218.74851989746094,7877400
2026-02-24,219.60417551559937,223.03673138348594,208.53043714908574,212.2714385986328,9494300
2026-02-25,213.31612160467253,214.80853854271356,209.16720433871646,212.8186492919922,6997300
2026-02-26,213.36587558371224,214.9975841904209,209.08761058391195,211.55508422851562,6041500
2026-02-27,210.16214834191993,211.5550799222914,207.1972176179844,211.03770446777344,8275100
2026-03-02,209.9731111017476,210.40094519335386,206.26197182851172,208.75929260253906,6811300
2026-03-03,204.84915452395828,205.52572478419074,200.7400282384079,201.6454315185547,7496500
2026-03-04,203.32687862011161,204.27207295172158,200.4813364630475,201.36683654785156,5451500
2026-03-05,199.8943370087604,200.91912880286964,193.78537735092212,196.97914123535156,8051800
2026-03-06,191.5268379939513,194.06394979331805,190.18365669380125,192.25314331054688,7220500
2026-03-09,191.77557400695574,196.1632833904774,188.72108676022364,195.2081298828125,7597500
2026-03-10,194.6509701881422,199.16801220690311,194.4619282760934,196.46177673339844,5929200
2026-03-11,197.5761080402366,200.4116911496095,196.49162202838855,197.6656494140625,4995200
2026-03-12,192.67102502243105,193.77541418903377,188.79074696769206,189.0892333984375,8156800
2026-03-13,190.50205072713536,192.7705232833702,189.17877253905664,189.81553649902344,3688400
2026-03-16,193.3376472549217,195.26782707920563,191.45718733503006,193.1486053466797,4754900
2026-03-17,194.87979953117704,195.43696609408732,192.79042492026346,193.46697998046875,3385200
2026-03-18,193.45703751148213,194.55146750242332,189.02953691627158,189.81553649902344,5069200
2026-03-19,186.82075922504194,189.03948152044612,183.96525778592138,187.33811950683594,5868100
2026-03-20,187.56696100651365,189.36780831078156,184.90050157319965,186.24368286132812,15025200
2026-03-23,193.61622740348068,193.98435205148016,187.47740579280054,187.67640686035156,7452800
2026-03-24,186.0048899639918,195.40711339919454,186.0048899639918,193.6460723876953,7015200
2026-03-25,196.52146174629118,197.9641283807205,194.5315725452439,195.77525329589844,4505800
2026-03-26,195.10865454996085,196.07375208791453,191.9049315195343,192.4322509765625,6314400
2026-03-27,190.7408415568693,191.99446632435274,188.3728684810837,189.36781311035156,5792700
2026-03-30,190.6413344572471,191.73577958441862,184.01499981088057,185.47756958007812,6024700
2026-03-31,189.3180671142533,193.57642900907166,187.5172197237089,193.15855407714844,7277900
2026-04-01,193.2978400578411,196.2627707822296,193.2978400578411,195.30763244628906,5432000
2026-04-02,191.4074547398915,195.07880289129523,190.03442627828673,193.88485717773438,3408100
2026-04-06,195.99414188885524,198.55114161208505,194.90964073863037,198.41184997558594,4235600
2026-04-07,197.50644707938378,199.36700380489413,194.4718781947224,198.73023986816406,4659000
2026-04-08,205.6053076236555,208.79908665763537,205.11779445720592,207.84393310546875,7454600
2026-04-09,211.49538349925183,214.83838282180778,209.813924675596,213.8931884765625,5499100
2026-04-10,215.28612269537783,216.22137307141946,212.83855223931886,213.6444549560547,4268000
2026-04-13,212.8683992978823,216.10196932632908,211.03770483306536,215.6144561767578,4630500
2026-04-14,216.09201964980727,218.38039526133733,213.26638063533005,217.76351928710938,5495200
2026-04-15,216.46014763039722,217.20635609033747,210.62977158946492,215.19656372070312,4459600
2026-04-16,215.62440112146092,222.88749994646105,215.62440112146092,221.97215270996094,6709000
2026-04-17,227.10606145204898,229.36459006943437,223.53421378471188,228.65818786621094,7091700
2026-04-20,231.39427759027782,232.7871939857965,228.85716577262232,232.5185546875,6123300
2026-04-21,233.31451002564313,234.80692693412274,229.47402324055633,231.97132873535156,6833300
2026-04-22,235.21485697816217,237.592773969431,233.30456516431713,235.1153564453125,11463100
2026-04-23,258.9940238766267,282.6836521430355,257.9990792863087,280.80322265625,25659100
2026-04-24,286.37491384789786,286.37491384789786,270.63491208842174,275.7389831542969,13943600
2026-04-27,274.77386717170697,275.61954580223903,266.27703167373704,268.1375732421875,9962700
2026-04-28,266.1377418844767,269.3215769955994,262.9041716848342,263.66033935546875,8369400
2026-04-29,268.2669397527151,271.06273188306113,266.2073969715798,267.8590087890625,7821400
2026-04-30,268.86390200578603,280.49480732004685,264.9935527672942,279.6590270996094,11066700
2026-05-01,278.6840026419031,280.4450437422734,275.1420021156423,279.5993347167969,4494300
2026-05-04,282.25583393497146,282.3553344669023,275.2414867016855,279.4700012207031,5525700
2026-05-05,280.5,282.5,275.5799865722656,281.0,7295200
2026-05-06,279.04998779296875,292.6400146484375,279.04998779296875,289.44000244140625,10183200
2026-05-07,286.2900085449219,287.6600036621094,281.0,285.239990234375,7017900
2026-05-08,292.489990234375,292.5,286.3800048828125,287.79998779296875,8881500
2026-05-11,291.2900085449219,298.17999267578125,289.0,297.760009765625,9347300
2026-05-12,296.239990234375,296.29998779296875,287.6300048828125,295.1700134277344,6431000
2026-05-13,302.739990234375,309.32000732421875,301.9200134277344,306.3399963378906,7546500
2026-05-14,306.6700134277344,310.2900085449219,303.5,308.1700134277344,5767800
2026-05-15,302.69000244140625,307.55999755859375,297.79998779296875,302.7300109863281,6661600
2026-05-18,308.54998779296875,309.19000244140625,295.4599914550781,300.6000061035156,6513100
2026-05-19,292.6099853515625,305.5,291.95001220703125,302.30999755859375,7296900
2026-05-20,305.2200012207031,305.739990234375,298.95001220703125,304.8800048828125,7660700
2026-05-21,300.8900146484375,303.07000732421875,294.7799987792969,298.3900146484375,5663700
2026-05-22,305.3999938964844,315.57000732421875,303.0,309.2099914550781,7129100
2026-05-26,318.42999267578125,326.4200134277344,315.3500061035156,324.8900146484375,8480000
2026-05-27,331.45001220703125,331.510009765625,313.17999267578125,317.45001220703125,6740600
2026-05-28,320.1600036621094,321.2900085449219,313.1099853515625,315.95001220703125,5884400
2026-05-29,316.4800109863281,319.0,303.7699890136719,305.67999267578125,16785100
2026-06-01,297.3800048828125,302.0,289.92999267578125,293.20001220703125,9623100
2026-06-02,301.260009765625,308.3999938964844,298.9800109863281,308.1199951171875,11136800
2026-06-03,308.6400146484375,312.760009765625,301.6400146484375,308.5899963378906,6730100
2026-06-04,305.5299987792969,310.7200012207031,303.29998779296875,305.3699951171875,7924400
2026-06-05,298.7200012207031,298.80999755859375,284.17999267578125,285.05999755859375,11937400
2026-06-08,293.7300109863281,295.5799865722656,287.5299987792969,290.8999938964844,7791100
2026-06-09,297.8399963378906,298.0299987792969,273.8800048828125,288.6300048828125,8920600
2026-06-10,285.82000732421875,292.5799865722656,281.8399963378906,282.010009765625,7325400
2026-06-11,289.8900146484375,298.67999267578125,285.7900085449219,297.1000061035156,9862700
2026-06-12,298.989990234375,303.0299987792969,295.8500061035156,301.1199951171875,5368300
2026-06-15,310.1099853515625,315.8599853515625,307.8699951171875,313.3399963378906,7459200
2026-06-16,311.55999755859375,319.2200012207031,305.489990234375,305.7099914550781,7706700
2026-06-17,307.1199951171875,311.7300109863281,299.239990234375,301.8800048828125,7095400
