Date,Open,High,Low,Close,Volume
,VRSK,VRSK,VRSK,VRSK,VRSK
2009-10-07,25.67003358321096,27.542994639978083,25.10909566724686,25.879196166992188,63739500
2009-10-08,25.983778930008302,26.088361130868893,25.19466313821516,25.289737701416016,6906700
2009-10-09,25.508405805190236,26.135895331355925,25.080571213078944,25.099586486816406,3361300
2009-10-12,25.945746442474913,26.525697748718642,24.814363112051453,24.956974029541016,7177000
2009-10-13,25.356287434979997,25.917225320728196,25.232691781538882,25.85067367553711,3296000
2009-10-14,25.907714547250695,26.848948729708418,25.670029092688765,26.611263275146484,3222400
2009-10-15,26.886983357259854,27.381367799669388,26.38308946421963,26.915504455566406,3181300
2009-10-16,27.04861072082688,27.191221658650935,26.192941467089625,27.16269874572754,3974100
2009-10-19,27.11516010595819,27.466933602313723,26.145402908325195,26.145402908325195,1892100
2009-10-20,26.14540145101244,26.715846936259226,26.002790533049794,26.67781639099121,3387000
2009-10-21,26.62077522277832,26.95353527574233,26.48767192695128,26.62077522277832,1079000
2009-10-22,26.39259583123903,27.07712935859701,25.97426888004434,26.516191482543945,1172500
2009-10-23,26.620770360408205,26.991559081570003,26.154907096708587,26.972545623779297,2385700
2009-10-26,26.45915171379497,27.191223542307842,26.39260005909318,27.048612594604492,834400
2009-10-27,27.134175245240932,27.809201137463674,26.554222094224105,27.153188705444336,1578700
2009-10-28,26.820424612959478,27.143676961659395,26.202442821643533,26.326040267944336,1153500
2009-10-29,26.506683845767213,26.62077367369169,26.3830881944623,26.516191482543945,563500
2009-10-30,26.620768474440972,26.687320105483725,25.95524853722157,26.078845977783203,819600
2009-11-02,26.031312540172618,26.288013289532284,25.28973501543972,26.021806716918945,978000
2009-11-03,26.078848313639458,26.13589231487177,25.527418132670828,26.012296676635742,696500
2009-11-04,25.98377525961591,26.126386177574165,25.62249414656192,25.631999969482422,461200
2009-11-05,25.68904513718032,26.240475335819152,25.641506956799976,25.955251693725586,470400
2009-11-06,25.81263874972099,25.993280194170072,25.622491483339445,25.76510238647461,310800
2009-11-09,25.907719371200127,26.32604635687143,25.71757024678687,26.221464157104492,615600
2009-11-10,25.907719912574915,26.867969565474258,25.907719912574915,26.307031631469727,287300
2009-11-11,26.554215988768036,27.68559912026981,26.268992390541197,27.552494049072266,1174600
2009-11-12,27.362352417677847,28.52225687788936,27.029592391423222,27.4764404296875,1211600
2009-11-13,27.362352417677847,27.64757426109824,27.10565167056174,27.4764404296875,414900
2009-11-16,27.333829029105345,27.58102213532393,26.85845808946873,27.428903579711914,1424300
2009-11-17,27.143677109148243,27.533481094099248,26.050324424202838,26.478158950805664,2496000
2009-11-18,26.99155963491036,27.57151272422389,26.772889451967785,27.096141815185547,730900
2009-11-19,27.390875203829044,27.466934487659948,26.563730718842475,27.13417625427246,1223600
2009-11-20,27.096144202775683,27.229247488748126,27.02008492316339,27.143680572509766,875700
2009-11-23,27.2672784115984,27.2672784115984,26.30702885986708,27.001070022583008,447600
2009-11-24,26.791907967605958,26.791907967605958,26.288014090189417,26.411611557006836,685400
2009-11-25,26.35456334193965,26.4401302532281,25.83165605152902,25.955251693725586,892800
2009-11-27,25.631995741994388,25.84116007967212,25.34677395311954,25.660518646240234,264600
2009-11-30,25.99328046861925,26.05032446779641,25.41332740123069,25.584461212158203,888700
2009-12-01,25.584465277231953,26.66831050078854,25.584465277231953,26.411611557006836,617200
2009-12-02,26.392596526752786,26.440132898492855,26.002792475615937,26.154911041259766,820900
2009-12-03,26.440127755255165,26.56372519917083,26.145398318326723,26.35456085205078,491800
2009-12-04,26.478166021306976,27.039103966687147,26.478166021306976,27.02959632873535,535500
2009-12-07,26.810918325308542,27.55249573664862,26.56372525039652,27.324317932128906,361500
2009-12-08,27.01057834955625,27.495456956190925,26.525699742921578,27.200727462768555,398200
2009-12-09,26.934519049583127,27.28629436478016,26.791908121464022,27.23875617980957,449600
2009-12-10,27.162696220664444,27.28629368511299,26.744369270324913,27.001070022583008,435200
2009-12-11,26.63979190597263,27.390877160790122,26.62077663030725,27.248266220092773,590700
2009-12-14,27.153184832258184,27.609542266573783,27.153184832258184,27.56200408935547,502300
2009-12-15,27.504967413441104,28.018367170322154,27.352848832632162,27.856740951538086,891900
2009-12-16,27.82821185116442,29.444471760978335,27.714122041657127,28.893041610717773,1572400
2009-12-17,28.759946431109107,29.130735242826606,28.52226092341399,28.902557373046875,929200
2009-12-18,28.883538407389093,29.47299918906475,28.265556529007313,29.054672241210938,8298500
2009-12-21,29.26383178705587,29.26383178705587,28.41767039444473,28.997623443603516,885900
2009-12-22,28.84551065866057,29.330389266575654,28.61733281024106,29.073688507080078,420900
2009-12-23,29.168764114379883,29.415957245752168,28.721914225077658,29.168764114379883,845700
2009-12-24,29.27334253540932,29.64413127793326,29.168760351252857,29.282848358154297,170800
2009-12-28,29.368417304162847,29.587089323762726,29.11171836415687,29.434968948364258,250100
2009-12-29,29.39694029155362,29.60610286150533,29.187777721601904,29.472999572753906,283400
2009-12-30,29.387432654729043,29.472999572753906,28.95009224117647,29.472999572753906,175200
2009-12-31,29.339897675428958,29.473000970492727,28.72191394629829,28.788467407226562,154600
2010-01-04,28.91205931858188,28.997626229576912,28.20851057193083,28.3796443939209,390000
2010-01-05,28.379644512348914,28.588807065989524,28.037376866940498,28.569791793823242,430000
2010-01-06,28.52225535575529,29.349401558966505,28.52225535575529,28.940582275390625,848900
2010-01-07,28.864520518387955,29.168757592546058,28.332103825215274,28.893041610717773,426600
2010-01-08,28.721906016624416,28.77895182452776,28.503235859849276,28.52225112915039,253200
2010-01-11,28.550776368890823,28.62683563892193,28.28456801708393,28.45570182800293,676500
2010-01-12,28.51274933866195,28.883538099053546,28.370138416464897,28.674375534057617,742000
2010-01-13,28.617329128160296,28.797970581606936,28.617329128160296,28.664865493774414,394400
2010-01-14,28.6078232047191,28.61733084109024,28.417674104088782,28.436689376831055,301100
2010-01-15,28.303587267802875,28.446198192489696,27.24826316100708,27.52397918701172,766000
2010-01-19,27.41939813263129,27.41939813263129,26.440133265967184,26.573238372802734,1531700
2010-01-20,26.440129457718516,26.71584545544049,26.32604145503061,26.611263275146484,957600
2010-01-21,26.611273372226464,27.001077520539212,26.53521407044341,26.658811569213867,681800
2010-01-22,26.810921000978176,26.97254718865074,26.554220265251843,26.630279541015625,595600
2010-01-25,26.601759470884634,26.848952596840515,26.53520782416504,26.573238372802734,256500
2010-01-26,26.459146950402456,27.333829569151142,26.459146950402456,26.953533172607422,302600
2010-01-27,26.83944328687879,27.79969281937528,26.63028072259692,27.4764404296875,475200
2010-01-28,27.33383277757027,27.600041193096292,27.162698925689003,27.352848052978516,495200
2010-01-29,27.409889166267245,27.476440809759502,26.620773454265926,26.73486328125,389800
2010-02-01,26.820425255828713,27.05811070537018,26.810919433635597,27.010574340820312,400800
2010-02-02,26.991560062077713,27.181709154060787,26.525696781454936,26.582740783691406,536200
2010-02-03,26.582740367776456,26.744366549414412,26.525696366432502,26.611263275146484,309300
2010-02-04,26.554222906390645,26.56373054348129,26.34505851718918,26.383089065551758,617700
2010-02-05,26.38309049756183,26.44964214741225,25.337273934979187,26.335554122924805,645500
2010-02-08,26.364071742504247,26.535205570043583,26.03131172377734,26.268997192382812,632500
2010-02-09,26.221461521040222,26.7158477440965,26.221461521040222,26.46865463256836,1451000
2010-02-10,26.5827426450298,26.706340107492,26.154909878205004,26.46865463256836,496600
2010-02-11,26.335546794089638,26.791902391834576,26.335546794089638,26.63978385925293,346900
2010-02-12,26.345058915282383,26.99156374004452,26.17392688525392,26.915504455566406,875600
2010-02-16,26.715850443321315,27.01057995425355,26.573239506637748,26.858461380004883,213500
2010-02-17,26.6873220613949,26.9059922403891,26.47815951801733,26.5637264251709,456100
2010-02-18,26.402105004377777,26.71584978268181,26.2975228071443,26.62077522277832,613800
2010-02-19,26.45914571719807,26.839442096016985,26.45914571719807,26.630279541015625,152500
2010-02-22,26.62077160762948,27.020083254279765,26.516189424598448,26.848949432373047,290500
2010-02-23,27.020083555979536,27.020083555979536,26.449638081053074,26.630279541015625,390400
2010-02-24,26.611263691507705,26.620771327446473,26.506681509577405,26.582740783691406,263000
2010-02-25,26.459144234819146,26.67781441371446,26.459144234819146,26.601755142211914,328900
2010-02-26,26.69683185499838,26.905994415283203,26.5827420317727,26.905994415283203,632800
2010-03-01,27.05811402973049,27.32432241874588,26.829936187744277,27.001070022583008,321800
2010-03-02,27.00106492078535,27.238750354618666,26.421113695341308,26.63978385925293,468000
2010-03-03,26.563728479098877,26.744368129593763,26.02180590082179,26.268997192382812,663200
2010-03-04,26.21195529678116,26.563730616516764,25.7175690470865,25.898210525512695,294700
2010-03-05,25.9267287651599,26.221458209087885,25.917221129756285,26.031309127807617,716400
2010-03-08,25.898207835293096,27.904273723642294,25.831656195785126,27.60003662109375,680100
2010-03-09,27.352849766610728,27.495460714314078,26.592255023198554,27.048612594604492,706800
2010-03-10,26.95353428249722,27.371861242619268,26.95353428249722,27.12466812133789,413000
2010-03-11,27.181712818939662,27.191220456160334,26.620774916694742,26.801416397094727,479100
2010-03-12,27.029594749958633,27.29580134347386,26.620775408892925,26.810924530029297,537800
2010-03-15,26.687326011657646,26.801415842548693,26.516192172019245,26.715848922729492,463300
2010-03-16,26.677817802225224,26.76338472020847,26.601758521061928,26.668310165405273,623800
2010-03-17,26.763382820253202,26.763382820253202,26.62077190487063,26.630279541015625,415200
2010-03-18,26.630277996001592,27.096141259701206,26.620770360408205,26.972545623779297,232800
2010-03-19,26.8964900970459,27.12466794286668,26.411611494653116,26.8964900970459,462000
2010-03-22,26.8299379914258,27.35284716785262,26.753878705650536,26.810924530029297,253800
2010-03-23,26.668311596031867,27.020086923655853,26.440133740301334,26.62077522277832,341500
2010-03-24,26.620768589331238,26.8679616581254,26.449634786827897,26.63978385925293,628600
2010-03-25,26.687326870691845,27.03910219831583,26.54471593753481,26.62077522277832,230300
2010-03-26,26.63978434694998,26.744364706641957,26.592246171275463,26.687320709228516,314300
2010-03-29,26.677819233361856,26.839445441178864,26.3830897297178,26.62077522277832,317000
2010-03-30,26.72535494324943,26.82993531739456,26.468654199318582,26.535205841064453,732900
2010-03-31,26.55422376051412,26.963043101579828,26.55422376051412,26.810924530029297,480200
2010-04-01,26.858456365498427,27.020082547136386,26.497175272458577,26.611263275146484,537000
2010-04-05,26.31653655042148,26.67781768095578,26.173925625563104,26.516191482543945,406400
2010-04-06,26.35455941816119,26.80140918022671,26.230963794366065,26.772886276245117,543700
2010-04-07,26.639792729677435,26.79191131291099,26.164421703723434,26.440135955810547,548500
2010-04-08,26.297524911039854,26.554225699297326,26.164421604564073,26.28801727294922,318300
2010-04-09,26.440128963594493,26.706337320551444,26.278502784977068,26.601755142211914,411400
2010-04-12,26.506691152250966,26.89649711396051,26.402110745672264,26.658811569213867,181300
2010-04-13,26.620769076680173,26.94402141768297,26.61126144154527,26.687320709228516,938700
2010-04-14,26.63978901202647,27.229247986446847,26.63978901202647,27.153188705444336,1019800
2010-04-15,26.991563701319006,27.115161171791346,26.744370573770702,26.801416397094727,438900
2010-04-16,26.677812585700366,26.810917661756267,26.620768589331238,26.63978385925293,356700
2010-04-19,26.639786879707145,27.086634893155455,26.525697060637285,26.848949432373047,295500
2010-04-20,26.934518831317867,27.31481524101917,26.801415541271492,26.8964900970459,177100
2010-04-21,26.96303534266396,27.19121313432904,26.620767748468396,26.772886276245117,406100
2010-04-22,26.630283046289385,26.963043101579828,26.620775408892925,26.810924530029297,225800
2010-04-23,26.696834239366385,26.99156374004452,26.67781896489776,26.915504455566406,211700
2010-04-26,26.82042867103474,27.229247986446847,26.82042867103474,27.153188705444336,344800
2010-04-27,27.124665220045475,27.191216858388096,26.896487397129583,27.105649948120117,221200
2010-04-28,26.93452369748838,26.93452369748838,26.38309335044733,26.43062973022461,518600
2010-04-29,26.487671508966905,26.687326449556846,26.32604530370041,26.6492977142334,532000
2010-04-30,26.544709323040415,27.314809620909486,26.544709323040415,26.63978385925293,269600
2010-05-03,26.52570028304802,26.848952694053327,26.421119900708455,26.763385772705078,530400
2010-05-04,26.63978841878432,27.058113548284283,26.563729139475576,26.953533172607422,471600
2010-05-05,26.69683185499838,27.15318752110866,26.620772577313332,26.905994415283203,423100
2010-05-06,26.810919999944485,27.04860545450642,26.41160836374459,26.611263275146484,604500
2010-05-07,26.4116066631177,26.839439365743633,26.107367777615448,26.35456085205078,1907800
2010-05-10,27.07712836016368,27.08663599658983,26.288012670755556,26.45914649963379,889100
2010-05-11,26.30703166294834,27.105655101693586,26.202449460870884,27.058116912841797,584200
2010-05-12,27.428903974446595,28.82649390426859,26.92501011835751,28.446197509765625,2098900
2010-05-13,28.199005601272574,29.929355630021494,28.094423408305445,28.807479858398438,1505400
2010-05-14,28.693389016395177,29.415953032278107,28.61732974174414,29.311370849609375,1102700
2010-05-17,29.263834416131253,30.186053345843057,29.026148956715165,29.23531150817871,1406200
2010-05-18,29.282850825127102,29.61561086451643,28.626840196686903,28.807479858398438,1480700
2010-05-19,28.560290721281234,28.988123535802707,28.141963731027747,28.512752532958984,735000
2010-05-20,28.018364271896733,28.788466547648056,27.54299330269552,27.799694061279297,572200
2010-05-21,27.457428599798256,27.8187115810594,27.05811688089706,27.581026077270508,1018600
2010-05-24,27.390872368863644,28.26555494908729,27.390872368863644,27.790184020996094,964300
2010-05-25,27.21024140097859,28.26556396484375,27.020092243732506,28.26556396484375,1114400
2010-05-26,28.56979307362613,28.72191163097831,27.58102245083697,27.809200286865234,4949700
2010-05-27,27.99935123662219,28.45570693877231,27.87575376725047,28.29408073425293,736200
2010-05-28,28.122947716175563,28.9025558501952,28.122947716175563,28.759944915771484,515900
2010-06-01,28.835998467475516,28.97860937354018,28.1514650303275,28.237031936645508,673000
2010-06-02,28.113440562982216,28.769453048706055,27.809203414065784,28.769453048706055,757500
2010-06-03,28.617333336446432,29.282851619891563,28.569795150445536,29.197284698486328,667300
2010-06-04,28.788468159849472,28.997630745188772,28.436692825046194,28.541275024414062,896100
2010-06-07,28.588807167525307,29.0736857291106,28.103928605940013,28.122943878173828,692100
2010-06-08,28.037376966517826,28.26555479313511,27.87575077932273,28.122943878173828,935700
2010-06-09,28.34161600146776,28.51274983645046,27.428904632755074,27.52397918701172,791200
2010-06-10,27.77116894334024,28.0849154989402,27.40038019711656,28.018362045288086,640900
2010-06-11,27.761666954184907,28.15147102670973,27.761666954184907,28.094425201416016,234800
2010-06-14,28.189500849961526,29.016647214634997,28.103933922119563,28.902557373046875,424700
2010-06-15,28.997626841024026,29.14974539413475,28.199003530494622,29.02614974975586,688400
2010-06-16,28.845504601873984,28.969100230459137,28.636342071423737,28.731414794921875,390900
2010-06-17,28.91206453623044,29.092706026863645,28.7029019457159,28.85502052307129,279900
2010-06-18,28.902557373046875,28.997631938804226,28.71241005492869,28.902557373046875,332800
2010-06-21,28.997626283252036,29.09270083046652,28.417673177300223,28.493732452392578,223700
2010-06-22,28.655357852576877,29.26383385002043,28.655357852576877,29.149744033813477,797600
2010-06-23,28.997626710718023,29.06417835073038,28.531763417235343,28.87403106689453,468900
2010-06-24,28.826499868960568,28.978618458237673,28.617337262053706,28.6363525390625,211500
2010-06-25,28.626840267049985,29.406448364257812,28.626840267049985,29.406448364257812,1496400
2010-06-28,29.29235889428965,29.57758256657323,29.05467340741817,29.30186653137207,634400
2010-06-29,28.902550102745955,29.244817728017992,28.1799861235028,28.237031936645508,295400
2010-06-30,28.13245366269787,29.016643941735918,28.04688674450733,28.427183151245117,503400
2010-07-01,28.474718791448467,28.84550752821596,28.141958785259003,28.712404251098633,664000
2010-07-02,28.959601657854353,29.206794805775598,28.45570953740414,28.645856857299805,386100
2010-07-06,28.855015436128976,28.855015436128976,28.29407760099681,28.569791793823242,471900
2010-07-07,28.56979189529149,28.56979189529149,27.904273687673452,28.122943878173828,344400
2010-07-08,28.122943245939496,28.237033063381357,27.951809426474764,27.96131706237793,393900
2010-07-09,27.913784522827655,28.31309621851975,27.676099032853706,27.92329216003418,335200
2010-07-12,27.78067830839046,28.332108550622014,27.714126663992975,27.75215721130371,358900
2010-07-13,27.961318765327444,27.961318765327444,27.390873270168104,27.771169662475586,860900
2010-07-14,27.80919364834022,27.932789266660908,27.542985329824216,27.86623764038086,500900
2010-07-15,27.790192013631017,28.00886226822883,27.51447773900697,27.571521759033203,427700
2010-07-16,27.476439948317086,27.80919996874196,27.333829029105345,27.428903579711914,483600
2010-07-19,27.381364339179584,27.619049799809254,27.229245789448285,27.33382797241211,402400
2010-07-20,27.115158262358168,27.438410639590753,27.020083713749255,27.381364822387695,396300
2010-07-21,27.428905251100712,27.828216937263498,27.010578290978668,27.12466812133789,749400
2010-07-22,27.257766878072147,27.457421781243816,27.219736336479812,27.371856689453125,170900
2010-07-23,27.457427059964665,28.14196243306115,27.438413598909168,27.999351501464844,359400
2010-07-26,28.046886803628464,28.664868692554577,27.6951114932818,28.50324249267578,325700
2010-07-27,28.522252668918757,28.607819571997194,28.046881791103445,28.141956329345703,187700
2010-07-28,27.970822077548263,28.218015147681378,27.56200283899718,27.68560028076172,270300
2010-07-29,27.76166427376537,28.141960672023195,27.514471161548713,27.704618453979492,150100
2010-07-30,27.50496355424964,28.360630904591318,27.33382972150205,28.227527618408203,277800
2010-08-02,28.531765402932535,28.588809410713708,27.82821659564371,27.942304611206055,374000
2010-08-03,27.961318950651787,28.122945145128238,27.343337082381694,27.400381088256836,291200
2010-08-04,27.42890685956363,28.075411704919585,27.42890685956363,27.980337142944336,126200
2010-08-05,27.333828338091813,27.533483257261622,26.43062285025726,27.19121742248535,829900
2010-08-06,26.99155963491036,27.57151272422389,26.430621817173424,27.096141815185547,1452300
2010-08-09,27.09614032217511,27.267274130142734,27.020081053455723,27.067617416381836,331500
2010-08-10,26.829937173115304,27.134176120333525,26.6492975082813,27.02008628845215,320700
2010-08-11,26.715844902946017,28.80747577179759,26.63978563159498,26.972545623779297,675100
2010-08-12,26.639787928042345,27.562006899346844,26.62077265521638,26.94402503967285,375100
2010-08-13,26.78240116107881,26.972550278972278,26.7728935238445,26.915504455566406,265600
2010-08-16,26.753878705650536,27.248264969887973,26.620775408892925,26.810924530029297,517800
2010-08-17,26.858459098016162,27.09614457675967,26.620773619272658,27.001070022583008,312200
2010-08-18,26.877475681463714,27.077130622908662,26.620774916694742,26.801416397094727,276500
2010-08-19,26.7919073936432,27.001069961642752,26.592250648983203,26.925010681152344,290500
2010-08-20,26.791903247297558,27.09614032217511,26.687321072784897,27.067617416381836,296600
2010-08-23,27.05811170025295,27.096142244008018,26.44012987140217,26.582740783691406,204200
2010-08-24,26.62077522277832,26.93452000108235,26.62077522277832,26.62077522277832,230100
2010-08-25,26.497177978285038,26.829936197935307,26.33555178014221,26.402103424072266,365000
2010-08-26,26.335554988769942,26.544717582804616,26.05033129138101,26.240480422973633,251700
2010-08-27,26.240478741017593,26.89649120822704,26.06934489623283,26.544715881347656,329200
2010-08-30,26.30702978222296,26.82993712843391,26.30702978222296,26.383089065551758,227700
2010-08-31,26.335552257640988,26.687325757191193,26.069343863697767,26.44964027404785,579200
2010-09-01,26.459155691154606,26.85846749278678,26.449648051425644,26.75388526916504,738300
2010-09-02,26.658800902781756,27.08663362410782,26.620770360408205,26.972545623779297,400800
2010-09-03,27.02959417394367,27.02959417394367,26.744370498317384,26.763385772705078,318900
2010-09-07,26.668312480860166,26.982057269573943,26.44013461755892,26.487672805786133,320800
2010-09-08,26.468650512488903,26.639784317938837,26.173921077211787,26.202442169189453,249300
2010-09-09,26.316541693400474,26.611271237492247,26.316541693400474,26.43062973022461,306900
2010-09-10,26.3355480464034,27.029589110984844,26.29751750475158,26.478158950805664,324500
2010-09-13,26.430626102971345,26.80141670525531,26.36407445505782,26.62077522277832,326300
2010-09-14,26.48766940891224,26.725354879377292,26.392594858046973,26.45914649963379,229400
2010-09-15,26.326045100246482,27.333831059380486,26.050329064347697,27.02008628845215,708600
2010-09-16,26.915502672602152,26.915502672602152,26.43062408615037,26.46865463256836,518700
2010-09-17,27.029594560985842,27.029594560985842,26.497179564281268,26.62077522277832,747900
2010-09-20,26.620774916694742,26.858460407022374,26.6017596422534,26.801416397094727,254800
2010-09-21,26.715846452924403,26.7253540890694,26.57323553754183,26.630279541015625,190500
2010-09-22,26.668305802256047,27.191214861423347,26.620769439329933,27.067617416381836,244000
2010-09-23,26.563730944878788,27.048609563450388,26.154911610785295,26.915504455566406,492600
2010-09-24,27.02959625605061,27.3338334161038,26.601761616352988,26.991565704345703,798400
2010-09-27,26.62077200937579,27.04860657059923,26.097864713121524,26.18343162536621,817200
2010-09-28,26.20244816112265,26.326045632609883,25.708063715362897,25.907718658447266,9182900
2010-09-29,25.907721952377607,26.55422686371801,25.888706675362506,26.497182846069336,1551000
2010-09-30,26.468653353343065,26.79190572868819,26.268996621090523,26.630279541015625,1256500
2010-10-01,26.373580444247814,27.324322357076056,25.793627297135778,26.925010681152344,1222000
2010-10-04,26.905995223427546,27.020085050080013,26.61126574022007,26.69683265686035,947300
2010-10-05,26.65880654796665,26.8584614975179,26.2404795602543,26.335554122924805,1961400
2010-10-06,26.307030388790245,26.630282803740037,26.183434730554804,26.544715881347656,359400
2010-10-07,26.61126341883138,26.61126341883138,26.221459416316794,26.27850341796875,422700
2010-10-08,26.36407445505782,26.668311596031867,26.15491187398727,26.62077522277832,518900
2010-10-11,26.54471612311766,26.858460903615182,26.402105188963585,26.810924530029297,439000
2010-10-12,27.153184465432645,27.276781911134478,26.725351756623876,27.219736099243164,785500
2010-10-13,27.32432241874588,27.333830055503174,26.867966734773457,27.001070022583008,824600
2010-10-14,26.867971677754905,27.257775789535984,26.725360726951497,27.21023941040039,1269900
2010-10-15,27.25776734984248,27.55249679870006,27.020081900964676,27.457422256469727,551000
2010-10-18,27.571516949275704,28.12294721572536,27.52398057644585,28.075410842895508,676100
2010-10-19,27.856729262825706,28.27505609121819,27.286285730849126,28.037370681762695,1110100
2010-10-20,28.046885162119814,28.26555535698227,28.046885162119814,28.208511352539062,567500
2010-10-21,28.218019150777096,28.313093700992166,27.542991476306685,27.875751495361328,1037000
2010-10-22,27.79969495211671,28.40816923190591,27.55250182260325,28.341617584228516,447300
2010-10-25,28.455701684436338,28.493730412562005,28.189493333972536,28.3035831451416,360300
2010-10-26,28.484220590548162,28.52225112915039,28.34160969758159,28.52225112915039,531500
2010-10-27,28.398661558352806,28.522257208361346,28.21802008828223,28.417675018310547,672700
2010-10-28,28.42718148235278,28.446196754922404,27.980333457343804,28.1324520111084,457600
2010-10-29,28.00885753244515,28.417676869202165,27.40038325265595,28.341617584228516,568000
2010-11-01,28.332104665091247,28.332104665091247,27.866241404802118,28.237031936645508,607900
2010-11-02,28.208514447534636,28.208514447534636,27.837725657877115,27.8947696685791,604300
2010-11-03,27.771170774466224,28.065902077027623,27.704619129822138,27.942304611206055,465100
2010-11-04,28.398659292281685,29.168759667706322,28.303584746494366,29.00713348388672,2804500
2010-11-05,29.121221283266888,29.282847465949562,28.712403822030584,28.778955459594727,852200
2010-11-08,28.674368821948246,28.97860586832502,28.5888019259803,28.617324829101562,1408100
2010-11-09,28.731422759051945,28.864527872957783,28.465216158033197,28.512752532958984,786000
2010-11-10,28.446196632648597,29.02614974975586,28.446196632648597,29.02614974975586,734200
2010-11-11,28.7979715136155,28.902551884030384,28.50324023440184,28.60782241821289,322300
2010-11-12,28.645853418828526,28.84551016615942,28.493734855812754,28.50324249267578,271400
2010-11-15,28.465208698238943,29.04515993661256,28.37964179507962,28.626834869384766,242000
2010-11-16,28.66487186535176,28.912065010962262,28.53176856132938,28.902557373046875,582600
2010-11-17,28.864522558749893,29.092700380497796,28.797970920747936,29.045162200927734,438700
2010-11-18,29.16876244795276,29.5110301200522,29.140239537479037,29.472999572753906,528100
2010-11-19,29.472997889068402,29.568072438486574,29.06417859594761,29.216297149658203,1999200
2010-11-22,29.130726580802932,29.42545782835201,28.921564049048467,29.368412017822266,1020100
2010-11-23,29.187773950694282,29.282846679864512,28.950088500976562,28.950088500976562,320100
2010-11-24,29.092704277202124,29.225807571034014,28.978614444348803,29.08319664001465,416900
2010-11-26,28.90255453276972,29.054673097674062,28.427183564094573,28.959598541259766,158200
2010-11-29,28.807478757169186,28.807478757169186,28.493734003657707,28.598316192626953,1118200
2010-11-30,28.332105641556446,28.883535827168608,28.332105641556446,28.778955459594727,1028600
2010-12-01,28.95008695431334,29.511024730750645,28.81698187647325,29.368412017822266,596600
2010-12-02,29.311379486832717,29.568080294445895,29.311379486832717,29.444482803344727,424200
2010-12-03,29.51103289769603,30.38571380712808,29.42546597161742,30.014925003051758,1048300
2010-12-06,29.957873252006184,30.44275177007525,29.54905400265015,30.34767723083496,648000
2010-12-07,30.61389880288496,31.27941905166816,29.6726624525383,30.908626556396484,689400
2010-12-08,31.07975294765626,31.906901052993273,30.880098009178788,31.659706115722656,942600
2010-12-09,31.849851042978884,31.849851042978884,31.67871722484338,31.764284133911133,867500
2010-12-10,31.773792970859425,31.773792970859425,30.680441947698647,31.374483108520508,748600
2010-12-13,31.555129042566723,31.612174874301274,31.24138603500993,31.34596824645996,308800
2010-12-14,31.25088903535562,31.64069311665602,31.222367935463115,31.555126190185547,707500
2010-12-15,31.602666192397006,31.688233118867483,31.498083990400538,31.555126190185547,758500
2010-12-16,30.566353792839948,31.878375014586,30.566353792839948,31.859359741210938,871200
2010-12-17,31.716748250150975,32.52487736056669,31.67871770625576,32.258670806884766,864100
2010-12-20,32.258678726461234,32.876662522701835,32.06852958709542,32.71503448486328,464200
2010-12-21,32.70552623799849,32.952717562113484,32.6009440377523,32.743553161621094,747100
2010-12-22,32.61044285250198,32.800591936914984,32.59142758138147,32.753055572509766,304100
2010-12-23,32.64847268343476,32.80059122229255,32.3727566983825,32.5153694152832,499300
2010-12-27,32.43931611837688,32.93370239502278,32.25867644349956,32.89567184448242,224800
2010-12-28,32.791090808000995,32.876657726894074,32.534390051321765,32.619956970214844,204900
2010-12-29,32.54387925061215,32.76254934790501,32.45831237542879,32.667476654052734,253500
2010-12-30,32.686497140017565,33.14285267163703,32.553393896644145,32.69600296020508,333200
2010-12-31,32.562903800459104,32.74354342100637,32.32521837125867,32.40127944946289,395600
2011-01-03,32.44882325017299,33.618235394759964,32.44882325017299,32.77207565307617,926000
2011-01-04,32.743544982483066,33.03827623439183,32.37275627553489,32.5819206237793,509100
2011-01-05,32.34423755688813,32.72453211357789,32.325222285034805,32.629459381103516,469200
2011-01-06,32.80059419963842,32.80059419963842,32.5534029116037,32.648475646972656,436000
2011-01-07,32.72452830550564,32.78157411442734,32.51536759304308,32.55339813232422,275500
2011-01-10,32.51538139742622,32.69602109551431,32.36326280251167,32.600948333740234,349200
2011-01-11,32.629448378180015,32.676984728387545,32.144571803197536,32.268165588378906,479200
2011-01-12,32.32522678432193,32.515375902529435,32.144587116760825,32.4202995300293,816900
2011-01-13,32.363256377955516,32.363256377955516,32.135076717483834,32.325225830078125,326400
2011-01-14,32.239664906860966,32.467844609770765,32.02099465608547,32.06853103637695,819000
2011-01-18,31.973436259965155,32.26816379090893,31.830823590495633,31.935405731201172,512100
2011-01-19,31.973447313700678,32.135071676637494,31.726252418066366,31.92591094970703,759000
2011-01-20,31.764284133911133,31.887881586296157,31.593150315775627,31.764284133911133,483200
2011-01-21,31.849850556721666,31.992463278588033,31.479061832019713,31.716747283935547,434700
2011-01-24,31.66921132851422,32.30620660702718,31.66921132851422,32.17310333251953,450100
2011-01-25,32.03999894822145,32.47733929982449,31.992462584228445,32.44881820678711,739800
2011-01-26,32.5438875296172,32.61994860548122,32.315711555608594,32.38226318359375,570800
2011-01-27,32.315711712472165,32.61043931589656,32.22063536718064,32.53438186645508,586600
2011-01-28,32.496358986975004,32.5534048075943,31.98295748177916,32.08753967285156,495200
2011-01-31,32.04001485653925,32.39178847689859,31.868880959760357,32.163612365722656,329300
2011-02-01,32.37276710756967,32.72454066176459,32.23015797160627,32.49636459350586,899300
2011-02-02,32.39177551555656,32.59143043964345,32.18261114167937,32.21113586425781,279000
2011-02-03,32.211141915437096,32.33473577158971,32.13508080999568,32.1826171875,411200
2011-02-04,32.13507262677644,32.33472753752822,32.078030439014334,32.097042083740234,274400
2011-02-07,32.22065030718714,32.372768903395894,32.030501155227846,32.230159759521484,657000
2011-02-08,32.18259811350217,32.32521078828453,32.07801959569156,32.10654067993164,299100
2011-02-09,32.04001060756219,32.315726696563495,32.030501155227846,32.230159759521484,295200
2011-02-10,32.2016242636937,32.268175900610956,32.03999989597813,32.097042083740234,635300
2011-02-11,32.23965596549639,32.363253421410334,31.906897768950017,32.19211959838867,756500
2011-02-14,32.13508080999568,32.23015719179745,31.92592002361802,32.1826171875,361200
2011-02-15,32.087546313852215,32.27769546181149,32.059025211035994,32.06853103637695,298100
2011-02-16,32.13507604330468,32.230152411003495,32.01147857869251,32.08753967285156,470200
2011-02-17,32.05901833116145,32.154091071341774,31.669214293553996,31.783302307128906,1374000
2011-02-18,31.650196876764948,32.18260998858715,31.650196876764948,32.116058349609375,406100
2011-02-22,31.811826969596975,32.078037200167884,31.536110914659552,31.555126190185547,679700
2011-02-23,31.52659790155031,31.58364371512061,30.85157209486638,30.965660095214844,474500
2011-02-24,30.880100176841523,31.032218753996684,30.708966324192847,30.842069625854492,711100
2011-02-25,30.94665058056758,31.136799701047043,30.76601091084814,30.88960838317871,1195800
2011-02-28,31.02270660528942,31.051227699318844,30.62339315491644,30.75649642944336,2232300
2011-03-01,30.52832866195537,31.070251355510173,29.368422167851946,29.492019653320312,6824300
2011-03-02,29.368413365788598,29.88181480374479,29.24481773075992,29.767724990844727,2371000
2011-03-03,30.005411860424168,30.22408386106025,29.577579121919435,29.75821876525879,1253300
2011-03-04,29.748710475347007,30.04343991254737,29.511025035870205,29.634620666503906,954200
2011-03-07,29.577582076605673,30.423741815564227,29.577582076605673,30.376205444335938,1710800
2011-03-08,30.357182356081857,30.81353793062728,30.157525658845824,30.708955764770508,830300
2011-03-09,30.58536557235093,31.079751801873464,30.518813928645258,30.81354522705078,719700
2011-03-10,30.58536708830622,30.804040930512016,30.366698686289553,30.43324851989746,879300
2011-03-11,30.347681311227255,30.689947159757182,30.1004882013246,30.613889694213867,490500
2011-03-14,30.366698109578376,30.4332479419224,29.948371147700787,30.19556427001953,399000
2011-03-15,29.59658875810653,30.224079957653398,29.587082936755195,30.167034149169922,761000
2011-03-16,30.052950475465046,30.281128301984136,29.663146461820414,29.691667556762695,714500
2011-03-17,30.1290182903132,30.195569948569204,29.4349751645372,29.444482803344727,861500
2011-03-18,29.815264940187646,30.176546044613563,29.64413111736626,30.062458038330078,795100
2011-03-21,30.20507153012648,30.566354478774983,30.04344532960401,30.33817481994629,431700
2011-03-22,30.24310580778059,30.30015163964221,30.033943197811276,30.14803123474121,632000
2011-03-23,30.052953042473863,30.385711267864536,29.853296293843133,30.376205444335938,704800
2011-03-24,30.376206845922013,31.241381898650385,30.33817629646756,30.88960838317871,1027700
2011-03-25,30.79452764470407,31.098764743631293,30.689945461924278,30.80403709411621,620200
2011-03-28,30.80404171459662,30.82305336268798,30.58536786682471,30.63290786743164,347500
2011-03-29,30.68994890665877,31.09876823425293,30.452263419768805,31.09876823425293,543000
2011-03-30,31.13679413114014,31.241376310035296,31.003690858652547,31.15580940246582,428900
2011-03-31,31.07975343702147,31.155814534853956,30.87059267156766,31.146305084228516,649400
2011-04-01,31.0132013014971,31.659706115722656,30.956159105813658,31.659706115722656,877400
2011-04-04,31.583646213655207,31.707240045979972,31.37448184080957,31.498079299926758,420900
2011-04-05,31.517089556317046,31.859353529963208,31.46954956875144,31.811817169189453,345200
2011-04-06,31.954442887525264,32.040009822470594,31.783309017634615,31.802324295043945,450500
2011-04-07,31.70724132713627,31.79280824432212,31.2603950945369,31.374483108520508,421200
2011-04-08,31.393498575711078,31.479065493424958,30.823051248687683,31.003694534301758,307700
2011-04-11,30.937143325805664,30.99418552055642,30.651921471673948,30.937143325805664,673000
2011-04-12,30.861084094060402,31.013202667236328,30.76601134587277,31.013202667236328,435000
2011-04-13,31.279401929706335,31.745263310092252,31.04171651573225,31.507577896118164,958900
2011-04-14,31.279420998878418,31.7738037697632,31.013210706716837,31.69774627685547,437000
2011-04-15,31.84985035847543,31.887880900975368,31.345958364123785,31.45054054260254,361100
2011-04-18,31.279410367999596,31.488571122504116,30.92763324912856,31.374483108520508,452800
2011-04-19,31.583652253875535,31.859364693691496,31.231875081942658,31.355472564697266,842800
2011-04-20,31.507592662851245,31.555129042566723,31.26990713748056,31.34596824645996,526800
2011-04-21,31.39349937438965,31.46005102021662,31.184334986480483,31.39349937438965,719600
2011-04-25,31.479071134355593,31.58365334439025,31.355473647333433,31.526607513427734,496800
2011-04-26,31.764293740225284,31.85936650047861,31.59315987033463,31.802324295043945,934400
2011-04-27,31.982957918596956,31.982957918596956,31.374483664184442,31.460050582885742,1043600
2011-04-28,31.307931464797353,31.52660166942951,31.2413798210742,31.374483108520508,1000000
2011-04-29,31.345966784471567,31.545621746040567,31.193848200400932,31.279415130615234,850000
2011-05-02,31.288922204642546,31.48857717418299,31.05123668086775,31.231876373291016,1213600
2011-05-03,31.241375878642,31.897386409754752,31.241375878642,31.745267868041992,1434400
2011-05-04,31.564630737172692,32.07803221622876,31.250884179929848,31.94492530822754,1394100
2011-05-05,31.887870544021958,32.48683507329188,31.6121546406362,32.47732925415039,1245300
2011-05-06,32.6009404549258,32.79108955931315,32.19212114987038,32.29670333862305,616300
2011-05-09,32.325233859124495,32.45833718296333,32.192130535285656,32.334739685058594,417300
2011-05-10,32.325230381220294,32.724540309774646,32.258678726461234,32.71503448486328,480700
2011-05-11,32.55339290171879,32.79107829384736,32.42979548231037,32.67698669433594,550500
2011-05-12,32.69600289999244,33.085806809207334,32.676987632861064,32.9907341003418,739000
2011-05-13,32.810092521086084,33.009751022580765,32.61994709382112,32.80058670043945,411100
2011-05-16,32.676984097240364,32.86713312118885,32.3252107603498,32.47732925415039,455500
2011-05-17,32.35375792186529,32.45834015067034,32.30622153426133,32.391788482666016,430500
2011-05-18,32.53437839139163,32.93368811858975,32.27767772671083,32.9146728515625,592400
2011-05-19,33.02877326770708,33.27596455144347,32.81960890138161,33.00975799560547,730500
2011-05-20,32.82911890247983,32.82911890247983,32.306211546903555,32.344242095947266,1072800
2011-05-23,32.03049215661547,32.30620816815742,31.830837235206086,32.277687072753906,585900
2011-05-24,32.20163435191044,32.29671073928675,31.944933546184426,32.06853103637695,420800
2011-05-25,31.925912055118495,32.344237150255715,31.925912055118495,32.17310333251953,513000
2011-05-26,32.068526380446364,32.23015440212314,31.963944182913067,32.125572204589844,1031300
2011-05-27,32.125563141317635,32.33472385058295,32.068517333267934,32.2491569519043,871600
2011-05-31,32.268170979307186,32.44881421778268,31.849845950085385,32.37275314331055,1351800
2011-06-01,32.39177408372573,32.42980462762094,32.1255675300438,32.258670806884766,2948000
2011-06-02,32.19212348961451,32.70552502073694,32.04951074426069,32.4202995300293,754000
2011-06-03,32.220645572654554,32.505867445286015,32.04000589957296,32.43931579589844,886200
2011-06-06,32.29669628664259,32.4107842736469,32.11605304486142,32.38226318359375,929700
2011-06-07,32.353730667232476,32.353730667232476,31.84983885487763,31.935405731201172,764300
2011-06-08,31.906893180737523,32.02098117074866,31.811816833401732,31.916399002075195,794600
2011-06-09,32.01147013348575,32.230143908106626,31.70723309069797,32.22063446044922,946800
2011-06-10,32.07802764054852,32.23014617263042,31.878369120422622,32.03999710083008,822500
2011-06-13,32.03048658627218,32.13506875362063,31.868862238036773,31.906892776489258,683000
2011-06-14,32.1255818049287,32.21114875331815,31.84035985256184,32.163612365722656,1274500
2011-06-15,31.91639783251125,32.18260434171281,31.754773488150786,32.154083251953125,1228500
2011-06-16,32.21112880024473,32.39176841192858,32.039995009474076,32.37275314331055,1049600
2011-06-17,32.42028833563669,32.505855227945055,32.106545481700344,32.20161819458008,818500
2011-06-20,32.05900492210756,32.3727477349101,31.982943860342683,32.268165588378906,607400
2011-06-21,32.325225830078125,32.562911314122815,32.030494524217346,32.325225830078125,759900
2011-06-22,32.10655016207938,32.667487954140995,32.10655016207938,32.5153694152832,795500
2011-06-23,32.23014636920247,32.657977249872744,32.10654892775965,32.63896560668945,1116700
2011-06-24,32.67699120976633,32.696006478979164,32.239650898246296,32.315711975097656,2212900
2011-06-27,32.31571861174103,32.41079135053845,32.19212114987038,32.29670333862305,484800
2011-06-28,32.296698820495465,33.209410041720524,32.23014718728897,32.5819206237793,441600
2011-06-29,32.73403249409165,32.73403249409165,32.54388345503053,32.67698669433594,416100
2011-06-30,32.80058487619037,33.142852429098106,32.667481633791,32.9146728515625,684700
2011-07-01,32.971721391735244,33.26645261495502,32.86713922779301,33.190391540527344,769100
2011-07-05,33.24744870107648,33.24744870107648,32.857644628487165,33.03828430175781,622700
2011-07-06,33.04777842376938,33.34250964328268,32.84812354609502,33.25694274902344,555000
2011-07-07,33.36153709033174,33.67528006595359,33.26646434057795,33.418582916259766,462600
2011-07-08,33.24744315889419,33.37103698625921,32.87665442321455,33.22842788696289,285300
2011-07-11,32.971725750207476,33.19990175006938,32.68650393698403,32.753055572509766,350400
2011-07-12,32.64846909808457,32.82910870976841,32.34423205377932,32.37275314331055,600800
2011-07-13,32.51537024594908,32.79108623804502,32.35374225421306,32.45832443237305,337000
2011-07-14,32.50586419784581,32.62946166012905,31.88788414001465,31.88788414001465,312400
2011-07-15,31.973451368954045,32.0019724656092,31.46955569169349,31.669214248657227,1034400
2011-07-18,31.5551167863996,32.14457927165986,31.393492432784033,32.03999710083008,743000
2011-07-19,32.1731019909714,32.344235801571685,31.650194737155918,31.735761642456055,1114300
2011-07-20,31.89739083559497,31.89739083559497,31.42201987343471,31.75478172302246,765200
2011-07-21,31.85936934413062,32.068533787509196,31.75479074923498,31.89739990234375,296300
2011-07-22,31.925915011419924,32.08753939491909,31.745271727753142,31.859359741210938,247100
2011-07-25,31.811808329437685,32.04949369405116,31.57412296482421,32.0114631652832,644400
2011-07-26,31.849853515625,31.95443570447057,31.697734957338493,31.849853515625,469500
2011-07-27,31.659710825547027,32.04000911171064,31.46956168246522,31.526607513427734,1017600
2011-07-28,31.65970846567417,31.70724484120301,31.374486585708144,31.593156814575195,469800
2011-07-29,31.374484256927314,31.735767212357526,31.18433514213285,31.659706115722656,726600
2011-08-01,31.89738828003247,31.89738828003247,30.984676976239815,31.1843318939209,887100
2011-08-02,30.94664578284727,31.013197420678527,29.796249041144417,29.90083122253418,972900
2011-08-03,30.17654797321266,31.878375047309234,29.853295579089952,31.783302307128906,2174000
2011-08-04,31.56462797256362,31.574133794620646,30.994180725755747,31.364973068237305,1809600
2011-08-05,31.403009112090817,31.735771009493757,30.518818705278335,31.545621871948242,1875200
2011-08-08,31.003692099161167,31.269898654787713,29.54905642567379,29.948368072509766,2519400
2011-08-09,30.10048653885131,30.518811643216385,29.358907250101346,30.357187271118164,2793900
2011-08-10,29.872310246092265,30.014921166864113,29.425462210768142,29.453983306884766,1484900
2011-08-11,29.672649634285317,30.632900848555828,29.444471828146227,30.34767723083496,814500
2011-08-12,30.604383141708915,30.8135475386423,30.148027424866584,30.63290786743164,405100
2011-08-15,30.699457013135188,30.870590846347245,30.41423335331633,30.623395919799805,465300
2011-08-16,30.794528608016062,31.184332629884906,30.60437950854024,30.899110794067383,1139500
2011-08-17,30.956156966967058,31.355466816332573,30.499801299066842,30.79452896118164,580900
2011-08-18,30.157531753439724,30.28112921322957,29.653639718070085,30.119503021240234,1216000
2011-08-19,30.100487669598632,30.518812789678403,29.8342792913146,30.081472396850586,1351000
2011-08-22,30.452252477158112,31.34595190787275,30.29062814501098,31.212848663330078,1790300
2011-08-23,31.279409800962124,32.325224434903774,30.775514130316775,32.29670333862305,1382100
2011-08-24,31.73576547541625,32.45832771993716,31.73576547541625,32.29670333862305,947600
2011-08-25,32.353744418808205,32.372759691272414,31.574136381737578,31.67871856689453,640100
2011-08-26,31.669199286744107,32.06850895843514,31.184319111929746,32.0114631652832,619000
2011-08-29,32.296690851004136,32.76255216849423,32.12555708590419,32.72452163696289,634400
2011-08-30,32.676994062853666,33.08581331964506,32.48684498091477,32.81960678100586,655900
2011-08-31,33.08580979433722,33.37103157345902,32.933691270352824,33.12384033203125,1374400
2011-09-01,33.266461451899346,33.31399782264844,32.66749302544143,32.838626861572266,555600
2011-09-02,32.562903455989954,32.791083061396954,32.125563141317635,32.2491569519043,398100
2011-09-06,31.916399338966826,31.916399338966826,31.26989467742655,31.811817169189453,531100
2011-09-07,32.08753365778445,32.6484714282811,31.887878763232735,32.63896560668945,491300
2011-09-08,32.3727566983825,32.89566394903166,32.23014760827385,32.5153694152832,381700
2011-09-09,32.36325780296409,32.41079417650761,31.58364967111346,31.792810440063477,589700
2011-09-12,31.38398054005002,31.621665954589844,30.93713442693344,31.621665954589844,477800
2011-09-13,31.69772752386578,32.049500927384926,31.517087911635226,32.0019645690918,370100
2011-09-14,32.192120397791854,33.29498082532222,32.040001843194304,33.02877426147461,845500
2011-09-15,33.3520252057983,33.3520252057983,32.91468120673745,33.07630920410156,771200
2011-09-16,33.0953277024739,33.53266811737953,32.99074551047633,33.066802978515625,648700
2011-09-19,32.56289451474076,32.87664093267668,32.382254945705135,32.667476654052734,391300
2011-09-20,32.791083580494394,33.53266096292102,32.58191924112613,33.15236282348633,771000
2011-09-21,33.18087868939869,33.428069875331545,32.990729670409095,33.27595138549805,712100
2011-09-22,32.553402081884244,32.64847481482999,31.868866798939543,32.258670806884766,655500
2011-09-23,32.001971332554064,32.27768734643378,31.250884381692376,31.498079299926758,681700
2011-09-26,31.64069862421675,31.963951110839844,30.937151441256468,31.963951110839844,756800
2011-09-27,33.066800485243164,33.14286157433998,32.24916191141405,32.79108810424805,519900
2011-09-28,32.91468147707976,33.21891857566041,32.43931055719845,32.486846923828125,692300
2011-09-29,32.886160838826726,32.886160838826726,31.944924808611454,32.79108810424805,797700
2011-09-30,32.372750207827266,33.16186746335799,32.15408007873583,33.05728530883789,960800
2011-10-03,32.87666218008627,33.409075412610335,31.17483302202683,31.431533813476562,1153000
2011-10-04,31.051224742789,32.98122929324919,31.051224742789,32.933692932128906,1177200
2011-10-05,32.952700602675854,33.19989179957142,32.35373243567174,32.562896728515625,806200
2011-10-06,32.496359503637585,32.81010245505044,32.249164570483074,32.619956970214844,478900
2011-10-07,32.62945109973651,33.27595567149748,32.37275043505571,32.9146728515625,852000
2011-10-10,33.133351527306395,33.2569489814637,32.65798060940075,33.22842788696289,412700
2011-10-11,32.962204960146586,33.39003934617545,32.8386111805756,33.27595138549805,666000
2011-10-12,33.428085359818894,33.475621729888275,33.08581769245129,33.352027893066406,609800
2011-10-13,33.323497475099614,33.399558555646955,32.90517241246507,33.01926040649414,603400
2011-10-14,33.266459858302355,33.35202677226877,32.94320747518394,33.18089294433594,450800
2011-10-17,32.962228010355645,33.25695937723223,32.230159759521484,32.230159759521484,542700
2011-10-18,32.296711418688226,32.41079945914644,31.982964773936374,32.230159759521484,853600
2011-10-19,32.05900173003123,32.71501200187549,32.01146175776615,32.353729248046875,753600
2011-10-20,32.29669896453545,32.78157566960127,32.020982981854885,32.734039306640625,703300
2011-10-21,32.76256394301591,33.04778577842452,32.64847593421095,32.87665557861328,471000
2011-10-24,32.90516680047901,33.18088273025177,32.78156937906513,33.05728530883789,497400
2011-10-25,32.82911647875661,33.04778667942468,32.258672792387074,32.29670333862305,456800
2011-10-26,32.600937152917055,32.81009788244489,32.059014617717246,32.45832443237305,576900
2011-10-27,32.90516680047901,33.275955437929326,32.73403302522635,33.05728530883789,547900
2011-10-28,32.99073525537471,33.304478107048475,32.77206511589505,33.2379264831543,650100
2011-10-31,32.85764498840938,33.82740226842833,32.61995948723198,33.418582916259766,1335100
2011-11-01,33.28547144362444,33.28547144362444,32.00197136325864,32.059017181396484,1055500
2011-11-02,32.56290350680439,34.22670149620315,32.201620642176096,34.03655242919922,2036600
2011-11-03,34.226711282248054,35.84297337371278,34.074592710509776,35.57676315307617,2097600
2011-11-04,35.082384301237425,36.45145159463655,35.07287484940652,36.09967803955078,1973000
2011-11-07,36.09016039921544,36.12819094432385,35.842969109595565,36.014102935791016,1152200
2011-11-08,36.128194619803345,36.128194619803345,35.71937528527794,35.938045501708984,916300
2011-11-09,35.13942466832694,35.795438992227254,34.816172232043705,35.61479568481445,645500
2011-11-10,35.93804553886768,36.365880148324166,35.57676257679412,35.86198806762695,721700
2011-11-11,36.08065341927392,36.28030833450181,35.8049374162684,35.91902542114258,577000
2011-11-14,36.34686844010374,36.34686844010374,35.12041031492159,35.405635833740234,798000
2011-11-15,35.20597695777186,35.99509460028599,35.129919479689484,35.852481842041016,819400
2011-11-16,35.56724759212637,36.03311263060997,35.21547417130723,35.23448944091797,460500
2011-11-17,35.091877531561096,35.32005714529568,34.559460850708355,34.654537200927734,604700
2011-11-18,34.78764299305162,35.01582262337189,34.407344818115234,34.407344818115234,724600
2011-11-21,34.13163427891089,34.97779395536763,33.846408819024106,34.740108489990234,951100
2011-11-22,34.673554716069944,35.19646198236282,34.578478359694415,35.0728645324707,933400
2011-11-23,34.89223574305709,35.196472924457595,34.5784891096666,34.987308502197266,681200
2011-11-25,34.76863998853991,35.45317549422325,34.616521390254,35.320072174072266,1169900
2011-11-28,35.919024006196736,36.26129163412872,35.4151320132925,35.44365310668945,935400
2011-11-29,35.766909469810074,35.900012756294764,35.519718170166016,35.519718170166016,801100
2011-11-30,36.17572651445548,37.38316909407433,36.06163850843886,37.34513854980469,1544100
2011-12-01,37.10745028005312,37.430702628297055,36.75567683916156,36.841243743896484,774200
2011-12-02,37.33563753189461,37.449725552593335,37.0789367652279,37.364158630371094,1477600
2011-12-05,37.677908814647346,37.791996846228216,36.59406344764619,36.831748962402344,1411900
2011-12-06,36.93632512023195,37.097953145599554,36.1091805986239,36.18524169921875,1001300
2011-12-07,35.90000667647708,36.73666042713756,35.50069688464782,36.670108795166016,837600
2011-12-08,36.337361121029396,36.67011937690978,36.128196716308594,36.128196716308594,819100
2011-12-09,36.30883467443032,37.05992170417612,36.156716103691295,36.993370056152344,811000
2011-12-12,36.57503607143293,36.79370623745257,36.21375319302174,36.670108795166016,903900
2011-12-13,36.537019350761916,37.03140568010986,36.33736437933101,36.6416015625,772900
2011-12-14,36.375401128883176,36.53702921615427,35.995106360634885,36.384910583496094,883500
2011-12-15,36.78421155565395,36.78421155565395,36.3183499448377,36.584556579589844,893100
2011-12-16,36.679627997362765,37.87756131819371,36.58455162155529,37.45923614501953,3969000
2011-12-19,37.45923148526308,37.57331949524712,37.07893328292634,37.145484924316406,980500
2011-12-20,37.14549126848643,38.02968165715882,37.07893961572985,37.86805725097656,863500
2011-12-21,37.94412163725525,37.963136916761314,37.40219886511044,37.554317474365234,1022700
2011-12-22,37.50676557682769,37.63986885152713,37.154992118437406,37.250064849853516,609000
2011-12-23,37.48774552689762,37.7254309519341,37.28809064029699,37.677894592285156,471700
2011-12-27,37.449719057134644,38.02016631527272,37.25006414884279,37.98213577270508,411200
2011-12-28,37.820519035172666,38.02017762967295,37.65889462135075,37.90608596801758,476900
2011-12-29,37.8395182432985,38.19129165036976,37.74444552575222,38.0391731262207,500800
2011-12-30,38.03917528705169,38.22932435973744,37.91558147257907,38.15326690673828,280800
2012-01-03,38.51455860238146,38.524068053824536,37.421207427978516,37.421207427978516,1294800
2012-01-04,37.269085656981225,37.37366785314762,36.67962665570754,37.05992126464844,660800
2012-01-05,36.94583295880852,37.29760646672531,36.546519451698245,37.20253372192383,635600
2012-01-06,37.116970661651,37.5448053113449,37.09795538535426,37.43071365356445,588700
2012-01-09,37.5447982510219,37.55430407398614,36.96484512680773,37.440216064453125,461100
2012-01-10,37.54479807540919,37.83952573422361,37.51627335306503,37.811004638671875,757300
2012-01-11,37.706425614404374,38.267363510310446,37.31662155974373,38.248348236083984,598700
2012-01-12,38.35292862975219,38.40046499968952,37.696918020314975,37.83952713012695,612000
2012-01-13,37.74446026858677,38.10574326460337,37.74446026858677,38.02968215942383,291900
2012-01-17,38.18179689284361,38.19130271663595,37.33563713040772,37.354652404785156,648500
2012-01-18,37.38317215211026,38.01066167672033,37.13598084772134,38.001155853271484,509400
2012-01-19,37.94410800122006,38.989922610661466,37.75395890128733,38.48603057861328,1044200
2012-01-20,38.38144071225402,38.61912613291141,37.8205029744309,38.0391731262207,862200
2012-01-23,37.963117092625076,38.21981779171863,37.449715694437955,37.99163818359375,617900
2012-01-24,37.70642495017884,38.40046612665139,37.70642495017884,38.01066207885742,666000
2012-01-25,37.97262420475998,38.36242817734644,37.7919845778318,38.31489181518555,607700
2012-01-26,38.28637966426948,38.70470482648561,38.04869417116634,38.1152458190918,526300
2012-01-27,37.953614525024584,38.47652546619396,37.953614525024584,38.2768669128418,457100
2012-01-30,38.143763628468676,38.495540739217624,38.077211986282116,38.2768669128418,381700
2012-01-31,38.37194902683575,38.780768391112396,38.02968131471642,38.086727142333984,569400
2012-02-01,38.3244056528714,38.56209111768923,37.83952527363931,37.95361328125,1148000
2012-02-02,38.048690852680394,38.048690852680394,37.440216623692386,37.52578353881836,680800
2012-02-03,37.9060724662187,38.62863822549176,37.687402299457425,38.609622955322266,834500
2012-02-06,38.00114964251879,39.15154631182235,37.972624923248965,39.07548522949219,978500
2012-02-07,38.96139609083734,39.056472440963375,38.78075646578575,38.90435028076172,474500
2012-02-08,38.78077033718694,39.123038066481755,38.714218681689964,38.79978561401367,385300
2012-02-09,38.8378100102162,38.97091693933015,38.552588129986546,38.676185607910156,277400
2012-02-10,38.448001861572266,38.54307822945598,37.877558161440376,38.448001861572266,363500
2012-02-13,38.54307217199307,38.94238197397099,38.38144418538865,38.47652053833008,377500
2012-02-14,38.28638014688222,38.657168940510196,37.72544223101628,38.64766311645508,416100
2012-02-15,38.695196562036635,39.465295189973155,38.647660191772694,39.26564025878906,1030800
2012-02-16,39.493812561035156,39.65543691520159,39.14203550762838,39.493812561035156,688300
2012-02-17,39.36071180503275,39.77903688962669,39.237114356051215,39.246620178222656,296800
2012-02-21,39.07549050275803,39.17056686850135,38.51455263864617,38.95189666748047,607900
2012-02-22,39.13251836472237,39.39872481305946,38.86631191638528,39.19906997680664,271200
2012-02-23,39.10401110293191,39.79805217911545,39.10401110293191,39.6934700012207,340200
2012-02-24,39.58889230737363,39.96919051973964,39.303670461495386,39.93115997314453,581700
2012-02-27,39.931155304710494,40.444556743344016,39.61740877217041,40.06425857543945,736100
2012-02-28,40.33998424182611,40.33998424182611,39.96919543391699,40.102298736572266,712000
2012-02-29,42.19391921471206,42.384068287070036,41.05302840735611,41.35726547241211,3615900
2012-03-01,41.41431198323864,41.82313122635182,40.91992583745546,41.072044372558594,886900
2012-03-02,40.87238945576752,41.49987886611771,40.2924364075909,40.549137115478516,741200
2012-03-05,41.224169381648856,41.45234540674114,40.74879843144865,41.423824310302734,879800
2012-03-06,40.96746457497867,41.65199983602868,40.891403489621034,41.64249038696289,994600
2012-03-07,41.585454223528664,42.90698494531221,41.27170764116945,41.984764099121094,1788100
2012-03-08,42.032303888358996,42.43161742320995,41.92772168573629,41.97526168823242,593100
2012-03-09,42.079840301497775,43.087628150548674,41.994273374438805,42.87846374511719,918200
2012-03-12,43.13516249679214,43.13516249679214,42.4791518380672,42.536197662353516,634900
2012-03-13,42.8024088799583,43.163691885886934,42.37457421856824,43.15418243408203,586100
2012-03-14,42.99254895449963,42.99254895449963,42.29850781763233,42.450626373291016,523400
2012-03-15,42.55520617462807,42.878458568179255,42.32703014788167,42.77388000488281,658200
2012-03-16,42.78338838761111,43.00205860415488,42.422105425724865,42.52668762207031,404400
2012-03-19,43.33481756066768,43.467920846435575,42.80240079080359,42.992549896240234,1090500
2012-03-20,43.049594992760696,43.258759385528144,42.707327305247695,43.20171356201172,879600
2012-03-21,43.27776927371887,44.009840930499145,43.12565072340039,43.543975830078125,815800
2012-03-22,43.515457399777155,43.97181307867587,43.38235411344743,43.81969451904297,1021800
2012-03-23,44.08589668393719,44.104911955339205,43.49643777764362,43.73412322998047,922800
2012-03-26,44.00033338183523,45.027136360936794,43.97181228579102,44.99861526489258,1414100
2012-03-27,45.09368943925357,45.18876218029093,44.51373628926494,44.58028793334961,1731600
2012-03-28,44.70388727157343,44.86551166346878,44.18097992036888,44.46620178222656,631800
2012-03-29,44.23801506594964,44.68486487527589,44.23801506594964,44.6278190612793,476900
2012-03-30,44.722897006061515,44.85600028332127,44.447181002142145,44.65634536743164,962900
2012-04-02,44.45669090359733,44.63733419084562,44.24753014590988,44.513736724853516,928800
2012-04-03,44.37112629509333,45.10319805209301,44.37112629509333,45.00812530517578,577600
2012-04-04,44.80846303040412,44.93205685581937,44.418659028942606,44.86550521850586,554700
2012-04-05,44.66585512576432,44.90354060661244,44.466200192282116,44.808467864990234,692400
2012-04-09,44.65634240416961,44.65634240416961,44.37111696977708,44.52323913574219,603000
2012-04-10,44.57078218301497,44.68487019780531,43.7626493757025,44.05738067626953,737500
2012-04-11,44.40915027064685,45.59757756515223,44.19048008367293,45.55004119873047,1382900
2012-04-12,45.37891280762623,45.53103137445175,44.93206293085446,45.13172149658203,725700
2012-04-13,45.20777101569028,45.22678628654825,44.789445937191125,44.903533935546875,473900
2012-04-16,44.99860873898052,45.16023309551486,44.589789496604084,44.72289276123047,496600
2012-04-17,45.131709197922355,45.6260953120803,44.846483789406506,45.34086990356445,608200
2012-04-18,45.302839116592324,45.635597229003906,45.13170533684024,45.635597229003906,463700
2012-04-19,45.635613091637566,45.81625275447993,45.01762938030457,45.274330139160156,436000
2012-04-20,45.483484925408106,45.73067618168671,45.24579949072825,45.60708236694336,853300
2012-04-23,45.36940882540525,45.8162550935212,45.17925970245728,45.76871871948242,677800
2012-04-24,45.63560897285144,46.0824588046175,45.35989296487697,45.41693878173828,726700
2012-04-25,45.901819023715504,46.20605614987227,45.61659717129261,46.082462310791016,808700
2012-04-26,45.968369307795605,46.871574836061804,45.968369307795605,46.805023193359375,902300
2012-04-27,47.03320495600834,47.213844619053745,46.776504196864224,46.995174407958984,782800
2012-04-30,46.89060338978074,46.976170329888845,46.46276868924024,46.5388298034668,679700
2012-05-01,46.72897157903103,46.947641807692015,45.72118373552162,45.7972412109375,1270100
2012-05-02,45.255310573367005,46.947633531242715,45.06516510495178,46.757484436035156,1651300
2012-05-03,46.928616987874506,46.9951686253756,46.05393262432948,46.43423080444336,1424400
2012-05-04,46.25359268523797,46.671917795691165,46.16802577323705,46.614871978759766,743200
2012-05-07,46.61488053731269,46.67192636471778,46.18704952555011,46.40571975708008,979700
2012-05-08,46.17753359420174,46.58635289958641,45.90181757395766,46.576847076416016,922400
2012-05-09,46.32964747510417,46.472260195809696,45.73067912564996,45.816246032714844,1109400
2012-05-10,46.08246088395145,46.206054719205895,45.730683770955665,46.12999725341797,473000
2012-05-11,45.98737817360145,46.60536177178398,45.95885708121494,46.529300689697266,450300
2012-05-14,46.31063743522678,46.424729075396066,45.82576065828126,46.291622161865234,505600
2012-05-15,46.424719750538436,46.67191100100268,46.18703432144936,46.48176193237305,763800
2012-05-16,46.614877223558544,46.81453579188653,46.358176458673505,46.56734085083008,463800
2012-05-17,46.49127085452822,46.49127085452822,45.359885903718165,45.578556060791016,487300
2012-05-18,45.57856803615165,45.740196054501595,44.894036294483904,44.98910903930664,695000
2012-05-21,45.32187617728623,45.32187617728623,44.80847817686722,45.23631286621094,1053400
2012-05-22,45.54053073537636,45.825752531633796,45.29333585230584,45.60708236694336,534000
2012-05-23,45.4549746520783,45.71167541784221,45.07467641536301,45.59758377075195,616000
2012-05-24,45.82576060185073,45.977879161763234,45.36940492211321,45.61659622192383,506200
2012-05-25,45.05566114084797,45.86379398716977,45.05566114084797,45.59758377075195,382600
2012-05-29,45.89230997223586,45.911325244632216,45.369402675109114,45.72117614746094,440100
2012-05-30,45.25532031091619,45.911334649196704,45.25532031091619,45.531036376953125,668500
2012-05-31,45.53102170996826,45.68314024450487,45.09368137652451,45.540531158447266,805500
2012-06-01,45.20777057999101,45.426440752562094,44.14294080975164,44.44717788696289,761600
2012-06-04,44.21898851000967,44.53273496673516,43.99081256583772,44.25701904296875,629600
2012-06-05,44.371113508986994,44.485205124562086,43.59150560318274,44.08589172363281,809200
2012-06-06,44.45668748726539,45.103192237983556,44.39964529718531,44.970088958740234,588000
2012-06-07,45.198273756325285,45.41694397243022,44.62782640289294,44.77043914794922,632300
2012-06-08,44.74190805148711,45.25530584002014,44.59929533829952,45.24580001831055,708900
2012-06-11,45.68314846200675,45.72117900917984,45.20777750272095,45.255313873291016,663900
2012-06-12,45.19826350787136,45.38841258256691,45.01762025485422,45.09368133544922,421200
2012-06-13,44.90354906855827,45.41695067436952,44.751430477220865,45.350399017333984,837600
2012-06-14,45.39792337028808,45.72117574459324,45.331371730883404,45.711669921875,593100
2012-06-15,45.95885721460941,46.215557927209126,45.64511069027908,46.158512115478516,907900
2012-06-18,46.149005592845825,46.58634592909707,45.78772271095516,46.44373321533203,765500
2012-06-19,46.58635909711158,46.82404460270909,46.39620996727498,46.6243896484375,1134900
2012-06-20,46.82403783458156,46.82403783458156,45.55954938671623,46.044429779052734,1165800
2012-06-21,45.996894401683036,46.51980172432783,45.89231221179557,46.063446044921875,952700
2012-06-22,46.01590702395135,46.2345772143942,45.65462410518856,45.711669921875,2714200
2012-06-25,45.26481756576498,45.607085193200895,44.93205576051689,45.065162658691406,741000
2012-06-26,45.16975757960773,45.32187617728623,44.69438650851326,45.23631286621094,741000
2012-06-27,45.12220232430996,46.18703568945833,45.12220232430996,45.98737716674805,637400
2012-06-28,45.730685075408694,45.92083418549124,45.21728719301624,45.55955123901367,785100
2012-06-29,45.958864853645785,46.9096067797644,45.825761564276,46.83354568481445,1071100
2012-07-02,46.614884248662136,47.698729668100455,46.614884248662136,47.679718017578125,934200
2012-07-03,47.81280203457173,47.93639584705051,47.4420133435517,47.6036376953125,345500
2012-07-05,47.51808070633073,48.16458550180129,47.34694687065954,47.42300796508789,1015800
2012-07-06,47.28990679031036,47.499067555751814,46.881087456466815,47.242366790771484,699000
2012-07-09,47.19482998037632,47.4039943706709,46.73847427801856,47.30891799926758,413600
2012-07-10,47.33744247410044,47.61315850952496,47.0712322623697,47.37547302246094,722500
2012-07-11,47.40398390136928,47.4990566249828,46.88107666791107,47.32792282104492,478700
2012-07-12,47.03320534080191,47.518082138623726,46.94763842038716,47.37547302246094,1001900
2012-07-13,47.423018456764474,48.22164199098337,47.423018456764474,48.15509033203125,405500
2012-07-16,47.98394436773104,48.17408984437177,47.480048699614116,47.546600341796875,630400
2012-07-17,47.784288944263466,48.459318487005504,47.60364927890586,48.43079376220703,548500
2012-07-18,48.221634901983414,48.487841498657225,48.012470503572345,48.24065017700195,291500
2012-07-19,48.24064692702345,48.35473494265569,47.78428761090923,47.955421447753906,470200
2012-07-20,47.5370912913655,47.86984947968816,47.061720378451845,47.109256744384766,591800
2012-07-23,46.76698616360317,47.14728432071761,45.949351291353565,46.97615051269531,460300
2012-07-24,46.84306700678592,47.05223144411539,46.33917481881241,46.5388298034668,577600
2012-07-25,46.453246640498946,46.900096463542795,46.053933183848805,46.519798278808594,583900
2012-07-26,46.87157391784656,47.58463032722595,46.87157391784656,47.46103286743164,931400
2012-07-27,47.70823903708668,48.37375923480206,47.384986576870254,48.35474395751953,804200
2012-07-30,48.28818773237116,48.44981213379308,47.53710067133378,47.964935302734375,603400
2012-07-31,48.174101668635885,48.174101668635885,47.29942065566333,47.7747917175293,619500
2012-08-01,45.94935709607618,47.53709430500289,44.20949770365269,45.521522521972656,2637400
2012-08-02,46.10148282618563,46.10148282618563,44.69438142423475,45.43596267700195,1598200
2012-08-03,45.77821411935985,45.91131737653132,44.91303932095353,45.046142578125,856300
2012-08-06,45.0271325166794,45.41693651210436,43.895747446286066,44.10491180419922,1246800
2012-08-07,44.11442669612883,44.941571153978366,43.971813956902906,44.808467864990234,1414600
2012-08-08,44.532749034983865,47.03320115169131,43.73412572450811,46.54832077026367,1617700
2012-08-09,46.63388474246909,46.63388474246909,46.0729469332584,46.33915710449219,941200
2012-08-10,46.348664593088614,46.53881368600847,45.683144581265296,46.225067138671875,723100
2012-08-13,46.13950937767431,46.41522543574304,46.025421350015634,46.32965850830078,525800
2012-08-14,46.48177210220096,46.700442309591125,46.12048915543812,46.605369567871094,522000
2012-08-15,46.586341290631644,46.83353252618138,46.30111951829222,46.42471694946289,387800
2012-08-16,46.282121142825005,46.4627608183219,46.053941465593155,46.31064224243164,801100
2012-08-17,46.46274639600636,46.890580891268115,46.18703405620817,46.70043182373047,612200
2012-08-20,46.6909373623728,46.94763812198546,46.177535843147474,46.472267150878906,590900
2012-08-21,46.26310106521919,46.67192037551108,46.01590976510418,46.291622161865234,628100
2012-08-22,46.310634781137026,46.39620169296382,45.81624858244802,45.93984603881836,509500
2012-08-23,45.74970972234633,46.23459023373928,45.74970972234633,45.968379974365234,649900
2012-08-24,46.006398958117586,46.49127934755463,45.98738368531687,46.187042236328125,349600
2012-08-27,46.12048045033012,46.31062952467271,45.87328919243911,45.911319732666016,254000
2012-08-28,45.69265109638198,45.911321269820064,45.274322393463855,45.569053649902344,472200
2012-08-29,45.816252421374635,45.911328790699905,45.416942550586455,45.863792419433594,440700
2012-08-30,45.83526399518975,45.83526399518975,45.26482033245778,45.64511489868164,323700
2012-08-31,45.96836924508078,46.29162163496264,45.82576013668122,46.12999725341797,530700
2012-09-04,46.034925425668334,46.1965534499383,45.588079156483346,45.92083740234375,545300
2012-09-05,45.73068298477348,45.7687135304099,45.13171821156593,45.29334259033203,825600
2012-09-06,45.66413125126929,47.2708873466412,45.5880737869422,46.7099494934082,1215400
2012-09-07,46.53880833372113,47.13777663815581,46.3106287231011,46.49127197265625,480500
2012-09-10,46.10147393558484,46.291619404288305,45.67363937741737,45.711669921875,465200
2012-09-11,45.76871478183633,45.86379114852699,45.49299875862225,45.61659622192383,425200
2012-09-12,45.61660453503018,45.87330533168693,45.40744011698545,45.77823257446289,412300
2012-09-13,45.702160472364426,45.91132484008904,45.559547744044494,45.711669921875,346800
2012-09-14,45.72119455494017,45.76873094167318,45.14124120713351,45.331390380859375,463200
2012-09-17,44.99861894409561,45.759211790733424,44.99861894409561,45.59758377075195,555600
2012-09-18,45.39792265010547,45.740190291209785,45.150731368636954,45.55004119873047,478100
2012-09-19,45.60708289873834,45.68314035279096,45.20776947788826,45.24580001831055,551000
2012-09-20,45.19826859943761,45.35989297372098,44.72289767254439,44.970088958740234,589200
2012-09-21,45.0176237647642,45.55954631248406,44.73240194387884,44.86550521850586,594200
2012-09-24,44.49471984159949,45.24580680707022,43.97181252610699,44.93206024169922,653900
2012-09-25,44.675356675965155,44.7894446710959,44.36161015586563,44.50422286987305,975300
2012-09-26,44.68487573527197,44.92256124450214,44.46620550199538,44.913055419921875,809900
2012-09-27,45.04615200841228,46.01590917669552,44.58979633394825,45.45497131347656,924500
2012-09-28,45.5120152198366,45.5120152198366,44.66585548156375,45.26482391357422,692700
2012-10-01,45.56905465086532,45.825755371442256,44.7038797600877,45.065162658691406,462900
2012-10-02,44.998615416444494,45.16974562007863,44.475704475256194,44.70388412475586,486700
2012-10-03,44.78944638319479,45.32185946535136,44.504224571069194,45.28383255004883,543400
2012-10-04,45.293342873519954,45.521522521972656,45.198270135626935,45.521522521972656,367000
2012-10-05,45.721183334898456,45.9873899367109,45.52152838353913,45.78773498535156,741600
2012-10-08,45.57855653835182,46.03491212660611,45.454962726618994,45.95885467529297,402000
2012-10-09,45.73067545338631,45.91131870201293,45.217277679015986,45.3693962097168,1029400
2012-10-10,45.35989882092091,45.73068761140805,44.798960909806496,45.00812530517578,456900
2012-10-11,45.445457183810326,45.473981903946864,44.53274592886801,44.61831283569336,435600
2012-10-12,44.58029086810742,44.87502218759379,44.561275593289636,44.71339416503906,608500
2012-10-15,44.68487127162876,44.81797456321487,44.39964941440243,44.67536544799805,726300
2012-10-16,44.96057568040166,45.046142578125,44.64682917981883,45.046142578125,759300
2012-10-17,45.02713673200203,45.264822205775864,44.7894512582282,45.08417892456055,850100
2012-10-18,45.16973874728411,45.23629400613886,44.551758788587705,44.64683151245117,487500
2012-10-19,44.618310975660044,44.84648696648743,43.85771829491545,44.20949172973633,525100
2012-10-22,44.0763922968067,44.28555666224724,43.42037810584947,43.686588287353516,617000
2012-10-23,43.220739805374045,44.18099146423955,42.82142981979776,44.01936340332031,516300
2012-10-24,44.37111608767306,44.504222980246354,43.65805976945151,44.20949172973633,487400
2012-10-25,42.973540587996546,44.13344340125556,42.86895838415014,44.009849548339844,619800
2012-10-26,44.19999025632061,44.46619681407249,43.905258976815084,44.37112045288086,291700
2012-10-31,45.28383769735398,49.562176245922835,45.28383769735398,48.601924896240234,3441000
2012-11-01,48.487840364237854,49.143851016461554,48.42128871662644,48.82059860229492,1063400
2012-11-02,48.23113442298687,49.16286101637493,46.671918343162254,47.14728927612305,1989600
2012-11-05,47.18531373562464,47.537087165144975,46.83353667931238,47.32792282104492,1088500
2012-11-06,47.33744376253534,48.031484968437624,47.15680046630258,47.926902770996094,919800
2012-11-07,46.976172090431675,47.55612541436685,46.88109932087895,47.099769592285156,777200
2012-11-08,47.08074036736872,47.175813108760224,46.76699379255005,46.90010070800781,495300
2012-11-09,46.88108032779532,47.280390150295496,46.548318515586296,46.65290069580078,321100
2012-11-12,46.586354849023124,46.8715767043729,46.48177265580992,46.69093704223633,334100
2012-11-13,46.63389547287248,46.976163181219775,46.50079217002476,46.6243896484375,250400
2012-11-14,46.633880169239646,46.633880169239646,45.95885442529323,46.10146713256836,561000
2012-11-15,45.96836161636656,46.71944846038495,45.16023258917183,45.60708236694336,1024300
2012-11-16,45.59757869028075,45.72117614746094,45.03664084836128,45.72117614746094,692800
2012-11-19,46.01590058195376,46.25358601135064,45.19826212454178,45.66412353515625,778300
2012-11-20,45.835264298141446,45.86378902022123,45.12220790161731,45.42644500732422,902800
2012-11-21,45.531024942214756,46.025411121253185,45.15073039227211,45.977874755859375,787700
2012-11-23,45.97787688462331,46.24408344458768,45.55954814548802,45.72117614746094,204900
2012-11-26,45.65462630516773,46.1870430728533,45.64511685519892,46.12999725341797,756000
2012-11-27,45.968379974365234,46.2155749561559,45.683158064201166,45.968379974365234,491200
2012-11-28,45.73068358889197,46.576846919914345,45.70216249268411,46.50078582763672,607600
2012-11-29,46.51029869986666,47.21384940289473,46.51029869986666,47.09025192260742,746100
2012-11-30,46.966650311891314,47.50857289322301,46.9286197662699,47.38497543334961,1157500
2012-12-03,47.337434521421926,47.508568333500996,46.67191454409134,47.22334289550781,818000
2012-12-04,47.52758896923455,47.52758896923455,45.87329647467018,46.2060546875,1498800
2012-12-05,46.19655304916182,46.62438766640844,46.12049194974338,46.58635711669922,717700
2012-12-06,46.624379601848545,46.81452869071196,46.405709419032895,46.65290069580078,914100
2012-12-07,46.45325928649967,47.13779475465586,46.45325928649967,47.07123947143555,486800
2012-12-10,47.1282748696361,47.480048350989534,46.54832174047972,47.01418685913086,910500
2012-12-11,47.2803846559301,47.40398209334712,47.04269922916986,47.289894104003906,664800
2012-12-12,47.156789017107045,47.4990566249828,46.766985047424534,47.32792282104492,1179200
2012-12-13,47.10925546990074,47.22334347041168,46.72896092593357,46.78600311279297,708500
2012-12-14,46.82403480700358,46.96664753124434,46.396200261073524,46.43423080444336,716900
2012-12-17,46.76698703756867,47.86034153961089,46.500780498689,47.81280517578125,1432800
2012-12-18,47.62265311705351,48.1360545186249,47.39447350742449,47.75575637817383,939000
2012-12-19,48.0029521763897,48.839602298530465,47.44201440322226,48.592411041259766,1270100
2012-12-20,48.316699846829096,48.7255191267186,48.126550754146855,48.61143112182617,1060300
2012-12-21,48.25966470802234,48.76356045913171,48.012473371601075,48.44981384277344,5469400
2012-12-24,48.259652202758275,48.288176922994985,47.7747754802399,48.20261001586914,245800
2012-12-26,47.97444375807096,48.29769620543541,47.51808800181407,47.641685485839844,424000
2012-12-27,47.51808800181407,47.793804071258805,46.8145409042988,47.641685485839844,626900
2012-12-28,46.59586703764045,47.9839532097308,46.59586703764045,47.641685485839844,763900
2012-12-31,47.679704425237695,48.57340044354162,47.5465975219738,48.459312438964844,870500
2013-01-02,49.115321403021476,50.38931556424579,48.649456323714425,50.37030029296875,1305600
2013-01-03,50.33226892041854,50.95975835504467,50.19916565046635,50.950252532958984,1201700
2013-01-04,50.79814104377357,51.32104837408596,50.62700720813787,50.86469268798828,692300
2013-01-07,50.617501109640436,50.85518658819909,50.4653825484346,50.636512756347656,1077500
2013-01-08,50.741099392281335,51.254500941373855,50.63651719226698,51.2449951171875,626400
2013-01-09,51.168921171569416,51.53020405543704,50.940745180447124,51.292518615722656,668700
2013-01-10,51.62528430235452,51.62528430235452,51.026315891503465,51.21646499633789,1141200
2013-01-11,51.39711369171941,51.39711369171941,50.73159356809498,51.2449951171875,672200
2013-01-14,52.024597723728924,52.67110250332674,51.31154130153655,51.73937225341797,958000
2013-01-15,51.473168553536325,52.376374130707426,51.473168553536325,52.31932830810547,1035200
2013-01-16,52.110161830854516,52.39538365900021,51.16892580850218,51.235477447509766,1044300
2013-01-17,51.10237939969957,51.492183450979056,50.788632817873484,51.18794631958008,896800
2013-01-18,50.978776021111706,51.95804257438215,50.931239654865706,51.8914909362793,574600
2013-01-22,51.71084948868412,51.9390291322123,51.1308963703927,51.85346221923828,755900
2013-01-23,51.98656067798304,52.05311231225718,51.69182942134613,51.834442138671875,424100
2013-01-24,52.186220936513706,53.02287480198434,51.87247800370749,52.461936950683594,677300
2013-01-25,52.37637615364427,52.547510001267156,52.07213900826867,52.28130340576172,625900
2013-01-28,52.28130241446711,52.38588098443789,52.072138020939995,52.26228713989258,481400
2013-01-29,51.93902839255787,52.633069509333474,51.815430936290554,52.585533142089844,450600
2013-01-30,52.3573643100035,52.95633281593761,52.3573643100035,52.57603454589844,739700
2013-01-31,52.37637666468328,52.76618073767366,51.88199039192596,52.442928314208984,596400
2013-02-01,52.91829538571354,53.29859360632484,52.61405825994155,52.9658317565918,594400
2013-02-04,52.699619744695276,52.98484156734992,51.948532831164,52.11016082763672,508600
2013-02-05,52.224247521580025,52.509469337081434,51.96754679959111,52.38587188720703,437400
2013-02-06,52.233762477660754,52.46194214603774,51.73937621850461,51.81543731689453,774800
2013-02-07,52.01508589935114,52.01508589935114,51.18794150286781,51.61577606201172,850900
2013-02-08,51.95805423473047,52.414409981332795,51.60627706662179,52.19573974609375,364200
2013-02-11,52.290806418776526,52.290806418776526,51.08336372625511,51.92952346801758,548600
2013-02-12,51.83445092641632,51.91050839557026,51.05484282692684,51.55873489379883,447000
2013-02-13,51.881980895996094,52.110160528886986,51.5872496257604,51.881980895996094,343900
2013-02-14,51.786916545921734,51.862974017999896,51.58725797478183,51.59676742553711,406300
2013-02-15,51.625280040316895,52.46193385644108,51.587249497131204,52.17671203613281,363500
2013-02-19,52.16720835103638,52.309821090344286,51.89149594945643,52.29080581665039,469200
2013-02-20,52.26228181776912,52.67110111250764,51.53971596469027,51.63479232788086,648800
2013-02-21,51.57774880960216,51.64430045340663,50.86469237444637,51.0833625793457,434800
2013-02-22,51.27351551764591,51.78691705974042,51.1879485939635,51.758392333984375,469500
2013-02-25,51.97706113621822,52.3478535465811,51.007307530016064,51.05484390258789,625700
2013-02-26,51.435140615257716,51.58725918978962,51.035830717158795,51.2449951171875,711000
2013-02-27,52.68060531934914,57.3202265237406,52.309816581261536,55.1905632019043,2422900
2013-02-28,55.42824247186284,55.91312278812501,54.33489165176638,55.58987045288086,1249600
2013-03-01,55.314164809372585,56.11278816166589,55.114509877997406,56.093772888183594,956900
2013-03-04,56.046220191314816,56.46454520568719,55.91311694250504,56.44552993774414,535900
2013-03-05,56.550128815629016,56.60717463632228,55.713474912757505,56.39801025390625,828700
2013-03-06,56.74978090882699,57.05401801705236,56.359976887238716,56.417022705078125,469600
2013-03-07,56.540606277459354,56.8733643994838,56.093756547776664,56.44552993774414,737600
2013-03-08,56.683231910772776,56.854365745477224,56.23638567730456,56.768798828125,675000
2013-03-11,56.74027646173006,56.89239501953125,56.33145715761578,56.89239501953125,492300
2013-03-12,56.90190282728717,56.996979195974276,55.77052124085524,55.80855178833008,750700
2013-03-13,56.10328022334043,56.61668174081913,55.542342334271325,56.2744140625,925200
2013-03-14,56.21736708174655,56.635692193641425,56.01770853519475,56.62618637084961,569700
2013-03-15,55.979689877227464,57.1586079241538,55.979689877227464,57.09205627441406,1564300
2013-03-18,56.45505307657203,57.05401784147675,56.35997671379892,56.787811279296875,621600
2013-03-19,56.806827702186595,57.00648262786451,56.45505421978374,56.88288879394531,641900
2013-03-20,57.29171221745413,57.51038607244127,56.52161350659488,57.1110725402832,719800
2013-03-21,56.73077191558522,57.31072510070586,56.6547144435065,57.063533782958984,588600
2013-03-22,57.339243626269614,58.39456405805768,57.339243626269614,58.213924407958984,719800
2013-03-25,58.42308621865751,58.5371742228334,57.50086548235575,58.09032440185547,561800
2013-03-26,58.36604650344305,58.60373198594724,57.99525773102333,58.35654067993164,438900
2013-03-27,57.99525446696097,58.67978977861999,57.729047902112434,58.51816177368164,463800
2013-03-28,58.72731806535072,58.803375519072645,57.90017376211816,58.5847053527832,1221300
2013-04-01,58.09033020083849,58.83191136899222,57.62446868831925,58.128360748291016,787900
2013-04-02,58.185407597659115,58.66077856883804,57.85264574175825,58.071319580078125,545800
2013-04-03,58.204408360289136,58.34701744001213,57.19662084700445,57.49135208129883,531200
2013-04-04,57.40580331891012,57.68151574419685,56.759298464899224,57.02550506591797,560900
2013-04-05,56.122296846677735,56.436043434944544,55.54234366967019,55.99870300292969,1107500
2013-04-08,55.99869574598454,57.25367468283188,55.99869574598454,56.97795867919922,625900
2013-04-09,57.13958715670021,57.28219989345904,56.32195216323293,56.835350036621094,489200
2013-04-10,56.96845124955268,58.289985498606285,56.92091488129433,58.213924407958984,756700
2013-04-11,58.14736682493728,58.45160390285152,57.776578112903806,58.02376937866211,509700
2013-04-12,58.166384252919414,58.24244171182276,57.738549712862564,58.13786315917969,363100
2013-04-15,57.9001794232432,58.08081906693755,56.968449229809245,56.97795867919922,553600
2013-04-16,57.34875012867525,57.68150833721865,56.5406209783313,56.806827545166016,1501700
2013-04-17,56.31244496097512,56.96845559730799,56.302939137314944,56.730770111083984,744800
2013-04-18,56.73075195534567,56.93041045623888,56.179323689713684,56.22686004638672,441300
2013-04-19,57.168105914832054,57.51987936819358,55.827560110992124,56.12228775024414,1086100
2013-04-22,56.331455662814285,56.540620034287755,55.90362109697873,56.2649040222168,474100
2013-04-23,56.55012874393172,57.28220045466706,56.55012874393172,56.92091751098633,609100
2013-04-24,56.816327585647066,57.282192656986176,56.6166726808412,56.69273376464844,583800
2013-04-25,56.93041963584429,57.4438174482028,56.79731636498126,57.14908981323242,576000
2013-04-26,56.95894566760614,57.035006758575236,56.65470855731459,56.87337875366211,486400
2013-04-29,56.90190947039687,57.519893245236474,56.76880616548818,57.5103874206543,690400
2013-04-30,57.58643786190747,58.38506122057869,57.291706560767075,58.270973205566406,1019500
2013-05-01,53.62184032235686,59.31678181690504,51.98656322456312,57.633968353271484,1261900
2013-05-02,56.8828866324833,58.15687722989979,56.245887706982714,57.66249465942383,501900
2013-05-03,57.6149589124512,57.95722658400436,57.34875233537323,57.595947265625,747200
2013-05-06,57.74806751143666,58.23294430907856,57.38678455573144,57.48185729980469,783400
2013-05-07,57.719534970234506,57.966729874217435,57.52938588104583,57.852638244628906,681100
2013-05-08,57.738550966329825,58.28047351990257,57.46283496488621,58.01426696777344,892900
2013-05-09,58.16638681212382,58.33752063567611,57.65298534146695,57.814613342285156,563400
2013-05-10,58.00476335961568,58.118855002125,57.576932393979924,57.60545349121094,490500
2013-05-13,57.415299052807576,57.69101505643192,57.14909249857293,57.424808502197266,669000
2013-05-14,57.462846091194464,57.82412907246088,57.462846091194464,57.71004104614258,641100
2013-05-15,57.87166639810494,58.03329442926999,57.710041993732915,57.80511474609375,607700
2013-05-16,56.81633067898731,57.9191910666924,55.73248556326932,57.424808502197266,642600
2013-05-17,57.862149145654044,57.9096855124459,57.49136040716833,57.72904586791992,592900
2013-05-20,57.576931312244064,57.73855569590678,57.17761782454886,57.35826110839844,540700
2013-05-21,57.30120383801845,57.576919806952105,57.28218856842387,57.43430709838867,831000
2013-05-22,57.519887532028484,57.995258503367566,56.65471250926307,56.94944381713867,832400
2013-05-23,56.79731820592367,57.424807665182236,56.15081347495519,57.035003662109375,1053200
2013-05-24,57.00648164891572,57.03500637123163,56.05573977901335,56.417022705078125,1400800
2013-05-28,56.093766669265364,56.69273502377798,56.093766669265364,56.56913757324219,1468800
2013-05-29,56.388495807366866,56.626181250385415,55.780018026734055,56.37898635864258,1371000
2013-05-30,56.30293456735605,56.72125968351058,56.17933710904969,56.2649040222168,1440100
2013-05-31,55.998695211981186,56.64519994622745,55.789530848903794,55.92263412475586,1206700
2013-06-03,55.922643623179916,56.48358154296875,55.16205075570173,56.48358154296875,565400
2013-06-04,56.25539371912476,56.559634448830934,55.71347115288499,55.95115661621094,546300
2013-06-05,55.89411838464005,55.89411838464005,54.67716626000658,54.90534591674805,695400
2013-06-06,55.019440651460805,55.71348190307617,54.990919550931956,55.71348190307617,626000
2013-06-07,55.78953308835339,56.38850148052316,55.361698522517834,56.2649040222168,368100
2013-06-10,56.2839268870823,56.54062766121072,56.03673193712477,56.34096908569336,442000
2013-06-11,55.62789155015093,56.5881426339212,55.59937046163212,56.44552993774414,580300
2013-06-12,56.66422267370087,56.79732960237841,55.64692900724821,55.76102066040039,581800
2013-06-13,55.865581108146955,56.06523962298091,55.22858590531,55.856075286865234,543100
2013-06-14,55.88459555276762,56.16031151416173,55.665925398597324,55.91312026977539,436500
2013-06-17,56.17932993613739,57.28219021681688,55.81804705702751,56.72125244140625,711100
2013-06-18,56.97795600018221,57.4438174482028,56.62618255193105,57.14908981323242,537600
2013-06-19,56.87338750326301,57.38678906591064,56.3694953918457,56.3694953918457,492100
2013-06-20,56.18884361433088,56.18884361433088,54.60110641680496,54.85780715942383,673100
2013-06-21,54.8768147804558,55.494794739739675,54.848290061836096,54.93385696411133,1034100
2013-06-24,54.791260507531575,55.570868629386496,54.37293172140948,55.25712203979492,600700
2013-06-25,55.61839632223779,55.846575954220164,54.56307232455473,55.23809814453125,737700
2013-06-26,55.56136874945439,55.64693568619209,54.91486381116807,55.143043518066406,409000
2013-06-27,55.48530460547207,55.95116616206809,55.43776823005515,55.76102066040039,314100
2013-06-28,55.99869603832611,57.1490927986431,55.85608331107028,56.7592887878418,1214300
2013-07-01,56.996981164022976,58.309006082867015,56.996981164022976,57.71954345703125,834200
2013-07-02,57.567409531792734,58.0142592938667,57.453321542655985,57.49135208129883,510900
2013-07-03,57.519890599417266,58.042797970417034,57.25368400184493,57.90969467163086,277400
2013-07-05,57.99525421253664,58.23293968062081,57.500868003706486,58.213924407958984,575500
2013-07-08,58.36604321851213,58.59422286466262,58.36604321851213,58.51816177368164,673600
2013-07-09,58.85092120214007,58.94599393518959,58.36604083392758,58.47062301635742,779200
2013-07-10,58.366052760526976,58.85093322782062,58.17590362878031,58.632259368896484,611000
2013-07-11,58.946007173872005,59.60201788354861,58.79388859075309,59.554481506347656,484700
2013-07-12,60.01082444358435,60.32457099435434,59.66855679794157,60.124916076660156,813700
2013-07-15,60.01083367094268,60.296055543903705,59.37383827555615,59.782657623291016,396400
2013-07-16,59.716113952122925,59.78266561047895,58.8509387667012,59.04108428955078,541400
2013-07-17,59.26924315839959,59.26924315839959,58.6892900879279,58.70830535888672,297900
2013-07-18,58.70830535888672,59.0505729825613,58.65125954601026,58.70830535888672,414000
2013-07-19,58.70832255112554,59.5069460313057,58.43260648166966,58.822410583496094,705500
2013-07-22,59.29778230600715,59.29778230600715,58.50866826830882,58.984039306640625,523100
2013-07-23,58.91746630847766,59.21219392433021,58.38504963276922,58.64175033569336,353500
2013-07-24,58.850932275268,59.42137603448184,58.385067091368754,58.53718566894531,456800
2013-07-25,58.63226094710355,59.15517198018035,58.48014236297025,58.66078567504883,471600
2013-07-26,58.23294756817553,58.81290076914137,57.68151546666935,58.44211196899414,290900
2013-07-29,58.289985498606285,58.603728430545324,58.118851671442286,58.213924407958984,325400
2013-07-30,58.03328975621022,58.2899905190656,57.67200679810347,57.86215591430664,1010200
2013-07-31,61.34186560702047,62.359159173270434,59.74462251493991,61.18975067138672,2043500
2013-08-01,61.25629946088761,61.78871259117017,60.99960234552563,61.284820556640625,1478200
2013-08-02,61.455959528844964,61.855269409980664,60.86649690413121,61.08517074584961,849400
2013-08-05,60.84748443624956,60.961576080858265,60.372113464091356,60.77142333984375,672600
2013-08-06,60.75240522325148,60.80944741268894,60.24850958020261,60.41964340209961,609800
2013-08-07,60.372109325273016,60.42915514366659,59.97279947689537,60.23900604248047,825300
2013-08-08,60.52422831629438,60.52422831629438,59.744620259935736,60.172454833984375,336800
2013-08-09,59.89673303898144,60.600283562529434,59.868211945726834,60.13441848754883,568500
2013-08-12,59.98230006755951,60.26752188106217,59.763629889647724,59.83968734741211,513300
2013-08-13,59.83970033117733,60.21999858289115,59.345314054666545,59.94428253173828,394500
2013-08-14,59.88723893711327,59.95379058559332,59.09812135257436,59.2407341003418,376400
2013-08-15,58.77486024852083,59.145648985770116,58.14737077930073,58.62274169921875,417100
2013-08-16,58.47062400993508,58.7938763853056,58.099835267232024,58.48963928222656,484300
2013-08-19,58.31852196881893,58.926996347240795,57.99526950193314,58.366058349609375,463600
2013-08-20,58.328011812359335,58.8509227381566,58.2329390768284,58.65126419067383,419800
2013-08-21,58.33753898846091,59.069610880232425,58.25197204976571,58.698822021484375,335000
2013-08-22,58.66077868131542,59.269252945304316,58.65126923086971,58.97452163696289,267700
2013-08-23,59.13614648655201,59.83969345656562,58.94599738254015,59.659053802490234,594600
2013-08-26,59.47841780023371,59.78265493461504,59.27875923402687,59.5829963684082,333500
2013-08-27,59.041062138576976,59.5259424695892,58.88894360129299,59.20269012451172,496100
2013-08-28,59.00304369397363,59.31678663543675,58.75584876865841,59.06959533691406,473800
2013-08-29,58.803390033024975,59.640043991222086,58.69881146169406,59.2407341003418,350500
2013-08-30,59.28824880480826,59.468888409404805,58.774847452639335,59.11711502075195,431100
2013-09-03,59.697088718768,60.06787750399878,59.383342130161786,59.744625091552734,971200
2013-09-04,59.6590593424236,60.14393615722656,59.38334329734308,60.14393615722656,589900
2013-09-05,60.11542178971358,60.343601486625225,59.83970571376005,59.97281265258789,731200
2013-09-06,60.32458133521716,60.600297388891896,59.32630294882868,60.029850006103516,601700
2013-09-09,60.06788564350408,60.904536072905515,59.573499320606906,60.505226135253906,639800
2013-09-10,60.75239462150041,61.48446252134006,60.657318277708995,61.47496032714844,606500
2013-09-11,61.598569232499564,62.39718895534944,61.35137430484288,61.84576416015625,694200
2013-09-12,61.950348114488,62.15950524767658,61.6651226318717,61.9598503112793,344500
2013-09-13,62.27358895620608,62.27358895620608,61.7601875050683,62.102455139160156,666800
2013-09-16,62.359147560213366,62.83451843261719,62.169002112685384,62.83451843261719,1554900
2013-09-17,62.739453758085666,63.18630359604781,62.57782938159271,62.767974853515625,422000
2013-09-18,62.77749004607019,63.36695266869095,62.25458632365454,63.25286102294922,745700
2013-09-19,63.4620147882007,63.48102643251522,62.71092790005255,63.119747161865234,826500
2013-09-20,62.89158853051213,63.16730459751301,62.245083641513645,62.55883026123047,924200
2013-09-23,62.292614657003,62.58734961894487,62.07394805196031,62.15000915527344,656800
2013-09-24,62.150004677003025,62.549314560245286,61.72216644188444,62.29261016845703,377100
2013-09-25,62.23556154328187,62.340143728602385,61.684129521334555,61.86477279663086,424800
2013-09-26,62.178501360917686,62.539780553387494,61.70313056649719,62.035888671875,391200
2013-09-27,61.79823402976375,62.21656285818976,61.379905201337735,62.121482849121094,287700
2013-09-30,61.760189056396484,62.04541450983229,61.36087922445403,61.760189056396484,578100
2013-10-01,61.8362448340057,62.302106264597384,61.6270804865936,61.95033645629883,478500
2013-10-02,61.66513760181272,61.66513760181272,61.11370540346669,61.199275970458984,731500
2013-10-03,61.170728130329664,61.294329215110196,60.1724535239376,60.8189582824707,1134900
2013-10-04,60.971093156154524,61.89331422775954,60.72390178610032,61.81725311279297,884700
2013-10-07,61.284807639565614,61.72214794063108,60.714364083983845,61.47496032714844,625500
2013-10-08,61.32284030223398,61.9408238645236,61.15170650427044,61.74116897583008,970100
2013-10-09,61.79821691889112,61.99787182619897,61.22777329035668,61.93132019042969,1106600
2013-10-10,62.130981326713396,63.37645814038202,62.130981326713396,63.176795959472656,477600
2013-10-11,63.06269995468083,63.861319516826335,62.90107560333001,63.7662467956543,445200
2013-10-14,63.56659363604061,63.975412876437844,63.281368211174126,63.94689178466797,519100
2013-10-15,63.66167127591206,63.84231454251615,63.45250691533564,63.671180725097656,551700
2013-10-16,64.1085215857468,64.64093468689752,63.804284491720026,64.43177032470703,494700
2013-10-17,64.2701384577905,65.3825045230392,64.04196247728441,65.3254623413086,523000
2013-10-18,65.33498624610193,65.34449569635574,64.7550330915693,65.30646514892578,718600
2013-10-21,65.32545760454124,65.46807030211052,64.41274649511425,65.01171112060547,652300
2013-10-22,65.35399646499523,65.62971248764889,64.88813496293186,64.98320770263672,491500
2013-10-23,64.7074852110884,65.43956046615796,64.34620593489346,65.15433502197266,633300
2013-10-24,65.05928714249316,65.6867732043638,64.59342550905724,64.66947937011719,658200
2013-10-25,65.07826715704705,65.07826715704705,64.51733302978978,65.02122497558594,345600
2013-10-28,65.13532926733491,65.54414857239033,64.55537613101012,64.5934066772461,685600
2013-10-29,64.85008151793248,65.35397338867188,64.78352989827978,65.35397338867188,371400
2013-10-30,65.29695233646115,65.66774108782934,64.47931374278133,64.79306030273438,415800
2013-10-31,64.75501323971532,65.3064451280201,64.52683727867243,65.14481353759766,474600
2013-11-01,65.40152240596063,65.40152240596063,63.94688876570013,64.63142395019531,847100
2013-11-04,64.69798108402328,64.97368981729761,64.31768292099144,64.96418762207031,517200
2013-11-05,64.56490173396026,64.86913892637776,64.20361508112352,64.46031951904297,799800
2013-11-06,57.99525722380607,59.75412832823724,57.1966338645049,58.94599914550781,5231700
2013-11-07,58.64176481580011,60.99009863490772,58.11885745929889,58.25196075439453,1287500
2013-11-08,58.42308426899778,59.50692933947994,58.23293518385534,59.39284133911133,935400
2013-11-11,59.487925419440145,59.65905926604393,59.10762717658886,59.2407341003418,832600
2013-11-12,59.02206319238779,59.76364076783521,58.94600209398662,59.75413131713867,905400
2013-11-13,59.468917854852116,60.30557192152268,59.35482981792218,60.29606246948242,711300
2013-11-14,60.181956097563635,60.933039374220655,60.086883366885694,60.533729553222656,546000
2013-11-15,60.847498756978844,61.25631817939578,60.19148796665085,61.199275970458984,717700
2013-11-18,60.09639191688285,60.43865956572575,59.706587900543404,60.21048355102539,982300
2013-11-19,60.08689058431856,60.43866408223142,59.811174554725376,60.0773811340332,436400
2013-11-20,60.010825318078325,60.04885586299112,59.33579946644193,59.54496383666992,1350600
2013-11-21,59.544960575309744,60.267522755115216,59.35481148795288,60.15343475341797,776600
2013-11-22,60.06787593471295,60.809453485800645,60.05836648432878,60.76191711425781,562000
2013-11-25,60.56225036700266,61.66511065496564,60.54323509673531,61.35136413574219,860700
2013-11-26,61.589048048022406,61.90279455947276,61.29432043316018,61.69363021850586,1047800
2013-11-27,61.64610955781797,62.606361036230055,61.4464546025496,62.2260627746582,1604500
2013-11-29,62.28310737500161,62.41621066814112,61.636602556787395,61.902809143066406,333800
2013-12-02,61.627084392284246,62.39718294421292,61.5415211103297,62.17851638793945,834500
2013-12-03,61.72215904714266,62.007384503049735,61.54152302841386,61.92181396484375,651000
2013-12-04,61.78870961436768,62.34014161764242,61.532012511372635,62.045413970947266,576900
2013-12-05,61.893280029296875,61.912298924323416,61.522491365694044,61.893280029296875,975000
2013-12-06,63.06270125467745,64.01344299316406,62.39717768558652,64.01344299316406,1071800
2013-12-09,63.927867063627694,64.02293977872698,62.92959267471036,63.24333190917969,1323300
2013-12-10,62.90108827950505,63.09123376016829,62.57783225807539,62.9676399230957,616400
2013-12-11,62.36865321654191,62.663388071948916,61.37988099163097,61.417911529541016,1000000
2013-12-12,61.45594519836079,61.608067357750926,60.88550160781534,61.028114318847656,849700
2013-12-13,61.417916743235565,61.9598392606859,61.18974074998911,61.44643783569336,1163800
2013-12-16,61.455957015160166,62.273595645138876,61.40841701781377,62.007389068603516,665800
2013-12-17,61.883787976936965,62.35915893606016,61.379895920840006,62.007389068603516,665400
2013-12-18,62.19754487793085,62.596854809034234,61.52251887432664,62.51129150390625,503300
2013-12-19,62.28310498983026,62.82502759216939,62.28310498983026,62.606353759765625,516400
2013-12-20,62.340147232504066,63.35744079395792,62.340147232504066,63.28137969970703,879100
2013-12-23,63.148292831188186,63.56662170475552,62.634891191879284,62.777503967285156,440800
2013-12-24,62.96764630777541,63.21483400698449,62.67291135320172,62.72045135498047,202200
2013-12-26,62.929601040800925,63.14826758924129,62.501762885600954,62.72994613647461,290300
2013-12-27,62.98664662540518,63.00565827054507,62.46373571425101,62.79650115966797,432400
2013-12-30,62.66339739904904,62.86305231260675,62.49226357977322,62.56831741333008,374400
2013-12-31,62.1309728747226,62.882059739293425,62.08344013863626,62.482749938964844,723000
2014-01-02,62.054909380861105,62.34013480062969,61.560526873990455,61.91230392456055,683300
2014-01-03,61.82674123073628,62.273591059984525,61.76018959150258,61.92181396484375,532100
2014-01-06,61.893293714068975,62.20704026912869,60.49570564430876,60.51472091674805,889100
2014-01-07,60.647826030040584,61.085166428985225,60.41014055755426,60.47669219970703,693200
2014-01-08,60.3245729566746,60.42915514366659,59.66855873892211,60.23900604248047,1565400
2014-01-09,60.457684636496566,60.51473046281329,59.86822560506223,60.029850006103516,585100
2014-01-10,60.372103651864904,60.60978909931319,59.640032038509126,59.83018112182617,813500
2014-01-13,59.24072941620104,60.27703823789778,59.24072941620104,59.37383270263672,951800
2014-01-14,59.316783040154,60.162942700646084,59.316783040154,59.89673614501953,778100
2014-01-15,60.45767580547499,60.733391818876036,59.839692137754376,60.30555725097656,1160500
2014-01-16,60.334062528027296,60.99007656907512,60.086871301823756,60.96155548095703,1000900
2014-01-17,60.71436986714636,60.942545860396606,60.200968442145275,60.32456588745117,1106200
2014-01-21,60.69536682377873,61.10418252960815,60.4101449613614,60.86649703979492,699400
2014-01-22,60.85698882751204,61.05664374879045,60.58127281615096,60.8189582824707,532300
2014-01-23,60.32456245436266,60.99959182739258,60.11539811679352,60.99959182739258,717300
2014-01-24,60.54323803141532,60.87599621024377,60.134418767830574,60.438655853271484,887700
2014-01-27,59.59249890956766,60.55274657360066,59.59249890956766,60.19146728515625,1058800
2014-01-28,60.27703416583753,60.81895672502567,60.229494172357064,60.71437454223633,863400
2014-01-29,60.33409423941286,60.73340781690126,59.94429011415627,60.54325866699219,674600
2014-01-30,60.6478297487332,61.42743785614753,60.44817481003281,61.37039566040039,551900
2014-01-31,60.39112217124758,60.990090546536905,60.07737562287955,60.71437454223633,553700
2014-02-03,60.6478354117309,60.83798454449287,59.535465342488884,59.687583923339844,951900
2014-02-04,59.763631765831285,60.17245104117645,59.31678194701396,59.64954376220703,821600
2014-02-05,59.36431871291621,59.91575071660106,58.95549943481669,59.21220016479492,619100
2014-02-06,59.478416761356314,59.7826538904237,59.25023710115945,59.25974655151367,838900
2014-02-07,59.326297760009766,59.93477201366441,58.86993844297615,59.326297760009766,1111200
2014-02-10,59.250243150613116,59.47842283410714,58.75585685870358,59.23122787475586,788500
2014-02-11,59.25975290811673,59.71610865066962,59.07910959993599,59.687583923339844,922800
2014-02-12,59.649546936673595,60.45767608110727,59.649546936673595,60.16294479370117,877600
2014-02-13,60.65732809031727,62.758470293115806,60.56225535793751,62.644378662109375,1346000
2014-02-14,62.825037180646774,62.94863103738192,62.207053389798446,62.41621780395508,613500
2014-02-18,62.615866572737005,62.615866572737005,61.731676252636426,61.99788284301758,762600
2014-02-19,61.79822994313194,62.539807541875795,61.79822994313194,62.26409149169922,399900
2014-02-20,62.2735902485138,62.98664662540518,62.07393533341436,62.79650115966797,620600
2014-02-21,62.748970095753386,63.024686137816516,62.16901691306639,62.302120208740234,866600
2014-02-24,62.568323251317,62.710935989617525,62.13098283982451,62.15950393676758,1019000
2014-02-25,62.406705426129776,62.406705426129776,61.81724276419931,61.98837661743164,1255500
2014-02-26,63.87084101283297,64.1560664837342,60.57176546542202,60.6383171081543,1278500
2014-02-27,60.97107975028843,60.97107975028843,60.41965129519907,60.647830963134766,936900
2014-02-28,60.837976692018245,60.99960470338184,60.24851409385991,60.581275939941406,900600
2014-03-03,60.28654098510742,60.54324172161802,59.630530409664146,60.28654098510742,751400
2014-03-04,60.780937872633935,61.04714447872837,60.21999993351139,60.343597412109375,894500
2014-03-05,60.23902139354602,60.34360360718931,59.00305736105689,59.04108428955078,1535600
2014-03-06,59.04107338318084,59.82068148858969,58.841418444994034,59.497432708740234,1897300
2014-03-07,59.896733622651304,59.896733622651304,58.86993073397419,59.174171447753906,1422600
2014-03-10,59.1741731994563,60.73338922312222,58.93648774153668,60.704864501953125,2163800
2014-03-11,60.61929562958632,61.42742833642649,60.39111962837396,60.59077453613281,1168700
2014-03-12,60.2675275718652,60.86649234874083,59.8206777248819,60.172454833984375,699700
2014-03-13,60.17247096824474,60.353110669370864,59.17419244565423,59.28828048706055,792600
2014-03-14,59.20269490572659,59.64954473180744,59.02205526148588,59.297767639160156,731400
2014-03-17,59.65906014851718,60.57177159270962,59.440389925020625,59.782657623291016,729000
2014-03-18,59.79215098296035,60.324567694479555,59.64954188960508,59.83968734741211,561700
2014-03-19,59.858705063837334,60.048854156204264,59.39284359567025,59.735111236572266,573600
2014-03-20,59.66855370443613,59.944269696553064,59.326289703330296,59.39284133911133,515600
2014-03-21,59.811166831152455,59.89673373870801,59.27875011449653,59.402347564697266,1265000
2014-03-24,59.516431828326354,59.78264198333292,58.213916652257986,58.5847053527832,923100
2014-03-25,59.06008755625849,59.28826721478425,58.1758972730092,58.20442199707031,672000
2014-03-26,58.48962945167156,58.71780542723434,57.767063733208715,57.776573181152344,721800
2014-03-27,58.01427609671517,58.223440493039945,57.358265435686796,57.51988983154297,819400
2014-03-28,57.576931754353005,57.824123056791876,56.80682949653705,56.92091751098633,1182100
2014-03-31,57.14909772490062,57.51038067211031,56.60717511748239,57.00648498535156,1044600
2014-04-01,57.01598768665957,57.10155459490198,56.64519895987323,56.79731750488281,1378500
2014-04-02,56.90190008238724,57.6529870382168,56.569141875015895,57.62446594238281,2312200
2014-04-03,57.60544980588703,58.09032656175732,57.42481015699268,57.757568359375,1037200
2014-04-04,58.09983593866917,58.22343339659601,56.4550529477674,56.63569259643555,871800
2014-04-07,56.417019898782435,56.911406081755,55.42824753283732,55.466278076171875,837600
2014-04-08,55.504316747559194,56.293430689951855,55.22860070819614,55.99870300292969,1321900
2014-04-09,56.22687617576705,56.369488913487935,55.8085510395344,56.093772888183594,1456100
2014-04-10,55.960678603296465,56.23639467295674,55.000427085319146,55.21910095214844,1729200
2014-04-11,54.89584686357092,55.34269315516005,53.5933276603703,53.764461517333984,1293100
2014-04-14,54.287352286207756,54.981396952880196,53.73592395904996,54.93385696411133,1553600
2014-04-15,54.9053458355052,55.17155241231584,53.935588642675974,54.30637741088867,684300
2014-04-16,54.76272488447326,55.162038316599215,54.201787091176534,55.114501953125,596300
2014-04-17,55.076476199203654,55.3712074812309,54.68667218196369,54.76272964477539,461100
2014-04-21,54.66766031614626,54.91485161917836,54.353913742167066,54.75322723388672,487100
2014-04-22,55.06698240683583,55.25713155811887,54.66767245325549,55.143043518066406,388400
2014-04-23,54.89585216015382,55.428265431594276,54.77225466780084,55.143043518066406,673100
2014-04-24,55.466278076171875,55.60889080028035,55.16204098307987,55.466278076171875,663500
2014-04-25,55.31415287209153,55.532823029758056,54.76272094048671,54.962379455566406,721300
2014-04-28,55.22859350510328,55.27612987163673,54.04967203039507,54.81026840209961,882400
2014-04-29,54.848291221918004,55.28563519101489,54.487011961818524,55.028934478759766,453200
2014-04-30,57.044510451311886,58.175891936284344,55.50430968462831,57.13007736206055,1528800
2014-05-01,57.00647877907362,57.4818496900935,56.72125695782014,56.95894241333008,895000
2014-05-02,57.45333131153897,57.45333131153897,56.702244366197284,56.787811279296875,552600
2014-05-05,56.41702486988166,57.33924567964748,56.18884521656084,57.28219985961914,533900
2014-05-06,57.13958288940545,57.386777797754085,56.75928833110397,56.90189743041992,327900
2014-05-07,56.93042401006032,57.07303311403137,56.198352337273256,56.787811279296875,652500
2014-05-08,56.60716029670208,57.68149577999869,56.2743985338082,57.234649658203125,586500
2014-05-09,57.339251548404654,57.96674112577069,56.98747439574713,57.54841232299805,460300
2014-05-12,57.738556543355976,58.641762095482854,57.396288870820094,58.423091888427734,470700
2014-05-13,58.61324478512635,58.61324478512635,57.66250280078881,57.824127197265625,400700
2014-05-14,57.55792114958271,58.27097764461681,57.55792114958271,57.90969467163086,348600
2014-05-15,57.862153002800014,57.862153002800014,56.55012815648857,57.28219985961914,549300
2014-05-16,57.29170255213928,57.97623784790214,56.83534689722815,57.966732025146484,466900
2014-05-19,57.69102131732114,58.527675241589016,57.633975495169004,58.147377014160156,554600
2014-05-20,58.232938886278,58.45160907871751,57.53889776415459,57.74806213378906,584900
2014-05-21,57.833637346151825,58.26146834283326,57.63397877066854,57.985755920410156,478100
2014-05-22,57.89069266086611,58.299512101833976,57.56744016397974,57.64350128173828,689600
2014-05-23,57.89066613240248,58.023769400691485,57.557907961679966,57.94771194458008,462600
2014-05-27,58.02377434627477,58.128356530784934,57.67200087484342,58.11885070800781,437700
2014-05-28,58.23293674407843,58.23293674407843,57.548401469941865,57.55791091918945,481200
2014-05-29,57.56741842969081,58.01426826083205,57.510376239701614,57.814613342285156,361700
2014-05-30,57.99525827769669,57.99525827769669,56.2744140625,56.2744140625,3349800
2014-06-02,56.38850130737427,56.74978060471057,56.1983522090543,56.63569259643555,836200
2014-06-03,56.55011975321777,57.24416080652922,56.4835681198038,56.96844482421875,501200
2014-06-04,56.787809978093705,57.995252556702425,56.787809978093705,57.88116455078125,1029700
2014-06-05,57.99524437725503,58.3850483337354,57.85263166987293,58.31849670410156,579700
2014-06-06,58.57519740131427,58.803373380975465,58.22342398370803,58.31849670410156,378100
2014-06-09,58.17590195588053,58.784379885331134,58.023783380216116,58.7463493347168,362300
2014-06-10,58.613239722299404,58.869936844320144,58.09032877464688,58.17589569091797,374100
2014-06-11,57.97624218527354,58.16639129574354,57.75757197761046,58.128360748291016,318500
2014-06-12,58.06180958609547,58.17589760260841,57.491365876738136,57.614959716796875,457200
2014-06-13,57.65298914995688,57.738556067385474,57.301215656880466,57.443824768066406,468900
2014-06-16,57.548413962567864,58.00476970212732,57.4628470347259,57.80511474609375,653200
2014-06-17,57.691017891262405,57.99525500442089,57.31071968641807,57.40579605102539,636100
2014-06-18,57.48184985351977,57.68150476628562,56.86386984351229,57.035003662109375,525400
2014-06-19,59.85869508990069,59.85869508990069,56.863860984605914,57.234649658203125,797000
2014-06-20,57.12057797089217,57.77658860930009,57.05402269788965,57.48185729980469,1016800
2014-06-23,57.33923619754484,57.6054427267365,56.93041695526226,57.396278381347656,719900
2014-06-24,57.434310621023826,57.643474972601105,56.51208993647896,56.6071662902832,1070900
2014-06-25,56.64519311172239,56.77829637151494,56.25538552691307,56.31243133544922,904200
2014-06-26,56.255393176067,56.35997535920762,55.85608334239445,56.23638153076172,562900
2014-06-27,56.217372217202595,56.882892303988335,55.970177280525725,56.730770111083984,1602300
2014-06-30,56.645208619543965,57.092054881639406,56.02722488498756,57.063533782958984,814700
2014-07-01,57.0920442968376,58.071310815893256,57.07302902564513,57.900177001953125,892200
2014-07-02,57.82412329546538,58.499149188366,57.26318541748494,57.595947265625,698400
2014-07-03,57.881162435145576,58.13786315917969,57.64347698253534,58.13786315917969,205000
2014-07-07,58.02377981442566,58.37555694580078,57.786094327882154,58.37555694580078,582600
2014-07-08,58.175890075235266,58.413575527845495,57.862147163721694,58.13786315917969,541900
2014-07-09,58.16638211773945,58.4135733835916,57.814608676291066,57.94771194458008,484100
2014-07-10,57.57692659590635,58.06180333396903,57.31071641698495,58.01426696777344,654400
2014-07-11,58.05230228900964,58.175896125931196,57.462839693937696,58.109344482421875,554200
2014-07-14,58.309004035294194,58.3470309559541,57.82412362225607,58.128360748291016,476600
2014-07-15,57.97625475810612,58.51817748305273,57.900197273499735,58.45162582397461,650000
2014-07-16,58.61323574272399,58.86042702472811,58.28047392346609,58.47062301635742,459000
2014-07-17,58.17589355990621,58.73683140673759,58.06180555132136,58.432594299316406,610400
2014-07-18,58.660778233772206,59.44038633190917,58.40407747558672,59.411865234375,703600
2014-07-21,59.22170961412315,59.421364528508796,58.82239615855959,59.21220016479492,585600
2014-07-22,59.3262997062253,59.858712882242756,59.28826915742613,59.44038772583008,629000
2014-07-23,59.39284581376808,60.01082585354946,59.21220253721663,59.70658874511719,488200
2014-07-24,59.88723623787511,60.277040287171644,59.72560822257073,60.086891174316406,424300
2014-07-25,59.91576147245416,60.08689532316095,59.621030145838475,59.86822509765625,530500
2014-07-28,59.78265453134576,59.83969672691203,59.07910389608935,59.573490142822266,670500
2014-07-29,59.52595382310161,59.64955129159136,59.012552301798976,59.12664031982422,1147400
2014-07-30,59.29776337740288,59.33579391875996,57.510371455124755,57.79559326171875,1290300
2014-07-31,57.6434879689707,57.75757599246616,56.94944675028461,57.082550048828125,1314200
2014-08-01,57.00647652516381,57.34874414785238,56.398002363402846,56.54061508178711,590900
2014-08-04,56.47406722942284,56.863871242082965,56.32194867879432,56.616676330566406,646800
2014-08-05,56.417018865978356,56.76879231840266,55.97967850601385,56.49307632446289,1182600
2014-08-06,56.09376598506315,56.863868145757486,55.90361690043332,56.77830123901367,914500
2014-08-07,57.025495044052995,57.88116414951052,56.4740666635966,57.424808502197266,1424000
2014-08-08,57.32021878367074,57.56741003341962,56.98745700783393,57.20612716674805,999900
2014-08-11,57.291703249247355,57.833629449515186,57.05401778274787,57.757568359375,2092100
2014-08-12,57.57692871048066,57.9191927357343,57.405794884457634,57.757568359375,521300
2014-08-13,57.78608272500793,58.63224230691548,57.54839728618932,58.594215393066406,700200
2014-08-14,58.58471181401049,59.46890202514457,58.537175446842575,59.38333511352539,648400
2014-08-15,60.00132614654182,60.00132614654182,59.28826967094855,59.602012634277344,1238600
2014-08-18,59.735118568281436,60.65733579524396,59.735118568281436,60.628814697265625,900500
2014-08-19,60.657328862868525,60.80944741268894,60.219988485483874,60.41964340209961,418900
2014-08-20,60.115404084679085,60.61929608234604,60.02983717688732,60.44816589355469,396200
2014-08-21,60.372113332720446,60.999606496324816,60.115412573098475,60.99009704589844,421100
2014-08-22,61.10417192168446,61.16122136177378,60.267521754078416,60.657325744628906,525900
2014-08-25,60.96156975101036,61.037623585933844,60.31506137906827,60.495704650878906,277500
2014-08-26,60.799928742074144,61.01859888455806,60.58125859959023,60.91401672363281,639300
2014-08-27,60.847474828827416,60.99008754867433,60.410134473925325,60.657325744628906,495200
2014-08-28,60.61930298156724,60.828467363706395,60.43866332313325,60.733394622802734,307000
2014-08-29,61.11367759331676,61.322841935686306,60.362594378683376,61.028114318847656,397300
2014-09-02,60.93304403767874,61.741180444252265,60.93304403767874,61.29433059692383,440100
2014-09-03,61.322857041615755,61.48448143559359,60.914037704528226,61.104183197021484,365500
2014-09-04,60.828471369020384,61.47497983154714,60.828471369020384,61.11369323730469,273600
2014-09-05,61.199258385328335,61.48447660164418,61.07565729669829,61.455955505371094,341900
2014-09-08,61.23728006532454,61.389394974618725,60.847472463137265,61.056636810302734,257700
2014-09-09,60.847484669061345,61.227782898960065,60.60979918207283,61.075660705566406,376000
2014-09-10,61.09467437929669,61.57954750868621,60.95206164858838,61.49398422241211,403700
2014-09-11,61.398908055259405,61.63659350862887,61.17072479744396,61.57954406738281,380700
2014-09-12,61.322844017181545,61.73166326743945,61.07564912657387,61.44643783569336,719700
2014-09-15,61.541526828274385,61.66512066488689,60.98058533131124,61.09467697143555,751300
2014-09-16,61.11368870796896,61.49398692202477,60.87600323088222,61.322853088378906,317600
2014-09-17,61.54152077799796,61.71265459456735,61.208755340413205,61.57954406738281,251100
2014-09-18,61.50349550154958,61.71265987899887,61.36088276659915,61.455955505371094,493100
2014-09-19,61.798213880782306,61.798213880782306,60.780920496272785,60.90451431274414,776300
2014-09-22,60.85698716437673,60.97107154279818,59.99180860889626,60.03934860229492,507100
2014-09-23,59.80165928959789,60.19146327352369,59.13613931960964,59.14564514160156,500900
2014-09-24,59.155177167620934,59.37384742481364,58.907982179981566,59.28828048706055,586000
2014-09-25,59.07910053325894,59.11713107933352,58.06180699991515,58.30900192260742,549200
2014-09-26,61.02811275681889,61.02811275681889,58.0713054550033,58.31849670410156,432500
2014-09-29,58.071312217397534,58.147369677210875,57.64347767222177,57.9286994934082,635700
2014-09-30,58.01427587828763,58.27097664732167,57.75757510925359,57.89067840576172,564000
2014-10-01,57.691012345627385,57.814609794339674,57.0159865423694,57.14908981323242,617700
2014-10-02,57.21564483642578,57.37726921010298,56.607170632571304,57.21564483642578,387700
2014-10-03,57.282207889991874,58.042800796367594,57.19664096135004,57.29171371459961,573800
2014-10-06,57.41530565359487,57.824124981336716,57.339248183694814,57.48185729980469,431900
2014-10-07,57.101560236784735,57.272694070178304,56.70224674993555,56.835350036621094,546100
2014-10-08,56.996977703900015,57.61495776362186,56.90190133770182,57.50086975097656,555300
2014-10-09,57.31071858077552,57.65298623317388,56.302934522927465,56.787811279296875,556800
2014-10-10,56.588154835975665,57.09204685134976,56.13179918731364,56.16032028198242,792700
2014-10-13,56.24588918211406,56.64520265556165,56.112785899895684,56.1983528137207,617200
2014-10-14,56.52159995287424,57.09204357426017,56.388496683003666,56.69273376464844,629800
2014-10-15,56.51209471873993,56.55012526347991,55.11450665407303,56.255393981933594,1349000
2014-10-16,55.6088963813025,56.59766521969025,55.58988110772681,56.32195281982422,783800
2014-10-17,56.58817376489938,57.31073621028227,56.33147294663619,56.5311279296875,895200
2014-10-20,56.51210213239896,57.130085871721896,56.274416636781346,56.99698257446289,611900
2014-10-21,57.09205705809437,58.2709787479962,56.844865730924106,58.08082962036133,714300
2014-10-22,58.061810144854654,58.413583648117225,57.64348499575303,57.70052719116211,481500
2014-10-23,58.03328939775127,58.499150921439146,57.767079185994056,58.156883239746094,352300
2014-10-24,58.413591205142374,58.86044113655066,58.07132710803073,58.822410583496094,328400
2014-10-27,58.765355086757836,59.41185983526001,58.546684896351564,59.38333511352539,459500
2014-10-28,59.364329872913544,60.058371105865405,59.08861744603176,60.029850006103516,572500
2014-10-29,59.12663113496756,59.54495984739721,57.4913577079903,58.499141693115234,1501600
2014-10-30,58.594226518498076,58.917478921739814,58.30900466311835,58.812896728515625,885700
2014-10-31,60.06787269484908,60.305558166535945,59.02205807014384,59.27875518798828,887100
2014-11-03,59.440385380007825,59.89674106720955,58.8414169538338,58.94599914550781,394800
2014-11-04,58.71781948851064,59.04107188696094,58.56570092611007,58.94599914550781,496900
2014-11-05,59.11712759307782,59.80166287488185,59.041066505414136,59.735111236572266,477500
2014-11-06,59.81117478046409,60.82846835727861,59.36432491197434,60.752410888671875,540200
2014-11-07,60.98058855027804,61.12320129456522,60.54324812042673,61.08517074584961,467400
2014-11-10,61.00910475023524,61.25629967024766,60.70486763852183,60.837974548339844,533100
2014-11-11,59.402365481138865,60.20098898360076,59.402365481138865,59.90625762939453,428800
2014-11-12,59.70659279646106,60.21999431182414,59.45940148913402,60.01082992553711,681200
2014-11-13,60.1534408325331,60.3150652157053,59.554472416204405,60.048858642578125,420700
2014-11-14,60.30555670291536,60.324571975403906,59.70658831329957,59.77313995361328,414400
2014-11-17,59.754138780767335,60.20098872270629,59.65906602268354,59.97281265258789,479600
2014-11-18,59.89674394983463,60.210490539956204,59.497434064362935,59.602012634277344,656400
2014-11-19,59.67806184295058,59.69707711372647,58.95549606063462,59.14564514160156,379600
2014-11-20,59.06006921713601,59.32627934055222,58.73681691689538,59.11711502075195,402000
2014-11-21,59.88724219805555,60.12492770608169,59.088618746015996,59.23122787475586,445500
2014-11-24,59.23123343919373,59.525964802479976,58.841429314482696,59.04108428955078,517400
2014-11-25,59.12664031982422,59.75412985915209,58.95550647939,59.12664031982422,629200
2014-11-26,59.15516492750457,59.15516492750457,58.73683615091769,58.97452163696289,354700
2014-11-28,59.164676016230075,59.73512340957838,58.9269905090332,58.9269905090332,295800
2014-12-01,58.92698706880794,59.59250717546396,58.660780476862655,59.30728530883789,635300
2014-12-02,59.08861181045916,59.77314352700792,59.06008708662487,59.46890640258789,795800
2014-12-03,59.38334102841842,59.801669805465416,59.08861334654553,59.573490142822266,373200
2014-12-04,59.402352214917876,59.582991866435286,59.03156346208124,59.345306396484375,349000
2014-12-05,59.42137384703546,60.16295143207276,59.25024000021257,60.14393615722656,735300
2014-12-08,59.088603707164374,60.44816475719061,59.088603707164374,60.27703094482422,405600
2014-12-09,60.02034048318597,60.239010697069006,58.793882493900774,60.18196487426758,636500
2014-12-10,59.849199778199406,60.124915783265365,59.44988631796728,59.89673614501953,754000
2014-12-11,60.01082258789679,60.391120766138386,59.69707967362086,59.792152404785156,471200
2014-12-12,59.079102240082335,59.773143405428364,58.67979237514048,59.31678771972656,796200
2014-12-15,59.535459630209594,59.98230950530713,59.03156755951167,59.497432708740234,636400
2014-12-16,59.36433108678592,60.020345409066984,59.06960337843868,59.678077697753906,704600
2014-12-17,60.16295992053826,60.76192846892758,59.449903333767814,60.60980987548828,1062200
2014-12-18,61.22777818862779,61.73167022170472,61.01861381559551,61.655609130859375,1507500
2014-12-19,61.06615029645174,62.19752812993057,61.06615029645174,61.51299285888672,2672800
2014-12-22,61.73166967423287,62.01689513558095,60.86649109410586,61.940834045410156,856200
2014-12-23,61.98836690186354,62.397186195310894,61.70314869356981,61.72216033935547,795100
2014-12-24,61.70315815399546,62.15000806111067,61.4749821016592,61.684139251708984,276300
2014-12-26,61.71265437873392,62.09294529992752,61.455950027985445,61.57004165649414,309000
2014-12-29,61.465475955204525,61.76971312587215,61.26582099197762,61.522518157958984,418400
2014-12-30,61.48447771656509,61.66512100101697,61.20876169161726,61.62709045410156,315100
2014-12-31,61.72215644739151,61.997872442199224,60.83796990241564,60.895015716552734,321600
2015-01-02,60.923540467938174,61.7982212431345,59.94427388048199,60.8189582824707,529700
2015-01-05,60.67635486385458,60.828473440572886,59.621030651149376,60.029850006103516,885800
2015-01-06,59.94428381881174,60.60029813576382,59.72561358875872,59.82068634033203,754600
2015-01-07,59.915745609313916,60.229488501348655,59.649539079491475,59.858699798583984,632100
2015-01-08,60.07738531479134,60.78093598636947,60.07738531479134,60.45768356323242,890800
2015-01-09,60.200973810245,60.47668981790057,59.7065876117292,59.982303619384766,561800
2015-01-12,60.21049279906984,60.53374159841277,59.51644794520733,59.86822509765625,472400
2015-01-13,60.277036155380735,60.93304311483923,59.9157532283998,60.30555725097656,575300
2015-01-14,59.91576147245416,60.90453039934651,59.47842102144476,59.86822509765625,484000
2015-01-15,59.82067578708689,60.00131906071826,59.35481430905224,59.611515045166016,479700
2015-01-16,59.42136426306782,60.12491481173114,59.212199900288304,59.80166244506836,584600
2015-01-20,59.89674206146117,60.362607206616865,59.35481944723898,60.086891174316406,828900
2015-01-21,59.773140496835836,60.495706350797704,59.64954666472565,60.30555725097656,540300
2015-01-22,60.410141637859894,61.265810804829464,60.26752890110078,61.09467697143555,1548500
2015-01-23,60.98058828803879,62.121475730258965,60.8189638968816,61.902809143066406,668300
2015-01-26,61.79821739459541,62.07393338878604,61.351367585168695,61.71265411376953,628900
2015-01-27,61.07566386560404,61.71266651641653,60.856997268268685,61.132713317871094,483400
2015-01-28,61.208749163309854,61.589047301038704,60.600278671168994,60.85697937011719,462600
2015-01-29,60.92354313804164,61.35137409473387,60.52422965119165,61.09467697143555,1009000
2015-01-30,60.90451321347457,61.532006240197134,60.48618815578476,61.18022918701172,800800
2015-02-02,61.237303961654895,61.68414666891475,60.647841230854894,61.674644470214844,831200
2015-02-03,61.73167517498586,62.501773834228516,61.73167517498586,62.501773834228516,775500
2015-02-04,62.406709295247786,62.92962033854011,62.15951432445628,62.51129150390625,563700
2015-02-05,62.74896902616493,63.57611713825514,62.511283537429456,63.48103713989258,652100
2015-02-06,63.595135531421505,63.69971773784517,62.43522906278545,62.71094512939453,671800
2015-02-09,62.53980805252426,63.03419795811414,62.14049815049187,62.72045135498047,417500
2015-02-10,62.767978018498965,63.62364719246757,62.33063760815616,62.82502746582031,427000
2015-02-11,62.815524822515265,63.29089583138963,62.321142164863744,63.18631362915039,343600
2015-02-12,63.404977956635875,64.34621038175948,63.13877139224414,64.11803436279297,844400
2015-02-13,64.41276141490545,64.70748907218814,64.12753595370074,64.55537414550781,485900
2015-02-17,64.35571778130935,64.64093598253498,64.041971231735,64.23211669921875,561000
2015-02-18,64.2225943955544,64.47929142164527,63.861307965433916,64.35569763183594,374000
2015-02-19,64.07999576850756,64.56487609479406,63.91837141094005,64.18457794189453,665600
2015-02-20,64.44130061437428,64.62194394079265,63.775784022706866,64.46031951904297,644900
2015-02-23,64.54588282929157,64.66947669529071,64.04199065937382,64.46031951904297,1117600
2015-02-24,64.40326396982724,64.69799893563248,64.10853625760814,64.56489562988281,858200
2015-02-25,66.55191745878801,71.06794042920576,66.55191745878801,68.6245346069336,3931100
2015-02-26,67.74034494112634,69.16645746620269,67.57872059581103,68.71009826660156,1566500
2015-02-27,69.06190669828956,69.2900827750339,68.21574679567544,68.27278900146484,813200
2015-03-02,68.2727616596624,68.71961143562336,68.02557403117727,68.3298110961914,1095700
2015-03-03,68.32980918162677,68.55798516059805,67.82590998325578,68.07310485839844,655400
2015-03-04,67.65481198813464,67.94003026880901,67.02731871419505,67.20796203613281,710600
2015-03-05,67.58824157714844,67.69282377167744,67.05582840760837,67.58824157714844,749200
2015-03-06,67.50265387600432,67.74984872401822,66.66600387587322,67.17940521240234,712900
2015-03-09,67.3695465244017,68.11112376964859,67.07481896631188,67.84491729736328,1704800
2015-03-10,67.45512512245418,68.26326142314103,65.12581070664288,65.1638412475586,2014800
2015-03-11,65.81986970669146,67.95903913698189,65.63922641143067,66.3427734375,1276800
2015-03-12,67.6548001100014,67.66430230684493,66.84666365600833,67.50267791748047,2015000
2015-03-13,67.48365093314014,67.78788799545241,66.97024953044122,67.7213363647461,779200
2015-03-16,68.03509155214209,68.42489923296942,67.79740606488214,68.11115264892578,631800
2015-03-17,67.96854707539066,68.19673038981122,67.71184991365025,68.1777114868164,770100
2015-03-18,68.10164474139967,68.36785858617414,67.53120100976841,68.21573638916016,663000
2015-03-19,68.1681791872014,68.42488351648768,67.8068999408391,68.02557373046875,493000
2015-03-20,68.24424150197643,68.34882367452951,67.7403495361755,67.97803497314453,1376900
2015-03-23,67.9780351010082,68.12064781417466,67.50266422617598,67.60724639892578,966500
2015-03-24,67.69285192859567,67.81645307549766,66.98930462569281,67.16043853759766,1208300
2015-03-25,67.53120784906716,67.5787478538451,66.3142591640498,66.32376861572266,1035000
2015-03-26,66.38080677180979,66.93223887783701,66.07656961910267,66.39981842041016,979500
2015-03-27,66.40931354378138,67.21744262628317,66.21916808445778,67.00828552246094,762100
2015-03-30,66.8942039561758,67.8734670007921,66.8942039561758,67.65480041503906,715000
2015-03-31,67.54072023683591,68.19673461264044,67.26500415502801,67.88298797607422,847400
2015-04-01,67.89248451969405,68.31080603532648,67.52168849469683,68.0065689086914,1108200
2015-04-02,67.8164060166571,68.92877204535662,67.49315007244309,68.71009826660156,1059900
2015-04-06,67.91150266895612,69.23303349433283,67.90199321776743,68.51046752929688,1216700
2015-04-07,68.4534089946858,68.91927044156273,68.07311082733182,68.18720245361328,648800
2015-04-08,68.45339636084212,69.05236096770965,68.17768042173655,68.83369445800781,740700
2015-04-09,68.65309291332504,69.2900884420267,68.51998958653924,69.28058624267578,924800
2015-04-10,69.40416806196835,69.62284192004282,69.02386979995269,69.27106475830078,654700
2015-04-13,69.21399937996412,69.60379970914731,68.86222233602214,68.96680450439453,514400
2015-04-14,68.79566945009176,69.318580282404,68.52946293676317,69.16645812988281,753900
2015-04-15,69.10942641791446,69.40415406608915,68.90026205330614,69.07139587402344,567300
2015-04-16,68.89075340762669,69.19499050871954,68.45341302815474,69.09040832519531,474000
2015-04-17,68.32031131883005,69.03336772091616,67.91149202482396,68.3012924194336,668000
2015-04-20,68.62454417555446,69.18547836205775,68.36784707828342,68.81468963623047,566300
2015-04-21,69.02386152153366,69.36612919093908,68.86223713697699,69.03337097167969,393300
2015-04-22,68.81468161842763,69.06187649137253,68.43439074138443,68.72911834716797,648500
2015-04-23,68.46289461559594,69.20447179436438,68.46289461559594,68.90974426269531,673900
2015-04-24,68.9383054081868,69.28057311322594,68.59603770314769,69.09992980957031,672000
2015-04-27,69.29957456788705,69.80346660018674,68.72913089459655,69.34711456298828,1251400
2015-04-28,69.19500057557569,69.29007332345178,68.71962958260957,69.06189727783203,722600
2015-04-29,71.3151599783365,74.24343984726414,71.3151599783365,73.06452178955078,2413800
2015-04-30,71.9806767415977,72.93141875205905,71.2390991340116,71.34368133544922,1133900
2015-05-01,71.77148752490865,72.22784672372919,71.38168720725123,71.98065185546875,736000
2015-05-04,72.12328989903457,73.01698971503605,71.99969604827123,72.62718200683594,920700
2015-05-05,71.71447899035107,71.99019507784446,70.46900912407644,70.83979797363281,1120600
2015-05-06,70.78273433259085,71.69545297558024,68.76716606775138,68.91928100585938,2270700
2015-05-07,66.85616549776728,69.58479717349604,66.74207386636095,68.5484848022461,8491400
2015-05-08,69.36613820868128,71.12500952792509,69.06190104672336,70.03166198730469,2362500
2015-05-11,70.24076681892433,70.7826890866482,70.126682501665,70.13618469238281,1582800
2015-05-12,69.87003068487412,70.31688060550319,69.39465966353872,70.11722564697266,1253900
2015-05-13,70.07918087233108,70.5640612466913,69.60380994747176,69.61331939697266,1676300
2015-05-14,69.87002365133613,70.29786187962091,69.68938761385117,69.83199310302734,2154200
2015-05-15,70.24081508931883,70.44997948614233,69.86052409900596,70.10771179199219,1069600
2015-05-18,70.06015303392711,70.3358689770495,69.7368971078728,69.74640655517578,961500
2015-05-19,69.66086087683328,69.88904417197418,69.41367318747567,69.78446197509766,1142300
2015-05-20,69.90804629440828,69.98410738242482,69.50873646269831,69.52774810791016,1221300
2015-05-21,69.53724861624177,69.98409838390249,69.41365480429495,69.79395294189453,1252300
2015-05-22,69.77493925720218,70.02213415314304,69.58479380099179,69.82247924804688,852300
2015-05-26,69.40415173871224,69.6418371898722,68.57700375738517,68.88124084472656,993400
2015-05-27,69.09041714615219,70.05066856584313,68.92879275228323,69.78446197509766,1146400
2015-05-28,69.74640457443506,70.01261106269445,69.36610648252903,69.55625915527344,1151700
2015-05-29,69.39465272155795,69.64184765892801,68.86223955207046,69.00485229492188,3192900
2015-06-01,68.9763144505656,70.25981431744125,68.95729555422405,69.9460678100586,907100
2015-06-02,69.9460862807081,70.0126379283105,69.09992650965529,69.26155090332031,1058000
2015-06-03,69.65136579298475,70.60210785907786,69.30909806890433,70.52604675292969,1075300
2015-06-04,69.9936273963326,70.73520498246268,69.97460849466555,70.10771179199219,879200
2015-06-05,68.78617299223369,70.54504400481262,68.7576518966457,70.39292907714844,1060800
2015-06-08,70.02215284626071,70.34540165882972,69.56579347450818,69.59431457519531,715400
2015-06-09,69.7939400786533,70.25980140322167,69.28053877555288,70.06964874267578,955500
2015-06-10,70.62110509543713,70.8112578219984,70.1267225135475,70.39292907714844,668200
2015-06-11,70.30737067356908,70.87782169814183,70.17426736879173,70.85880279541016,776300
2015-06-12,70.53553288927935,70.88730269516208,70.31685909478195,70.59257507324219,592100
2015-06-15,70.20276959149362,71.00139645898982,69.92706085829836,70.25981903076172,927100
2015-06-16,70.29787954212979,70.82078339218924,70.08871510067111,70.478515625,668600
2015-06-17,70.77323371843012,71.35318689345557,70.5640693269671,71.1155014038086,620800
2015-06-18,71.1820443883266,71.78100913805568,71.02992221174388,71.619384765625,671800
2015-06-19,71.56235424063843,71.83807031839369,71.20107485612459,71.54334259033203,1698700
2015-06-22,71.90460863361999,71.97116027772415,71.38170493096877,71.58135986328125,1167100
2015-06-23,71.79051187934486,71.97114788017734,71.25809156463959,71.2676010131836,775900
2015-06-24,71.15350888615805,71.41021321993584,70.430950380791,70.4404525756836,1255100
2015-06-25,71.15351793024655,71.15351793024655,70.56406261429096,70.98239135742188,976700
2015-06-26,71.20107737090684,71.38172069633725,70.66866410048473,70.83979797363281,990900
2015-06-29,70.36441842798786,70.45949117859075,69.04288760992576,69.09992980957031,575200
2015-06-30,69.72741206934592,69.72741206934592,69.0048534002066,69.17598724365234,697800
2015-07-01,69.51825242915784,69.66085791557683,68.98583201671431,69.35662078857422,989900
2015-07-02,69.33760307081029,69.57528853214536,69.07139651468856,69.46119689941406,816600
2015-07-06,68.98582961641175,70.21228753203836,68.69110194995362,70.12672424316406,1088100
2015-07-07,70.39293706512262,70.39293706512262,69.24254013982657,69.80347442626953,934100
2015-07-08,69.16646687063296,69.41366177292682,68.33931888233295,68.44390106201172,726500
2015-07-09,69.08088930920296,69.39462852980049,68.7386217471121,68.83369445800781,684700
2015-07-10,69.78445402758045,69.82248457243944,69.32809474285746,69.63233184814453,740000
2015-07-13,70.17425198905997,70.60209016372244,69.89853598856669,70.55455017089844,537900
2015-07-14,70.66865363370916,71.19155737440134,70.51653143406986,70.93486022949219,743000
2015-07-15,70.6496126374708,71.4862699666648,70.49749773898863,71.32463836669922,794400
2015-07-16,71.82855181324645,72.09475837862003,71.34367142426751,71.89510345458984,532900
2015-07-17,72.10425301814128,72.10425301814128,71.33415449850645,71.67642211914062,533600
2015-07-20,71.70495437800174,72.19934424194277,71.41022670184265,71.81904602050781,475700
2015-07-21,71.10600471055884,71.6479274340385,69.96510980341071,70.1647720336914,1399200
2015-07-22,70.12674422945926,70.90635251581705,70.12674422945926,70.7447280883789,700300
2015-07-23,70.76371496457486,71.01090987231308,70.30735569287235,70.48799896240234,651300
2015-07-24,70.8112508194962,70.92533519056634,70.36440102324708,70.78272247314453,854200
2015-07-27,71.06795833720837,71.18204997860558,69.15696505191971,69.33760833740234,897700
2015-07-28,69.4421863774344,70.01263004314957,69.08090708165122,69.63233184814453,693100
2015-07-29,71.49579311767188,75.94526581964264,71.37219927307859,74.72831726074219,2649900
2015-07-30,74.8233924325845,75.03255683297378,74.00575373301864,74.69979858398438,922000
2015-07-31,75.09909372605286,75.09909372605286,74.16737081196294,74.26244354248047,877100
2015-08-03,73.73954436731309,74.45260083993229,73.41629558144678,73.96772766113281,1089300
2015-08-04,74.04377597682021,74.61422691518983,73.3021984612417,73.78707885742188,1046300
2015-08-05,74.21492812360026,74.31951033787288,73.5874420915513,74.14837646484375,695100
2015-08-06,74.05328592290564,74.05328592290564,72.398997049871,72.82682800292969,968300
2015-08-07,72.85535491709197,73.85363689205882,72.42752392986941,73.83462524414062,801400
2015-08-10,74.13886311455452,74.28146860930647,73.64447322079548,74.00575256347656,658200
2015-08-11,73.36873188467587,73.64444783546617,72.70321562661874,73.20710754394531,624400
2015-08-12,72.88387336112947,73.38776537869428,72.15179807805313,72.96943664550781,532300
2015-08-13,72.8363433244972,73.5018598059235,72.27540178707878,73.0930404663086,431000
2015-08-14,72.63668480999496,73.18811686955152,72.63668480999496,73.01698303222656,431300
2015-08-17,72.7888034001824,73.09304054252102,72.3134324119292,72.94092559814453,494700
2015-08-18,73.01696963488419,73.5303637990749,72.77928419629875,73.42578887939453,590200
2015-08-19,73.13108171272678,74.31950935595331,72.81733507405417,73.82512664794922,835200
2015-08-20,72.72224682109423,73.91067421114683,71.63840162165309,71.64791107177734,688400
2015-08-21,70.83026346182547,71.69544197375075,70.25981983768197,70.2788314819336,1039500
2015-08-24,68.14919568641473,69.29008333290867,65.4776126411629,68.05412292480469,1781800
2015-08-25,70.02214565350353,70.2408122387006,67.25548311366836,67.28400421142578,1244400
2015-08-26,68.96681369171928,69.1664686069587,67.04631111993795,69.07139587402344,781300
2015-08-27,69.689373310439,71.01090376519345,69.4231595269166,70.59257507324219,949200
2015-08-28,70.04117001709031,70.7352149540642,69.79398228925783,70.2978744506836,746900
2015-08-31,70.02213955089753,70.25031556665611,69.29957370514653,69.48021697998047,588500
2015-09-01,68.06362512345497,68.81471227127173,67.52170240333233,68.05412292480469,1138800
2015-09-02,69.10944105004864,70.11722528898686,68.19672956417487,70.03166198730469,1140900
2015-09-03,70.28835141902405,70.49751580492374,69.77494990461174,70.18376922607422,690600
2015-09-04,69.48971729563311,69.78445219716323,68.93829254360345,69.2235107421875,484900
2015-09-08,70.32638267070817,71.12500242095302,69.74642950530328,71.09648132324219,539600
2015-09-09,71.48630613657198,71.76202223650733,69.68940401422361,69.85102844238281,672600
2015-09-10,69.76543768057924,70.72568902603915,69.47071001412111,70.12672424316406,469800
2015-09-11,69.6988875777186,70.4594840123554,69.41366935491868,70.23130798339844,470100
2015-09-14,70.35490584574087,70.4689974935383,69.45170387483114,69.56578826904297,474400
2015-09-15,69.71790770976102,70.38342416163701,69.24253674311095,70.18376922607422,801900
2015-09-16,70.06966797984099,70.50701559237626,69.71789815502407,70.1457290649414,464400
2015-09-17,70.24079542109972,70.64011245485203,69.70838238087482,69.9460678100586,557800
2015-09-18,69.1474700225238,69.87002873217786,69.1094394714495,69.40416717529297,1059800
2015-09-21,69.68936854564546,70.8207462205295,69.66084020203066,70.64961242675781,486200
2015-09-22,69.8890439593807,70.59259098329443,69.74643121374784,70.1552505493164,998400
2015-09-23,70.031652859991,70.77323039226356,69.9080517688888,70.60209655761719,643000
2015-09-24,70.07919201681155,70.41195026641367,69.40416606659414,69.9080581665039,591400
2015-09-25,70.383414515692,71.22957414007736,69.94607415674103,70.1457290649414,606800
2015-09-28,69.74641841153883,70.16474712098665,68.16818355577426,68.18720245361328,574900
2015-09-29,68.39638100817774,68.90978255265578,67.98756166277404,68.69110870361328,1045900
2015-09-30,69.61331869490529,70.28834453096756,68.89075286540267,70.26933288574219,959800
2015-10-01,74.16739242386336,74.88995118921305,73.09304922056388,74.31000518798828,5101600
2015-10-02,73.43529372313508,75.98328200681924,72.85534065178122,75.94525146484375,2883400
2015-10-05,76.15441530046016,77.9608261372848,76.06885202178597,77.27629089355469,3072900
2015-10-06,76.97206966625826,77.22877406231892,76.42063757817341,76.8389663696289,2732000
2015-10-07,77.01008326163299,77.4759446972739,76.09737203414743,76.95304107666016,26526000
2015-10-08,76.82945896827545,77.4854732717234,75.85019586541513,77.39990997314453,2390100
2015-10-09,77.29530622982635,77.35234841298093,76.56323102928482,77.13367462158203,1499900
2015-10-12,77.06712008118535,77.6660919960358,76.81042301309483,77.44741821289062,1036400
2015-10-13,77.27630695072553,77.60906519290891,76.50620826830315,76.62029266357422,1050900
2015-10-14,76.53471471103293,76.72486016912974,74.99451038754542,75.13712310791016,2186300
2015-10-15,75.40334350095513,75.59349624756395,74.8328997682999,75.55546569824219,1851500
2015-10-16,75.70756815319164,75.70756815319164,74.83288742383561,75.61249542236328,1249800
2015-10-19,75.31776414659635,76.05934156629428,74.9469754367474,75.68855285644531,982500
2015-10-20,75.50790512337761,75.91672435020722,75.013522624078,75.89771270751953,878800
2015-10-21,76.33506422234314,76.33506422234314,75.11811581148253,75.29875183105469,1080300
2015-10-22,75.45086850291369,76.09737320570053,75.27022524293992,76.01180267333984,1525300
2015-10-23,74.64272967346966,77.18120816194845,74.64272967346966,77.1526870727539,1735900
2015-10-26,77.32384923235313,77.77069913657621,76.90552042778924,77.4854736328125,1085200
2015-10-27,76.75341383477796,76.90552880071684,75.9928172443236,76.37311553955078,1276700
2015-10-28,73.2071341660356,74.1578761681919,68.13017535624213,69.08091735839844,7415300
2015-10-29,68.94779707031527,69.20450143666241,66.32375473742442,66.79912567138672,3995500
2015-10-30,66.48538715083671,68.24425836839188,66.25721110595673,68.08263397216797,2418800
2015-11-02,67.98755912504981,68.22524461342223,66.35228180447392,66.84666442871094,2573800
2015-11-03,66.77063180327222,67.00831736717545,65.84841065475368,66.4378662109375,1491800
2015-11-04,66.42834619645139,66.58046114469018,65.21139034261198,66.01001739501953,1660200
2015-11-05,66.05756087015529,66.1146030720462,65.2018915738606,65.62972259521484,1556700
2015-11-06,64.79305317468028,66.67551782013392,64.79305317468028,66.666015625,1325600
2015-11-09,66.29522691442325,66.9797548968529,65.89590985769254,66.666015625,1468900
2015-11-10,67.38859147054154,67.99706578038409,66.99879101591708,67.53120422363281,2038800
2015-11-11,67.62627263671838,67.89248647708632,67.2554838546163,67.36957550048828,887500
2015-11-12,67.16994523736442,68.66261036470193,66.7801374109496,68.38689422607422,1577100
2015-11-13,68.2917894752731,68.92878477996555,67.75936910177643,68.13016510009766,1908500
2015-11-16,68.40587935955243,69.17598525976528,67.89248509752429,69.13795471191406,1563600
2015-11-17,69.46121720524144,69.46121720524144,67.84495849711055,68.05412292480469,1615500
2015-11-18,68.2632692352358,69.8224853232977,68.23474088609622,69.71790313720703,970300
2015-11-19,69.61333303404473,69.93658184455204,69.43268972606354,69.6608657836914,894400
2015-11-20,70.24080179452478,70.33588177769246,69.67986761247386,70.1457290649414,657400
2015-11-23,70.34537716669178,70.70666365916942,69.65133977966065,70.01261901855469,780600
2015-11-24,69.82249757841122,70.11722528898686,69.12845269922708,70.03166198730469,1067500
2015-11-25,70.2027813436324,71.03943889283806,69.71790817698131,70.79224395751953,718100
2015-11-27,70.77322211832612,71.30563520672267,70.60208830368661,71.19154357910156,361300
2015-11-30,71.41022460252819,71.80953445918264,70.87781146032226,71.25810241699219,2021900
2015-12-01,71.60987818192044,72.65569280023254,71.37219271168657,72.35145568847656,1564200
2015-12-02,72.68420090913206,72.68420090913206,71.1725250702662,71.27710723876953,1025000
2015-12-03,71.31515142565792,71.74298237607826,70.20277789811202,70.49751281738281,832500
2015-12-04,71.45777122338085,71.90461386425096,70.5355503354334,71.6098861694336,650700
2015-12-07,71.3341511698145,72.11375910186119,70.92533193388857,72.05671691894531,1166900
2015-12-08,71.25810241907277,72.85534909932225,70.80175036962152,72.82682800292969,1222300
2015-12-09,72.23738548819033,73.33073306306677,72.11378437710646,72.7032470703125,2185900
2015-12-10,72.7127542521358,73.4733435303247,71.96166717174415,72.51309204101562,1081200
2015-12-11,71.47678904812686,72.08526339208989,71.12501187125379,71.35319519042969,842500
2015-12-14,71.55283359875966,72.48455654892871,71.14401431347761,72.37997436523438,945000
2015-12-15,72.93140470832846,73.97721926773585,72.55110652665726,73.38776397705078,1308700
2015-12-16,73.80610694534343,75.14665679412484,73.33073589319454,74.93749237060547,1203100
2015-12-17,74.8233962848164,75.12763345006812,73.11206495037024,73.12157440185547,1021100
2015-12-18,72.65569776745498,73.05500764388698,70.44997674303033,71.40071868896484,3132200
2015-12-21,72.08524676886918,72.6366787826684,70.77322562730504,72.22785949707031,853300
2015-12-22,72.73177031761406,73.91068848522212,72.02822319783353,72.5226058959961,900000
2015-12-23,73.02646430807987,73.46380459960072,72.74124616330532,73.20710754394531,975800
2015-12-24,73.17862261144563,73.44482924619777,72.86487596895056,73.16911315917969,1172500
2015-12-28,73.00746461918864,73.387762794733,72.63667589276858,73.36874389648438,676700
2015-12-29,73.89167623213191,74.12936175410681,73.56842015038107,73.939208984375,772700
2015-12-30,74.034276647008,74.40506541915381,73.53988678175672,73.69200897216797,456600
2015-12-31,73.37826596039737,73.90117694836492,72.98845826871508,73.0930404663086,585600
2016-01-04,71.64790828021998,71.64790828021998,70.74470640040477,71.59086608886719,1344600
2016-01-05,71.50528602653456,71.85706308473178,71.04893404931082,71.33415222167969,1027100
2016-01-06,70.36439895618575,71.49577670637221,70.11720407015527,70.96336364746094,961900
2016-01-07,69.68940232582496,70.17427559855531,68.90979405487703,69.44220733642578,1274600
2016-01-08,69.77495494680217,70.31687759780112,69.19500174529273,69.75594329833984,1255600
2016-01-11,70.0696730687867,70.68765673633736,69.91755814112253,70.39292907714844,1081600
2016-01-12,70.64013618909856,71.19156105735354,70.07919461589164,70.85880279541016,873900
2016-01-13,70.84927172833514,71.01090333789712,68.32981190401804,68.34882354736328,1806300
2016-01-14,68.47243200470243,69.40416230669871,67.98755883308645,68.78617858886719,1290700
2016-01-15,67.05583340162222,68.73865083630989,66.76110569704619,68.51046752929688,1674700
2016-01-19,69.12844467320548,70.05066550338888,67.06533643153685,68.0065689086914,1399200
2016-01-20,67.27450429606442,68.13967572291675,65.6962691331675,67.47415924072266,1531200
2016-01-21,67.80691859132932,68.16819793706256,66.54243000088435,66.97026824951172,1453300
2016-01-22,68.03509020429814,68.3963767800705,67.26499156197967,67.63578033447266,1128200
2016-01-25,67.29350434731515,67.8354268904509,66.07655598754255,66.50438690185547,1498400
2016-01-26,66.73257362973622,67.79739987311827,66.52340925947624,67.69281768798828,787000
2016-01-27,67.730868990865,68.69112059699692,67.11288514031303,67.35057067871094,770700
2016-01-28,67.64529697163795,68.4249051470905,67.20795650770954,67.70233917236328,1109200
2016-01-29,68.10164800194516,70.04116258521928,67.76888974702739,69.40416717529297,1546300
2016-02-01,68.76715538211594,68.90976810127172,68.1301601239489,68.55799102783203,1480700
2016-02-02,67.64528474376725,67.72134583337592,66.87517890525274,67.23646545410156,1433400
2016-02-03,67.35053993343243,67.78788750759355,64.72649800996777,65.47758483886719,1822300
2016-02-04,65.55364909701251,66.19065166323894,65.1448298023828,65.53463745117188,1448000
2016-02-05,65.30645864429555,65.79133175516651,64.3176862703558,64.58389282226562,1021700
2016-02-08,64.0514943083808,64.40326422342457,61.59857808661627,62.70143508911133,1419300
2016-02-09,62.4447233910663,64.9832023243757,62.4447233910663,64.43177032470703,1455400
2016-02-10,64.83109062708394,65.5441470316807,63.51906220033161,63.595123291015625,1437800
2016-02-11,62.31163119446282,63.43350703819731,61.81724129527906,63.081729888916016,1531200
2016-02-12,63.88982029748773,64.90711332316062,63.67115383366365,64.70745849609375,1154200
2016-02-16,65.04027008890681,65.78184776115863,64.62194124667796,64.85962677001953,1609100
2016-02-17,65.32546203268457,66.37127646311217,64.68846682775674,65.02122497558594,1788300
2016-02-18,65.25891321234398,66.12409168752718,64.8976339582321,65.0782699584961,986600
2016-02-19,64.90713470746184,65.21137177088069,64.27013948930104,64.60289764404297,1373900
2016-02-22,65.11629845928096,65.94344636808236,65.04024463430237,65.10679626464844,1978800
2016-02-23,64.71700771404583,65.26843981545336,64.27966726404236,64.65996551513672,1773700
2016-02-24,63.79478745464202,68.52948585856987,63.7662663549004,68.12066650390625,3287900
2016-02-25,68.79567581833881,70.2883401236037,68.34882602092338,70.25981903076172,1747700
2016-02-26,70.46898575716094,70.87780502669887,70.01262649556199,70.38341522216797,989600
2016-02-29,70.37391278913498,70.59258661939877,69.21401375520146,69.25203704833984,1005000
2016-03-01,69.62282957142632,70.88731073199428,69.11893029281744,70.67814636230469,927200
2016-03-02,70.79223863164201,71.02041464899304,70.00312114022135,70.98239135742188,1044900
2016-03-03,70.76370982091507,72.45602900112858,70.51651493114491,72.39898681640625,1062600
2016-03-04,72.63665688317387,73.42577412153288,71.79049747216614,72.921875,913500
2016-03-07,72.08523590545212,72.84583217217805,71.99016318550728,72.38947296142578,614500
2016-03-08,72.12329234980919,72.64620337770343,71.31516305963407,71.92363739013672,1062200
2016-03-09,72.18033282922329,73.03600210282083,71.84757457104259,72.71275329589844,652600
2016-03-10,72.90290090060583,73.02649475618178,71.2105812071548,72.00920104980469,486100
2016-03-11,72.8743842647219,72.9694570251122,71.73348937927824,72.5416259765625,677300
2016-03-14,72.39897749905863,73.00745156973639,71.71444235615039,72.81729888916016,625200
2016-03-15,72.3989979149127,73.04550270401413,71.3341643641618,72.6937255859375,744100
2016-03-16,72.23738400696979,73.34975046239772,71.5338296687864,73.12157440185547,506700
2016-03-17,73.14056907092683,73.53987889756856,72.5130759831317,73.38776397705078,624400
2016-03-18,73.73004957879296,74.18640170511647,72.9884646797413,73.66349792480469,1013900
2016-03-21,73.58742374826808,74.21490962390239,73.0740222571573,74.15786743164062,578900
2016-03-22,73.65397304556497,74.59520545584357,73.35924539014894,74.03427124023438,825700
2016-03-23,73.79660283798808,74.09133056154894,73.31172234633435,73.70152282714844,506600
2016-03-24,72.7127431301844,74.36703199213532,72.64619148785262,73.78707885742188,393100
2016-03-28,74.16735765212339,74.50011577668418,73.49233195556201,73.92967224121094,639000
2016-03-29,73.73003263307766,74.90895048430787,73.73003263307766,74.75682830810547,691200
2016-03-30,75.23218907537388,75.27021961429206,74.36701788913217,74.85189819335938,336100
2016-03-31,75.05155354548705,76.47766612259005,74.87091029790724,75.9832763671875,972200
2016-04-01,75.71707174549594,76.30653423677087,75.38431358654391,76.23998260498047,690400
2016-04-04,76.06885067994286,77.57101715653688,75.28924272246554,75.53643035888672,692400
2016-04-05,74.91849446611245,75.4889383826386,74.61425722705931,74.83292388916016,479300
2016-04-06,74.68077557876876,75.86920289699496,74.55717449537902,75.82166290283203,467900
2016-04-07,75.21320072688978,75.81216557979252,74.31950091948511,74.4145736694336,765300
2016-04-08,74.2054100453716,74.27196168988642,73.48284415236398,73.75856018066406,644700
2016-04-11,74.12936646322974,74.1483781146174,72.97896933422176,73.05502319335938,537800
2016-04-12,73.18812396487695,74.00575542960121,73.1405839623947,73.91068267822266,450000
2016-04-13,74.15787593460568,74.8233924325845,73.92969988581093,74.69979858398438,555000
2016-04-14,74.68080233870583,74.81390566575453,73.62547792168593,74.02478790283203,655200
2016-04-15,74.0247676719119,74.43358699428494,73.61594834953885,74.30048370361328,476400
2016-04-18,74.33849844045304,75.0135242005986,74.02475192763525,74.73780822753906,523300
2016-04-19,74.8424089082337,75.11812494948232,74.45260121949356,74.72831726074219,435800
2016-04-20,74.73782993735188,75.07058818991638,74.30999893456693,74.71881103515625,482000
2016-04-21,74.57621432175765,74.88995370908528,74.16739491942317,74.21492767333984,516100
2016-04-22,73.97722205564094,74.73781844764714,73.97722205564094,74.33850860595703,569800
2016-04-25,74.32901066438843,74.67127836842471,74.09132516178468,74.56669616699219,389300
2016-04-26,74.26244606119958,75.05156353306947,74.21490606753623,74.90895080566406,431700
2016-04-27,74.99448274967601,75.26069644792123,74.21487505305467,74.82334899902344,664400
2016-04-28,74.54765475788346,75.51740802978975,74.48109588028319,74.80435180664062,581600
2016-04-29,74.22442169226787,74.59521046221982,73.27367976857873,73.75856018066406,799600
2016-05-02,73.85363483645044,74.31949636012843,73.58742825149159,73.9487075805664,501600
2016-05-03,73.49234298113825,73.62544625093118,72.64618337163279,73.3307113647461,953400
2016-05-04,72.65568028557962,74.15785393957468,72.53208647363712,73.6729736328125,1006700
2016-05-05,73.60642488028239,74.11031684951013,73.26415726843263,73.42578887939453,734000
2016-05-06,73.10253985918008,74.1673733365416,73.01697657487715,74.01525115966797,674000
2016-05-09,74.16739230805318,74.57621169599346,73.653990710157,73.939208984375,512300
2016-05-10,74.28146010517874,74.95648596620502,74.05328408611271,74.88043212890625,411600
2016-05-11,74.75683655001954,74.81388599917742,73.5398880205706,73.64447021484375,490700
2016-05-12,73.96771643231885,74.2529346259171,73.16908953235799,73.97721862792969,580100
2016-05-13,73.77758582755465,73.94871969643637,73.26418422090947,73.283203125,566700
2016-05-16,73.32122000407689,74.3765441230825,73.23564945880292,74.06279754638672,527500
2016-05-17,73.95822605449968,74.12935991622216,72.96945343716827,73.07403564453125,477400
2016-05-18,72.85536751683398,73.16911416363612,72.15182036481843,72.88389587402344,854000
2016-05-19,72.21836388860112,72.76028655676005,72.02821838361366,72.57964324951172,649400
2016-05-20,72.72224439883279,73.44481025892108,72.53209892419187,73.24515533447266,1123700
2016-05-23,73.26416058342575,73.48283438839566,73.05499622743304,73.1976089477539,373900
2016-05-24,73.45431694401513,75.12761736791234,73.26416422294639,74.90895080566406,473300
2016-05-25,75.01354802938472,75.57448234844178,74.74734142009757,75.27975463867188,490500
2016-05-26,75.10861125609021,75.37481783161412,74.80437413355072,75.089599609375,324200
2016-05-27,75.04204268266211,75.65051679046883,75.04204268266211,75.35578918457031,473200
2016-05-31,75.65054211762391,75.69808211998061,75.0230561573141,75.47940826416016,952600
2016-06-01,75.16565282523649,75.52693939208984,75.05156843872288,75.52693939208984,538900
2016-06-02,75.20365649944517,76.04981591379378,75.1085837934611,76.04031372070312,480900
2016-06-03,75.51741579588864,76.0878593823549,75.13711765371654,75.85017395019531,1349300
2016-06-06,75.79313773064796,76.21146644530764,75.4698817456152,75.96427154541016,704000
2016-06-07,75.96428091805463,76.16393585098035,75.46989105726072,75.69807434082031,759100
2016-06-08,75.84066365876046,76.18293125755187,75.270220078636,75.9832763671875,537300
2016-06-09,75.88819487586169,75.99277703304959,75.30824191457702,75.66001892089844,572300
2016-06-10,74.85191103322111,75.84067620036885,74.56668556919992,74.88043212890625,534400
2016-06-13,74.92795072479989,75.6410069966494,74.92795072479989,75.20366668701172,779200
2016-06-14,74.9945289220238,75.92625930557237,74.67128011265325,74.97551727294922,499400
2016-06-15,75.03254804582996,75.21319132566279,74.45259491397346,74.52865600585938,522800
2016-06-16,74.40505975736626,74.74732740616174,73.73953610533741,74.55717468261719,673600
2016-06-17,74.59521358517323,74.61423248645097,73.711023268982,73.96772766113281,967200
2016-06-20,74.6427617798954,75.34630887911895,74.63325232821246,75.03256225585938,475700
2016-06-21,75.06106751513329,76.40161702962612,74.89944313856721,76.21147155761719,958300
2016-06-22,76.00230205799278,76.534715146561,74.95648027175616,75.07057189941406,659800
2016-06-23,75.64101508764092,76.21146596900599,75.11811145116864,76.18293762207031,440700
2016-06-24,73.44481660632275,74.8804390007642,72.58914738931838,74.11984252929688,1596000
2016-06-27,73.50186315616348,74.16738692151021,71.99018682791288,72.25639343261719,729900
2016-06-28,72.8268359166326,74.07231287193297,72.35146491554025,73.65398406982422,597100
2016-06-29,73.99623104964625,75.27973094245849,73.22612531109188,75.2607192993164,571700
2016-06-30,75.46039089458104,77.0956609493236,74.17688346411485,77.0861587524414,862500
2016-07-01,77.08614757306428,77.41890575531819,76.61077666882031,76.94353485107422,462100
2016-07-05,76.66784079748335,77.6946439853678,76.66784079748335,77.59957122802734,664700
2016-07-06,77.25726750701355,77.73263832584206,76.76287779342539,77.63756561279297,545000
2016-07-07,77.55198506477457,78.10341688416625,77.26675970892865,77.81819152832031,465700
2016-07-08,78.16047749717228,79.29186248779297,78.02737423399147,79.29186248779297,660000
2016-07-11,79.36793814721811,80.28064951393948,79.09222212181501,79.88133239746094,805300
2016-07-12,80.33768382500692,80.45177545474702,79.71970019102073,80.31867218017578,569900
2016-07-13,80.81306190905627,80.81306190905627,80.19507822021119,80.53734588623047,492000
2016-07-14,81.0032161505189,81.48809660542547,80.77504009968645,81.38351440429688,614500
2016-07-15,81.7638027466716,81.7638027466716,80.8891219465211,81.0412368774414,476300
2016-07-18,81.2599172470978,81.32646889478119,80.79405571331417,80.87010955810547,474300
2016-07-19,80.5753899495527,81.34548870048931,80.489826645487,81.32647705078125,397000
2016-07-20,81.38351250004146,81.64971909538144,81.14582700368994,81.19336700439453,393500
2016-07-21,80.97469470371571,81.13631910346305,80.37572985275368,80.6229248046875,460100
2016-07-22,80.95564901770932,81.65919577354788,80.66091418808256,81.52609252929688,524300
2016-07-25,81.49760973247365,81.52613083341592,80.96519650532137,81.30745697021484,308100
2016-07-26,81.23138029740178,81.50709628502656,80.83206323563724,81.15531921386719,365600
2016-07-27,81.06026384904119,81.21237879510866,80.66094670174444,80.97469329833984,420100
2016-07-28,81.00322097705386,81.4881014608518,80.42326773754304,81.32647705078125,332400
2016-07-29,81.3645025415534,81.39302364113415,80.76553043601427,81.07927703857422,616200
2016-08-01,80.95567053764402,81.24088874246416,80.58488179386855,80.6799545288086,522100
2016-08-02,80.65143149866985,80.75601368067015,79.58659803356889,79.59610748291016,839100
2016-08-03,77.58052577569431,77.90378174433468,74.41455398993283,75.51741790771484,2014300
2016-08-04,75.72658091082117,77.30480842462957,75.67904092246982,77.13367462158203,1166900
2016-08-05,77.26679025934351,78.55979981087742,77.19073642081827,78.1224594116211,875500
2016-08-08,78.15096380207765,78.45520085189932,77.31431372846393,77.49495697021484,643400
2016-08-09,77.6565844629543,78.10343423470817,77.20022524293783,77.7041244506836,412600
2016-08-10,77.58054762966206,77.58054762966206,77.02911551543598,77.43793487548828,445700
2016-08-11,77.7041546877653,77.97986351241403,77.49499026609809,77.55203247070312,274100
2016-08-12,77.2477689502189,77.55200602701794,76.67732533791872,77.40939331054688,386200
2016-08-15,77.74216548655572,77.74216548655572,77.27630396549547,77.60906219482422,524200
2016-08-16,77.58053911327656,77.76118239897234,77.05763541015565,77.57102966308594,619900
2016-08-17,77.85625986125687,77.86576931202414,76.99108843466244,77.732666015625,887200
2016-08-18,77.72314173488822,77.95131773466595,77.21924974415295,77.66609954833984,587500
2016-08-19,77.40939990977019,77.92280138068352,77.15270280110586,77.91329193115234,465200
2016-08-22,77.4474080518724,78.55977395696266,77.42839641189404,78.2175064086914,545300
2016-08-23,78.40770614248783,78.40770614248783,77.98937727602605,78.236572265625,463400
2016-08-24,78.17000425284316,78.62635632662088,77.96083986336777,78.06542205810547,418000
2016-08-25,78.07492508193484,78.95911531238144,77.96083344608904,78.91157531738281,784000
2016-08-26,79.25383445476199,79.9003391479121,78.72142138519744,79.04467010498047,619100
2016-08-29,78.97813936138144,79.32991652029565,78.91158771008264,79.00666046142578,476500
2016-08-30,78.85453312625233,79.14926078520625,78.72142984455799,78.91157531738281,583600
2016-08-31,79.00664681537575,79.17778063966952,78.71191916104165,78.95911407470703,780100
2016-09-01,79.16827950962728,79.43449335040344,78.75946017827432,79.19680786132812,728300
2016-09-02,79.80528508013464,80.07149167715583,78.95912528806626,79.710205078125,596500
2016-09-06,79.5770820580397,79.93836856753293,79.2823544348922,79.91934967041016,643400
2016-09-07,79.7862558058487,80.01443907670443,79.40595760800728,79.50103759765625,526700
2016-09-08,79.3298952452381,79.5961017790408,78.74043273925781,78.74043273925781,539000
2016-09-09,77.98933452171252,78.74993072493565,77.91327345067361,77.92278289794922,1054300
2016-09-12,77.94182867565463,79.8433125859761,77.47595989504433,78.67389678955078,786600
2016-09-13,77.95131569351385,78.12244950226209,77.25727826340119,77.78018188476562,840800
2016-09-14,77.80871252520792,78.13196853854761,76.97206227620896,77.14319610595703,492700
2016-09-15,77.12416711298678,77.73264120332495,76.7153479035174,77.47593688964844,624700
2016-09-16,77.0005819951784,77.3143285530364,76.46816886929922,76.6678237915039,1402600
2016-09-19,76.9910761309318,77.34284596366318,76.4586557768342,76.74388122558594,437400
2016-09-20,77.06711871919327,77.3143135884706,76.56322678636198,76.60125732421875,560000
2016-09-21,76.75340505233481,77.14320550148975,76.20197295003187,76.87699890136719,426900
2016-09-22,77.20973973110692,77.30481245918769,76.82944156519964,77.05762481689453,1058500
2016-09-23,77.08614742270454,77.63757941141222,76.60126707031785,77.31432342529297,1637600
2016-09-26,76.80092004740267,77.45693419862516,76.38259134185974,77.12417602539062,654100
2016-09-27,77.0005840544203,77.70413827938715,76.93403241190559,77.3808822631836,767800
2016-09-28,77.53302780669648,77.86578611952093,77.01962615822994,77.83726501464844,839700
2016-09-29,77.85624443707403,78.13196042601719,76.85796265826546,77.05762481689453,523900
2016-09-30,77.47594579737861,77.69461959885291,77.2192487077719,77.27629089355469,947600
2016-10-03,76.94352672238294,77.48544920582637,76.57273803653132,77.22875213623047,634700
2016-10-04,77.23827958531506,77.30483123649539,76.59177472231222,76.6773452758789,881300
2016-10-05,76.8959910541273,77.06712486133019,76.23998417116952,76.34456634521484,553300
2016-10-06,76.3635854697998,76.53471929376776,75.3653036210559,75.82166290283203,729600
2016-10-07,75.78362558268637,76.02131102508103,75.34628523911026,75.68855285644531,521900
2016-10-10,75.86920834998392,76.45866369989615,75.86920834998392,76.15442657470703,373500
2016-10-11,75.88822437957057,76.12590987402596,75.2607384460729,75.4889144897461,647300
2016-10-12,75.34629208723722,75.8692030094658,75.15614661747303,75.60298919677734,546100
2016-10-13,75.15615427377344,75.73610744529527,74.72831604284224,75.45088195800781,560500
2016-10-14,75.55544564608432,76.19244085759988,75.39382129455058,75.46037292480469,580200
2016-10-17,75.50792569819357,75.8882239378256,75.41285295168197,75.55546569824219,385100
2016-10-18,76.03082143068102,77.47594574705151,75.78362653647591,76.3825912475586,926900
2016-10-19,76.23047789310417,77.24777133001452,76.23047789310417,76.48717498779297,739500
2016-10-20,76.53472398608035,76.93403384862556,75.82166755142744,76.13541412353516,650800
2016-10-21,75.90723460523697,77.2763053487944,75.40334252700694,77.25729370117188,877900
2016-10-24,77.78969996800518,78.3696530923823,77.73265777661885,78.16999816894531,830400
2016-10-25,78.17950487935663,78.2270376193181,77.7326550529281,78.04639434814453,671000
2016-10-26,77.97985673037807,78.52177938775371,77.3904013244944,77.4189224243164,1298800
2016-10-27,77.56151875558382,77.8942769390316,77.05762675585082,77.24777221679688,1233000
2016-10-28,77.41890318506489,78.14146896653068,77.257278823848,77.34284210205078,718800
2016-10-31,77.65659095475857,78.05590077216398,77.5234876822901,77.53299713134766,813000
2016-11-01,77.6565879544666,77.6565879544666,76.69633673711431,76.95304107666016,1130900
2016-11-02,77.39038575931379,79.18728722255588,77.12417920973488,78.16048431396484,1829000
2016-11-03,78.50276191161032,78.90207178664829,78.03690039073268,78.35064697265625,1092300
2016-11-04,77.79921766382456,78.768971288102,77.70414491690885,77.732666015625,780200
2016-11-07,78.77848440748504,79.10173321276893,78.41720505094669,79.00666046142578,1228500
2016-11-08,78.86404140207088,79.130255239567,78.51227152486828,78.80699920654297,676400
2016-11-09,76.89600446418748,79.2918781828496,76.89600446418748,79.22532653808594,933300
2016-11-10,79.4629979927091,80.1380237714632,78.57880786631043,79.0256576538086,979400
2016-11-11,78.74996089289918,79.58661123408682,78.74996089289918,79.0351791381836,1231400
2016-11-14,79.28235201065857,79.48200690283913,78.65486624288877,78.74993896484375,1291200
2016-11-15,78.92108893136428,79.46301153645284,78.43620852041603,78.61685180664062,2155400
2016-11-16,78.60734255218557,78.96862187194927,78.01787994812194,78.24606323242188,852500
2016-11-17,78.43620438173593,78.94009641294805,78.37916219060546,78.91157531738281,1276900
2016-11-18,78.74994365617943,79.41546000309447,78.7404342073423,79.06369018554688,1905700
2016-11-21,79.29187557618343,79.77675597414152,79.06369955214991,79.6246337890625,791000
2016-11-22,79.86231032717072,79.87181977607038,79.55807324463915,79.82427978515625,845000
2016-11-23,79.66266346820768,80.5848842578521,78.43620556530186,79.75773620605469,669600
2016-11-25,79.82432141057606,80.14757755947305,79.24436803620358,79.96693420410156,522700
2016-11-28,80.25213115526161,80.67045267912442,79.92887512171015,80.00493621826172,760200
2016-11-29,80.05246710603066,80.24261984299764,79.50104230278954,79.74822998046875,766000
2016-11-30,80.04294902870684,80.26161556585348,78.94008513386427,78.98762512207031,1380700
2016-12-01,79.13025632980991,79.4059651143837,77.9133005309596,78.30310821533203,976100
2016-12-02,78.36013480860031,78.58831805559079,77.6280668385286,78.15097045898438,892400
2016-12-05,78.61687011389625,79.17780449645947,78.58834901018447,78.82603454589844,868300
2016-12-06,78.8070103453477,79.05420531688351,78.28409930048089,78.94962310791016,1170200
2016-12-07,78.94959737878453,79.04467010498047,78.13195887704808,79.04467010498047,1241200
2016-12-08,79.09221649169922,79.40595578816207,78.69289940364574,79.09221649169922,647600
2016-12-09,79.24431862009233,79.41545241488768,78.7974688640387,78.84500885009766,940800
2016-12-12,78.62633984629527,79.03515908905679,78.37915221380422,78.9400863647461,829300
2016-12-13,79.17778282394231,79.8147781444367,78.89256461130755,79.45349884033203,1200800
2016-12-14,79.61509483394356,79.61509483394356,77.91326660038669,78.00834655761719,1211900
2016-12-15,77.97033558610998,78.1985115828253,77.23826035183811,77.27629089355469,645100
2016-12-16,77.39039152940668,78.14147849519517,76.91502058297738,77.75167083740234,1619900
2016-12-19,77.8182271202177,78.58833303179394,77.80871766971825,78.06542205810547,484500
2016-12-20,78.30309736226067,78.4266911883386,78.05590245652033,78.31260681152344,445900
2016-12-21,78.3126172278334,78.9020725960068,78.3126172278334,78.36965942382812,412300
2016-12-22,78.21751971403718,78.41718186247816,77.72313720109334,78.02737426757812,346200
2016-12-23,77.97034931386723,78.35064754440562,77.8372460212166,78.06542205810547,267100
2016-12-27,78.35064188046735,78.8830550125819,77.96083422760856,78.10344696044922,300000
2016-12-28,78.36013498835257,78.46471716340045,77.5139753928446,77.62806701660156,348700
2016-12-29,77.50447956440266,77.9703483364251,77.50447956440266,77.67561340332031,389800
2016-12-30,77.9513074022822,77.9513074022822,76.97204464388633,77.17169952392578,524700
2017-01-03,77.57102052150691,78.03688922933804,77.05762632907903,77.31432342529297,545700
2017-01-04,77.27627830128445,77.97032288074428,77.22874557207237,77.92278289794922,651800
2017-01-05,77.6660867013494,78.17948805611415,77.4949529164278,77.63756561279297,394700
2017-01-06,77.50447444446979,78.34113193661348,77.41891115745592,78.32211303710938,515900
2017-01-09,77.98934261630812,78.19850695658302,77.53299064987537,77.7041244506836,489600
2017-01-10,77.69462162510214,78.27457470763268,77.4093961815813,78.20802307128906,594600
2017-01-11,78.01788251934252,78.67389678955078,77.85625812782571,78.67389678955078,468600
2017-01-12,78.68338911517623,78.68338911517623,77.60904629737365,78.26506042480469,557600
2017-01-13,78.38866536522349,78.63586028584923,78.22704098594643,78.55979919433594,350600
2017-01-17,78.38865895333517,78.38865895333517,77.3998938588792,77.53299713134766,553300
2017-01-18,77.0100976558714,77.16221984901141,76.25901064780982,77.0861587524414,742000
2017-01-19,76.96254208814153,77.46644131079348,76.2494857726112,76.93402099609375,609900
2017-01-20,77.26680066227914,77.50448616693602,76.781927455361,77.35237121582031,500400
2017-01-23,77.22876863468711,77.46645411247583,76.86748206615378,77.18122863769531,508500
2017-01-24,77.37137244759883,78.1604899576762,77.24777861310845,78.1224594116211,466900
2017-01-25,78.43620852041603,78.93059112799752,78.36014742583882,78.61685180664062,455000
2017-01-26,78.55979441149849,78.6453649476375,78.19851512918295,78.4647216796875,296100
2017-01-27,78.16051845713821,78.71195069562714,78.08445733729401,78.60736846923828,362400
2017-01-30,78.55980836432282,78.68340946585563,78.17951736953627,78.66439056396484,362200
2017-01-31,78.91158072673123,78.91158072673123,77.91329879200713,78.5693130493164,795300
2017-02-01,78.55980689273602,78.83552293630157,77.41891942257602,77.732666015625,544300
2017-02-02,77.51398438304746,78.16048915215151,77.30482000869249,78.10344696044922,532100
2017-02-03,78.72141688261009,79.40594482421875,78.60732526555014,79.40594482421875,542300
2017-02-06,79.08270301632122,79.21580628770151,78.86402921129113,79.16826629638672,362900
2017-02-07,79.16826919682579,79.177778646154,78.81649936111211,78.92108154296875,471200
2017-02-08,78.79746390049549,79.63412117949676,78.7309122763552,79.49150848388672,349700
2017-02-09,78.10344099450322,79.96689406814882,78.10344099450322,79.92886352539062,572000
2017-02-10,80.12852107204448,80.51832870795792,79.64364070289847,80.35669708251953,350600
2017-02-13,80.80355314026825,81.03173642192834,80.46128547136327,80.77503204345703,407400
2017-02-14,80.62290424848938,80.90812242468941,80.51832207447417,80.89861297607422,448400
2017-02-15,79.9954310196884,80.32818926780641,79.28237452218445,79.6436538696289,762600
2017-02-16,79.93835968541208,80.8035308151847,79.41544887639671,80.1189956665039,526200
2017-02-17,80.12850933631408,80.71797180175781,79.92885444969207,80.71797180175781,645400
2017-02-21,80.62290938990273,81.21236467712342,80.01443520423878,80.99369812011719,1201200
2017-02-22,81.2313927460024,83.09484605666668,77.86576544645246,78.17951202392578,2245400
2017-02-23,78.40768297115311,79.58660085581711,78.34113133057333,78.75945281982422,1144300
2017-02-24,78.84502008658258,79.86231355240436,78.72142626023238,79.81477355957031,1052500
2017-02-27,79.5010343213993,79.71019143068709,79.1682688785109,79.66265869140625,573300
2017-02-28,79.59612202004917,79.68168531899389,78.70242221194627,78.83552551269531,862400
2017-03-01,79.43447411571515,80.32816640579676,79.15875814472088,80.16654205322266,765900
2017-03-02,80.03346445113708,80.29967105921475,79.26336572725724,79.548583984375,468700
2017-03-03,79.71019137820302,80.00492627732199,79.22531826850141,79.81477355957031,509600
2017-03-06,79.55809310544885,79.79577861218674,78.75946603094482,78.78799438476562,959000
2017-03-07,78.55028521213076,79.05417717402703,77.51397294311252,77.80870056152344,797100
2017-03-08,77.57101751674442,77.96082512408519,76.55372411319544,76.73436737060547,1415700
2017-03-09,76.85796749398597,76.8864958424309,75.78363181726867,76.10688781738281,1014500
2017-03-10,76.40162157366183,76.46817321818163,75.83117787012272,76.00231170654297,976800
2017-03-13,76.15442552542859,76.24949826569302,75.45087854316965,75.8311767578125,884100
2017-03-14,75.59349028832219,75.73610302363984,75.19417317871574,75.44136810302734,779500
2017-03-15,75.6695637361791,76.2400148252748,75.47941820887182,76.12592315673828,943300
2017-03-16,75.96425900426837,76.68682468659453,75.96425900426837,76.39208984375,1501100
2017-03-17,76.67734853957569,77.26680397409501,76.1449280538852,77.19075012207031,1313300
2017-03-20,76.95304510664236,77.10516002573077,76.51570474058462,76.9625473022461,1233000
2017-03-21,77.08614524035809,77.38087287092361,75.66953476599839,75.70756530761719,884300
2017-03-22,75.92625097924991,76.63930742552117,75.51743165991098,76.08787536621094,987400
2017-03-23,76.31605183605134,76.59176786728901,75.76462702716132,76.02132415771484,907100
2017-03-24,76.23047251722308,76.52520013359678,75.77411329335638,75.78362274169922,971800
2017-03-27,75.45086699052735,76.03082004700165,75.2702237341745,75.7551040649414,788300
2017-03-28,75.4794062776299,76.411136622763,75.33679352789919,76.11640167236328,592900
2017-03-29,75.85017972199338,76.50619388581987,75.68855535668621,76.48717498779297,740300
2017-03-30,76.44916074763071,76.96255499777502,76.09738362833873,76.81044006347656,1318800
2017-03-31,76.83895899235877,77.59004595327619,76.62028516684208,77.14319610595703,861900
2017-04-03,77.06713279138455,77.28580661059424,75.45087453205723,75.9072265625,1019500
2017-04-04,76.06885211277503,76.66781682496324,75.70756559282745,76.01180267333984,666100
2017-04-05,76.04032958755457,76.38258994979805,75.51741871515587,75.53643035888672,1174100
2017-04-06,75.5459538268968,75.88822150624023,75.23220724523442,75.583984375,958300
2017-04-07,75.49842239580678,75.85970172869624,75.3463002007467,75.38433074951172,732800
2017-04-10,75.40334350095513,75.93576393787421,75.40334350095513,75.55546569824219,558700
2017-04-11,75.36529768663215,75.71707475641792,74.92795733839218,75.70756530761719,976400
2017-04-12,75.27022509883827,75.81214762413798,74.81387310573542,75.33677673339844,561900
2017-04-13,75.34629909270866,75.72659732118073,75.21319580078125,75.21319580078125,571800
2017-04-17,75.56498877367093,76.13543260917972,75.56498877367093,76.12592315673828,593000
2017-04-18,75.7836292075339,76.81994155780679,75.7836292075339,76.65830993652344,527900
2017-04-19,76.99108981406627,77.2667986089859,76.582270466777,76.79142761230469,611500
2017-04-20,77.10518064915044,77.5995705889878,77.01961734432457,77.36188507080078,647000
2017-04-21,77.42841211521493,77.86575245924053,77.30481104274887,77.62806701660156,460200
2017-04-24,78.36014983912372,78.73093861962545,78.09394325349021,78.58833312988281,615600
2017-04-25,78.78799152149666,79.18730141744416,78.51227547327031,78.88306427001953,550000
2017-04-26,78.77845795303983,79.56757530600929,78.75943905700633,79.08269500732422,779200
2017-04-27,79.13022977312065,79.5580606090621,78.79746439674055,79.05416870117188,597100
2017-04-28,79.05417483836331,79.05417483836331,78.48373126162859,78.73091888427734,754300
2017-05-01,78.91157543362515,79.29187363341983,78.37916230606349,78.69290161132812,1193300
2017-05-02,78.78797214235912,79.17777249150112,78.01786638549623,78.1319580078125,1195700
2017-05-03,72.77929117783285,75.11811524744112,72.73175118412179,72.96943664550781,4077500
2017-05-04,72.91241720782621,74.56670650428075,71.87610450094368,74.16739654541016,2582100
2017-05-05,74.9279675913376,75.84067895432935,74.5761977270007,75.8311767578125,1329700
2017-05-08,75.84067190879315,76.12589735667436,75.2321977233254,75.39382934570312,1141600
2017-05-09,75.14662484996485,75.58396516160195,75.14662484996485,75.35578918457031,878800
2017-05-10,75.16561650032857,75.33675025098114,74.56665199983539,74.82334899902344,1008200
2017-05-11,74.48111445655721,74.76633991838791,73.89165914069815,74.424072265625,712600
2017-05-12,74.30049257956775,74.65226249540022,74.0818187167213,74.2529525756836,782900
2017-05-15,74.3004701701031,75.14662975821373,74.3004701701031,75.080078125,1103900
2017-05-16,75.10862623952252,75.22271790332944,74.71881849503887,74.93749237060547,804300
2017-05-17,74.61422047206827,75.11811247100879,74.54766883548336,74.63323211669922,1564000
2017-05-18,74.75682674843216,75.31776819449469,74.36702637381909,74.6522445678711,912300
2017-05-19,74.75681324793491,75.65051271912186,74.43356456900194,75.49839782714844,1107800
2017-05-22,75.47939557192454,76.00230649557429,75.43185557756195,75.97378540039062,660300
2017-05-23,76.05934847923,76.07836012477253,75.43185537255569,75.60298919677734,750700
2017-05-24,75.84068380970324,76.47768644278504,75.76462996477375,76.44916534423828,988600
2017-05-25,76.61078494171943,77.5900479496353,76.43014165745275,77.18122863769531,1024700
2017-05-26,77.20022115933662,77.50445820539336,76.55371652976811,76.58224487304688,814900
2017-05-30,76.25899794313085,77.23826082417273,76.13540412198427,77.05762481689453,765500
2017-05-31,77.25729471925402,77.42842856445387,76.42063714112783,76.905517578125,817800
2017-06-01,77.05761516595084,77.48544601552348,76.8389413905267,77.17169952392578,985000
2017-06-02,77.40938436037032,77.85623410197506,76.91500188782709,77.82771301269531,895000
2017-06-05,77.79920734362837,78.16048663541808,77.43792079825398,77.45693969726562,904700
2017-06-06,77.20973625166805,77.44742168795084,76.58225047174513,76.69633483886719,521400
2017-06-07,77.0576285778528,77.07664022296318,76.08786784477886,76.76289367675781,629200
2017-06-08,76.61077649270796,76.90550413151472,76.12589614049011,76.42062377929688,528100
2017-06-09,76.43016035258209,76.54425202111861,75.95478928072696,76.12592315673828,521900
2017-06-12,75.92625732036547,77.52350418355338,75.92625732036547,77.4854736328125,778400
2017-06-13,77.4094036699189,78.53127940079823,77.4094036699189,78.36014556884766,962400
2017-06-14,78.50276602234229,78.93059701748808,78.37917217462113,78.88306427001953,800000
2017-06-15,78.54079482271042,79.50104624464585,78.54079482271042,79.1492691040039,989000
2017-06-16,78.81649411139338,79.31087663976275,78.22703160324403,79.04467010498047,1427400
2017-06-19,79.24435594353018,79.77677647453889,79.02568931326917,79.6531753540039,657100
2017-06-20,79.35842752960025,79.78625848303699,79.13975370108889,79.7767562866211,828100
2017-06-21,79.77674420990908,80.03344129239497,79.43447659753862,79.91934967041016,1112100
2017-06-22,79.96688919590305,79.9763986444093,78.92107472131752,78.9400863647461,951700
2017-06-23,78.99714578243517,78.99714578243517,78.09394382406737,78.30310821533203,1870900
2017-06-26,78.6073241566559,79.43447204810884,78.55028197572244,79.08269500732422,778300
2017-06-27,78.93057819095002,79.05417926277558,78.24605021270766,78.74043273925781,903400
2017-06-28,78.94008963067634,79.86231032717072,78.60733145502998,79.82427978515625,741300
2017-06-29,79.69120096057935,79.7292315142599,78.90208329227767,79.25386047363281,1062000
2017-06-30,79.77676325708036,80.50883139224592,79.42498611215964,80.21410369873047,982100
2017-07-03,80.68947239056678,80.7750356848577,80.00493702189743,80.0239486694336,507200
2017-07-05,80.07147936683585,80.37571646716982,79.78625391182945,80.13803100585938,781000
2017-07-06,79.61512284640546,79.72921448307562,79.27285518997981,79.36793518066406,830300
2017-07-07,79.36794713044125,79.72922648724767,79.27286712544159,79.52957153320312,1077700
2017-07-10,79.5105503529827,79.56759980506537,79.22533210691246,79.33941650390625,769600
2017-07-11,79.36793518066406,79.39645627643539,78.8545336960256,79.36793518066406,494600
2017-07-12,79.87182193795661,80.4517750256025,79.83379139491277,80.38522338867188,601600
2017-07-13,80.24261474609375,80.3852274763641,79.44398780873065,80.24261474609375,508500
2017-07-14,80.58487197411877,81.31693992289344,80.51832034241198,81.23137664794922,852000
2017-07-17,81.24089180441587,81.52611727357082,80.87961249659327,81.0412368774414,912500
2017-07-18,80.87960900081872,81.7067570227491,80.55636025309389,81.64020538330078,864700
2017-07-19,81.63071674701781,81.773329511793,80.77504741195322,81.75431060791016,674500
2017-07-20,81.81132022916228,82.09653836624337,80.81303861542094,82.02047729492188,410200
2017-07-21,81.8969030162173,82.67651104914256,81.8969030162173,82.2486801147461,881500
2017-07-24,82.220149991952,82.91418740964289,81.71625076984577,82.8191146850586,864400
2017-07-25,82.99975036214363,83.11383471979634,82.39127627605167,82.60043334960938,590300
2017-07-26,82.68601265041039,82.88566755108373,82.49585994482811,82.77157592773438,404100
2017-07-27,82.74307083018176,83.16139960974496,82.31523985369063,82.85716247558594,721700
2017-07-28,82.77160385425833,83.30402435593936,82.49588777832751,83.018798828125,510200
2017-07-31,83.01878841279222,83.6652932416209,82.7145512729661,82.96174621582031,739600
2017-08-01,81.26942594651642,83.82691688692321,81.26942594651642,82.87617492675781,1081600
2017-08-02,81.2218886163321,81.2218886163321,78.48375429236107,79.710205078125,2072300
2017-08-03,79.3394069916229,79.6151230072776,78.07492580383494,78.25556182861328,1470400
2017-08-04,78.4932254366316,78.89254242777353,77.9893335411048,78.7974624633789,1043100
2017-08-07,78.90205761806834,79.1397430610406,78.10343801140189,78.45520782470703,749900
2017-08-08,78.27459101036727,78.67390091159574,77.82774110745576,77.85626220703125,597400
2017-08-09,77.87527123856832,77.98935562241023,77.39990029633387,77.51398468017578,721700
2017-08-10,77.22877014302568,77.39990398051934,76.59176753738606,76.61078643798828,788600
2017-08-11,76.97207541404897,77.20025147479726,76.62029824463964,76.6488265991211,551100
2017-08-14,77.15269740267864,77.67560103295054,76.95304249800199,77.42841339111328,504800
2017-08-15,77.46645721496309,77.64709325287899,77.2002433761665,77.39039611816406,552500
2017-08-16,77.59003647534924,77.85624301053143,77.27628995020564,77.62806701660156,559500
2017-08-17,77.4949615890833,77.8657502889788,76.83894746453718,76.91500854492188,1111400
2017-08-18,76.43015031995802,76.97207298059377,76.1734531664299,76.6773452758789,850900
2017-08-21,76.81995538217329,77.29532637524717,76.46817823600776,77.07665252685547,535900
2017-08-22,77.20971988909143,78.30307411500121,77.06710720682801,78.00834655761719,633500
2017-08-23,77.8372481292681,77.8372481292681,77.1812338451623,77.20975494384766,603100
2017-08-24,77.29530609000894,77.29530609000894,75.93574511647489,76.30653381347656,717300
2017-08-25,76.7724084621067,76.7724084621067,75.66954437585282,75.74560546875,994600
2017-08-28,76.05934615234618,76.20195887709873,75.18466541245448,75.32727813720703,653000
2017-08-29,75.384322631907,75.68855973568053,75.08008552813347,75.60298919677734,813100
2017-08-30,75.6980700788913,76.39210757995023,75.29875298193686,76.21147155761719,957600
2017-08-31,76.29702848507999,77.19072808692445,76.21146520588256,77.05762481689453,660400
2017-09-01,77.37137218990755,77.37137218990755,76.82944960420082,76.99108123779297,631300
2017-09-05,76.8389721074803,77.23828202718633,76.45867383717571,76.6488265991211,1056000
2017-09-06,76.74388989677843,77.18123031498365,76.62028880334773,77.067138671875,767700
2017-09-07,77.162203475319,78.29358121898329,77.162203475319,77.96082305908203,893400
2017-09-08,77.70415684820678,78.72145062893804,76.90552969359888,78.4172134399414,665400
2017-09-11,78.8355244185786,78.84503386952466,77.8372496768153,77.98936462402344,796300
2017-09-12,77.9798630096434,78.91159344917558,77.48548031455192,78.81652069091797,628100
2017-09-13,78.569320204058,78.57882965529251,77.32385047501805,77.43793487548828,557400
2017-09-14,77.24779103080502,77.47596709023036,76.36360064024743,76.71537780761719,817300
2017-09-15,76.74387710772754,77.39038180376863,76.56323384963862,77.03860473632812,1191700
2017-09-18,77.10516925804224,77.78019515953827,76.93403542008654,77.7421646118164,621000
2017-09-19,77.78018472927454,77.78018472927454,77.37136546306856,77.68511199951172,390300
2017-09-20,77.67560560995588,78.42669253575933,77.43792014939471,78.04639434814453,570500
2017-09-21,77.97034137475474,78.26506902795909,77.6756064679657,77.91329193115234,463900
2017-09-22,77.5615243181591,78.3221134700758,77.5615243181591,78.25556182861328,393600
2017-09-25,78.16049847312368,78.34114177316998,77.78970967567078,77.98936462402344,595900
2017-09-26,78.43618910539249,78.43618910539249,77.67559285505834,77.8657455444336,1049400
2017-09-27,77.98935861059293,78.2080324439767,77.66610983920891,77.94182586669922,737800
2017-09-28,77.5615099517643,78.37914839747604,77.4759394265424,78.34111785888672,864000
2017-09-29,78.22703793009876,79.71019288874567,78.21752848063485,79.09221649169922,922200
2017-10-02,79.29186046074246,79.94786731148206,78.92107177227723,79.40594482421875,794900
2017-10-03,79.45349995764111,79.90985925929316,79.00665010595277,79.6246337890625,548700
2017-10-04,79.61513028627151,79.86232522869763,79.01616545834707,79.73873138427734,462900
2017-10-05,79.74822638415857,79.87182747100951,79.4630081719481,79.67217254638672,495000
2017-10-06,79.52004327365576,79.7482192737969,79.11122401104473,79.3869400024414,493900
2017-10-09,79.2538476353296,79.55808476190421,78.9401010584787,79.22532653808594,493500
2017-10-10,79.26334249863866,79.72920392625097,79.2253119581175,79.6151123046875,401200
2017-10-11,79.59612820317122,79.83381372348477,79.06371495881656,79.25386047363281,530000
2017-10-12,79.28238087487765,79.85282466787184,79.11124701162076,79.69120025634766,640200
2017-10-13,80.11901706882469,80.43276363804554,79.77675665663888,79.86231994628906,474000
2017-10-16,79.82428134620166,80.10950679009598,79.61511698782375,79.92886352539062,379000
2017-10-17,79.8718328549894,80.2806521816084,79.6911895642366,80.15705108642578,441400
2017-10-18,80.1095232523261,80.71799755432794,80.1095232523261,80.6229248046875,428500
2017-10-19,80.62291872273647,80.73700311226447,79.97641391893167,80.72750091552734,514800
2017-10-20,80.81306103812457,81.16483815040466,80.5848850144325,80.67044830322266,748500
2017-10-23,80.6989807018716,80.87962400828658,80.20459803903329,80.59439849853516,634100
2017-10-24,80.55635388702673,80.95566369216074,80.21408626731639,80.69895935058594,532400
2017-10-25,80.36622158223535,80.74651983996928,79.82429892237997,80.05247497558594,540600
2017-10-26,80.31866244715725,80.96516709683888,80.13801920202187,80.65142059326172,777200
2017-10-27,80.36621193018797,81.14582000079726,80.21409699751511,80.75601959228516,1169500
2017-10-30,80.73698875022966,80.9651719958655,80.24260622518666,80.52782440185547,779000
2017-10-31,80.63242765662187,81.21238086379753,80.48982215779662,80.86061096191406,1239800
2017-11-01,81.7637917990118,86.84074934295104,81.7637917990118,85.45266723632812,2413500
2017-11-02,85.85199385747455,86.8122379246565,85.50021675389459,86.5365219116211,1598500
2017-11-03,86.5935528632518,86.90729935455524,85.70936282185876,86.54601287841797,877100
2017-11-06,86.4604568086253,87.21154365931827,85.86148486561562,86.6125717163086,797600
2017-11-07,87.27809609015921,88.34292221443816,87.1830161117052,87.74395751953125,924500
2017-11-08,87.60135830414193,88.28589363442238,87.32564228202423,88.01017761230469,980800
2017-11-09,87.62037236235942,88.20982766696189,86.20376178352682,86.34637451171875,751500
2017-11-10,86.25129881479474,86.25129881479474,85.51922355356182,85.76641845703125,889600
2017-11-13,85.59530712765577,85.97560540515623,85.2340277535028,85.68087768554688,888900
2017-11-14,85.5572596846093,87.07844524072621,85.53824803860124,86.6220932006836,1044100
2017-11-15,86.61256253145261,86.82172685422215,85.93753683297655,86.35586547851562,613200
2017-11-16,86.64110216401998,86.90731597498443,86.16573123910332,86.34637451171875,1090200
2017-11-17,86.40340632109792,87.66789457032154,86.2132608754091,87.33513641357422,1884000
2017-11-20,87.2210505599563,88.00065854455227,87.10696618643473,87.97213745117188,1030800
2017-11-21,88.15278229576674,89.46480338989662,88.08623065882358,88.97042083740234,1269500
2017-11-22,88.91338291539417,89.61693717261161,88.61865523554532,89.1986083984375,946700
2017-11-24,89.17958429081413,89.49332357402282,88.91337049216335,89.2556381225586,223800
2017-11-27,89.25566238331119,89.8546345261028,89.24616018525053,89.57891845703125,685200
2017-11-28,89.7595384235531,90.55815806810246,89.49332462178556,90.53914642333984,759500
2017-11-29,90.59620321452913,91.19516804448904,90.13984387723661,90.30147552490234,681700
2017-11-30,90.50112375196018,92.14590317640393,90.16835828420314,91.6705322265625,904500
2017-12-01,93.22027001241023,93.743173838851,89.54089530811052,90.9289779663086,957700
2017-12-04,91.10009553460475,91.9462553100268,91.07157443599725,91.2807388305664,877000
2017-12-05,91.59445562650743,91.88919049794744,91.15711529712657,91.21416473388672,838300
2017-12-06,91.34726842101836,91.6039655000872,90.90992808960753,91.14761352539062,605500
2017-12-07,91.50889089438502,91.66101305187767,90.65322189244804,90.7387924194336,715700
2017-12-08,91.28072711543007,91.63249695788994,90.65323401225623,91.42333984375,565100
2017-12-11,91.23318141135258,91.23318141135258,89.58840217461564,89.67396545410156,1249400
2017-12-12,89.8260935373203,90.17786338092708,89.11303714698047,89.94017791748047,972400
2017-12-13,90.12081601556558,90.41554365216723,89.60741457357335,89.75953674316406,848200
2017-12-14,89.90215010550034,91.04304471687271,89.84510791368645,90.06378173828125,1015500
2017-12-15,90.32047271728516,90.9099352557831,89.74051962797162,90.32047271728516,2703900
2017-12-18,90.71027277293885,91.61347452328876,90.62470224459051,91.21416473388672,824200
2017-12-19,91.05252069637572,91.99376011180357,90.75779311875158,91.27119445800781,1067500
2017-12-20,91.63251217006697,92.30753812568734,91.34729391966188,91.57546997070312,822700
2017-12-21,92.06035289654866,92.06035289654866,90.62473039415049,90.8719253540039,652700
2017-12-22,90.8148370265123,91.0240013450418,90.25390294825858,90.63420104980469,656200
2017-12-26,90.75781802728864,91.43284388446563,90.58668420056878,90.93846130371094,456900
2017-12-27,91.23319455703137,91.31876510243126,90.73881194595903,91.05255126953125,369300
2017-12-28,90.83387201189039,91.76559490946696,90.83387201189039,91.69904327392578,597800
2017-12-29,91.66100199939198,92.2219360669454,91.2046428355255,91.27119445800781,529400
2018-01-02,91.72757224504018,91.97475989097005,90.68175046001261,91.10958862304688,653900
2018-01-03,91.04303870080298,91.24269361254346,90.56766779087295,90.8433837890625,760200
2018-01-04,91.2331996332067,91.5469462278209,90.8719202916903,91.29975128173828,960300
2018-01-05,91.74660030059248,92.18394073729456,91.19516821595636,92.10787963867188,882100
2018-01-08,91.80362563370967,92.75436743108806,91.59446127771294,92.22195434570312,791600
2018-01-09,92.24096447084929,92.40259608646556,91.58495757390006,91.96525573730469,566900
2018-01-10,92.34556948561901,92.34556948561901,91.33778526890256,91.594482421875,437500
2018-01-11,91.6419965958823,91.96525256237086,91.29972898599272,91.908203125,357900
2018-01-12,92.01280654112402,92.7829052143802,91.68004830290134,92.69734191894531,734500
2018-01-16,92.5737410100188,93.06812360428239,92.3170366361322,92.412109375,967600
2018-01-17,92.93501791206806,93.4294004935268,92.4786586223036,93.18221282958984,719800
2018-01-18,93.25825657031804,93.85722852663756,91.5469257395378,93.36283874511719,764000
2018-01-19,93.64807551418762,94.20900974366859,93.16319512265353,94.02837371826172,1088600
2018-01-22,94.1329628249455,94.64636435014525,93.49596020352504,94.61783599853516,628700
2018-01-23,94.19949776880908,94.40866212201627,92.53569964558632,94.36112213134766,922100
2018-01-24,94.36112906716087,94.99812436886978,94.01886141922495,94.12344360351562,637400
2018-01-25,94.55127351512321,94.79846842564733,93.67659275921899,93.73363494873047,653200
2018-01-26,94.08539073613386,94.08539073613386,93.04908584223571,93.4674072265625,1477600
2018-01-29,93.17268445352259,93.99032287697283,92.73534415202789,93.41036987304688,1033600
2018-01-30,93.44841610314091,94.50374012333316,93.05860846794172,94.23753356933594,1253600
2018-01-31,94.28509975105361,95.58761914205581,93.85726867375134,95.12175750732422,1264600
2018-02-01,94.3421101120678,95.39742681558934,93.17269452996166,95.32137298583984,1599800
2018-02-02,94.92208971592794,95.3214069187882,93.93332429494208,93.96184539794922,1086600
2018-02-05,94.00935468477931,94.41817398419971,90.17786606073355,90.21589660644531,1257500
2018-02-06,88.92287791075555,90.73879820019795,87.84854230595901,90.3299789428711,1246900
2018-02-07,89.94968049379716,91.65150915246512,89.86410996163094,90.02574157714844,940100
2018-02-08,90.03526034575125,90.78634736153818,87.69643600405821,87.73446655273438,1038200
2018-02-09,88.39997143240663,88.93238449322219,86.13720141677268,88.33341979980469,1134700
2018-02-12,88.97041018772411,90.44405547323844,88.31439609239126,89.65494537353516,900200
2018-02-13,89.31269035842817,90.39653547073775,88.05771142556526,90.20638275146484,800200
2018-02-14,89.7215144118238,92.01279858569752,88.91337800568729,91.87018585205078,916000
2018-02-15,92.60226278981979,93.3913803100586,91.75610307655627,93.3913803100586,937600
2018-02-16,93.33433499029113,94.76995735809894,93.33433499029113,93.92379760742188,2067700
2018-02-20,93.65758625526523,93.65758625526523,91.8321563012597,92.25999450683594,1466200
2018-02-21,95.07417765655424,96.97566120968533,94.12343587998869,94.34210968017578,1855600
2018-02-22,95.66365099217543,96.68094451804821,94.11393707875365,94.70339965820312,1734000
2018-02-23,95.07418673202169,96.56685117357104,94.29457869096251,96.538330078125,802700
2018-02-26,96.81406493307783,98.51589407723958,96.77603438055293,98.48736572265625,1005800
2018-02-27,98.7345201458291,98.74402959345218,97.96442172077253,97.9929428100586,951300
2018-02-28,98.56340489757136,98.6109448910465,97.12778994050501,97.15631103515625,867400
2018-03-01,96.97566988591994,97.62217464196947,95.0741861626666,96.08197021484375,996700
2018-03-02,95.25481817141113,96.58585081739488,94.40865859492835,96.37669372558594,1140600
2018-03-05,96.28163569108642,98.24967127027365,95.89183525694823,98.0119857788086,857700
2018-03-06,98.22112366835327,99.40004861048607,98.00245713721726,99.13383483886719,1012700
2018-03-07,98.5253919342157,99.16239459395912,98.0024881806061,99.00076293945312,636500
2018-03-08,99.19089347077322,99.52365164917042,98.64897093635942,99.2384262084961,824300
2018-03-09,99.78036611215079,100.78815752533596,99.49514787541143,100.62652587890625,1175900
2018-03-12,100.60752043021807,100.84520593560543,99.5236751059386,99.69480895996094,681000
2018-03-13,100.60749421837957,100.8451796618414,99.00073829943071,99.33350372314453,617400
2018-03-14,99.74232273564779,99.82788601336746,98.7915809640919,98.96270751953125,508600
2018-03-15,99.11485730888444,99.55219777526071,98.47786188526595,99.1243667602539,612900
2018-03-16,99.16238742191136,100.18918320623456,99.02928413035862,99.6092300415039,979300
2018-03-19,99.34300653402876,99.4095581684672,98.0214760404769,98.82960510253906,709800
2018-03-20,99.11483603724716,100.3888266110653,99.11483603724716,100.05606842041016,580200
2018-03-21,99.89443889018443,100.65503521832659,99.63774180024734,99.87542724609375,466800
2018-03-22,98.89617399086107,100.17968142030401,97.98346259350492,98.8676528930664,1119100
2018-03-23,98.91518571307758,98.92469516284744,97.0232114096247,97.08025360107422,660900
2018-03-26,98.44934242371755,98.61096683175873,96.72849437650025,98.48736572265625,605100
2018-03-27,98.72506148745599,99.24797257199023,96.07249726907163,96.65245056152344,962600
2018-03-28,96.89011793463257,97.73627771018019,96.35769749739963,96.74750518798828,448600
2018-03-29,97.37499266620635,99.44761049010692,96.60489397710458,98.87716674804688,1275400
2018-04-02,98.22113059253842,98.31621057303971,95.37841471228538,96.58585357666016,1006400
2018-04-03,96.80453261399781,98.83911954515145,96.46226497571173,98.40177917480469,887000
2018-04-04,97.29892617521541,99.63775771916846,97.29892617521541,99.37154388427734,848900
2018-04-05,99.67577654050827,100.54095514451282,99.45710996721338,100.25572967529297,805300
2018-04-06,99.41909174520954,100.41737375764247,98.287706431597,99.00076293945312,1267300
2018-04-09,99.40957510417479,100.83568801674159,99.18139906916801,99.6092300415039,964400
2018-04-10,101.00681293651098,101.62479659476637,100.19868380813918,101.2254867553711,1019700
2018-04-11,100.80712246496682,101.51066916057798,100.51239491415313,100.82614135742188,654500
2018-04-12,101.16844182625239,101.66282438732209,100.20819054491533,101.10188293457031,537100
2018-04-13,101.34910217863688,101.52974549124393,99.99905019385328,100.22722625732422,742300
2018-04-16,101.1113861320747,101.85296355461904,100.72158577691498,101.64380645751953,483500
2018-04-17,102.4044066553446,103.10795361300552,101.6438175062364,102.09066009521484,844400
2018-04-18,102.44244012401741,102.79421723967822,101.04484836500012,102.67061614990234,655600
2018-04-19,102.63258056390846,102.87977547773747,101.63430596618798,102.27130126953125,586900
2018-04-20,102.50898884205452,103.23155469925445,101.74839243936145,102.09066009521484,571400
2018-04-23,102.4234197903187,102.62307470273213,101.91952053108356,102.34735870361328,589500
2018-04-24,102.98435588004902,102.99386532945839,101.33956930429129,101.71036529541016,1025800
2018-04-25,101.5582637915167,101.73890709914164,100.78816506505008,101.36811828613281,642400
2018-04-26,101.5962569213624,101.81492344665166,100.53142362410938,101.38709259033203,934000
2018-04-27,101.44415822949405,102.2047546539341,101.30155274679849,101.84347534179688,727400
2018-04-30,101.90051141443881,102.451943426358,101.18745502944887,101.20646667480469,821600
2018-05-01,101.22549747380776,102.15722053105384,100.37933771109866,101.43466186523438,1314600
2018-05-02,100.30328468322755,100.30328468322755,94.94110018661013,95.07420349121094,3128200
2018-05-03,93.24877584936041,96.02494071124066,90.52014373469073,95.6541519165039,2234500
2018-05-04,95.5495517842542,98.39226776155824,95.32137578114617,97.31793212890625,1586100
2018-05-07,97.5746291006489,99.19089452568558,97.43202363237937,98.5824203491211,911000
2018-05-08,97.61268274569149,98.77258918603144,96.9851967760434,98.5158920288086,1120100
2018-05-09,98.81059952600978,100.10360900614046,97.18483185325383,99.61872863769531,759600
2018-05-10,100.16064472440983,101.34907194528225,99.92295928023536,100.68355560302734,683600
2018-05-11,100.77865005973885,101.33008214998289,100.13214522204238,100.66455841064453,734500
2018-05-14,100.55996485847555,100.94026305893271,99.75183571599459,100.06558227539062,580400
2018-05-15,99.42857306048171,99.98000501137606,99.40005196881198,99.86591339111328,709900
2018-05-16,99.9419951557951,100.18918283714794,99.30499254447038,99.52366638183594,766200
2018-05-17,99.34299545650534,100.55044144414255,99.00072787367773,99.4285659790039,751300
2018-05-18,99.73282954267799,101.11140243469806,99.40957351579682,101.07337188720703,2472900
2018-05-21,101.17794605175571,102.05262681389489,101.17794605175571,101.88150024414062,612200
2018-05-22,102.05264911031932,102.12871021588435,100.18919554549348,100.4458999633789,549300
2018-05-23,99.78034265322762,100.51241785460654,99.30497178350555,100.45537567138672,453900
2018-05-24,100.49340708894528,101.51070054231852,100.12261836084747,101.21597290039062,696400
2018-05-25,100.95927353634701,101.45365607819026,100.63601755416991,100.87370300292969,467100
2018-05-29,100.36031627299532,100.87371778799582,99.31450159588407,100.26524353027344,652300
2018-05-30,100.51241820088424,102.2998100659068,100.51241820088424,101.80542755126953,823400
2018-05-31,101.93852016321665,103.94458561102408,100.77861419772613,101.00679016113281,1051800
2018-06-01,101.56774726999718,102.03360871656804,100.95927310406425,101.98606872558594,737600
2018-06-04,101.44416336964862,102.82274355210046,100.81667745323833,102.69914245605469,949400
2018-06-05,102.94631732054016,103.74494417629872,102.76567406375038,103.64986419677734,785300
2018-06-06,103.57383740908355,104.07772951633252,103.44073410730405,104.03018951416016,899200
2018-06-07,104.1918028010236,104.1918028010236,103.26958923809697,103.7354507446289,812600
2018-06-08,103.73546725075917,104.05871607100788,103.47876283130398,103.68792724609375,1020900
2018-06-11,103.6498758586408,103.93510132212818,103.44071873947955,103.57382202148438,688900
2018-06-12,103.81149685629592,104.20129721264365,103.65937469039545,104.0396728515625,910800
2018-06-13,104.17277001819966,104.82878412644834,104.05867840045703,104.2963638305664,595200
2018-06-14,104.58159115992049,104.88582822587873,103.68789160522526,104.55307006835938,482400
2018-06-15,104.41998247716012,104.58160685598627,103.27908786839842,104.48653411865234,1095600
2018-06-18,103.7544669540029,104.57210561571695,103.51678146521591,104.2013168334961,651800
2018-06-19,103.50727186995809,103.96362391380299,103.01288202661031,103.83052062988281,751300
2018-06-20,103.76397571072344,104.09673394208309,103.21254363956437,103.28860473632812,491600
2018-06-21,103.51677078108074,103.51677078108074,102.0431252548501,102.27130126953125,431500
2018-06-22,102.7656993927835,103.16501654587594,102.17624399453636,102.57555389404297,1436400
2018-06-25,101.8815198549726,102.22378031394636,100.94028001863997,101.36811828613281,885900
2018-06-26,101.50121173014256,101.89101215438762,100.83568801878005,101.02584075927734,723200
2018-06-27,101.45365407649072,102.61356020412673,100.8356704711914,100.8356704711914,907400
2018-06-28,100.759635280449,101.5392433910687,100.23672430533225,101.19697570800781,673400
2018-06-29,101.48217579399525,102.81321573969988,100.9212416242565,102.33784484863281,658500
2018-07-02,101.719873386124,102.81322801685498,101.30155188446949,102.80371856689453,553700
2018-07-03,103.38365242124353,103.45020405138395,102.32832853359989,102.42340850830078,258400
2018-07-05,102.7466742337893,103.97313212407582,102.49947931506256,103.87805938720703,976200
2018-07-06,104.10623083078434,105.38022140671902,104.10623083078434,105.1330337524414,687200
2018-07-09,105.42775979887303,106.12180451878264,105.3136681692266,106.07426452636719,637000
2018-07-10,106.00772733509052,106.48309830968734,105.10452538479073,106.05526733398438,822300
2018-07-11,105.67496976962305,106.50211062834002,105.19959879203012,106.29295349121094,736100
2018-07-12,106.4831067213826,107.48138874832996,106.3595128695148,107.4243392944336,606300
2018-07-13,107.62398536182504,107.70955590881042,106.84437725642188,107.47187042236328,403600
2018-07-16,107.40533390154667,107.490897206996,106.33099070921772,106.49262237548828,765900
2018-07-17,106.45458432494335,107.05354918166665,105.88414056802795,106.94896697998047,408800
2018-07-18,106.67324133703289,107.01550901113298,105.96969434186506,106.91092681884766,478000
2018-07-19,106.66372197484783,107.12007396448328,106.2358838242825,106.72076416015625,373900
2018-07-20,106.33095006049014,107.10105578306643,105.03794799972589,107.04400634765625,658200
2018-07-23,106.96797811888976,107.47187018848746,105.65594959426215,107.16763305664062,478800
2018-07-24,107.6620128067552,107.72856445089865,106.7207803385593,107.26270294189453,720300
2018-07-25,107.31026229659994,108.96455150199546,106.61621737940591,108.84095764160156,546300
2018-07-26,109.23074449032885,109.43039943384957,107.84266208281414,108.05182647705078,1046900
2018-07-27,108.28950870586337,108.28950870586337,105.74152000971652,105.96969604492188,991900
2018-07-30,105.73201859101057,105.97921354585219,103.8685651125116,104.03018951416016,1046400
2018-07-31,104.44850044562403,105.24712011961869,103.95411062055476,105.17106628417969,1118300
2018-08-01,107.08205316868202,109.38285398450094,105.68446872634243,109.15467071533203,1487400
2018-08-02,108.1088645407141,109.13566757120641,107.48137863558122,109.02157592773438,1106100
2018-08-03,108.76486528413183,109.26875728642293,107.18663038664673,108.75535583496094,787700
2018-08-06,108.66029623746084,109.71562036186704,107.89019759398047,108.9360122680664,540600
2018-08-07,108.66029307355271,110.53325578491949,108.66029307355271,110.44768524169922,689400
2018-08-08,110.20999846695179,111.00862542872767,110.19098682067414,110.6473388671875,562300
2018-08-09,111.16074061036083,112.3111374327546,110.52374528164103,110.95157623291016,656900
2018-08-10,110.52373837732331,111.67413512785284,110.28605291844735,111.18925476074219,436600
2018-08-13,111.15122769061843,111.90230733197052,110.47619462721175,110.59028625488281,536800
2018-08-14,111.04664694295514,112.29211640001355,110.8945247707668,111.95935821533203,539300
2018-08-15,110.99910210353404,111.36989081507069,110.43816793864983,111.12269592285156,697000
2018-08-16,111.67412903575428,111.92132393050387,111.06565487451235,111.29383087158203,469700
2018-08-17,111.29384074567459,111.8167516745026,111.13221636897676,111.6361083984375,639000
2018-08-20,111.64561574958914,112.30162994731818,111.38891864163433,111.8167495727539,535500
2018-08-21,111.93081390113095,112.38716581585591,111.42691475048039,111.65509796142578,598600
2018-08-22,111.49349400172856,112.05443546732545,111.30334853240555,111.75019836425781,281700
2018-08-23,111.71217190971174,112.02591847380792,111.29384315758351,111.60758972167969,356100
2018-08-24,111.6741414948192,112.46325900413827,111.62660875248471,112.13050079345703,451800
2018-08-27,112.40620830443441,112.90059085808848,111.86428575845896,112.26359558105469,545300
2018-08-28,111.6836492211637,113.10976203371912,111.6836492211637,112.3967056274414,473400
2018-08-29,112.27309464508234,113.46152188412462,111.91181537570381,113.1002426147461,723300
2018-08-30,113.21434231000072,113.67069434031093,112.7199524813158,113.03369903564453,455600
2018-08-31,112.75797734970062,113.4805431571656,112.50128025227174,113.22383880615234,664400
2018-09-04,113.08125023954689,114.74504865771739,112.67243090951015,114.52637481689453,930900
2018-09-05,114.14607238769531,114.45981896158855,112.85306279854603,114.14607238769531,728400
2018-09-06,113.95592436826597,114.84011462272458,113.81331163298199,114.39326477050781,755800
2018-09-07,114.14605618084494,115.81936375044175,113.68970418687209,114.49783325195312,702300
2018-09-10,115.0397552106007,115.89542426205753,114.26965669108161,114.93517303466797,883600
2018-09-11,114.77356198964836,115.67676388267778,114.64996090179584,114.74504089355469,791500
2018-09-12,114.80208031925154,115.75282218524949,114.77355922384517,115.51513671875,771500
2018-09-13,116.12361084531041,116.75110395811751,115.89543482864636,116.56095123291016,662800
2018-09-14,116.6560187408814,116.6560187408814,115.26793655020494,115.63872528076172,545000
2018-09-17,115.5816766311128,115.80985262479547,114.3457094292956,114.61192321777344,510400
2018-09-18,114.5358694986978,116.53242589234101,114.5358694986978,116.18064880371094,549200
2018-09-19,115.96197425040448,116.2186713354058,113.68970201209076,113.9368896484375,551400
2018-09-20,114.66896933488773,115.44857732248893,113.99394352580731,114.84010314941406,772300
2018-09-21,115.22038702874568,115.48659353974695,113.88934722015591,114.11752319335938,2722400
2018-09-24,113.76578142325097,114.34572732010413,112.95764498984379,114.14607238769531,606500
2018-09-25,114.44079772365286,115.44858175142251,114.0224689935215,114.84961700439453,595600
2018-09-26,114.99220120775556,115.65772472382804,114.2316122297083,114.73550415039062,621100
2018-09-27,114.73552537247201,115.39153956225354,114.0034573483267,114.84961700439453,547100
2018-09-28,114.92566248899308,115.31547009621902,114.16507342552283,114.61192321777344,693100
2018-10-01,115.53415940838114,115.65776050507014,114.1175559236351,114.45982360839844,602200
2018-10-02,114.57390395804173,114.83060106951231,114.23163630702443,114.53587341308594,653900
2018-10-03,114.9066559185924,115.45808791012465,114.44079446195934,115.01123809814453,632400
2018-10-04,114.83060162347215,114.87814161829242,111.82626109331949,112.5298080444336,941100
2018-10-05,112.73897232694488,114.31720005426192,112.47276576476499,113.57562255859375,1021500
2018-10-08,113.5375969761567,114.20312066428092,112.43474013412262,113.29991149902344,778100
2018-10-09,113.44251599896516,115.21089640072145,113.44251599896516,114.63094329833984,860800
2018-10-10,114.07001903229752,114.07952122893943,109.33532106753462,109.43990325927734,1194600
2018-10-11,109.82021467049991,111.48401323442613,107.1010918657393,107.74759674072266,1236100
2018-10-12,108.58423704756791,109.77266448297198,107.93773223256468,109.12615966796875,933100
2018-10-15,108.9360117475425,109.37335216357651,107.65251159667969,107.65251159667969,676400
2018-10-16,108.4131012532307,110.92305937129032,108.08034302803063,110.5047378540039,611700
2018-10-17,110.44768000821807,111.78822951099583,109.68709087324434,111.31285858154297,754900
2018-10-18,110.93255901253252,111.79773032155104,109.31630077385616,109.94378662109375,547900
2018-10-19,110.67584800524827,111.4744675748103,109.97229390415745,110.41914367675781,658500
2018-10-22,110.78994020901168,111.44595436869818,110.16245439618548,110.94206237792969,688600
2018-10-23,109.48745190945789,110.10542840493963,107.85217451324934,109.7631607055664,861000
2018-10-24,109.8677347044748,110.86601662872738,107.64300207820027,107.80462646484375,684400
2018-10-25,108.62226271992853,110.13393886818307,107.6905324608191,109.249755859375,806000
2018-10-26,107.25320453517459,109.30681077205634,106.02674646374564,108.23246765136719,915700
2018-10-29,109.5825086426682,111.04665197520113,107.17713290121581,108.85043334960938,1322800
2018-10-30,109.38287201376208,111.50302265075865,109.14518650938936,111.15125274658203,1185600
2018-10-31,111.15122324012114,115.95246480174991,108.22293686273822,113.9368896484375,2079300
2018-11-01,113.59463908591265,114.19360383831007,109.92477497572852,109.94378662109375,1404500
2018-11-02,110.53324112387483,111.66461890707944,109.16417064262355,109.85821533203125,1216400
2018-11-05,110.33359531139992,111.5220226316279,108.5652148786139,111.16073608398438,858200
2018-11-06,111.3508923130774,113.25237608530736,111.17024903356835,113.0241928100586,775900
2018-11-07,114.04147621585004,115.68626272441672,113.7562580274822,114.99221801757812,816000
2018-11-08,114.47884481406504,116.68456590828369,114.47884481406504,116.67505645751953,541300
2018-11-09,116.74159416420584,117.71134767235695,115.86691339158565,117.30252838134766,1124200
2018-11-12,117.33107465994686,117.90151841388844,116.15214934773697,116.22821044921875,1210500
2018-11-13,116.94125631201013,117.17894179231908,114.89715973063599,114.97322082519531,1291200
2018-11-14,115.73381719589266,116.14263651192825,114.09853993175028,115.12533569335938,770800
2018-11-15,114.53590435606961,118.11069675824567,114.53590435606961,117.7779312133789,1060400
2018-11-16,117.20746622427349,118.19623872092244,116.57047085978157,117.73037719726562,1069800
2018-11-19,117.397603899585,118.36735737080477,116.25670935590847,116.46587371826172,1507400
2018-11-20,116.05706434796403,116.50391420502253,114.21262272643234,114.3457260131836,879300
2018-11-21,115.62924645408248,115.79087085574179,114.0510112277548,114.2221450805664,920200
2018-11-23,113.6992225255295,114.7735655354818,113.19533046941409,114.14607238769531,293200
2018-11-26,115.21089182355269,115.99049981082634,114.26965947084548,114.99221801757812,792100
2018-11-27,115.08730369016617,115.7623295323341,114.5263622275516,115.6957778930664,711100
2018-11-28,115.82885814333308,118.22472393422574,115.82885814333308,117.70182037353516,872000
2018-11-29,117.07436293180011,118.68111914555283,116.94125963932674,117.73037719726562,719400
2018-11-30,117.8349459504263,118.36735905958741,116.84617356656668,117.2454833984375,1194900
2018-12-03,117.40712468486022,118.5575216063661,115.94298117014756,118.54801940917969,1573400
2018-12-04,118.70964131622208,119.78397711620478,114.0890348255024,114.45982360839844,1190600
2018-12-06,113.16680878655339,113.8323324780558,108.95502182022942,112.18754577636719,1458600
2018-12-07,111.4744652424241,112.48224913157134,108.36554304941473,108.81238555908203,832300
2018-12-10,109.06909795643446,109.83919647563488,107.24367548313798,108.74584197998047,1195100
2018-12-11,110.10541789662848,110.8660143234422,108.6317722933564,109.03108215332031,1026400
2018-12-12,110.38113800046953,111.96887530253309,110.05788922195448,110.45719909667969,1162400
2018-12-13,110.20051282872087,110.90405990406462,109.08813913433735,109.77267456054688,741900
2018-12-14,109.08814823730134,109.21174935453912,107.38631898112693,108.22297668457031,1166800
2018-12-17,108.23244299881694,108.23244299881694,104.94287724220331,105.57987976074219,1007500
2018-12-18,106.20736271836566,106.91090960022318,104.7051889743697,105.6749496459961,905100
2018-12-19,105.50380928937014,108.19441008406903,104.49602539247125,104.80026245117188,1181200
2018-12-20,104.68618441865924,105.39924079754199,102.28080872780164,103.12696838378906,861700
2018-12-21,103.06992889559248,104.46751334181558,100.72159533235991,100.78814697265625,1739200
2018-12-24,100.49342454997702,100.82619004639328,97.9644546508789,97.9644546508789,540200
2018-12-26,98.67749437330747,102.30932783575096,97.67921256082232,102.19523620605469,780200
2018-12-27,100.96876874296417,103.79247283935547,99.78985102972041,103.79247283935547,776800
2018-12-28,104.18229910792142,104.51505732209282,101.79593490871791,102.73716735839844,735000
2018-12-31,103.21252503261819,103.68789592131459,102.53749924109937,103.66888427734375,654800
2019-01-02,101.77694037614218,103.37418732632774,101.58678761208064,103.29812622070312,770500
2019-01-03,102.10968280670227,103.37417129061167,99.75183967319889,100.14164733886719,1102000
2019-01-04,101.71038085353256,104.91437670404746,101.21599095880615,104.56260681152344,811300
2019-01-07,104.55309090398924,105.47531173402831,104.11575048786887,104.66717529296875,801700
2019-01-08,104.79078583971639,105.68448565313746,103.74497107607087,105.59891510009766,668500
2019-01-09,105.64642964511866,106.40701872013754,105.05696712777208,105.99819946289062,497200
2019-01-10,105.69395363761251,107.30070944072037,105.36119549147337,107.09154510498047,724200
2019-01-11,106.31197905920223,107.21518113345965,105.6749836066802,106.49262237548828,670400
2019-01-14,105.8936367011579,106.7207848161462,105.57989736765279,105.7034912109375,638700
2019-01-15,105.67497884604524,107.25320685534327,105.67497884604524,107.07257080078125,498300
2019-01-16,106.9299374337245,107.62397492483703,106.54012979203237,107.4148178100586,564500
2019-01-17,107.11058942270787,108.22295574106057,106.78733339432004,107.5859603881836,613700
2019-01-18,108.47012156452101,110.05786578201484,108.03278123483476,110.00081634521484,578100
2019-01-22,109.19270891556341,110.7424228995823,109.19270891556341,110.5712890625,1329800
2019-01-23,110.65685011257013,111.48399818397579,110.01985477495118,111.05615997314453,582100
2019-01-24,111.09418154163865,111.35088589810843,109.91526370177779,110.42866516113281,497800
2019-01-25,111.28431457795374,111.97835193007663,111.15121132539363,111.46495056152344,524000
2019-01-28,110.9135571745598,110.9135571745598,109.63004976458261,110.5047378540039,449300
2019-01-29,110.67587169176184,111.29384814416831,109.56349811954259,110.5047378540039,372500
2019-01-30,110.83746994414089,112.6438806381775,110.35258964256215,111.71215057373047,658300
2019-01-31,111.69317671289454,111.82628001661332,110.50474917712977,111.62662506103516,1023100
2019-02-01,111.72167953237023,113.71823601504505,111.72167953237023,112.91960906982422,1031700
2019-02-04,112.7674918774392,113.613651547169,111.83576166898976,113.47103881835938,494500
2019-02-05,113.14779539038341,114.07951838906138,112.40621787000318,114.02247619628906,688200
2019-02-06,113.85133969401052,113.95592188069682,112.624881803077,113.74675750732422,536900
2019-02-07,113.18582618257744,114.32671356201172,112.88158906448929,114.32671356201172,598300
2019-02-08,113.63268014796539,115.97151184082031,113.60415904866473,115.97151184082031,653000
2019-02-11,116.40881520007,116.86516715065622,115.78132220103458,116.0760498046875,550300
2019-02-12,116.98880451657159,117.90151595455684,116.22820802479103,117.60678100585938,794500
2019-02-13,118.044116503642,118.47194745256131,117.59726665492164,117.81593322753906,790900
2019-02-14,117.38810592564322,118.28180565084949,117.14091099564432,117.73987579345703,536600
2019-02-15,118.4244171453828,119.22304416991176,117.16943803848207,119.20402526855469,661700
2019-02-19,118.76667325521089,119.1279598099172,117.93953246645668,118.30081176757812,1090000
2019-02-20,115.89542714334699,117.41661257620854,115.09680025760449,116.77961730957031,1422400
2019-02-21,116.9032097023314,119.12794926421033,116.54193043319191,118.3958740234375,907400
2019-02-22,118.80469470189712,119.47972051085523,118.31981435189634,118.87124633789062,752200
2019-02-25,119.48924759857802,120.05018186281484,118.96633662887812,119.06141662597656,543700
2019-02-26,118.9853687130975,119.47975138629336,118.88078650757,119.1755142211914,702100
2019-02-27,118.79518298203259,119.86001639115788,116.40882632732227,119.57479095458984,500000
2019-02-28,119.33712239798378,120.54456869627847,119.33712239798378,120.20230102539062,588600
2019-03-01,120.51603822363293,120.95337860161402,119.82199348566394,120.46849822998047,740900
2019-03-04,121.02945463574441,121.26714012618886,119.08043071266579,119.70792388916016,962700
2019-03-05,119.8030007395509,120.89635548377514,119.65087853873308,120.24034118652344,768600
2019-03-06,120.13573724816847,120.71569034006814,119.945591785139,120.41145324707031,420900
2019-03-07,120.37343076397451,120.85831115682713,119.60333215747943,120.34490966796875,524900
2019-03-08,119.74594432563124,120.46851023033558,118.93781512813072,119.80299377441406,471700
2019-03-11,119.69842839670133,121.26715426728258,119.33714176680103,121.03897094726562,552400
2019-03-12,121.21006309009904,122.15129538704198,120.43045514901402,121.94213104248047,606900
2019-03-13,122.42700479911176,122.93089670672722,121.70443186957554,122.41748809814453,849500
2019-03-14,122.13175868337864,122.68424894446746,121.76976927369286,122.05554962158203,841300
2019-03-15,122.0650558664835,122.95097338662023,121.98884681370042,122.34130096435547,1272500
2019-03-18,122.07460455553458,122.88431320866397,122.02698660508666,122.5890121459961,620300
2019-03-19,122.71286483331862,123.20820203190246,122.28418695725094,122.76048278808594,856500
2019-03-20,122.77000975503395,123.35109121100949,122.14129581209764,122.20796966552734,604900
2019-03-21,122.07460336456424,123.76069450623679,122.07460336456424,123.6082763671875,561900
2019-03-22,123.1700611708151,123.50345941317198,122.5318267276164,122.77949523925781,629300
2019-03-25,123.04623116573792,123.77973062421057,122.27463444628879,123.63683319091797,618300
2019-03-26,124.17980099956964,125.5229582053813,124.10359195221265,125.46580505371094,576000
2019-03-27,125.4753740602767,126.07551145473548,124.64662397108708,125.56110382080078,1270900
2019-03-28,125.76113858692078,127.06618433923305,124.74185866694457,126.51367950439453,1477700
2019-03-29,126.69465637207031,126.96138080160127,126.08499845665796,126.69465637207031,979900
2019-04-01,127.33287810029637,128.0473215796366,126.42791926687671,127.87586212158203,775700
2019-04-02,127.85679360055234,128.6283901563874,127.23761512708647,128.5140838623047,636900
2019-04-03,129.00947777384818,130.49553292983472,128.63796761870023,129.84776306152344,1238700
2019-04-04,129.85729606677023,130.21927099677262,128.95232240327786,129.27621459960938,492800
2019-04-05,129.40957180903746,130.20974524682705,128.76180197697403,129.09521484375,862500
2019-04-08,128.48549642659117,129.33330195193716,127.8853593626159,128.9617919921875,659600
2019-04-09,128.55220618519596,129.0856550421319,128.11402228216622,128.7427215576172,368900
2019-04-10,128.7998935919464,129.13329187107178,128.0854500197455,128.3712158203125,867600
2019-04-11,128.56173319749726,129.4000036897337,127.94254010740379,129.3523712158203,554200
2019-04-12,129.82870190634205,130.5050483334245,129.08568162610737,130.48599243164062,485200
2019-04-15,130.40976949589466,131.38141688805626,129.72390245853265,131.3147430419922,446500
2019-04-16,132.06726591266676,132.34351101221375,129.91441466620495,130.0668182373047,702100
2019-04-17,130.69557509726656,130.69557509726656,129.71440683338918,130.44790649414062,665800
2019-04-18,130.82889648212534,131.90532939154568,129.87630510328,131.44808959960938,373900
2019-04-22,131.07658779661313,131.38140949863367,130.5050271191608,131.11468505859375,550600
2019-04-23,131.42908358086018,132.90560368550373,130.2097673160259,132.85797119140625,518800
2019-04-24,132.85791329123867,133.75335146260772,132.4959239363303,132.88648986816406,502900
2019-04-25,132.49595493204546,132.86746505437557,131.50526611762967,132.21017456054688,626000
2019-04-26,132.54358017333092,133.37233012353343,132.18159075352168,133.2389678955078,440300
2019-04-29,133.49616377608677,133.79146479672653,132.9817707942291,133.7152557373047,494300
2019-04-30,133.9438734629667,134.6011638356264,133.41994530103574,134.44874572753906,966100
2019-05-01,133.89625988638588,135.71571315308884,131.37189820721684,133.24850463867188,732400
2019-05-02,132.93413671887913,134.21060574423547,132.5816680063616,133.6962127685547,690100
2019-05-03,134.16300224029007,136.47780746925022,134.15348155669247,136.420654296875,514000
2019-05-06,134.51539933732417,136.85876536815195,134.43919030297548,136.592041015625,509600
2019-05-07,135.45852948195432,135.7728864701425,133.06752967744987,133.83912658691406,881700
2019-05-08,133.83905657345952,134.89643333136286,133.10555731805948,133.89620971679688,676300
2019-05-09,132.8293817653735,134.40115217091946,132.3530859412208,133.83912658691406,899600
2019-05-10,133.3627734987316,134.1629466512307,131.30517293340074,134.01052856445312,991200
2019-05-13,132.09583537302322,132.31492730467872,131.20993243064018,131.9148406982422,1130900
2019-05-14,132.0386654560617,133.5723378537111,132.0386654560617,132.7150115966797,1144700
2019-05-15,131.96247398012648,134.81072725067415,131.9338974034479,134.10580444335938,707300
2019-05-16,134.27731530053063,136.15390733760756,134.05820877199264,135.391845703125,838200
2019-05-17,134.5916102794037,136.15385933594524,134.54399234558193,135.2393798828125,656300
2019-05-20,133.9629312870041,136.03005285072436,133.9629312870041,134.60116577148438,532500
2019-05-21,135.3918512801985,136.54447899783858,135.05843839983294,136.40159606933594,606800
2019-05-22,136.37299905521456,137.63041224386328,136.21106024870485,137.03981018066406,408000
2019-05-23,135.81097615694023,136.70639995078164,134.9917468914061,135.42041015625,497300
2019-05-24,136.27772682628412,136.73496664001024,135.22988498085377,135.46803283691406,407000
2019-05-28,135.92529822872885,137.53518036430282,134.99176252721168,135.2870635986328,1023300
2019-05-29,134.22013007395398,134.83932324037923,132.59120682719674,133.04844665527344,978800
2019-05-30,133.74383343908772,134.60117446322832,132.92460421267356,133.858154296875,1982100
2019-05-31,132.657824581627,133.71520123006778,132.657824581627,133.3627471923828,1185400
2019-06-03,133.7914804838219,134.75360725336458,132.800791665963,133.5819091796875,1394000
2019-06-04,134.59165705452676,135.1822737142975,133.05798403943092,135.11558532714844,1751200
2019-06-05,135.48708788936912,137.5827863273683,135.48708788936912,137.506591796875,1633300
2019-06-06,137.64947034377394,137.95430659764827,136.62066979003703,137.8780975341797,1020600
2019-06-07,138.12578171733102,140.0595414985421,138.11626103409245,139.52609252929688,912300
2019-06-10,140.21194073945512,140.50724176937544,139.37365559486145,139.9071044921875,714300
2019-06-11,140.5739120527493,140.92636619981178,138.09716873641125,138.64967346191406,506700
2019-06-12,138.84020288952144,139.58322305261686,138.7449379310151,139.04977416992188,692700
2019-06-13,139.28831585179424,139.49824665443052,138.26728744257906,138.68714904785156,361500
2019-06-14,138.81120231496408,139.4886943523995,138.24821269279607,139.15472412109375,896100
2019-06-17,139.4028651136994,140.03265773324864,138.267333907027,138.39138793945312,413200
2019-06-18,139.41241771072066,139.76547665441242,137.79022194057097,137.8951873779297,937100
2019-06-19,137.8283518479652,139.00204529189546,137.48483003994568,138.73486328125,643300
2019-06-20,140.13762069195346,140.56701944847813,138.4200111055225,139.32652282714844,871300
2019-06-21,139.44098112498736,140.6910142375445,135.23284305024728,138.42950439453125,1768200
2019-06-24,138.52497833479933,139.19293358252776,137.98107711891058,138.75399780273438,737900
2019-06-25,139.27879655892244,140.1566824996809,137.3512564714259,137.72340393066406,692300
2019-06-26,137.73295961379958,138.93529353762457,136.0821529232175,136.1203155517578,680700
2019-06-27,136.60697574631465,138.21006818026083,136.23482824841065,138.00013732910156,888500
2019-06-28,138.21964643518098,140.1948867482732,137.32267163625326,139.75595092773438,1183600
2019-07-01,140.76736431370617,141.43531932033497,139.83221274409874,140.87232971191406,710300
2019-07-02,141.39713987106376,142.28457723444222,140.5765198477654,141.7883758544922,717400
2019-07-03,141.90294914613455,144.17399703355713,141.90294914613455,143.77322387695312,444600
2019-07-05,142.97163557031905,142.97163557031905,140.31888934124447,142.05557250976562,1473200
2019-07-08,142.00787287396537,142.66627636335843,141.56892265404161,142.05557250976562,494200
2019-07-09,141.72157043926578,143.02885466978435,141.32079749035478,142.77120971679688,643900
2019-07-10,143.00982631915969,144.03085498788755,143.00028930218951,143.14341735839844,643600
2019-07-11,143.38197156419517,144.34574899523864,142.6281395461656,144.2694091796875,532800
2019-07-12,144.70832823028314,145.13774146327782,143.65868864824893,144.88009643554688,492200
2019-07-15,145.32856746541248,145.42398129294094,144.29800202994193,145.28085327148438,646200
2019-07-16,145.28088504694009,146.34961333510594,144.5843042562842,144.82286071777344,467800
2019-07-17,145.25226011520033,145.90112670452456,144.51750213348706,144.55567932128906,494200
2019-07-18,144.29803109723028,145.99655190885986,144.0881002499205,145.95838928222656,682800
2019-07-19,146.77901133957232,146.77901133957232,144.3648068050298,144.49839782714844,680300
2019-07-22,144.8037283312971,145.46214629553646,143.6204833984375,143.6204833984375,558900
2019-07-23,144.336182736124,144.5938277673599,143.0098095165459,143.9067840576172,827900
2019-07-24,143.93542532383327,145.0518678335375,142.8094457972419,143.86863708496094,645200
2019-07-25,144.78465602957226,144.8514588150595,142.96209607582534,143.34378051757812,633800
2019-07-26,143.70641616661212,145.72937027175553,143.41059392792525,145.5289764404297,671100
2019-07-29,145.70076038749752,146.25421317719957,145.17593321102729,145.5862579345703,518700
2019-07-30,144.98503051836943,146.10147265016673,144.61288314110365,145.0804443359375,690100
2019-07-31,145.08050647461923,146.4450571492548,143.15298054645666,144.77516174316406,1234700
2019-08-01,143.62050903495833,148.38210065791804,143.62050903495833,145.92019653320312,830600
2019-08-02,145.33811750029096,147.09388933564654,144.1930495450734,146.21600341796875,874600
2019-08-05,144.97550003768345,145.3953616649844,141.6357101700257,142.57086181640625,958000
2019-08-06,143.28653988149335,145.63392703612706,142.9143924272061,145.3667449951172,805900
2019-08-07,143.83046754661652,147.42790330944212,142.2560006169591,146.85536193847656,662600
2019-08-08,147.4183613687871,149.15504489814143,146.90307124006063,149.02145385742188,969000
2019-08-09,148.91644250918392,150.0424362711846,147.70457193898648,149.2981414794922,654700
2019-08-12,149.12635992626468,149.80386643758575,148.162597413298,148.34390258789062,505000
2019-08-13,148.38209439017348,150.38597415783775,147.76185351749706,148.78286743164062,838800
2019-08-14,147.78094878130256,148.73517460580445,145.7102804893731,146.08242797851562,973000
2019-08-15,146.68360559037694,148.49662896484267,146.46413771164998,148.06723022460938,470600
2019-08-16,148.96415580109775,149.96609557165786,148.14352122029845,149.69891357421875,511200
2019-08-19,150.7676535251236,151.37835736205275,150.25237807784788,151.04437255859375,532900
2019-08-20,150.92990142537496,151.31160050278268,149.52718825660497,150.96807861328125,634300
2019-08-21,151.85546937061812,152.4089219949013,151.1398001330614,151.41651916503906,537300
2019-08-22,152.06540193876063,152.32304694415532,150.1760392066316,150.81536865234375,537500
2019-08-23,150.3668728724015,151.26384727247938,146.86486664255395,147.53282165527344,688500
2019-08-26,148.6206781996452,152.08452274251272,148.57296399441697,150.156982421875,583400
2019-08-27,151.11117456717218,152.2467054207061,150.64359875679708,151.63600158691406,590300
2019-08-28,151.07300998704486,152.59022525688505,150.23328676635597,152.46617126464844,471400
2019-08-29,153.10549869381813,154.3841575374628,152.05585924200298,153.42039489746094,460100
2019-08-30,154.44146740063184,154.70864948721967,153.12463100221188,154.14564514160156,659400
2019-09-03,154.4509587133879,156.47391235902364,153.07687149736086,154.33645629882812,627000
2019-09-04,154.97578312078997,156.49299832962922,154.75630074945312,155.38609313964844,654600
2019-09-05,156.55027862932027,157.36137636382114,155.63423003727655,156.0540771484375,698700
2019-09-06,156.46443037644195,157.41865632760138,156.06365722419488,157.0465087890625,572200
2019-09-09,156.807931183816,157.00831045278804,152.60932882794424,152.86697387695312,853700
2019-09-10,151.88405548738683,152.14170042281467,146.6549043613766,148.01943969726562,1127100
2019-09-11,147.92407191205146,149.04051423246224,146.02515752962893,148.00994873046875,1175200
2019-09-12,150.17003854977008,152.12936293162235,149.443661208019,150.46632385253906,686400
2019-09-13,150.1795881869046,151.15445947353538,148.43053381900052,148.87017822265625,1002400
2019-09-16,148.02905604337855,150.1126191102931,146.7292135832683,149.5965118408203,642800
2019-09-17,150.5905272528649,151.89036992962613,149.59653677479358,151.63230895996094,746700
2019-09-18,151.1353252120067,152.4447203374191,150.1030958885018,152.28224182128906,627200
2019-09-19,151.89993692010182,152.86527025400628,151.44117316187373,151.68011474609375,426200
2019-09-20,151.2404599162526,152.10064372629424,150.56185944721042,151.41249084472656,975600
2019-09-23,151.75657089973964,151.9381688288999,150.05530806419011,150.3611602783203,557000
2019-09-24,151.04932642316035,153.1902485650262,149.83551350725722,150.50454711914062,638700
2019-09-25,150.9728571444511,151.0684250279344,149.34804270302817,150.81993103027344,645300
2019-09-26,151.06838458098431,153.00858856065392,150.45669487188405,152.2439727783203,617800
2019-09-27,152.81748572355264,153.45784744729053,147.5703230537394,148.7076873779297,853600
2019-09-30,148.70763018048766,151.7183018660263,148.31576261578124,151.14483642578125,911100
2019-10-01,151.32649329550134,151.60365912991182,149.38628870311504,149.52964782714844,600200
2019-10-02,148.3826764530705,149.0421573484973,145.96458955906036,146.547607421875,824300
2019-10-03,146.84393743016585,147.57031458619574,145.16179395017397,147.47474670410156,824300
2019-10-04,147.88574023193829,151.01110063875964,147.79017233626766,150.57144165039062,647100
2019-10-07,150.5809539683533,150.84856731319496,149.3862463275124,150.21775817871094,359600
2019-10-08,149.51050846117818,149.9788391769097,147.9430523843211,148.04818725585938,426300
2019-10-09,149.05176903674402,150.98242127248605,148.5930052424522,150.14134216308594,480600
2019-10-10,149.87371599548868,151.49851584103965,149.22380189080306,150.8772735595703,485200
2019-10-11,151.852172056841,152.51165321388999,150.04577412328163,150.16046142578125,690400
2019-10-14,150.47584952319633,151.39337700984413,148.39227139289324,148.50697326660156,503100
2019-10-15,149.20468195495124,149.86416305427633,148.506976619418,149.17601013183594,700100
2019-10-16,148.32538665994326,148.84149408760868,146.1844647212417,148.7076873779297,988800
2019-10-17,148.91791767895722,149.81634017032985,148.03861459356781,148.35401916503906,878900
2019-10-18,148.61209334957994,148.61209334957994,146.83436761435257,147.58941650390625,953700
2019-10-21,148.03865933664895,148.51654254382825,145.62057147502875,146.6814727783203,654400
2019-10-22,150.8199546265716,150.8199546265716,144.31118718087455,144.33985900878906,786400
2019-10-23,143.81413293927633,145.21911033849238,141.17622363045948,142.05552673339844,1537600
2019-10-24,142.75322835881244,144.06262327723192,141.71144678745924,143.1259765625,731800
2019-10-25,143.5083217644319,144.27293781525464,142.04600031225857,142.33273315429688,536600
2019-10-28,142.35185905426096,143.07823631453851,141.8835282381248,141.97911071777344,716700
2019-10-29,141.23360252523213,144.62657610227063,141.23360252523213,143.47964477539062,1962800
2019-10-30,139.70433189875777,142.1032996078616,138.5956397003232,141.37692260742188,1340500
2019-10-31,140.84170370045936,141.93127655327254,137.93618095423574,138.2993621826172,1004200
2019-11-01,138.38536684662046,139.771239355127,138.38536684662046,138.93016052246094,1002100
2019-11-04,139.06397521789995,139.06397521789995,133.81681378939479,134.093994140625,983600
2019-11-05,134.06533227498298,134.65790266681927,131.54211002789808,132.6412353515625,1184000
2019-11-06,133.1477572085328,134.85858649083332,132.98527874093318,134.552734375,1024400
2019-11-07,134.43804820531446,135.2982317663124,133.08086224400375,133.6160888671875,1050300
2019-11-08,132.91845027905578,134.14183019667223,130.35698855015698,130.70106506347656,1177000
2019-11-11,129.70704893423925,131.3318487017215,129.41074913551256,131.3031768798828,925700
2019-11-12,131.30316465615735,132.84194881486977,131.20758220303594,131.98175048828125,1046900
2019-11-13,131.98173781395235,134.027076693356,131.78103509903968,133.59698486328125,930500
2019-11-14,133.42496364275985,135.02109140230866,132.82282628667915,134.7917022705078,784500
2019-11-15,135.54676293266505,135.54676293266505,134.22780097358918,134.93505859375,1000600
2019-11-18,135.27912033371334,136.6649927736236,134.7630130834715,135.81436157226562,1104200
2019-11-19,136.46428959261146,138.04129790498675,135.92906288256492,137.6112060546875,1041500
2019-11-20,137.0950928258365,138.4044877265964,136.4738361055136,137.9552764892578,1270500
2019-11-21,138.3184399004751,139.07348853195694,137.1141801368027,138.0603790283203,1449100
2019-11-22,138.73901495257437,139.78079653431686,137.88838368009496,139.52273559570312,1318200
2019-11-25,139.61835856918918,140.564572562874,138.84419011246433,138.97799682617188,794300
2019-11-26,139.14043570556404,141.25267069730415,138.58608959711552,141.2431182861328,1317200
2019-11-27,141.43424111195048,142.0077065151359,140.9850299490158,141.9407958984375,555100
2019-11-29,141.83569350540725,142.38048722143748,140.66965761367686,140.95639038085938,480800
2019-12-02,141.03287668812712,141.66368596321553,139.5705553765001,139.6470184326172,791800
2019-12-03,138.85370399395737,139.71388768853913,137.81192239891558,138.5574188232422,720700
2019-12-04,139.04489289110663,140.1535854240193,138.53833786179683,138.97799682617188,705100
2019-12-05,138.91107594579347,140.07711204386146,138.91107594579347,139.56100463867188,561000
2019-12-06,140.0579488743028,140.79389280747026,139.53228922015845,140.32557678222656,572800
2019-12-09,140.57409015563618,141.7401260507547,140.0675352518034,140.94683837890625,789300
2019-12-10,141.63497891166918,141.9121446602978,140.52628674948852,140.76522827148438,635100
2019-12-11,140.67920528227478,141.17620770485652,139.83812650311063,140.31600952148438,477600
2019-12-12,140.31602890766993,141.40746033491655,140.09583180278727,141.12982177734375,652100
2019-12-13,140.81392233002222,143.1882622906486,140.26819914481123,142.8340301513672,684900
2019-12-16,143.39887581951214,143.71481848193233,142.59466610174124,143.31271362304688,1406400
2019-12-17,144.04989920248678,144.72007390231977,143.1690814727488,144.38497924804688,998400
2019-12-18,144.7296371188539,145.03601103213393,142.10636526906455,142.4989013671875,1008700
2019-12-19,142.19251421319674,142.68078110705497,141.74253674664317,141.87657165527344,776600
2019-12-20,143.65734722357107,143.65734722357107,141.84786842950928,143.3031005859375,1791000
2019-12-23,143.33185212398286,143.43716633485315,142.56593191844547,143.1786651611328,555400
2019-12-24,143.21700057993272,144.06908324738268,142.4319427085165,142.8148956298828,159500
2019-12-26,142.97760110088834,142.97760110088834,141.9819150900499,142.4893341064453,303600
2019-12-27,142.56591207104864,142.8914233652541,141.73296720695598,142.24996948242188,686700
2019-12-30,142.15422670373044,142.16381001820278,140.20114429252703,141.26385498046875,590400
2019-12-31,141.57022597263472,143.1116350329577,141.26386666710806,142.97760009765625,549000
2020-01-02,142.92017161346735,144.69136127023657,142.55635620946393,144.68177795410156,845100
2020-01-03,143.609488189063,146.2231767836644,143.609488189063,146.08914184570312,876900
2020-01-06,145.37109799608248,146.5104023012557,144.27009773625167,146.4242401123047,656200
2020-01-07,146.71148973093045,148.329478038814,146.5583027380501,147.6497344970703,1514700
2020-01-08,147.89863267145765,149.57407683467179,147.40079692409077,149.00921630859375,773100
2020-01-09,149.9953348953245,151.2303847834641,149.97618287143874,150.4453125,758800
2020-01-10,150.41658554297754,151.0963435800064,149.72725879875878,150.61764526367188,844700
2020-01-13,150.63677401001345,151.40269419381826,150.1963797652066,151.28781127929688,549500
2020-01-14,150.9335807995498,151.20165070132555,149.8708699001123,150.19639587402344,617600
2020-01-15,150.6368037838107,152.36012088581197,150.51235213805182,151.8909912109375,824100
2020-01-16,152.5132899667873,154.03554714118332,152.1973473177915,153.7196044921875,628000
2020-01-17,154.00681257145527,154.70570797592188,153.25047571028077,153.71002197265625,549300
2020-01-21,152.85792517013675,155.32800983620496,152.47495781374386,154.4280548095703,648400
2020-01-22,155.50988484806365,157.06087689621108,155.50988484806365,156.62046813964844,790700
2020-01-23,156.1801351360441,158.24810099533036,155.2705965445286,158.0662078857422,708100
2020-01-24,158.3533602702447,158.87993121715326,157.13747734858575,158.25762939453125,486000
2020-01-27,156.3524461654715,157.88428666454809,154.925934492029,156.96517944335938,640200
2020-01-28,157.1566279940867,158.44911909910465,156.89814146005202,157.78851318359375,758900
2020-01-29,157.97045131369833,158.32468340852242,156.94602985966318,157.1853790283203,529300
2020-01-30,156.29504987986866,157.78858676337788,156.03654861657884,157.69285583496094,476000
2020-01-31,157.41513811370805,157.72151202016883,155.0982402287682,155.5482177734375,621000
2020-02-03,156.0843449309657,158.93738231373402,156.0843449309657,158.18104553222656,649600
2020-02-04,159.69377790230305,161.52240916746456,159.29167302769994,160.9671173095703,931700
2020-02-05,162.27870872043067,162.66166148159607,160.4405091711561,161.37875366210938,1132400
2020-02-06,162.326579975648,162.64252257462547,161.11068232662166,161.75213623046875,446700
2020-02-07,161.61811113686062,162.26914839491866,160.67029789097697,161.91490173339844,476300
2020-02-10,161.59892135986465,162.87226024163556,161.0149090097097,162.69993591308594,479100
2020-02-11,162.92015216632046,163.3892816860221,160.4309301611974,160.73728942871094,539500
2020-02-12,160.76599456890887,162.29783458411194,160.31601711226958,162.06805419921875,515800
2020-02-13,161.8479474912211,164.27016045893768,161.8479474912211,163.39892578125,513700
2020-02-14,163.1595214066937,164.36583582354174,163.1595214066937,164.07862854003906,533600
2020-02-18,163.52331475141284,164.4136864277658,162.642511780317,164.2509307861328,1120200
2020-02-19,158.42998040535844,163.46589571606498,156.05564100081617,162.5084991455078,1196600
2020-02-20,161.67555058290048,162.94888974633693,159.96181718772635,162.17340087890625,761300
2020-02-21,161.5032196044922,162.91059364284726,160.37348412619585,161.5032196044922,912000
2020-02-24,159.17673559904384,161.94361087828338,158.5352817020532,160.4405059814453,1096600
2020-02-25,160.92881693483693,161.7234579940043,155.61526202637754,155.8833465576172,983700
2020-02-26,157.29068073087777,158.88954590595,155.68226145767042,156.5630645751953,903300
2020-02-27,155.06953563016287,155.9694908131073,149.15281677246094,149.15281677246094,1053500
2020-02-28,145.97425887155228,148.83687992744578,142.37445296152282,148.5017852783203,2168900
2020-03-02,148.31988209570488,156.32371839510344,147.77417362075496,156.18011474609375,1516200
2020-03-03,156.3332507263426,159.32990611392637,152.70472482142745,153.56637573242188,1231900
2020-03-04,155.30883497253495,162.62334240360593,154.43760079968678,161.97230529785156,987800
2020-03-05,156.89819815701009,159.59804963797245,156.00781150300585,157.94175720214844,1062900
2020-03-06,152.38880383127741,157.4534396526728,151.16333744234456,156.4098663330078,1214500
2020-03-09,144.21263869749316,149.98573839287988,138.9660953873176,141.6180877685547,2051200
2020-03-10,144.6339104768344,150.08148482571744,140.80432410059416,150.06234741210938,1486800
2020-03-11,145.68702505647127,148.5687832901172,142.24040638847038,145.2178955078125,1392000
2020-03-12,136.43252173001778,142.96401656231453,126.60170733470895,133.785400390625,1788400
2020-03-13,139.3482157991331,141.93780834557032,128.1363021651064,139.65513610839844,1761700
2020-03-16,127.11963206606946,136.62435579561674,123.44627678806422,124.74105834960938,1402700
2020-03-17,126.55371433996308,142.5323834807009,125.48910878173243,138.79188537597656,1620800
2020-03-18,127.56079375517882,131.80003040801415,118.88090223059974,129.58450317382812,1720800
2020-03-19,129.76673268370484,139.05084941397425,126.40026935259309,130.89846801757812,1124600
2020-03-20,131.78087382111698,131.97270631448177,118.48770011427449,119.16866302490234,1509200
2020-03-23,120.58813046835341,120.61690241311726,111.84110070844427,116.22420501708984,1398700
2020-03-24,121.67191141750804,132.41387129458917,120.24284877190965,131.665771484375,1300500
2020-03-25,129.10498284577054,133.2195323376606,122.76530517293389,128.8076629638672,1662900
2020-03-26,129.99693209151783,137.6122191603536,129.99693209151783,136.28866577148438,1248100
2020-03-27,133.4113674767846,137.60264712358054,131.37805711795164,132.13575744628906,1234300
2020-03-30,133.13319683971824,141.88021885880065,132.45224133358812,140.8635711669922,793900
2020-03-31,138.99331422008012,140.54705761783907,132.76872559049855,133.6798858642578,1422200
2020-04-01,128.73091033795544,136.66270268492545,128.04035444656378,135.0226287841797,1343500
2020-04-02,131.42602184620316,138.4274840742144,128.95153173431484,137.1422882080078,1044400
2020-04-03,135.88582760902827,137.42998540616554,132.5193783351635,135.8570556640625,815700
2020-04-06,140.2209851265953,142.72424685302389,138.9549756078717,141.69801330566406,1244000
2020-04-07,145.31382888979365,146.63739697558782,140.57586784300463,141.1513214111328,967200
2020-04-08,141.79392914560094,144.72878498811122,141.1513312340183,142.61875915527344,883800
2020-04-09,143.5202995638319,146.39761111453805,141.20885577242143,142.1967315673828,1076800
2020-04-13,140.17298051204693,141.94732796551955,136.63390064177986,138.26437377929688,704600
2020-04-14,141.83227559799454,144.68081507427436,140.80602750028362,144.15330505371094,1070200
2020-04-15,141.5253684657711,142.55161665855113,140.06752644700745,141.1129608154297,722300
2020-04-16,142.24470730602206,143.80805145867402,140.22099734596756,143.01199340820312,912400
2020-04-17,147.20324474356988,147.73075475198388,145.2083071156893,147.5005645751953,957800
2020-04-20,145.39054937143698,145.40014977620282,142.4173362119314,143.21339416503906,722100
2020-04-21,140.95948653422883,142.11040816627568,138.63845709641828,139.27146911621094,810300
2020-04-22,142.5324343653227,146.57985408499906,140.89236022019443,145.01651000976562,710200
2020-04-23,145.29469623360865,145.8989219101134,140.71976523704532,141.65968322753906,1082800
2020-04-24,143.05034021676084,143.05034021676084,140.63340893617058,142.4652862548828,975900
2020-04-27,144.89180783617567,146.18658909368185,143.07908773309626,145.59194946289062,797700
2020-04-28,152.78523020893257,153.44701413759154,145.29463226755493,145.5823516845703,672600
2020-04-29,147.7499457177109,148.48845975344437,145.4097300661232,146.81002807617188,856600
2020-04-30,145.94682197062122,147.02101353231558,144.31634845454585,146.579833984375,1483100
2020-05-01,143.7217042401921,148.21988857983615,143.7217042401921,147.17446899414062,1036100
2020-05-04,146.07152062911314,149.12146387555515,145.18914683514694,148.1431884765625,779400
2020-05-05,148.57476593148428,152.64135647910385,148.35416153120352,151.04925537109375,965000
2020-05-06,153.45664391581568,155.12549018691593,148.18157178120953,148.83375549316406,880500
2020-05-07,149.78325449362163,153.69640016667339,149.78325449362163,151.79737854003906,956700
2020-05-08,153.562144960093,155.04875911545656,151.73025277274024,153.0442352294922,636800
2020-05-11,151.7302134143925,154.89525878082935,151.3945358759105,154.1375732421875,673300
2020-05-12,153.62925784274194,154.70346417752265,150.17649253493312,150.1956787109375,808100
2020-05-13,150.0230324575861,150.57931448382547,146.50312284970917,148.11441040039062,847600
2020-05-14,148.6802546432917,149.99422198472914,144.9972854374332,147.60604858398438,757200
2020-05-15,146.62778741597143,149.0926764674822,145.34257725599335,148.23907470703125,824400
2020-05-18,151.66307435001707,153.21681767714054,150.473780481067,151.84530639648438,1145700
2020-05-19,151.9411946387154,154.41568374937975,151.09717876491237,151.59591674804688,668500
2020-05-20,152.34399607907372,154.4540208472941,152.34399607907372,153.01536560058594,636100
2020-05-21,151.0684707477299,152.84281906008377,150.1189671227029,150.42587280273438,553100
2020-05-22,149.43798587905593,151.89328967859348,149.37085621183806,150.84786987304688,625700
2020-05-26,152.0371329844761,154.66506793534722,150.73275127817993,153.89779663085938,1149400
2020-05-27,155.72969684354774,157.6575050646876,152.21938766303316,156.77513122558594,2028500
2020-05-28,158.25211763970077,162.99009247302095,157.31220006902856,161.4555206298828,1303500
2020-05-29,162.21323511064244,166.24146826123715,161.85835674264823,165.6180419921875,2021900
2020-06-01,164.4479251019698,166.5867222326152,162.3282995080937,162.45298767089844,940700
2020-06-02,163.08602581247717,165.23442388412093,162.50097182980605,163.96841430664062,1605200
2020-06-03,165.25360904912668,166.66349298833265,163.32580079543942,163.77658081054688,1034800
2020-06-04,163.2586552075823,164.12184280117518,157.15875425987213,157.73422241210938,1267000
2020-06-05,158.89474326141544,159.9689349591667,155.50910762461476,159.3359375,1773500
2020-06-08,157.23549419896977,163.01888948969997,157.04367634776298,162.7311553955078,861800
2020-06-09,163.04768828852582,163.2491065780618,160.72665824670818,162.40509033203125,794300
2020-06-10,163.58475548665345,164.88913734928587,162.7982979148642,164.23695373535156,896300
2020-06-11,163.08599431928303,164.11224235085925,155.7296703531638,156.03659057617188,936500
2020-06-12,157.9964372140532,159.19731000047585,154.10560645422555,156.2767791748047,824600
2020-06-15,153.20254185529888,159.17808578243512,152.91432946587253,158.89947509765625,1026000
2020-06-16,163.11692724395047,163.81824742566164,158.61126537757175,159.87937927246094,674700
2020-06-17,160.1291661035279,161.59904780985815,160.04270678524108,160.48463439941406,520900
2020-06-18,160.8304843579538,161.92567968675257,159.53353596320412,160.29249572753906,617700
2020-06-19,160.60950808748572,163.107329116345,157.64095435161371,157.73703002929688,1599200
2020-06-22,157.5449250420618,161.04186639083943,156.85322106897672,160.69601440429688,615000
2020-06-23,162.71341281320363,162.71341281320363,160.01385382438036,160.2540283203125,627700
2020-06-24,159.6776468049426,160.75362404771715,156.84357552020026,157.25668334960938,683500
2020-06-25,157.00691853855278,159.98508917782627,155.4313738887734,159.67767333984375,724400
2020-06-26,160.3501707878223,161.47418613798436,155.0567133102876,156.4881591796875,1715500
2020-06-29,156.85322493100176,158.06369958415823,154.76851125435215,157.88116455078125,568500
2020-06-30,157.63135062799944,164.37545559224566,156.51693728114927,163.5108184814453,1079700
2020-07-01,162.57895554019595,166.3833269384511,161.85843187575372,165.64358520507812,762900
2020-07-02,166.6907309163264,167.44007430144026,164.99990744770113,166.30645751953125,955500
2020-07-06,168.669782205717,169.54400638635582,165.3073386613032,166.73876953125,972000
2020-07-07,165.94137771726247,168.8907279030086,163.16496081121,166.13351440429688,836700
2020-07-08,167.95888746667455,167.95888746667455,164.42351005956195,166.03749084472656,793100
2020-07-09,165.71084154878952,167.1518888814307,163.87590442704447,166.39292907714844,766700
2020-07-10,166.77722345842167,167.4400929428281,164.0008060790657,167.32481384277344,470500
2020-07-13,168.32396562848248,169.51522220968593,165.2881553013051,166.0567169189453,832900
2020-07-14,164.33702344127906,167.9588595767842,163.0400897322782,167.72828674316406,837200
2020-07-15,168.69860583054373,169.17895491928778,166.45056095431258,168.50645446777344,821000
2020-07-16,168.47759693569876,169.1500972364912,167.0077302262982,168.525634765625,621500
2020-07-17,169.1981741862386,171.5326785990612,168.2951154693069,171.38856506347656,510700
2020-07-20,171.0042796868722,175.37545943091104,171.0042796868722,174.46279907226562,686500
2020-07-21,174.68376073338413,174.8951155164857,172.98332076355499,173.57894897460938,632100
2020-07-22,174.1938212151993,174.67417036085018,173.06018960873507,174.22264099121094,489100
2020-07-23,174.11695608421576,176.6916203575107,172.1955595844702,173.5309295654297,814300
2020-07-24,173.58857918624892,174.30910291545695,172.30124697491289,172.71434020996094,520500
2020-07-27,174.02086919872824,176.24007966769102,173.9824477212059,176.009521484375,699200
2020-07-28,176.1440329169365,177.49860633094954,174.26105786576622,175.2601776123047,754000
2020-07-29,175.61564660228714,180.98594641078947,175.61564660228714,180.2750244140625,786300
2020-07-30,178.44009709740604,180.09249924962424,176.76847687576435,179.8138885498047,459600
2020-07-31,180.51518761555403,181.33178695687715,177.58506980524575,181.29336547851562,542500
2020-08-03,181.42788662717416,182.53268384999737,179.36237640920507,179.61216735839844,753900
2020-08-04,179.89074056417203,181.19729072152245,178.5841904068216,180.34226989746094,1062900
2020-08-05,180.86102176199452,181.41822842750608,177.2295840618415,179.32391357421875,626100
2020-08-06,180.1212869286344,182.4749942749425,179.49682438592293,182.10992431640625,608500
2020-08-07,181.48550842316902,183.6951173116941,181.03397907667986,183.64707946777344,597100
2020-08-10,182.72476747831175,183.2339362757075,181.50467684158562,182.19638061523438,526400
2020-08-11,183.2724157241272,183.2724157241272,179.84271581424022,180.50559997558594,464700
2020-08-12,181.05319299777824,184.8383316710789,180.50558797599442,182.9457550048828,589200
2020-08-13,182.40776979506165,183.86803522166284,182.3309121769151,183.2147674560547,469200
2020-08-14,183.2436011677341,184.4252559860426,181.06281189661925,181.71607971191406,317900
2020-08-17,182.13875841518032,183.68548302028285,180.72653096447405,181.6392059326172,611700
2020-08-18,181.5719124369979,182.0906828796766,180.85138897494633,181.69680786132812,490300
2020-08-19,182.1772021166038,182.43658007286848,179.37196516619187,179.88113403320312,450400
2020-08-20,178.91084308992126,179.9003611815997,178.44011029741176,178.55538940429688,568600
2020-08-21,177.95973207384404,178.74749694071525,177.03745539211937,178.35360717773438,689300
2020-08-24,179.00690716688138,179.30472127973403,177.268045675122,177.83485412597656,588200
2020-08-25,178.99729148555963,178.99729148555963,176.97981944897722,178.66104125976562,930800
2020-08-26,177.88291305266216,179.70823408530632,177.10474972128128,179.0837860107422,774800
2020-08-27,180.02520695352732,181.08198067187166,178.22870629143083,179.27586364746094,855900
2020-08-28,179.05493796516757,180.0636593634335,177.44095734157753,179.98681640625,955500
2020-08-31,179.66977683629537,179.8426954714734,177.54662741903434,179.33352661132812,902900
2020-09-01,179.05493375855642,180.68811775352756,178.0750174979373,180.31344604492188,639700
2020-09-02,180.89951665930798,186.00082295906245,180.62090590650297,185.21304321289062,900700
2020-09-03,185.01127468821642,185.19380970506245,178.3152065702403,179.91957092285156,900100
2020-09-04,180.89946691646,182.16758086813397,174.54925147646662,175.58680725097656,697800
2020-09-08,174.33792427062238,174.33792427062238,170.5815903434867,171.09075927734375,866200
2020-09-09,172.29161071168926,177.0086423656393,171.8304796827992,175.76934814453125,767800
2020-09-10,175.61565574232782,177.3929388380068,173.37722689872632,174.3667449951172,659300
2020-09-11,174.61651506524467,176.73966472583606,172.20516764632674,174.50123596191406,551500
2020-09-14,176.011740151705,179.03282219648264,175.2227879589274,178.07069396972656,971300
2020-09-15,179.26377168196262,180.81278432219716,178.2920125959591,180.7261962890625,593400
2020-09-16,182.30410086890126,182.58312635031567,179.5139341402504,179.71597290039062,521700
2020-09-17,177.849442307026,179.01360946080692,175.1169864674946,177.7917022705078,738600
2020-09-18,176.33889294064105,178.04186432859822,173.25046898108494,174.70327758789062,1187000
2020-09-21,173.31786131712988,173.539146804774,169.7098787361297,171.91314697265625,682000
2020-09-22,172.72128737490493,173.91431714605235,171.31657350907628,173.55833435058594,554500
2020-09-23,174.23184830053881,174.23184830053881,169.87340732601143,170.37371826171875,477200
2020-09-24,169.49816682453834,172.00932265960438,168.72846113039998,170.5180206298828,400400
2020-09-25,170.2582091132199,174.84754995942967,169.1036435530281,174.47232055664062,515600
2020-09-28,176.38698633910306,178.09957357104335,176.0310035592576,177.53192138671875,623700
2020-09-29,178.01297830825737,180.9089791431958,177.37797012063766,177.397216796875,946900
2020-09-30,177.70509333968806,179.62934993173866,176.25228489781847,178.2919921875,1001800
2020-10-01,178.69610036010187,181.58248550742474,177.9263947179663,178.60951232910156,808400
2020-10-02,175.72317153809885,177.7436475236022,173.88550234034992,175.20362854003906,601000
2020-10-05,176.1464423642751,176.6178904934894,173.6833963849352,174.90528869628906,352400
2020-10-06,174.70329736322526,176.08876477256493,172.7020682920586,172.9810791015625,507900
2020-10-07,174.82837146154444,176.28118017208342,173.96244702643776,176.09837341308594,562400
2020-10-08,177.43568926669997,178.21501079657963,175.39598208420884,177.8975067138672,401200
2020-10-09,178.89815670548643,180.90900153425142,177.8783029523679,180.0911865234375,561800
2020-10-12,182.40991195278477,186.3546440947448,181.64020632985185,185.4502410888672,923700
2020-10-13,186.23920475520754,187.71126005897898,183.57410492903676,186.316162109375,599200
2020-10-14,186.1622190501389,187.63427424581653,183.9300742394117,184.4977264404297,570600
2020-10-15,182.57347476842693,185.23857447219177,182.0346852285136,184.74789428710938,338100
2020-10-16,185.26748099497556,187.57659844512037,183.98784819438194,185.18089294433594,367700
2020-10-19,184.8922155726632,186.85496575870508,180.46643367642906,181.3612060546875,430700
2020-10-20,182.39066668887213,185.1615861765962,181.25534767442304,183.15074157714844,436400
2020-10-21,182.06353598742393,184.15135265837745,181.51513048480834,182.0154266357422,510200
2020-10-22,182.6312403040191,182.9775924729706,180.8320500123305,181.72683715820312,364900
2020-10-23,182.07316293289006,183.69914741145357,180.23549437508493,182.08277893066406,376900
2020-10-26,180.3894205746662,181.13024871459706,177.12780658069013,178.4651641845703,457400
2020-10-27,179.11943656978724,180.20664632388952,177.70510669387298,178.1380615234375,579200
2020-10-28,175.4826105299245,176.73338047335747,172.13440757501954,172.69244384765625,567300
2020-10-29,168.19930363216375,174.55895862914414,168.19930363216375,172.4326629638672,619900
2020-10-30,171.46089655362383,173.0002930767095,168.79579696257733,171.22998046875,886200
2020-11-02,173.6737733901287,176.7237183261122,173.6737733901287,175.2516632080078,697400
2020-11-03,177.3683777916146,181.9673504049039,177.3683777916146,180.83203125,607100
2020-11-04,184.23796937309223,190.07808102469207,182.38105395955182,188.952392578125,1202200
2020-11-05,192.7239142864695,197.09198491866758,184.9595466659496,187.04736328125,879700
2020-11-06,189.01977432498862,190.81894994832254,187.77862032058314,189.87606811523438,459400
2020-11-09,196.88034272465163,198.612162131013,188.5483071076401,188.87542724609375,815800
2020-11-10,186.40276271481403,189.30837993147446,185.4694969862643,187.7112579345703,578500
2020-11-11,189.29874328987063,192.7816430428519,186.7394784848706,192.26210021972656,518700
2020-11-12,191.86765011756208,193.34933612392138,190.1165840056731,191.63673400878906,345300
2020-11-13,192.7720596391257,196.22609730155293,192.7720596391257,195.98556518554688,751300
2020-11-16,196.61095792861897,197.99641058789553,195.78352686049968,197.47686767578125,475400
2020-11-17,196.35118604087558,198.44861912402706,195.61034298522227,197.5057373046875,474500
2020-11-18,197.7943157380571,198.2465171633758,195.9566473654565,196.1779327392578,393000
2020-11-19,196.17799622315817,198.99704037582143,194.07094712997207,197.9290771484375,650800
2020-11-20,196.29346706965964,198.5255976282353,195.72580007868706,196.6302032470703,573000
2020-11-23,196.19724593221963,196.56285946751814,190.3282707718944,190.6168975830078,827300
2020-11-24,190.38597626843307,191.87726357329882,187.10511483589923,187.11473083496094,983000
2020-11-25,188.23076400900234,190.27047113356016,186.9415157201181,188.21151733398438,762700
2020-11-27,190.4918310947682,191.23265948543298,187.6246775328791,190.7227325439453,350900
2020-11-30,190.28010930096744,193.53209282324758,188.90425826080454,190.79965209960938,1175400
2020-12-01,194.39807862020427,195.31209781666047,191.82919712491685,192.56040954589844,1127900
2020-12-02,192.11780767414288,193.46479635353242,187.91331091805603,188.56756591796875,972900
2020-12-03,188.09608125027452,190.53988065448726,186.17182466459397,186.50857543945312,623400
2020-12-04,187.27831116376646,188.7696133108719,186.75876822085476,188.26930236816406,569400
2020-12-07,187.82671949110193,188.65415055550432,186.6817842725889,187.08587646484375,517300
2020-12-08,186.89341303343141,188.47130278017087,186.37387023672355,187.5476531982422,456700
2020-12-09,187.45146002476002,189.07745921435978,184.21870832237775,186.12371826171875,581500
2020-12-10,185.9216573086761,186.30650271352866,184.2186862963356,184.92103576660156,484300
2020-12-11,184.93070789508002,186.85496471247222,184.08403019753484,186.64329528808594,369500
2020-12-14,187.04796253169462,190.50681440462034,186.9419803018183,187.6549530029297,495600
2020-12-15,188.85924191287359,191.42205888256328,187.34658817046537,188.974853515625,538700
2020-12-16,190.05397356207007,190.7958491360142,188.12703471126844,188.72439575195312,824200
2020-12-17,190.3911968061138,193.90785438488146,190.17923235300364,193.8885955810547,729100
2020-12-18,194.39921552049975,197.48231451060656,193.6862429066037,197.00057983398438,1558000
2020-12-21,194.32210712968728,195.91182544410455,191.02704419883034,195.36265563964844,585100
2020-12-22,194.1679933520953,195.31452432778883,193.47429418531226,194.55337524414062,582400
2020-12-23,195.32413282233728,195.68062647076619,192.59751285890928,192.6649627685547,357500
2020-12-24,192.98291731217728,194.4088478601476,192.64569715289423,193.87893676757812,145000
2020-12-28,195.90222806247363,201.12423026494812,195.12182022779743,200.38235473632812,917700
2020-12-29,201.98174386094547,202.9644868598822,197.63650174137794,198.15676879882812,415800
2020-12-30,197.8869885936132,199.65013944099795,197.64612123251763,198.2627410888672,339900
2020-12-31,198.5132417063887,200.1993132667956,197.7135749892363,200.00662231445312,358200
2021-01-04,200.0162347696007,202.01060859791235,194.70750945908932,195.46865844726562,733400
2021-01-05,195.90220721483976,196.98128808608854,192.7998350086252,194.59188842773438,622300
2021-01-06,192.55898753441483,195.2759634941662,191.67259748435671,192.75167846679688,825400
2021-01-07,194.21613480422255,195.5457270847873,192.02905547203792,193.62841796875,762700
2021-01-08,193.8982401086359,194.66901866176573,192.30852128767535,193.56101989746094,626400
2021-01-11,193.25273269804322,193.44542367633738,190.1888917480626,190.6417236328125,469400
2021-01-12,190.06362498731144,190.73805067079857,186.7011112706278,189.45663452148438,454400
2021-01-13,189.63967454421595,191.4317281291256,188.76291390452144,189.68785095214844,653500
2021-01-14,190.16959778556992,190.574253175595,185.22699498351977,186.79745483398438,671800
2021-01-15,185.3136711809868,186.10372301908356,181.84519071745257,183.07843017578125,1173300
2021-01-19,182.47148492929097,185.564228440564,182.47148492929097,184.379150390625,636100
2021-01-20,185.20769257297297,188.66655840509662,184.23459390845656,187.59710693359375,692000
2021-01-21,186.08449887635643,188.99418088640758,186.01706365598798,187.7512969970703,588700
2021-01-22,187.13462369256132,187.67416410702543,184.73559472814966,185.71832275390625,521100
2021-01-25,185.747259113103,185.747259113103,181.45982322440062,181.7873992919922,1223800
2021-01-26,180.7564959704298,183.43493974481805,179.19568023609062,181.61398315429688,1027600
2021-01-27,180.5156146323677,181.16113732064548,176.5557550897753,177.5384979248047,776800
2021-01-28,176.82555794971492,182.490763371531,176.0258764924507,179.61961364746094,765900
2021-01-29,178.72360046553027,179.09935299974768,175.85246533993632,176.79666137695312,1030500
2021-02-01,177.56741744953385,180.27476417366202,177.01823282222585,179.1475067138672,688000
2021-02-02,179.42690057068293,182.298049940872,178.53088109370782,181.80667114257812,912200
2021-02-03,180.8721176490319,181.47910811340557,178.82956709782522,180.0435333251953,615300
2021-02-04,180.65050844676315,182.5581736995757,179.69666846966888,181.50799560546875,545800
2021-02-05,181.96080703173692,182.49071807083644,180.29400931000052,180.58303833007812,708300
2021-02-08,180.92028197679232,182.04753940577285,180.19767992990407,181.96083068847656,653400
2021-02-09,182.3461852859497,184.1478827835799,182.25947658162568,183.55052185058594,458100
2021-02-10,185.06320934989893,185.294447304934,182.58708586521155,183.8492431640625,456800
2021-02-11,184.61999160701163,184.98611466338974,181.96082150122058,182.38475036621094,565200
2021-02-12,183.00139780109134,183.1073800333466,181.42130842107156,182.5774688720703,684700
2021-02-16,182.0957305931024,183.47348488431493,181.3345961772188,181.47911071777344,777800
2021-02-17,180.70831406988185,181.88374788640013,179.764118196431,181.67178344726562,913200
2021-02-18,181.65250247215343,185.69908545183435,181.5754378623432,185.00538635253906,659000
2021-02-19,184.91864864878877,185.458203785392,182.76048690787306,183.53126525878906,960300
2021-02-22,182.54852508576488,183.5698001671452,179.26309132292863,179.4365234375,923400
2021-02-23,180.08204916837548,181.67176762202962,175.98730467118327,178.5886688232422,1551400
2021-02-24,169.57060548602337,172.249049101113,160.75486681999908,161.41001892089844,3606000
2021-02-25,162.1133347905318,164.65689308646108,158.01859037502686,158.28836059570312,3663200
2021-02-26,158.7026851322833,159.06880821884712,156.23620575230467,157.86447143554688,1898200
2021-03-01,161.00539242809216,162.04594127613785,159.50238232581887,160.9379425048828,2963400
2021-03-02,160.99574689200716,161.01500569552715,158.23057964370724,160.3020477294922,2617300
2021-03-03,159.13618661600952,160.07075280228312,157.6331771993056,158.78933715820312,2316400
2021-03-04,158.2498381614919,158.6159612129723,153.95275846183497,155.74481201171875,2506000
2021-03-05,156.67934390172152,162.46015863322418,155.10889922992965,161.97842407226562,1922800
2021-03-08,163.3850973642818,167.1329917041928,162.36382243535897,165.3794708251953,2017800
2021-03-09,169.73441138264377,170.86166887591034,167.62441093317923,168.04833984375,1703800
2021-03-10,169.4935500824265,170.14871697711834,167.7014962517915,168.47227478027344,1046700
2021-03-11,168.78057442818522,170.52446651525506,165.398801886386,166.88255310058594,1087400
2021-03-12,163.5336714647751,166.68950394640316,163.5336714647751,165.7630157470703,881500
2021-03-15,165.83060215884103,168.5810863169735,165.0295796251157,168.49423217773438,778500
2021-03-16,171.3219266830602,171.3219266830602,166.59300042662755,166.9307861328125,670400
2021-03-17,167.2878349483582,168.1950172293737,164.9523309515039,165.9367218017578,798200
2021-03-18,163.45648289342662,165.1936392760208,162.4624462712262,164.5952911376953,1932500
2021-03-19,165.56999711825173,166.42892226674977,164.2864321703111,165.86917114257812,1857800
2021-03-22,165.28050104740836,169.16979357822206,165.12609859318255,168.71621704101562,904200
2021-03-23,169.21805391248634,172.0843584475714,168.08890587230636,171.38949584960938,1260400
2021-03-24,171.6210572082837,172.43172502628684,167.93442565694036,170.75247192382812,1726200
2021-03-25,171.30263007641966,171.30263007641966,168.4073743568182,168.67759704589844,825000
2021-03-26,168.28191575438362,172.47039706617502,167.94414474161564,172.3931884765625,653300
2021-03-29,171.60179665093057,174.95064346511128,171.1675112571616,174.024169921875,907600
2021-03-30,173.33894742297903,173.81184445615037,169.27593239071166,169.80673217773438,497300
2021-03-31,169.6040765559168,171.82376071161985,168.88990821409735,170.52090454101562,845800
2021-04-01,170.79114375174248,174.44881049573934,170.58846936280924,173.531982421875,675000
2021-04-05,173.3485901587168,175.96397739811096,172.76954790357348,175.21121215820312,839800
2021-04-06,174.54531314790452,175.73236384296905,173.22315111133696,174.5742645263672,661700
2021-04-07,175.26913716660158,175.57795679668544,173.107340851884,173.70570373535156,660700
2021-04-08,174.6707824865987,175.96399317097197,174.3523025910085,174.8831024169922,761800
2021-04-09,175.1339943715098,176.65883059747296,173.83112359538046,176.321044921875,785400
2021-04-12,176.0025707195985,177.16068465822465,175.76129943672314,176.12803649902344,1394000
2021-04-13,175.9447190406507,178.31883563275022,175.9447190406507,177.16073608398438,970300
2021-04-14,176.91943633694163,177.91347297331737,174.94100861538607,175.59725952148438,951300
2021-04-15,177.10280302293006,178.88821676795604,176.27282905282559,178.05824279785156,1174900
2021-04-16,178.5407650144101,179.85328149761136,176.76501175067656,178.98471069335938,789700
2021-04-19,178.30912366016312,179.16804883847288,176.74569045888774,178.087158203125,939100
2021-04-20,177.84591851058644,179.06192069134892,176.43690221437433,178.00033569335938,1190500
2021-04-21,178.2029632148621,179.99802214420015,178.12576936343353,178.90748596191406,875300
2021-04-22,179.36111889468145,181.4264009627783,178.49253324063855,180.7218780517578,603900
2021-04-23,180.95351675978557,183.16355589835638,179.39008308731218,182.28533935546875,925500
2021-04-26,182.34321927089331,183.10563017982997,179.58307471881545,179.95945739746094,562800
2021-04-27,181.09822580990172,181.20438576737905,179.50584117377258,180.6639404296875,605800
2021-04-28,180.42270394824433,180.98245522057408,179.20670170382488,180.7218780517578,544400
2021-04-29,181.1561504395707,182.78713206732067,180.56744787505838,182.01507568359375,593900
2021-04-30,181.9281870866662,182.21771556216987,180.5577680103809,181.62901306152344,580500
2021-05-03,182.23705008532696,183.61711492857765,181.60973583527752,181.96682739257812,662600
2021-05-04,181.62906234390604,183.15389898433935,180.6446711505055,181.93789672851562,634800
2021-05-05,176.26315858744556,176.30175551560816,166.40963231390543,166.6026611328125,2484000
2021-05-06,166.5640756834683,168.93819210484085,165.7051503179134,168.90924072265625,1751500
2021-05-07,169.41103893236442,172.9625599037632,169.07326796910993,172.5282745361328,1284400
2021-05-10,172.1325959020878,175.02785148595825,171.65969885535097,173.2906951904297,1108400
2021-05-11,172.6730565088473,174.80590145683456,168.6776040391891,168.96713256835938,1046800
2021-05-12,166.49647725646406,168.22397301969835,165.2708151174146,165.99462890625,1313600
2021-05-13,165.80160484553056,167.8861919659514,165.54102777397088,167.5194549560547,1171500
2021-05-14,167.98275575802262,170.03839229146817,167.30719894981144,168.8899383544922,489700
2021-05-17,168.95749188646863,169.69095141894408,166.71848690412284,166.90185546875,572400
2021-05-18,167.75112600085205,169.17944805418185,165.35770396701776,166.0525665283203,816800
2021-05-19,164.52768612269003,167.22028151019904,163.12831582260787,167.0272674560547,969400
2021-05-20,166.74741026769019,168.79338606389746,165.64721379081996,167.29751586914062,918300
2021-05-21,167.95378326291203,168.88027157344902,166.49650985080945,167.45193481445312,769800
2021-05-24,168.79342114323393,169.0926099703946,166.9790707062607,168.0889129638672,586100
2021-05-25,168.117857595081,168.51354610534227,167.35544668172946,167.63531494140625,476000
2021-05-26,167.9248206906997,168.2818974936316,166.76672142424593,166.9404296875,450000
2021-05-27,167.34576476661695,167.34576476661695,165.70512290146016,166.1201171875,1100600
2021-05-28,166.00430784432712,168.1178468889934,166.00430784432712,166.79568481445312,991600
2021-06-01,167.45188147320474,167.92477839188507,164.89441229040597,165.20323181152344,823400
2021-06-02,165.23224769239525,166.70882690713904,165.23224769239525,166.65090942382812,566100
2021-06-03,165.81127583891654,166.40962391443932,164.67248244020794,165.83058166503906,795600
2021-06-04,166.01398500671723,166.96941007266486,164.8655310911327,166.62197875976562,535700
2021-06-07,166.45789110412034,166.95973953120236,161.5263051451112,161.94129943847656,1116400
2021-06-08,162.00887634941435,164.00661013380878,162.00887634941435,163.58197021484375,979900
2021-06-09,164.34436627089116,164.71110339055696,163.53369816787148,163.98728942871094,801200
2021-06-10,164.37327722283203,164.97162518485547,162.87739259174563,164.85581970214844,799900
2021-06-11,165.1260981277566,166.26489169538044,164.5663468954213,166.18768310546875,517400
2021-06-14,166.12000325478155,167.52173453326566,165.59798458414824,167.50241088867188,449300
2021-06-15,167.6763964116745,168.22742999907652,166.37134248250058,166.82569885253906,591600
2021-06-16,167.14473038865881,168.024443067232,164.39926804650452,165.2113037109375,892700
2021-06-17,165.31763231890412,167.88909317794742,164.66993619291185,167.2317352294922,549900
2021-06-18,167.16407627313112,167.56043230002714,164.37993701222797,165.39498901367188,1243500
2021-06-21,166.64203104310764,169.41649328852327,165.15328441078225,169.0878143310547,731800
2021-06-22,169.4455011154089,170.75056993279915,168.59478871587308,169.42616271972656,877700
2021-06-23,168.9717898370379,168.9717898370379,165.80097179430354,165.98464965820312,762600
2021-06-24,166.5937017733801,167.92777082375042,165.82032819706578,167.54107666015625,559100
2021-06-25,167.68606604298398,169.0974589524877,166.54533687897558,168.88478088378906,1854400
2021-06-28,169.45515847214446,169.745175396241,168.01476517555838,168.1887664794922,631400
2021-06-29,167.84077239523018,169.79353755400504,167.73443333334453,168.5271453857422,450500
2021-06-30,168.74948186799074,169.2715153432104,167.97610822932745,168.90415954589844,799000
2021-07-01,169.69681847499712,171.1662265812432,169.37781611886925,170.91488647460938,826700
2021-07-02,171.3499506775762,172.0653239060941,170.86659397608798,171.5916290283203,649600
2021-07-06,171.39828873549766,172.16198583095775,169.7548789060053,171.69796752929688,1040900
2021-07-07,172.5583265945724,176.90853650872128,172.06530811461704,176.02882385253906,861600
2021-07-08,175.3327940274906,177.43056020843957,174.2597416283911,175.17813110351562,903300
2021-07-09,174.81074095348276,175.90313153494205,174.2307071622418,175.6614532470703,659300
2021-07-12,176.11583009282708,176.11583009282708,173.1480277944498,174.02774047851562,533500
2021-07-13,173.75704197040403,175.42945173479595,172.72265172971836,175.13943481445312,909600
2021-07-14,175.158796356782,176.68620523828773,173.31237029582803,176.26084899902344,777900
2021-07-15,177.10185409472254,178.77426378919253,176.46381984681858,178.60992431640625,799200
2021-07-16,178.65827398999454,182.8731443646006,178.32959502406794,180.76571655273438,1089200
2021-07-19,180.69804907210474,181.60676193829897,176.42517803714566,178.1749267578125,823900
2021-07-20,178.66793285869588,182.4574466661848,178.30057713854802,181.1910400390625,1080200
2021-07-21,182.0514335574238,182.6024524008395,180.22433148217695,180.86236572265625,462100
2021-07-22,180.8527186113985,182.0707720097649,180.0213446170258,180.96871948242188,438900
2021-07-23,181.52941442993298,183.55951817233702,181.52941442993298,182.11911010742188,685400
2021-07-26,181.30709126672275,182.0127878801252,178.9579701619344,180.6013946533203,671500
2021-07-27,180.82370708298535,182.25443848931707,179.4219758925955,180.4853515625,674600
2021-07-28,179.77001612070904,180.61105199183797,177.85591311963165,179.1029815673828,697400
2021-07-29,180.06969388390414,182.61213987978775,180.06969388390414,181.5584259033203,754000
2021-07-30,181.47141852666343,183.89786355483133,181.47141852666343,183.61752319335938,789800
2021-08-02,183.66582951219874,185.17389960721454,182.931118106309,183.6754913330078,504600
2021-08-03,184.16858624901343,184.49728005445323,180.6110875977758,182.21583557128906,662000
2021-08-04,180.89137778317604,182.56380231857077,179.325307045698,181.23939514160156,854700
2021-08-05,180.73670008577417,183.81084087459672,180.25334350256014,183.5885009765625,693700
2021-08-06,183.91721012194702,184.51656766329975,181.3070870940444,181.86778259277344,848200
2021-08-09,181.8097425871536,182.43810021144677,181.0460309659471,181.2200469970703,628800
2021-08-10,180.9494031832516,182.4671502685547,180.27270676819234,181.25875854492188,1000100
2021-08-11,182.26411604546158,184.18788079062475,181.27807911657058,184.033203125,657000
2021-08-12,183.8204711003166,185.07720095083693,183.50146879099407,183.8011474609375,482300
2021-08-13,184.08150996541508,184.9418840494933,183.22113588133686,184.8742218017578,326500
2021-08-16,184.60354350650087,186.07293682525594,183.7528312423689,185.0288848876953,1183100
2021-08-17,184.97092070440894,186.64334534690113,183.9752071778208,186.57566833496094,1163700
2021-08-18,185.57026965011002,187.4070188029152,184.35220159535456,184.4102020263672,874300
2021-08-19,184.53590064418069,188.55743149925425,183.87854268274762,188.19973754882812,822300
2021-08-20,188.48008268200277,190.09449203211247,187.5133694363653,189.85281372070312,2008100
2021-08-23,188.99242816081411,191.1965330482975,188.01605315172966,190.93551635742188,1203200
2021-08-24,190.79051991124362,190.79051991124362,189.90114552723654,190.60684204101562,1330500
2021-08-25,188.73141580947942,192.34692852426312,188.73141580947942,191.23521423339844,995800
2021-08-26,191.13854802612647,192.09559946924298,190.51019030392928,191.19654846191406,945100
2021-08-27,192.28890549553202,193.60363589633172,191.13851455097338,192.87860107421875,752300
2021-08-30,192.43390150812104,194.55100549325527,192.31790065990683,194.09664916992188,417000
2021-08-31,194.087000301858,195.59507043276656,193.46830448530906,195.04403686523438,710800
2021-09-01,195.18908213582404,196.92916899205653,193.8356746916992,196.30079650878906,535200
2021-09-02,196.78414548872158,198.1762149195155,196.24278843249584,197.78953552246094,1399500
2021-09-03,197.07411844743837,198.57252659077915,196.3007450749847,198.25350952148438,809200
2021-09-07,197.634851435909,197.634851435909,194.88938945383725,196.34912109375,1293900
2021-09-08,196.3491388256149,200.86368816358026,195.8464437796963,199.47161865234375,946600
2021-09-09,199.48127098847658,199.84861196701092,197.20948911062771,198.04086303710938,595900
2021-09-10,198.18586761303737,199.945292715604,197.38349388777738,198.70790100097656,569000
2021-09-13,199.7132887879509,200.3126610395792,197.0355036791206,198.195556640625,894900
2021-09-14,198.4569452877836,200.08331706603434,198.18588332474184,198.9990692138672,640600
2021-09-15,198.94097535410148,199.35724378385837,197.508217234605,198.03097534179688,533000
2021-09-16,197.4307908453094,198.3311006779161,195.14611505184416,195.98834228515625,938000
2021-09-17,195.11707653343151,195.7269586064885,193.7230350434096,194.6814422607422,1519500
2021-09-20,193.65521705152042,195.3977685081332,193.2002318659558,195.26223754882812,896800
2021-09-21,195.79472665414636,197.7308920598734,194.7298297722886,196.47238159179688,859300
2021-09-22,197.75024908212245,200.12204864462265,196.40461477567607,198.9990692138672,596500
2021-09-23,199.46371200676268,203.4134903834606,197.44042312489364,202.30020141601562,908800
2021-09-24,201.4966950584705,201.9904118256789,200.24787510764128,201.33212280273438,498100
2021-09-27,200.11235953477234,200.99330346889826,196.86927693568776,197.2274627685547,628400
2021-09-28,196.45300079315768,196.45300079315768,192.7839741291875,195.30099487304688,1544400
2021-09-29,195.31066692076618,197.5953424753693,194.56523917362279,195.91087341308594,872000
2021-09-30,196.58851783053382,197.15968295294493,193.8391523394429,193.8778839111328,626100
2021-10-01,195.1460744302041,195.40746084438965,192.90011591319774,193.60682678222656,735100
2021-10-04,193.61652876628304,194.52652881496758,190.76068792133412,192.46450805664062,997900
2021-10-05,192.3386632676489,196.0948288612823,191.18665726579783,195.19451904296875,726800
2021-10-06,193.81982267284616,197.353318232759,193.51970466037676,197.2274627685547,631000
2021-10-07,198.45694927703795,200.83843916794095,197.99227372702128,200.14141845703125,723300
2021-10-08,200.0929955065522,201.64191880774163,198.04066511588627,200.8480987548828,614200
2021-10-11,200.60607443988783,201.96138415014312,199.85097120535016,199.93809509277344,461200
2021-10-12,200.2382275751544,202.6100273003833,200.2382275751544,201.1191864013672,611600
2021-10-13,202.30989131003844,202.34862288502217,199.57990614439578,201.7193603515625,657400
2021-10-14,203.13277878490604,204.98182014213774,201.69033035717888,204.79788208007812,564100
2021-10-15,205.28190197265613,205.63041227183425,203.76200532097837,203.9072265625,560100
2021-10-18,203.61679262662196,204.81722023637525,202.3582824307424,204.3041229248047,777900
2021-10-19,204.43967946718783,205.29159689502842,203.17149360550502,205.28192138671875,490300
2021-10-20,205.83373564134135,205.89181823892537,202.83268818260004,205.16575622558594,382400
2021-10-21,206.0176281800973,206.81146289634148,203.59742200388868,206.33709716796875,515400
2021-10-22,206.74372427114042,209.09617274531522,206.4629868077853,207.13096618652344,669000
2021-10-25,206.94702851827515,207.20840019341793,204.67202842283368,205.2528839111328,896300
2021-10-26,206.04671614161634,207.32459238253853,204.17832364084413,204.5752410888672,1034200
2021-10-27,200.35439137103396,202.73586641341518,198.6215151585655,201.24502563476562,1067300
2021-10-28,201.61288858007651,203.51033708503235,201.5063988970672,202.63906860351562,716700
2021-10-29,202.1840101016617,205.13664953054393,202.07752044944934,203.55868530273438,624700
2021-11-01,203.58775675751195,204.59455607797864,200.3834059822003,202.2711639404297,746000
2021-11-02,202.79393628092458,203.2102194748433,200.5286265715383,202.62936401367188,598000
2021-11-03,199.9477542565021,209.580187007018,199.9477542565021,207.4503936767578,1316200
2021-11-04,208.1377684042759,210.34499565026346,207.38266512389956,209.68670654296875,821700
2021-11-05,210.53860289195003,211.03233447933917,207.47947305628773,207.7408447265625,549600
2021-11-08,208.13770675264772,208.44750019733118,205.9401556661885,208.0505828857422,715000
2021-11-09,208.0409623432885,210.74192129683382,206.35650793142997,209.3865966796875,467500
2021-11-10,209.47368049790418,210.81931448195547,206.13378430388696,206.99539184570312,532200
2021-11-11,207.49882773859494,207.5666006132646,205.66915215550645,206.19192504882812,340000
2021-11-12,207.01475464350767,210.01581624986233,206.89858947249945,209.36720275878906,833300
2021-11-15,209.231693918245,211.8939210282067,208.75732813354267,211.071044921875,445900
2021-11-16,211.6325385750408,216.17284834964744,211.18721407778327,215.4951934814453,881700
2021-11-17,214.7013479589271,217.67336849450967,212.62965188120268,217.33453369140625,765200
2021-11-18,217.7507970891893,219.5998382727147,215.611342963135,219.48367309570312,867200
2021-11-19,220.50986336839586,223.3366629149793,220.04518783558223,222.68804931640625,1168000
2021-11-22,222.26206600408707,224.1788800619801,220.8486737730231,221.23590087890625,679100
2021-11-23,220.18070194686706,222.5815425828737,218.36070198943725,222.00070190429688,798300
2021-11-24,221.32303483362182,222.13623542780994,218.5640083421743,220.92613220214844,626700
2021-11-26,221.0616447307803,222.329830441994,217.61525862332144,218.6027069091797,1024400
2021-11-29,220.83902614950838,223.43349552971077,219.5902059358194,221.84584045410156,763200
2021-11-30,220.7421874044221,222.33951770478777,216.2212436640832,217.69271850585938,1106700
2021-12-01,218.87376781206143,221.97162884259603,212.32953546182165,212.629638671875,1258900
2021-12-02,213.37510453818425,219.50306960323078,213.37510453818425,218.66082763671875,1096700
2021-12-03,219.67728425978189,220.2290983881221,212.1746447094952,214.5754852294922,1407600
2021-12-06,214.57549854722222,216.38582302167742,213.92688498942394,214.82720947265625,960500
2021-12-07,216.66652773756502,219.4546098814954,215.72748659247083,218.2445068359375,1170400
2021-12-08,218.7382268236213,222.34917022933627,218.283226889963,221.73928833007812,1054900
2021-12-09,221.739312272913,222.22335355062214,215.76624467859423,217.33453369140625,913500
2021-12-10,218.50593785522463,220.1032682928767,215.68881384460235,219.4256134033203,1230600
2021-12-13,218.95121980761039,222.6008950112978,217.818565042004,221.6328125,819000
2021-12-14,220.41148072522154,222.3597892114805,217.36784680637552,217.90097045898438,862100
2021-12-15,218.29844419933346,221.8461097133598,217.86224260199307,221.55532836914062,1818600
2021-12-16,222.2919544152267,223.70713930768545,220.4405680130964,222.1659393310547,1519000
2021-12-17,220.30488716705815,222.82510035935445,213.7814317052776,215.3226318359375,2119900
2021-12-20,210.1174189690146,214.9251902570543,207.97523648310985,214.51808166503906,1025700
2021-12-21,213.73290747939095,215.4098100497939,212.09477081068786,215.17718505859375,574700
2021-12-22,215.74913508520856,217.11586645399512,214.10131017635112,216.98016357421875,818100
2021-12-23,217.50355305540845,219.76204798948964,216.71841402318972,218.6085662841797,475600
2021-12-27,219.30648927281848,220.80892342814738,218.12392934079216,220.43089294433594,501300
2021-12-28,220.77013583192772,222.20472590202274,220.43088605938746,221.080322265625,344500
2021-12-29,221.66188069289578,223.0383143866253,221.05122523832773,222.2628631591797,472800
2021-12-30,222.34041498426615,223.24186651911623,220.8573713175434,221.08999633789062,298000
2021-12-31,220.9252186296894,222.25316910888301,220.30486058205489,221.71035766601562,662600
2022-01-03,220.67322361950963,220.8961608847224,211.91064874879754,214.85736083984375,912100
2022-01-04,215.1869041008521,217.63925817605855,214.37268693235328,214.92518615722656,864800
2022-01-05,210.1367803796311,213.23858527462704,207.28702042739405,207.73289489746094,1013800
2022-01-06,206.57939037841575,210.16585004261066,205.73609521579166,206.14320373535156,1117700
2022-01-07,205.8040019265903,205.8040019265903,199.92996817319397,200.30799865722656,1669600
2022-01-10,198.94127209647735,200.93804915676606,196.3241221804455,200.33706665039062,1957600
2022-01-11,200.88958896909722,202.5761944616217,197.70056412488825,202.27569580078125,916800
2022-01-12,202.59554655482407,204.07859017506456,200.08503635224722,201.0252685546875,1010100
2022-01-13,201.36456010803633,201.66504398389165,196.46953933123694,196.87664794921875,886200
2022-01-14,195.10280940647513,196.87664933405412,190.78938079102548,192.06886291503906,1439100
2022-01-18,188.6762820751657,193.0284915255178,187.37740956062558,192.3596649169922,1617900
2022-01-19,193.24173940949538,196.28537374909575,192.33058518462383,193.7263946533203,1730000
2022-01-20,195.40327243132873,197.20619029724196,191.72959266518689,191.95252990722656,976600
2022-01-21,191.7296252880852,195.39361789861297,189.6940672642343,190.0720977783203,893000
2022-01-24,189.7812948415813,191.34188532631418,185.25461661592232,191.322509765625,1519900
2022-01-25,187.78451309662356,190.61489789242768,183.14152245599203,184.76026916503906,976800
2022-01-26,184.5857835908599,187.61004228020286,180.2529794467941,181.9977264404297,1209100
2022-01-27,183.2287411222339,187.18352927283533,181.91047840536677,182.52114868164062,983300
2022-01-28,182.51144968309566,187.36770427895806,179.89431454721637,187.35800170898438,608800
2022-01-31,187.21259663112946,190.9056666236565,186.26267664863082,190.11083984375,982600
2022-02-01,189.5195594544294,191.5938829645381,186.0009582311532,190.53733825683594,1059600
2022-02-02,190.8960220727444,194.3370774831519,190.55675746406138,193.96873474121094,956200
2022-02-03,191.56482264867276,193.8426932567466,190.498575272636,190.89599609375,901100
2022-02-04,189.91698500703828,193.18357120605373,188.88951832011776,191.68113708496094,1067700
2022-02-07,191.68111996089388,193.06722664928643,190.7796684430725,190.98321533203125,824200
2022-02-08,190.36285865473323,192.815212651967,188.33700357710572,192.1076202392578,982100
2022-02-09,194.5211904817198,197.72962010722458,192.0203828388036,192.95091247558594,1211400
2022-02-10,189.3548058316195,191.29342676753367,186.79582678783294,188.71505737304688,1516000
2022-02-11,188.75377620281517,189.73278899717778,186.14632932790923,186.98963928222656,807400
2022-02-14,187.4548974988238,190.32406217587538,184.2077024383921,185.9233856201172,1024600
2022-02-15,188.0559226877411,188.80229590577673,187.24170542652274,188.30795288085938,982600
2022-02-16,187.82326339638888,188.92827656103015,185.43875351979375,188.1140594482422,755100
2022-02-17,187.03816259825572,188.10439528541377,184.3143876399547,184.4597930908203,1289000
2022-02-18,184.6245546597332,185.5163184605455,182.60838723552592,183.49046325683594,1443900
2022-02-22,182.75375871209283,187.41615371120577,179.8652181395511,180.7182159423828,1698000
2022-02-23,177.08332580161704,177.42257557968946,171.24807283943466,172.16891479492188,2524100
2022-02-24,169.80381057258856,173.90400474014848,169.62934177763103,173.71983337402344,1777000
2022-02-25,174.37893585775674,175.46457356836623,171.38377025749676,174.0299835205078,1324400
2022-02-28,173.2739103574865,173.5065501627323,169.85224605427723,171.89749145507812,1149700
2022-03-01,171.86845541029075,175.36766717203193,170.70528568026302,173.8555450439453,1768700
2022-03-02,175.0671329400605,177.95567347730025,174.3983064701507,176.1527557373047,1404700
2022-03-03,177.7812615654306,179.53571139353247,176.78287282578697,177.0736541748047,1380000
2022-03-04,176.51141574297483,182.5114342186114,176.0364483601014,181.93954467773438,2617100
2022-03-07,181.26104182942709,183.0348816072171,180.42743430746845,181.74569702148438,2035300
2022-03-08,179.64234339245573,182.5502753238904,177.48078479809783,179.35154724121094,2165600
2022-03-09,181.69725016252795,182.76349762811725,178.58577174199775,181.5227813720703,1419500
2022-03-10,178.87654704149782,181.9298838863234,177.36442507971933,179.16734313964844,1247300
2022-03-11,179.48717763402192,180.02030123085882,176.41446590925378,176.45323181152344,1371600
2022-03-14,177.41449621616133,181.27892776293504,176.61829883575462,180.5507049560547,1153300
2022-03-15,182.77425778888974,185.96872263937655,182.15284145859442,185.36672973632812,1097900
2022-03-16,185.5705659562815,189.86222346304305,185.47347848181303,189.7554168701172,1658500
2022-03-17,189.46414626548915,196.58131176691623,189.33791624695763,196.5327606201172,1890400
2022-03-18,195.8919957636784,202.65961633170227,195.32883484059593,202.1935577392578,1905400
2022-03-21,200.5137198929333,205.04811885500104,200.5137198929333,204.21310424804688,1522100
2022-03-22,204.8345570086422,207.07748131442008,202.98001234822368,205.01902770996094,1672600
2022-03-23,204.10630042165207,204.77625297711745,200.33895625650598,201.62062072753906,1718700
2022-03-24,203.0674194520581,203.53347804450252,200.33901286051412,202.1935577392578,1307400
2022-03-25,202.86343834649483,202.98966836829024,199.4359376772235,201.96044921875,838600
2022-03-28,202.03816612542548,205.91231734406955,201.11575340167207,205.45596313476562,1497600
2022-03-29,206.81531132795294,209.45633432923054,206.5725703522159,208.56304931640625,912800
2022-03-30,209.6116664588093,211.32055738521302,206.20357409444821,210.67001342773438,851900
2022-03-31,207.5920931477566,211.79636878204954,207.5920931477566,208.3979949951172,1343500
2022-04-01,209.31068040527794,209.31068040527794,205.6210148800117,207.90277099609375,840200
2022-04-04,207.21341629748758,210.94191424083604,206.53374450818978,210.70887756347656,1110200
2022-04-05,210.94191418066612,215.0879343178009,210.67004546502454,213.03919982910156,1316700
2022-04-06,211.4468110578344,215.6607907962997,210.1262995711571,213.85479736328125,1079200
2022-04-07,213.49554416922706,215.3597930539829,212.650795513018,213.82566833496094,1498100
2022-04-08,213.71884593008295,215.37920057279337,212.9032398811907,213.14598083496094,995400
2022-04-11,212.42749367543016,213.86451618574029,210.0680583676048,210.16514587402344,664600
2022-04-12,210.65062391687658,211.8352011094809,207.7862832557041,208.40769958496094,614600
2022-04-13,208.63099358399805,209.69905972417627,206.74732138171953,207.89306640625,938900
2022-04-14,209.23304199217162,210.1845825833144,206.87359171951667,207.10662841796875,630200
2022-04-18,206.25214375400918,207.55323178571442,204.2131285138143,205.07728576660156,569200
2022-04-19,205.07725563911237,209.5145521746903,205.0578322161355,209.07762145996094,1040900
2022-04-20,210.30107650963308,212.81586956205405,210.0195034855533,211.08755493164062,703100
2022-04-21,210.0874224479118,213.22364603671664,208.48533818211772,209.1941375732422,746000
2022-04-22,209.43692317489723,209.43692317489723,204.36849011926023,204.48501586914062,695600
2022-04-25,204.87334199365617,207.834784260502,203.36834528600693,207.64059448242188,912300
2022-04-26,207.2716955380342,208.4756962855625,202.02849562976158,202.1935577392578,1549800
2022-04-27,203.038284186034,205.29091297908627,201.56241474633666,202.36831665039062,979800
2022-04-28,204.475252426568,208.126085606312,203.07706225694105,206.5142822265625,1164400
2022-04-29,203.9800784195574,205.931710338606,197.62996682287832,198.1251678466797,1536100
2022-05-02,197.72704723358768,200.0476498834681,193.23148056250398,196.31915283203125,1429600
2022-05-03,195.2122844777468,196.75611343929612,193.02761582115468,194.3092803955078,1398500
2022-05-04,180.59931679605322,189.21176334523813,178.87100193885524,187.91067504882812,2613000
2022-05-05,184.97832440055367,186.386233886412,180.67696150148888,182.46353149414062,2006600
2022-05-06,180.9002747984515,181.76443204319207,178.11361325493368,180.03611755371094,1370000
2022-05-09,178.76413086778038,178.9486163448764,172.11302346745208,172.81211853027344,1207400
2022-05-10,175.28810360433098,176.00662219088508,170.15171132894255,173.67630004882812,1062700
2022-05-11,171.5401667258707,173.70541177519831,169.17101276680344,169.33607482910156,1367600
2022-05-12,168.1029897901281,170.70516600862598,166.19989397012384,168.6175994873047,1922300
2022-05-13,169.87984678700477,171.50135468703002,166.44262635856984,171.0935516357422,1901400
2022-05-16,170.6177851059432,170.82167923699095,165.55905644823827,166.99609375,1121300
2022-05-17,168.53021102794813,170.46241970451007,166.9475351318537,169.5011749267578,934600
2022-05-18,167.8116684007152,168.0835370682276,160.7916045650718,161.65576171875,1143100
2022-05-19,160.9663715587819,164.97645664384345,160.17018897673876,163.3355255126953,894600
2022-05-20,164.45212718167375,165.52989754719195,160.3061225965354,163.98606872558594,1041100
2022-05-23,164.69486696131287,166.17073601354713,162.180074398063,165.95712280273438,605800
2022-05-24,165.17064554380363,166.3649268183014,163.47145896650332,165.97654724121094,556700
2022-05-25,165.24832982956227,167.1611296815716,164.22881488667565,165.762939453125,609400
2022-05-26,166.08335526126245,169.80214826570258,166.08335526126245,168.66612243652344,678500
2022-05-27,169.62740279663834,173.67632077844286,169.30698290827095,173.46270751953125,643600
2022-05-31,172.06451904326394,172.6859353459316,169.4234960529931,169.84100341796875,1365400
2022-06-01,166.60771108873158,169.28758124111403,165.70472167007057,166.25816345214844,973100
2022-06-02,166.81163276134282,171.0061899042392,166.47178940530813,170.88967895507812,670200
2022-06-03,168.89917250782753,169.27784784755622,167.287368829707,168.6175994873047,923500
2022-06-06,169.86041626058423,171.3848217826947,168.90887584735523,169.27783203125,584300
2022-06-07,167.7825577793362,171.45279998068173,167.13201377176782,170.35560607910156,644600
2022-06-08,169.0933682482224,169.66624824641167,165.09300146126995,165.40371704101562,696900
2022-06-09,165.11241915255886,165.88919325920182,161.8888117954974,161.9470672607422,605400
2022-06-10,159.39344528570808,160.78191662002442,158.2671235500664,159.33518981933594,766600
2022-06-13,156.04362143906843,158.36422466486448,154.4609454745886,156.97573852539062,1013700
2022-06-14,157.52052886159146,157.52052886159146,153.02606194936962,153.9307861328125,733900
2022-06-15,155.6624074250445,157.9972065987052,153.3568067863841,155.8375244140625,815400
2022-06-16,153.41522174804993,154.67018021860096,151.8100588792443,154.2713165283203,1264400
2022-06-17,153.8723974382748,158.42524595100792,153.05522444815728,157.42323303222656,2422500
2022-06-21,159.29109351463111,161.47022190064175,157.5010761121525,160.64332580566406,1201400
2022-06-22,159.56347756672554,162.948919620983,159.28134873642182,161.77178955078125,617200
2022-06-23,163.01697210684105,166.6748040150107,162.3943472603168,166.3245849609375,686200
2022-06-24,166.8207673743364,168.40648391358067,166.8207673743364,168.2897491455078,1632500
2022-06-27,167.92976998246058,169.71978697316732,166.7234712874703,169.36956787109375,604600
2022-06-28,169.3501347370722,170.68290619412906,164.22331991504367,164.34979248046875,721100
2022-06-29,164.57350848106012,167.33633975409268,163.73687480326066,166.66510009765625,587000
2022-06-30,164.88484727011704,169.24311848001352,164.70973027302523,168.38702392578125,819200
2022-07-01,168.0562394301552,171.49032521910843,167.7643877097732,170.53695678710938,630000
2022-07-05,168.80534727602435,170.74126811695578,167.25853738009457,170.65371704101562,741700
2022-07-06,172.35616486760165,174.13644426344214,171.46116369514905,173.2803497314453,815900
2022-07-07,172.2783329053932,173.95160044746598,170.64398684710636,173.1927947998047,700200
2022-07-08,172.56045018131502,174.44774122555125,171.37359735646947,173.23170471191406,630800
2022-07-11,173.3776144019355,174.28233839718757,171.6265189418726,173.0079345703125,583600
2022-07-12,174.08780216639866,174.99254114425673,168.27028704527334,169.35012817382812,540100
2022-07-13,166.4899750922598,171.54868355013207,166.4899750922598,169.96298217773438,484500
2022-07-14,169.31116444644613,172.1421005966512,168.4259012762412,171.14981079101562,554800
2022-07-15,172.19075969109718,175.30381000480915,171.99619682977672,173.97103881835938,897400
2022-07-18,173.02742999991497,174.69097473154488,170.27432113877654,170.73155212402344,566000
2022-07-19,172.44366557148234,175.72210944069343,172.21991905477415,175.10922241210938,704200
2022-07-20,175.32328920790516,177.97910891289743,174.62285095803082,176.92845153808594,643100
2022-07-21,178.08613737282914,179.96370572610374,177.06466359258735,179.69131469726562,557500
2022-07-22,180.08038901079595,181.59799997876732,178.1930982475826,179.7593536376953,664200
2022-07-25,178.8935648317221,179.82748741520197,177.36623067394058,177.8040008544922,544300
2022-07-26,178.23205331117146,178.6211790732467,176.41285252076904,178.0374755859375,578100
2022-07-27,177.82347636387428,180.88789782644264,177.57054606823874,179.51620483398438,789900
2022-07-28,180.79057876852258,184.65271196130246,180.0415109565859,183.38803100585938,697200
2022-07-29,183.22264223522293,185.77146475356312,182.0163435652343,185.08074951171875,656000
2022-08-01,184.4192601412311,185.57691455552077,182.59033628115438,183.8842010498047,695700
2022-08-02,183.21292756898865,185.93685233576502,182.1233635999564,183.8452606201172,871200
2022-08-03,187.45447246342366,194.1280817800422,186.35517064960422,192.0170440673828,1396800
2022-08-04,191.99760215836042,195.41222785159812,191.4236364013332,193.8654327392578,781500
2022-08-05,191.6181602313715,193.21359945499665,190.38266304567432,192.98985290527344,737600
2022-08-08,193.7973246284793,195.98619047717327,192.99959750507426,193.62220764160156,489200
2022-08-09,194.5269345101286,195.13008386754143,192.61045978729587,193.35952758789062,487100
2022-08-10,196.83255718131494,197.68865172907587,195.26630138963264,196.65744018554688,693400
2022-08-11,196.99793911401196,199.2062658471221,195.06200340547426,195.44140625,456600
2022-08-12,196.71580835913147,198.24314255632302,196.06399970143855,197.3578643798828,581700
2022-08-15,197.35786228079007,201.36592882561212,197.28003416063666,200.081787109375,578300
2022-08-16,198.76847396281235,200.22771779727006,198.2431378696579,198.93385314941406,912000
2022-08-17,197.29946144894532,198.18473946586792,196.10288584838673,198.02908325195312,698500
2022-08-18,197.4940826342007,199.18681106112226,196.79364430886753,198.3890838623047,609600
2022-08-19,198.06804812944236,198.06804812944236,193.5054764131166,195.12037658691406,1636700
2022-08-22,194.63398096181427,195.70408437208573,192.39647042150375,192.84396362304688,780700
2022-08-23,192.2504898846037,192.2504898846037,189.05961149313936,189.17636108398438,878900
2022-08-24,188.93319523756003,189.83791941092227,187.7074207521042,189.39041137695312,554000
2022-08-25,190.94691087602519,190.94691087602519,186.87075422366476,190.00326538085938,783400
2022-08-26,189.41955784558226,190.1880862919921,184.4970302018432,184.7305145263672,831200
2022-08-29,183.57287526404275,185.12940799118923,182.48331126155796,184.3803253173828,608400
2022-08-30,184.25384506863827,185.22667427141712,181.7925883731434,182.7459716796875,1707600
2022-08-31,182.75566915063493,184.33164748929386,181.52017207896628,182.07469177246094,827200
2022-09-01,181.74396900328128,183.96201852274692,180.37227618766016,183.76744079589844,516700
2022-09-02,184.81808068685098,185.41150707151448,178.40714004945326,179.74964904785156,652200
2022-09-06,179.47727132268807,183.23239277221003,179.13677515197492,181.61749267578125,619600
2022-09-07,182.30822466385038,186.68595698886043,181.49105152578952,186.1898193359375,544200
2022-09-08,185.35313407591607,187.0166784297545,183.85498373807226,185.90765380859375,636400
2022-09-09,186.5497068121028,187.47390635197755,185.93683456021063,186.8220977783203,492400
2022-09-12,187.2307256490559,187.81441429772127,186.39409189285874,187.59066772460938,556200
2022-09-13,183.89390184521525,184.3608557032071,180.20688572155822,181.18943786621094,815400
2022-09-14,181.39404548860097,183.08959556072685,177.44753088191996,181.16018676757812,599300
2022-09-15,181.1991803683041,181.56947654701682,178.7143270717278,179.27951049804688,602600
2022-09-16,179.23080722293042,180.23450566716681,177.54501076185178,179.71803283691406,1903600
2022-09-19,179.26004875183176,179.59135859028223,176.96034333203366,179.54263305664062,510500
2022-09-20,178.88000139192866,179.24054355261296,175.96638715518458,177.6716766357422,409100
2022-09-21,178.92870838888572,180.40013908381331,175.59608737083593,175.70327758789062,505600
2022-09-22,174.71908024326555,175.52787641757592,170.48996615788263,170.58740234375,644000
2022-09-23,170.9479507683315,171.19156354537282,168.51182299791847,170.7238311767578,691400
2022-09-26,170.9674689557842,171.94192020645147,168.29748204508135,168.9893341064453,707800
2022-09-27,169.75914763479128,170.5386966883406,166.13418803379565,166.66038513183594,654300
2022-09-28,168.1610147274902,170.1976137310246,166.84549994148816,169.29136657714844,939300
2022-09-29,167.88817936923493,169.330377753493,166.37779200637812,169.11599731445312,683000
2022-09-30,169.53499473163487,169.8760585572053,165.60795806883053,166.1731414794922,919800
2022-10-03,167.41071137768336,170.65563550762008,166.79680239206314,169.90530395507812,890400
2022-10-04,171.84445797796704,175.5181279309868,171.84445797796704,175.09912109375,766900
2022-10-05,174.38775824155306,176.49256111007904,173.17943364361182,175.3329620361328,947300
2022-10-06,176.01513119782913,176.10282824036324,171.11364267914558,171.2013397216797,615100
2022-10-07,169.62272577095968,170.08070415080465,165.5690052522383,166.202392578125,705400
2022-10-10,166.9721990772462,167.8394599466577,164.40938797000987,165.33511352539062,464100
2022-10-11,164.81867634129895,166.76757875274575,164.08783793700638,165.1694793701172,807300
2022-10-12,166.4167586425997,166.4167586425997,163.7662504455695,163.80523681640625,550000
2022-10-13,160.68699575620312,166.03673815786365,159.45919260601087,165.40335083007812,1169300
2022-10-14,167.85894644041707,168.69697500767097,162.09995155773083,162.57742309570312,675300
2022-10-17,164.83812848198994,168.71643915171717,164.6139940548451,167.05987548828125,1195000
2022-10-18,170.60692250606178,171.91268358091895,168.4241464060583,169.4180908203125,738200
2022-10-19,166.7480329892422,168.82361816105825,164.32165976815773,165.0330047607422,676900
2022-10-20,165.1402262734577,165.1402262734577,160.31669638499636,161.45680236816406,834900
2022-10-21,161.15475046608867,163.46419514162147,159.60536169758143,162.72361755371094,852800
2022-10-24,164.64326760457433,165.6761834116582,162.6943653666217,165.1304931640625,657500
2022-10-25,165.60796858439835,169.63245655832003,165.14997535821115,169.3791046142578,785000
2022-10-26,170.01245637451802,172.19523182886957,168.86259653561115,169.08673095703125,704600
2022-10-27,169.33034319194815,172.9455478353374,168.19997653844382,171.90289306640625,753900
2022-10-28,172.41938563480116,176.92134510552646,172.30245625705064,176.49258422851562,625100
2022-10-31,177.06752450248013,182.08594196305128,175.74227034751215,178.15890502929688,1405600
2022-11-01,178.7922901104329,180.37091106022638,175.79097882995777,176.83364868164062,779400
2022-11-02,168.20972132176175,174.0564271291939,164.95505865750388,165.0037841796875,1814100
2022-11-03,162.85026318100395,164.13654577094263,160.87212863621892,161.1449737548828,1087200
2022-11-04,162.38250858163704,163.30823402670114,158.77704297673682,162.2655792236328,1061300
2022-11-07,163.41543232913816,164.331418662759,162.20712258601492,164.1852569580078,895400
2022-11-08,164.97457412222815,168.23897638424802,163.405707257246,166.24136352539062,773900
2022-11-09,165.7931352980255,168.13181235351914,164.68226146632412,165.530029296875,854500
2022-11-10,172.5070717128855,176.97005939724906,171.1525853204979,176.4828338623047,1386200
2022-11-11,176.48283048335838,176.48283048335838,172.95532243596085,173.71539306640625,880800
2022-11-14,173.57898477841482,174.21237206618898,169.35960959556672,169.53500366210938,1209700
2022-11-15,172.45833579596464,173.83231529027967,170.19761718186882,172.4778289794922,1830900
2022-11-16,172.47782570249584,173.7835864641268,169.23290211263344,170.0514373779297,1609300
2022-11-17,168.1512710741982,169.02828594194733,163.52262857939732,165.88079833984375,1960700
2022-11-18,168.0051424130696,169.6617065527639,166.33882424481763,169.10626220703125,1266600
2022-11-21,169.5544820181591,176.35614615650306,169.46678499255808,175.3524627685547,1205000
2022-11-22,175.74227222246702,177.05777236387317,173.82260225246057,174.085693359375,990900
2022-11-23,174.18313127126262,176.97006196636056,173.5010184862268,175.44992065429688,629300
2022-11-25,176.36588773255943,178.97740921460485,175.40117591222312,178.19784545898438,454800
2022-11-28,176.97983711226559,178.65589450713844,172.78970849402995,173.0040740966797,828500
2022-11-29,171.07462897281866,173.36459495501012,170.21710726562466,172.4096221923828,791000
2022-11-30,172.47781561858395,179.70823977719175,172.21470970264187,179.01638793945312,2044500
2022-12-01,180.5852657761909,182.8849558533353,180.16624411592088,181.38430786132812,875500
2022-12-02,179.0651239371102,181.7058928889779,176.2197285863889,180.70220947265625,848500
2022-12-05,179.01643881155587,179.30876228018352,177.4475717644904,178.47073364257812,861300
2022-12-06,178.47074060404324,178.9092555619805,176.61928917543779,177.38909912109375,874500
2022-12-07,176.53155339725603,180.5267937268161,176.53155339725603,178.2855682373047,869100
2022-12-08,177.8762851446149,179.13333530466304,176.3658979375736,177.52548217773438,640100
2022-12-09,177.5255209791339,178.91899399370735,176.20028155786665,177.8470916748047,928200
2022-12-12,178.8800169038936,179.44518552464584,174.31957747999732,177.25267028808594,908800
2022-12-13,184.04456879595307,184.3466462485616,178.2270947197035,179.98110961914062,707100
2022-12-14,180.15681110955504,182.81176033053225,176.76978001208101,178.59506225585938,771600
2022-12-15,177.32617688674668,177.92159207484852,171.88936614084884,172.37741088867188,1195100
2022-12-16,171.0108482326778,173.05087136493535,170.34711463505843,170.8351593017578,1877300
2022-12-19,170.63993483853443,171.60625369225258,167.594526161341,169.07818603515625,833900
2022-12-20,168.90251255847753,169.3612757933503,166.46228892359812,168.07284545898438,719600
2022-12-21,169.31245775674407,172.59211842423846,167.86783485865118,171.90884399414062,689600
2022-12-22,170.16166749822483,170.4349713396875,167.09674736701422,170.30807495117188,653400
2022-12-23,169.37104836726786,171.66484967676905,169.13678153352996,171.41107177734375,470600
2022-12-27,171.59651045782007,172.39689597879988,170.1519023922365,171.36224365234375,497900
2022-12-28,171.36225711938184,173.36324341999736,169.8298044665401,170.06405639648438,572400
2022-12-29,170.43496954772928,174.7883347948717,170.43496954772928,173.80247497558594,506900
2022-12-30,172.4066760017735,173.54869881590326,169.90788951335875,172.20169067382812,617700
2023-01-03,173.15823338428763,175.06161940720008,171.81124029744467,173.09967041015625,644400
2023-01-04,175.53992426005837,177.29688826032324,174.4271828755478,175.94012451171875,603200
2023-01-05,174.55406583656432,174.7785622239485,172.1431238733566,173.39251708984375,693300
2023-01-06,175.21780128910365,179.13192928075645,173.74391166990287,178.50723266601562,728700
2023-01-09,178.62434915461446,180.73270570278862,177.53113386027587,177.6970672607422,1095800
2023-01-10,176.6721829372081,179.49308073199478,176.05724184379602,179.1514434814453,403000
2023-01-11,180.09825646760848,182.06020576601637,179.11241149910586,182.0113983154297,687100
2023-01-12,181.72829032923053,182.33347579515123,177.40422207909,178.58529663085938,657900
2023-01-13,177.8923019179788,179.91281422465835,177.68731658054085,179.55165100097656,493000
2023-01-17,178.53650226540114,179.24904330336577,176.808819987379,177.22854614257812,829200
2023-01-18,177.59945032183583,179.26856962671744,175.5887086883823,176.3695831298828,662500
2023-01-19,175.37403717257172,176.35012688682477,173.44138370865585,174.0465545654297,792300
2023-01-20,172.66046516825338,177.62875697919412,172.1528944752669,177.26760864257812,832700
2023-01-23,177.98990899149604,182.93867453089044,177.29687896048617,180.9279327392578,832600
2023-01-24,180.74247844038283,181.07434527290792,178.24369187605288,178.96600341796875,799500
2023-01-25,176.4281787456447,176.63316409586292,172.55310220353329,175.80348205566406,941100
2023-01-26,176.73073305955478,177.3163926196142,174.70046545034114,176.66241455078125,809600
2023-01-27,175.88153543357726,176.9942766530015,174.622371881054,175.8424835205078,1005200
2023-01-30,175.82299432347432,176.4379205383522,174.25148974066593,175.12020874023438,1074300
2023-01-31,175.69610474048181,177.50187621900298,174.83714124013315,177.44329833984375,1142000
2023-02-01,176.8966727097645,181.113385945718,175.1006718399066,179.75662231445312,1138500
2023-02-02,180.57654348375394,184.33449372464156,177.83373458468017,182.54824829101562,1130200
2023-02-03,180.64489257347185,180.69368513376503,175.53017818466904,175.80348205566406,1522900
2023-02-06,173.93913113815077,174.51502031965953,171.99672273035978,172.69949340820312,1662100
2023-02-07,170.53255844282583,174.31001905260123,168.91224672257277,173.6169891357422,1432100
2023-02-08,173.06063051331523,174.99328309720465,172.33831909184897,173.46083068847656,1179700
2023-02-09,174.14412327525173,175.69610193445976,171.36226237037886,172.00648498535156,851200
2023-02-10,171.1670552834722,173.15827130976132,170.75709948082277,172.5531005859375,703500
2023-02-13,172.78734389721168,175.32516731476122,172.78734389721168,174.788330078125,889300
2023-02-14,173.83173999789886,174.6907033486292,168.1704190746996,172.5921173095703,753700
2023-02-15,171.99672031394672,174.54431425239326,170.81564558258398,173.1777801513672,815900
2023-02-16,170.81565465850255,173.0411374248236,170.5423508025644,172.00648498535156,679300
2023-02-17,172.20171474676516,173.08995980213018,170.8156693881461,172.89474487304688,1829500
2023-02-21,171.96744060206777,172.14314445655188,169.79076519191403,170.51307678222656,789900
2023-02-22,170.87418328556512,172.24071718443366,169.86881254038062,170.32757568359375,786300
2023-02-23,169.92740273130875,171.26465535812136,167.67263856504593,169.741943359375,1137600
2023-02-24,167.116279132664,168.16068708584473,165.68142646815278,167.5750274658203,859100
2023-02-27,169.29293580284727,169.29293580284727,167.13577182989945,167.8776092529297,1232600
2023-02-28,166.28660962484807,168.4144776089049,165.75952784244905,167.0186767578125,1528100
2023-03-01,174.46621144423182,180.02014719677058,172.2992919495781,172.4945068359375,2572900
2023-03-02,172.07478558126775,177.34567702671913,170.8058813368261,177.24806213378906,1958200
2023-03-03,177.59944236357097,182.68487408993965,177.49207194650168,182.4506072998047,1557400
2023-03-06,182.16756719763774,184.83228705582994,182.02114485311338,183.21197509765625,1329500
2023-03-07,184.77372602566751,184.92013347779496,178.4486708967438,179.74685668945312,1108300
2023-03-08,179.7566156495168,181.3964385845146,178.9854967336532,180.4496307373047,1012600
2023-03-09,180.84984774755432,182.8508340506363,178.51699461401378,178.79029846191406,985500
2023-03-10,177.92156374664356,179.36617179988878,175.3739699728708,175.83273315429688,913200
2023-03-13,175.72536210652814,179.96158625354815,175.68632508639166,176.6331329345703,1713300
2023-03-14,177.2687949667374,180.4372682442487,175.17603221453746,176.90695190429688,1541200
2023-03-15,175.67474944369062,177.75773806188968,173.9633777415586,175.99746704101562,1665400
2023-03-16,175.25427728209084,177.90445068819233,174.57950536835165,176.87762451171875,1832300
2023-03-17,178.23693835724828,179.8505265771598,175.8312467158954,176.0952911376953,1780400
2023-03-20,176.66246009582648,181.55209380921195,176.43754112316455,181.40541076660156,1238300
2023-03-21,181.87481088549282,182.7842905129135,180.67196517372142,181.99217224121094,1015200
2023-03-22,182.1192888463094,183.03854235041817,178.86279107880767,178.90191650390625,881500
2023-03-23,178.87257715193175,180.05586010840395,177.01450745967017,177.806640625,1033600
2023-03-24,178.0413321880541,182.95052838844964,177.20031463118934,182.5691375732422,1002800
2023-03-27,182.91144056205778,184.50546618192786,180.9555867647125,181.15118408203125,828700
2023-03-28,180.46659516083537,183.79155505078444,179.9776317877821,183.5470733642578,877000
2023-03-29,184.7499535390067,186.60802365631923,184.7499535390067,186.05059814453125,1180300
2023-03-30,186.78399880780725,187.66412686481235,185.8647453266818,186.74488830566406,1072200
2023-03-31,187.68368847264725,189.72755167258504,186.68619907112688,187.62501525878906,1394400
2023-04-03,186.0407932631974,187.84017493066088,185.05307767985653,187.35121154785156,783400
2023-04-04,186.89158273134188,188.46604540365655,185.77674682760207,186.383056640625,677600
2023-04-05,186.29503998518274,189.07234828610194,186.29503998518274,187.23385620117188,806500
2023-04-06,186.99917185027815,187.0480711767555,185.3660358153933,186.21682739257812,859000
2023-04-10,184.63258373203155,186.27549360155814,182.83320199246086,186.0603485107422,522300
2023-04-11,186.3048217749764,187.752164124372,186.25593737453286,187.2240753173828,608300
2023-04-12,188.15308057134072,189.5319607223738,187.0675813982686,187.92816162109375,526900
2023-04-13,188.6322806771502,190.4316622249348,187.52721873046704,190.31431579589844,651100
2023-04-14,189.5319693190654,190.50989600864068,187.1947251278596,187.62501525878906,1033500
2023-04-17,188.15308057134072,189.01366079416587,186.08965475304962,187.92816162109375,842600
2023-04-18,188.81809680263132,189.4537432150179,187.66413548968018,188.87677001953125,928100
2023-04-19,188.00643257802778,189.07236923867762,187.70327764903374,188.56385803222656,599800
2023-04-20,187.76193653611054,191.62474422524429,187.7521626404947,190.2654266357422,809300
2023-04-21,190.76419236264837,193.17965788517986,190.54904726801334,192.4462127685547,941600
2023-04-24,191.6833988443926,193.09161561929457,190.94017995629503,191.47804260253906,664700
2023-04-25,190.95001593781507,191.46831604127132,188.05536044552898,188.45631408691406,671600
2023-04-26,186.52976635712548,188.2215755715708,185.49315139713977,186.021240234375,661200
2023-04-27,186.64713694722167,188.52475488723815,184.96510141141883,187.85977172851562,939600
2023-04-28,188.7398942064632,190.28502051962008,188.32916669364636,189.8253936767578,867800
2023-05-01,189.04300740197465,189.7471158175446,187.8988349571678,188.31935119628906,845700
2023-05-02,187.24363673880862,187.24363673880862,183.71332056080644,184.80859375,1120900
2023-05-03,195.58535712837624,202.06901649221507,194.02066830255782,199.4677276611328,2300600
2023-05-04,204.31822665926646,206.20563302720547,201.15952746670055,201.21820068359375,1318700
2023-05-05,201.82456381716855,207.25204632034303,201.82456381716855,206.22523498535156,1233800
2023-05-08,206.89019638341443,207.57474217543972,204.73876035620103,205.4819793701172,796800
2023-05-09,205.73622909800525,207.91700151572675,204.40624815565965,206.73370361328125,700500
2023-05-10,209.5208320675186,211.642931586503,209.10033067562767,209.73597717285156,1118400
2023-05-11,209.7750430472664,211.8189211130448,209.10028618445284,210.5769500732422,1218000
2023-05-12,211.09526652427405,211.7602495443923,209.5599143811539,210.26402282714844,976300
2023-05-15,210.24447631835938,210.46939529159715,208.20059808022802,210.24447631835938,911200
2023-05-16,210.24446673092277,213.77478271691777,208.93403361143464,213.29559326171875,962000
2023-05-17,214.8114293435602,215.62311047218702,213.16850436988727,214.28334045410156,1087000
2023-05-18,212.50348144600977,216.12180736316955,212.50348144600977,215.75997924804688,790900
2023-05-19,216.1218135976615,218.00920507874767,215.7599854721011,217.2170867919922,1137900
2023-05-22,216.99216310220652,217.83318069300702,213.1195666575495,213.43251037597656,1048900
2023-05-23,212.57194505441217,212.70885421037895,210.54764432533332,210.9974822998047,905400
2023-05-24,211.17350081240886,212.82619937635423,209.93152968510435,211.8776092529297,890300
2023-05-25,210.65523245404782,214.45936741408372,210.4205246313228,213.85304260253906,1231800
2023-05-26,214.31265434443995,216.03381507931724,211.2615274736722,212.27857971191406,1076400
2023-05-30,213.03157462794033,215.10478963075983,212.73819359790198,213.8139190673828,897000
2023-05-31,214.2050670182398,214.91896428377797,211.39842204352007,214.27352905273438,1738100
2023-06-01,215.56441625819576,216.71837774278296,214.07797813571676,215.1145782470703,780800
2023-06-02,215.46662049818767,217.68651858305512,214.98743097901104,216.48365783691406,1228500
2023-06-05,216.14139251388283,219.39789065398182,215.85778537639013,218.20481872558594,1153400
2023-06-06,218.8795702697605,219.5152166824352,215.86755411771574,216.43475341796875,778000
2023-06-07,216.43475556363802,217.28554706146315,213.0315597283816,213.66722106933594,941600
2023-06-08,213.00224063084673,215.26124922249733,212.00475108526805,215.05589294433594,986000
2023-06-09,214.39088537251794,215.86756437120673,213.0022311253779,214.5180206298828,614600
2023-06-12,214.51804828519212,214.90921308169592,212.3274866276217,214.28334045410156,1094400
2023-06-13,214.2539849680979,214.66471244484248,211.46690246404998,212.34703063964844,1766000
2023-06-14,212.34705091766182,215.9710519753371,211.99444452070313,215.7555694580078,1423600
2023-06-15,215.62821484112177,221.01524738486927,215.13848460987202,219.9574432373047,1417900
2023-06-16,221.14257730044645,221.82819662046444,218.6841369724604,219.90846252441406,4248200
2023-06-20,220.48632254901162,223.15045592760697,219.76151650125087,221.3286590576172,1321900
2023-06-21,221.3286379220216,223.2581758453192,220.63321455588093,222.55296325683594,1237700
2023-06-22,222.22976088631276,223.73812326748623,221.4951656149782,223.32675170898438,1283900
2023-06-23,222.3864679674522,222.59214626461358,218.9779502489441,219.74192810058594,1812400
2023-06-26,219.8790638069925,220.78995477716697,218.2335626140546,218.41966247558594,1284200
2023-06-27,219.17386825235462,220.69203493318943,217.92994930085226,220.01620483398438,1425400
2023-06-28,220.3785806310809,221.32865837432075,217.57732340835508,218.58616638183594,1270900
2023-06-29,218.09644558915653,219.71256421723353,217.56754354884563,218.6841278076172,1151500
2023-06-30,219.63422348806364,223.40513737008033,219.63422348806364,221.387451171875,1072500
2023-07-03,219.63422881564273,219.6440180403463,216.14733686699125,217.92996215820312,813500
2023-07-05,217.5675451926613,221.48538682432093,216.75459126064635,221.4070281982422,1267700
2023-07-06,220.10436260947856,222.53342044108703,219.25223676530928,222.34732055664062,1205400
2023-07-07,221.9359337498604,222.76848108789693,220.10434754063598,220.34921264648438,958100
2023-07-10,221.21115196647483,224.2572746100004,221.16217595415577,222.31793212890625,871300
2023-07-11,222.14162259223582,222.69990725085796,221.2013340285305,222.29833984375,700500
2023-07-12,223.07211076462426,223.78711268686925,221.64209197475435,221.85757446289062,962300
2023-07-13,222.00452024354948,222.46486787361317,221.18177701145396,221.9457550048828,908600
2023-07-14,221.24052554081788,224.85473689966375,220.86832579686475,224.0907440185547,785300
2023-07-17,224.26704535316034,226.00069441780207,224.0319694806291,225.2465057373047,622400
2023-07-18,225.21714410108632,226.64714802573388,224.12015315117796,224.27685546875,980400
2023-07-19,223.6891657724698,225.66766497413886,222.97414893629684,223.5226593017578,863700
2023-07-20,222.6117551256201,226.8430311629529,222.6117551256201,226.11822509765625,1137500
2023-07-21,226.9997300470833,230.35928688890849,226.9997300470833,229.3014678955078,3315200
2023-07-24,229.04681827862794,229.8107961875277,226.59816730256983,229.35044860839844,1031900
2023-07-25,228.0184146258932,233.28790212027627,227.95964938528908,232.0537872314453,1058700
2023-07-26,231.2996005934598,232.59249568032595,230.71193323656024,232.14193725585938,884500
2023-07-27,233.01364564720916,233.9147624540219,225.91255706257752,226.7059326171875,1336300
2023-07-28,227.66577297915651,229.1937287797609,225.83418685219863,227.3915252685547,863400
2023-07-31,227.5482364157905,227.5482364157905,223.4247017530949,224.23765563964844,1511800
2023-08-01,224.2866301604446,225.06039725833392,222.73908101928714,224.51190185546875,1097500
2023-08-02,221.730259955932,231.14287541467343,221.07402325230996,227.6461944580078,1817800
2023-08-03,228.0967669018354,232.3574111260315,225.0408399671956,225.66769409179688,1460900
2023-08-04,226.26514276692842,227.56782689895613,224.24745672399425,225.0408172607422,806500
2023-08-07,226.40229287966957,229.17416794055052,225.2171540216639,228.73341369628906,820900
2023-08-08,228.75299060919977,229.23291666365478,226.73530447767126,227.75393676757812,802100
2023-08-09,227.36214651325497,231.77950751901923,226.7450816812338,230.20257568359375,963600
2023-08-10,230.59436303014678,231.66198626274812,228.07715748388313,228.30242919921875,753400
2023-08-11,228.09674800539088,230.52580566881534,227.66578302817138,229.8499755859375,556200
2023-08-14,230.2907119887051,232.36717808706373,229.44837549252634,232.26922607421875,666000
2023-08-15,231.0840760750728,231.97538859154653,229.47776167891465,229.95770263671875,720100
2023-08-16,229.98710582476022,232.44556111878546,229.50717976940484,230.49642944335938,611800
2023-08-17,230.75107935191937,231.3387615886702,225.92234660088187,225.94192504882812,1188100
2023-08-18,225.74600540743901,228.06733647767803,225.57949895014391,226.19656372070312,621700
2023-08-21,225.8929693515066,228.43955756538816,225.0506327630166,227.60702514648438,800500
2023-08-22,227.44051116818835,228.5668846753344,226.3337161088087,226.98016357421875,853400
2023-08-23,227.22504907616565,231.06453248159764,226.35332982015407,230.5160369873047,818400
2023-08-24,231.29957282672854,233.08219796970374,229.4777758428152,229.8499755859375,743100
2023-08-25,230.829438005907,232.7883588681241,229.76182972288993,232.31822204589844,907400
2023-08-28,233.12136512555432,234.72767958857548,232.54348707470552,233.0528106689453,590800
2023-08-29,233.2290956641974,234.45342111169614,231.76970929582146,234.2281494140625,662200
2023-08-30,235.06070572573827,237.25468744688933,235.06070572573827,236.70619201660156,786000
2023-08-31,236.4025670074389,237.90114025084864,236.2164671368202,237.24490356445312,965000
2023-09-01,238.69454006472478,238.69454006472478,235.58965182337153,237.85220336914062,772100
2023-09-05,237.17636191130777,237.76404420882312,233.74825004835873,235.66799926757812,745100
2023-09-06,236.31442826836133,238.70431417089225,235.60921554481516,238.46923828125,597200
2023-09-07,239.15484055667682,241.18233072863543,238.23414540295917,240.12451171875,757200
2023-09-08,240.02659116126074,240.97666905543832,238.26355924704555,239.36056518554688,550000
2023-09-11,239.58579142703422,240.78073422281025,237.93050108147344,239.97756958007812,688000
2023-09-12,239.6054066489837,242.06384691588897,239.22341768408,239.49766540527344,742600
2023-09-13,238.49864059076543,240.55551369516292,237.8424038248855,240.51632690429688,718600
2023-09-14,242.32099367046288,244.47879117648608,240.4476269178918,243.72357177734375,734800
2023-09-15,242.77220539309897,243.0468333826915,239.81993205582492,240.9380645751953,1380000
2023-09-18,240.27112340864886,242.37987732241737,239.30010764819679,241.4971466064453,501300
2023-09-19,240.4770737431745,241.8011847106553,239.21182445748838,241.5854034423828,629300
2023-09-20,242.6937507213782,243.7236132188955,241.08520885616866,241.60504150390625,616000
2023-09-21,240.43784621534496,240.86940874942596,236.279170392322,236.30859375,1109200
2023-09-22,236.30858198653542,239.79049047742913,235.92606338966044,237.30902099609375,545000
2023-09-25,236.29876779327452,238.41733913506692,235.896628656285,238.03482055664062,620500
2023-09-26,237.98579094510086,238.72140479136615,236.26935863714854,236.77938842773438,602600
2023-09-27,237.69153310564042,238.99602340453404,233.2778502008836,235.0335235595703,728600
2023-09-28,235.20024464464055,237.68171388679409,235.20024464464055,235.92604064941406,555200
2023-09-29,236.3674759199722,236.74017680490059,230.7179512984468,231.70858764648438,1239100
2023-10-02,230.79642281695786,232.55209649536536,228.83478561317105,231.8164825439453,694300
2023-10-03,231.29664493052246,233.2582820923136,229.15845264179615,230.24716186523438,980600
2023-10-04,231.26718608191956,235.80838049763935,230.7473534774625,235.32777404785156,894600
2023-10-05,234.36658852728442,235.83781634599444,232.9444046290854,234.052734375,969000
2023-10-06,233.0915135204807,236.95594085449443,230.94353354952793,235.3670196533203,1091500
2023-10-09,235.55339298974826,239.91803266316882,235.4356845835849,239.38839721679688,769000
2023-10-10,239.64336919942556,241.95810129674865,237.44633052474722,239.7610626220703,952300
2023-10-11,240.63401337907138,240.93806472730483,238.7704641676452,240.80075073242188,762900
2023-10-12,241.30099039165796,242.5564369723449,240.1534344530349,241.26174926757812,781700
2023-10-13,242.11504836963692,244.22380212038,242.0561866891663,242.8506622314453,1179300
2023-10-16,243.26260469154707,243.4293420379629,237.49538721411875,237.86810302734375,1217600
2023-10-17,237.06380963564558,238.36829993301092,234.2292449943334,235.3081512451172,1152500
2023-10-18,236.230129009584,236.7989905388266,233.00322793707377,233.5623016357422,1038700
2023-10-19,233.640783285119,234.9354559328033,229.43306350641396,229.95289611816406,901400
2023-10-20,229.80577932846222,231.55163507473668,227.95203294770553,229.95289611816406,1155600
2023-10-23,230.6002190629755,231.45352629825405,226.16691561910153,226.44154357910156,1242500
2023-10-24,226.93197325222036,228.9622747461266,223.53834959786963,225.72557067871094,1224000
2023-10-25,225.166485493681,227.6381370665706,223.1754103885907,223.7541046142578,1111400
2023-10-26,223.51871498140798,227.28505422085428,221.50803417459727,222.34173583984375,909000
2023-10-27,222.0278804981575,222.0278804981575,218.035956959599,219.5562286376953,1106600
2023-10-30,219.55620626189935,220.77241150754622,217.63379560024617,220.18392944335938,920100
2023-10-31,221.44917598982906,223.53832395999194,219.66409429359163,222.99887084960938,1240800
2023-11-01,217.30033801375134,223.9600889316652,211.18984305202392,217.98690795898438,1948400
2023-11-02,218.62444793117834,225.9413608698997,218.62444793117834,225.46075439453125,1371200
2023-11-03,225.94132744241554,229.22707507205197,223.77371219122264,226.1963348388672,967200
2023-11-06,226.12772876062928,227.24586135380835,224.72515039552957,226.3827362060547,701300
2023-11-07,227.23601083968902,229.884232622063,225.89229435513613,228.71705627441406,717300
2023-11-08,230.34521791008456,231.8752922904748,229.04072758164887,231.4829559326172,793700
2023-11-09,231.48296961733467,232.3460946895455,229.54095317096295,230.98275756835938,599100
2023-11-10,232.29704608818378,233.3955729668799,231.61047614281264,233.3661346435547,777900
2023-11-13,233.1013412844014,234.78835039564729,233.0326768018479,233.93502807617188,586700
2023-11-14,236.53419571441697,237.19134232088186,233.22882715526026,233.49365234375,1157000
2023-11-15,235.43563158415625,236.1810631130047,233.1012940738741,233.22879028320312,920300
2023-11-16,234.63137309505038,235.85739606500357,232.5128018111071,232.993408203125,721100
2023-11-17,234.68045461694675,234.68045461694675,232.03224757066644,232.57168579101562,729200
2023-11-20,232.20879210244152,235.85743831185687,231.68895946735685,234.6902618408203,1065600
2023-11-21,235.2983508381145,237.07364488464037,234.19003611630743,235.19046020507812,1091900
2023-11-22,236.06338356676076,238.28984569728772,235.28854355598034,235.4258575439453,706900
2023-11-24,235.69066777868724,237.05400477493208,234.9158128509351,234.9452362060547,300600
2023-11-27,235.7299297164635,237.95639204381987,235.4847250758415,236.3772735595703,721000
2023-11-28,235.89666600220613,238.18197503833107,235.40625672319484,235.46511840820312,740800
2023-11-29,235.71030270381482,236.47533991575463,232.84629959140685,233.68980407714844,721500
2023-11-30,233.63097155949455,237.40712889785834,233.3072996476831,236.79901123046875,1265800
2023-12-01,235.99476601856765,238.86855735809254,235.17088197919233,238.0740966796875,702400
2023-12-04,236.46554328268184,238.82931960658723,233.44462031883037,234.7098846435547,939200
2023-12-05,234.12137304127228,235.8083820591693,231.63990343266494,234.02330017089844,796300
2023-12-06,234.02329270724678,234.2292562047349,228.6091705674555,230.3550262451172,1218200
2023-12-07,230.8062345112908,230.86508123128013,228.55034879304287,229.26634216308594,773700
2023-12-08,227.90299925468886,228.71708044847165,225.7648070297683,228.45225524902344,936000
2023-12-11,230.4433063827146,236.181100663896,228.45224600080238,235.50433349609375,944300
2023-12-12,237.45615155032158,238.8194885903962,235.60240528768628,238.61351013183594,696500
2023-12-13,239.46683956452893,243.32146419316638,238.41737151344142,242.48776245117188,1037200
2023-12-14,243.39136166195027,244.11817230878844,231.1633573853944,231.2321014404297,1755200
2023-12-15,231.31068487993463,233.04912872543125,228.9043731085877,230.80978393554688,2638000
2023-12-18,231.38925614843578,234.58130629560694,231.38925614843578,233.09823608398438,829000
2023-12-19,233.14735148140048,233.85451457103466,229.94546999591398,230.2794189453125,1107400
2023-12-20,229.60170638029882,233.00000354258697,229.14008564067439,229.3070526123047,1059000
2023-12-21,229.05171777768945,231.21248732270652,228.67848863371492,230.81961059570312,646300
2023-12-22,231.65443885605688,232.8232226561414,230.78030882698152,231.98837280273438,918800
2023-12-26,231.73301273429877,233.8643181853212,230.83923512966297,232.80357360839844,516500
2023-12-27,232.40088105922186,233.4419780570297,232.10624227622966,232.9901885986328,534400
2023-12-28,234.03126626051542,234.43395921295155,232.48926847230916,233.3732147216797,374300
2023-12-29,233.21608988259814,234.93488610302305,232.99019514705068,234.6009521484375,520700
2024-01-02,233.57949761109887,235.0036400224911,232.45981028181416,233.73663330078125,743700
2024-01-03,233.91342003585828,234.93486940868746,232.33212702596458,232.4794464111328,679500
2024-01-04,233.28484299786422,234.86613607994707,233.03930068689925,233.70716857910156,707800
2024-01-05,233.70714737446735,234.61074119842823,228.68826239424683,229.53292846679688,832800
2024-01-08,228.79631893365638,230.0436780509593,225.4373019683615,228.56060791015625,1139900
2024-01-09,227.75521884248576,231.00619654876826,227.17574260200004,230.53475952148438,648700
2024-01-10,231.10441796308626,231.9589003794937,228.69810639746208,229.78831481933594,730600
2024-01-11,230.00438038859957,230.96691701313733,227.3034150377963,230.0338592529297,997900
2024-01-12,231.43834653800863,232.65624172464624,229.4838244613986,232.54820251464844,619100
2024-01-16,230.4169095503572,232.88214894595345,229.8472495931183,232.80357360839844,1368200
2024-01-17,231.8410415840203,233.64822930684278,228.57041636475634,232.44998168945312,681700
2024-01-18,232.07675773197343,233.62858689351447,230.45618451832092,233.31430053710938,667300
2024-01-19,233.58932463211767,236.73226337075383,233.1669840432542,235.83848571777344,803200
2024-01-22,236.92867883162407,239.82607505880705,235.7795426325059,239.11892700195312,639400
2024-01-23,238.67695467023353,239.56091602660462,237.53764967942794,239.49215698242188,673100
2024-01-24,240.63146970489444,240.88682831834396,238.8537457347447,240.28770446777344,546200
2024-01-25,240.21895723438064,240.93593659140967,236.85994019399718,239.13856506347656,508100
2024-01-26,240.0323110674463,240.5135793323248,238.37244285379816,239.7965850830078,713700
2024-01-29,238.88318732658496,240.57251950216678,238.50014194879097,240.20912170410156,644700
2024-01-30,239.78678419524005,242.5368609102248,239.78678419524005,241.70201110839844,751900
2024-01-31,242.64490586178488,243.29314113595086,236.840282245023,237.22332763671875,1187300
2024-02-01,238.15639978805723,242.30115529586064,236.07420573669742,242.2225799560547,935200
2024-02-02,242.1734763142498,244.21637514188453,240.3859211066779,243.3618927001953,549500
2024-02-05,242.88062608497387,243.08688822064826,238.2055058723915,242.20294189453125,557700
2024-02-06,243.08692157755013,244.31463330268926,242.36994212634917,244.0396270751953,518300
2024-02-07,245.10032808210718,247.48699205641125,243.67618573233327,246.19053649902344,803400
2024-02-08,245.55211762664567,247.3396727739488,243.94136072939062,244.81549072265625,640900
2024-02-09,245.5914213395627,246.98609986127687,243.71547449526642,246.1414337158203,722400
2024-02-12,244.80570492109368,245.94502493799934,242.51724858922293,242.7235107421875,575100
2024-02-13,242.802057959701,243.4109980765642,239.29570667249442,240.5626983642578,738000
2024-02-14,240.17966757670334,241.92794267152232,239.0992903677504,241.7511444091797,988500
2024-02-15,242.78240918439465,243.77439469032447,240.64127251556218,242.2520294189453,666800
2024-02-16,242.96902857682377,242.96902857682377,239.80644246166446,240.33680725097656,1399200
2024-02-20,240.72967190941316,244.76638783694995,240.6707291698001,244.078857421875,1231700
2024-02-21,240.1403770725634,240.37610308331148,230.71154645662412,233.43215942382812,1876300
2024-02-22,234.03125931464618,237.06615833235182,234.03125931464618,235.73040771484375,1009200
2024-02-23,236.44742427038162,241.10289679846775,236.44742427038162,240.46449279785156,688100
2024-02-26,240.50377419012952,240.91628346769923,238.7064027035459,238.77516174316406,679200
2024-02-27,237.96977534435695,238.6180106307938,237.02690127927886,238.5885467529297,532500
2024-02-28,238.28410620176453,240.05201402613085,236.98763546832424,237.6849822998047,658400
2024-02-29,238.4019025947842,238.50994179577293,235.70093755677726,237.58670043945312,1238100
2024-03-01,235.94650802647482,237.7242319205842,234.80720311875191,237.3411865234375,738600
2024-03-04,237.73403363397458,239.14835953573908,234.90538183044555,235.65182495117188,715600
2024-03-05,236.27062493191684,236.85010117433328,232.0767581703803,233.50091552734375,906000
2024-03-06,233.30447325066868,233.88396448863182,230.97673696183227,231.36961364746094,984200
2024-03-07,233.4223755120585,234.22774660043802,230.68211458375978,231.92947387695312,1300800
2024-03-08,232.4892829941555,233.6973469402104,231.39907455892168,232.31248474121094,765900
2024-03-11,232.49910121436417,233.45180656594977,229.53294594489006,233.24554443359375,727200
2024-03-12,231.90982609049337,234.45365614038067,231.90982609049337,233.8348846435547,610200
2024-03-13,232.82322434828097,233.59913146375473,231.34997046924107,232.04730224609375,778300
2024-03-14,233.8083065410566,234.89047010519522,228.426956282355,229.07626342773438,992600
2024-03-15,228.22036438775032,231.38817999880402,228.22036438775032,230.71920776367188,1611200
2024-03-18,231.79154128183694,234.25102454529537,231.50624782833336,231.9095916748047,1011300
2024-03-19,231.73250451506783,234.02474460354006,231.7128244467243,233.5918731689453,741800
2024-03-20,233.51314309909293,234.38871840368793,231.6832872363841,232.56869506835938,719100
2024-03-21,232.76550497171417,234.22151487868726,231.5357633245929,232.08668518066406,1261000
2024-03-22,232.9130490388217,233.5033309860729,229.89279659339275,231.05368041992188,1020500
2024-03-25,230.8470821416122,231.05368533098954,228.05311288975645,228.2400360107422,1063400
2024-03-26,227.81701102051113,228.65322627946426,227.31526685364548,227.4628448486328,1179900
2024-03-27,229.44026336666178,230.217453430462,226.85288231096467,230.1387481689453,1533800
2024-03-28,230.1387607228157,232.43100092573832,228.88935403325488,231.9095916748047,1218600
2024-04-01,231.6144158578177,231.6144158578177,227.16768159432445,229.0073699951172,847200
2024-04-02,228.63355318827496,228.99756691115712,227.3251213307198,228.23020935058594,847000
2024-04-03,228.240028201778,230.1289093924135,226.60692784550687,227.2660675048828,559300
2024-04-04,228.8696561933287,229.2336548843796,222.789821243646,222.84884643554688,891200
2024-04-05,222.986564618143,225.11156147861422,222.35693758668774,223.96051025390625,579900
2024-04-08,223.58671131576338,224.4524392267442,221.36332881240486,222.7111358642578,1035500
2024-04-09,224.00969155780632,225.74117706514255,222.73075749302163,225.64279174804688,690100
2024-04-10,224.15730427090284,226.04618556222184,221.84538406430468,222.25857543945312,608100
2024-04-11,220.85174239688405,220.9009200480292,218.51030976104119,219.74005126953125,1382800
2024-04-12,219.31701898038378,220.22212196796642,217.4674979038074,218.9235076904297,1039700
2024-04-15,221.3830100880299,222.73080213573076,218.47099026083015,218.57919311523438,1070500
2024-04-16,220.08439602473277,220.83207349556238,216.9756057313204,218.50048828125,1462500
2024-04-17,219.62198612609032,219.68101131269148,217.3297463069629,218.6480255126953,841400
2024-04-18,219.56296278216107,221.42234637178,218.94318326378124,219.71054077148438,676800
2024-04-19,220.74353709944756,220.98948541513496,218.51032218978753,218.91368103027344,714300
2024-04-22,220.8910904831601,221.32396190179406,219.07106702158356,219.55313110351562,733100
2024-04-23,220.70414957392612,220.97961045239285,218.46110241413032,218.6480255126953,1068500
2024-04-24,217.1723358016985,218.97267905049364,216.1000048811322,218.6480255126953,1008800
2024-04-25,218.98253512449315,220.49758513046223,216.18856590733432,219.17929077148438,1052600
2024-04-26,217.08381373495587,219.98600070768663,217.08381373495587,217.5560302734375,815700
2024-04-29,218.195506912159,219.13995507443965,217.24124123262283,218.25454711914062,911700
2024-04-30,217.66427043969549,218.86449948213564,213.81763498419457,214.42759704589844,1455600
2024-05-01,221.3534584054621,232.4604764466174,219.00219338108155,229.03688049316406,1824400
2024-05-02,230.20762763227336,231.4275367042062,226.1740691777085,229.9715118408203,1544700
2024-05-03,230.47328296611317,233.7198041735498,229.9912187981815,233.4836883544922,1127600
2024-05-06,234.68387813220752,238.08779430321613,233.24753341065633,237.9402313232422,892900
2024-05-07,239.13063271270184,243.085470773225,238.61905601899224,242.99693298339844,1094500
2024-05-08,243.09531897291447,243.93153423159117,239.7799255004155,240.6063232421875,780300
2024-05-09,241.27530246168035,241.52125078223253,239.3372284948097,241.00967407226562,523000
2024-05-10,241.7278369608238,245.3481887789904,241.019504646575,244.2856903076172,697900
2024-05-13,244.84646899520064,244.84646899520064,241.87540917538647,242.34762573242188,399200
2024-05-14,243.73477246279444,243.93152810627805,241.45236496620322,242.9280548095703,499600
2024-05-15,244.2659918741131,245.78104171458912,243.38058405362128,243.8232879638672,477700
2024-05-16,244.16766919776586,247.78802144995817,244.00042613289233,247.4043426513672,605700
2024-05-17,246.93210621019747,247.64043855243708,245.65317198051525,247.54205322265625,778900
2024-05-20,246.98130021335174,249.06693711486164,245.83026390384896,248.3192596435547,580300
2024-05-21,249.10628899069923,249.10628899069923,245.11207588941457,247.4239959716797,607300
2024-05-22,247.32560991320014,249.9621835531452,246.4500345464091,249.52931213378906,707000
2024-05-23,250.0212128090559,250.0212128090559,244.55132480971085,245.21046447753906,894600
2024-05-24,245.96797061568662,248.1027999762748,243.5380003041409,247.502685546875,689800
2024-05-28,245.69250386642491,247.2862439474632,244.50210756352521,244.8365936279297,770400
2024-05-29,244.23652284683772,244.8071247706112,242.3082963569084,242.91824340820312,636300
2024-05-30,242.6034101030112,245.58430231011363,241.03916749996802,245.32850646972656,888300
2024-05-31,245.3285194508428,249.04725675769123,242.53455020649523,248.68325805664062,2984800
2024-06-03,248.44713107462093,250.39505244203812,247.51253052581598,249.6375274658203,639800
2024-06-04,250.8672927309906,254.2810566996613,250.3360509514414,254.0646209716797,885400
2024-06-05,254.88111426770283,257.20288169703775,253.8678085313744,257.04547119140625,674700
2024-06-06,257.04550909054683,257.52755819431576,254.75328393959657,255.7862548828125,530200
2024-06-07,256.40605687406475,259.85918102221507,254.92051935884535,259.721435546875,898300
2024-06-10,258.9540125445903,260.64613782236967,256.8093508619925,259.2098083496094,667700
2024-06-11,258.4818105440692,260.4690919826736,257.03563336833594,260.38055419921875,397300
2024-06-12,260.5674935709393,260.8528020503011,255.55017147928086,259.28857421875,589400
2024-06-13,257.655443100962,258.914697245041,256.4650616890794,257.98992919921875,496000
2024-06-14,257.8618795858226,260.6107594731009,256.47266136467556,260.4728088378906,472000
2024-06-17,258.44314020626103,264.1674893641625,257.1721483937281,263.74383544921875,487100
2024-06-18,263.7438409151955,266.3941885916017,261.4186153024676,264.83746337890625,655700
2024-06-20,265.01483392338747,265.17247888661564,262.6896083004,264.137939453125,648800
2024-06-21,265.5764147249757,266.7193181848247,263.4384206333699,266.3350830078125,1547600
2024-06-24,267.59622527881703,269.34012206894835,266.33509555126176,267.7637023925781,726300
2024-06-25,267.3104774111398,269.66525962500003,266.58139575321957,268.2563171386719,763800
2024-06-26,265.9311169015576,266.4138839295679,263.0344545980913,265.8818359375,565700
2024-06-27,266.7882634665456,267.47795636100295,265.2611250015753,266.85723876953125,646500
2024-06-28,266.85730076795943,268.02976092031247,264.7586951159711,265.5764465332031,1101800
2024-07-01,265.5763978359336,266.89667059199155,262.48270200027986,264.1576232910156,810300
2024-07-02,265.18232972981025,268.6307346159397,264.7389814279306,268.3450012207031,835700
2024-07-03,268.2070627501016,269.7342013563263,266.50255476726505,269.2514343261719,340200
2024-07-05,268.6208898560685,271.0248929157356,268.3154320610745,270.4042053222656,592300
2024-07-08,269.86230085834285,271.8525422991219,269.1036626272531,269.1726379394531,572000
2024-07-09,269.50762353975296,271.87223797035165,269.4682047800602,271.32049560546875,487500
2024-07-10,271.320517315266,273.61615661701467,269.16279858192183,273.428955078125,836900
2024-07-11,274.81817952994237,275.4684538269586,270.41407229792395,271.0347900390625,826500
2024-07-12,272.8673312034468,275.62604274991344,272.40425854375053,273.2909851074219,531200
2024-07-15,273.29098400609183,276.0891142970035,272.5815967444733,273.4092102050781,939300
2024-07-16,273.2121560451559,277.4290610067074,273.15304294359646,276.9955749511719,692800
2024-07-17,277.3305762467858,277.92170729868184,274.60139093048383,275.0447692871094,859200
2024-07-18,275.6654617682472,278.04977030688605,271.9214617313892,276.77880859375,659000
2024-07-19,277.7345509854109,277.7345509854109,271.44859653745874,272.7491149902344,1382900
2024-07-22,274.3648870868294,276.3452659426188,273.24167816333755,274.5028076171875,467100
2024-07-23,274.50290873720206,275.5670049585701,273.4092860256,274.0201416015625,397800
2024-07-24,274.8575749707216,274.8575749707216,272.17767055028753,272.4732360839844,618400
2024-07-25,274.3156338742709,277.635949592036,271.7835127830995,271.832763671875,681400
2024-07-26,271.83279492719953,276.4733537153142,267.694727560241,275.8428039550781,869900
2024-07-29,276.2270821013612,280.552381716424,275.52755692587226,279.5966796875,822800
2024-07-30,280.7986516307201,282.89725689058184,279.4685467410344,281.7740478515625,872000
2024-07-31,270.94602976510265,272.81801450266767,256.285381598254,257.891357421875,1410300
2024-08-01,257.5169982910156,258.8766597735415,253.79272252343262,257.5169982910156,1107300
2024-08-02,258.72885727840116,262.906343198866,258.2460602249024,262.72900390625,1233000
2024-08-05,268.68981220475064,268.68981220475064,255.39868589368845,258.41357421875,1354700
2024-08-06,256.77803285768783,261.4284535899615,256.61055577186517,257.09332275390625,773700
2024-08-07,257.08348116301505,261.477755516208,256.33470518407916,256.4726257324219,782000
2024-08-08,257.152495388628,261.35953879915576,256.87662418249016,260.6994323730469,672300
2024-08-09,260.06882597869406,260.50234212533996,258.58110608551254,260.2264709472656,370700
2024-08-12,258.65990829491733,261.05407919194806,256.3347127079335,258.4924011230469,455000
2024-08-13,260.2363102287703,263.33000601980433,259.79293191449034,261.72406005859375,545400
2024-08-14,261.36935124947524,265.01481941374294,261.1525931953669,264.63055419921875,519600
2024-08-15,264.6305397501351,265.98033889477745,261.7732965148609,262.2166748046875,490400
2024-08-16,262.25608456516875,263.9605924921855,261.4186088769189,262.699462890625,1301800
2024-08-19,262.80785032942583,265.77348812254195,262.7191806699654,265.2118835449219,552600
2024-08-20,264.04929516196046,265.2316174658871,263.66502988948747,264.7291259765625,589600
2024-08-21,265.56654997692243,266.7094532964333,263.99013056836606,265.4089050292969,409300
2024-08-22,264.069019023452,266.7489238198701,264.069019023452,265.95086669921875,553200
2024-08-23,267.4386225624511,268.68989028066136,263.6749271314946,264.1971130371094,435500
2024-08-26,264.87690998732035,267.162717082834,263.59608587515953,264.02960205078125,533800
2024-08-27,264.02960404477835,267.20213786249406,264.02960404477835,264.95574951171875,561900
2024-08-28,266.2956491852565,269.2612867026874,263.1822289157961,267.4681091308594,470900
2024-08-29,267.69472718791855,268.8967436740135,264.93598554608207,267.7045593261719,342900
2024-08-30,268.81788159826755,270.9361810135277,266.6404690880846,268.7981872558594,659000
2024-09-03,268.8179390691913,272.1481177777272,268.13810826453965,270.3155212402344,503500
2024-09-04,269.6356773075061,270.8081071314372,267.0345807207178,270.0494689941406,648000
2024-09-05,269.58639636220346,269.7046225583913,266.25621818697977,269.4681701660156,615300
2024-09-06,270.05933688705886,270.52240954365436,266.2759481910811,267.6553039550781,834200
2024-09-09,268.8375975773461,270.5026867096427,267.310459056104,269.22186279296875,791400
2024-09-10,269.99039589834507,271.54709115820833,267.70458887450394,269.5667419433594,666600
2024-09-11,267.68490656653864,267.92135900456833,260.916184918588,267.62579345703125,925000
2024-09-12,267.62577220948907,267.70457966000697,263.3103351518277,265.3990783691406,793500
2024-09-13,265.78390468489914,267.0468629939915,262.76464450673603,265.2116394042969,1023300
2024-09-16,267.2638769989607,268.8919043690954,264.96490976048966,265.8134460449219,873500
2024-09-17,265.5963656706343,265.6259650724198,262.7645791584191,263.4651184082031,564100
2024-09-18,262.8139351222634,262.9520857558207,259.98214824731605,261.2352600097656,807200
2024-09-19,264.08678453955116,264.08678453955116,261.5115457765865,262.4192810058594,692600
2024-09-20,261.5608614139153,262.4390273248597,259.9131109346017,261.3240661621094,1639900
2024-09-23,262.3600514281453,263.0211449271785,260.31760223482155,261.7384338378906,506700
2024-09-24,261.2155096432206,261.73845255457206,258.2653251160962,261.2648620605469,619000
2024-09-25,261.46219379886617,262.6265074116045,261.15632321986607,261.62994384765625,498000
2024-09-26,261.4720652267047,262.6955475189423,260.1104322956408,261.4621887207031,484700
2024-09-27,262.51789538094255,262.94216349080926,260.5741211228714,260.73199462890625,752000
2024-09-30,260.73203883417744,264.8761362641403,259.32108365584486,264.39263916015625,794800
2024-10-01,265.70497788404725,266.4844390137729,263.80064889435243,265.04388427734375,898300
2024-10-02,263.0803587037366,264.61958800942625,261.35365645980164,264.39263916015625,557500
2024-10-03,263.4651275319502,267.984170436309,262.29096770164483,267.0665588378906,1363500
2024-10-04,266.4251815314015,266.8692026736421,260.45573792875456,262.13311767578125,761900
2024-10-07,262.0443436407549,264.16574496947027,260.9590119327521,262.3995666503906,567100
2024-10-08,263.71180440986626,268.9905854969928,263.71180440986626,268.5959167480469,563000
2024-10-09,268.5959291399651,273.57868631179474,267.9151127193227,273.3714904785156,609600
2024-10-10,272.2368630487857,272.2861853631923,262.8929342634068,264.70843505859375,666400
2024-10-11,266.48440442826444,266.48440442826444,263.4158223955487,264.6590576171875,484800
2024-10-14,264.70838725824234,266.0502972366377,263.46515200214475,265.645751953125,601800
2024-10-15,267.7177803982283,269.77010629673356,265.3300146319254,265.9812316894531,500700
2024-10-16,265.9812111936353,267.7177597685966,264.5702560666992,266.99749755859375,597600
2024-10-17,267.18498000597975,268.23086581255404,263.0507590849504,263.7118225097656,486500
2024-10-18,263.7315659759906,265.4089157412536,262.813924218583,264.0571594238281,439200
2024-10-21,264.037468026116,266.26736034612975,263.1593020735013,264.52093505859375,432700
2024-10-22,263.21849727128534,264.6886814725975,261.62994555137897,264.027587890625,378800
2024-10-23,262.20214271051066,264.00779643139276,262.20214271051066,263.04083251953125,487700
2024-10-24,263.0409026021891,264.45185788678,261.2451249065462,261.4424743652344,321400
2024-10-25,263.3665077495222,265.21160762494117,260.84056132271127,261.126708984375,532400
2024-10-28,262.7054181068652,264.5505180096578,258.21600422692904,259.36053466796875,645700
2024-10-29,259.1435116811455,262.18249466831935,257.65360454014615,260.1400451660156,909600
2024-10-30,276.27235811424555,276.27235811424555,266.3660122707001,271.9605407714844,993900
2024-10-31,271.9605107484171,274.82189669074404,269.78978755835163,271.0626220703125,1204800
2024-11-01,269.7503887014099,272.41442568591077,267.4119150851279,271.81256103515625,1047100
2024-11-04,272.2170471424119,274.7528094403685,269.6417788283424,273.5293273925781,475100
2024-11-05,273.56883840349604,277.44651096131116,272.57227493012755,275.95660400390625,384400
2024-11-06,279.784987508586,279.784987508586,272.75978027881143,275.4139709472656,841500
2024-11-07,275.1672640738573,277.5550296534406,273.272811862711,276.6078186035156,410300
2024-11-08,278.57132109454756,283.3863583623121,277.66358593761964,281.1860656738281,557000
2024-11-11,281.5017852706282,284.5506745575771,280.99859538307606,281.2156677246094,692900
2024-11-12,282.6068836678755,285.54719144730046,281.02817855801686,284.0869140625,925300
2024-11-13,284.2645357149763,287.5403438392228,282.85358050690627,286.1787109375,514000
2024-11-14,285.6064557619567,286.5438206047346,281.56103239985026,282.32080078125,439200
2024-11-15,282.6759270280185,282.6759270280185,276.4104891539354,277.0616760253906,522100
2024-11-18,276.97294051774446,278.71939603862893,275.9073316482862,276.6275939941406,800000
2024-11-19,276.6275452153528,279.7356332684245,275.5224606237259,277.8905334472656,1028500
2024-11-20,277.89055693395505,281.05781395287823,275.5224839102711,280.4164733886719,507700
2024-11-21,282.1233849492171,283.9487617808542,279.52839352132105,283.731689453125,518100
2024-11-22,283.8698671277537,287.51074463313705,283.07065305206453,286.8595275878906,649700
2024-11-25,288.2309926083678,289.28675489206245,286.0602993430303,287.609375,709300
2024-11-26,288.6750486612484,292.1580528786234,287.6390091517152,290.8260192871094,531500
2024-11-27,291.6449291834964,292.6316161800201,289.4248834413182,290.6385192871094,482500
2024-11-29,289.5334442007788,292.2271106300359,288.93154945520916,290.2931823730469,363200
2024-12-02,291.2404016740194,291.46732040237566,286.5930844371494,288.80328369140625,468000
2024-12-03,288.4480825369104,288.48755844924665,281.2847250684601,285.2018737792969,953800
2024-12-04,285.24137021227324,289.1190432897387,284.33363494232594,287.8067626953125,628700
2024-12-05,287.372583958993,287.737653325099,282.7746190022935,285.0538635253906,700300
2024-12-06,285.24131551019286,287.0469694197908,281.8175107243003,283.23834228515625,930500
2024-12-09,281.11700439453125,282.4391613969726,277.63400039468166,281.11700439453125,878000
2024-12-10,281.46235510125143,284.1559914533854,278.52201687743707,282.8634338378906,699900
2024-12-11,284.75788131262476,285.73469183133176,280.2289914832128,281.22552490234375,557500
2024-12-12,281.225529370293,283.77119879645,280.1105983083082,281.5018005371094,423400
2024-12-13,280.019759584308,280.8200676845532,278.43889328230534,279.9604797363281,530300
2024-12-16,280.3556871856969,281.29433502758957,277.57930376180377,277.9942626953125,808600
2024-12-17,277.9942365561436,279.1403637570229,275.4648627861044,276.8678894042969,1343800
2024-12-18,276.61100081024864,277.0358798983945,272.19447148812895,272.2636413574219,805200
2024-12-19,270.574100494582,274.4274410713821,270.574100494582,272.28338623046875,908000
2024-12-20,271.06814164733856,276.26519930416856,269.9714041508813,273.548095703125,1713900
2024-12-23,273.6864417182177,273.8741712926085,270.8903083063992,273.39990234375,501100
2024-12-24,272.8762206722514,275.6822438743608,271.7597333453615,275.2178649902344,249800
2024-12-26,273.94332941048793,276.1169941562994,272.77742206364866,275.0499267578125,319700
2024-12-27,273.2319305197573,275.464875026151,271.9277136312346,273.9828186035156,480100
2024-12-30,273.4887846870917,275.07954083881356,270.03065322532024,272.44146728515625,699900
2024-12-31,273.1430105352933,274.4669773201586,270.34684720140507,272.13519287109375,576000
2025-01-02,272.67861200706903,274.50645733984345,270.1195983886719,270.1195983886719,1013500
2025-01-03,270.2282932015986,274.44720304859726,269.59593464192295,272.97503662109375,791100
2025-01-06,270.7322417715421,272.1945183884639,268.8846159471752,269.73431396484375,860700
2025-01-07,269.5465181486164,270.7222852302481,268.0051820025722,270.2480163574219,713700
2025-01-08,271.4238346454533,277.2631412110491,270.05047788876664,277.0655517578125,1101200
2025-01-10,275.227740152725,276.9765557780755,265.19916495464497,265.4165344238281,1139600
2025-01-13,264.2012426344155,272.4118325049573,263.00572560634697,272.1747131347656,876000
2025-01-14,271.8289205426027,272.99479776344657,268.3510387786812,270.2184143066406,623500
2025-01-15,272.2044238061409,273.19246164209784,269.1316406095252,270.5346374511719,855700
2025-01-16,270.71243530267617,275.810713368767,270.10974678883963,275.13885498046875,666900
2025-01-17,278.68588666004024,278.68588666004024,274.44719685833473,275.2178649902344,670700
2025-01-21,275.4649017028064,277.40147732573655,275.03016269786434,276.7098388671875,684300
2025-01-22,277.6879465561326,278.7550440154826,275.81068120655146,276.00830078125,547900
2025-01-23,276.008330913263,276.52209965004846,271.5325214455892,274.65472412109375,498500
2025-01-24,274.11126634195426,276.6208903088971,273.2121485004016,275.59332275390625,404500
2025-01-27,275.59337204058414,283.0234354788936,275.3365027202845,282.0452575683594,753800
2025-01-28,281.165887748026,282.3120150666241,273.3010861637685,278.4784240722656,633300
2025-01-29,279.7727223437233,281.2646687253832,277.96459670260316,279.20953369140625,600600
2025-01-30,280.6817299087314,284.9500599083587,280.6817299087314,284.6338806152344,652200
2025-01-31,284.1991759957493,286.39259072399545,283.07279855447075,284.0015563964844,651400
2025-02-03,284.0508838961005,289.16894092993493,280.7903722912445,287.4596252441406,763400
2025-02-04,287.4596849470934,290.0186989192409,285.22671014214285,285.7405090332031,704000
2025-02-05,287.2126583517437,289.0701739029215,285.06860344788026,288.15130615234375,495200
2025-02-06,288.48724933029155,291.461222209041,286.698903562342,291.4217224121094,581500
2025-02-07,291.42171572788453,292.68640270857355,290.05821895209937,290.21630859375,632200
2025-02-10,290.89805181516766,291.69835988195535,286.6395818965294,290.4830627441406,517000
2025-02-11,288.6848449029757,290.87828977992956,288.1611861336025,290.77947998046875,342700
2025-02-12,287.84503557809444,290.4337199113756,285.6120906804073,289.5543518066406,470400
2025-02-13,289.6037242802115,293.032216406016,288.852836109868,291.96514892578125,461900
2025-02-14,291.9651245072011,293.38790113019894,289.8210695474354,289.96929931640625,535500
2025-02-18,289.08002408441314,292.04413684692105,287.4201281740122,289.7914123535156,538400
2025-02-19,289.99890618135674,293.36811778976426,288.8725289196695,292.3207702636719,692700
2025-02-20,290.6806647513796,290.7399445932962,287.57821231268093,289.1986083984375,878500
2025-02-21,289.19859850690193,292.8444594226402,288.33898052348576,291.5797424316406,1165500
2025-02-24,291.60946657681626,295.1367383143207,291.60946657681626,293.45709228515625,719900
2025-02-25,293.45703974331883,296.9052811130995,292.0441231435763,296.1346130371094,1136900
2025-02-26,260.81229008380325,292.2417641621112,258.8658547787934,284.58447265625,1574500
2025-02-27,286.71861677354616,288.61563196909896,284.2880528625198,286.6395568847656,918100
2025-02-28,288.28963815488333,294.0103848658044,287.79561930616006,293.3582763671875,1029600
2025-03-03,292.0935757913712,298.63438022110836,289.6234816621644,297.7253723144531,990300
2025-03-04,298.26882219951415,302.4383424506757,295.7098082048523,295.9568176269531,955200
2025-03-05,292.65675261236794,296.06546428082584,291.2043361172379,293.3385009765625,699600
2025-03-06,291.67855210931583,294.1288960497155,290.47314511115724,291.8267517089844,726800
2025-03-07,291.82678106847186,297.5574174364633,290.631263974186,296.88555908203125,754100
2025-03-10,297.5178837360527,301.9146632123551,293.86216262832676,294.4352111816406,1645500
2025-03-11,295.3540753174739,296.055603729902,286.8273059246385,287.0545654296875,1320100
2025-03-12,285.73059990639683,286.55065785862763,282.7565970404769,284.58447265625,740400
2025-03-13,283.62611176718235,286.2938257312219,281.84765589283535,286.03692626953125,715100
2025-03-14,286.0369097552171,287.0067050359429,283.7708026249241,285.5718078613281,740700
2025-03-17,284.8296270513545,288.54053679416,284.8296270513545,287.97650146484375,930800
2025-03-18,286.32391215122243,287.0463134927734,283.51351997505617,285.9181823730469,789400
2025-03-19,285.3936680348066,288.4019870634256,285.3936680348066,286.7196960449219,784000
2025-03-20,285.42333417666754,286.6009317675198,282.880117181334,284.68115234375,772900
2025-03-21,282.2567470438359,284.28536557497165,280.28747045174913,282.1874694824219,1387700
2025-03-24,284.02806540973756,286.4129469649616,281.48487828522246,282.4249572753906,810200
2025-03-25,281.83117931047644,284.8790897245671,281.0296253183357,284.7603454589844,992800
2025-03-26,285.44314137668874,289.9456990258055,285.10665904120606,288.9858093261719,773100
2025-03-27,290.5691695112903,296.60558839913426,288.1941934470698,293.7951965332031,852400
2025-03-28,293.1519157066134,293.656609011875,290.0644441438606,291.50921630859375,729000
2025-03-31,293.0529947369351,296.8331513778424,292.1623523487712,294.5175476074219,1250100
2025-04-01,293.7259039154944,295.8633913235479,291.9149632422533,295.4972229003906,621600
2025-04-02,295.83372776278117,296.9420479402837,291.86551873488366,296.5857849121094,748900
2025-04-03,295.33893041472754,303.4831204953385,295.33893041472754,301.9096984863281,1425300
2025-04-04,296.08112135668256,300.9894093647824,281.40569384813875,282.01922607421875,2102300
2025-04-07,282.8801247137578,284.5624156596154,272.30158715705835,275.1911315917969,1815500
2025-04-08,278.5755228428538,278.8822889576259,272.0443158261525,274.1422119140625,1852800
2025-04-09,272.55887886684246,287.2738674507725,270.9063040499279,286.3238830566406,1965700
2025-04-10,283.13741649572876,286.670209267643,276.90310118013815,282.80096435546875,1397400
2025-04-11,282.0984230637716,290.4900077846617,279.90156324874465,288.8374328613281,835000
2025-04-14,290.0644632082409,293.4092343542089,288.342610923412,292.0238342285156,837600
2025-04-15,292.3008810986172,294.50761562726933,291.3904581481673,291.97430419921875,612800
2025-04-16,292.23165734736517,294.2207145751904,287.2046250504955,289.18377685546875,954900
2025-04-17,289.66865445081226,292.65716275362206,287.5410723365907,289.96551513671875,502900
2025-04-21,288.59994236972494,291.62804233785255,278.93176608373483,281.38592529296875,841400
2025-04-22,282.860358679236,290.3415497246982,281.7916300439379,289.64886474609375,643400
2025-04-23,289.68842015121203,294.00298649370023,285.8191750140681,287.0264587402344,885700
2025-04-24,286.06659170566894,287.25409488131623,281.6333109421011,285.2353515625,717800
2025-04-25,284.6020370458807,284.8296201769585,280.2577843160777,283.06817626953125,1016000
2025-04-28,282.88015825273186,286.15568233441445,280.7228899930404,285.4035949707031,777100
2025-04-29,284.3249500121447,290.0545726323275,283.1869437863436,289.3222961425781,596800
2025-04-30,288.78791081063486,294.13164463038527,285.8785855569259,293.3399658203125,806100
2025-05-01,291.4300970187671,293.25091301627356,288.69885792277785,291.44000244140625,809500
2025-05-02,294.8540097352869,295.5764109725084,288.5207303797454,290.8363342285156,849600
2025-05-05,290.0842875654764,291.9248842040395,287.9566752667949,291.677490234375,645200
2025-05-06,291.19257353601694,294.4383808290269,289.22329723301925,293.1024475097656,880000
2025-05-07,299.4258530574542,309.3612032348506,297.6149425055316,306.6695556640625,1510900
2025-05-08,308.74766389604537,309.55912333748824,304.18573374255203,304.64093017578125,948200
2025-05-09,304.6409181171219,307.09504678996166,302.6419556600362,306.2737121582031,707200
2025-05-12,306.5904383140726,307.43158393955116,297.9019623909387,300.4847412109375,990500
2025-05-13,300.4847267772353,301.35555843239644,298.0404730085511,298.4264221191406,846800
2025-05-14,296.8034885369315,299.09931184261774,293.87435236729084,298.1295166015625,835400
2025-05-15,299.02013519921644,304.5023634320758,298.91126615661585,304.156005859375,680900
2025-05-16,304.6706318968062,306.5508200605757,302.02845096495116,306.343017578125,749800
2025-05-19,306.5310615994344,311.3700723806223,306.5310615994344,311.0732116699219,740700
2025-05-20,309.1237467684165,310.74663565774273,307.55032459787395,309.83624267578125,508300
2025-05-21,309.2622711177409,310.73675984793675,307.89668164737276,309.0742492675781,566200
2025-05-22,308.44092328879026,311.8252560494754,306.72894606224094,311.06329345703125,699700
2025-05-23,309.5789082415647,311.31066599557516,308.34193841727154,310.49920654296875,547900
2025-05-27,311.5976325149546,313.7944919973751,309.7570058245423,312.8642883300781,687300
2025-05-28,312.8643090887124,314.4971032259995,311.023682276174,312.6663818359375,613300
2025-05-29,312.4981652522328,313.190850225618,309.1929855464236,311.0434875488281,774100
2025-05-30,312.2705371702385,313.07209115263674,310.41012983350214,310.8653564453125,1204500
2025-06-02,309.4304743606559,313.74501056266416,307.6294390692305,313.6856384277344,592900
2025-06-03,311.2710899151088,314.9127522097002,309.5789235675519,314.20025634765625,868800
2025-06-04,314.78409691509484,318.227801687553,313.4976301373312,317.98040771484375,1006800
2025-06-05,319.4647173481325,319.55380573871685,316.7928810158741,317.2480773925781,725300
2025-06-06,317.5252136537939,318.4751980603077,314.49711382097,316.2684631347656,530800
2025-06-09,315.100764990281,315.100764990281,307.6096683309791,310.0044250488281,642300
2025-06-10,308.90600548403364,310.14297531464973,305.85809490969865,309.0247497558594,509600
2025-06-11,309.0247543574703,309.6284113475184,306.1054934339628,308.24298095703125,567800
2025-06-12,308.92577926830126,310.7664060390964,306.71904446714717,310.63775634765625,521600
2025-06-13,309.26029223253926,311.7476729404909,306.8521779396002,307.615234375,544000
2025-06-16,307.7836768912776,308.9233470502643,305.7521461816987,306.6836853027344,707000
2025-06-17,306.1188144152493,306.49539792608465,303.4134133113872,304.4638671875,537300
2025-06-18,304.870172273911,304.870172273911,302.5314048498609,303.5124816894531,688400
2025-06-20,305.90079432630137,305.90079432630137,300.6881732679375,303.2647399902344,1898200
2025-06-23,304.80077586565045,306.8620351104389,303.2647132704357,305.6332092285156,786500
2025-06-24,306.35666093662985,309.6071281239474,303.23499788547645,307.1395263671875,863500
2025-06-25,306.68372754860775,306.68372754860775,300.0936060237274,301.43145751953125,823700
2025-06-26,302.2439974453688,303.31429054676806,300.49986425941796,302.38275146484375,633200
2025-06-27,302.5313782735888,306.257534396706,301.85750798322374,305.8809509277344,2480400
2025-06-30,303.9485224373549,308.9629622153836,303.8395273409168,308.6954040527344,1054200
2025-07-01,308.5368347069852,311.9656739959291,307.11971702525665,310.1323547363281,870600
2025-07-02,307.4071259625174,307.4071259625174,298.3295944062135,298.498046875,1204200
2025-07-03,298.12148836657946,302.9972048553923,296.57553611854956,301.3224182128906,963600
2025-07-07,301.32243487505974,305.41525582265956,300.12333741288245,305.39544677734375,984900
2025-07-08,303.77016758313437,305.1377476444233,299.13231104357425,299.81610107421875,998600
2025-07-09,300.01428612556964,301.57015796867415,298.98367148751583,300.9854736328125,823100
2025-07-10,299.5485188917085,301.51070296522255,298.5872510201183,300.1728515625,724700
2025-07-11,299.4394898947551,299.8656111084628,296.6746013411144,297.8043518066406,950200
2025-07-14,298.200732047851,303.69086060303886,298.200732047851,302.8683166503906,648300
2025-07-15,301.1440000770748,302.97734952168383,297.16017507188747,297.43768310546875,845800
2025-07-16,297.50704013470585,298.97372578955424,294.9700916050522,298.765625,707100
2025-07-17,299.409779748016,300.6088770544965,297.75480227311033,299.87554931640625,526700
2025-07-18,301.55035053375633,301.55035053375633,297.7548167877899,299.1818542480469,1530400
2025-07-21,299.75663818359175,300.98546419039036,296.7043519667637,296.8629150390625,567100
2025-07-22,297.37819659333917,300.400753862578,291.92771620660574,295.43585205078125,1256900
2025-07-23,294.25659831848867,295.6340980394707,292.49262566928957,294.6133728027344,884400
2025-07-24,294.71247747447313,296.823274714513,293.404354774843,293.4241638183594,1078000
2025-07-25,294.3259650457165,297.0611251056598,293.25570211602457,295.2773132324219,612400
2025-07-28,293.94939868411967,294.9106665697721,291.43225892037134,291.77911376953125,635500
2025-07-29,292.83945329891867,292.908830309244,289.8664639253256,291.4024963378906,1066400
2025-07-30,293.12686327191665,298.23048919955414,271.8600566020903,272.98980712890625,2417200
2025-07-31,268.81771687252785,277.0231665791803,267.92579583954233,276.20062255859375,2403200
2025-08-01,278.4006335120578,279.28263489467975,269.2636447684313,269.4420471191406,1544000
2025-08-04,269.58078140560747,271.03754749582777,265.1411061204567,265.5870666503906,1527200
2025-08-05,264.9924723921723,265.9933885890396,259.7600117987171,262.33660888671875,1557700
2025-08-06,262.33656953825374,263.8627124699228,259.00680589123124,262.59423828125,874500
2025-08-07,263.5158662635733,265.7753369308362,261.32577260519395,262.13836669921875,1130000
2025-08-08,261.56361485817024,264.35823220615225,261.56361485817024,262.6537170410156,830100
2025-08-11,262.89155154745384,265.5077968363162,261.6428862738774,265.0122985839844,1405700
2025-08-12,264.685218289996,264.685218289996,257.4311175634225,257.6590576171875,1350600
2025-08-13,257.8473848027464,262.1582256772726,256.67801617719704,261.8113708496094,900600
2025-08-14,262.53479545557104,267.46993847032354,260.72125499803445,265.2897644042969,1483000
2025-08-15,265.58705724672325,266.9942855583755,262.9807316595192,265.44830322265625,940300
2025-08-18,265.5969706052302,266.5582383799951,262.287046061919,263.2978515625,1033100
2025-08-19,263.4861598155766,269.2141184966625,261.33568405838696,268.5699768066406,1043900
2025-08-20,270.55196353503294,273.70332513967975,268.2825730871424,268.4114074707031,1368600
2025-08-21,267.1825430070808,271.0276141386932,266.62758740487,269.46185302734375,871900
2025-08-22,271.0177316546101,272.30601499772683,267.2221981523837,268.6195068359375,830200
2025-08-25,268.3321046021977,268.75825607091184,263.9816458039582,264.6654357910156,937400
2025-08-26,264.42760129928763,266.3402476627195,262.5744425534083,265.894287109375,1101100
2025-08-27,265.30957344608197,266.3104895482504,264.19966224987763,265.2897644042969,840100
2025-08-28,264.1402203082898,264.933005425362,262.75283123200666,263.7933654785156,763200
2025-08-29,264.3582224803316,266.02308925680126,263.7536989200255,265.7059631347656,652600
2025-09-02,265.8942707301732,266.1222108145016,260.9194791457774,262.61407470703125,1116300
2025-09-03,262.61410156746484,266.1222380337509,262.61410156746484,266.02313232421875,933500
2025-09-04,266.3699866655201,268.40151761428416,264.7744664007756,267.6186218261719,1103500
2025-09-05,268.59968952536707,271.25555278522154,265.69604690720354,267.8762512207031,1005000
2025-09-08,268.06455736992865,270.7402600581772,265.90419222500077,270.57177734375,1240400
2025-09-09,270.38347743527686,271.36455427807886,265.8050785117842,266.2411193847656,902700
2025-09-10,264.29878358947656,265.7753587243881,259.0663231813428,260.4041442871094,954200
2025-09-11,260.3744379133082,264.85376191631417,260.3744379133082,263.8429260253906,1083400
2025-09-12,264.16994430035146,264.665442550421,259.6708117217323,259.83929443359375,895500
2025-09-15,259.93855647580534,261.74527813173603,252.80103953055914,253.2179718017578,1402000
2025-09-16,252.860617694011,255.06441353751867,249.2968273078304,249.99171447753906,1697100
2025-09-17,248.85008837030122,253.36687748230466,247.1625009953229,247.86732482910156,1515400
2025-09-18,246.7356346091841,249.3662840468483,243.2512472570521,243.5391387939453,1669900
2025-09-19,244.33330466886667,244.38292756086219,240.79929438629893,241.69271850585938,2380600
2025-09-22,240.0547792075289,242.6159324959466,238.07930027768674,242.3975372314453,1549600
2025-09-23,241.60339863608024,244.06529108556433,238.41682407713745,240.53128051757812,1077600
2025-09-24,240.18381345906843,244.04541668098986,239.16133345166992,241.176513671875,1179600
2025-09-25,242.21885227596414,244.23403249909074,239.1315540037637,242.27841186523438,1615700
2025-09-26,242.33798630400554,247.00368971477874,240.82909279202332,245.26646423339844,1120600
2025-09-29,244.11492904775622,248.5523005031065,243.5590193155484,246.96397399902344,1376500
2025-09-30,245.20687550623347,251.500606403232,244.58148466884427,249.6740264892578,1451900
2025-10-01,250.95462355645589,250.95462355645589,246.04076040077626,247.7283477783203,1099100
2025-10-02,247.72834459522994,250.12075577688387,245.03812031609405,245.62380981445312,1303800
2025-10-03,245.25653406035613,248.37361240111088,244.19435261442163,247.22207641601562,861800
2025-10-06,247.4404528585072,247.4404528585072,241.12687881579168,243.2810516357422,1096400
2025-10-07,242.59608546074983,244.32337415526362,240.9084829629144,244.29359436035156,824100
2025-10-08,244.1447012508174,244.1447012508174,239.9058669534645,241.70265197753906,1004400
2025-10-09,241.70264809126886,241.70264809126886,238.67490935612753,239.5087890625,765500
2025-10-10,239.96542767235965,246.40805776084252,239.3598799127494,241.2857208251953,1143400
2025-10-13,239.6676172103745,242.70529273878415,238.0296678354883,240.31288146972656,739200
2025-10-14,241.11695629523544,243.89651994608036,240.1341776224736,241.58352661132812,904900
2025-10-15,240.46177967243065,242.62587411528582,238.60543503391014,242.19900512695312,1349100
2025-10-16,238.29768975679877,240.33272822802488,226.4249885147336,227.38790893554688,1891700
2025-10-17,229.3435318034493,232.66908361664628,227.61622795863187,230.6439666748047,2256000
2025-10-20,231.18995894783825,233.82060853238832,230.40573242085657,233.5724334716797,953400
2025-10-21,233.3143431134741,236.48105939655585,232.91726906466178,235.29974365234375,954500
2025-10-22,235.45857163469353,237.72192696323316,234.12835695250686,235.7365264892578,1006900
2025-10-23,235.4784282084304,236.11375574969452,232.39112988742733,233.07608032226562,1045200
2025-10-24,234.81331746236984,234.81331746236984,232.103249940443,233.22500610351562,943600
2025-10-27,232.351428346514,233.6518633078256,230.9616539941362,231.9741973876953,1193400
2025-10-28,231.73596662022038,234.1680793904385,230.14764003900595,230.43553161621094,1752500
2025-10-29,206.97800907721884,210.45246006892276,195.56195581876312,206.48165893554688,5108500
2025-10-30,209.20165706967651,216.06120431569644,208.4769749778187,216.01158142089844,3877500
2025-10-31,216.42851270576492,217.41127625874262,213.76806815961294,217.16310119628906,2619200
2025-11-03,215.78325750469318,216.23990630361678,209.40020190144224,213.82763671875,2270000
2025-11-04,217.50063404829706,220.08164564799836,213.32135926917599,218.39405822753906,1938400
2025-11-05,216.83550451102022,220.40923140692882,212.01099592264873,212.48748779296875,1700100
2025-11-06,211.1870603396915,212.6165360009278,208.4869144005718,211.31610107421875,1266600
2025-11-07,212.2790113858509,214.51258688060287,210.08515238244033,213.09303283691406,1292800
2025-11-10,210.40281091791513,212.04077538740555,207.82179940591732,211.38558959960938,1249000
2025-11-11,212.43785954500075,214.17508503193417,211.08778656068776,213.69859313964844,891300
2025-11-12,213.68864083844937,214.06587176380648,208.49682300360675,211.35580444335938,1195300
2025-11-13,211.08777054254227,220.03199391776647,209.50938085527972,216.09097290039062,2046700
2025-11-14,216.40864033187017,217.52045969191093,212.80513381312016,214.264404296875,1086600
2025-11-17,215.4060426391026,218.18559134942416,213.7780147598838,217.50064086914062,1373200
2025-11-18,218.46355532645947,222.29536382078123,216.66675511692725,221.33245849609375,1885700
2025-11-19,220.47873157989235,224.20135751732366,218.3444169539895,223.22850036621094,2169000
2025-11-20,223.15902849160457,224.270847970581,219.35698455861387,220.26034545898438,1628300
2025-11-21,220.86588325325067,224.439595051503,219.58529145297243,221.53099060058594,1866800
2025-11-24,219.91289541643442,220.73683848001033,216.9745110220814,218.2352294921875,2132000
2025-11-25,220.35959680934062,223.14908208263063,218.7514272547529,221.3920135498047,1073200
2025-11-26,220.9850058874177,223.08952559528564,220.01216387211701,222.2556610107422,967500
2025-11-28,222.1861724436992,224.49915064670233,221.54090820664484,223.4270477294922,550900
2025-12-01,222.56340185552511,224.74733946273923,221.16369081208447,222.37478637695312,1152500
2025-12-02,222.87113433331822,224.55873692666296,221.04456945412153,223.2086639404297,1142000
2025-12-03,223.21857003865566,225.50178355330638,222.44426508591198,222.84133911132812,1420100
2025-12-04,223.8737655242508,224.787047940246,219.52573356454417,220.4687957763672,1227000
2025-12-05,220.11141340875366,221.5706839298209,218.7712772131675,219.625,1194800
2025-12-08,218.98969170045982,219.5158216463737,214.56224170848907,217.36166381835938,1482700
2025-12-09,217.81828668340165,219.0393037476447,214.14529879385023,214.45303344726562,1222300
2025-12-10,214.66151460908614,216.53771753771125,212.15990565511794,212.9143524169922,1303200
2025-12-11,214.40338596560233,217.50062090443924,213.74821534253954,214.71112060546875,850500
2025-12-12,215.77332690737833,217.5304105908377,214.54237314453272,215.554931640625,1113900
2025-12-15,217.38528458890605,219.11617550287957,215.8831998068175,217.08685302734375,1402300
2025-12-16,218.38999554309447,218.72822608583982,214.8685455038138,216.4999542236328,1346700
2025-12-17,215.8434113655148,219.62350924569313,215.74394429271516,218.02194213867188,2027300
2025-12-18,218.74809909367167,219.14601289433017,216.3905186428505,217.42507934570312,1262200
2025-12-19,216.86800944993425,219.09628129388486,215.46540688087643,216.88790893554688,3083000
2025-12-22,216.3905330987231,219.79261663261573,216.3407919729604,219.28529357910156,1500200
2025-12-23,219.18580033758775,219.71302285074412,216.5795294099951,217.31565856933594,1440900
2025-12-24,216.65912560208773,219.01670623834252,216.63922611577476,217.70362854003906,483800
2025-12-26,218.1114617339224,219.42455456525445,217.89261292870037,219.18580627441406,733400
2025-12-29,220.36956752835388,224.6072470856037,219.21564026451173,223.56275939941406,1283600
2025-12-30,223.56276775134998,223.85124198865765,222.11040887482753,223.18475341796875,932500
2025-12-31,222.46852364578638,224.05019123145132,222.06066767347474,222.5182647705078,1068200
2026-01-02,220.77743795243384,222.5680122414405,216.70886580328863,219.8622589111328,1866000
2026-01-05,219.22561416516604,223.71198449703158,217.14655043096718,219.54393005371094,1355500
2026-01-06,217.10675072622885,221.1355388270236,216.56958606292406,220.07113647460938,1476400
2026-01-07,220.79733681515089,221.85178189934922,218.06174185265655,218.4596405029297,1053000
2026-01-08,217.4847671474242,222.71720850939153,216.60937194661608,221.6826629638672,874500
2026-01-09,221.6826697606874,225.20411979933044,220.14078595884772,223.69207763671875,969800
2026-01-12,223.69207518875967,224.98526853030745,222.5978463450347,223.64234924316406,961700
2026-01-13,222.85647598613727,223.49312290569037,219.155961022841,220.9266357421875,806900
2026-01-14,219.80255955248438,223.4632754499027,219.15595531768878,222.9857940673828,1141800
2026-01-15,222.82663851252337,225.18421907169295,220.33973406483895,220.88685607910156,1225700
2026-01-16,221.19522982128626,222.3491571280389,218.38999431820076,219.2554473876953,1749800
2026-01-20,219.00675509647112,219.44445270422915,215.76382200927833,217.3455047607422,1910000
2026-01-21,217.34551616569115,219.24549971163475,214.44081346407424,215.45545959472656,1069900
2026-01-22,215.7141025913112,218.2905320126512,214.85860683540417,217.35545349121094,1125500
2026-01-23,216.03241975137476,218.0915839772093,215.62456376767892,216.89785766601562,1045000
2026-01-26,217.08685873975983,218.9769152268161,216.33084525225343,218.58895874023438,882900
2026-01-27,217.20624366601734,218.47953754729323,214.74918082194736,215.14707946777344,1460000
2026-01-28,214.16226058592852,219.03660249828295,212.7298163485682,217.88267517089844,1190800
2026-01-29,217.0271850964867,218.08163020022002,213.42615215456107,215.45545959472656,1218900
2026-01-30,215.4554545056041,216.51985691689657,212.7696006827907,216.32090759277344,977500
2026-02-02,216.32090299631042,217.32560692804321,212.69997073031064,213.02822875976562,796000
2026-02-03,202.65285934816103,202.65285934816103,190.1188555714998,191.481689453125,3008900
2026-02-04,192.16806190117558,193.07329870985495,186.07018287547362,188.5172882080078,3712900
2026-02-05,192.0089256003896,196.2366632220807,180.76811429988595,183.7126007080078,2735500
2026-02-06,182.25030609855756,183.4440171575612,176.8089581355635,178.16183471679688,3856200
2026-02-09,177.71418027834736,179.05711471021786,173.73513328478697,177.26654052734375,3526100
2026-02-10,173.98382442021102,176.45084449489943,168.35348443765767,168.582275390625,2644600
2026-02-11,166.89118586882955,173.0885474260135,164.0163249698852,172.85975646972656,4253700
2026-02-12,171.94456892172863,178.57962775523072,163.73778475329343,178.06234741210938,6357000
2026-02-13,178.93775298137933,180.9471608385172,175.32676288014454,180.2607879638672,2738400
2026-02-17,179.0770302682524,182.65816377656412,176.03306147358606,176.37127685546875,2587900
2026-02-18,193.4015956684921,193.4015956684921,177.3560822858323,183.10581970214844,3417800
2026-02-19,183.72255501103223,185.4633881206712,180.45973759698907,182.92674255371094,1829300
2026-02-20,183.12568916546002,184.21993317545378,178.1220387157665,181.5440216064453,1584000
2026-02-23,183.39427968401114,185.10527113487987,178.48015413411088,180.64874267578125,2789900
2026-02-24,180.64874717953,190.39740058081543,180.64874717953,190.16860961914062,3379900
2026-02-25,193.5408409860721,196.346076368293,193.00367632716785,194.79425048828125,2888100
2026-02-26,197.2911009866499,202.96123996288603,196.86334553835096,201.57852172851562,2325600
2026-02-27,200.8324569384661,208.39265260507048,199.330372101732,206.4827117919922,3469200
2026-03-02,208.89998399457477,214.7292889170064,207.35810012455693,213.66488647460938,3060000
2026-03-03,211.43661867970076,215.05755093984297,208.71096594707132,213.62509155273438,2171200
2026-03-04,212.02352347661224,215.20675811123553,210.3025898611356,214.45074462890625,2017200
2026-03-05,214.97797097005238,215.51513565776892,204.79160477956913,210.11358642578125,2242800
2026-03-06,210.1135821206229,214.58006792905832,205.61725467341807,213.71461486816406,2073900
2026-03-09,212.6303372745341,213.47589088611747,209.0491886804714,209.1785125732422,2000100
2026-03-10,207.48742261181525,210.9292900150697,199.0518466130604,201.5984344482422,1706600
2026-03-11,202.31465418829137,203.85652279288323,198.7335057350392,202.0659637451172,1406400
2026-03-12,202.3345328119803,206.43296152200267,196.89318485385206,197.0026092529297,1288800
2026-03-13,198.79771685676639,200.9717943529233,197.05247751247722,200.672607421875,1108700
2026-03-16,200.3734288025946,205.91830131455183,199.86482165081034,204.18304443359375,2038100
2026-03-17,204.1531216211162,206.3571011019084,202.47768391439888,203.23561096191406,1317300
2026-03-18,200.86209531790982,206.1476804368761,198.94732024115697,203.833984375,1456800
2026-03-19,204.14313305111128,206.92555168370038,198.15945539323437,201.14132690429688,1629700
2026-03-20,200.55294618139774,203.72428820331152,199.5656338374706,201.201171875,2004200
2026-03-23,201.5103148579437,202.73696451312077,197.45139477240704,199.30633544921875,1559600
2026-03-24,197.60098350760882,197.96997209787062,192.82402081834712,194.20025634765625,1496100
2026-03-25,195.07787090065807,198.12954416290995,182.00353421749378,184.54660034179688,2727200
2026-03-26,184.8956359865026,188.45593154431393,184.00805773087157,185.24468994140625,1855200
2026-03-27,185.0053397094036,185.33444381520286,181.51486098504003,182.2528533935547,1946800
2026-03-30,184.36707953309053,189.55294576053893,183.61911981381772,186.85031127929688,1553400
2026-03-31,187.79772531804144,191.90651253784108,187.21930130463517,189.2338104248047,1620400
2026-04-01,187.17941272289718,188.33626072441942,182.7614561308325,183.0008087158203,1715300
2026-04-02,182.45231226423059,185.8630069035972,180.47770278191942,184.57652282714844,1396400
2026-04-06,184.23745196279705,186.27189579674092,182.70163274724635,184.20753479003906,1278400
2026-04-07,184.74605258920576,186.33172355847208,180.18847734789307,180.5076141357422,1596800
2026-04-08,180.92646927155383,181.32539025529522,174.13499740263185,174.9527587890625,2351300
2026-04-09,173.39700099692143,174.10507621593362,167.02438489492863,168.9491424560547,3588500
2026-04-10,168.4006419794038,169.4178714812591,161.26011604717667,163.83309936523438,2308000
2026-04-13,164.4015564897287,167.87208541300805,164.08241969723966,167.413330078125,1804800
2026-04-14,166.57561967214338,170.4151524334532,165.7877754397532,170.16583251953125,1902400
2026-04-15,171.10327961138645,179.02166737744213,170.375254498716,176.3589324951172,2253300
2026-04-16,178.4033599490286,181.27553027445984,177.49583179519027,177.82493591308594,1672200
2026-04-17,178.21386235118527,178.96182205485613,175.86028187494315,177.58558654785156,1616700
2026-04-20,178.12411865492783,180.9863063770376,177.82493171687543,179.26101684570312,2003500
2026-04-21,180.0089792557894,183.63907662211798,178.4233082430241,181.5946502685547,1472800
2026-04-22,181.9037968223147,182.95094346804407,177.28640252384912,178.40335083007812,2027700
2026-04-23,177.49582280231346,178.26373237183034,172.66899308562327,176.65811157226562,1721500
2026-04-24,175.78050406859697,178.0842328221385,174.96274267585002,177.1068878173828,1891100
2026-04-27,176.25921576737363,179.72974478596402,173.95548692868564,174.42420959472656,2000300
2026-04-28,177.80498359598602,179.9192268194903,174.7732601301307,176.17942810058594,2483600
2026-04-29,184.9854028691696,190.98901524710502,177.34623729985898,187.6780548095703,3954800
2026-04-30,185.24469554668173,187.5583916459602,180.68712022812988,183.98812866210938,2429300
2026-05-01,186.85030709121216,188.40606083766403,180.37795698728948,180.6173095703125,1534600
2026-05-04,180.6173214588179,181.714335181615,175.42148768779555,178.1939239501953,1774100
2026-05-05,175.79048489029356,182.52212240234226,174.15494690346478,179.9591064453125,2145400
2026-05-06,177.4758984555003,179.11143652115294,170.3553221527189,170.47499084472656,2205700
2026-05-07,170.2156816201083,176.16944228721349,170.12593010467168,174.21478271484375,1623500
2026-05-08,172.9382697619913,174.20480397572157,168.6000971473253,171.40245056152344,1578500
2026-05-11,170.17579586258842,171.40244554959165,166.2265618227152,168.11143493652344,1422200
2026-05-12,168.37072007904132,170.03617521845058,164.94007575130613,165.8675537109375,1762300
2026-05-13,164.50127538450795,164.67081109909975,158.31814459193254,161.03074645996094,1838800
2026-05-14,161.03073953303536,162.8757128948833,155.51578451777038,156.413330078125,2663200
2026-05-15,158.78686042358552,163.164917294578,156.4133300867106,162.10780334472656,1691500
2026-05-18,163.18487011899933,171.57198021094717,163.18487011899933,171.05340576171875,2011000
2026-05-19,174.16492256240164,177.99447287828573,169.2583083669351,170.24562072753906,1909500
2026-05-20,168.21116294988968,171.33265323916663,165.8675648162304,170.1957550048828,1935900
2026-05-21,169.20843633288422,173.04796907101314,166.5257516405159,171.13319396972656,1727900
2026-05-22,171.5320942422617,175.70071573990165,169.77688759335214,170.64451599121094,1660100
2026-05-26,169.5674608730762,171.68168890145733,167.05431184679662,171.1232147216797,2247300
2026-05-27,168.89928465029334,172.0207748708516,166.3562184614306,171.03346252441406,1710500
2026-05-28,171.22293795035844,173.69618711184347,169.66718420011333,172.34986877441406,1272300
2026-05-29,171.56202249613008,176.09964809319007,169.058855972253,174.51397705078125,2649100
2026-06-01,174.51397621538536,183.94823344131444,174.51397621538536,183.46954345703125,1949100
2026-06-02,180.05884543047918,181.70435078050207,174.71342585089658,178.61279296875,2301600
2026-06-03,176.75784800029746,178.2138677458418,174.69347185138184,177.84487915039062,1654100
2026-06-04,182.56200337883396,184.23744104035433,178.75240317312614,179.5103302001953,2231100
2026-06-05,182.47225846278843,184.3471490710804,180.0588435400295,181.23562622070312,1901000
2026-06-08,179.98902582174858,182.03345213464883,176.62819829224043,178.48313903808594,1884600
2026-06-09,178.05430456880998,183.43962388640682,177.17670881197498,182.05340576171875,2313600
2026-06-10,181.35530398949277,184.7659984451175,178.4033496348762,182.63182067871094,1920100
2026-06-11,181.78413515863173,184.59647110337136,180.16854697939488,181.50489807128906,2016200
2026-06-12,180.50761698314818,183.99809576459026,177.34624231288706,183.3000030517578,2199600
2026-06-15,179.5399932861328,184.5500030517578,179.22999572753906,180.4600067138672,2810700
2026-06-16,181.58999633789062,182.00999450683594,178.44000244140625,179.61000061035156,3488200
2026-06-17,177.57000732421875,181.2899932861328,174.44000244140625,175.35000610351562,3489100
